序号,分层,易投指数0-5,期刊全称,ISO缩写,ISSN,eISSN,2025 JIF,5年JIF,最佳JIF分区,JIF排名(主表),最佳JCI分区,主表JCI分区,JCI,最高JIF百分位,年发文量,总被引,医学相关学科,学科及分区明细,出版商,出版商分组,是否SCIE,Web of Science版本,常见OA模式,版面费参考(须官网核实),OA付费可能性,版面费查询入口,AIM作者须知检索
1,4-Q3,5,Discover Oncology,DISCOV ONCOL,,2730-6011,2.8,2.9,Q3,179/333,Q3,Q3,0.54,46.4,2165.0,5580.0,ENDOCRINOLOGY & METABOLISM; ONCOLOGY,ENDOCRINOLOGY & METABOLISM(JIF Q3/JCI Q3) | ONCOLOGY(JIF Q3/JCI Q3),SPRINGER,Springer,是,SCIE,混合为主,"订阅路线通常无APC；选OA约 USD 2,790-4,290",中,https://www.springer.com/gp/open-access,https://www.google.com/search?q=Discover+Oncology+aims+scope+instructions+for+authors+APC
2,4-Q3,5,Clinical Case Reports,CLIN CASE REP,2050-0904,2050-0904,0.6,0.6,Q3,227/336,Q3,Q3,0.19,32.6,1561.0,4736.0,"MEDICINE, GENERAL & INTERNAL","MEDICINE, GENERAL & INTERNAL(JIF Q3/JCI Q3)",WILEY,Wiley,否,ESCI,混合为主,"订阅路线通常无APC；OnlineOpen常见 USD 3,200-4,700",中,https://authorservices.wiley.com/author-resources/Journal-Authors/open-access/article-publication-charges.html,https://www.google.com/search?q=Clinical+Case+Reports+aims+scope+instructions+for+authors+APC
3,4-Q3,5,BMC Ophthalmology,BMC OPHTHALMOL,,1471-2415,2.1,2.2,Q3,51/98,Q2,Q2,0.83,48.5,705.0,9254.0,OPHTHALMOLOGY,OPHTHALMOLOGY(JIF Q3/JCI Q2),BMC,BMC,是,SCIE,全OA,"约 USD 1,990-2,890（旗舰刊更高）",高,https://www.biomedcentral.com/getpublished/article-processing-charges,https://www.google.com/search?q=BMC+Ophthalmology+aims+scope+instructions+for+authors+APC
4,4-Q3,5,Journal of Medical Case Reports,J MED CASE REP,,1752-1947,0.8,0.9,Q3,205/336,Q3,Q3,0.26,39.1,693.0,4940.0,"MEDICINE, GENERAL & INTERNAL","MEDICINE, GENERAL & INTERNAL(JIF Q3/JCI Q3)",BMC,BMC,否,ESCI,全OA,"约 USD 1,990-2,890（旗舰刊更高）",高,https://www.biomedcentral.com/getpublished/article-processing-charges,https://www.google.com/search?q=Journal+of+Medical+Case+Reports+aims+scope+instructions+for+authors+APC
5,4-Q3,5,Trials,TRIALS,,1745-6215,2.1,2.3,Q3,121/191,Q3,Q3,0.51,36.9,624.0,19402.0,"MEDICINE, RESEARCH & EXPERIMENTAL","MEDICINE, RESEARCH & EXPERIMENTAL(JIF Q3/JCI Q3)",BMC,BMC,是,SCIE,全OA,"约 USD 1,990-2,890（旗舰刊更高）",高,https://www.biomedcentral.com/getpublished/article-processing-charges,https://www.google.com/search?q=Trials+aims+scope+instructions+for+authors+APC
6,4-Q3,5,BMC Neurology,BMC NEUROL,,1471-2377,2.6,2.7,Q3,157/296,Q3,Q3,0.72,47.1,513.0,12355.0,CLINICAL NEUROLOGY,CLINICAL NEUROLOGY(JIF Q3/JCI Q3),BMC,BMC,是,SCIE,全OA,"约 USD 1,990-2,890（旗舰刊更高）",高,https://www.biomedcentral.com/getpublished/article-processing-charges,https://www.google.com/search?q=BMC+Neurology+aims+scope+instructions+for+authors+APC
7,4-Q3,4,BIOCHEMICAL AND BIOPHYSICAL RESEARCH COMMUNICATIONS,BIOCHEM BIOPH RES CO,0006-291X,1090-2104,2.5,2.6,Q3,47/81,Q3,Q3,0.59,28.2,1456.0,81665.0,BIOCHEMISTRY & MOLECULAR BIOLOGY,BIOCHEMISTRY & MOLECULAR BIOLOGY(JIF Q3/JCI Q3),ACADEMIC PRESS INC ELSEVIER SCIENCE,Elsevier,是,SCIE,混合为主,"订阅路线通常无APC；Gold OA常见 USD 2,200-4,200",中,https://www.elsevier.com/open-access/agreements,https://www.google.com/search?q=BIOCHEMICAL+AND+BIOPHYSICAL+RESEARCH+COMMUNICATIONS+aims+scope+instructions+for+authors+APC
8,4-Q3,4,Jove-Journal of Visualized Experiments,JOVE-J VIS EXP,1940-087X,1940-087X,1.2,1.4,Q3,83/140,Q3,Q3,0.25,41.1,1325.0,26374.0,MULTIDISCIPLINARY SCIENCES,MULTIDISCIPLINARY SCIENCES(JIF Q3/JCI Q3),JOURNAL OF VISUALIZED EXPERIMENTS,其他,是,SCIE,需核实,请查期刊官网 Author / Open Access 页面,未知,,https://www.google.com/search?q=Jove-Journal+of+Visualized+Experiments+aims+scope+instructions+for+authors+APC
9,4-Q3,4,CHEMISTRY & BIODIVERSITY,CHEM BIODIVERS,1612-1872,1612-1880,2.9,2.8,Q3,127/250,Q4,Q3,0.44,37.0,1167.0,14053.0,BIOCHEMISTRY & MOLECULAR BIOLOGY,BIOCHEMISTRY & MOLECULAR BIOLOGY(JIF Q3/JCI Q4),WILEY-V C H VERLAG GMBH,Wiley,是,SCIE,混合为主,"订阅路线通常无APC；OnlineOpen常见 USD 3,200-4,700",中,https://authorservices.wiley.com/author-resources/Journal-Authors/open-access/article-publication-charges.html,https://www.google.com/search?q=CHEMISTRY+&+BIODIVERSITY+aims+scope+instructions+for+authors+APC
10,4-Q3,4,JOURNAL OF CRANIOFACIAL SURGERY,J CRANIOFAC SURG,1049-2275,1536-3732,1.1,1.1,Q3,227/321,Q3,Q3,0.44,29.4,1107.0,13861.0,SURGERY,SURGERY(JIF Q3/JCI Q3),LIPPINCOTT WILLIAMS & WILKINS,Wolters Kluwer/LWW,是,SCIE,混合为主,"订阅路线通常无APC；OA常见 USD 2,000-4,000；MEDICINE已拉黑",中,https://wkauthorservices.editage.com/open-access/,https://www.google.com/search?q=JOURNAL+OF+CRANIOFACIAL+SURGERY+aims+scope+instructions+for+authors+APC
11,4-Q3,4,Journal of Thoracic Disease,J THORAC DIS,2072-1439,2077-6624,2.3,2.6,Q3,60/107,Q3,Q3,0.58,44.4,821.0,18972.0,RESPIRATORY SYSTEM,RESPIRATORY SYSTEM(JIF Q3/JCI Q3),AME PUBLISHING COMPANY,其他,是,SCIE,需核实,请查期刊官网 Author / Open Access 页面,未知,,https://www.google.com/search?q=Journal+of+Thoracic+Disease+aims+scope+instructions+for+authors+APC
12,4-Q3,4,JMIR Research Protocols,JMIR RES PROTOC,1929-0748,1929-0748,1.6,1.6,Q3,301/443,Q3,Q3,0.48,32.2,806.0,6344.0,"HEALTH CARE SCIENCES & SERVICES; PUBLIC, ENVIRONMENTAL & OCCUPATIONAL HEALTH","HEALTH CARE SCIENCES & SERVICES(JIF Q3/JCI Q4) | PUBLIC, ENVIRONMENTAL & OCCUPATIONAL HEALTH(JIF Q3/JCI Q3)","JMIR PUBLICATIONS, INC",其他,否,ESCI,需核实,请查期刊官网 Author / Open Access 页面,未知,,https://www.google.com/search?q=JMIR+Research+Protocols+aims+scope+instructions+for+authors+APC
13,4-Q3,4,American Journal of Translational Research,AM J TRANSL RES,1943-8141,1943-8141,1.8,2.0,Q3,136/191,Q3,Q3,0.36,29.1,800.0,14245.0,"MEDICINE, RESEARCH & EXPERIMENTAL; ONCOLOGY","MEDICINE, RESEARCH & EXPERIMENTAL(JIF Q3/JCI Q3) | ONCOLOGY(JIF Q4/JCI Q4)",E-CENTURY PUBLISHING CORP,其他,是,SCIE,需核实,请查期刊官网 Author / Open Access 页面,未知,,https://www.google.com/search?q=American+Journal+of+Translational+Research+aims+scope+instructions+for+authors+APC
14,4-Q3,4,Brain and Behavior,BRAIN BEHAV,2162-3279,2162-3279,2.8,3.2,Q3,18/57,Q2,Q2,0.76,37.7,784.0,11019.0,NEUROSCIENCES,NEUROSCIENCES(JIF Q3/JCI Q2),WILEY,Wiley,是,SCIE,混合为主,"订阅路线通常无APC；OnlineOpen常见 USD 3,200-4,700",中,https://authorservices.wiley.com/author-resources/Journal-Authors/open-access/article-publication-charges.html,https://www.google.com/search?q=Brain+and+Behavior+aims+scope+instructions+for+authors+APC
15,4-Q3,4,MOLECULAR BIOLOGY REPORTS,MOL BIOL REP,0301-4851,1573-4978,3.2,3.2,Q3,185/328,Q3,Q3,0.5,43.8,769.0,23363.0,BIOCHEMISTRY & MOLECULAR BIOLOGY,BIOCHEMISTRY & MOLECULAR BIOLOGY(JIF Q3/JCI Q3),SPRINGER,Springer,是,SCIE,混合为主,"订阅路线通常无APC；选OA约 USD 2,790-4,290",中,https://www.springer.com/gp/open-access,https://www.google.com/search?q=MOLECULAR+BIOLOGY+REPORTS+aims+scope+instructions+for+authors+APC
16,4-Q3,4,Arthroscopy Techniques,ARTHROSC TEC,2212-6287,2212-6287,1.5,1.5,Q3,96/147,Q3,Q3,0.59,35.0,722.0,4694.0,ORTHOPEDICS,ORTHOPEDICS(JIF Q3/JCI Q3),WILEY,Wiley,否,ESCI,混合为主,"订阅路线通常无APC；OnlineOpen常见 USD 3,200-4,700",中,https://authorservices.wiley.com/author-resources/Journal-Authors/open-access/article-publication-charges.html,https://www.google.com/search?q=Arthroscopy+Techniques+aims+scope+instructions+for+authors+APC
17,4-Q3,4,Internal Medicine,INTERNAL MED,0918-2918,1349-7235,1.0,1.0,Q3,186/336,Q3,Q3,0.29,44.8,664.0,8077.0,"MEDICINE, GENERAL & INTERNAL","MEDICINE, GENERAL & INTERNAL(JIF Q3/JCI Q3)",JAPAN SOC INTERNAL MEDICINE,其他,是,SCIE,需核实,请查期刊官网 Author / Open Access 页面,未知,,https://www.google.com/search?q=Internal+Medicine+aims+scope+instructions+for+authors+APC
18,4-Q3,4,Applied Radiation and Isotopes,APPL RADIAT ISOTOPES,0969-8043,1872-9800,2.1,1.9,Q3,13/42,Q2,Q2,0.66,47.7,626.0,11579.0,"RADIOLOGY, NUCLEAR MEDICINE & MEDICAL IMAGING","RADIOLOGY, NUCLEAR MEDICINE & MEDICAL IMAGING(JIF Q3/JCI Q2)",PERGAMON-ELSEVIER SCIENCE LTD,Elsevier,是,SCIE,混合为主,"订阅路线通常无APC；Gold OA常见 USD 2,200-4,200",中,https://www.elsevier.com/open-access/agreements,https://www.google.com/search?q=Applied+Radiation+and+Isotopes+aims+scope+instructions+for+authors+APC
19,4-Q3,4,CATHETERIZATION AND CARDIOVASCULAR INTERVENTIONS,CATHETER CARDIO INTE,1522-1946,1522-726X,1.9,2.0,Q3,151/237,Q3,Q3,0.49,36.5,598.0,10729.0,CARDIAC & CARDIOVASCULAR SYSTEMS,CARDIAC & CARDIOVASCULAR SYSTEMS(JIF Q3/JCI Q3),WILEY,Wiley,是,SCIE,混合为主,"订阅路线通常无APC；OnlineOpen常见 USD 3,200-4,700",中,https://authorservices.wiley.com/author-resources/Journal-Authors/open-access/article-publication-charges.html,https://www.google.com/search?q=CATHETERIZATION+AND+CARDIOVASCULAR+INTERVENTIONS+aims+scope+instructions+for+authors+APC
20,4-Q3,4,CURRENT MICROBIOLOGY,CURR MICROBIOL,0343-8651,1432-0991,2.8,2.9,Q3,105/167,Q3,Q3,0.6,37.4,582.0,12269.0,MICROBIOLOGY,MICROBIOLOGY(JIF Q3/JCI Q3),SPRINGER,Springer,是,SCIE,混合为主,"订阅路线通常无APC；选OA约 USD 2,790-4,290",中,https://www.springer.com/gp/open-access,https://www.google.com/search?q=CURRENT+MICROBIOLOGY+aims+scope+instructions+for+authors+APC
21,4-Q3,4,JOURNAL OF SURGICAL RESEARCH,J SURG RES,0022-4804,1095-8673,1.6,2.1,Q3,176/321,Q2,Q2,0.75,45.3,573.0,18201.0,SURGERY,SURGERY(JIF Q3/JCI Q2),ACADEMIC PRESS INC ELSEVIER SCIENCE,Elsevier,是,SCIE,混合为主,"订阅路线通常无APC；Gold OA常见 USD 2,200-4,200",中,https://www.elsevier.com/open-access/agreements,https://www.google.com/search?q=JOURNAL+OF+SURGICAL+RESEARCH+aims+scope+instructions+for+authors+APC
22,4-Q3,4,Translational Cancer Research,TRANSL CANCER RES,2218-676X,2219-6803,2.1,1.9,Q3,236/333,Q4,Q4,0.4,29.3,547.0,6180.0,ONCOLOGY,ONCOLOGY(JIF Q3/JCI Q4),AME PUBLISHING COMPANY,其他,是,SCIE,需核实,请查期刊官网 Author / Open Access 页面,未知,,https://www.google.com/search?q=Translational+Cancer+Research+aims+scope+instructions+for+authors+APC
23,4-Q3,4,American Journal of Case Reports,AM J CASE REP,,1941-5923,0.8,0.9,Q3,205/336,Q3,Q3,0.25,39.1,543.0,3246.0,"MEDICINE, GENERAL & INTERNAL","MEDICINE, GENERAL & INTERNAL(JIF Q3/JCI Q3)","INT SCIENTIFIC INFORMATION, INC",其他,否,ESCI,需核实,请查期刊官网 Author / Open Access 页面,未知,,https://www.google.com/search?q=American+Journal+of+Case+Reports+aims+scope+instructions+for+authors+APC
24,4-Q3,4,JOURNAL OF INTERNATIONAL MEDICAL RESEARCH,J INT MED RES,0300-0605,1473-2300,1.8,1.8,Q3,136/191,Q4,Q4,0.34,29.1,506.0,11822.0,"MEDICINE, RESEARCH & EXPERIMENTAL; PHARMACOLOGY & PHARMACY","MEDICINE, RESEARCH & EXPERIMENTAL(JIF Q3/JCI Q4) | PHARMACOLOGY & PHARMACY(JIF Q3/JCI Q4)",SAGE PUBLICATIONS LTD,SAGE,是,SCIE,混合为主,"订阅路线通常无APC；SAGE Choice常见 USD 2,000-4,000",中,https://us.sagepub.com/en-us/nam/sage-choice,https://www.google.com/search?q=JOURNAL+OF+INTERNATIONAL+MEDICAL+RESEARCH+aims+scope+instructions+for+authors+APC
25,4-Q3,4,Journal of Cardiothoracic Surgery,J CARDIOTHORAC SURG,,1749-8090,1.6,1.7,Q3,176/321,Q3,Q3,0.53,45.3,490.0,5675.0,CARDIAC & CARDIOVASCULAR SYSTEMS; SURGERY,CARDIAC & CARDIOVASCULAR SYSTEMS(JIF Q3/JCI Q3) | SURGERY(JIF Q3/JCI Q3),BMC,BMC,是,SCIE,全OA,"约 USD 1,990-2,890（旗舰刊更高）",高,https://www.biomedcentral.com/getpublished/article-processing-charges,https://www.google.com/search?q=Journal+of+Cardiothoracic+Surgery+aims+scope+instructions+for+authors+APC
26,4-Q3,4,BMJ Public Health,BMJ PUBLIC HEALTH,,2753-4294,1.7,1.7,Q3,287/443,Q3,Q3,0.51,35.3,487.0,948.0,"PUBLIC, ENVIRONMENTAL & OCCUPATIONAL HEALTH","PUBLIC, ENVIRONMENTAL & OCCUPATIONAL HEALTH(JIF Q3/JCI Q3)",BMJ PUBLISHING GROUP,BMJ,否,ESCI,混合/全OA,"BMJ Open约GBP 2,175；旗舰刊更高",高,https://authors.bmj.com/open-access/,https://www.google.com/search?q=BMJ+Public+Health+aims+scope+instructions+for+authors+APC
27,4-Q3,4,Reports-Clinical Practice and Surgical Cases,REPORTS-BASEL,2571-841X,2571-841X,0.5,0.5,Q3,241/336,Q3,Q3,0.18,28.4,266.0,189.0,"MEDICINE, GENERAL & INTERNAL","MEDICINE, GENERAL & INTERNAL(JIF Q3/JCI Q3)",MDPI,MDPI,否,ESCI,全OA,"约 CHF 1,600-2,900（如 JCM=CHF 2,600）",高,https://www.mdpi.com/about/apc,https://www.google.com/search?q=Reports-Clinical+Practice+and+Surgical+Cases+aims+scope+instructions+for+authors+APC
28,4-Q3,4,Microbiology Research,MICROBIOL RES-ITALY,,2036-7481,2.5,2.5,Q3,114/167,Q1,Q1,1.42,32.0,235.0,1490.0,MICROBIOLOGY,MICROBIOLOGY(JIF Q3/JCI Q1),MDPI,MDPI,否,ESCI,全OA,"约 CHF 1,600-2,900（如 JCM=CHF 2,600）",高,https://www.mdpi.com/about/apc,https://www.google.com/search?q=Microbiology+Research+aims+scope+instructions+for+authors+APC
29,4-Q3,4,BMC Nutrition,BMC NUTR,,2055-0928,2.7,2.9,Q3,66/114,Q3,Q3,0.52,42.5,212.0,2801.0,NUTRITION & DIETETICS,NUTRITION & DIETETICS(JIF Q3/JCI Q3),BMC,BMC,否,ESCI,全OA,"约 USD 1,990-2,890（旗舰刊更高）",高,https://www.biomedcentral.com/getpublished/article-processing-charges,https://www.google.com/search?q=BMC+Nutrition+aims+scope+instructions+for+authors+APC
30,4-Q3,3,Biochemistry and Biophysics Reports,BIOCHEM BIOPHYS REP,2405-5808,2405-5808,3.3,3.1,Q3,178/328,Q3,Q3,0.55,45.9,490.0,4994.0,BIOCHEMISTRY & MOLECULAR BIOLOGY,BIOCHEMISTRY & MOLECULAR BIOLOGY(JIF Q3/JCI Q3),ELSEVIER,Elsevier,否,ESCI,混合为主,"订阅路线通常无APC；Gold OA常见 USD 2,200-4,200",中,https://www.elsevier.com/open-access/agreements,https://www.google.com/search?q=Biochemistry+and+Biophysics+Reports+aims+scope+instructions+for+authors+APC
31,4-Q3,3,JOURNAL OF BIOMECHANICS,J BIOMECH,0021-9290,1873-2380,2.9,3.1,Q3,35/81,Q2,Q2,0.62,45.0,488.0,34129.0,"ENGINEERING, BIOMEDICAL","ENGINEERING, BIOMEDICAL(JIF Q3/JCI Q2)",ELSEVIER SCI LTD,Elsevier,是,SCIE,混合为主,"订阅路线通常无APC；Gold OA常见 USD 2,200-4,200",中,https://www.elsevier.com/open-access/agreements,https://www.google.com/search?q=JOURNAL+OF+BIOMECHANICS+aims+scope+instructions+for+authors+APC
32,4-Q3,3,ANNALS OF HEMATOLOGY,ANN HEMATOL,0939-5555,1432-0584,2.3,2.6,Q3,56/103,Q2,Q2,0.55,46.1,475.0,8766.0,HEMATOLOGY,HEMATOLOGY(JIF Q3/JCI Q2),SPRINGER,Springer,是,SCIE,混合为主,"订阅路线通常无APC；选OA约 USD 2,790-4,290",中,https://www.springer.com/gp/open-access,https://www.google.com/search?q=ANNALS+OF+HEMATOLOGY+aims+scope+instructions+for+authors+APC
33,4-Q3,3,JOURNAL OF CLINICAL NEUROSCIENCE,J CLIN NEUROSCI,0967-5868,1532-2653,1.9,1.9,Q3,201/296,Q3,Q3,0.49,32.3,471.0,12359.0,CLINICAL NEUROLOGY; NEUROSCIENCES,CLINICAL NEUROLOGY(JIF Q3/JCI Q3) | NEUROSCIENCES(JIF Q4/JCI Q4),ELSEVIER SCI LTD,Elsevier,是,SCIE,混合为主,"订阅路线通常无APC；Gold OA常见 USD 2,200-4,200",中,https://www.elsevier.com/open-access/agreements,https://www.google.com/search?q=JOURNAL+OF+CLINICAL+NEUROSCIENCE+aims+scope+instructions+for+authors+APC
34,4-Q3,3,ANNALS OF VASCULAR SURGERY,ANN VASC SURG,0890-5096,1615-5947,1.6,1.5,Q3,176/321,Q3,Q3,0.56,45.3,470.0,8762.0,PERIPHERAL VASCULAR DISEASE; SURGERY,PERIPHERAL VASCULAR DISEASE(JIF Q3/JCI Q3) | SURGERY(JIF Q3/JCI Q3),ELSEVIER SCIENCE INC,Elsevier,是,SCIE,混合为主,"订阅路线通常无APC；Gold OA常见 USD 2,200-4,200",中,https://www.elsevier.com/open-access/agreements,https://www.google.com/search?q=ANNALS+OF+VASCULAR+SURGERY+aims+scope+instructions+for+authors+APC
35,4-Q3,3,Journal of Education and Health Promotion,J EDUC HEALTH PROMOT,2277-9531,2319-6440,1.5,1.9,Q3,50/89,Q3,Q3,0.48,26.7,469.0,5804.0,"PUBLIC, ENVIRONMENTAL & OCCUPATIONAL HEALTH","PUBLIC, ENVIRONMENTAL & OCCUPATIONAL HEALTH(JIF Q3/JCI Q3)",WOLTERS KLUWER MEDKNOW PUBLICATIONS,Wolters Kluwer/LWW,否,ESCI,混合为主,"订阅路线通常无APC；OA常见 USD 2,000-4,000；MEDICINE已拉黑",中,https://wkauthorservices.editage.com/open-access/,https://www.google.com/search?q=Journal+of+Education+and+Health+Promotion+aims+scope+instructions+for+authors+APC
36,4-Q3,3,INTERNATIONAL OPHTHALMOLOGY,INT OPHTHALMOL,0165-5701,1573-2630,1.7,1.8,Q3,60/98,Q3,Q3,0.65,39.3,467.0,6415.0,OPHTHALMOLOGY,OPHTHALMOLOGY(JIF Q3/JCI Q3),SPRINGER,Springer,是,SCIE,混合为主,"订阅路线通常无APC；选OA约 USD 2,790-4,290",中,https://www.springer.com/gp/open-access,https://www.google.com/search?q=INTERNATIONAL+OPHTHALMOLOGY+aims+scope+instructions+for+authors+APC
37,4-Q3,3,Oncology Letters,ONCOL LETT,1792-1074,1792-1082,2.1,2.4,Q3,236/333,Q3,Q3,0.45,29.3,464.0,23961.0,ONCOLOGY,ONCOLOGY(JIF Q3/JCI Q3),SPANDIDOS PUBL LTD,其他,是,SCIE,需核实,请查期刊官网 Author / Open Access 页面,未知,,https://www.google.com/search?q=Oncology+Letters+aims+scope+instructions+for+authors+APC
38,4-Q3,3,CLINICAL RHEUMATOLOGY,CLIN RHEUMATOL,0770-3198,1434-9949,2.7,2.9,Q3,30/58,Q2,Q2,0.78,49.1,463.0,13605.0,RHEUMATOLOGY,RHEUMATOLOGY(JIF Q3/JCI Q2),SPRINGER LONDON LTD,Springer,是,SCIE,混合为主,"订阅路线通常无APC；选OA约 USD 2,790-4,290",中,https://www.springer.com/gp/open-access,https://www.google.com/search?q=CLINICAL+RHEUMATOLOGY+aims+scope+instructions+for+authors+APC
39,4-Q3,3,BioNanoScience,BIONANOSCIENCE,2191-1630,2191-1649,4.0,3.9,Q3,31/58,Q3,Q3,0.56,47.4,446.0,5820.0,"MATERIALS SCIENCE, BIOMATERIALS","MATERIALS SCIENCE, BIOMATERIALS(JIF Q3/JCI Q3)",SPRINGER,Springer,否,ESCI,混合为主,"订阅路线通常无APC；选OA约 USD 2,790-4,290",中,https://www.springer.com/gp/open-access,https://www.google.com/search?q=BioNanoScience+aims+scope+instructions+for+authors+APC
40,4-Q3,3,Chinese Science Bulletin-Chinese,CHIN SCI B-CHIN,0023-074X,2095-9419,1.2,1.3,Q3,83/140,Q3,Q3,0.24,41.1,440.0,3366.0,MULTIDISCIPLINARY SCIENCES,MULTIDISCIPLINARY SCIENCES(JIF Q3/JCI Q3),SCIENCE PRESS,其他,否,ESCI,需核实,请查期刊官网 Author / Open Access 页面,未知,,https://www.google.com/search?q=Chinese+Science+Bulletin-Chinese+aims+scope+instructions+for+authors+APC
41,4-Q3,3,BRAIN RESEARCH,BRAIN RES,0006-8993,1872-6240,3.2,3.0,Q3,167/330,Q3,Q3,0.72,49.5,421.0,40293.0,NEUROSCIENCES,NEUROSCIENCES(JIF Q3/JCI Q3),ELSEVIER,Elsevier,是,SCIE,混合为主,"订阅路线通常无APC；Gold OA常见 USD 2,200-4,200",中,https://www.elsevier.com/open-access/agreements,https://www.google.com/search?q=BRAIN+RESEARCH+aims+scope+instructions+for+authors+APC
42,4-Q3,3,EPILEPSY & BEHAVIOR,EPILEPSY BEHAV,1525-5050,1525-5069,2.4,2.6,Q3,24/57,Q2,Q2,0.75,48.6,416.0,17261.0,CLINICAL NEUROLOGY; PSYCHIATRY,CLINICAL NEUROLOGY(JIF Q3/JCI Q2) | PSYCHIATRY(JIF Q3/JCI Q2),ACADEMIC PRESS INC ELSEVIER SCIENCE,Elsevier,是,SCIE,混合为主,"订阅路线通常无APC；Gold OA常见 USD 2,200-4,200",中,https://www.elsevier.com/open-access/agreements,https://www.google.com/search?q=EPILEPSY+&+BEHAVIOR+aims+scope+instructions+for+authors+APC
43,4-Q3,3,JOURNAL OF BODYWORK AND MOVEMENT THERAPIES,J BODYW MOV THER,1360-8592,1532-9283,1.3,1.7,Q3,121/175,Q3,Q3,0.58,31.1,415.0,4866.0,REHABILITATION,REHABILITATION(JIF Q3/JCI Q3),ELSEVIER,Elsevier,否,ESCI,混合为主,"订阅路线通常无APC；Gold OA常见 USD 2,200-4,200",中,https://www.elsevier.com/open-access/agreements,https://www.google.com/search?q=JOURNAL+OF+BODYWORK+AND+MOVEMENT+THERAPIES+aims+scope+instructions+for+authors+APC
44,4-Q3,3,AMERICAN JOURNAL OF TROPICAL MEDICINE AND HYGIENE,AM J TROP MED HYG,0002-9637,1476-1645,1.9,2.1,Q3,15/27,Q3,Q3,0.64,46.3,412.0,22027.0,"PUBLIC, ENVIRONMENTAL & OCCUPATIONAL HEALTH; TROPICAL MEDICINE","PUBLIC, ENVIRONMENTAL & OCCUPATIONAL HEALTH(JIF Q3/JCI Q3) | TROPICAL MEDICINE(JIF Q3/JCI Q3)",AMER SOC TROP MED & HYGIENE,其他,是,SCIE,需核实,请查期刊官网 Author / Open Access 页面,未知,,https://www.google.com/search?q=AMERICAN+JOURNAL+OF+TROPICAL+MEDICINE+AND+HYGIENE+aims+scope+instructions+for+authors+APC
45,4-Q3,3,BEHAVIOURAL BRAIN RESEARCH,BEHAV BRAIN RES,0166-4328,1872-7549,2.9,2.9,Q3,15/57,Q2,Q2,0.83,41.7,411.0,26773.0,NEUROSCIENCES,NEUROSCIENCES(JIF Q3/JCI Q2),ELSEVIER,Elsevier,是,SCIE,混合为主,"订阅路线通常无APC；Gold OA常见 USD 2,200-4,200",中,https://www.elsevier.com/open-access/agreements,https://www.google.com/search?q=BEHAVIOURAL+BRAIN+RESEARCH+aims+scope+instructions+for+authors+APC
46,4-Q3,3,DIAGNOSTIC MICROBIOLOGY AND INFECTIOUS DISEASE,DIAGN MICR INFEC DIS,0732-8893,1879-0070,1.8,1.7,Q3,105/141,Q3,Q3,0.48,25.9,411.0,6820.0,INFECTIOUS DISEASES; MICROBIOLOGY,INFECTIOUS DISEASES(JIF Q3/JCI Q3) | MICROBIOLOGY(JIF Q4/JCI Q4),ELSEVIER SCIENCE INC,Elsevier,是,SCIE,混合为主,"订阅路线通常无APC；Gold OA常见 USD 2,200-4,200",中,https://www.elsevier.com/open-access/agreements,https://www.google.com/search?q=DIAGNOSTIC+MICROBIOLOGY+AND+INFECTIOUS+DISEASE+aims+scope+instructions+for+authors+APC
47,4-Q3,3,Ciencia & Saude Coletiva,CIENC SAUDE COLETIVA,1413-8123,1678-4561,1.6,2.0,Q3,301/443,Q4,Q4,0.38,32.2,403.0,8116.0,"PUBLIC, ENVIRONMENTAL & OCCUPATIONAL HEALTH","PUBLIC, ENVIRONMENTAL & OCCUPATIONAL HEALTH(JIF Q3/JCI Q4)",ABRASCO - Brazilian Association of Collective Health,其他,否,SSCI,需核实,请查期刊官网 Author / Open Access 页面,未知,,https://www.google.com/search?q=Ciencia+&+Saude+Coletiva+aims+scope+instructions+for+authors+APC
48,4-Q3,3,Bio-protocol,BIO-PROTOCOL,,2331-8325,1.3,1.4,Q3,69/106,Q3,Q3,0.32,35.4,398.0,6256.0,BIOLOGY,BIOLOGY(JIF Q3/JCI Q3),BIO-PROTOCOL,其他,否,ESCI,需核实,请查期刊官网 Author / Open Access 页面,未知,,https://www.google.com/search?q=Bio-protocol+aims+scope+instructions+for+authors+APC
49,4-Q3,3,Journal of Orthopaedics,J ORTHOP,0972-978X,0972-978X,1.8,1.8,Q3,76/147,Q3,Q3,0.69,48.6,390.0,4025.0,ORTHOPEDICS,ORTHOPEDICS(JIF Q3/JCI Q3),ELSEVIER,Elsevier,否,ESCI,混合为主,"订阅路线通常无APC；Gold OA常见 USD 2,200-4,200",中,https://www.elsevier.com/open-access/agreements,https://www.google.com/search?q=Journal+of+Orthopaedics+aims+scope+instructions+for+authors+APC
50,4-Q3,3,VETERINARY MICROBIOLOGY,VET MICROBIOL,0378-1135,1873-2542,2.8,3.0,Q3,24/170,Q2,Q1,1.04,37.4,388.0,18444.0,MICROBIOLOGY,MICROBIOLOGY(JIF Q3/JCI Q2),ELSEVIER,Elsevier,是,SCIE,混合为主,"订阅路线通常无APC；Gold OA常见 USD 2,200-4,200",中,https://www.elsevier.com/open-access/agreements,https://www.google.com/search?q=VETERINARY+MICROBIOLOGY+aims+scope+instructions+for+authors+APC
51,4-Q3,3,WORK-A Journal of Prevention Assessment & Rehabilitation,WORK,1051-9815,1875-9270,1.6,1.8,Q3,301/443,Q3,Q3,0.47,32.2,388.0,7088.0,"PUBLIC, ENVIRONMENTAL & OCCUPATIONAL HEALTH","PUBLIC, ENVIRONMENTAL & OCCUPATIONAL HEALTH(JIF Q3/JCI Q3)",SAGE PUBLICATIONS INC,SAGE,否,SSCI,混合为主,"订阅路线通常无APC；SAGE Choice常见 USD 2,000-4,000",中,https://us.sagepub.com/en-us/nam/sage-choice,https://www.google.com/search?q=WORK-A+Journal+of+Prevention+Assessment+&+Rehabilitation+aims+scope+instructions+for+authors+APC
52,4-Q3,3,CHEMBIOCHEM,CHEMBIOCHEM,1439-4227,1439-7633,2.8,2.8,Q3,47/72,Q3,Q3,0.52,35.4,385.0,14679.0,"BIOCHEMISTRY & MOLECULAR BIOLOGY; CHEMISTRY, MEDICINAL","BIOCHEMISTRY & MOLECULAR BIOLOGY(JIF Q3/JCI Q3) | CHEMISTRY, MEDICINAL(JIF Q3/JCI Q3)",WILEY-V C H VERLAG GMBH,Wiley,是,SCIE,混合为主,"订阅路线通常无APC；OnlineOpen常见 USD 3,200-4,700",中,https://authorservices.wiley.com/author-resources/Journal-Authors/open-access/article-publication-charges.html,https://www.google.com/search?q=CHEMBIOCHEM+aims+scope+instructions+for+authors+APC
53,4-Q3,3,JOURNAL OF INFECTION AND CHEMOTHERAPY,J INFECT CHEMOTHER,1341-321X,1437-7780,1.7,1.6,Q3,267/356,Q3,Q3,0.52,25.1,385.0,4876.0,INFECTIOUS DISEASES; PHARMACOLOGY & PHARMACY,INFECTIOUS DISEASES(JIF Q4/JCI Q3) | PHARMACOLOGY & PHARMACY(JIF Q3/JCI Q3),ELSEVIER,Elsevier,是,SCIE,混合为主,"订阅路线通常无APC；Gold OA常见 USD 2,200-4,200",中,https://www.elsevier.com/open-access/agreements,https://www.google.com/search?q=JOURNAL+OF+INFECTION+AND+CHEMOTHERAPY+aims+scope+instructions+for+authors+APC
54,4-Q3,3,AMERICAN SURGEON,AM SURGEON,0003-1348,1555-9823,1.0,1.2,Q3,233/321,Q3,Q3,0.44,27.6,363.0,7530.0,SURGERY,SURGERY(JIF Q3/JCI Q3),SAGE PUBLICATIONS INC,SAGE,是,SCIE,混合为主,"订阅路线通常无APC；SAGE Choice常见 USD 2,000-4,000",中,https://us.sagepub.com/en-us/nam/sage-choice,https://www.google.com/search?q=AMERICAN+SURGEON+aims+scope+instructions+for+authors+APC
55,4-Q3,3,3 Biotech,3 BIOTECH,2190-572X,2190-5738,3.1,3.4,Q3,100/180,Q3,Q3,0.59,44.7,361.0,13820.0,BIOTECHNOLOGY & APPLIED MICROBIOLOGY,BIOTECHNOLOGY & APPLIED MICROBIOLOGY(JIF Q3/JCI Q3),SPRINGER HEIDELBERG,Springer,是,SCIE,混合为主,"订阅路线通常无APC；选OA约 USD 2,790-4,290",中,https://www.springer.com/gp/open-access,https://www.google.com/search?q=3+Biotech+aims+scope+instructions+for+authors+APC
56,4-Q3,3,STATISTICS IN MEDICINE,STAT MED,0277-6715,1097-0258,2.1,2.7,Q3,35/170,Q2,Q2,0.6,48.0,360.0,36828.0,"MATHEMATICAL & COMPUTATIONAL BIOLOGY; MEDICAL INFORMATICS; MEDICINE, RESEARCH & EXPERIMENTAL; PUBLIC, ENVIRONMENTAL & OCCUPATIONAL HEALTH","MATHEMATICAL & COMPUTATIONAL BIOLOGY(JIF Q3/JCI Q3) | MEDICAL INFORMATICS(JIF Q4/JCI Q3) | MEDICINE, RESEARCH & EXPERIMENTAL(JIF Q3/JCI Q2) | PUBLIC, ENVIRONMENTAL & OCCUPATIONAL HEALTH(JIF Q3/JCI Q3)",WILEY,Wiley,是,SCIE,混合为主,"订阅路线通常无APC；OnlineOpen常见 USD 3,200-4,700",中,https://authorservices.wiley.com/author-resources/Journal-Authors/open-access/article-publication-charges.html,https://www.google.com/search?q=STATISTICS+IN+MEDICINE+aims+scope+instructions+for+authors+APC
57,4-Q3,3,Baghdad Science Journal,BAGHDAD SCI J,2078-8665,2411-7986,1.4,1.4,Q3,74/140,Q3,Q3,0.36,47.5,359.0,2060.0,MULTIDISCIPLINARY SCIENCES,MULTIDISCIPLINARY SCIENCES(JIF Q3/JCI Q3),"COLL SCIENCE WOMEN, UNIV BAGHDAD",其他,否,ESCI,需核实,请查期刊官网 Author / Open Access 页面,未知,,https://www.google.com/search?q=Baghdad+Science+Journal+aims+scope+instructions+for+authors+APC
58,4-Q3,3,NEUROLOGICAL SCIENCES,NEUROL SCI,1590-1874,1590-3478,2.7,2.7,Q3,150/296,Q3,Q3,0.59,49.5,356.0,13582.0,CLINICAL NEUROLOGY; NEUROSCIENCES,CLINICAL NEUROLOGY(JIF Q3/JCI Q3) | NEUROSCIENCES(JIF Q3/JCI Q3),SPRINGER-VERLAG ITALIA SRL,Springer,是,SCIE,混合为主,"订阅路线通常无APC；选OA约 USD 2,790-4,290",中,https://www.springer.com/gp/open-access,https://www.google.com/search?q=NEUROLOGICAL+SCIENCES+aims+scope+instructions+for+authors+APC
59,4-Q3,3,Journal of Pharmaceutical Innovation,J PHARM INNOV,1872-5120,1939-8042,2.6,3.1,Q3,195/356,Q3,Q3,0.6,45.4,356.0,2262.0,PHARMACOLOGY & PHARMACY,PHARMACOLOGY & PHARMACY(JIF Q3/JCI Q3),SPRINGER,Springer,是,SCIE,混合为主,"订阅路线通常无APC；选OA约 USD 2,790-4,290",中,https://www.springer.com/gp/open-access,https://www.google.com/search?q=Journal+of+Pharmaceutical+Innovation+aims+scope+instructions+for+authors+APC
60,4-Q3,3,European Journal of Orthopaedic Surgery and Traumatology,EUR J ORTHOP SURG TR,1633-8065,1432-1068,1.7,1.9,Q3,170/321,Q2,Q2,0.66,47.2,352.0,5141.0,ORTHOPEDICS; SURGERY,ORTHOPEDICS(JIF Q3/JCI Q3) | SURGERY(JIF Q3/JCI Q2),SPRINGERNATURE,Springer Nature,否,ESCI,混合/全OA,"全OA约 USD 2,090-3,490；Nature系更高；Scientific Reports已拉黑",中高,https://www.springernature.com/gp/open-research/journals-books/journals,https://www.google.com/search?q=European+Journal+of+Orthopaedic+Surgery+and+Traumatology+aims+scope+instructions+for+authors+APC
61,4-Q3,3,INTERNATIONAL JOURNAL OF SYSTEMATIC AND EVOLUTIONARY MICROBIOLOGY,INT J SYST EVOL MICR,1466-5026,1466-5034,2.3,2.4,Q3,124/167,Q3,Q3,0.55,26.0,350.0,24562.0,MICROBIOLOGY,MICROBIOLOGY(JIF Q3/JCI Q3),MICROBIOLOGY SOC,其他,是,SCIE,需核实,请查期刊官网 Author / Open Access 页面,未知,,https://www.google.com/search?q=INTERNATIONAL+JOURNAL+OF+SYSTEMATIC+AND+EVOLUTIONARY+MICROBIOLOGY+aims+scope+instructions+for+authors+APC
62,4-Q3,3,JOURNAL OF THE PAKISTAN MEDICAL ASSOCIATION,J PAK MED ASSOC,0030-9982,0030-9982,0.8,0.9,Q3,205/336,Q3,Q3,0.16,39.1,349.0,5183.0,"MEDICINE, GENERAL & INTERNAL; MEDICINE, RESEARCH & EXPERIMENTAL","MEDICINE, GENERAL & INTERNAL(JIF Q3/JCI Q3) | MEDICINE, RESEARCH & EXPERIMENTAL(JIF Q4/JCI Q4)",PAKISTAN MEDICAL ASSOC,其他,是,SCIE,需核实,请查期刊官网 Author / Open Access 页面,未知,,https://www.google.com/search?q=JOURNAL+OF+THE+PAKISTAN+MEDICAL+ASSOCIATION+aims+scope+instructions+for+authors+APC
63,4-Q3,3,IN VIVO,IN VIVO,0258-851X,1791-7549,1.8,1.8,Q3,136/191,Q3,Q3,0.46,29.1,347.0,6613.0,"MEDICINE, RESEARCH & EXPERIMENTAL","MEDICINE, RESEARCH & EXPERIMENTAL(JIF Q3/JCI Q3)",INT INST ANTICANCER RESEARCH,其他,是,SCIE,需核实,请查期刊官网 Author / Open Access 页面,未知,,https://www.google.com/search?q=IN+VIVO+aims+scope+instructions+for+authors+APC
64,4-Q3,3,Photodiagnosis and Photodynamic Therapy,PHOTODIAGN PHOTODYN,1572-1000,1873-1597,2.7,3.0,Q3,185/333,Q3,Q3,0.6,44.6,345.0,10052.0,ONCOLOGY,ONCOLOGY(JIF Q3/JCI Q3),ELSEVIER,Elsevier,是,SCIE,混合为主,"订阅路线通常无APC；Gold OA常见 USD 2,200-4,200",中,https://www.elsevier.com/open-access/agreements,https://www.google.com/search?q=Photodiagnosis+and+Photodynamic+Therapy+aims+scope+instructions+for+authors+APC
65,4-Q3,3,JOURNAL OF MOLECULAR HISTOLOGY,J MOL HISTOL,1567-2379,1567-2387,2.6,2.7,Q3,151/207,Q4,Q4,0.36,27.3,341.0,2314.0,CELL BIOLOGY,CELL BIOLOGY(JIF Q3/JCI Q4),SPRINGER,Springer,是,SCIE,混合为主,"订阅路线通常无APC；选OA约 USD 2,790-4,290",中,https://www.springer.com/gp/open-access,https://www.google.com/search?q=JOURNAL+OF+MOLECULAR+HISTOLOGY+aims+scope+instructions+for+authors+APC
66,4-Q3,3,Journal of Pioneering Medical Sciences,J PIONEER MED SCI,2309-7981,2309-7981,0.5,0.4,Q3,241/336,Q3,Q3,0.16,28.4,341.0,190.0,"MEDICINE, GENERAL & INTERNAL","MEDICINE, GENERAL & INTERNAL(JIF Q3/JCI Q3)",JPMS PUBL,其他,否,ESCI,需核实,请查期刊官网 Author / Open Access 页面,未知,,https://www.google.com/search?q=Journal+of+Pioneering+Medical+Sciences+aims+scope+instructions+for+authors+APC
67,4-Q3,3,MEDICAL SCIENCE MONITOR,MED SCI MONITOR,,1643-3750,2.5,2.5,Q3,111/191,Q3,Q3,0.45,42.1,340.0,16764.0,"MEDICINE, RESEARCH & EXPERIMENTAL","MEDICINE, RESEARCH & EXPERIMENTAL(JIF Q3/JCI Q3)","INT SCIENTIFIC INFORMATION, INC",其他,是,SCIE,需核实,请查期刊官网 Author / Open Access 页面,未知,,https://www.google.com/search?q=MEDICAL+SCIENCE+MONITOR+aims+scope+instructions+for+authors+APC
68,4-Q3,3,JOURNAL OF MOLECULAR MODELING,J MOL MODEL,1610-2940,0948-5023,2.9,2.5,Q3,35/81,Q3,Q2,0.6,37.0,339.0,10657.0,BIOCHEMISTRY & MOLECULAR BIOLOGY,BIOCHEMISTRY & MOLECULAR BIOLOGY(JIF Q3/JCI Q3),SPRINGER,Springer,是,SCIE,混合为主,"订阅路线通常无APC；选OA约 USD 2,790-4,290",中,https://www.springer.com/gp/open-access,https://www.google.com/search?q=JOURNAL+OF+MOLECULAR+MODELING+aims+scope+instructions+for+authors+APC
69,4-Q3,3,PLANT CELL TISSUE AND ORGAN CULTURE,PLANT CELL TISS ORG,0167-6857,1573-5044,2.8,2.7,Q3,103/285,Q3,Q2,0.6,41.4,339.0,9941.0,BIOTECHNOLOGY & APPLIED MICROBIOLOGY,BIOTECHNOLOGY & APPLIED MICROBIOLOGY(JIF Q3/JCI Q3),SPRINGER,Springer,是,SCIE,混合为主,"订阅路线通常无APC；选OA约 USD 2,790-4,290",中,https://www.springer.com/gp/open-access,https://www.google.com/search?q=PLANT+CELL+TISSUE+AND+ORGAN+CULTURE+aims+scope+instructions+for+authors+APC
70,4-Q3,3,ANNALS OF PLASTIC SURGERY,ANN PLAS SURG,0148-7043,1536-3708,1.6,1.7,Q3,176/321,Q2,Q2,0.72,45.3,338.0,11190.0,SURGERY,SURGERY(JIF Q3/JCI Q2),LIPPINCOTT WILLIAMS & WILKINS,Wolters Kluwer/LWW,是,SCIE,混合为主,"订阅路线通常无APC；OA常见 USD 2,000-4,000；MEDICINE已拉黑",中,https://wkauthorservices.editage.com/open-access/,https://www.google.com/search?q=ANNALS+OF+PLASTIC+SURGERY+aims+scope+instructions+for+authors+APC
71,4-Q3,3,SUBSTANCE USE & MISUSE,SUBST USE MISUSE,1082-6084,1532-2491,1.7,2.0,Q3,66/93,Q3,Q3,0.63,29.2,330.0,6278.0,PSYCHIATRY; SUBSTANCE ABUSE,PSYCHIATRY(JIF Q3/JCI Q3) | SUBSTANCE ABUSE(JIF Q3/JCI Q3),TAYLOR & FRANCIS INC,Taylor & Francis,是,"SCIE; SCIE, SSCI",混合为主,"订阅路线通常无APC；Open Select常见 USD 2,500-3,500",中,https://authorservices.taylorandfrancis.com/publishing-open-access/,https://www.google.com/search?q=SUBSTANCE+USE+&+MISUSE+aims+scope+instructions+for+authors+APC
72,4-Q3,3,EUROPEAN JOURNAL OF NEUROSCIENCE,EUR J NEUROSCI,0953-816X,1460-9568,2.5,3.3,Q3,220/330,Q3,Q3,0.6,33.5,326.0,22908.0,NEUROSCIENCES,NEUROSCIENCES(JIF Q3/JCI Q3),WILEY,Wiley,是,SCIE,混合为主,"订阅路线通常无APC；OnlineOpen常见 USD 3,200-4,700",中,https://authorservices.wiley.com/author-resources/Journal-Authors/open-access/article-publication-charges.html,https://www.google.com/search?q=EUROPEAN+JOURNAL+OF+NEUROSCIENCE+aims+scope+instructions+for+authors+APC
73,4-Q3,3,TOXICON,TOXICON,0041-0101,1879-3150,2.8,2.7,Q3,181/356,Q2,Q2,0.72,49.3,323.0,13546.0,PHARMACOLOGY & PHARMACY; TOXICOLOGY,PHARMACOLOGY & PHARMACY(JIF Q3/JCI Q2) | TOXICOLOGY(JIF Q3/JCI Q2),PERGAMON-ELSEVIER SCIENCE LTD,Elsevier,是,SCIE,混合为主,"订阅路线通常无APC；Gold OA常见 USD 2,200-4,200",中,https://www.elsevier.com/open-access/agreements,https://www.google.com/search?q=TOXICON+aims+scope+instructions+for+authors+APC
74,4-Q3,3,INTERNATIONAL UROGYNECOLOGY JOURNAL,INT UROGYNECOL J,0937-3462,1433-3023,2.0,2.3,Q3,72/134,Q2,Q2,0.68,46.6,323.0,10101.0,OBSTETRICS & GYNECOLOGY; UROLOGY & NEPHROLOGY,OBSTETRICS & GYNECOLOGY(JIF Q3/JCI Q3) | UROLOGY & NEPHROLOGY(JIF Q3/JCI Q2),SPRINGER LONDON LTD,Springer,是,SCIE,混合为主,"订阅路线通常无APC；选OA约 USD 2,790-4,290",中,https://www.springer.com/gp/open-access,https://www.google.com/search?q=INTERNATIONAL+UROGYNECOLOGY+JOURNAL+aims+scope+instructions+for+authors+APC
75,4-Q3,3,BIOCHEMISTRY,BIOCHEMISTRY-US,0006-2960,1520-4995,2.7,2.9,Q3,218/328,Q3,Q3,0.57,33.7,319.0,54453.0,BIOCHEMISTRY & MOLECULAR BIOLOGY,BIOCHEMISTRY & MOLECULAR BIOLOGY(JIF Q3/JCI Q3),AMER CHEMICAL SOC,其他,是,SCIE,需核实,请查期刊官网 Author / Open Access 页面,未知,,https://www.google.com/search?q=BIOCHEMISTRY+aims+scope+instructions+for+authors+APC
76,4-Q3,3,Cleft Palate Craniofacial Journal,CLEFT PALATE-CRAN J,1055-6656,1545-1569,1.7,2.1,Q3,170/321,Q3,Q3,0.61,47.2,319.0,8017.0,"DENTISTRY, ORAL SURGERY & MEDICINE; SURGERY","DENTISTRY, ORAL SURGERY & MEDICINE(JIF Q3/JCI Q3) | SURGERY(JIF Q3/JCI Q3)",SAGE PUBLICATIONS INC,SAGE,是,SCIE,混合为主,"订阅路线通常无APC；SAGE Choice常见 USD 2,000-4,000",中,https://us.sagepub.com/en-us/nam/sage-choice,https://www.google.com/search?q=Cleft+Palate+Craniofacial+Journal+aims+scope+instructions+for+authors+APC
77,4-Q3,3,CEREBRAL CORTEX,CEREB CORTEX,1047-3211,1460-2199,3.0,3.7,Q3,181/330,Q2,Q2,0.8,45.3,318.0,35182.0,NEUROSCIENCES,NEUROSCIENCES(JIF Q3/JCI Q2),OXFORD UNIV PRESS INC,Oxford UP,是,SCIE,混合为主,订阅路线通常无APC；可选OA，费用因刊而异,中,https://academic.oup.com/pages/open-research/open-access,https://www.google.com/search?q=CEREBRAL+CORTEX+aims+scope+instructions+for+authors+APC
78,4-Q3,3,Biomedical Physics & Engineering Express,BIOMED PHYS ENG EXPR,2057-1976,2057-1976,2.0,1.7,Q3,122/217,Q3,Q3,0.56,44.0,312.0,2686.0,"RADIOLOGY, NUCLEAR MEDICINE & MEDICAL IMAGING","RADIOLOGY, NUCLEAR MEDICINE & MEDICAL IMAGING(JIF Q3/JCI Q3)",IOP Publishing Ltd,其他,否,ESCI,需核实,请查期刊官网 Author / Open Access 页面,未知,,https://www.google.com/search?q=Biomedical+Physics+&+Engineering+Express+aims+scope+instructions+for+authors+APC
79,4-Q3,3,COMPUTER METHODS IN BIOMECHANICS AND BIOMEDICAL ENGINEERING,COMPUT METHOD BIOMEC,1025-5842,1476-8259,1.9,1.9,Q3,137/185,Q3,Q3,0.39,25.8,312.0,4873.0,"ENGINEERING, BIOMEDICAL","ENGINEERING, BIOMEDICAL(JIF Q3/JCI Q3)",TAYLOR & FRANCIS LTD,Taylor & Francis,是,SCIE,混合为主,"订阅路线通常无APC；Open Select常见 USD 2,500-3,500",中,https://authorservices.taylorandfrancis.com/publishing-open-access/,https://www.google.com/search?q=COMPUTER+METHODS+IN+BIOMECHANICS+AND+BIOMEDICAL+ENGINEERING+aims+scope+instructions+for+authors+APC
80,4-Q3,3,ANAIS DA ACADEMIA BRASILEIRA DE CIENCIAS,AN ACAD BRAS CIENC,0001-3765,1678-2690,1.2,1.4,Q3,83/140,Q3,Q3,0.34,41.1,312.0,6431.0,MULTIDISCIPLINARY SCIENCES,MULTIDISCIPLINARY SCIENCES(JIF Q3/JCI Q3),ACAD BRASILEIRA DE CIENCIAS,其他,是,SCIE,需核实,请查期刊官网 Author / Open Access 页面,未知,,https://www.google.com/search?q=ANAIS+DA+ACADEMIA+BRASILEIRA+DE+CIENCIAS+aims+scope+instructions+for+authors+APC
81,4-Q3,3,JOURNAL OF MICROBIOLOGY AND BIOTECHNOLOGY,J MICROBIOL BIOTECHN,1017-7825,1738-8872,3.4,3.7,Q3,85/167,Q2,Q2,0.71,49.4,311.0,9313.0,BIOTECHNOLOGY & APPLIED MICROBIOLOGY; MICROBIOLOGY,BIOTECHNOLOGY & APPLIED MICROBIOLOGY(JIF Q3/JCI Q2) | MICROBIOLOGY(JIF Q3/JCI Q2),KOREAN SOC MICROBIOLOGY & BIOTECHNOLOGY,其他,是,SCIE,需核实,请查期刊官网 Author / Open Access 页面,未知,,https://www.google.com/search?q=JOURNAL+OF+MICROBIOLOGY+AND+BIOTECHNOLOGY+aims+scope+instructions+for+authors+APC
82,4-Q3,3,World Journal of Gastrointestinal Oncology,WORLD J GASTRO ONCOL,1948-5204,1948-5204,2.7,3.1,Q3,77/153,Q3,Q3,0.51,50.0,304.0,4137.0,GASTROENTEROLOGY & HEPATOLOGY; ONCOLOGY,GASTROENTEROLOGY & HEPATOLOGY(JIF Q3/JCI Q3) | ONCOLOGY(JIF Q3/JCI Q3),BAISHIDENG PUBLISHING GROUP INC,其他,是,SCIE,需核实,请查期刊官网 Author / Open Access 页面,未知,,https://www.google.com/search?q=World+Journal+of+Gastrointestinal+Oncology+aims+scope+instructions+for+authors+APC
83,4-Q3,3,PEDIATRIC CARDIOLOGY,PEDIATR CARDIOL,0172-0643,1432-1971,1.3,1.5,Q3,118/190,Q3,Q3,0.52,38.2,303.0,5739.0,CARDIAC & CARDIOVASCULAR SYSTEMS; PEDIATRICS,CARDIAC & CARDIOVASCULAR SYSTEMS(JIF Q4/JCI Q3) | PEDIATRICS(JIF Q3/JCI Q3),SPRINGER,Springer,是,SCIE,混合为主,"订阅路线通常无APC；选OA约 USD 2,790-4,290",中,https://www.springer.com/gp/open-access,https://www.google.com/search?q=PEDIATRIC+CARDIOLOGY+aims+scope+instructions+for+authors+APC
84,4-Q3,3,RETINA-THE JOURNAL OF RETINAL AND VITREOUS DISEASES,RETINA-J RET VIT DIS,0275-004X,1539-2864,2.1,2.5,Q3,51/98,Q2,Q2,0.96,48.5,299.0,13509.0,OPHTHALMOLOGY,OPHTHALMOLOGY(JIF Q3/JCI Q2),LIPPINCOTT WILLIAMS & WILKINS,Wolters Kluwer/LWW,是,SCIE,混合为主,"订阅路线通常无APC；OA常见 USD 2,000-4,000；MEDICINE已拉黑",中,https://wkauthorservices.editage.com/open-access/,https://www.google.com/search?q=RETINA-THE+JOURNAL+OF+RETINAL+AND+VITREOUS+DISEASES+aims+scope+instructions+for+authors+APC
85,4-Q3,3,Journal of Neurophysiology,J NEUROPHYSIOL,0022-3077,1522-1598,2.3,2.8,Q3,59/89,Q2,Q2,0.75,28.6,298.0,36688.0,NEUROSCIENCES,NEUROSCIENCES(JIF Q3/JCI Q2),AMER PHYSIOLOGICAL SOC,其他,是,SCIE,需核实,请查期刊官网 Author / Open Access 页面,未知,,https://www.google.com/search?q=Journal+of+Neurophysiology+aims+scope+instructions+for+authors+APC
86,4-Q3,3,Oxford Medical Case Reports,OXF MED CASE REP,2053-8855,2053-8855,0.6,0.6,Q3,227/336,Q3,Q3,0.15,32.6,297.0,677.0,"MEDICINE, GENERAL & INTERNAL","MEDICINE, GENERAL & INTERNAL(JIF Q3/JCI Q3)",OXFORD UNIV PRESS,Oxford UP,否,ESCI,混合为主,订阅路线通常无APC；可选OA，费用因刊而异,中,https://academic.oup.com/pages/open-research/open-access,https://www.google.com/search?q=Oxford+Medical+Case+Reports+aims+scope+instructions+for+authors+APC
87,4-Q3,3,G3-Genes Genomes Genetics,G3-GENES GENOM GENET,2160-1836,2160-1836,2.4,2.7,Q3,107/192,Q2,Q2,0.68,44.5,296.0,10771.0,GENETICS & HEREDITY,GENETICS & HEREDITY(JIF Q3/JCI Q2),OXFORD UNIV PRESS INC,Oxford UP,是,SCIE,混合为主,订阅路线通常无APC；可选OA，费用因刊而异,中,https://academic.oup.com/pages/open-research/open-access,https://www.google.com/search?q=G3-Genes+Genomes+Genetics+aims+scope+instructions+for+authors+APC
88,4-Q3,3,Carbohydrate Research,CARBOHYD RES,0008-6215,1873-426X,3.4,3.2,Q3,12/58,Q3,Q2,0.62,47.1,291.0,14208.0,BIOCHEMISTRY & MOLECULAR BIOLOGY,BIOCHEMISTRY & MOLECULAR BIOLOGY(JIF Q3/JCI Q3),ELSEVIER SCI LTD,Elsevier,是,SCIE,混合为主,"订阅路线通常无APC；Gold OA常见 USD 2,200-4,200",中,https://www.elsevier.com/open-access/agreements,https://www.google.com/search?q=Carbohydrate+Research+aims+scope+instructions+for+authors+APC
89,4-Q3,3,Disaster Medicine and Public Health Preparedness,DISASTER MED PUBLIC,1935-7893,1938-744X,1.7,1.8,Q3,287/443,Q3,Q3,0.47,35.3,290.0,4147.0,"PUBLIC, ENVIRONMENTAL & OCCUPATIONAL HEALTH","PUBLIC, ENVIRONMENTAL & OCCUPATIONAL HEALTH(JIF Q3/JCI Q3)",CAMBRIDGE UNIV PRESS,Cambridge UP,是,"SCIE, SSCI",混合为主,订阅路线通常无APC；Gold OA因刊而异,中,https://www.cambridge.org/core/open-research/open-access,https://www.google.com/search?q=Disaster+Medicine+and+Public+Health+Preparedness+aims+scope+instructions+for+authors+APC
90,4-Q3,3,International Journal of Advanced and Applied Sciences,INT J ADV APPL SCI,2313-626X,2313-3724,0.7,0.6,Q3,105/140,Q4,Q4,0.15,25.4,290.0,1229.0,MULTIDISCIPLINARY SCIENCES,MULTIDISCIPLINARY SCIENCES(JIF Q3/JCI Q4),INST ADVANCED SCIENCE EXTENSION,其他,否,ESCI,需核实,请查期刊官网 Author / Open Access 页面,未知,,https://www.google.com/search?q=International+Journal+of+Advanced+and+Applied+Sciences+aims+scope+instructions+for+authors+APC
91,4-Q3,3,BIOORGANIC & MEDICINAL CHEMISTRY LETTERS,BIOORG MED CHEM LETT,0960-894X,1464-3405,2.3,2.3,Q3,28/58,Q3,Q2,0.62,27.1,289.0,30347.0,"CHEMISTRY, MEDICINAL","CHEMISTRY, MEDICINAL(JIF Q3/JCI Q3)",PERGAMON-ELSEVIER SCIENCE LTD,Elsevier,是,SCIE,混合为主,"订阅路线通常无APC；Gold OA常见 USD 2,200-4,200",中,https://www.elsevier.com/open-access/agreements,https://www.google.com/search?q=BIOORGANIC+&+MEDICINAL+CHEMISTRY+LETTERS+aims+scope+instructions+for+authors+APC
92,4-Q3,3,Antimicrobial Stewardship & Healthcare Epidemiology,ANTIMICROB STEWARD H,,2732-494X,1.9,1.9,Q3,103/141,Q4,Q4,0.4,27.3,289.0,1328.0,INFECTIOUS DISEASES,INFECTIOUS DISEASES(JIF Q3/JCI Q4),CAMBRIDGE UNIV PRESS,Cambridge UP,否,ESCI,混合为主,订阅路线通常无APC；Gold OA因刊而异,中,https://www.cambridge.org/core/open-research/open-access,https://www.google.com/search?q=Antimicrobial+Stewardship+&+Healthcare+Epidemiology+aims+scope+instructions+for+authors+APC
93,4-Q3,3,JOURNAL OF OBSTETRICS AND GYNAECOLOGY RESEARCH,J OBSTET GYNAECOL RE,1341-8076,1447-0756,1.7,1.8,Q3,89/143,Q3,Q3,0.64,38.1,288.0,6843.0,OBSTETRICS & GYNECOLOGY,OBSTETRICS & GYNECOLOGY(JIF Q3/JCI Q3),WILEY,Wiley,是,SCIE,混合为主,"订阅路线通常无APC；OnlineOpen常见 USD 3,200-4,700",中,https://authorservices.wiley.com/author-resources/Journal-Authors/open-access/article-publication-charges.html,https://www.google.com/search?q=JOURNAL+OF+OBSTETRICS+AND+GYNAECOLOGY+RESEARCH+aims+scope+instructions+for+authors+APC
94,4-Q3,3,Contemporary Clinical Trials,CONTEMP CLIN TRIALS,1551-7144,1559-2030,1.9,2.3,Q3,129/191,Q3,Q3,0.51,32.7,287.0,6350.0,"MEDICINE, RESEARCH & EXPERIMENTAL; PHARMACOLOGY & PHARMACY","MEDICINE, RESEARCH & EXPERIMENTAL(JIF Q3/JCI Q3) | PHARMACOLOGY & PHARMACY(JIF Q3/JCI Q3)",ELSEVIER SCIENCE INC,Elsevier,是,SCIE,混合为主,"订阅路线通常无APC；Gold OA常见 USD 2,200-4,200",中,https://www.elsevier.com/open-access/agreements,https://www.google.com/search?q=Contemporary+Clinical+Trials+aims+scope+instructions+for+authors+APC
95,4-Q3,3,JOURNAL OF BIOMOLECULAR STRUCTURE & DYNAMICS,J BIOMOL STRUCT DYN,0739-1102,1538-0254,2.5,2.6,Q3,47/81,Q3,Q2,0.63,28.2,286.0,15378.0,BIOCHEMISTRY & MOLECULAR BIOLOGY,BIOCHEMISTRY & MOLECULAR BIOLOGY(JIF Q3/JCI Q3),TAYLOR & FRANCIS INC,Taylor & Francis,是,SCIE,混合为主,"订阅路线通常无APC；Open Select常见 USD 2,500-3,500",中,https://authorservices.taylorandfrancis.com/publishing-open-access/,https://www.google.com/search?q=JOURNAL+OF+BIOMOLECULAR+STRUCTURE+&+DYNAMICS+aims+scope+instructions+for+authors+APC
96,4-Q3,3,TRANSFUSION,TRANSFUSION,0041-1132,1537-2995,2.0,2.2,Q3,67/103,Q2,Q2,0.53,35.4,284.0,12762.0,HEMATOLOGY,HEMATOLOGY(JIF Q3/JCI Q2),WILEY,Wiley,是,SCIE,混合为主,"订阅路线通常无APC；OnlineOpen常见 USD 3,200-4,700",中,https://authorservices.wiley.com/author-resources/Journal-Authors/open-access/article-publication-charges.html,https://www.google.com/search?q=TRANSFUSION+aims+scope+instructions+for+authors+APC
97,4-Q3,3,JOURNAL OF EMERGENCY MEDICINE,J EMERG MED,0736-4679,1090-1280,1.6,1.5,Q3,28/55,Q3,Q3,0.65,50.0,280.0,6735.0,EMERGENCY MEDICINE,EMERGENCY MEDICINE(JIF Q3/JCI Q3),ELSEVIER SCIENCE INC,Elsevier,是,SCIE,混合为主,"订阅路线通常无APC；Gold OA常见 USD 2,200-4,200",中,https://www.elsevier.com/open-access/agreements,https://www.google.com/search?q=JOURNAL+OF+EMERGENCY+MEDICINE+aims+scope+instructions+for+authors+APC
98,4-Q3,3,JOURNAL OF APPLIED MICROBIOLOGY,J APPL MICROBIOL,1364-5072,1365-2672,2.8,3.9,Q3,106/180,Q3,Q3,0.62,41.4,279.0,24405.0,BIOTECHNOLOGY & APPLIED MICROBIOLOGY; MICROBIOLOGY,BIOTECHNOLOGY & APPLIED MICROBIOLOGY(JIF Q3/JCI Q3) | MICROBIOLOGY(JIF Q3/JCI Q3),OXFORD UNIV PRESS,Oxford UP,是,SCIE,混合为主,订阅路线通常无APC；可选OA，费用因刊而异,中,https://academic.oup.com/pages/open-research/open-access,https://www.google.com/search?q=JOURNAL+OF+APPLIED+MICROBIOLOGY+aims+scope+instructions+for+authors+APC
99,4-Q3,3,Cancer Reports,CANCER REP-US,,2573-8348,2.5,2.3,Q3,204/333,Q4,Q4,0.39,38.9,279.0,2474.0,ONCOLOGY,ONCOLOGY(JIF Q3/JCI Q4),WILEY,Wiley,否,ESCI,混合为主,"订阅路线通常无APC；OnlineOpen常见 USD 3,200-4,700",中,https://authorservices.wiley.com/author-resources/Journal-Authors/open-access/article-publication-charges.html,https://www.google.com/search?q=Cancer+Reports+aims+scope+instructions+for+authors+APC
100,4-Q3,3,ENDOCRINE,ENDOCRINE,1355-008X,1559-0100,3.3,3.3,Q3,100/198,Q3,Q3,0.65,49.7,278.0,12434.0,ENDOCRINOLOGY & METABOLISM,ENDOCRINOLOGY & METABOLISM(JIF Q3/JCI Q3),SPRINGER,Springer,是,SCIE,混合为主,"订阅路线通常无APC；选OA约 USD 2,790-4,290",中,https://www.springer.com/gp/open-access,https://www.google.com/search?q=ENDOCRINE+aims+scope+instructions+for+authors+APC
101,4-Q3,3,Translational Andrology and Urology,TRANSL ANDROL UROL,2223-4683,2223-4691,1.9,2.2,Q3,81/134,Q2,Q2,0.62,39.9,278.0,5167.0,ANDROLOGY; UROLOGY & NEPHROLOGY,ANDROLOGY(JIF Q3/JCI Q4) | UROLOGY & NEPHROLOGY(JIF Q3/JCI Q2),AME PUBLISHING COMPANY,其他,是,SCIE,需核实,请查期刊官网 Author / Open Access 页面,未知,,https://www.google.com/search?q=Translational+Andrology+and+Urology+aims+scope+instructions+for+authors+APC
102,4-Q3,3,Clinical Epidemiology and Global Health,CLIN EPIDEMIOL GLOB,2452-0918,2213-3984,1.9,2.1,Q3,260/443,Q3,Q3,0.54,41.4,277.0,3341.0,"PUBLIC, ENVIRONMENTAL & OCCUPATIONAL HEALTH","PUBLIC, ENVIRONMENTAL & OCCUPATIONAL HEALTH(JIF Q3/JCI Q3)",ELSEVIER - DIVISION REED ELSEVIER INDIA PVT LTD,Elsevier,否,ESCI,混合为主,"订阅路线通常无APC；Gold OA常见 USD 2,200-4,200",中,https://www.elsevier.com/open-access/agreements,https://www.google.com/search?q=Clinical+Epidemiology+and+Global+Health+aims+scope+instructions+for+authors+APC
103,4-Q3,3,ANZ JOURNAL OF SURGERY,ANZ J SURG,1445-1433,1445-2197,1.5,1.7,Q3,189/321,Q3,Q3,0.59,41.3,277.0,7503.0,SURGERY,SURGERY(JIF Q3/JCI Q3),WILEY,Wiley,是,SCIE,混合为主,"订阅路线通常无APC；OnlineOpen常见 USD 3,200-4,700",中,https://authorservices.wiley.com/author-resources/Journal-Authors/open-access/article-publication-charges.html,https://www.google.com/search?q=ANZ+JOURNAL+OF+SURGERY+aims+scope+instructions+for+authors+APC
104,4-Q3,3,AIDS CARE-PSYCHOLOGICAL AND SOCIO-MEDICAL ASPECTS OF AIDS/HIV,AIDS CARE,0954-0121,1360-0451,1.5,1.8,Q3,124/222,Q3,Q3,0.49,30.2,277.0,6205.0,"HEALTH POLICY & SERVICES; PUBLIC, ENVIRONMENTAL & OCCUPATIONAL HEALTH; SOCIAL SCIENCES, BIOMEDICAL","HEALTH POLICY & SERVICES(JIF Q4/JCI Q4) | PUBLIC, ENVIRONMENTAL & OCCUPATIONAL HEALTH(JIF Q3/JCI Q3) | SOCIAL SCIENCES, BIOMEDICAL(JIF Q3/JCI Q4)","ROUTLEDGE JOURNALS, TAYLOR & FRANCIS LTD",Taylor & Francis,否,SSCI,混合为主,"订阅路线通常无APC；Open Select常见 USD 2,500-3,500",中,https://authorservices.taylorandfrancis.com/publishing-open-access/,https://www.google.com/search?q=AIDS+CARE-PSYCHOLOGICAL+AND+SOCIO-MEDICAL+ASPECTS+OF+AIDS/HIV+aims+scope+instructions+for+authors+APC
105,4-Q3,3,Journal of Stroke & Cerebrovascular Diseases,J STROKE CEREBROVASC,1052-3057,1532-8511,2.1,2.3,Q3,57/100,Q3,Q3,0.5,43.5,276.0,12479.0,NEUROSCIENCES; PERIPHERAL VASCULAR DISEASE,NEUROSCIENCES(JIF Q3/JCI Q4) | PERIPHERAL VASCULAR DISEASE(JIF Q3/JCI Q3),ELSEVIER,Elsevier,是,SCIE,混合为主,"订阅路线通常无APC；Gold OA常见 USD 2,200-4,200",中,https://www.elsevier.com/open-access/agreements,https://www.google.com/search?q=Journal+of+Stroke+&+Cerebrovascular+Diseases+aims+scope+instructions+for+authors+APC
106,4-Q3,3,BIOMEDICAL CHROMATOGRAPHY,BIOMED CHROMATOGR,0269-3879,1099-0801,1.7,1.8,Q3,267/356,Q3,Q3,0.44,25.1,276.0,5800.0,BIOCHEMISTRY & MOLECULAR BIOLOGY; PHARMACOLOGY & PHARMACY,BIOCHEMISTRY & MOLECULAR BIOLOGY(JIF Q4/JCI Q4) | PHARMACOLOGY & PHARMACY(JIF Q3/JCI Q3),WILEY,Wiley,是,SCIE,混合为主,"订阅路线通常无APC；OnlineOpen常见 USD 3,200-4,700",中,https://authorservices.wiley.com/author-resources/Journal-Authors/open-access/article-publication-charges.html,https://www.google.com/search?q=BIOMEDICAL+CHROMATOGRAPHY+aims+scope+instructions+for+authors+APC
107,4-Q3,3,eNeuro,ENEURO,,2373-2822,2.6,3.1,Q3,216/330,Q3,Q3,0.65,34.7,274.0,8301.0,NEUROSCIENCES,NEUROSCIENCES(JIF Q3/JCI Q3),SOC NEUROSCIENCE,其他,是,SCIE,需核实,请查期刊官网 Author / Open Access 页面,未知,,https://www.google.com/search?q=eNeuro+aims+scope+instructions+for+authors+APC
108,4-Q3,3,Sleep and Breathing,SLEEP BREATH,1520-9512,1522-1709,2.4,2.8,Q3,57/107,Q3,Q3,0.58,47.2,273.0,6948.0,CLINICAL NEUROLOGY; RESPIRATORY SYSTEM,CLINICAL NEUROLOGY(JIF Q3/JCI Q3) | RESPIRATORY SYSTEM(JIF Q3/JCI Q3),SPRINGER HEIDELBERG,Springer,是,SCIE,混合为主,"订阅路线通常无APC；选OA约 USD 2,790-4,290",中,https://www.springer.com/gp/open-access,https://www.google.com/search?q=Sleep+and+Breathing+aims+scope+instructions+for+authors+APC
109,4-Q3,3,ARCHIVES OF MICROBIOLOGY,ARCH MICROBIOL,0302-8933,1432-072X,3.4,3.2,Q3,85/167,Q3,Q3,0.66,49.4,268.0,14109.0,MICROBIOLOGY,MICROBIOLOGY(JIF Q3/JCI Q3),SPRINGER HEIDELBERG,Springer,是,SCIE,混合为主,"订阅路线通常无APC；选OA约 USD 2,790-4,290",中,https://www.springer.com/gp/open-access,https://www.google.com/search?q=ARCHIVES+OF+MICROBIOLOGY+aims+scope+instructions+for+authors+APC
110,4-Q3,3,BIOCHEMICAL GENETICS,BIOCHEM GENET,0006-2928,1573-4927,1.9,2.0,Q3,140/192,Q3,Q3,0.43,27.3,268.0,3001.0,BIOCHEMISTRY & MOLECULAR BIOLOGY; GENETICS & HEREDITY,BIOCHEMISTRY & MOLECULAR BIOLOGY(JIF Q4/JCI Q4) | GENETICS & HEREDITY(JIF Q3/JCI Q3),SPRINGER/PLENUM PUBLISHERS,Springer,是,SCIE,混合为主,"订阅路线通常无APC；选OA约 USD 2,790-4,290",中,https://www.springer.com/gp/open-access,https://www.google.com/search?q=BIOCHEMICAL+GENETICS+aims+scope+instructions+for+authors+APC
111,4-Q3,3,NATIONAL ACADEMY SCIENCE LETTERS-INDIA,NATL ACAD SCI LETT,0250-541X,2250-1754,1.1,1.1,Q3,86/140,Q3,Q3,0.22,38.9,268.0,1438.0,MULTIDISCIPLINARY SCIENCES,MULTIDISCIPLINARY SCIENCES(JIF Q3/JCI Q3),SPRINGER INDIA,Springer,是,SCIE,混合为主,"订阅路线通常无APC；选OA约 USD 2,790-4,290",中,https://www.springer.com/gp/open-access,https://www.google.com/search?q=NATIONAL+ACADEMY+SCIENCE+LETTERS-INDIA+aims+scope+instructions+for+authors+APC
112,4-Q3,3,JCPSP-Journal of the College of Physicians and Surgeons Pakistan,JCPSP-J COLL PHYSICI,1022-386X,1681-7168,1.1,1.0,Q3,180/336,Q3,Q3,0.27,46.6,265.0,3213.0,"MEDICINE, GENERAL & INTERNAL","MEDICINE, GENERAL & INTERNAL(JIF Q3/JCI Q3)",COLL PHYSICIANS & SURGEONS PAKISTAN,其他,是,SCIE,需核实,请查期刊官网 Author / Open Access 页面,未知,,https://www.google.com/search?q=JCPSP-Journal+of+the+College+of+Physicians+and+Surgeons+Pakistan+aims+scope+instructions+for+authors+APC
113,4-Q3,3,CHILDS NERVOUS SYSTEM,CHILD NERV SYST,0256-7040,1433-0350,1.3,1.5,Q3,118/190,Q3,Q3,0.45,38.2,264.0,8151.0,CLINICAL NEUROLOGY; PEDIATRICS; SURGERY,CLINICAL NEUROLOGY(JIF Q4/JCI Q4) | PEDIATRICS(JIF Q3/JCI Q3) | SURGERY(JIF Q3/JCI Q3),SPRINGER,Springer,是,SCIE,混合为主,"订阅路线通常无APC；选OA约 USD 2,790-4,290",中,https://www.springer.com/gp/open-access,https://www.google.com/search?q=CHILDS+NERVOUS+SYSTEM+aims+scope+instructions+for+authors+APC
114,4-Q3,3,PHYTOCHEMISTRY,PHYTOCHEMISTRY,0031-9422,1873-3700,3.4,3.8,Q3,84/285,Q2,Q2,0.78,47.1,263.0,32382.0,BIOCHEMISTRY & MOLECULAR BIOLOGY,BIOCHEMISTRY & MOLECULAR BIOLOGY(JIF Q3/JCI Q2),PERGAMON-ELSEVIER SCIENCE LTD,Elsevier,是,SCIE,混合为主,"订阅路线通常无APC；Gold OA常见 USD 2,200-4,200",中,https://www.elsevier.com/open-access/agreements,https://www.google.com/search?q=PHYTOCHEMISTRY+aims+scope+instructions+for+authors+APC
115,4-Q3,3,Journal of Child and Family Studies,J CHILD FAM STUD,1062-1024,1573-2843,2.1,2.9,Q3,18/66,Q2,Q2,0.72,42.2,263.0,11531.0,PSYCHIATRY,PSYCHIATRY(JIF Q3/JCI Q2),SPRINGER,Springer,否,SSCI,混合为主,"订阅路线通常无APC；选OA约 USD 2,790-4,290",中,https://www.springer.com/gp/open-access,https://www.google.com/search?q=Journal+of+Child+and+Family+Studies+aims+scope+instructions+for+authors+APC
116,4-Q3,3,SAGE Open Medical Case Reports,SAGE OPEN MED CASE R,2050-313X,2050-313X,0.6,0.6,Q3,227/336,Q3,Q3,0.21,32.6,263.0,1339.0,"MEDICINE, GENERAL & INTERNAL","MEDICINE, GENERAL & INTERNAL(JIF Q3/JCI Q3)",SAGE PUBLICATIONS INC,SAGE,否,ESCI,混合为主,"订阅路线通常无APC；SAGE Choice常见 USD 2,000-4,000",中,https://us.sagepub.com/en-us/nam/sage-choice,https://www.google.com/search?q=SAGE+Open+Medical+Case+Reports+aims+scope+instructions+for+authors+APC
117,4-Q3,3,NEUROLOGICAL RESEARCH,NEUROL RES,0161-6412,1743-1328,1.9,1.9,Q3,201/296,Q3,Q3,0.52,32.3,259.0,4507.0,CLINICAL NEUROLOGY; NEUROSCIENCES,CLINICAL NEUROLOGY(JIF Q3/JCI Q3) | NEUROSCIENCES(JIF Q4/JCI Q4),TAYLOR & FRANCIS LTD,Taylor & Francis,是,SCIE,混合为主,"订阅路线通常无APC；Open Select常见 USD 2,500-3,500",中,https://authorservices.taylorandfrancis.com/publishing-open-access/,https://www.google.com/search?q=NEUROLOGICAL+RESEARCH+aims+scope+instructions+for+authors+APC
118,4-Q3,3,Interdisciplinary Cardiovascular and Thoracic Surgery,INTERDISC CARDIOV TH,,2753-670X,1.4,1.4,Q3,202/321,Q3,Q3,0.45,37.2,258.0,678.0,CARDIAC & CARDIOVASCULAR SYSTEMS; RESPIRATORY SYSTEM; SURGERY,CARDIAC & CARDIOVASCULAR SYSTEMS(JIF Q3/JCI Q3) | RESPIRATORY SYSTEM(JIF Q4/JCI Q3) | SURGERY(JIF Q3/JCI Q3),OXFORD UNIV PRESS,Oxford UP,是,SCIE,混合为主,订阅路线通常无APC；可选OA，费用因刊而异,中,https://academic.oup.com/pages/open-research/open-access,https://www.google.com/search?q=Interdisciplinary+Cardiovascular+and+Thoracic+Surgery+aims+scope+instructions+for+authors+APC
119,4-Q3,3,OCULAR IMMUNOLOGY AND INFLAMMATION,OCUL IMMUNOL INFLAMM,0927-3948,1744-5078,1.7,2.0,Q3,60/98,Q3,Q3,0.66,39.3,255.0,4870.0,OPHTHALMOLOGY,OPHTHALMOLOGY(JIF Q3/JCI Q3),TAYLOR & FRANCIS INC,Taylor & Francis,是,SCIE,混合为主,"订阅路线通常无APC；Open Select常见 USD 2,500-3,500",中,https://authorservices.taylorandfrancis.com/publishing-open-access/,https://www.google.com/search?q=OCULAR+IMMUNOLOGY+AND+INFLAMMATION+aims+scope+instructions+for+authors+APC
120,4-Q3,3,JOURNAL OF INORGANIC BIOCHEMISTRY,J INORG BIOCHEM,0162-0134,1873-3344,3.1,3.4,Q3,19/45,Q2,Q2,0.8,41.6,254.0,12071.0,BIOCHEMISTRY & MOLECULAR BIOLOGY,BIOCHEMISTRY & MOLECULAR BIOLOGY(JIF Q3/JCI Q2),ELSEVIER SCIENCE INC,Elsevier,是,SCIE,混合为主,"订阅路线通常无APC；Gold OA常见 USD 2,200-4,200",中,https://www.elsevier.com/open-access/agreements,https://www.google.com/search?q=JOURNAL+OF+INORGANIC+BIOCHEMISTRY+aims+scope+instructions+for+authors+APC
121,4-Q3,3,AMERICAN JOURNAL OF PERINATOLOGY,AM J PERINAT,0735-1631,1098-8785,1.4,1.6,Q3,112/190,Q3,Q3,0.62,41.3,254.0,6291.0,OBSTETRICS & GYNECOLOGY; PEDIATRICS,OBSTETRICS & GYNECOLOGY(JIF Q3/JCI Q3) | PEDIATRICS(JIF Q3/JCI Q3),THIEME MEDICAL PUBL INC,Thieme,是,SCIE,混合为主,订阅路线通常无APC；OA另计,中低,https://www.thieme.com/en-us/open-access,https://www.google.com/search?q=AMERICAN+JOURNAL+OF+PERINATOLOGY+aims+scope+instructions+for+authors+APC
122,4-Q3,3,CELL BIOCHEMISTRY AND BIOPHYSICS,CELL BIOCHEM BIOPHYS,1085-9195,1559-0283,3.0,2.8,Q3,30/81,Q3,Q3,0.5,38.9,251.0,5028.0,BIOCHEMISTRY & MOLECULAR BIOLOGY; CELL BIOLOGY,BIOCHEMISTRY & MOLECULAR BIOLOGY(JIF Q3/JCI Q3) | CELL BIOLOGY(JIF Q3/JCI Q3),HUMANA PRESS INC,其他,是,SCIE,需核实,请查期刊官网 Author / Open Access 页面,未知,,https://www.google.com/search?q=CELL+BIOCHEMISTRY+AND+BIOPHYSICS+aims+scope+instructions+for+authors+APC
123,4-Q3,3,VIROLOGY,VIROLOGY,0042-6822,1089-862X,2.6,2.6,Q3,24/44,Q2,Q2,0.71,46.6,249.0,21540.0,VIROLOGY,VIROLOGY(JIF Q3/JCI Q2),ACADEMIC PRESS INC ELSEVIER SCIENCE,Elsevier,是,SCIE,混合为主,"订阅路线通常无APC；Gold OA常见 USD 2,200-4,200",中,https://www.elsevier.com/open-access/agreements,https://www.google.com/search?q=VIROLOGY+aims+scope+instructions+for+authors+APC
124,4-Q3,3,JOURNAL OF CELL SCIENCE,J CELL SCI,0021-9533,1477-9137,3.9,4.0,Q3,108/207,Q3,Q3,0.53,48.1,247.0,36521.0,CELL BIOLOGY,CELL BIOLOGY(JIF Q3/JCI Q3),COMPANY BIOLOGISTS LTD,其他,是,SCIE,需核实,请查期刊官网 Author / Open Access 页面,未知,,https://www.google.com/search?q=JOURNAL+OF+CELL+SCIENCE+aims+scope+instructions+for+authors+APC
125,4-Q3,3,CLINICAL RADIOLOGY,CLIN RADIOL,0009-9260,1365-229X,2.0,2.1,Q3,122/217,Q3,Q3,0.53,44.0,245.0,7964.0,"RADIOLOGY, NUCLEAR MEDICINE & MEDICAL IMAGING","RADIOLOGY, NUCLEAR MEDICINE & MEDICAL IMAGING(JIF Q3/JCI Q3)",W B SAUNDERS CO LTD,Elsevier,是,SCIE,混合为主,"订阅路线通常无APC；Gold OA常见 USD 2,200-4,200",中,https://www.elsevier.com/open-access/agreements,https://www.google.com/search?q=CLINICAL+RADIOLOGY+aims+scope+instructions+for+authors+APC
126,4-Q3,3,International Journal of Ophthalmology,INT J OPHTHALMOL-CHI,2222-3959,2227-4898,2.0,1.9,Q3,55/98,Q3,Q3,0.74,44.4,244.0,5166.0,OPHTHALMOLOGY,OPHTHALMOLOGY(JIF Q3/JCI Q3),IJO PRESS,其他,是,SCIE,需核实,请查期刊官网 Author / Open Access 页面,未知,,https://www.google.com/search?q=International+Journal+of+Ophthalmology+aims+scope+instructions+for+authors+APC
127,4-Q3,3,INTERNATIONAL JOURNAL OF ENVIRONMENTAL HEALTH RESEARCH,INT J ENVIRON HEAL R,0960-3123,1369-1619,2.0,2.5,Q3,246/443,Q3,Q3,0.49,44.6,244.0,3707.0,"PUBLIC, ENVIRONMENTAL & OCCUPATIONAL HEALTH","PUBLIC, ENVIRONMENTAL & OCCUPATIONAL HEALTH(JIF Q3/JCI Q3)",TAYLOR & FRANCIS LTD,Taylor & Francis,是,SCIE,混合为主,"订阅路线通常无APC；Open Select常见 USD 2,500-3,500",中,https://authorservices.taylorandfrancis.com/publishing-open-access/,https://www.google.com/search?q=INTERNATIONAL+JOURNAL+OF+ENVIRONMENTAL+HEALTH+RESEARCH+aims+scope+instructions+for+authors+APC
128,4-Q3,3,INTERVENTIONAL NEURORADIOLOGY,INTERV NEURORADIOL,1591-0199,2385-2011,1.9,2.1,Q3,129/217,Q3,Q3,0.53,40.8,244.0,3645.0,"CLINICAL NEUROLOGY; RADIOLOGY, NUCLEAR MEDICINE & MEDICAL IMAGING","CLINICAL NEUROLOGY(JIF Q3/JCI Q3) | RADIOLOGY, NUCLEAR MEDICINE & MEDICAL IMAGING(JIF Q3/JCI Q3)",SAGE PUBLICATIONS INC,SAGE,是,SCIE,混合为主,"订阅路线通常无APC；SAGE Choice常见 USD 2,000-4,000",中,https://us.sagepub.com/en-us/nam/sage-choice,https://www.google.com/search?q=INTERVENTIONAL+NEURORADIOLOGY+aims+scope+instructions+for+authors+APC
129,4-Q3,3,JOURNAL OF AMERICAN COLLEGE HEALTH,J AM COLL HEALTH,0744-8481,1940-3208,1.5,2.6,Q3,362/760,Q3,Q2,0.6,26.7,243.0,7714.0,"PUBLIC, ENVIRONMENTAL & OCCUPATIONAL HEALTH","PUBLIC, ENVIRONMENTAL & OCCUPATIONAL HEALTH(JIF Q3/JCI Q3)","ROUTLEDGE JOURNALS, TAYLOR & FRANCIS LTD",Taylor & Francis,否,SSCI,混合为主,"订阅路线通常无APC；Open Select常见 USD 2,500-3,500",中,https://authorservices.taylorandfrancis.com/publishing-open-access/,https://www.google.com/search?q=JOURNAL+OF+AMERICAN+COLLEGE+HEALTH+aims+scope+instructions+for+authors+APC
130,4-Q3,3,Revista Brasileira de Enfermagem,REV BRAS ENFERM,0034-7167,1984-0446,1.2,1.6,Q3,136/194,Q4,Q4,0.39,30.2,243.0,4269.0,NURSING,NURSING(JIF Q3/JCI Q4),ASSOC BRASILEIRA ENFERMAGEM,其他,否,ESCI,需核实,请查期刊官网 Author / Open Access 页面,未知,,https://www.google.com/search?q=Revista+Brasileira+de+Enfermagem+aims+scope+instructions+for+authors+APC
131,4-Q3,3,Traffic Injury Prevention,TRAFFIC INJ PREV,1538-9588,1538-957X,2.1,2.2,Q3,231/443,Q3,Q3,0.6,48.0,242.0,4719.0,"PUBLIC, ENVIRONMENTAL & OCCUPATIONAL HEALTH","PUBLIC, ENVIRONMENTAL & OCCUPATIONAL HEALTH(JIF Q3/JCI Q3)",TAYLOR & FRANCIS INC,Taylor & Francis,是,"SCIE, SSCI; SSCI",混合为主,"订阅路线通常无APC；Open Select常见 USD 2,500-3,500",中,https://authorservices.taylorandfrancis.com/publishing-open-access/,https://www.google.com/search?q=Traffic+Injury+Prevention+aims+scope+instructions+for+authors+APC
132,4-Q3,3,ARCHIVES OF VIROLOGY,ARCH VIROL,0304-8608,1432-8798,2.5,2.2,Q3,25/44,Q3,Q3,0.63,44.3,237.0,12731.0,VIROLOGY,VIROLOGY(JIF Q3/JCI Q3),SPRINGER WIEN,Springer,是,SCIE,混合为主,"订阅路线通常无APC；选OA约 USD 2,790-4,290",中,https://www.springer.com/gp/open-access,https://www.google.com/search?q=ARCHIVES+OF+VIROLOGY+aims+scope+instructions+for+authors+APC
133,4-Q3,3,EUROPEAN JOURNAL OF OPHTHALMOLOGY,EUR J OPHTHALMOL,1120-6721,1724-6016,1.3,1.6,Q3,73/98,Q3,Q3,0.49,26.0,236.0,6011.0,OPHTHALMOLOGY,OPHTHALMOLOGY(JIF Q3/JCI Q3),SAGE PUBLICATIONS LTD,SAGE,是,SCIE,混合为主,"订阅路线通常无APC；SAGE Choice常见 USD 2,000-4,000",中,https://us.sagepub.com/en-us/nam/sage-choice,https://www.google.com/search?q=EUROPEAN+JOURNAL+OF+OPHTHALMOLOGY+aims+scope+instructions+for+authors+APC
134,4-Q3,3,PEDIATRIC DERMATOLOGY,PEDIATR DERMATOL,0736-8046,1525-1470,1.2,1.4,Q3,128/190,Q3,Q3,0.5,32.9,231.0,4972.0,DERMATOLOGY; PEDIATRICS,DERMATOLOGY(JIF Q3/JCI Q3) | PEDIATRICS(JIF Q3/JCI Q3),WILEY,Wiley,是,SCIE,混合为主,"订阅路线通常无APC；OnlineOpen常见 USD 3,200-4,700",中,https://authorservices.wiley.com/author-resources/Journal-Authors/open-access/article-publication-charges.html,https://www.google.com/search?q=PEDIATRIC+DERMATOLOGY+aims+scope+instructions+for+authors+APC
135,4-Q3,3,Journal of Clinical and Translational Science,J CLIN TRANSL SCI,,2059-8661,2.7,3.2,Q3,106/191,Q3,Q3,0.44,44.8,230.0,3108.0,"MEDICINE, RESEARCH & EXPERIMENTAL","MEDICINE, RESEARCH & EXPERIMENTAL(JIF Q3/JCI Q3)",CAMBRIDGE UNIV PRESS,Cambridge UP,否,ESCI,混合为主,订阅路线通常无APC；Gold OA因刊而异,中,https://www.cambridge.org/core/open-research/open-access,https://www.google.com/search?q=Journal+of+Clinical+and+Translational+Science+aims+scope+instructions+for+authors+APC
136,4-Q3,3,Transboundary and Emerging Diseases,TRANSBOUND EMERG DIS,1865-1674,1865-1682,2.6,3.6,Q3,33/170,Q1,Q1,1.1,50.0,230.0,10807.0,INFECTIOUS DISEASES,INFECTIOUS DISEASES(JIF Q3/JCI Q1),WILEY,Wiley,是,SCIE,混合为主,"订阅路线通常无APC；OnlineOpen常见 USD 3,200-4,700",中,https://authorservices.wiley.com/author-resources/Journal-Authors/open-access/article-publication-charges.html,https://www.google.com/search?q=Transboundary+and+Emerging+Diseases+aims+scope+instructions+for+authors+APC
137,4-Q3,3,Sport Sciences for Health,SPORT SCI HLTH,1824-7490,1825-1234,1.3,1.4,Q3,99/136,Q4,Q4,0.44,27.6,229.0,1561.0,SPORT SCIENCES,SPORT SCIENCES(JIF Q3/JCI Q4),SPRINGERNATURE,Springer Nature,否,ESCI,混合/全OA,"全OA约 USD 2,090-3,490；Nature系更高；Scientific Reports已拉黑",中高,https://www.springernature.com/gp/open-research/journals-books/journals,https://www.google.com/search?q=Sport+Sciences+for+Health+aims+scope+instructions+for+authors+APC
138,4-Q3,3,Clinical & Translational Oncology,CLIN TRANSL ONCOL,1699-048X,1699-3055,2.7,2.9,Q3,185/333,Q3,Q3,0.49,44.6,228.0,6747.0,ONCOLOGY,ONCOLOGY(JIF Q3/JCI Q3),SPRINGER INT PUBL AG,Springer,是,SCIE,混合为主,"订阅路线通常无APC；选OA约 USD 2,790-4,290",中,https://www.springer.com/gp/open-access,https://www.google.com/search?q=Clinical+&+Translational+Oncology+aims+scope+instructions+for+authors+APC
139,4-Q3,3,ACTA PARASITOLOGICA,ACTA PARASITOL,1230-2821,1896-1851,1.5,1.7,Q3,65/183,Q2,Q2,0.65,30.9,228.0,2655.0,PARASITOLOGY,PARASITOLOGY(JIF Q3/JCI Q2),SPRINGER INT PUBL AG,Springer,是,SCIE,混合为主,"订阅路线通常无APC；选OA约 USD 2,790-4,290",中,https://www.springer.com/gp/open-access,https://www.google.com/search?q=ACTA+PARASITOLOGICA+aims+scope+instructions+for+authors+APC
140,4-Q3,3,Indian Journal of Orthopaedics,INDIAN J ORTHOP,0019-5413,1998-3727,1.3,1.6,Q3,105/147,Q4,Q4,0.45,28.9,228.0,3317.0,ORTHOPEDICS,ORTHOPEDICS(JIF Q3/JCI Q4),SPRINGER HEIDELBERG,Springer,是,SCIE,混合为主,"订阅路线通常无APC；选OA约 USD 2,790-4,290",中,https://www.springer.com/gp/open-access,https://www.google.com/search?q=Indian+Journal+of+Orthopaedics+aims+scope+instructions+for+authors+APC
141,4-Q3,3,Reviews in Cardiovascular Medicine,REV CARDIOVASC MED,1530-6550,2153-8174,2.2,2.4,Q3,132/237,Q3,Q3,0.37,44.5,227.0,4111.0,CARDIAC & CARDIOVASCULAR SYSTEMS,CARDIAC & CARDIOVASCULAR SYSTEMS(JIF Q3/JCI Q3),IMR PRESS,其他,是,SCIE,需核实,请查期刊官网 Author / Open Access 页面,未知,,https://www.google.com/search?q=Reviews+in+Cardiovascular+Medicine+aims+scope+instructions+for+authors+APC
142,4-Q3,3,Indian Journal of Community Medicine,INDIAN J COMMUN MED,0970-0218,1998-3581,1.6,1.5,Q3,301/443,Q4,Q4,0.36,32.2,224.0,2338.0,"PUBLIC, ENVIRONMENTAL & OCCUPATIONAL HEALTH","PUBLIC, ENVIRONMENTAL & OCCUPATIONAL HEALTH(JIF Q3/JCI Q4)",WOLTERS KLUWER MEDKNOW PUBLICATIONS,Wolters Kluwer/LWW,否,ESCI,混合为主,"订阅路线通常无APC；OA常见 USD 2,000-4,000；MEDICINE已拉黑",中,https://wkauthorservices.editage.com/open-access/,https://www.google.com/search?q=Indian+Journal+of+Community+Medicine+aims+scope+instructions+for+authors+APC
143,4-Q3,3,Proceedings of the Indian National Science Academy,P INDIAN NATL SCI AC,0370-0046,2454-9983,1.3,1.6,Q3,79/140,Q3,Q3,0.28,43.9,223.0,1305.0,MULTIDISCIPLINARY SCIENCES,MULTIDISCIPLINARY SCIENCES(JIF Q3/JCI Q3),INDIAN NAT SCI ACAD,其他,否,ESCI,需核实,请查期刊官网 Author / Open Access 页面,未知,,https://www.google.com/search?q=Proceedings+of+the+Indian+National+Science+Academy+aims+scope+instructions+for+authors+APC
144,4-Q3,3,Brain and Spine,BRAIN SPINE,2772-5294,2772-5294,2.7,2.8,Q3,150/296,Q3,Q3,0.64,49.5,221.0,1258.0,CLINICAL NEUROLOGY,CLINICAL NEUROLOGY(JIF Q3/JCI Q3),ELSEVIER,Elsevier,否,ESCI,混合为主,"订阅路线通常无APC；Gold OA常见 USD 2,200-4,200",中,https://www.elsevier.com/open-access/agreements,https://www.google.com/search?q=Brain+and+Spine+aims+scope+instructions+for+authors+APC
145,4-Q3,3,Sains Malaysiana,SAINS MALAYS,0126-6039,,0.8,0.9,Q3,101/140,Q3,Q3,0.18,28.2,221.0,2967.0,MULTIDISCIPLINARY SCIENCES,MULTIDISCIPLINARY SCIENCES(JIF Q3/JCI Q3),"UNIV KEBANGSAAN MALAYSIA, FAC SCIENCE & TECHNOLOGY",其他,是,SCIE,需核实,请查期刊官网 Author / Open Access 页面,未知,,https://www.google.com/search?q=Sains+Malaysiana+aims+scope+instructions+for+authors+APC
146,4-Q3,3,EXPERIMENTAL BRAIN RESEARCH,EXP BRAIN RES,0014-4819,1432-1106,2.1,2.2,Q3,246/330,Q4,Q4,0.48,25.6,220.0,19133.0,NEUROSCIENCES,NEUROSCIENCES(JIF Q3/JCI Q4),SPRINGER,Springer,是,SCIE,混合为主,"订阅路线通常无APC；选OA约 USD 2,790-4,290",中,https://www.springer.com/gp/open-access,https://www.google.com/search?q=EXPERIMENTAL+BRAIN+RESEARCH+aims+scope+instructions+for+authors+APC
147,4-Q3,3,PEDIATRICS INTERNATIONAL,PEDIATR INT,1328-8067,1442-200X,0.9,1.2,Q3,140/190,Q3,Q3,0.4,26.6,219.0,4100.0,PEDIATRICS,PEDIATRICS(JIF Q3/JCI Q3),WILEY,Wiley,是,SCIE,混合为主,"订阅路线通常无APC；OnlineOpen常见 USD 3,200-4,700",中,https://authorservices.wiley.com/author-resources/Journal-Authors/open-access/article-publication-charges.html,https://www.google.com/search?q=PEDIATRICS+INTERNATIONAL+aims+scope+instructions+for+authors+APC
148,4-Q3,3,NEUROSCIENCE LETTERS,NEUROSCI LETT,0304-3940,1872-7972,2.2,2.5,Q3,241/330,Q3,Q3,0.55,27.1,218.0,30002.0,NEUROSCIENCES,NEUROSCIENCES(JIF Q3/JCI Q3),ELSEVIER IRELAND LTD,Elsevier,是,SCIE,混合为主,"订阅路线通常无APC；Gold OA常见 USD 2,200-4,200",中,https://www.elsevier.com/open-access/agreements,https://www.google.com/search?q=NEUROSCIENCE+LETTERS+aims+scope+instructions+for+authors+APC
149,4-Q3,3,International Medical Case Reports Journal,INT MED CASE REP J,1179-142X,1179-142X,0.7,0.7,Q3,215/336,Q3,Q3,0.23,36.2,218.0,705.0,"MEDICINE, GENERAL & INTERNAL","MEDICINE, GENERAL & INTERNAL(JIF Q3/JCI Q3)",DOVE MEDICAL PRESS LTD,其他,否,ESCI,需核实,请查期刊官网 Author / Open Access 页面,未知,,https://www.google.com/search?q=International+Medical+Case+Reports+Journal+aims+scope+instructions+for+authors+APC
150,4-Q3,3,BIOLOGICAL & PHARMACEUTICAL BULLETIN,BIOL PHARM BULL,0918-6158,1347-5215,1.8,1.9,Q3,258/356,Q3,Q3,0.48,27.7,217.0,10957.0,PHARMACOLOGY & PHARMACY,PHARMACOLOGY & PHARMACY(JIF Q3/JCI Q3),PHARMACEUTICAL SOC JAPAN,其他,是,SCIE,需核实,请查期刊官网 Author / Open Access 页面,未知,,https://www.google.com/search?q=BIOLOGICAL+&+PHARMACEUTICAL+BULLETIN+aims+scope+instructions+for+authors+APC
151,4-Q3,3,PSYCHOPHYSIOLOGY,PSYCHOPHYSIOLOGY,0048-5772,1469-8986,3.2,4.0,Q3,23/104,Q2,Q1,0.99,49.5,216.0,17431.0,NEUROSCIENCES,NEUROSCIENCES(JIF Q3/JCI Q2),WILEY,Wiley,是,SCIE; SSCI,混合为主,"订阅路线通常无APC；OnlineOpen常见 USD 3,200-4,700",中,https://authorservices.wiley.com/author-resources/Journal-Authors/open-access/article-publication-charges.html,https://www.google.com/search?q=PSYCHOPHYSIOLOGY+aims+scope+instructions+for+authors+APC
152,4-Q3,3,INTERNATIONAL JOURNAL OF CARDIOVASCULAR IMAGING,INT J CARDIOVAS IMAG,1569-5794,1875-8312,1.8,1.8,Q3,131/217,Q3,Q3,0.45,39.9,214.0,4982.0,"CARDIAC & CARDIOVASCULAR SYSTEMS; RADIOLOGY, NUCLEAR MEDICINE & MEDICAL IMAGING","CARDIAC & CARDIOVASCULAR SYSTEMS(JIF Q3/JCI Q3) | RADIOLOGY, NUCLEAR MEDICINE & MEDICAL IMAGING(JIF Q3/JCI Q3)",SPRINGER,Springer,是,SCIE,混合为主,"订阅路线通常无APC；选OA约 USD 2,790-4,290",中,https://www.springer.com/gp/open-access,https://www.google.com/search?q=INTERNATIONAL+JOURNAL+OF+CARDIOVASCULAR+IMAGING+aims+scope+instructions+for+authors+APC
153,4-Q3,3,JOURNAL OF CHEMICAL TECHNOLOGY AND BIOTECHNOLOGY,J CHEM TECHNOL BIOT,0268-2575,1097-4660,2.7,2.8,Q3,136/250,Q4,Q3,0.4,38.1,213.0,12401.0,BIOTECHNOLOGY & APPLIED MICROBIOLOGY,BIOTECHNOLOGY & APPLIED MICROBIOLOGY(JIF Q3/JCI Q4),WILEY,Wiley,是,SCIE,混合为主,"订阅路线通常无APC；OnlineOpen常见 USD 3,200-4,700",中,https://authorservices.wiley.com/author-resources/Journal-Authors/open-access/article-publication-charges.html,https://www.google.com/search?q=JOURNAL+OF+CHEMICAL+TECHNOLOGY+AND+BIOTECHNOLOGY+aims+scope+instructions+for+authors+APC
154,4-Q3,3,JAIDS-JOURNAL OF ACQUIRED IMMUNE DEFICIENCY SYNDROMES,JAIDS-J ACQ IMM DEF,1525-4135,1077-9450,2.3,2.8,Q3,87/141,Q3,Q3,0.62,38.7,213.0,11285.0,IMMUNOLOGY; INFECTIOUS DISEASES,IMMUNOLOGY(JIF Q3/JCI Q3) | INFECTIOUS DISEASES(JIF Q3/JCI Q3),LIPPINCOTT WILLIAMS & WILKINS,Wolters Kluwer/LWW,是,SCIE,混合为主,"订阅路线通常无APC；OA常见 USD 2,000-4,000；MEDICINE已拉黑",中,https://wkauthorservices.editage.com/open-access/,https://www.google.com/search?q=JAIDS-JOURNAL+OF+ACQUIRED+IMMUNE+DEFICIENCY+SYNDROMES+aims+scope+instructions+for+authors+APC
155,4-Q3,3,JOURNAL OF PEDIATRIC ORTHOPAEDICS,J PEDIATR ORTHOPED,0271-6798,1539-2570,1.7,1.8,Q3,98/190,Q2,Q2,0.77,48.7,213.0,9601.0,ORTHOPEDICS; PEDIATRICS,ORTHOPEDICS(JIF Q3/JCI Q2) | PEDIATRICS(JIF Q3/JCI Q2),LIPPINCOTT WILLIAMS & WILKINS,Wolters Kluwer/LWW,是,SCIE,混合为主,"订阅路线通常无APC；OA常见 USD 2,000-4,000；MEDICINE已拉黑",中,https://wkauthorservices.editage.com/open-access/,https://www.google.com/search?q=JOURNAL+OF+PEDIATRIC+ORTHOPAEDICS+aims+scope+instructions+for+authors+APC
156,4-Q3,3,JOURNAL OF NEUROSCIENCE METHODS,J NEUROSCI METH,0165-0270,1872-678X,2.5,3.2,Q3,50/85,Q3,Q2,0.69,33.5,212.0,18974.0,NEUROSCIENCES,NEUROSCIENCES(JIF Q3/JCI Q3),ELSEVIER,Elsevier,是,SCIE,混合为主,"订阅路线通常无APC；Gold OA常见 USD 2,200-4,200",中,https://www.elsevier.com/open-access/agreements,https://www.google.com/search?q=JOURNAL+OF+NEUROSCIENCE+METHODS+aims+scope+instructions+for+authors+APC
157,4-Q3,3,IJID Regions,IJID REG,,2772-7076,2.3,2.2,Q3,87/141,Q3,Q3,0.61,38.7,211.0,1198.0,INFECTIOUS DISEASES,INFECTIOUS DISEASES(JIF Q3/JCI Q3),ELSEVIER,Elsevier,否,ESCI,混合为主,"订阅路线通常无APC；Gold OA常见 USD 2,200-4,200",中,https://www.elsevier.com/open-access/agreements,https://www.google.com/search?q=IJID+Regions+aims+scope+instructions+for+authors+APC
158,4-Q3,3,JOURNAL OF ULTRASOUND IN MEDICINE,J ULTRAS MED,0278-4297,1550-9613,2.1,2.3,Q3,17/41,Q3,Q2,0.58,47.7,211.0,8820.0,"RADIOLOGY, NUCLEAR MEDICINE & MEDICAL IMAGING","RADIOLOGY, NUCLEAR MEDICINE & MEDICAL IMAGING(JIF Q3/JCI Q3)",WILEY,Wiley,是,SCIE,混合为主,"订阅路线通常无APC；OnlineOpen常见 USD 3,200-4,700",中,https://authorservices.wiley.com/author-resources/Journal-Authors/open-access/article-publication-charges.html,https://www.google.com/search?q=JOURNAL+OF+ULTRASOUND+IN+MEDICINE+aims+scope+instructions+for+authors+APC
159,4-Q3,3,CLINICAL BIOMECHANICS,CLIN BIOMECH,0268-0033,1879-1271,1.8,2.1,Q3,76/147,Q3,Q3,0.55,48.6,209.0,10663.0,"ENGINEERING, BIOMEDICAL; ORTHOPEDICS; SPORT SCIENCES","ENGINEERING, BIOMEDICAL(JIF Q4/JCI Q3) | ORTHOPEDICS(JIF Q3/JCI Q3) | SPORT SCIENCES(JIF Q3/JCI Q3)",ELSEVIER SCI LTD,Elsevier,是,SCIE,混合为主,"订阅路线通常无APC；Gold OA常见 USD 2,200-4,200",中,https://www.elsevier.com/open-access/agreements,https://www.google.com/search?q=CLINICAL+BIOMECHANICS+aims+scope+instructions+for+authors+APC
160,4-Q3,3,JOURNAL OF PALLIATIVE MEDICINE,J PALLIAT MED,1096-6218,1557-7740,1.8,2.5,Q3,136/194,Q3,Q3,0.57,30.2,207.0,7816.0,HEALTH CARE SCIENCES & SERVICES,HEALTH CARE SCIENCES & SERVICES(JIF Q3/JCI Q3),SAGE PUBLICATIONS INC,SAGE,是,SCIE,混合为主,"订阅路线通常无APC；SAGE Choice常见 USD 2,000-4,000",中,https://us.sagepub.com/en-us/nam/sage-choice,https://www.google.com/search?q=JOURNAL+OF+PALLIATIVE+MEDICINE+aims+scope+instructions+for+authors+APC
161,4-Q3,3,MOLECULAR BIOLOGY OF THE CELL,MOL BIOL CELL,1059-1524,1939-4586,3.0,3.3,Q3,135/207,Q3,Q3,0.45,35.0,206.0,24907.0,CELL BIOLOGY,CELL BIOLOGY(JIF Q3/JCI Q3),AMER SOC CELL BIOLOGY,其他,是,SCIE,需核实,请查期刊官网 Author / Open Access 页面,未知,,https://www.google.com/search?q=MOLECULAR+BIOLOGY+OF+THE+CELL+aims+scope+instructions+for+authors+APC
162,4-Q3,3,Cancer Management and Research,CANCER MANAG RES,1179-1322,1179-1322,2.6,2.5,Q3,196/333,Q3,Q3,0.48,41.3,205.0,11274.0,ONCOLOGY,ONCOLOGY(JIF Q3/JCI Q3),DOVE MEDICAL PRESS LTD,其他,是,SCIE,需核实,请查期刊官网 Author / Open Access 页面,未知,,https://www.google.com/search?q=Cancer+Management+and+Research+aims+scope+instructions+for+authors+APC
163,4-Q3,3,JOURNAL OF MICROBIOLOGICAL METHODS,J MICROBIOL METH,0167-7012,1872-8359,2.5,2.5,Q3,50/85,Q3,Q3,0.5,32.0,202.0,9946.0,MICROBIOLOGY,MICROBIOLOGY(JIF Q3/JCI Q3),ELSEVIER,Elsevier,是,SCIE,混合为主,"订阅路线通常无APC；Gold OA常见 USD 2,200-4,200",中,https://www.elsevier.com/open-access/agreements,https://www.google.com/search?q=JOURNAL+OF+MICROBIOLOGICAL+METHODS+aims+scope+instructions+for+authors+APC
164,4-Q3,3,Journal of Public Health-Heidelberg,J PUBLIC HEALTH-HEID,2198-1833,1613-2238,1.6,1.7,Q3,301/443,Q3,Q3,0.47,32.2,202.0,3322.0,"PUBLIC, ENVIRONMENTAL & OCCUPATIONAL HEALTH","PUBLIC, ENVIRONMENTAL & OCCUPATIONAL HEALTH(JIF Q3/JCI Q3)",SPRINGER HEIDELBERG,Springer,否,ESCI,混合为主,"订阅路线通常无APC；选OA约 USD 2,790-4,290",中,https://www.springer.com/gp/open-access,https://www.google.com/search?q=Journal+of+Public+Health-Heidelberg+aims+scope+instructions+for+authors+APC
165,4-Q3,3,Journal of Gastrointestinal Oncology,J GASTROINTEST ONCOL,2078-6891,2219-679X,2.1,2.3,Q3,101/153,Q3,Q3,0.46,34.3,200.0,4621.0,GASTROENTEROLOGY & HEPATOLOGY; ONCOLOGY,GASTROENTEROLOGY & HEPATOLOGY(JIF Q3/JCI Q3) | ONCOLOGY(JIF Q3/JCI Q3),AME PUBLISHING COMPANY,其他,是,SCIE,需核实,请查期刊官网 Author / Open Access 页面,未知,,https://www.google.com/search?q=Journal+of+Gastrointestinal+Oncology+aims+scope+instructions+for+authors+APC
166,4-Q3,3,BIOLOGIA,BIOLOGIA,0006-3088,1336-9563,1.7,1.7,Q3,59/106,Q3,Q3,0.45,44.8,200.0,4937.0,BIOLOGY,BIOLOGY(JIF Q3/JCI Q3),SPRINGER,Springer,是,SCIE,混合为主,"订阅路线通常无APC；选OA约 USD 2,790-4,290",中,https://www.springer.com/gp/open-access,https://www.google.com/search?q=BIOLOGIA+aims+scope+instructions+for+authors+APC
167,4-Q3,3,PEDIATRIC TRANSPLANTATION,PEDIATR TRANSPLANT,1397-3142,1399-3046,1.4,1.3,Q3,112/190,Q3,Q3,0.52,41.3,200.0,3618.0,PEDIATRICS; TRANSPLANTATION,PEDIATRICS(JIF Q3/JCI Q3) | TRANSPLANTATION(JIF Q4/JCI Q3),WILEY,Wiley,是,SCIE,混合为主,"订阅路线通常无APC；OnlineOpen常见 USD 3,200-4,700",中,https://authorservices.wiley.com/author-resources/Journal-Authors/open-access/article-publication-charges.html,https://www.google.com/search?q=PEDIATRIC+TRANSPLANTATION+aims+scope+instructions+for+authors+APC
168,4-Q3,3,INJURY PREVENTION,INJURY PREV,1353-8047,1475-5785,1.9,3.2,Q3,260/443,Q3,Q3,0.57,41.4,168.0,4598.0,"PUBLIC, ENVIRONMENTAL & OCCUPATIONAL HEALTH","PUBLIC, ENVIRONMENTAL & OCCUPATIONAL HEALTH(JIF Q3/JCI Q3)",BMJ PUBLISHING GROUP,BMJ,是,"SCIE, SSCI",混合/全OA,"BMJ Open约GBP 2,175；旗舰刊更高",高,https://authors.bmj.com/open-access/,https://www.google.com/search?q=INJURY+PREVENTION+aims+scope+instructions+for+authors+APC
169,4-Q3,3,Pilot and Feasibility Studies,PILOT FEASIBILITY ST,,2055-5784,2.1,2.2,Q3,121/191,Q3,Q3,0.43,36.9,166.0,3350.0,"MEDICINE, RESEARCH & EXPERIMENTAL","MEDICINE, RESEARCH & EXPERIMENTAL(JIF Q3/JCI Q3)",BMC,BMC,否,ESCI,全OA,"约 USD 1,990-2,890（旗舰刊更高）",高,https://www.biomedcentral.com/getpublished/article-processing-charges,https://www.google.com/search?q=Pilot+and+Feasibility+Studies+aims+scope+instructions+for+authors+APC
170,4-Q3,3,Pharmacy,PHARMACY-BASEL,,2226-4787,2.2,2.2,Q3,231/356,Q3,Q3,0.44,35.3,151.0,3081.0,PHARMACOLOGY & PHARMACY,PHARMACOLOGY & PHARMACY(JIF Q3/JCI Q3),MDPI,MDPI,否,ESCI,全OA,"约 CHF 1,600-2,900（如 JCM=CHF 2,600）",高,https://www.mdpi.com/about/apc,https://www.google.com/search?q=Pharmacy+aims+scope+instructions+for+authors+APC
171,4-Q3,3,Geriatrics,GERIATRICS-BASEL,,2308-3417,2.4,2.7,Q3,50/72,Q4,Q4,0.5,31.3,142.0,2350.0,GERIATRICS & GERONTOLOGY,GERIATRICS & GERONTOLOGY(JIF Q3/JCI Q4),MDPI,MDPI,否,ESCI,全OA,"约 CHF 1,600-2,900（如 JCM=CHF 2,600）",高,https://www.mdpi.com/about/apc,https://www.google.com/search?q=Geriatrics+aims+scope+instructions+for+authors+APC
172,4-Q3,3,Prosthesis,PROSTHESIS,,2673-1592,2.9,2.9,Q3,42/58,Q3,Q3,0.44,28.4,136.0,1057.0,"MATERIALS SCIENCE, BIOMATERIALS","MATERIALS SCIENCE, BIOMATERIALS(JIF Q3/JCI Q3)",MDPI,MDPI,否,ESCI,全OA,"约 CHF 1,600-2,900（如 JCM=CHF 2,600）",高,https://www.mdpi.com/about/apc,https://www.google.com/search?q=Prosthesis+aims+scope+instructions+for+authors+APC
173,4-Q3,3,Diabetology,DIABETOLOGY,,2673-4540,2.7,3.2,Q3,120/198,Q3,Q3,0.48,39.6,128.0,621.0,ENDOCRINOLOGY & METABOLISM,ENDOCRINOLOGY & METABOLISM(JIF Q3/JCI Q3),MDPI,MDPI,否,ESCI,全OA,"约 CHF 1,600-2,900（如 JCM=CHF 2,600）",高,https://www.mdpi.com/about/apc,https://www.google.com/search?q=Diabetology+aims+scope+instructions+for+authors+APC
174,4-Q3,3,Psychiatry International,PSYCHIAT INT,,2673-5318,1.8,1.6,Q3,200/293,Q4,Q4,0.4,31.9,125.0,347.0,PSYCHIATRY,PSYCHIATRY(JIF Q3/JCI Q4),MDPI,MDPI,否,ESCI,全OA,"约 CHF 1,600-2,900（如 JCM=CHF 2,600）",高,https://www.mdpi.com/about/apc,https://www.google.com/search?q=Psychiatry+International+aims+scope+instructions+for+authors+APC
175,4-Q3,3,Infectious Disease Reports,INFECT DIS REP,,2036-7449,2.6,2.3,Q3,71/141,Q3,Q3,0.61,50.0,123.0,1235.0,INFECTIOUS DISEASES,INFECTIOUS DISEASES(JIF Q3/JCI Q3),MDPI,MDPI,否,ESCI,全OA,"约 CHF 1,600-2,900（如 JCM=CHF 2,600）",高,https://www.mdpi.com/about/apc,https://www.google.com/search?q=Infectious+Disease+Reports+aims+scope+instructions+for+authors+APC
176,4-Q3,3,BMC Genomic Data,BMC GENOMIC DATA,,2730-6844,2.5,2.7,Q3,103/192,Q2,Q2,0.7,46.6,110.0,897.0,GENETICS & HEREDITY,GENETICS & HEREDITY(JIF Q3/JCI Q2),BMC,BMC,是,SCIE,全OA,"约 USD 1,990-2,890（旗舰刊更高）",高,https://www.biomedcentral.com/getpublished/article-processing-charges,https://www.google.com/search?q=BMC+Genomic+Data+aims+scope+instructions+for+authors+APC
177,4-Q3,3,Disabilities,DISABILITIES-BASEL,,2673-7272,1.5,1.8,Q3,105/175,Q3,Q3,0.68,40.3,105.0,416.0,REHABILITATION,REHABILITATION(JIF Q3/JCI Q3),MDPI,MDPI,否,ESCI,全OA,"约 CHF 1,600-2,900（如 JCM=CHF 2,600）",高,https://www.mdpi.com/about/apc,https://www.google.com/search?q=Disabilities+aims+scope+instructions+for+authors+APC
178,4-Q3,3,BMC IMMUNOLOGY,BMC IMMUNOL,,1471-2172,2.9,3.3,Q3,116/183,Q2,Q2,0.68,36.9,103.0,2983.0,IMMUNOLOGY,IMMUNOLOGY(JIF Q3/JCI Q2),BMC,BMC,是,SCIE,全OA,"约 USD 1,990-2,890（旗舰刊更高）",高,https://www.biomedcentral.com/getpublished/article-processing-charges,https://www.google.com/search?q=BMC+IMMUNOLOGY+aims+scope+instructions+for+authors+APC
179,4-Q3,2,JOURNAL OF BACK AND MUSCULOSKELETAL REHABILITATION,J BACK MUSCULOSKELET,1053-8127,1878-6324,1.6,1.9,Q3,95/175,Q3,Q3,0.69,46.0,199.0,3089.0,ORTHOPEDICS; REHABILITATION,ORTHOPEDICS(JIF Q3/JCI Q3) | REHABILITATION(JIF Q3/JCI Q3),SAGE PUBLICATIONS INC,SAGE,是,SCIE,混合为主,"订阅路线通常无APC；SAGE Choice常见 USD 2,000-4,000",中,https://us.sagepub.com/en-us/nam/sage-choice,https://www.google.com/search?q=JOURNAL+OF+BACK+AND+MUSCULOSKELETAL+REHABILITATION+aims+scope+instructions+for+authors+APC
180,4-Q3,2,Nigerian Journal of Clinical Practice,NIGER J CLIN PRACT,1119-3077,2229-7731,0.9,1.0,Q3,195/336,Q3,Q3,0.29,42.1,199.0,3106.0,"MEDICINE, GENERAL & INTERNAL","MEDICINE, GENERAL & INTERNAL(JIF Q3/JCI Q3)",WOLTERS KLUWER MEDKNOW PUBLICATIONS,Wolters Kluwer/LWW,是,SCIE,混合为主,"订阅路线通常无APC；OA常见 USD 2,000-4,000；MEDICINE已拉黑",中,https://wkauthorservices.editage.com/open-access/,https://www.google.com/search?q=Nigerian+Journal+of+Clinical+Practice+aims+scope+instructions+for+authors+APC
181,4-Q3,2,Journal of Diabetes and Metabolic Disorders,J DIABETES METAB DIS,,2251-6581,2.1,2.6,Q3,148/198,Q4,Q4,0.36,25.5,198.0,3898.0,ENDOCRINOLOGY & METABOLISM,ENDOCRINOLOGY & METABOLISM(JIF Q3/JCI Q4),SPRINGER INT PUBL AG,Springer,否,ESCI,混合为主,"订阅路线通常无APC；选OA约 USD 2,790-4,290",中,https://www.springer.com/gp/open-access,https://www.google.com/search?q=Journal+of+Diabetes+and+Metabolic+Disorders+aims+scope+instructions+for+authors+APC
182,4-Q3,2,IBRO Neuroscience Reports,IBRO NEUROSCI REP,2667-2421,2667-2421,2.9,3.1,Q3,193/330,Q3,Q3,0.67,41.7,197.0,1317.0,NEUROSCIENCES,NEUROSCIENCES(JIF Q3/JCI Q3),ELSEVIER,Elsevier,否,ESCI,混合为主,"订阅路线通常无APC；Gold OA常见 USD 2,200-4,200",中,https://www.elsevier.com/open-access/agreements,https://www.google.com/search?q=IBRO+Neuroscience+Reports+aims+scope+instructions+for+authors+APC
183,4-Q3,2,JOURNAL OF DENTAL EDUCATION,J DENT EDUC,0022-0337,1930-7837,1.7,2.0,Q3,97/165,Q3,Q3,0.63,41.5,197.0,5901.0,"DENTISTRY, ORAL SURGERY & MEDICINE","DENTISTRY, ORAL SURGERY & MEDICINE(JIF Q3/JCI Q3)",WILEY,Wiley,是,SCIE,混合为主,"订阅路线通常无APC；OnlineOpen常见 USD 3,200-4,700",中,https://authorservices.wiley.com/author-resources/Journal-Authors/open-access/article-publication-charges.html,https://www.google.com/search?q=JOURNAL+OF+DENTAL+EDUCATION+aims+scope+instructions+for+authors+APC
184,4-Q3,2,BIOCHIMIE,BIOCHIMIE,0300-9084,1638-6183,3.4,3.6,Q3,174/328,Q2,Q2,0.67,47.1,195.0,12193.0,BIOCHEMISTRY & MOLECULAR BIOLOGY,BIOCHEMISTRY & MOLECULAR BIOLOGY(JIF Q3/JCI Q2),ELSEVIER FRANCE-EDITIONS SCIENTIFIQUES MEDICALES ELSEVIER,Elsevier,是,SCIE,混合为主,"订阅路线通常无APC；Gold OA常见 USD 2,200-4,200",中,https://www.elsevier.com/open-access/agreements,https://www.google.com/search?q=BIOCHIMIE+aims+scope+instructions+for+authors+APC
185,4-Q3,2,COMBINATORIAL CHEMISTRY & HIGH THROUGHPUT SCREENING,COMB CHEM HIGH T SCR,1386-2073,1875-5402,1.7,1.6,Q3,54/77,Q4,Q3,0.38,25.1,195.0,2957.0,PHARMACOLOGY & PHARMACY,PHARMACOLOGY & PHARMACY(JIF Q3/JCI Q4),BENTHAM SCIENCE PUBL LTD,其他,是,SCIE,需核实,请查期刊官网 Author / Open Access 页面,未知,,https://www.google.com/search?q=COMBINATORIAL+CHEMISTRY+&+HIGH+THROUGHPUT+SCREENING+aims+scope+instructions+for+authors+APC
186,4-Q3,2,CURRENT SCIENCE,CURR SCI INDIA,0011-3891,0011-3891,0.9,1.2,Q3,94/140,Q3,Q3,0.22,33.2,195.0,12555.0,MULTIDISCIPLINARY SCIENCES,MULTIDISCIPLINARY SCIENCES(JIF Q3/JCI Q3),INDIAN ACAD SCIENCES,其他,是,SCIE,需核实,请查期刊官网 Author / Open Access 页面,未知,,https://www.google.com/search?q=CURRENT+SCIENCE+aims+scope+instructions+for+authors+APC
187,4-Q3,2,JOURNAL OF PAEDIATRICS AND CHILD HEALTH,J PAEDIATR CHILD H,1034-4810,1440-1754,1.4,1.6,Q3,112/190,Q3,Q3,0.6,41.3,194.0,5675.0,PEDIATRICS,PEDIATRICS(JIF Q3/JCI Q3),WILEY,Wiley,是,SCIE,混合为主,"订阅路线通常无APC；OnlineOpen常见 USD 3,200-4,700",中,https://authorservices.wiley.com/author-resources/Journal-Authors/open-access/article-publication-charges.html,https://www.google.com/search?q=JOURNAL+OF+PAEDIATRICS+AND+CHILD+HEALTH+aims+scope+instructions+for+authors+APC
188,4-Q3,2,DEVELOPMENTAL AND COMPARATIVE IMMUNOLOGY,DEV COMP IMMUNOL,0145-305X,1879-0089,2.4,2.7,Q3,18/183,Q2,Q1,0.97,28.1,193.0,10630.0,IMMUNOLOGY,IMMUNOLOGY(JIF Q3/JCI Q2),ELSEVIER SCI LTD,Elsevier,是,SCIE,混合为主,"订阅路线通常无APC；Gold OA常见 USD 2,200-4,200",中,https://www.elsevier.com/open-access/agreements,https://www.google.com/search?q=DEVELOPMENTAL+AND+COMPARATIVE+IMMUNOLOGY+aims+scope+instructions+for+authors+APC
189,4-Q3,2,JOURNAL OF NEUROIMMUNOLOGY,J NEUROIMMUNOL,0165-5728,1872-8421,3.1,2.8,Q3,172/330,Q3,Q3,0.63,48.0,192.0,9975.0,IMMUNOLOGY; NEUROSCIENCES,IMMUNOLOGY(JIF Q3/JCI Q3) | NEUROSCIENCES(JIF Q3/JCI Q3),ELSEVIER,Elsevier,是,SCIE,混合为主,"订阅路线通常无APC；Gold OA常见 USD 2,200-4,200",中,https://www.elsevier.com/open-access/agreements,https://www.google.com/search?q=JOURNAL+OF+NEUROIMMUNOLOGY+aims+scope+instructions+for+authors+APC
190,4-Q3,2,CLINICAL GENETICS,CLIN GENET,0009-9163,1399-0004,2.1,2.9,Q3,125/192,Q3,Q3,0.55,35.2,191.0,8110.0,GENETICS & HEREDITY,GENETICS & HEREDITY(JIF Q3/JCI Q3),WILEY,Wiley,是,SCIE,混合为主,"订阅路线通常无APC；OnlineOpen常见 USD 3,200-4,700",中,https://authorservices.wiley.com/author-resources/Journal-Authors/open-access/article-publication-charges.html,https://www.google.com/search?q=CLINICAL+GENETICS+aims+scope+instructions+for+authors+APC
191,4-Q3,2,CORTEX,CORTEX,0010-9452,1973-8102,3.2,3.8,Q3,12/57,Q2,Q1,0.95,49.5,190.0,14510.0,NEUROSCIENCES,NEUROSCIENCES(JIF Q3/JCI Q2),"ELSEVIER MASSON, CORP OFF",Elsevier,是,SCIE; SSCI,混合为主,"订阅路线通常无APC；Gold OA常见 USD 2,200-4,200",中,https://www.elsevier.com/open-access/agreements,https://www.google.com/search?q=CORTEX+aims+scope+instructions+for+authors+APC
192,4-Q3,2,Applied Clinical Informatics,APPL CLIN INFORM,1869-0327,1869-0327,2.7,2.9,Q3,37/54,Q4,Q4,0.55,32.4,190.0,2968.0,MEDICAL INFORMATICS,MEDICAL INFORMATICS(JIF Q3/JCI Q4),GEORG THIEME VERLAG KG,Thieme,是,SCIE,混合为主,订阅路线通常无APC；OA另计,中低,https://www.thieme.com/en-us/open-access,https://www.google.com/search?q=Applied+Clinical+Informatics+aims+scope+instructions+for+authors+APC
193,4-Q3,2,Journal of Allergy and Clinical Immunology: Global,J ALLER CL IMM-GLOB,,2772-8293,2.6,2.7,Q3,22/40,Q2,Q2,0.62,46.3,190.0,963.0,ALLERGY; IMMUNOLOGY,ALLERGY(JIF Q3/JCI Q2) | IMMUNOLOGY(JIF Q3/JCI Q3),ELSEVIER,Elsevier,否,ESCI,混合为主,"订阅路线通常无APC；Gold OA常见 USD 2,200-4,200",中,https://www.elsevier.com/open-access/agreements,https://www.google.com/search?q=Journal+of+Allergy+and+Clinical+Immunology:+Global+aims+scope+instructions+for+authors+APC
194,4-Q3,2,MAGNETIC RESONANCE IMAGING,MAGN RESON IMAGING,0730-725X,1873-5894,2.1,2.3,Q3,114/217,Q2,Q2,0.63,47.7,190.0,8538.0,"RADIOLOGY, NUCLEAR MEDICINE & MEDICAL IMAGING","RADIOLOGY, NUCLEAR MEDICINE & MEDICAL IMAGING(JIF Q3/JCI Q2)",ELSEVIER SCIENCE INC,Elsevier,是,SCIE,混合为主,"订阅路线通常无APC；Gold OA常见 USD 2,200-4,200",中,https://www.elsevier.com/open-access/agreements,https://www.google.com/search?q=MAGNETIC+RESONANCE+IMAGING+aims+scope+instructions+for+authors+APC
195,4-Q3,2,JOURNAL OF CANCER EDUCATION,J CANCER EDUC,0885-8195,1543-0154,1.6,2.0,Q3,45/89,Q3,Q3,0.45,32.2,189.0,4247.0,"ONCOLOGY; PUBLIC, ENVIRONMENTAL & OCCUPATIONAL HEALTH","ONCOLOGY(JIF Q4/JCI Q3) | PUBLIC, ENVIRONMENTAL & OCCUPATIONAL HEALTH(JIF Q3/JCI Q3)",SPRINGER,Springer,是,SCIE,混合为主,"订阅路线通常无APC；选OA约 USD 2,790-4,290",中,https://www.springer.com/gp/open-access,https://www.google.com/search?q=JOURNAL+OF+CANCER+EDUCATION+aims+scope+instructions+for+authors+APC
196,4-Q3,2,Journal of Vascular Access,J VASC ACCESS,1129-7298,1724-6032,2.0,2.5,Q3,63/100,Q4,Q4,0.34,37.5,188.0,3609.0,PERIPHERAL VASCULAR DISEASE,PERIPHERAL VASCULAR DISEASE(JIF Q3/JCI Q4),SAGE PUBLICATIONS LTD,SAGE,是,SCIE,混合为主,"订阅路线通常无APC；SAGE Choice常见 USD 2,000-4,000",中,https://us.sagepub.com/en-us/nam/sage-choice,https://www.google.com/search?q=Journal+of+Vascular+Access+aims+scope+instructions+for+authors+APC
197,4-Q3,2,International Journal of Clinical Oncology,INT J CLIN ONCOL,1341-9625,1437-7772,3.0,3.0,Q3,172/333,Q3,Q3,0.6,48.5,187.0,5800.0,ONCOLOGY,ONCOLOGY(JIF Q3/JCI Q3),SPRINGER JAPAN KK,Springer,是,SCIE,混合为主,"订阅路线通常无APC；选OA约 USD 2,790-4,290",中,https://www.springer.com/gp/open-access,https://www.google.com/search?q=International+Journal+of+Clinical+Oncology+aims+scope+instructions+for+authors+APC
198,4-Q3,2,Veterinary Parasitology- Regional Studies and Reports,VET PARASITOL REG ST,2405-9390,2405-9390,1.6,1.6,Q3,76/170,Q3,Q2,0.64,35.1,187.0,1883.0,PARASITOLOGY,PARASITOLOGY(JIF Q3/JCI Q3),ELSEVIER,Elsevier,否,ESCI,混合为主,"订阅路线通常无APC；Gold OA常见 USD 2,200-4,200",中,https://www.elsevier.com/open-access/agreements,https://www.google.com/search?q=Veterinary+Parasitology-+Regional+Studies+and+Reports+aims+scope+instructions+for+authors+APC
199,4-Q3,2,Circulation Reports,CIRC REP,,2434-0790,2.3,,Q3,125/237,Q3,Q3,0.44,47.5,185.0,922.0,CARDIAC & CARDIOVASCULAR SYSTEMS,CARDIAC & CARDIOVASCULAR SYSTEMS(JIF Q3/JCI Q3),JAPANESE CIRCULATION SOC,其他,否,ESCI,需核实,请查期刊官网 Author / Open Access 页面,未知,,https://www.google.com/search?q=Circulation+Reports+aims+scope+instructions+for+authors+APC
200,4-Q3,2,FISH PHYSIOLOGY AND BIOCHEMISTRY,FISH PHYSIOL BIOCHEM,0920-1742,1573-5168,3.0,3.3,Q3,18/63,Q2,Q2,0.89,38.9,184.0,7199.0,BIOCHEMISTRY & MOLECULAR BIOLOGY,BIOCHEMISTRY & MOLECULAR BIOLOGY(JIF Q3/JCI Q2),SPRINGER,Springer,是,SCIE,混合为主,"订阅路线通常无APC；选OA约 USD 2,790-4,290",中,https://www.springer.com/gp/open-access,https://www.google.com/search?q=FISH+PHYSIOLOGY+AND+BIOCHEMISTRY+aims+scope+instructions+for+authors+APC
201,4-Q3,2,Geriatrics & Gerontology International,GERIATR GERONTOL INT,1444-1586,1447-0594,2.7,3.3,Q3,15/49,Q3,Q2,0.72,35.4,183.0,7599.0,GERIATRICS & GERONTOLOGY,GERIATRICS & GERONTOLOGY(JIF Q3/JCI Q3),WILEY,Wiley,是,SCIE; SSCI,混合为主,"订阅路线通常无APC；OnlineOpen常见 USD 3,200-4,700",中,https://authorservices.wiley.com/author-resources/Journal-Authors/open-access/article-publication-charges.html,https://www.google.com/search?q=Geriatrics+&+Gerontology+International+aims+scope+instructions+for+authors+APC
202,4-Q3,2,Spine Deformity,SPINE DEFORM,2212-134X,2212-1358,1.7,2.0,Q3,82/147,Q3,Q3,0.6,44.6,183.0,3165.0,CLINICAL NEUROLOGY; ORTHOPEDICS,CLINICAL NEUROLOGY(JIF Q3/JCI Q3) | ORTHOPEDICS(JIF Q3/JCI Q3),SPRINGER,Springer,否,ESCI,混合为主,"订阅路线通常无APC；选OA约 USD 2,790-4,290",中,https://www.springer.com/gp/open-access,https://www.google.com/search?q=Spine+Deformity+aims+scope+instructions+for+authors+APC
203,4-Q3,2,International Journal of Biomathematics,INT J BIOMATH,1793-5245,1793-7159,1.7,1.8,Q3,49/67,Q3,Q3,0.53,27.6,183.0,1811.0,MATHEMATICAL & COMPUTATIONAL BIOLOGY,MATHEMATICAL & COMPUTATIONAL BIOLOGY(JIF Q3/JCI Q3),WORLD SCIENTIFIC PUBL CO PTE LTD,其他,是,SCIE,需核实,请查期刊官网 Author / Open Access 页面,未知,,https://www.google.com/search?q=International+Journal+of+Biomathematics+aims+scope+instructions+for+authors+APC
204,4-Q3,2,Journal of the American Academy of Orthopaedic Surgeons Global Research and Reviews,JAAOS GLOB RES REV,2474-7661,2474-7661,1.5,2.3,Q3,96/147,Q3,Q3,0.56,35.0,183.0,2067.0,ORTHOPEDICS,ORTHOPEDICS(JIF Q3/JCI Q3),LIPPINCOTT WILLIAMS & WILKINS,Wolters Kluwer/LWW,否,ESCI,混合为主,"订阅路线通常无APC；OA常见 USD 2,000-4,000；MEDICINE已拉黑",中,https://wkauthorservices.editage.com/open-access/,https://www.google.com/search?q=Journal+of+the+American+Academy+of+Orthopaedic+Surgeons+Global+Research+and+Reviews+aims+scope+instructions+for+authors+APC
205,4-Q3,2,Environmental Microbiology Reports,ENV MICROBIOL REP,1758-2229,1758-2229,3.1,3.5,Q3,95/167,Q3,Q3,0.6,43.4,182.0,4804.0,MICROBIOLOGY,MICROBIOLOGY(JIF Q3/JCI Q3),WILEY,Wiley,是,SCIE,混合为主,"订阅路线通常无APC；OnlineOpen常见 USD 3,200-4,700",中,https://authorservices.wiley.com/author-resources/Journal-Authors/open-access/article-publication-charges.html,https://www.google.com/search?q=Environmental+Microbiology+Reports+aims+scope+instructions+for+authors+APC
206,4-Q3,2,ACTA ONCOLOGICA,ACTA ONCOL,0284-186X,1651-226X,2.7,2.8,Q3,185/333,Q3,Q3,0.5,44.6,182.0,8443.0,ONCOLOGY,ONCOLOGY(JIF Q3/JCI Q3),Medical Journal Sweden AB,其他,是,SCIE,需核实,请查期刊官网 Author / Open Access 页面,未知,,https://www.google.com/search?q=ACTA+ONCOLOGICA+aims+scope+instructions+for+authors+APC
207,4-Q3,2,Discover Mental Health,DISCOV MENT HEALTH,,2731-4383,2.2,2.7,Q3,167/293,Q3,Q3,0.54,43.2,182.0,434.0,PSYCHIATRY,PSYCHIATRY(JIF Q3/JCI Q3),SPRINGERNATURE,Springer Nature,否,ESCI,混合/全OA,"全OA约 USD 2,090-3,490；Nature系更高；Scientific Reports已拉黑",中高,https://www.springernature.com/gp/open-research/journals-books/journals,https://www.google.com/search?q=Discover+Mental+Health+aims+scope+instructions+for+authors+APC
208,4-Q3,2,INTERNATIONAL JOURNAL OF HEMATOLOGY,INT J HEMATOL,0925-5710,1865-3774,1.9,1.8,Q3,69/103,Q3,Q3,0.47,33.5,181.0,4658.0,HEMATOLOGY,HEMATOLOGY(JIF Q3/JCI Q3),SPRINGER JAPAN KK,Springer,是,SCIE,混合为主,"订阅路线通常无APC；选OA约 USD 2,790-4,290",中,https://www.springer.com/gp/open-access,https://www.google.com/search?q=INTERNATIONAL+JOURNAL+OF+HEMATOLOGY+aims+scope+instructions+for+authors+APC
209,4-Q3,2,Gynecologic Oncology Reports,GYNECOL ONCOL REP,2352-5789,2352-5789,1.5,1.5,Q3,97/143,Q3,Q3,0.53,32.5,181.0,1806.0,OBSTETRICS & GYNECOLOGY,OBSTETRICS & GYNECOLOGY(JIF Q3/JCI Q3),ELSEVIER SCIENCE INC,Elsevier,否,ESCI,混合为主,"订阅路线通常无APC；Gold OA常见 USD 2,200-4,200",中,https://www.elsevier.com/open-access/agreements,https://www.google.com/search?q=Gynecologic+Oncology+Reports+aims+scope+instructions+for+authors+APC
210,4-Q3,2,Toxicology Research,TOXICOL RES-UK,2045-452X,2045-4538,2.9,2.9,Q3,57/106,Q3,Q3,0.62,46.7,177.0,3420.0,TOXICOLOGY,TOXICOLOGY(JIF Q3/JCI Q3),OXFORD UNIV PRESS,Oxford UP,是,SCIE,混合为主,订阅路线通常无APC；可选OA，费用因刊而异,中,https://academic.oup.com/pages/open-research/open-access,https://www.google.com/search?q=Toxicology+Research+aims+scope+instructions+for+authors+APC
211,4-Q3,2,Network Modeling Analysis in Health Informatics and Bioinformatics,NETW MODEL ANAL HLTH,2192-6662,2192-6670,2.4,2.0,Q3,34/67,Q3,Q3,0.55,50.0,177.0,781.0,MATHEMATICAL & COMPUTATIONAL BIOLOGY,MATHEMATICAL & COMPUTATIONAL BIOLOGY(JIF Q3/JCI Q3),SPRINGER WIEN,Springer,否,ESCI,混合为主,"订阅路线通常无APC；选OA约 USD 2,790-4,290",中,https://www.springer.com/gp/open-access,https://www.google.com/search?q=Network+Modeling+Analysis+in+Health+Informatics+and+Bioinformatics+aims+scope+instructions+for+authors+APC
212,4-Q3,2,ANALYTICAL BIOCHEMISTRY,ANAL BIOCHEM,0003-2697,1096-0309,3.1,2.9,Q3,36/85,Q2,Q2,0.67,41.6,176.0,34529.0,BIOCHEMISTRY & MOLECULAR BIOLOGY,BIOCHEMISTRY & MOLECULAR BIOLOGY(JIF Q3/JCI Q2),ACADEMIC PRESS INC ELSEVIER SCIENCE,Elsevier,是,SCIE,混合为主,"订阅路线通常无APC；Gold OA常见 USD 2,200-4,200",中,https://www.elsevier.com/open-access/agreements,https://www.google.com/search?q=ANALYTICAL+BIOCHEMISTRY+aims+scope+instructions+for+authors+APC
213,4-Q3,2,Respiratory Care,RESP CARE,0020-1324,1943-3654,2.3,2.4,Q3,60/107,Q3,Q3,0.6,44.4,175.0,7413.0,CRITICAL CARE MEDICINE; RESPIRATORY SYSTEM,CRITICAL CARE MEDICINE(JIF Q3/JCI Q3) | RESPIRATORY SYSTEM(JIF Q3/JCI Q3),SAGE PUBLICATIONS INC,SAGE,是,SCIE,混合为主,"订阅路线通常无APC；SAGE Choice常见 USD 2,000-4,000",中,https://us.sagepub.com/en-us/nam/sage-choice,https://www.google.com/search?q=Respiratory+Care+aims+scope+instructions+for+authors+APC
214,4-Q3,2,Journal of Drugs in Dermatology,J DRUGS DERMATOL,1545-9616,1545-9616,2.2,2.0,Q3,50/99,Q3,Q3,0.63,50.0,175.0,4488.0,DERMATOLOGY,DERMATOLOGY(JIF Q3/JCI Q3),JOURNAL OF DRUGS IN DERMATOLOGY,其他,是,SCIE,需核实,请查期刊官网 Author / Open Access 页面,未知,,https://www.google.com/search?q=Journal+of+Drugs+in+Dermatology+aims+scope+instructions+for+authors+APC
215,4-Q3,2,International Journal of Rheumatic Diseases,INT J RHEUM DIS,1756-1841,1756-185X,2.0,2.2,Q3,36/58,Q3,Q3,0.5,38.8,175.0,5330.0,RHEUMATOLOGY,RHEUMATOLOGY(JIF Q3/JCI Q3),WILEY,Wiley,是,SCIE,混合为主,"订阅路线通常无APC；OnlineOpen常见 USD 3,200-4,700",中,https://authorservices.wiley.com/author-resources/Journal-Authors/open-access/article-publication-charges.html,https://www.google.com/search?q=International+Journal+of+Rheumatic+Diseases+aims+scope+instructions+for+authors+APC
216,4-Q3,2,Journal of Genetic Engineering and Biotechnology,J GENET ENG BIOTECHN,2090-5920,2090-5920,3.4,4.5,Q3,92/180,Q2,Q2,0.68,49.2,174.0,4097.0,BIOTECHNOLOGY & APPLIED MICROBIOLOGY,BIOTECHNOLOGY & APPLIED MICROBIOLOGY(JIF Q3/JCI Q2),ELSEVIER SCIENCE INC,Elsevier,否,ESCI,混合为主,"订阅路线通常无APC；Gold OA常见 USD 2,200-4,200",中,https://www.elsevier.com/open-access/agreements,https://www.google.com/search?q=Journal+of+Genetic+Engineering+and+Biotechnology+aims+scope+instructions+for+authors+APC
217,4-Q3,2,JBMR Plus,JBMR PLUS,,2473-4039,3.0,3.6,Q3,111/198,Q3,Q3,0.63,44.2,174.0,2760.0,ENDOCRINOLOGY & METABOLISM,ENDOCRINOLOGY & METABOLISM(JIF Q3/JCI Q3),OXFORD UNIV PRESS,Oxford UP,否,ESCI,混合为主,订阅路线通常无APC；可选OA，费用因刊而异,中,https://academic.oup.com/pages/open-research/open-access,https://www.google.com/search?q=JBMR+Plus+aims+scope+instructions+for+authors+APC
218,4-Q3,2,Neuropsychologia,NEUROPSYCHOLOGIA,0028-3932,1873-3514,2.5,2.8,Q3,39/104,Q3,Q3,0.71,33.5,173.0,23241.0,NEUROSCIENCES,NEUROSCIENCES(JIF Q3/JCI Q3),PERGAMON-ELSEVIER SCIENCE LTD,Elsevier,是,SCIE; SSCI,混合为主,"订阅路线通常无APC；Gold OA常见 USD 2,200-4,200",中,https://www.elsevier.com/open-access/agreements,https://www.google.com/search?q=Neuropsychologia+aims+scope+instructions+for+authors+APC
219,4-Q3,2,CYTOTECHNOLOGY,CYTOTECHNOLOGY,0920-9069,1573-0778,2.2,2.2,Q3,127/180,Q4,Q4,0.36,29.7,173.0,3290.0,BIOTECHNOLOGY & APPLIED MICROBIOLOGY; CELL BIOLOGY,BIOTECHNOLOGY & APPLIED MICROBIOLOGY(JIF Q3/JCI Q4) | CELL BIOLOGY(JIF Q4/JCI Q4),SPRINGER,Springer,是,SCIE,混合为主,"订阅路线通常无APC；选OA约 USD 2,790-4,290",中,https://www.springer.com/gp/open-access,https://www.google.com/search?q=CYTOTECHNOLOGY+aims+scope+instructions+for+authors+APC
220,4-Q3,2,Respiratory Investigation,RESPIR INVESTIG,2212-5345,2212-5353,2.1,2.3,Q3,68/107,Q3,Q3,0.58,36.9,172.0,2145.0,RESPIRATORY SYSTEM,RESPIRATORY SYSTEM(JIF Q3/JCI Q3),ELSEVIER,Elsevier,否,ESCI,混合为主,"订阅路线通常无APC；Gold OA常见 USD 2,200-4,200",中,https://www.elsevier.com/open-access/agreements,https://www.google.com/search?q=Respiratory+Investigation+aims+scope+instructions+for+authors+APC
221,4-Q3,2,AMERICAN JOURNAL OF HEALTH-SYSTEM PHARMACY,AM J HEALTH-SYST PH,1079-2082,1535-2900,1.9,2.4,Q3,253/356,Q3,Q3,0.44,29.1,172.0,6487.0,PHARMACOLOGY & PHARMACY,PHARMACOLOGY & PHARMACY(JIF Q3/JCI Q3),OXFORD UNIV PRESS INC,Oxford UP,是,SCIE,混合为主,订阅路线通常无APC；可选OA，费用因刊而异,中,https://academic.oup.com/pages/open-research/open-access,https://www.google.com/search?q=AMERICAN+JOURNAL+OF+HEALTH-SYSTEM+PHARMACY+aims+scope+instructions+for+authors+APC
222,4-Q3,2,Discover Social Science and Health,DISCOV SOC SCI HLTH,,2731-0469,1.5,1.5,Q3,34/48,Q4,Q4,0.44,30.2,172.0,259.0,"PUBLIC, ENVIRONMENTAL & OCCUPATIONAL HEALTH; SOCIAL SCIENCES, BIOMEDICAL","PUBLIC, ENVIRONMENTAL & OCCUPATIONAL HEALTH(JIF Q3/JCI Q4) | SOCIAL SCIENCES, BIOMEDICAL(JIF Q3/JCI Q4)",SPRINGERNATURE,Springer Nature,否,ESCI,混合/全OA,"全OA约 USD 2,090-3,490；Nature系更高；Scientific Reports已拉黑",中高,https://www.springernature.com/gp/open-research/journals-books/journals,https://www.google.com/search?q=Discover+Social+Science+and+Health+aims+scope+instructions+for+authors+APC
223,4-Q3,2,PEDIATRIC EMERGENCY CARE,PEDIATR EMERG CARE,0749-5161,1535-1815,1.1,1.2,Q3,36/55,Q3,Q3,0.59,35.5,172.0,5145.0,EMERGENCY MEDICINE; PEDIATRICS,EMERGENCY MEDICINE(JIF Q3/JCI Q3) | PEDIATRICS(JIF Q3/JCI Q3),LIPPINCOTT WILLIAMS & WILKINS,Wolters Kluwer/LWW,是,SCIE,混合为主,"订阅路线通常无APC；OA常见 USD 2,000-4,000；MEDICINE已拉黑",中,https://wkauthorservices.editage.com/open-access/,https://www.google.com/search?q=PEDIATRIC+EMERGENCY+CARE+aims+scope+instructions+for+authors+APC
224,4-Q3,2,BIOTECHNOLOGY AND APPLIED BIOCHEMISTRY,BIOTECHNOL APPL BIOC,0885-4513,1470-8744,2.5,3.4,Q3,118/180,Q3,Q3,0.48,34.7,171.0,4833.0,BIOCHEMISTRY & MOLECULAR BIOLOGY; BIOTECHNOLOGY & APPLIED MICROBIOLOGY,BIOCHEMISTRY & MOLECULAR BIOLOGY(JIF Q3/JCI Q3) | BIOTECHNOLOGY & APPLIED MICROBIOLOGY(JIF Q3/JCI Q3),WILEY,Wiley,是,SCIE,混合为主,"订阅路线通常无APC；OnlineOpen常见 USD 3,200-4,700",中,https://authorservices.wiley.com/author-resources/Journal-Authors/open-access/article-publication-charges.html,https://www.google.com/search?q=BIOTECHNOLOGY+AND+APPLIED+BIOCHEMISTRY+aims+scope+instructions+for+authors+APC
225,4-Q3,2,CPT-Pharmacometrics & Systems Pharmacology,CPT-PHARMACOMET SYST,2163-8306,2163-8306,2.8,3.3,Q3,181/356,Q2,Q2,0.8,49.3,170.0,4495.0,PHARMACOLOGY & PHARMACY,PHARMACOLOGY & PHARMACY(JIF Q3/JCI Q2),WILEY,Wiley,是,SCIE,混合为主,"订阅路线通常无APC；OnlineOpen常见 USD 3,200-4,700",中,https://authorservices.wiley.com/author-resources/Journal-Authors/open-access/article-publication-charges.html,https://www.google.com/search?q=CPT-Pharmacometrics+&+Systems+Pharmacology+aims+scope+instructions+for+authors+APC
226,4-Q3,2,Experimental and Therapeutic Medicine,EXP THER MED,1792-0981,1792-1015,2.2,2.6,Q3,120/191,Q3,Q3,0.51,37.4,170.0,22619.0,"MEDICINE, RESEARCH & EXPERIMENTAL","MEDICINE, RESEARCH & EXPERIMENTAL(JIF Q3/JCI Q3)",SPANDIDOS PUBL LTD,其他,是,SCIE,需核实,请查期刊官网 Author / Open Access 页面,未知,,https://www.google.com/search?q=Experimental+and+Therapeutic+Medicine+aims+scope+instructions+for+authors+APC
227,4-Q3,2,International Journal of Occupational Safety and Ergonomics,INT J OCCUP SAF ERGO,1080-3548,2376-9130,1.8,2.4,Q3,273/443,Q3,Q3,0.57,38.5,170.0,3081.0,"PUBLIC, ENVIRONMENTAL & OCCUPATIONAL HEALTH","PUBLIC, ENVIRONMENTAL & OCCUPATIONAL HEALTH(JIF Q3/JCI Q3)",TAYLOR & FRANCIS LTD,Taylor & Francis,否,SSCI,混合为主,"订阅路线通常无APC；Open Select常见 USD 2,500-3,500",中,https://authorservices.taylorandfrancis.com/publishing-open-access/,https://www.google.com/search?q=International+Journal+of+Occupational+Safety+and+Ergonomics+aims+scope+instructions+for+authors+APC
228,4-Q3,2,PHYSIOTHERAPY THEORY AND PRACTICE,PHYSIOTHER THEOR PR,0959-3985,1532-5040,1.6,2.0,Q3,95/175,Q3,Q3,0.71,46.0,170.0,4297.0,REHABILITATION,REHABILITATION(JIF Q3/JCI Q3),TAYLOR & FRANCIS INC,Taylor & Francis,是,SCIE,混合为主,"订阅路线通常无APC；Open Select常见 USD 2,500-3,500",中,https://authorservices.taylorandfrancis.com/publishing-open-access/,https://www.google.com/search?q=PHYSIOTHERAPY+THEORY+AND+PRACTICE+aims+scope+instructions+for+authors+APC
229,4-Q3,2,Iranian Journal of Science,IRAN J SCI,2731-8095,2731-8109,1.4,1.4,Q3,74/140,Q2,Q2,0.57,47.5,170.0,614.0,MULTIDISCIPLINARY SCIENCES,MULTIDISCIPLINARY SCIENCES(JIF Q3/JCI Q2),SPRINGER INT PUBL AG,Springer,是,SCIE,混合为主,"订阅路线通常无APC；选OA约 USD 2,790-4,290",中,https://www.springer.com/gp/open-access,https://www.google.com/search?q=Iranian+Journal+of+Science+aims+scope+instructions+for+authors+APC
230,4-Q3,2,Ulusal Travma ve Acil Cerrahi Dergisi-Turkish Journal of Trauma & Emergency Surgery,ULUS TRAVMA ACIL CER,1306-696X,1307-7945,1.3,1.2,Q3,34/55,Q3,Q3,0.57,39.1,170.0,1792.0,EMERGENCY MEDICINE,EMERGENCY MEDICINE(JIF Q3/JCI Q3),TURKISH ASSOC TRAUMA EMERGENCY SURGERY,其他,是,SCIE,需核实,请查期刊官网 Author / Open Access 页面,未知,,https://www.google.com/search?q=Ulusal+Travma+ve+Acil+Cerrahi+Dergisi-Turkish+Journal+of+Trauma+&+Emergency+Surgery+aims+scope+instructions+for+authors+APC
231,4-Q3,2,Chemical Biology & Drug Design,CHEM BIOL DRUG DES,1747-0277,1747-0285,3.3,3.5,Q3,178/328,Q3,Q3,0.59,45.9,168.0,6950.0,"BIOCHEMISTRY & MOLECULAR BIOLOGY; CHEMISTRY, MEDICINAL","BIOCHEMISTRY & MOLECULAR BIOLOGY(JIF Q3/JCI Q3) | CHEMISTRY, MEDICINAL(JIF Q3/JCI Q3)",WILEY,Wiley,是,SCIE,混合为主,"订阅路线通常无APC；OnlineOpen常见 USD 3,200-4,700",中,https://authorservices.wiley.com/author-resources/Journal-Authors/open-access/article-publication-charges.html,https://www.google.com/search?q=Chemical+Biology+&+Drug+Design+aims+scope+instructions+for+authors+APC
232,4-Q3,2,JOURNAL OF CHILD NEUROLOGY,J CHILD NEUROL,0883-0738,1708-8283,1.6,1.8,Q3,101/190,Q3,Q3,0.6,47.1,167.0,5841.0,CLINICAL NEUROLOGY; PEDIATRICS,CLINICAL NEUROLOGY(JIF Q4/JCI Q3) | PEDIATRICS(JIF Q3/JCI Q3),SAGE PUBLICATIONS INC,SAGE,是,SCIE,混合为主,"订阅路线通常无APC；SAGE Choice常见 USD 2,000-4,000",中,https://us.sagepub.com/en-us/nam/sage-choice,https://www.google.com/search?q=JOURNAL+OF+CHILD+NEUROLOGY+aims+scope+instructions+for+authors+APC
233,4-Q3,2,Clinical Teacher,CLIN TEACH,1743-4971,1743-498X,1.7,1.9,Q3,141/191,Q4,Q4,0.34,26.4,166.0,1850.0,"MEDICINE, RESEARCH & EXPERIMENTAL","MEDICINE, RESEARCH & EXPERIMENTAL(JIF Q3/JCI Q4)",WILEY,Wiley,否,ESCI,混合为主,"订阅路线通常无APC；OnlineOpen常见 USD 3,200-4,700",中,https://authorservices.wiley.com/author-resources/Journal-Authors/open-access/article-publication-charges.html,https://www.google.com/search?q=Clinical+Teacher+aims+scope+instructions+for+authors+APC
234,4-Q3,2,International Journal of Developmental Disabilities,INT J DEV DISABIL,2047-3869,2047-3877,1.4,2.1,Q3,38/62,Q2,Q2,0.89,36.9,166.0,1719.0,REHABILITATION,REHABILITATION(JIF Q3/JCI Q2),TAYLOR & FRANCIS LTD,Taylor & Francis,否,SSCI,混合为主,"订阅路线通常无APC；Open Select常见 USD 2,500-3,500",中,https://authorservices.taylorandfrancis.com/publishing-open-access/,https://www.google.com/search?q=International+Journal+of+Developmental+Disabilities+aims+scope+instructions+for+authors+APC
235,4-Q3,2,JOURNAL OF PEDIATRIC ENDOCRINOLOGY & METABOLISM,J PEDIATR ENDOCR MET,0334-018X,2191-0251,1.0,1.2,Q3,137/190,Q4,Q4,0.36,28.2,166.0,3741.0,ENDOCRINOLOGY & METABOLISM; PEDIATRICS,ENDOCRINOLOGY & METABOLISM(JIF Q4/JCI Q4) | PEDIATRICS(JIF Q3/JCI Q4),WALTER DE GRUYTER GMBH,De Gruyter,是,SCIE,混合/OA,因刊而异,中,https://www.degruyter.com/publishing/publications/openaccess,https://www.google.com/search?q=JOURNAL+OF+PEDIATRIC+ENDOCRINOLOGY+&+METABOLISM+aims+scope+instructions+for+authors+APC
236,4-Q3,2,FEBS LETTERS,FEBS LETT,0014-5793,1873-3468,3.1,3.4,Q3,29/81,Q3,Q3,0.51,41.6,165.0,36481.0,BIOCHEMISTRY & MOLECULAR BIOLOGY; CELL BIOLOGY,BIOCHEMISTRY & MOLECULAR BIOLOGY(JIF Q3/JCI Q3) | CELL BIOLOGY(JIF Q3/JCI Q3),WILEY,Wiley,是,SCIE,混合为主,"订阅路线通常无APC；OnlineOpen常见 USD 3,200-4,700",中,https://authorservices.wiley.com/author-resources/Journal-Authors/open-access/article-publication-charges.html,https://www.google.com/search?q=FEBS+LETTERS+aims+scope+instructions+for+authors+APC
237,4-Q3,2,ACTA OTO-LARYNGOLOGICA,ACTA OTO-LARYNGOL,0001-6489,1651-2251,1.3,1.3,Q3,39/67,Q3,Q3,0.73,42.5,165.0,6649.0,OTORHINOLARYNGOLOGY,OTORHINOLARYNGOLOGY(JIF Q3/JCI Q3),TAYLOR & FRANCIS LTD,Taylor & Francis,是,SCIE,混合为主,"订阅路线通常无APC；Open Select常见 USD 2,500-3,500",中,https://authorservices.taylorandfrancis.com/publishing-open-access/,https://www.google.com/search?q=ACTA+OTO-LARYNGOLOGICA+aims+scope+instructions+for+authors+APC
238,4-Q3,2,JOURNAL OF BIOMEDICAL MATERIALS RESEARCH PART B-APPLIED BIOMATERIALS,J BIOMED MATER RES B,1552-4973,1552-4981,3.0,3.5,Q3,69/130,Q3,Q3,0.51,47.3,164.0,10477.0,"ENGINEERING, BIOMEDICAL; MATERIALS SCIENCE, BIOMATERIALS","ENGINEERING, BIOMEDICAL(JIF Q3/JCI Q3) | MATERIALS SCIENCE, BIOMATERIALS(JIF Q3/JCI Q3)",WILEY,Wiley,是,SCIE,混合为主,"订阅路线通常无APC；OnlineOpen常见 USD 3,200-4,700",中,https://authorservices.wiley.com/author-resources/Journal-Authors/open-access/article-publication-charges.html,https://www.google.com/search?q=JOURNAL+OF+BIOMEDICAL+MATERIALS+RESEARCH+PART+B-APPLIED+BIOMATERIALS+aims+scope+instructions+for+authors+APC
239,4-Q3,2,PROTEINS-STRUCTURE FUNCTION AND BIOINFORMATICS,PROTEINS,0887-3585,1097-0134,3.3,2.7,Q3,27/81,Q2,Q2,0.67,45.9,163.0,13784.0,BIOCHEMISTRY & MOLECULAR BIOLOGY,BIOCHEMISTRY & MOLECULAR BIOLOGY(JIF Q3/JCI Q2),WILEY,Wiley,是,SCIE,混合为主,"订阅路线通常无APC；OnlineOpen常见 USD 3,200-4,700",中,https://authorservices.wiley.com/author-resources/Journal-Authors/open-access/article-publication-charges.html,https://www.google.com/search?q=PROTEINS-STRUCTURE+FUNCTION+AND+BIOINFORMATICS+aims+scope+instructions+for+authors+APC
240,4-Q3,2,Biomolecules and Biomedicine,BIOMOL BIOMED,2831-0896,2831-090X,2.8,2.8,Q3,103/191,Q3,Q3,0.56,46.3,163.0,1299.0,"MEDICINE, RESEARCH & EXPERIMENTAL","MEDICINE, RESEARCH & EXPERIMENTAL(JIF Q3/JCI Q3)",ASSOC BASIC MEDICAL SCI FEDERATION BOSNIA & HERZEGOVINA SARAJEVO,其他,是,SCIE,需核实,请查期刊官网 Author / Open Access 页面,未知,,https://www.google.com/search?q=Biomolecules+and+Biomedicine+aims+scope+instructions+for+authors+APC
241,4-Q3,2,Cadernos de Saude Publica,CAD SAUDE PUBLICA,0102-311X,1678-4464,2.1,2.4,Q3,231/443,Q3,Q3,0.45,48.0,162.0,7151.0,"PUBLIC, ENVIRONMENTAL & OCCUPATIONAL HEALTH","PUBLIC, ENVIRONMENTAL & OCCUPATIONAL HEALTH(JIF Q3/JCI Q3)",CADERNOS SAUDE PUBLICA,其他,是,"SCIE, SSCI",需核实,请查期刊官网 Author / Open Access 页面,未知,,https://www.google.com/search?q=Cadernos+de+Saude+Publica+aims+scope+instructions+for+authors+APC
242,4-Q3,2,MEDICAL ENGINEERING & PHYSICS,MED ENG PHYS,1350-4533,1873-4030,2.4,2.5,Q3,81/130,Q3,Q3,0.42,38.1,161.0,7446.0,"ENGINEERING, BIOMEDICAL","ENGINEERING, BIOMEDICAL(JIF Q3/JCI Q3)",IOP Publishing Ltd,其他,是,SCIE,需核实,请查期刊官网 Author / Open Access 页面,未知,,https://www.google.com/search?q=MEDICAL+ENGINEERING+&+PHYSICS+aims+scope+instructions+for+authors+APC
243,4-Q3,2,Journal of Wound Care,J WOUND CARE,0969-0700,2052-2916,2.0,2.1,Q3,55/99,Q3,Q3,0.63,44.9,161.0,4476.0,DERMATOLOGY,DERMATOLOGY(JIF Q3/JCI Q3),MA HEALTHCARE LTD,其他,是,SCIE,需核实,请查期刊官网 Author / Open Access 页面,未知,,https://www.google.com/search?q=Journal+of+Wound+Care+aims+scope+instructions+for+authors+APC
244,4-Q3,2,Journal of Genetic Counseling,J GENET COUNS,1059-7700,1573-3599,1.9,2.3,Q3,27/48,Q2,Q2,0.66,44.8,161.0,3940.0,"GENETICS & HEREDITY; HEALTH POLICY & SERVICES; SOCIAL SCIENCES, BIOMEDICAL","GENETICS & HEREDITY(JIF Q3/JCI Q2) | HEALTH POLICY & SERVICES(JIF Q3/JCI Q3) | SOCIAL SCIENCES, BIOMEDICAL(JIF Q3/JCI Q3)",WILEY,Wiley,是,SCIE; SSCI,混合为主,"订阅路线通常无APC；OnlineOpen常见 USD 3,200-4,700",中,https://authorservices.wiley.com/author-resources/Journal-Authors/open-access/article-publication-charges.html,https://www.google.com/search?q=Journal+of+Genetic+Counseling+aims+scope+instructions+for+authors+APC
245,4-Q3,2,JOURNAL OF ASTHMA,J ASTHMA,0277-0903,1532-4303,1.6,1.9,Q3,29/40,Q3,Q3,0.46,28.7,161.0,4458.0,ALLERGY; RESPIRATORY SYSTEM,ALLERGY(JIF Q3/JCI Q3) | RESPIRATORY SYSTEM(JIF Q3/JCI Q3),TAYLOR & FRANCIS LTD,Taylor & Francis,是,SCIE,混合为主,"订阅路线通常无APC；Open Select常见 USD 2,500-3,500",中,https://authorservices.taylorandfrancis.com/publishing-open-access/,https://www.google.com/search?q=JOURNAL+OF+ASTHMA+aims+scope+instructions+for+authors+APC
246,4-Q3,2,ORVOSI HETILAP,ORVOSI HETILAP,0030-6002,1788-6120,1.0,0.6,Q3,186/336,Q3,Q3,0.29,44.8,161.0,1605.0,"MEDICINE, GENERAL & INTERNAL","MEDICINE, GENERAL & INTERNAL(JIF Q3/JCI Q3)",AKADEMIAI KIADO ZRT,其他,是,SCIE,需核实,请查期刊官网 Author / Open Access 页面,未知,,https://www.google.com/search?q=ORVOSI+HETILAP+aims+scope+instructions+for+authors+APC
247,4-Q3,2,OMEGA-JOURNAL OF DEATH AND DYING,OMEGA-J DEATH DYING,0030-2228,1541-3764,1.5,2.1,Q3,124/222,Q4,Q3,0.49,30.2,160.0,4071.0,"SOCIAL SCIENCES, BIOMEDICAL","SOCIAL SCIENCES, BIOMEDICAL(JIF Q3/JCI Q4)",SAGE PUBLICATIONS INC,SAGE,否,SSCI,混合为主,"订阅路线通常无APC；SAGE Choice常见 USD 2,000-4,000",中,https://us.sagepub.com/en-us/nam/sage-choice,https://www.google.com/search?q=OMEGA-JOURNAL+OF+DEATH+AND+DYING+aims+scope+instructions+for+authors+APC
248,4-Q3,2,Clinical Breast Cancer,CLIN BREAST CANCER,1526-8209,1938-0666,2.7,3.0,Q3,185/333,Q3,Q3,0.55,44.6,159.0,4956.0,ONCOLOGY,ONCOLOGY(JIF Q3/JCI Q3),"CIG MEDIA GROUP, LP",其他,是,SCIE,需核实,请查期刊官网 Author / Open Access 页面,未知,,https://www.google.com/search?q=Clinical+Breast+Cancer+aims+scope+instructions+for+authors+APC
249,4-Q3,2,JOURNAL OF PUBLIC HEALTH MANAGEMENT AND PRACTICE,J PUBLIC HEALTH MAN,1078-4659,1550-5022,1.7,2.0,Q3,287/443,Q3,Q3,0.58,35.3,159.0,3353.0,"PUBLIC, ENVIRONMENTAL & OCCUPATIONAL HEALTH","PUBLIC, ENVIRONMENTAL & OCCUPATIONAL HEALTH(JIF Q3/JCI Q3)",LIPPINCOTT WILLIAMS & WILKINS,Wolters Kluwer/LWW,否,SSCI,混合为主,"订阅路线通常无APC；OA常见 USD 2,000-4,000；MEDICINE已拉黑",中,https://wkauthorservices.editage.com/open-access/,https://www.google.com/search?q=JOURNAL+OF+PUBLIC+HEALTH+MANAGEMENT+AND+PRACTICE+aims+scope+instructions+for+authors+APC
250,4-Q3,2,LUPUS,LUPUS,0961-2033,1477-0962,1.8,2.2,Q3,38/58,Q3,Q3,0.54,35.3,158.0,8024.0,RHEUMATOLOGY,RHEUMATOLOGY(JIF Q3/JCI Q3),SAGE PUBLICATIONS LTD,SAGE,是,SCIE,混合为主,"订阅路线通常无APC；SAGE Choice常见 USD 2,000-4,000",中,https://us.sagepub.com/en-us/nam/sage-choice,https://www.google.com/search?q=LUPUS+aims+scope+instructions+for+authors+APC
251,4-Q3,2,Operative Neurosurgery,OPER NEUROSURG,2332-4252,2332-4260,1.6,2.0,Q3,176/321,Q3,Q3,0.63,45.3,158.0,3577.0,CLINICAL NEUROLOGY; SURGERY,CLINICAL NEUROLOGY(JIF Q4/JCI Q3) | SURGERY(JIF Q3/JCI Q3),LIPPINCOTT WILLIAMS & WILKINS,Wolters Kluwer/LWW,是,SCIE,混合为主,"订阅路线通常无APC；OA常见 USD 2,000-4,000；MEDICINE已拉黑",中,https://wkauthorservices.editage.com/open-access/,https://www.google.com/search?q=Operative+Neurosurgery+aims+scope+instructions+for+authors+APC
252,4-Q3,2,Journal of Patient Experience,J PATIENT EXPERIENCE,2374-3743,2374-3735,2.0,2.3,Q3,124/194,Q3,Q3,0.59,36.3,157.0,2549.0,HEALTH CARE SCIENCES & SERVICES,HEALTH CARE SCIENCES & SERVICES(JIF Q3/JCI Q3),SAGE PUBLICATIONS INC,SAGE,否,ESCI,混合为主,"订阅路线通常无APC；SAGE Choice常见 USD 2,000-4,000",中,https://us.sagepub.com/en-us/nam/sage-choice,https://www.google.com/search?q=Journal+of+Patient+Experience+aims+scope+instructions+for+authors+APC
253,4-Q3,2,PARASITOLOGY RESEARCH,PARASITOL RES,0932-0113,1432-1955,1.9,2.1,Q3,27/47,Q3,Q3,0.63,43.6,157.0,14496.0,PARASITOLOGY,PARASITOLOGY(JIF Q3/JCI Q3),SPRINGER,Springer,是,SCIE,混合为主,"订阅路线通常无APC；选OA约 USD 2,790-4,290",中,https://www.springer.com/gp/open-access,https://www.google.com/search?q=PARASITOLOGY+RESEARCH+aims+scope+instructions+for+authors+APC
254,4-Q3,2,Clinical Spine Surgery,CLIN SPINE SURG,2380-0186,2380-0194,1.9,1.9,Q3,74/147,Q3,Q3,0.61,50.0,157.0,3124.0,CLINICAL NEUROLOGY; ORTHOPEDICS,CLINICAL NEUROLOGY(JIF Q3/JCI Q3) | ORTHOPEDICS(JIF Q3/JCI Q3),LIPPINCOTT WILLIAMS & WILKINS,Wolters Kluwer/LWW,是,SCIE,混合为主,"订阅路线通常无APC；OA常见 USD 2,000-4,000；MEDICINE已拉黑",中,https://wkauthorservices.editage.com/open-access/,https://www.google.com/search?q=Clinical+Spine+Surgery+aims+scope+instructions+for+authors+APC
255,4-Q3,2,DIABETIC MEDICINE,DIABETIC MED,0742-3071,1464-5491,3.3,3.6,Q3,100/198,Q3,Q3,0.69,49.7,156.0,13441.0,ENDOCRINOLOGY & METABOLISM,ENDOCRINOLOGY & METABOLISM(JIF Q3/JCI Q3),WILEY,Wiley,是,SCIE,混合为主,"订阅路线通常无APC；OnlineOpen常见 USD 3,200-4,700",中,https://authorservices.wiley.com/author-resources/Journal-Authors/open-access/article-publication-charges.html,https://www.google.com/search?q=DIABETIC+MEDICINE+aims+scope+instructions+for+authors+APC
256,4-Q3,2,LEUKEMIA & LYMPHOMA,LEUKEMIA LYMPHOMA,1042-8194,1029-2403,2.1,2.2,Q3,61/103,Q3,Q3,0.41,41.3,156.0,9091.0,HEMATOLOGY; ONCOLOGY,HEMATOLOGY(JIF Q3/JCI Q3) | ONCOLOGY(JIF Q3/JCI Q3),TAYLOR & FRANCIS LTD,Taylor & Francis,是,SCIE,混合为主,"订阅路线通常无APC；Open Select常见 USD 2,500-3,500",中,https://authorservices.taylorandfrancis.com/publishing-open-access/,https://www.google.com/search?q=LEUKEMIA+&+LYMPHOMA+aims+scope+instructions+for+authors+APC
257,4-Q3,2,Journal of Arrhythmia,J ARRYTHM,1880-4276,1883-2148,1.9,1.8,Q3,151/237,Q3,Q3,0.42,36.5,156.0,1800.0,CARDIAC & CARDIOVASCULAR SYSTEMS,CARDIAC & CARDIOVASCULAR SYSTEMS(JIF Q3/JCI Q3),WILEY,Wiley,否,ESCI,混合为主,"订阅路线通常无APC；OnlineOpen常见 USD 3,200-4,700",中,https://authorservices.wiley.com/author-resources/Journal-Authors/open-access/article-publication-charges.html,https://www.google.com/search?q=Journal+of+Arrhythmia+aims+scope+instructions+for+authors+APC
258,4-Q3,2,FEBS Open Bio,FEBS OPEN BIO,2211-5463,2211-5463,2.7,2.8,Q3,218/328,Q3,Q3,0.47,33.7,155.0,4508.0,BIOCHEMISTRY & MOLECULAR BIOLOGY,BIOCHEMISTRY & MOLECULAR BIOLOGY(JIF Q3/JCI Q3),WILEY,Wiley,是,SCIE,混合为主,"订阅路线通常无APC；OnlineOpen常见 USD 3,200-4,700",中,https://authorservices.wiley.com/author-resources/Journal-Authors/open-access/article-publication-charges.html,https://www.google.com/search?q=FEBS+Open+Bio+aims+scope+instructions+for+authors+APC
259,4-Q3,2,JOURNAL OF ORTHOPAEDIC SCIENCE,J ORTHOP SCI,0949-2658,1436-2023,1.7,1.7,Q3,82/147,Q2,Q2,0.8,44.6,155.0,5297.0,ORTHOPEDICS,ORTHOPEDICS(JIF Q3/JCI Q2),ELSEVIER,Elsevier,是,SCIE,混合为主,"订阅路线通常无APC；Gold OA常见 USD 2,200-4,200",中,https://www.elsevier.com/open-access/agreements,https://www.google.com/search?q=JOURNAL+OF+ORTHOPAEDIC+SCIENCE+aims+scope+instructions+for+authors+APC
260,4-Q3,2,JOURNAL OF THE AMERICAN PHARMACISTS ASSOCIATION,J AM PHARM ASSOC,1544-3191,1544-3450,2.4,2.3,Q3,215/356,Q3,Q3,0.63,39.7,154.0,4478.0,PHARMACOLOGY & PHARMACY,PHARMACOLOGY & PHARMACY(JIF Q3/JCI Q3),ELSEVIER,Elsevier,是,SCIE,混合为主,"订阅路线通常无APC；Gold OA常见 USD 2,200-4,200",中,https://www.elsevier.com/open-access/agreements,https://www.google.com/search?q=JOURNAL+OF+THE+AMERICAN+PHARMACISTS+ASSOCIATION+aims+scope+instructions+for+authors+APC
261,4-Q3,2,BIOMETRICS,BIOMETRICS,0006-341X,1541-0420,1.6,2.4,Q3,62/170,Q2,Q2,0.57,40.1,154.0,26917.0,BIOLOGY; MATHEMATICAL & COMPUTATIONAL BIOLOGY,BIOLOGY(JIF Q3/JCI Q2) | MATHEMATICAL & COMPUTATIONAL BIOLOGY(JIF Q3/JCI Q3),OXFORD UNIV PRESS,Oxford UP,是,SCIE,混合为主,订阅路线通常无APC；可选OA，费用因刊而异,中,https://academic.oup.com/pages/open-research/open-access,https://www.google.com/search?q=BIOMETRICS+aims+scope+instructions+for+authors+APC
262,4-Q3,2,Biomedical Reports,BIOMED REP,2049-9434,2049-9442,2.5,2.5,Q3,111/191,Q3,Q3,0.46,42.1,153.0,3618.0,"MEDICINE, RESEARCH & EXPERIMENTAL","MEDICINE, RESEARCH & EXPERIMENTAL(JIF Q3/JCI Q3)",SPANDIDOS PUBL LTD,其他,否,ESCI,需核实,请查期刊官网 Author / Open Access 页面,未知,,https://www.google.com/search?q=Biomedical+Reports+aims+scope+instructions+for+authors+APC
263,4-Q3,2,AME Case Reports,AME CASE REP,2523-1995,2523-1995,0.6,0.7,Q3,227/336,Q3,Q3,0.19,32.6,153.0,240.0,"MEDICINE, GENERAL & INTERNAL","MEDICINE, GENERAL & INTERNAL(JIF Q3/JCI Q3)",AME PUBLISHING COMPANY,其他,否,ESCI,需核实,请查期刊官网 Author / Open Access 页面,未知,,https://www.google.com/search?q=AME+Case+Reports+aims+scope+instructions+for+authors+APC
264,4-Q3,2,JOURNAL OF COMPUTER-AIDED MOLECULAR DESIGN,J COMPUT AID MOL DES,0920-654X,1573-4951,3.0,3.5,Q3,30/81,Q2,Q2,0.72,38.9,151.0,5873.0,BIOCHEMISTRY & MOLECULAR BIOLOGY,BIOCHEMISTRY & MOLECULAR BIOLOGY(JIF Q3/JCI Q2),SPRINGER,Springer,是,SCIE,混合为主,"订阅路线通常无APC；选OA约 USD 2,790-4,290",中,https://www.springer.com/gp/open-access,https://www.google.com/search?q=JOURNAL+OF+COMPUTER-AIDED+MOLECULAR+DESIGN+aims+scope+instructions+for+authors+APC
265,4-Q3,2,Cities & Health,CITIES HEALTH,2374-8834,2374-8842,1.9,,Q3,260/443,Q3,Q2,0.58,41.4,151.0,1137.0,"PUBLIC, ENVIRONMENTAL & OCCUPATIONAL HEALTH","PUBLIC, ENVIRONMENTAL & OCCUPATIONAL HEALTH(JIF Q3/JCI Q3)",TAYLOR & FRANCIS LTD,Taylor & Francis,否,ESCI,混合为主,"订阅路线通常无APC；Open Select常见 USD 2,500-3,500",中,https://authorservices.taylorandfrancis.com/publishing-open-access/,https://www.google.com/search?q=Cities+&+Health+aims+scope+instructions+for+authors+APC
266,4-Q3,2,Biology Open,BIOL OPEN,2046-6390,2046-6390,1.8,2.0,Q3,55/106,Q2,Q2,0.49,48.6,151.0,4051.0,BIOLOGY,BIOLOGY(JIF Q3/JCI Q2),COMPANY BIOLOGISTS LTD,其他,是,SCIE,需核实,请查期刊官网 Author / Open Access 页面,未知,,https://www.google.com/search?q=Biology+Open+aims+scope+instructions+for+authors+APC
267,4-Q3,2,Health Promotion Practice,HEALTH PROMOT PRACT,1524-8399,1552-6372,1.5,2.0,Q3,325/443,Q4,Q4,0.43,26.7,151.0,3572.0,"PUBLIC, ENVIRONMENTAL & OCCUPATIONAL HEALTH","PUBLIC, ENVIRONMENTAL & OCCUPATIONAL HEALTH(JIF Q3/JCI Q4)",SAGE PUBLICATIONS INC,SAGE,否,ESCI,混合为主,"订阅路线通常无APC；SAGE Choice常见 USD 2,000-4,000",中,https://us.sagepub.com/en-us/nam/sage-choice,https://www.google.com/search?q=Health+Promotion+Practice+aims+scope+instructions+for+authors+APC
268,4-Q3,2,MOLECULAR BIOTECHNOLOGY,MOL BIOTECHNOL,1073-6085,1559-0305,3.2,3.2,Q3,95/180,Q3,Q3,0.5,47.5,150.0,6289.0,BIOCHEMISTRY & MOLECULAR BIOLOGY; BIOTECHNOLOGY & APPLIED MICROBIOLOGY,BIOCHEMISTRY & MOLECULAR BIOLOGY(JIF Q3/JCI Q3) | BIOTECHNOLOGY & APPLIED MICROBIOLOGY(JIF Q3/JCI Q3),SPRINGERNATURE,Springer Nature,是,SCIE,混合/全OA,"全OA约 USD 2,090-3,490；Nature系更高；Scientific Reports已拉黑",中高,https://www.springernature.com/gp/open-research/journals-books/journals,https://www.google.com/search?q=MOLECULAR+BIOTECHNOLOGY+aims+scope+instructions+for+authors+APC
269,4-Q3,2,Journal of Alzheimers Disease Reports,J ALZHEIMERS DIS REP,,2542-4823,3.1,3.4,Q3,172/330,Q4,Q4,0.5,48.0,150.0,1704.0,NEUROSCIENCES,NEUROSCIENCES(JIF Q3/JCI Q4),SAGE PUBLICATIONS INC,SAGE,否,ESCI,混合为主,"订阅路线通常无APC；SAGE Choice常见 USD 2,000-4,000",中,https://us.sagepub.com/en-us/nam/sage-choice,https://www.google.com/search?q=Journal+of+Alzheimers+Disease+Reports+aims+scope+instructions+for+authors+APC
270,4-Q3,2,CLINICAL ENDOCRINOLOGY,CLIN ENDOCRINOL,0300-0664,1365-2265,2.8,3.2,Q3,117/198,Q3,Q3,0.56,41.2,150.0,13022.0,ENDOCRINOLOGY & METABOLISM,ENDOCRINOLOGY & METABOLISM(JIF Q3/JCI Q3),WILEY,Wiley,是,SCIE,混合为主,"订阅路线通常无APC；OnlineOpen常见 USD 3,200-4,700",中,https://authorservices.wiley.com/author-resources/Journal-Authors/open-access/article-publication-charges.html,https://www.google.com/search?q=CLINICAL+ENDOCRINOLOGY+aims+scope+instructions+for+authors+APC
271,4-Q3,2,JOURNAL OF HUMAN NUTRITION AND DIETETICS,J HUM NUTR DIET,0952-3871,1365-277X,2.3,3.3,Q3,76/114,Q3,Q3,0.48,33.8,150.0,4802.0,NUTRITION & DIETETICS,NUTRITION & DIETETICS(JIF Q3/JCI Q3),WILEY,Wiley,是,SCIE,混合为主,"订阅路线通常无APC；OnlineOpen常见 USD 3,200-4,700",中,https://authorservices.wiley.com/author-resources/Journal-Authors/open-access/article-publication-charges.html,https://www.google.com/search?q=JOURNAL+OF+HUMAN+NUTRITION+AND+DIETETICS+aims+scope+instructions+for+authors+APC
272,4-Q3,2,ECOTOXICOLOGY,ECOTOXICOLOGY,0963-9292,1573-3017,2.7,2.8,Q3,86/205,Q3,Q2,0.64,40.1,147.0,6399.0,TOXICOLOGY,TOXICOLOGY(JIF Q3/JCI Q3),SPRINGER,Springer,是,SCIE,混合为主,"订阅路线通常无APC；选OA约 USD 2,790-4,290",中,https://www.springer.com/gp/open-access,https://www.google.com/search?q=ECOTOXICOLOGY+aims+scope+instructions+for+authors+APC
273,4-Q3,2,JAPANESE JOURNAL OF CLINICAL ONCOLOGY,JPN J CLIN ONCOL,0368-2811,1465-3621,2.5,2.3,Q3,204/333,Q3,Q3,0.43,38.9,147.0,5584.0,ONCOLOGY,ONCOLOGY(JIF Q3/JCI Q3),OXFORD UNIV PRESS,Oxford UP,是,SCIE,混合为主,订阅路线通常无APC；可选OA，费用因刊而异,中,https://academic.oup.com/pages/open-research/open-access,https://www.google.com/search?q=JAPANESE+JOURNAL+OF+CLINICAL+ONCOLOGY+aims+scope+instructions+for+authors+APC
274,4-Q3,2,EUROPEAN JOURNAL OF GASTROENTEROLOGY & HEPATOLOGY,EUR J GASTROEN HEPAT,0954-691X,1473-5687,2.1,2.0,Q3,101/153,Q3,Q3,0.5,34.3,147.0,7211.0,GASTROENTEROLOGY & HEPATOLOGY,GASTROENTEROLOGY & HEPATOLOGY(JIF Q3/JCI Q3),LIPPINCOTT WILLIAMS & WILKINS,Wolters Kluwer/LWW,是,SCIE,混合为主,"订阅路线通常无APC；OA常见 USD 2,000-4,000；MEDICINE已拉黑",中,https://wkauthorservices.editage.com/open-access/,https://www.google.com/search?q=EUROPEAN+JOURNAL+OF+GASTROENTEROLOGY+&+HEPATOLOGY+aims+scope+instructions+for+authors+APC
275,4-Q3,2,JOURNAL OF PEDIATRIC HEMATOLOGY ONCOLOGY,J PEDIAT HEMATOL ONC,1077-4114,1536-3678,0.9,0.9,Q3,140/190,Q4,Q4,0.27,26.6,147.0,4349.0,HEMATOLOGY; ONCOLOGY; PEDIATRICS,HEMATOLOGY(JIF Q4/JCI Q4) | ONCOLOGY(JIF Q4/JCI Q4) | PEDIATRICS(JIF Q3/JCI Q4),LIPPINCOTT WILLIAMS & WILKINS,Wolters Kluwer/LWW,是,SCIE,混合为主,"订阅路线通常无APC；OA常见 USD 2,000-4,000；MEDICINE已拉黑",中,https://wkauthorservices.editage.com/open-access/,https://www.google.com/search?q=JOURNAL+OF+PEDIATRIC+HEMATOLOGY+ONCOLOGY+aims+scope+instructions+for+authors+APC
276,4-Q3,2,MARINE BIOTECHNOLOGY,MAR BIOTECHNOL,1436-2228,1436-2236,2.8,2.9,Q3,27/124,Q2,Q1,0.79,41.4,146.0,3973.0,BIOTECHNOLOGY & APPLIED MICROBIOLOGY,BIOTECHNOLOGY & APPLIED MICROBIOLOGY(JIF Q3/JCI Q2),SPRINGER,Springer,是,SCIE,混合为主,"订阅路线通常无APC；选OA约 USD 2,790-4,290",中,https://www.springer.com/gp/open-access,https://www.google.com/search?q=MARINE+BIOTECHNOLOGY+aims+scope+instructions+for+authors+APC
277,4-Q3,2,PREPARATIVE BIOCHEMISTRY & BIOTECHNOLOGY,PREP BIOCHEM BIOTECH,1082-6068,1532-2297,2.2,2.5,Q3,56/85,Q3,Q3,0.48,29.7,146.0,2811.0,BIOCHEMISTRY & MOLECULAR BIOLOGY; BIOTECHNOLOGY & APPLIED MICROBIOLOGY,BIOCHEMISTRY & MOLECULAR BIOLOGY(JIF Q4/JCI Q3) | BIOTECHNOLOGY & APPLIED MICROBIOLOGY(JIF Q3/JCI Q3),TAYLOR & FRANCIS INC,Taylor & Francis,是,SCIE,混合为主,"订阅路线通常无APC；Open Select常见 USD 2,500-3,500",中,https://authorservices.taylorandfrancis.com/publishing-open-access/,https://www.google.com/search?q=PREPARATIVE+BIOCHEMISTRY+&+BIOTECHNOLOGY+aims+scope+instructions+for+authors+APC
278,4-Q3,2,MATERNAL AND CHILD HEALTH JOURNAL,MATERN CHILD HLTH J,1092-7875,1573-6628,1.9,2.3,Q3,260/443,Q3,Q3,0.53,41.4,146.0,8194.0,"PUBLIC, ENVIRONMENTAL & OCCUPATIONAL HEALTH","PUBLIC, ENVIRONMENTAL & OCCUPATIONAL HEALTH(JIF Q3/JCI Q3)",SPRINGER/PLENUM PUBLISHERS,Springer,否,SSCI,混合为主,"订阅路线通常无APC；选OA约 USD 2,790-4,290",中,https://www.springer.com/gp/open-access,https://www.google.com/search?q=MATERNAL+AND+CHILD+HEALTH+JOURNAL+aims+scope+instructions+for+authors+APC
279,4-Q3,2,JASA Express Letters,JASA EXPRESS LETT,,2691-1191,1.5,1.5,Q3,24/41,Q3,Q2,0.62,41.4,146.0,884.0,AUDIOLOGY & SPEECH-LANGUAGE PATHOLOGY,AUDIOLOGY & SPEECH-LANGUAGE PATHOLOGY(JIF Q3/JCI Q3),AIP Publishing,其他,否,ESCI,需核实,请查期刊官网 Author / Open Access 页面,未知,,https://www.google.com/search?q=JASA+Express+Letters+aims+scope+instructions+for+authors+APC
280,4-Q3,2,Journal of Electrocardiology,J ELECTROCARDIOL,0022-0736,1532-8430,1.5,1.3,Q3,162/237,Q3,Q3,0.34,31.9,146.0,3150.0,CARDIAC & CARDIOVASCULAR SYSTEMS,CARDIAC & CARDIOVASCULAR SYSTEMS(JIF Q3/JCI Q3),CHURCHILL LIVINGSTONE INC MEDICAL PUBLISHERS,Elsevier,是,SCIE,混合为主,"订阅路线通常无APC；Gold OA常见 USD 2,200-4,200",中,https://www.elsevier.com/open-access/agreements,https://www.google.com/search?q=Journal+of+Electrocardiology+aims+scope+instructions+for+authors+APC
281,4-Q3,2,Annals of African Medicine,ANN AFR MED,1596-3519,0975-5764,1.0,1.1,Q3,186/336,Q3,Q3,0.27,44.8,146.0,1181.0,"MEDICINE, GENERAL & INTERNAL","MEDICINE, GENERAL & INTERNAL(JIF Q3/JCI Q3)",WOLTERS KLUWER MEDKNOW PUBLICATIONS,Wolters Kluwer/LWW,否,ESCI,混合为主,"订阅路线通常无APC；OA常见 USD 2,000-4,000；MEDICINE已拉黑",中,https://wkauthorservices.editage.com/open-access/,https://www.google.com/search?q=Annals+of+African+Medicine+aims+scope+instructions+for+authors+APC
282,4-Q3,2,JOURNAL OF STEROID BIOCHEMISTRY AND MOLECULAR BIOLOGY,J STEROID BIOCHEM,0960-0760,1879-1220,3.1,3.2,Q3,105/198,Q3,Q3,0.62,47.2,145.0,10829.0,BIOCHEMISTRY & MOLECULAR BIOLOGY; ENDOCRINOLOGY & METABOLISM,BIOCHEMISTRY & MOLECULAR BIOLOGY(JIF Q3/JCI Q3) | ENDOCRINOLOGY & METABOLISM(JIF Q3/JCI Q3),PERGAMON-ELSEVIER SCIENCE LTD,Elsevier,是,SCIE,混合为主,"订阅路线通常无APC；Gold OA常见 USD 2,200-4,200",中,https://www.elsevier.com/open-access/agreements,https://www.google.com/search?q=JOURNAL+OF+STEROID+BIOCHEMISTRY+AND+MOLECULAR+BIOLOGY+aims+scope+instructions+for+authors+APC
283,4-Q3,2,Psychiatry Investigation,PSYCHIAT INVEST,,1976-3026,2.0,2.6,Q3,181/293,Q3,Q3,0.56,38.4,145.0,4129.0,PSYCHIATRY,PSYCHIATRY(JIF Q3/JCI Q3),KOREAN NEUROPSYCHIATRIC ASSOC,其他,是,"SCIE, SSCI",需核实,请查期刊官网 Author / Open Access 页面,未知,,https://www.google.com/search?q=Psychiatry+Investigation+aims+scope+instructions+for+authors+APC
284,4-Q3,2,Hand-American Association for Hand Surgery,HAND-AM ASSOC HAND S,1558-9447,1558-9455,1.3,,Q3,210/321,Q2,Q2,0.66,34.7,145.0,3185.0,ORTHOPEDICS; SURGERY,ORTHOPEDICS(JIF Q3/JCI Q3) | SURGERY(JIF Q3/JCI Q2),SAGE PUBLICATIONS INC,SAGE,否,ESCI,混合为主,"订阅路线通常无APC；SAGE Choice常见 USD 2,000-4,000",中,https://us.sagepub.com/en-us/nam/sage-choice,https://www.google.com/search?q=Hand-American+Association+for+Hand+Surgery+aims+scope+instructions+for+authors+APC
285,4-Q3,2,OPHTHALMIC PLASTIC AND RECONSTRUCTIVE SURGERY,OPHTHAL PLAST RECONS,0740-9303,1537-2677,1.6,1.5,Q3,176/321,Q3,Q3,0.63,45.3,144.0,4605.0,OPHTHALMOLOGY; SURGERY,OPHTHALMOLOGY(JIF Q3/JCI Q3) | SURGERY(JIF Q3/JCI Q3),LIPPINCOTT WILLIAMS & WILKINS,Wolters Kluwer/LWW,是,SCIE,混合为主,"订阅路线通常无APC；OA常见 USD 2,000-4,000；MEDICINE已拉黑",中,https://wkauthorservices.editage.com/open-access/,https://www.google.com/search?q=OPHTHALMIC+PLASTIC+AND+RECONSTRUCTIVE+SURGERY+aims+scope+instructions+for+authors+APC
286,4-Q3,2,Journal of Gastrointestinal Cancer,J GASTROINTEST CANC,1941-6628,1941-6636,2.2,1.8,Q3,228/333,Q4,Q4,0.38,31.7,143.0,2348.0,ONCOLOGY,ONCOLOGY(JIF Q3/JCI Q4),SPRINGER,Springer,否,ESCI,混合为主,"订阅路线通常无APC；选OA约 USD 2,790-4,290",中,https://www.springer.com/gp/open-access,https://www.google.com/search?q=Journal+of+Gastrointestinal+Cancer+aims+scope+instructions+for+authors+APC
287,4-Q3,2,Journal of Forensic and Legal Medicine,J FORENSIC LEG MED,1752-928X,1532-2009,1.7,1.7,Q3,13/24,Q3,Q3,0.68,47.9,143.0,3066.0,"MEDICINE, LEGAL","MEDICINE, LEGAL(JIF Q3/JCI Q3)",ELSEVIER SCI LTD,Elsevier,是,SCIE,混合为主,"订阅路线通常无APC；Gold OA常见 USD 2,200-4,200",中,https://www.elsevier.com/open-access/agreements,https://www.google.com/search?q=Journal+of+Forensic+and+Legal+Medicine+aims+scope+instructions+for+authors+APC
288,4-Q3,2,ACTA DIABETOLOGICA,ACTA DIABETOL,0940-5429,1432-5233,3.1,3.2,Q3,105/198,Q3,Q3,0.66,47.2,142.0,6024.0,ENDOCRINOLOGY & METABOLISM,ENDOCRINOLOGY & METABOLISM(JIF Q3/JCI Q3),SPRINGER-VERLAG ITALIA SRL,Springer,是,SCIE,混合为主,"订阅路线通常无APC；选OA约 USD 2,790-4,290",中,https://www.springer.com/gp/open-access,https://www.google.com/search?q=ACTA+DIABETOLOGICA+aims+scope+instructions+for+authors+APC
289,4-Q3,2,Iranian Journal of Public Health,IRAN J PUBLIC HEALTH,2251-6085,2251-6093,1.9,2.1,Q3,260/443,Q4,Q4,0.33,41.4,142.0,5622.0,"PUBLIC, ENVIRONMENTAL & OCCUPATIONAL HEALTH","PUBLIC, ENVIRONMENTAL & OCCUPATIONAL HEALTH(JIF Q3/JCI Q4)",IRANIAN SCIENTIFIC SOCIETY MEDICAL ENTOMOLOGY,其他,是,"SCIE, SSCI",需核实,请查期刊官网 Author / Open Access 页面,未知,,https://www.google.com/search?q=Iranian+Journal+of+Public+Health+aims+scope+instructions+for+authors+APC
290,4-Q3,2,CEREBELLUM,CEREBELLUM,1473-4222,1473-4230,3.1,3.3,Q3,172/330,Q3,Q3,0.6,48.0,141.0,4969.0,NEUROSCIENCES,NEUROSCIENCES(JIF Q3/JCI Q3),SPRINGER,Springer,是,SCIE,混合为主,"订阅路线通常无APC；选OA约 USD 2,790-4,290",中,https://www.springer.com/gp/open-access,https://www.google.com/search?q=CEREBELLUM+aims+scope+instructions+for+authors+APC
291,4-Q3,2,American Journal of Lifestyle Medicine,AM J LIFESTYLE MED,1559-8276,1559-8284,1.9,2.8,Q3,260/443,Q3,Q3,0.45,41.4,141.0,3666.0,"PUBLIC, ENVIRONMENTAL & OCCUPATIONAL HEALTH","PUBLIC, ENVIRONMENTAL & OCCUPATIONAL HEALTH(JIF Q3/JCI Q3)",SAGE PUBLICATIONS INC,SAGE,否,ESCI,混合为主,"订阅路线通常无APC；SAGE Choice常见 USD 2,000-4,000",中,https://us.sagepub.com/en-us/nam/sage-choice,https://www.google.com/search?q=American+Journal+of+Lifestyle+Medicine+aims+scope+instructions+for+authors+APC
292,4-Q3,2,Emergency Medicine Australasia,EMERG MED AUSTRALAS,,1742-6723,1.5,1.9,Q3,32/55,Q3,Q3,0.69,42.7,141.0,2953.0,EMERGENCY MEDICINE,EMERGENCY MEDICINE(JIF Q3/JCI Q3),WILEY,Wiley,是,SCIE,混合为主,"订阅路线通常无APC；OnlineOpen常见 USD 3,200-4,700",中,https://authorservices.wiley.com/author-resources/Journal-Authors/open-access/article-publication-charges.html,https://www.google.com/search?q=Emergency+Medicine+Australasia+aims+scope+instructions+for+authors+APC
293,4-Q3,2,JOURNAL OF MEDICAL MICROBIOLOGY,J MED MICROBIOL,0022-2615,1473-5644,2.7,2.9,Q3,110/167,Q3,Q3,0.52,34.4,140.0,9176.0,MICROBIOLOGY,MICROBIOLOGY(JIF Q3/JCI Q3),MICROBIOLOGY SOC,其他,是,SCIE,需核实,请查期刊官网 Author / Open Access 页面,未知,,https://www.google.com/search?q=JOURNAL+OF+MEDICAL+MICROBIOLOGY+aims+scope+instructions+for+authors+APC
294,4-Q3,2,Forensic Science Medicine and Pathology,FORENSIC SCI MED PAT,1547-769X,1556-2891,1.6,1.7,Q3,15/24,Q3,Q3,0.55,39.6,140.0,2339.0,"MEDICINE, LEGAL; PATHOLOGY","MEDICINE, LEGAL(JIF Q3/JCI Q3) | PATHOLOGY(JIF Q3/JCI Q3)",HUMANA PRESS INC,其他,是,SCIE,需核实,请查期刊官网 Author / Open Access 页面,未知,,https://www.google.com/search?q=Forensic+Science+Medicine+and+Pathology+aims+scope+instructions+for+authors+APC
295,4-Q3,2,Journal of Minimal Access Surgery,J MINIM ACCESS SURG,0972-9941,1998-3921,1.2,1.0,Q3,219/321,Q3,Q3,0.49,31.9,140.0,1115.0,SURGERY,SURGERY(JIF Q3/JCI Q3),WOLTERS KLUWER MEDKNOW PUBLICATIONS,Wolters Kluwer/LWW,是,SCIE,混合为主,"订阅路线通常无APC；OA常见 USD 2,000-4,000；MEDICINE已拉黑",中,https://wkauthorservices.editage.com/open-access/,https://www.google.com/search?q=Journal+of+Minimal+Access+Surgery+aims+scope+instructions+for+authors+APC
296,4-Q3,2,Oral and Maxillofacial Surgery-Heidelberg,ORAL MAXILLOFAC SURG,1865-1550,1865-1569,1.6,2.1,Q3,104/165,Q3,Q3,0.57,37.3,139.0,2073.0,"DENTISTRY, ORAL SURGERY & MEDICINE","DENTISTRY, ORAL SURGERY & MEDICINE(JIF Q3/JCI Q3)",SPRINGER HEIDELBERG,Springer,否,ESCI,混合为主,"订阅路线通常无APC；选OA约 USD 2,790-4,290",中,https://www.springer.com/gp/open-access,https://www.google.com/search?q=Oral+and+Maxillofacial+Surgery-Heidelberg+aims+scope+instructions+for+authors+APC
297,4-Q3,2,Clinical Imaging,CLIN IMAG,0899-7071,1873-4499,2.2,1.8,Q3,112/217,Q3,Q3,0.53,48.6,138.0,4292.0,"RADIOLOGY, NUCLEAR MEDICINE & MEDICAL IMAGING","RADIOLOGY, NUCLEAR MEDICINE & MEDICAL IMAGING(JIF Q3/JCI Q3)",ELSEVIER SCIENCE INC,Elsevier,是,SCIE,混合为主,"订阅路线通常无APC；Gold OA常见 USD 2,200-4,200",中,https://www.elsevier.com/open-access/agreements,https://www.google.com/search?q=Clinical+Imaging+aims+scope+instructions+for+authors+APC
298,4-Q3,2,COMMUNITY MENTAL HEALTH JOURNAL,COMMUNITY MENT HLT J,0010-3853,1573-2789,2.1,2.7,Q3,231/443,Q2,Q2,0.65,48.0,138.0,5205.0,"HEALTH POLICY & SERVICES; PSYCHIATRY; PUBLIC, ENVIRONMENTAL & OCCUPATIONAL HEALTH","HEALTH POLICY & SERVICES(JIF Q3/JCI Q3) | PSYCHIATRY(JIF Q3/JCI Q3) | PUBLIC, ENVIRONMENTAL & OCCUPATIONAL HEALTH(JIF Q3/JCI Q2)",SPRINGER,Springer,否,SSCI,混合为主,"订阅路线通常无APC；选OA约 USD 2,790-4,290",中,https://www.springer.com/gp/open-access,https://www.google.com/search?q=COMMUNITY+MENTAL+HEALTH+JOURNAL+aims+scope+instructions+for+authors+APC
299,4-Q3,2,Journal of Foot & Ankle Surgery,J FOOT ANKLE SURG,1067-2516,1542-2224,1.4,1.6,Q3,202/321,Q3,Q3,0.58,37.2,137.0,4815.0,ORTHOPEDICS; SURGERY,ORTHOPEDICS(JIF Q3/JCI Q3) | SURGERY(JIF Q3/JCI Q3),ELSEVIER SCIENCE INC,Elsevier,是,SCIE,混合为主,"订阅路线通常无APC；Gold OA常见 USD 2,200-4,200",中,https://www.elsevier.com/open-access/agreements,https://www.google.com/search?q=Journal+of+Foot+&+Ankle+Surgery+aims+scope+instructions+for+authors+APC
300,4-Q3,2,Journal of Laparoendoscopic & Advanced Surgical Techniques,J LAPAROENDOSC ADV S,1092-6429,1557-9034,1.1,1.3,Q3,227/321,Q3,Q3,0.5,29.4,137.0,3922.0,SURGERY,SURGERY(JIF Q3/JCI Q3),SAGE PUBLICATIONS INC,SAGE,是,SCIE,混合为主,"订阅路线通常无APC；SAGE Choice常见 USD 2,000-4,000",中,https://us.sagepub.com/en-us/nam/sage-choice,https://www.google.com/search?q=Journal+of+Laparoendoscopic+&+Advanced+Surgical+Techniques+aims+scope+instructions+for+authors+APC
301,4-Q3,2,JOURNAL OF DIABETES AND ITS COMPLICATIONS,J DIABETES COMPLICAT,1056-8727,1873-460X,3.2,3.2,Q3,103/198,Q2,Q2,0.71,48.2,136.0,6997.0,ENDOCRINOLOGY & METABOLISM,ENDOCRINOLOGY & METABOLISM(JIF Q3/JCI Q2),ELSEVIER SCIENCE INC,Elsevier,是,SCIE,混合为主,"订阅路线通常无APC；Gold OA常见 USD 2,200-4,200",中,https://www.elsevier.com/open-access/agreements,https://www.google.com/search?q=JOURNAL+OF+DIABETES+AND+ITS+COMPLICATIONS+aims+scope+instructions+for+authors+APC
302,4-Q3,2,JOURNAL OF COGNITIVE NEUROSCIENCE,J COGNITIVE NEUROSCI,0898-929X,1530-8898,3.0,3.6,Q3,29/104,Q2,Q2,0.96,45.3,136.0,15561.0,NEUROSCIENCES,NEUROSCIENCES(JIF Q3/JCI Q2),MIT PRESS,其他,是,SCIE; SSCI,需核实,请查期刊官网 Author / Open Access 页面,未知,,https://www.google.com/search?q=JOURNAL+OF+COGNITIVE+NEUROSCIENCE+aims+scope+instructions+for+authors+APC
303,4-Q3,2,Human Cell,HUM CELL,0914-7470,1749-0774,2.8,3.1,Q3,143/207,Q4,Q4,0.38,31.2,136.0,2988.0,CELL BIOLOGY,CELL BIOLOGY(JIF Q3/JCI Q4),SPRINGER JAPAN KK,Springer,是,SCIE,混合为主,"订阅路线通常无APC；选OA约 USD 2,790-4,290",中,https://www.springer.com/gp/open-access,https://www.google.com/search?q=Human+Cell+aims+scope+instructions+for+authors+APC
304,4-Q3,2,COMPARATIVE BIOCHEMISTRY AND PHYSIOLOGY A-MOLECULAR & INTEGRATIVE PHYSIOLOGY,COMP BIOCHEM PHYS A,1095-6433,1531-4332,2.4,2.5,Q3,18/183,Q2,Q1,0.86,25.8,136.0,10507.0,BIOCHEMISTRY & MOLECULAR BIOLOGY,BIOCHEMISTRY & MOLECULAR BIOLOGY(JIF Q3/JCI Q2),ELSEVIER SCIENCE INC,Elsevier,是,SCIE,混合为主,"订阅路线通常无APC；Gold OA常见 USD 2,200-4,200",中,https://www.elsevier.com/open-access/agreements,https://www.google.com/search?q=COMPARATIVE+BIOCHEMISTRY+AND+PHYSIOLOGY+A-MOLECULAR+&+INTEGRATIVE+PHYSIOLOGY+aims+scope+instructions+for+authors+APC
305,4-Q3,2,Arquivos Brasileiros de Cardiologia,ARQ BRAS CARDIOL,0066-782X,1678-4170,2.3,2.4,Q3,125/237,Q3,Q3,0.5,47.5,136.0,4341.0,CARDIAC & CARDIOVASCULAR SYSTEMS,CARDIAC & CARDIOVASCULAR SYSTEMS(JIF Q3/JCI Q3),ARQUIVOS BRASILEIROS CARDIOLOGIA,其他,是,SCIE,需核实,请查期刊官网 Author / Open Access 页面,未知,,https://www.google.com/search?q=Arquivos+Brasileiros+de+Cardiologia+aims+scope+instructions+for+authors+APC
306,4-Q3,2,Journal of Public Health Research,J PUBLIC HEALTH RES,2279-9028,2279-9036,2.1,2.4,Q3,231/443,Q3,Q3,0.54,48.0,136.0,1827.0,"PUBLIC, ENVIRONMENTAL & OCCUPATIONAL HEALTH","PUBLIC, ENVIRONMENTAL & OCCUPATIONAL HEALTH(JIF Q3/JCI Q3)",SAGE PUBLICATIONS INC,SAGE,否,ESCI,混合为主,"订阅路线通常无APC；SAGE Choice常见 USD 2,000-4,000",中,https://us.sagepub.com/en-us/nam/sage-choice,https://www.google.com/search?q=Journal+of+Public+Health+Research+aims+scope+instructions+for+authors+APC
307,4-Q3,2,Journal of VitreoRetinal Diseases,J VITREORETINAL DIS,2474-1264,2474-1272,1.3,1.3,Q3,73/98,Q3,Q3,0.5,26.0,136.0,825.0,OPHTHALMOLOGY,OPHTHALMOLOGY(JIF Q3/JCI Q3),SAGE PUBLICATIONS INC,SAGE,否,ESCI,混合为主,"订阅路线通常无APC；SAGE Choice常见 USD 2,000-4,000",中,https://us.sagepub.com/en-us/nam/sage-choice,https://www.google.com/search?q=Journal+of+VitreoRetinal+Diseases+aims+scope+instructions+for+authors+APC
308,4-Q3,2,Cardiovascular Revascularization Medicine,CARDIOVASC REVASCULA,1553-8389,1878-0938,2.3,1.9,Q3,125/237,Q2,Q2,0.57,47.5,135.0,2939.0,CARDIAC & CARDIOVASCULAR SYSTEMS,CARDIAC & CARDIOVASCULAR SYSTEMS(JIF Q3/JCI Q2),ELSEVIER INC,Elsevier,否,ESCI,混合为主,"订阅路线通常无APC；Gold OA常见 USD 2,200-4,200",中,https://www.elsevier.com/open-access/agreements,https://www.google.com/search?q=Cardiovascular+Revascularization+Medicine+aims+scope+instructions+for+authors+APC
309,4-Q3,2,American Heart Journal Plus: Cardiology Research and Practice,AM HEART J PLUS,,2666-6022,2.3,2.3,Q3,125/237,Q3,Q3,0.49,47.5,135.0,1009.0,CARDIAC & CARDIOVASCULAR SYSTEMS,CARDIAC & CARDIOVASCULAR SYSTEMS(JIF Q3/JCI Q3),ELSEVIER,Elsevier,否,ESCI,混合为主,"订阅路线通常无APC；Gold OA常见 USD 2,200-4,200",中,https://www.elsevier.com/open-access/agreements,https://www.google.com/search?q=American+Heart+Journal+Plus:+Cardiology+Research+and+Practice+aims+scope+instructions+for+authors+APC
310,4-Q3,2,Journal of Investigative Medicine High Impact Case Reports,J INVEST MED HIGH IM,2324-7096,2324-7096,0.7,0.7,Q3,215/336,Q3,Q3,0.23,36.2,135.0,880.0,"MEDICINE, GENERAL & INTERNAL","MEDICINE, GENERAL & INTERNAL(JIF Q3/JCI Q3)",SAGE PUBLICATIONS LTD,SAGE,否,ESCI,混合为主,"订阅路线通常无APC；SAGE Choice常见 USD 2,000-4,000",中,https://us.sagepub.com/en-us/nam/sage-choice,https://www.google.com/search?q=Journal+of+Investigative+Medicine+High+Impact+Case+Reports+aims+scope+instructions+for+authors+APC
311,4-Q3,2,JOURNAL OF AAPOS,J AAPOS,1091-8531,1528-3933,1.3,1.4,Q3,118/190,Q3,Q3,0.51,38.2,134.0,3545.0,OPHTHALMOLOGY; PEDIATRICS,OPHTHALMOLOGY(JIF Q3/JCI Q3) | PEDIATRICS(JIF Q3/JCI Q3),MOSBY-ELSEVIER,Elsevier,是,SCIE,混合为主,"订阅路线通常无APC；Gold OA常见 USD 2,200-4,200",中,https://www.elsevier.com/open-access/agreements,https://www.google.com/search?q=JOURNAL+OF+AAPOS+aims+scope+instructions+for+authors+APC
312,4-Q3,2,INTERNATIONAL JOURNAL OF PHARMACY PRACTICE,INT J PHARM PRACT,0961-7671,2042-7174,2.5,2.3,Q3,205/356,Q4,Q4,0.39,42.6,133.0,1924.0,PHARMACOLOGY & PHARMACY,PHARMACOLOGY & PHARMACY(JIF Q3/JCI Q4),OXFORD UNIV PRESS,Oxford UP,否,ESCI,混合为主,订阅路线通常无APC；可选OA，费用因刊而异,中,https://academic.oup.com/pages/open-research/open-access,https://www.google.com/search?q=INTERNATIONAL+JOURNAL+OF+PHARMACY+PRACTICE+aims+scope+instructions+for+authors+APC
313,4-Q3,2,CJC Open,CJC OPEN,2589-790X,2589-790X,2.1,2.2,Q3,138/237,Q3,Q3,0.47,42.0,133.0,1433.0,CARDIAC & CARDIOVASCULAR SYSTEMS,CARDIAC & CARDIOVASCULAR SYSTEMS(JIF Q3/JCI Q3),ELSEVIER,Elsevier,否,ESCI,混合为主,"订阅路线通常无APC；Gold OA常见 USD 2,200-4,200",中,https://www.elsevier.com/open-access/agreements,https://www.google.com/search?q=CJC+Open+aims+scope+instructions+for+authors+APC
314,4-Q3,2,VOX SANGUINIS,VOX SANG,,1423-0410,1.6,1.8,Q3,74/103,Q3,Q3,0.41,28.6,133.0,3676.0,HEMATOLOGY,HEMATOLOGY(JIF Q3/JCI Q3),WILEY,Wiley,是,SCIE,混合为主,"订阅路线通常无APC；OnlineOpen常见 USD 3,200-4,700",中,https://authorservices.wiley.com/author-resources/Journal-Authors/open-access/article-publication-charges.html,https://www.google.com/search?q=VOX+SANGUINIS+aims+scope+instructions+for+authors+APC
315,4-Q3,2,JOURNAL OF PERINATAL MEDICINE,J PERINAT MED,0300-5577,1619-3997,1.3,1.7,Q3,118/190,Q3,Q3,0.61,38.2,133.0,3406.0,OBSTETRICS & GYNECOLOGY; PEDIATRICS,OBSTETRICS & GYNECOLOGY(JIF Q4/JCI Q3) | PEDIATRICS(JIF Q3/JCI Q3),WALTER DE GRUYTER GMBH,De Gruyter,是,SCIE,混合/OA,因刊而异,中,https://www.degruyter.com/publishing/publications/openaccess,https://www.google.com/search?q=JOURNAL+OF+PERINATAL+MEDICINE+aims+scope+instructions+for+authors+APC
316,4-Q3,2,JOURNAL OF LARYNGOLOGY AND OTOLOGY,J LARYNGOL OTOL,0022-2151,1748-5460,1.1,1.1,Q3,46/67,Q3,Q3,0.56,32.1,133.0,6050.0,OTORHINOLARYNGOLOGY,OTORHINOLARYNGOLOGY(JIF Q3/JCI Q3),CAMBRIDGE UNIV PRESS,Cambridge UP,是,SCIE,混合为主,订阅路线通常无APC；Gold OA因刊而异,中,https://www.cambridge.org/core/open-research/open-access,https://www.google.com/search?q=JOURNAL+OF+LARYNGOLOGY+AND+OTOLOGY+aims+scope+instructions+for+authors+APC
317,4-Q3,2,BIOCHIMICA ET BIOPHYSICA ACTA-GENERAL SUBJECTS,BBA-GEN SUBJECTS,0304-4165,1872-8006,2.9,2.9,Q3,35/81,Q2,Q2,0.64,37.0,131.0,13898.0,BIOCHEMISTRY & MOLECULAR BIOLOGY,BIOCHEMISTRY & MOLECULAR BIOLOGY(JIF Q3/JCI Q2),ELSEVIER,Elsevier,是,SCIE,混合为主,"订阅路线通常无APC；Gold OA常见 USD 2,200-4,200",中,https://www.elsevier.com/open-access/agreements,https://www.google.com/search?q=BIOCHIMICA+ET+BIOPHYSICA+ACTA-GENERAL+SUBJECTS+aims+scope+instructions+for+authors+APC
318,4-Q3,2,CURRENT EYE RESEARCH,CURR EYE RES,0271-3683,1460-2202,1.7,2.1,Q3,60/98,Q2,Q2,0.86,39.3,131.0,6368.0,OPHTHALMOLOGY,OPHTHALMOLOGY(JIF Q3/JCI Q2),TAYLOR & FRANCIS INC,Taylor & Francis,是,SCIE,混合为主,"订阅路线通常无APC；Open Select常见 USD 2,500-3,500",中,https://authorservices.taylorandfrancis.com/publishing-open-access/,https://www.google.com/search?q=CURRENT+EYE+RESEARCH+aims+scope+instructions+for+authors+APC
319,4-Q3,2,FOLIA MICROBIOLOGICA,FOLIA MICROBIOL,0015-5632,1874-9356,3.1,3.2,Q3,100/180,Q3,Q3,0.56,44.7,130.0,3606.0,BIOTECHNOLOGY & APPLIED MICROBIOLOGY; MICROBIOLOGY,BIOTECHNOLOGY & APPLIED MICROBIOLOGY(JIF Q3/JCI Q3) | MICROBIOLOGY(JIF Q3/JCI Q3),SPRINGER,Springer,是,SCIE,混合为主,"订阅路线通常无APC；选OA约 USD 2,790-4,290",中,https://www.springer.com/gp/open-access,https://www.google.com/search?q=FOLIA+MICROBIOLOGICA+aims+scope+instructions+for+authors+APC
320,4-Q3,2,JOURNAL OF MOLECULAR NEUROSCIENCE,J MOL NEUROSCI,0895-8696,1559-1166,2.4,2.9,Q3,225/330,Q3,Q3,0.63,32.0,130.0,6607.0,BIOCHEMISTRY & MOLECULAR BIOLOGY; NEUROSCIENCES,BIOCHEMISTRY & MOLECULAR BIOLOGY(JIF Q3/JCI Q3) | NEUROSCIENCES(JIF Q3/JCI Q3),SPRINGERNATURE,Springer Nature,是,SCIE,混合/全OA,"全OA约 USD 2,090-3,490；Nature系更高；Scientific Reports已拉黑",中高,https://www.springernature.com/gp/open-research/journals-books/journals,https://www.google.com/search?q=JOURNAL+OF+MOLECULAR+NEUROSCIENCE+aims+scope+instructions+for+authors+APC
321,4-Q3,2,Hematology,HEMATOLOGY,1024-5332,1607-8454,2.0,2.0,Q3,67/103,Q3,Q3,0.47,35.4,130.0,2779.0,HEMATOLOGY,HEMATOLOGY(JIF Q3/JCI Q3),TAYLOR & FRANCIS LTD,Taylor & Francis,是,SCIE,混合为主,"订阅路线通常无APC；Open Select常见 USD 2,500-3,500",中,https://authorservices.taylorandfrancis.com/publishing-open-access/,https://www.google.com/search?q=Hematology+aims+scope+instructions+for+authors+APC
322,4-Q3,2,Womens Health Reports,WOMENS HEALTH REP,,2688-4844,1.5,2.1,Q3,97/143,Q3,Q3,0.66,32.5,130.0,963.0,OBSTETRICS & GYNECOLOGY,OBSTETRICS & GYNECOLOGY(JIF Q3/JCI Q3),SAGE PUBLICATIONS INC,SAGE,否,ESCI,混合为主,"订阅路线通常无APC；SAGE Choice常见 USD 2,000-4,000",中,https://us.sagepub.com/en-us/nam/sage-choice,https://www.google.com/search?q=Womens+Health+Reports+aims+scope+instructions+for+authors+APC
323,4-Q3,2,ANNALS OF OTOLOGY RHINOLOGY AND LARYNGOLOGY,ANN OTO RHINOL LARYN,0003-4894,1943-572X,1.3,1.5,Q3,39/67,Q3,Q3,0.68,42.5,130.0,7269.0,OTORHINOLARYNGOLOGY,OTORHINOLARYNGOLOGY(JIF Q3/JCI Q3),SAGE PUBLICATIONS INC,SAGE,是,SCIE,混合为主,"订阅路线通常无APC；SAGE Choice常见 USD 2,000-4,000",中,https://us.sagepub.com/en-us/nam/sage-choice,https://www.google.com/search?q=ANNALS+OF+OTOLOGY+RHINOLOGY+AND+LARYNGOLOGY+aims+scope+instructions+for+authors+APC
324,4-Q3,2,Exploratory Research in Clinical and Social Pharmacy,EXPLOR RES CLIN SOC,,2667-2766,2.6,2.5,Q3,195/356,Q3,Q3,0.58,45.4,129.0,1305.0,PHARMACOLOGY & PHARMACY,PHARMACOLOGY & PHARMACY(JIF Q3/JCI Q3),ELSEVIER,Elsevier,否,ESCI,混合为主,"订阅路线通常无APC；Gold OA常见 USD 2,200-4,200",中,https://www.elsevier.com/open-access/agreements,https://www.google.com/search?q=Exploratory+Research+in+Clinical+and+Social+Pharmacy+aims+scope+instructions+for+authors+APC
325,4-Q3,2,JOURNAL OF EVOLUTIONARY BIOLOGY,J EVOLUTION BIOL,1010-061X,1420-9101,2.3,2.4,Q3,109/205,Q3,Q3,0.58,40.9,129.0,9943.0,GENETICS & HEREDITY,GENETICS & HEREDITY(JIF Q3/JCI Q3),OXFORD UNIV PRESS,Oxford UP,是,SCIE,混合为主,订阅路线通常无APC；可选OA，费用因刊而异,中,https://academic.oup.com/pages/open-research/open-access,https://www.google.com/search?q=JOURNAL+OF+EVOLUTIONARY+BIOLOGY+aims+scope+instructions+for+authors+APC
326,4-Q3,2,ECHOCARDIOGRAPHY-A JOURNAL OF CARDIOVASCULAR ULTRASOUND AND ALLIED TECHNIQUES,ECHOCARDIOGR-J CARD,0742-2822,1540-8175,1.8,1.5,Q3,157/237,Q3,Q3,0.37,34.0,129.0,3857.0,CARDIAC & CARDIOVASCULAR SYSTEMS,CARDIAC & CARDIOVASCULAR SYSTEMS(JIF Q3/JCI Q3),WILEY,Wiley,是,SCIE,混合为主,"订阅路线通常无APC；OnlineOpen常见 USD 3,200-4,700",中,https://authorservices.wiley.com/author-resources/Journal-Authors/open-access/article-publication-charges.html,https://www.google.com/search?q=ECHOCARDIOGRAPHY-A+JOURNAL+OF+CARDIOVASCULAR+ULTRASOUND+AND+ALLIED+TECHNIQUES+aims+scope+instructions+for+authors+APC
327,4-Q3,2,Biomed Research International,BIOMED RES INT,2314-6133,2314-6141,2.9,2.9,Q3,100/191,Q2,Q2,0.58,47.9,128.0,63563.0,"BIOTECHNOLOGY & APPLIED MICROBIOLOGY; MEDICINE, RESEARCH & EXPERIMENTAL","BIOTECHNOLOGY & APPLIED MICROBIOLOGY(JIF Q3/JCI Q3) | MEDICINE, RESEARCH & EXPERIMENTAL(JIF Q3/JCI Q2)",WILEY,Wiley,否,ESCI,混合为主,"订阅路线通常无APC；OnlineOpen常见 USD 3,200-4,700",中,https://authorservices.wiley.com/author-resources/Journal-Authors/open-access/article-publication-charges.html,https://www.google.com/search?q=Biomed+Research+International+aims+scope+instructions+for+authors+APC
328,4-Q3,2,JMIR Cancer,JMIR CANCER,2369-1999,2369-1999,2.6,3.7,Q3,196/333,Q3,Q3,0.56,41.3,128.0,1369.0,ONCOLOGY,ONCOLOGY(JIF Q3/JCI Q3),"JMIR PUBLICATIONS, INC",其他,否,ESCI,需核实,请查期刊官网 Author / Open Access 页面,未知,,https://www.google.com/search?q=JMIR+Cancer+aims+scope+instructions+for+authors+APC
329,4-Q3,2,Future Science OA,FUTUR SCI OA,2056-5623,2056-5623,2.5,2.5,Q3,111/191,Q3,Q3,0.4,42.1,128.0,2073.0,"MEDICINE, RESEARCH & EXPERIMENTAL","MEDICINE, RESEARCH & EXPERIMENTAL(JIF Q3/JCI Q3)",TAYLOR & FRANCIS LTD,Taylor & Francis,否,ESCI,混合为主,"订阅路线通常无APC；Open Select常见 USD 2,500-3,500",中,https://authorservices.taylorandfrancis.com/publishing-open-access/,https://www.google.com/search?q=Future+Science+OA+aims+scope+instructions+for+authors+APC
330,4-Q3,2,SEXUALLY TRANSMITTED DISEASES,SEX TRANSM DIS,0148-5717,1537-4521,1.9,2.2,Q3,103/141,Q3,Q3,0.49,27.3,128.0,5228.0,INFECTIOUS DISEASES,INFECTIOUS DISEASES(JIF Q3/JCI Q3),LIPPINCOTT WILLIAMS & WILKINS,Wolters Kluwer/LWW,是,SCIE,混合为主,"订阅路线通常无APC；OA常见 USD 2,000-4,000；MEDICINE已拉黑",中,https://wkauthorservices.editage.com/open-access/,https://www.google.com/search?q=SEXUALLY+TRANSMITTED+DISEASES+aims+scope+instructions+for+authors+APC
331,4-Q3,2,ARQUIVOS DE NEURO-PSIQUIATRIA,ARQ NEURO-PSIQUIAT,0004-282X,1678-4227,1.9,1.8,Q3,187/293,Q4,Q4,0.41,36.3,128.0,3994.0,NEUROSCIENCES; PSYCHIATRY,NEUROSCIENCES(JIF Q4/JCI Q4) | PSYCHIATRY(JIF Q3/JCI Q4),ASSOC ARQUIVOS NEURO- PSIQUIATRIA,其他,是,SCIE,需核实,请查期刊官网 Author / Open Access 页面,未知,,https://www.google.com/search?q=ARQUIVOS+DE+NEURO-PSIQUIATRIA+aims+scope+instructions+for+authors+APC
332,4-Q3,2,NUCLEAR MEDICINE COMMUNICATIONS,NUCL MED COMMUN,0143-3636,1473-5628,1.4,1.3,Q3,159/217,Q3,Q3,0.41,27.0,128.0,2835.0,"RADIOLOGY, NUCLEAR MEDICINE & MEDICAL IMAGING","RADIOLOGY, NUCLEAR MEDICINE & MEDICAL IMAGING(JIF Q3/JCI Q3)",LIPPINCOTT WILLIAMS & WILKINS,Wolters Kluwer/LWW,是,SCIE,混合为主,"订阅路线通常无APC；OA常见 USD 2,000-4,000；MEDICINE已拉黑",中,https://wkauthorservices.editage.com/open-access/,https://www.google.com/search?q=NUCLEAR+MEDICINE+COMMUNICATIONS+aims+scope+instructions+for+authors+APC
333,4-Q3,2,African Health Sciences,AFR HEALTH SCI,1680-6905,1729-0503,0.9,1.5,Q3,195/336,Q2,Q2,0.41,42.1,128.0,4369.0,"MEDICINE, GENERAL & INTERNAL","MEDICINE, GENERAL & INTERNAL(JIF Q3/JCI Q2)","MAKERERE UNIV, COLL HEALTH SCIENCES,SCH MED",其他,是,SCIE,需核实,请查期刊官网 Author / Open Access 页面,未知,,https://www.google.com/search?q=African+Health+Sciences+aims+scope+instructions+for+authors+APC
334,4-Q3,2,Bioinspiration & Biomimetics,BIOINSPIR BIOMIM,1748-3182,1748-3190,3.5,3.6,Q3,43/178,Q3,Q2,0.64,40.5,127.0,5695.0,"MATERIALS SCIENCE, BIOMATERIALS","MATERIALS SCIENCE, BIOMATERIALS(JIF Q3/JCI Q3)",IOP Publishing Ltd,其他,是,SCIE,需核实,请查期刊官网 Author / Open Access 页面,未知,,https://www.google.com/search?q=Bioinspiration+&+Biomimetics+aims+scope+instructions+for+authors+APC
335,4-Q3,2,NEUROUROLOGY AND URODYNAMICS,NEUROUROL URODYNAM,0733-2467,1520-6777,2.0,2.3,Q3,72/134,Q2,Q2,0.62,46.6,127.0,8281.0,UROLOGY & NEPHROLOGY,UROLOGY & NEPHROLOGY(JIF Q3/JCI Q2),WILEY,Wiley,是,SCIE,混合为主,"订阅路线通常无APC；OnlineOpen常见 USD 3,200-4,700",中,https://authorservices.wiley.com/author-resources/Journal-Authors/open-access/article-publication-charges.html,https://www.google.com/search?q=NEUROUROLOGY+AND+URODYNAMICS+aims+scope+instructions+for+authors+APC
336,4-Q3,2,BJUI Compass,BJUI COMPASS,2688-4526,2688-4526,2.0,2.1,Q3,72/134,Q3,Q3,0.61,46.6,127.0,826.0,UROLOGY & NEPHROLOGY,UROLOGY & NEPHROLOGY(JIF Q3/JCI Q3),WILEY,Wiley,否,ESCI,混合为主,"订阅路线通常无APC；OnlineOpen常见 USD 3,200-4,700",中,https://authorservices.wiley.com/author-resources/Journal-Authors/open-access/article-publication-charges.html,https://www.google.com/search?q=BJUI+Compass+aims+scope+instructions+for+authors+APC
337,4-Q3,2,Revista da Escola de Enfermagem da USP,REV ESC ENFERM USP,0080-6234,1980-220X,1.2,1.6,Q3,136/194,Q3,Q3,0.5,30.2,127.0,2588.0,NURSING,NURSING(JIF Q3/JCI Q3),UNIV SAO PAOLO,其他,是,"SCIE, SSCI",需核实,请查期刊官网 Author / Open Access 页面,未知,,https://www.google.com/search?q=Revista+da+Escola+de+Enfermagem+da+USP+aims+scope+instructions+for+authors+APC
338,4-Q3,2,INTERNATIONAL MICROBIOLOGY,INT MICROBIOL,1139-6709,1618-1905,2.9,3.1,Q3,103/180,Q3,Q3,0.62,43.1,126.0,2874.0,BIOTECHNOLOGY & APPLIED MICROBIOLOGY; MICROBIOLOGY,BIOTECHNOLOGY & APPLIED MICROBIOLOGY(JIF Q3/JCI Q3) | MICROBIOLOGY(JIF Q3/JCI Q3),SPRINGER,Springer,是,SCIE,混合为主,"订阅路线通常无APC；选OA约 USD 2,790-4,290",中,https://www.springer.com/gp/open-access,https://www.google.com/search?q=INTERNATIONAL+MICROBIOLOGY+aims+scope+instructions+for+authors+APC
339,4-Q3,2,JOURNAL OF CLINICAL PHARMACOLOGY,J CLIN PHARMACOL,0091-2700,1552-4604,2.2,2.6,Q3,231/356,Q3,Q3,0.59,35.3,126.0,7663.0,PHARMACOLOGY & PHARMACY,PHARMACOLOGY & PHARMACY(JIF Q3/JCI Q3),WILEY,Wiley,是,SCIE,混合为主,"订阅路线通常无APC；OnlineOpen常见 USD 3,200-4,700",中,https://authorservices.wiley.com/author-resources/Journal-Authors/open-access/article-publication-charges.html,https://www.google.com/search?q=JOURNAL+OF+CLINICAL+PHARMACOLOGY+aims+scope+instructions+for+authors+APC
340,4-Q3,2,JOURNAL OF HELMINTHOLOGY,J HELMINTHOL,0022-149X,1475-2697,2.0,1.8,Q3,37/183,Q2,Q2,0.67,47.9,126.0,2922.0,PARASITOLOGY,PARASITOLOGY(JIF Q3/JCI Q2),CAMBRIDGE UNIV PRESS,Cambridge UP,是,SCIE,混合为主,订阅路线通常无APC；Gold OA因刊而异,中,https://www.cambridge.org/core/open-research/open-access,https://www.google.com/search?q=JOURNAL+OF+HELMINTHOLOGY+aims+scope+instructions+for+authors+APC
341,4-Q3,2,CANADIAN JOURNAL OF NEUROLOGICAL SCIENCES,CAN J NEUROL SCI,0317-1671,2057-0155,1.9,2.7,Q3,201/296,Q4,Q4,0.45,32.3,126.0,4050.0,CLINICAL NEUROLOGY,CLINICAL NEUROLOGY(JIF Q3/JCI Q4),CAMBRIDGE UNIV PRESS,Cambridge UP,是,SCIE,混合为主,订阅路线通常无APC；Gold OA因刊而异,中,https://www.cambridge.org/core/open-research/open-access,https://www.google.com/search?q=CANADIAN+JOURNAL+OF+NEUROLOGICAL+SCIENCES+aims+scope+instructions+for+authors+APC
342,4-Q3,2,HEALTH & SOCIAL CARE IN THE COMMUNITY,HEALTH SOC CARE COMM,0966-0410,1365-2524,1.8,3.2,Q3,23/99,Q2,Q2,0.83,38.5,126.0,8729.0,"PUBLIC, ENVIRONMENTAL & OCCUPATIONAL HEALTH","PUBLIC, ENVIRONMENTAL & OCCUPATIONAL HEALTH(JIF Q3/JCI Q2)",WILEY,Wiley,否,SSCI,混合为主,"订阅路线通常无APC；OnlineOpen常见 USD 3,200-4,700",中,https://authorservices.wiley.com/author-resources/Journal-Authors/open-access/article-publication-charges.html,https://www.google.com/search?q=HEALTH+&+SOCIAL+CARE+IN+THE+COMMUNITY+aims+scope+instructions+for+authors+APC
343,4-Q3,2,TRANSACTIONS OF THE ROYAL SOCIETY OF TROPICAL MEDICINE AND HYGIENE,T ROY SOC TROP MED H,0035-9203,1878-3503,1.6,1.9,Q3,301/443,Q3,Q3,0.52,32.2,126.0,7355.0,"PUBLIC, ENVIRONMENTAL & OCCUPATIONAL HEALTH; TROPICAL MEDICINE","PUBLIC, ENVIRONMENTAL & OCCUPATIONAL HEALTH(JIF Q3/JCI Q3) | TROPICAL MEDICINE(JIF Q3/JCI Q3)",OXFORD UNIV PRESS,Oxford UP,是,SCIE,混合为主,订阅路线通常无APC；可选OA，费用因刊而异,中,https://academic.oup.com/pages/open-research/open-access,https://www.google.com/search?q=TRANSACTIONS+OF+THE+ROYAL+SOCIETY+OF+TROPICAL+MEDICINE+AND+HYGIENE+aims+scope+instructions+for+authors+APC
344,4-Q3,2,JOURNAL OF SPORTS MEDICINE AND PHYSICAL FITNESS,J SPORT MED PHYS FIT,0022-4707,1827-1928,1.3,1.4,Q3,99/136,Q3,Q3,0.48,27.6,126.0,4921.0,SPORT SCIENCES,SPORT SCIENCES(JIF Q3/JCI Q3),EDIZIONI MINERVA MEDICA,其他,是,SCIE,需核实,请查期刊官网 Author / Open Access 页面,未知,,https://www.google.com/search?q=JOURNAL+OF+SPORTS+MEDICINE+AND+PHYSICAL+FITNESS+aims+scope+instructions+for+authors+APC
345,4-Q3,2,Bangladesh Journal of Medical Science,BANGLADESH J MED SCI,2223-4721,2076-0299,0.8,0.7,Q3,205/336,Q3,Q3,0.26,39.1,126.0,796.0,"MEDICINE, GENERAL & INTERNAL","MEDICINE, GENERAL & INTERNAL(JIF Q3/JCI Q3)",IBN SINA TRUST,其他,否,ESCI,需核实,请查期刊官网 Author / Open Access 页面,未知,,https://www.google.com/search?q=Bangladesh+Journal+of+Medical+Science+aims+scope+instructions+for+authors+APC
346,4-Q3,2,DEUTSCHE MEDIZINISCHE WOCHENSCHRIFT,DEUT MED WOCHENSCHR,0012-0472,1439-4413,0.7,0.6,Q3,215/336,Q3,Q3,0.15,36.2,126.0,1680.0,"MEDICINE, GENERAL & INTERNAL","MEDICINE, GENERAL & INTERNAL(JIF Q3/JCI Q3)",GEORG THIEME VERLAG KG,Thieme,是,SCIE,混合为主,订阅路线通常无APC；OA另计,中低,https://www.thieme.com/en-us/open-access,https://www.google.com/search?q=DEUTSCHE+MEDIZINISCHE+WOCHENSCHRIFT+aims+scope+instructions+for+authors+APC
347,4-Q3,2,MEDICINA-BUENOS AIRES,MEDICINA-BUENOS AIRE,0025-7680,1669-9106,0.6,0.5,Q3,227/336,Q3,Q3,0.13,32.6,126.0,945.0,"MEDICINE, GENERAL & INTERNAL","MEDICINE, GENERAL & INTERNAL(JIF Q3/JCI Q3)",MEDICINA (BUENOS AIRES),其他,是,SCIE,需核实,请查期刊官网 Author / Open Access 页面,未知,,https://www.google.com/search?q=MEDICINA-BUENOS+AIRES+aims+scope+instructions+for+authors+APC
348,4-Q3,2,DRUG DEVELOPMENT AND INDUSTRIAL PHARMACY,DRUG DEV IND PHARM,0363-9045,1520-5762,2.6,3.0,Q3,195/356,Q2,Q2,0.65,45.4,125.0,7693.0,"CHEMISTRY, MEDICINAL; PHARMACOLOGY & PHARMACY","CHEMISTRY, MEDICINAL(JIF Q3/JCI Q3) | PHARMACOLOGY & PHARMACY(JIF Q3/JCI Q2)",TAYLOR & FRANCIS LTD,Taylor & Francis,是,SCIE,混合为主,"订阅路线通常无APC；Open Select常见 USD 2,500-3,500",中,https://authorservices.taylorandfrancis.com/publishing-open-access/,https://www.google.com/search?q=DRUG+DEVELOPMENT+AND+INDUSTRIAL+PHARMACY+aims+scope+instructions+for+authors+APC
349,4-Q3,2,Einstein-Sao Paulo,EINSTEIN-SAO PAULO,1679-4508,2317-6385,1.1,1.2,Q3,180/336,Q3,Q3,0.24,46.6,125.0,1651.0,"MEDICINE, GENERAL & INTERNAL","MEDICINE, GENERAL & INTERNAL(JIF Q3/JCI Q3)",INST ISRAELITA ENSINO & PESQUISA ALBERT EINSTEIN,其他,否,ESCI,需核实,请查期刊官网 Author / Open Access 页面,未知,,https://www.google.com/search?q=Einstein-Sao+Paulo+aims+scope+instructions+for+authors+APC
350,4-Q3,2,Vaccine: X,VACCINE-X,2590-1362,2590-1362,2.5,2.5,Q3,111/191,Q3,Q3,0.56,42.1,124.0,1391.0,"IMMUNOLOGY; MEDICINE, RESEARCH & EXPERIMENTAL","IMMUNOLOGY(JIF Q3/JCI Q3) | MEDICINE, RESEARCH & EXPERIMENTAL(JIF Q3/JCI Q3)",ELSEVIER,Elsevier,否,ESCI,混合为主,"订阅路线通常无APC；Gold OA常见 USD 2,200-4,200",中,https://www.elsevier.com/open-access/agreements,https://www.google.com/search?q=Vaccine:+X+aims+scope+instructions+for+authors+APC
351,4-Q3,2,CLINICAL AND APPLIED THROMBOSIS-HEMOSTASIS,CLIN APPL THROMB-HEM,1076-0296,1938-2723,2.1,2.3,Q3,57/100,Q3,Q3,0.48,43.5,124.0,3666.0,HEMATOLOGY; PERIPHERAL VASCULAR DISEASE,HEMATOLOGY(JIF Q3/JCI Q3) | PERIPHERAL VASCULAR DISEASE(JIF Q3/JCI Q3),SAGE PUBLICATIONS INC,SAGE,是,SCIE,混合为主,"订阅路线通常无APC；SAGE Choice常见 USD 2,000-4,000",中,https://us.sagepub.com/en-us/nam/sage-choice,https://www.google.com/search?q=CLINICAL+AND+APPLIED+THROMBOSIS-HEMOSTASIS+aims+scope+instructions+for+authors+APC
352,4-Q3,2,Iranian Journal of Nursing and Midwifery Research,IRAN J NURS MIDWIFE,1735-9066,2228-5504,1.4,1.7,Q3,127/194,Q3,Q3,0.55,34.8,124.0,2135.0,NURSING,NURSING(JIF Q3/JCI Q3),WOLTERS KLUWER MEDKNOW PUBLICATIONS,Wolters Kluwer/LWW,否,ESCI,混合为主,"订阅路线通常无APC；OA常见 USD 2,000-4,000；MEDICINE已拉黑",中,https://wkauthorservices.editage.com/open-access/,https://www.google.com/search?q=Iranian+Journal+of+Nursing+and+Midwifery+Research+aims+scope+instructions+for+authors+APC
353,4-Q3,2,Perioperative Care and Operating Room Management,PERIOPER CARE OPER R,,2405-6030,1.0,,Q3,52/72,Q3,Q3,0.37,28.5,124.0,350.0,ANESTHESIOLOGY; SURGERY,ANESTHESIOLOGY(JIF Q3/JCI Q3) | SURGERY(JIF Q3/JCI Q3),ELSEVIER,Elsevier,否,ESCI,混合为主,"订阅路线通常无APC；Gold OA常见 USD 2,200-4,200",中,https://www.elsevier.com/open-access/agreements,https://www.google.com/search?q=Perioperative+Care+and+Operating+Room+Management+aims+scope+instructions+for+authors+APC
354,4-Q3,2,Pharmacology Research & Perspectives,PHARMACOL RES PERSPE,2052-1707,2052-1707,2.6,3.1,Q3,195/356,Q3,Q3,0.61,45.4,123.0,3403.0,PHARMACOLOGY & PHARMACY,PHARMACOLOGY & PHARMACY(JIF Q3/JCI Q3),WILEY,Wiley,是,SCIE,混合为主,"订阅路线通常无APC；OnlineOpen常见 USD 3,200-4,700",中,https://authorservices.wiley.com/author-resources/Journal-Authors/open-access/article-publication-charges.html,https://www.google.com/search?q=Pharmacology+Research+&+Perspectives+aims+scope+instructions+for+authors+APC
355,4-Q3,2,International Journal for Numerical Methods in Biomedical Engineering,INT J NUMER METH BIO,2040-7939,2040-7947,2.1,2.3,Q3,51/137,Q3,Q2,0.6,44.0,123.0,2929.0,"ENGINEERING, BIOMEDICAL; MATHEMATICAL & COMPUTATIONAL BIOLOGY","ENGINEERING, BIOMEDICAL(JIF Q3/JCI Q3) | MATHEMATICAL & COMPUTATIONAL BIOLOGY(JIF Q3/JCI Q3)",WILEY,Wiley,是,SCIE,混合为主,"订阅路线通常无APC；OnlineOpen常见 USD 3,200-4,700",中,https://authorservices.wiley.com/author-resources/Journal-Authors/open-access/article-publication-charges.html,https://www.google.com/search?q=International+Journal+for+Numerical+Methods+in+Biomedical+Engineering+aims+scope+instructions+for+authors+APC
356,4-Q3,2,HEALTH ECONOMICS,HEALTH ECON,1057-9230,1099-1050,2.0,2.7,Q3,240/626,Q2,Q2,0.78,36.4,123.0,8092.0,HEALTH CARE SCIENCES & SERVICES; HEALTH POLICY & SERVICES,HEALTH CARE SCIENCES & SERVICES(JIF Q3/JCI Q2) | HEALTH POLICY & SERVICES(JIF Q3/JCI Q2),WILEY,Wiley,是,SSCI; SCIE,混合为主,"订阅路线通常无APC；OnlineOpen常见 USD 3,200-4,700",中,https://authorservices.wiley.com/author-resources/Journal-Authors/open-access/article-publication-charges.html,https://www.google.com/search?q=HEALTH+ECONOMICS+aims+scope+instructions+for+authors+APC
357,4-Q3,2,SCANDINAVIAN JOURNAL OF GASTROENTEROLOGY,SCAND J GASTROENTERO,0036-5521,1502-7708,1.8,2.0,Q3,112/153,Q3,Q3,0.45,27.1,123.0,8607.0,GASTROENTEROLOGY & HEPATOLOGY,GASTROENTEROLOGY & HEPATOLOGY(JIF Q3/JCI Q3),TAYLOR & FRANCIS LTD,Taylor & Francis,是,SCIE,混合为主,"订阅路线通常无APC；Open Select常见 USD 2,500-3,500",中,https://authorservices.taylorandfrancis.com/publishing-open-access/,https://www.google.com/search?q=SCANDINAVIAN+JOURNAL+OF+GASTROENTEROLOGY+aims+scope+instructions+for+authors+APC
358,4-Q3,2,SCIENCEASIA,SCIENCEASIA,1513-1874,,0.9,0.9,Q3,94/140,Q3,Q3,0.22,33.2,123.0,1166.0,MULTIDISCIPLINARY SCIENCES,MULTIDISCIPLINARY SCIENCES(JIF Q3/JCI Q3),SCIENCE SOCIETY THAILAND,其他,是,SCIE,需核实,请查期刊官网 Author / Open Access 页面,未知,,https://www.google.com/search?q=SCIENCEASIA+aims+scope+instructions+for+authors+APC
359,4-Q3,2,JOURNAL OF CLINICAL GASTROENTEROLOGY,J CLIN GASTROENTEROL,0192-0790,1539-2031,2.7,2.8,Q3,77/153,Q2,Q2,0.64,50.0,122.0,7939.0,GASTROENTEROLOGY & HEPATOLOGY,GASTROENTEROLOGY & HEPATOLOGY(JIF Q3/JCI Q2),LIPPINCOTT WILLIAMS & WILKINS,Wolters Kluwer/LWW,是,SCIE,混合为主,"订阅路线通常无APC；OA常见 USD 2,000-4,000；MEDICINE已拉黑",中,https://wkauthorservices.editage.com/open-access/,https://www.google.com/search?q=JOURNAL+OF+CLINICAL+GASTROENTEROLOGY+aims+scope+instructions+for+authors+APC
360,4-Q3,2,AMERICAN JOURNAL OF HEALTH PROMOTION,AM J HEALTH PROMOT,0890-1171,2168-6602,2.1,2.7,Q3,231/443,Q3,Q3,0.6,48.0,122.0,4954.0,"PUBLIC, ENVIRONMENTAL & OCCUPATIONAL HEALTH","PUBLIC, ENVIRONMENTAL & OCCUPATIONAL HEALTH(JIF Q3/JCI Q3)",SAGE PUBLICATIONS INC,SAGE,否,SSCI,混合为主,"订阅路线通常无APC；SAGE Choice常见 USD 2,000-4,000",中,https://us.sagepub.com/en-us/nam/sage-choice,https://www.google.com/search?q=AMERICAN+JOURNAL+OF+HEALTH+PROMOTION+aims+scope+instructions+for+authors+APC
361,4-Q3,2,NEPHROLOGY,NEPHROLOGY,1320-5358,1440-1797,2.0,2.5,Q3,72/134,Q3,Q3,0.58,46.6,122.0,4053.0,UROLOGY & NEPHROLOGY,UROLOGY & NEPHROLOGY(JIF Q3/JCI Q3),WILEY,Wiley,是,SCIE,混合为主,"订阅路线通常无APC；OnlineOpen常见 USD 3,200-4,700",中,https://authorservices.wiley.com/author-resources/Journal-Authors/open-access/article-publication-charges.html,https://www.google.com/search?q=NEPHROLOGY+aims+scope+instructions+for+authors+APC
362,4-Q3,2,Radiological Physics and Technology,RADIOL PHYS TECHNOL,1865-0333,1865-0341,1.6,1.7,Q3,147/217,Q3,Q3,0.48,32.5,122.0,943.0,"RADIOLOGY, NUCLEAR MEDICINE & MEDICAL IMAGING","RADIOLOGY, NUCLEAR MEDICINE & MEDICAL IMAGING(JIF Q3/JCI Q3)",SPRINGER JAPAN KK,Springer,否,ESCI,混合为主,"订阅路线通常无APC；选OA约 USD 2,790-4,290",中,https://www.springer.com/gp/open-access,https://www.google.com/search?q=Radiological+Physics+and+Technology+aims+scope+instructions+for+authors+APC
363,4-Q3,2,Drug Testing and Analysis,DRUG TEST ANAL,1942-7603,1942-7611,2.6,2.6,Q3,195/356,Q2,Q2,0.68,45.4,121.0,4496.0,PHARMACOLOGY & PHARMACY,PHARMACOLOGY & PHARMACY(JIF Q3/JCI Q2),WILEY,Wiley,是,SCIE,混合为主,"订阅路线通常无APC；OnlineOpen常见 USD 3,200-4,700",中,https://authorservices.wiley.com/author-resources/Journal-Authors/open-access/article-publication-charges.html,https://www.google.com/search?q=Drug+Testing+and+Analysis+aims+scope+instructions+for+authors+APC
364,4-Q3,2,INTERNATIONAL ARCHIVES OF ALLERGY AND IMMUNOLOGY,INT ARCH ALLERGY IMM,1018-2438,1423-0097,2.3,2.3,Q3,24/40,Q3,Q3,0.52,41.3,121.0,5127.0,ALLERGY; IMMUNOLOGY,ALLERGY(JIF Q3/JCI Q3) | IMMUNOLOGY(JIF Q3/JCI Q3),KARGER,Karger,是,SCIE,混合/OA,"因刊而异，常见 USD 2,500-3,800",中,https://karger.com/pages/Open-Access,https://www.google.com/search?q=INTERNATIONAL+ARCHIVES+OF+ALLERGY+AND+IMMUNOLOGY+aims+scope+instructions+for+authors+APC
365,4-Q3,2,BRAZILIAN ARCHIVES OF BIOLOGY AND TECHNOLOGY,BRAZ ARCH BIOL TECHN,1516-8913,1678-4324,1.0,1.3,Q3,75/106,Q3,Q3,0.29,29.7,121.0,3440.0,BIOLOGY,BIOLOGY(JIF Q3/JCI Q3),INST TECNOLOGIA PARANA,其他,是,SCIE,需核实,请查期刊官网 Author / Open Access 页面,未知,,https://www.google.com/search?q=BRAZILIAN+ARCHIVES+OF+BIOLOGY+AND+TECHNOLOGY+aims+scope+instructions+for+authors+APC
366,4-Q3,2,Case Reports in Medicine,CASE REP MED,1687-9627,1687-9635,1.0,0.7,Q3,186/336,Q3,Q3,0.23,44.8,121.0,1142.0,"MEDICINE, GENERAL & INTERNAL","MEDICINE, GENERAL & INTERNAL(JIF Q3/JCI Q3)",WILEY,Wiley,否,ESCI,混合为主,"订阅路线通常无APC；OnlineOpen常见 USD 3,200-4,700",中,https://authorservices.wiley.com/author-resources/Journal-Authors/open-access/article-publication-charges.html,https://www.google.com/search?q=Case+Reports+in+Medicine+aims+scope+instructions+for+authors+APC
367,4-Q3,2,IMMUNOLOGIC RESEARCH,IMMUNOL RES,0257-277X,1559-0755,2.7,3.1,Q3,124/183,Q3,Q3,0.51,32.5,120.0,4277.0,IMMUNOLOGY,IMMUNOLOGY(JIF Q3/JCI Q3),SPRINGER,Springer,是,SCIE,混合为主,"订阅路线通常无APC；选OA约 USD 2,790-4,290",中,https://www.springer.com/gp/open-access,https://www.google.com/search?q=IMMUNOLOGIC+RESEARCH+aims+scope+instructions+for+authors+APC
368,4-Q3,2,Food Additives and Contaminants Part A-Chemistry Analysis Control Exposure & Risk Assessment,FOOD ADDIT CONTAM A,1944-0049,1944-0057,2.5,2.5,Q3,40/77,Q4,Q2,0.51,33.5,120.0,8348.0,TOXICOLOGY,TOXICOLOGY(JIF Q3/JCI Q4),TAYLOR & FRANCIS LTD,Taylor & Francis,是,SCIE,混合为主,"订阅路线通常无APC；Open Select常见 USD 2,500-3,500",中,https://authorservices.taylorandfrancis.com/publishing-open-access/,https://www.google.com/search?q=Food+Additives+and+Contaminants+Part+A-Chemistry+Analysis+Control+Exposure+&+Risk+Assessment+aims+scope+instructions+for+authors+APC
369,4-Q3,2,JOURNAL OF COMPUTER ASSISTED TOMOGRAPHY,J COMPUT ASSIST TOMO,0363-8715,1532-3145,1.4,1.2,Q3,159/217,Q3,Q3,0.4,27.0,120.0,4055.0,"RADIOLOGY, NUCLEAR MEDICINE & MEDICAL IMAGING","RADIOLOGY, NUCLEAR MEDICINE & MEDICAL IMAGING(JIF Q3/JCI Q3)",LIPPINCOTT WILLIAMS & WILKINS,Wolters Kluwer/LWW,是,SCIE,混合为主,"订阅路线通常无APC；OA常见 USD 2,000-4,000；MEDICINE已拉黑",中,https://wkauthorservices.editage.com/open-access/,https://www.google.com/search?q=JOURNAL+OF+COMPUTER+ASSISTED+TOMOGRAPHY+aims+scope+instructions+for+authors+APC
370,4-Q3,2,TOXICOLOGY IN VITRO,TOXICOL IN VITRO,0887-2333,1879-3177,2.7,3.1,Q3,64/106,Q2,Q2,0.72,40.1,119.0,10284.0,TOXICOLOGY,TOXICOLOGY(JIF Q3/JCI Q2),PERGAMON-ELSEVIER SCIENCE LTD,Elsevier,是,SCIE,混合为主,"订阅路线通常无APC；Gold OA常见 USD 2,200-4,200",中,https://www.elsevier.com/open-access/agreements,https://www.google.com/search?q=TOXICOLOGY+IN+VITRO+aims+scope+instructions+for+authors+APC
371,4-Q3,2,MEDICAL CARE,MED CARE,0025-7079,1537-1948,1.9,3.6,Q3,260/443,Q2,Q2,0.77,41.4,119.0,19977.0,"HEALTH CARE SCIENCES & SERVICES; HEALTH POLICY & SERVICES; PUBLIC, ENVIRONMENTAL & OCCUPATIONAL HEALTH","HEALTH CARE SCIENCES & SERVICES(JIF Q3/JCI Q2) | HEALTH POLICY & SERVICES(JIF Q3/JCI Q2) | PUBLIC, ENVIRONMENTAL & OCCUPATIONAL HEALTH(JIF Q3/JCI Q2)",LIPPINCOTT WILLIAMS & WILKINS,Wolters Kluwer/LWW,是,SCIE; SSCI,混合为主,"订阅路线通常无APC；OA常见 USD 2,000-4,000；MEDICINE已拉黑",中,https://wkauthorservices.editage.com/open-access/,https://www.google.com/search?q=MEDICAL+CARE+aims+scope+instructions+for+authors+APC
372,4-Q3,2,WILDERNESS & ENVIRONMENTAL MEDICINE,WILD ENVIRON MED,1080-6032,1545-1534,1.6,1.6,Q3,85/136,Q3,Q3,0.52,37.9,119.0,1901.0,"PUBLIC, ENVIRONMENTAL & OCCUPATIONAL HEALTH; SPORT SCIENCES","PUBLIC, ENVIRONMENTAL & OCCUPATIONAL HEALTH(JIF Q3/JCI Q3) | SPORT SCIENCES(JIF Q3/JCI Q3)",SAGE PUBLICATIONS INC,SAGE,是,SCIE,混合为主,"订阅路线通常无APC；SAGE Choice常见 USD 2,000-4,000",中,https://us.sagepub.com/en-us/nam/sage-choice,https://www.google.com/search?q=WILDERNESS+&+ENVIRONMENTAL+MEDICINE+aims+scope+instructions+for+authors+APC
373,4-Q3,2,International Heart Journal,INT HEART J,1349-2365,1349-3299,1.4,1.3,Q3,172/237,Q3,Q3,0.36,27.6,119.0,2382.0,CARDIAC & CARDIOVASCULAR SYSTEMS,CARDIAC & CARDIOVASCULAR SYSTEMS(JIF Q3/JCI Q3),INT HEART JOURNAL ASSOC,其他,是,SCIE,需核实,请查期刊官网 Author / Open Access 页面,未知,,https://www.google.com/search?q=International+Heart+Journal+aims+scope+instructions+for+authors+APC
374,4-Q3,2,Advances in Integrative Medicine,ADV INTEGR MED,2212-9588,2212-9596,1.4,1.3,Q3,32/48,Q3,Q3,0.32,34.4,119.0,380.0,INTEGRATIVE & COMPLEMENTARY MEDICINE,INTEGRATIVE & COMPLEMENTARY MEDICINE(JIF Q3/JCI Q3),ELSEVIER,Elsevier,否,ESCI,混合为主,"订阅路线通常无APC；Gold OA常见 USD 2,200-4,200",中,https://www.elsevier.com/open-access/agreements,https://www.google.com/search?q=Advances+in+Integrative+Medicine+aims+scope+instructions+for+authors+APC
375,4-Q3,2,EPILEPSY RESEARCH,EPILEPSY RES,0920-1211,1872-6844,2.3,2.5,Q3,175/296,Q3,Q3,0.65,41.0,118.0,7717.0,CLINICAL NEUROLOGY,CLINICAL NEUROLOGY(JIF Q3/JCI Q3),ELSEVIER,Elsevier,是,SCIE,混合为主,"订阅路线通常无APC；Gold OA常见 USD 2,200-4,200",中,https://www.elsevier.com/open-access/agreements,https://www.google.com/search?q=EPILEPSY+RESEARCH+aims+scope+instructions+for+authors+APC
376,4-Q3,2,Musculoskeletal Care,MUSCULOSKELET CARE,1478-2189,1557-0681,1.5,1.9,Q3,41/58,Q3,Q3,0.41,30.2,118.0,1690.0,RHEUMATOLOGY,RHEUMATOLOGY(JIF Q3/JCI Q3),WILEY,Wiley,否,ESCI,混合为主,"订阅路线通常无APC；OnlineOpen常见 USD 3,200-4,700",中,https://authorservices.wiley.com/author-resources/Journal-Authors/open-access/article-publication-charges.html,https://www.google.com/search?q=Musculoskeletal+Care+aims+scope+instructions+for+authors+APC
377,4-Q3,2,Legal Medicine,LEGAL MED-TOKYO,1344-6223,1344-6223,1.4,1.6,Q3,17/24,Q3,Q3,0.64,31.3,117.0,2342.0,"MEDICINE, LEGAL","MEDICINE, LEGAL(JIF Q3/JCI Q3)",ELSEVIER IRELAND LTD,Elsevier,是,SCIE,混合为主,"订阅路线通常无APC；Gold OA常见 USD 2,200-4,200",中,https://www.elsevier.com/open-access/agreements,https://www.google.com/search?q=Legal+Medicine+aims+scope+instructions+for+authors+APC
378,4-Q3,2,Brazilian Oral Research,BRAZ ORAL RES,1807-3107,1807-3107,1.4,1.8,Q3,113/165,Q3,Q3,0.5,31.8,117.0,3509.0,"DENTISTRY, ORAL SURGERY & MEDICINE","DENTISTRY, ORAL SURGERY & MEDICINE(JIF Q3/JCI Q3)",SOCIEDADE BRASILEIRA DE PESQUISA ODONTOLOGICA,其他,是,SCIE,需核实,请查期刊官网 Author / Open Access 页面,未知,,https://www.google.com/search?q=Brazilian+Oral+Research+aims+scope+instructions+for+authors+APC
379,4-Q3,2,Journal of the Pediatric Orthopaedic Society of North America,J PEDIATR ORTHOP SOC,,2768-2765,1.1,,Q3,131/190,Q3,Q3,0.48,31.3,117.0,341.0,ORTHOPEDICS; PEDIATRICS,ORTHOPEDICS(JIF Q4/JCI Q3) | PEDIATRICS(JIF Q3/JCI Q3),ELSEVIER,Elsevier,否,ESCI,混合为主,"订阅路线通常无APC；Gold OA常见 USD 2,200-4,200",中,https://www.elsevier.com/open-access/agreements,https://www.google.com/search?q=Journal+of+the+Pediatric+Orthopaedic+Society+of+North+America+aims+scope+instructions+for+authors+APC
380,4-Q3,2,Modern Rheumatology,MOD RHEUMATOL,1439-7595,1439-7609,2.1,2.3,Q3,34/58,Q3,Q3,0.6,42.2,116.0,4398.0,RHEUMATOLOGY,RHEUMATOLOGY(JIF Q3/JCI Q3),OXFORD UNIV PRESS,Oxford UP,是,SCIE,混合为主,订阅路线通常无APC；可选OA，费用因刊而异,中,https://academic.oup.com/pages/open-research/open-access,https://www.google.com/search?q=Modern+Rheumatology+aims+scope+instructions+for+authors+APC
381,4-Q3,2,NEUROREPORT,NEUROREPORT,0959-4965,1473-558X,2.1,1.7,Q3,246/330,Q3,Q3,0.54,25.6,116.0,9755.0,NEUROSCIENCES,NEUROSCIENCES(JIF Q3/JCI Q3),LIPPINCOTT WILLIAMS & WILKINS,Wolters Kluwer/LWW,是,SCIE,混合为主,"订阅路线通常无APC；OA常见 USD 2,000-4,000；MEDICINE已拉黑",中,https://wkauthorservices.editage.com/open-access/,https://www.google.com/search?q=NEUROREPORT+aims+scope+instructions+for+authors+APC
382,4-Q3,2,Therapeutic Innovation & Regulatory Science,THER INNOV REGUL SCI,2168-4790,2168-4804,2.1,2.1,Q3,240/356,Q3,Q3,0.44,32.7,116.0,2132.0,MEDICAL INFORMATICS; PHARMACOLOGY & PHARMACY,MEDICAL INFORMATICS(JIF Q4/JCI Q4) | PHARMACOLOGY & PHARMACY(JIF Q3/JCI Q3),SPRINGER HEIDELBERG,Springer,是,SCIE,混合为主,"订阅路线通常无APC；选OA约 USD 2,790-4,290",中,https://www.springer.com/gp/open-access,https://www.google.com/search?q=Therapeutic+Innovation+&+Regulatory+Science+aims+scope+instructions+for+authors+APC
383,4-Q3,2,JOURNAL OF NURSING ADMINISTRATION,J NURS ADMIN,0002-0443,1539-0721,1.8,2.1,Q3,100/194,Q2,Q2,0.69,48.7,116.0,3371.0,NURSING,NURSING(JIF Q3/JCI Q2),LIPPINCOTT WILLIAMS & WILKINS,Wolters Kluwer/LWW,是,"SCIE, SSCI",混合为主,"订阅路线通常无APC；OA常见 USD 2,000-4,000；MEDICINE已拉黑",中,https://wkauthorservices.editage.com/open-access/,https://www.google.com/search?q=JOURNAL+OF+NURSING+ADMINISTRATION+aims+scope+instructions+for+authors+APC
384,4-Q3,2,Clinical Pharmacology in Drug Development,CLIN PHARM DRUG DEV,2160-7648,2160-7648,1.7,1.9,Q3,267/356,Q3,Q3,0.49,25.1,116.0,1912.0,PHARMACOLOGY & PHARMACY,PHARMACOLOGY & PHARMACY(JIF Q3/JCI Q3),WILEY,Wiley,是,SCIE,混合为主,"订阅路线通常无APC；OnlineOpen常见 USD 3,200-4,700",中,https://authorservices.wiley.com/author-resources/Journal-Authors/open-access/article-publication-charges.html,https://www.google.com/search?q=Clinical+Pharmacology+in+Drug+Development+aims+scope+instructions+for+authors+APC
385,4-Q3,2,NUTRITION IN CLINICAL PRACTICE,NUTR CLIN PRACT,0884-5336,1941-2452,2.7,3.3,Q3,66/114,Q3,Q3,0.39,42.5,115.0,5338.0,NUTRITION & DIETETICS,NUTRITION & DIETETICS(JIF Q3/JCI Q3),WILEY,Wiley,是,SCIE,混合为主,"订阅路线通常无APC；OnlineOpen常见 USD 3,200-4,700",中,https://authorservices.wiley.com/author-resources/Journal-Authors/open-access/article-publication-charges.html,https://www.google.com/search?q=NUTRITION+IN+CLINICAL+PRACTICE+aims+scope+instructions+for+authors+APC
386,4-Q3,2,CLINICAL ONCOLOGY,CLIN ONCOL-UK,0936-6555,1433-2981,2.5,3.0,Q3,204/333,Q3,Q3,0.58,38.9,115.0,4695.0,ONCOLOGY,ONCOLOGY(JIF Q3/JCI Q3),ELSEVIER SCIENCE LONDON,Elsevier,是,SCIE,混合为主,"订阅路线通常无APC；Gold OA常见 USD 2,200-4,200",中,https://www.elsevier.com/open-access/agreements,https://www.google.com/search?q=CLINICAL+ONCOLOGY+aims+scope+instructions+for+authors+APC
387,4-Q3,2,Journal of Knee Surgery,J KNEE SURG,1538-8506,1938-2480,1.4,2.0,Q3,99/147,Q2,Q2,0.72,33.0,115.0,3945.0,ORTHOPEDICS,ORTHOPEDICS(JIF Q3/JCI Q2),GEORG THIEME VERLAG KG,Thieme,是,SCIE,混合为主,订阅路线通常无APC；OA另计,中低,https://www.thieme.com/en-us/open-access,https://www.google.com/search?q=Journal+of+Knee+Surgery+aims+scope+instructions+for+authors+APC
388,4-Q3,2,Future Medicinal Chemistry,FUTURE MED CHEM,1756-8919,1756-8927,3.3,3.4,Q3,41/72,Q3,Q3,0.61,43.8,114.0,6296.0,"CHEMISTRY, MEDICINAL","CHEMISTRY, MEDICINAL(JIF Q3/JCI Q3)",TAYLOR & FRANCIS LTD,Taylor & Francis,是,SCIE,混合为主,"订阅路线通常无APC；Open Select常见 USD 2,500-3,500",中,https://authorservices.taylorandfrancis.com/publishing-open-access/,https://www.google.com/search?q=Future+Medicinal+Chemistry+aims+scope+instructions+for+authors+APC
389,4-Q3,2,PHOTOCHEMISTRY AND PHOTOBIOLOGY,PHOTOCHEM PHOTOBIOL,0031-8655,1751-1097,2.6,3.1,Q3,44/81,Q3,Q3,0.56,31.9,114.0,10388.0,BIOCHEMISTRY & MOLECULAR BIOLOGY,BIOCHEMISTRY & MOLECULAR BIOLOGY(JIF Q3/JCI Q3),WILEY,Wiley,是,SCIE,混合为主,"订阅路线通常无APC；OnlineOpen常见 USD 3,200-4,700",中,https://authorservices.wiley.com/author-resources/Journal-Authors/open-access/article-publication-charges.html,https://www.google.com/search?q=PHOTOCHEMISTRY+AND+PHOTOBIOLOGY+aims+scope+instructions+for+authors+APC
390,4-Q3,2,BIOTECHNOLOGY LETTERS,BIOTECHNOL LETT,0141-5492,1573-6776,2.5,2.6,Q3,118/180,Q3,Q3,0.46,34.7,114.0,9331.0,BIOTECHNOLOGY & APPLIED MICROBIOLOGY,BIOTECHNOLOGY & APPLIED MICROBIOLOGY(JIF Q3/JCI Q3),SPRINGER,Springer,是,SCIE,混合为主,"订阅路线通常无APC；选OA约 USD 2,790-4,290",中,https://www.springer.com/gp/open-access,https://www.google.com/search?q=BIOTECHNOLOGY+LETTERS+aims+scope+instructions+for+authors+APC
391,4-Q3,2,International Journal of Laboratory Hematology,INT J LAB HEMATOL,1751-5521,1751-553X,2.2,2.3,Q3,59/103,Q3,Q3,0.41,43.2,114.0,3682.0,HEMATOLOGY,HEMATOLOGY(JIF Q3/JCI Q3),WILEY,Wiley,是,SCIE,混合为主,"订阅路线通常无APC；OnlineOpen常见 USD 3,200-4,700",中,https://authorservices.wiley.com/author-resources/Journal-Authors/open-access/article-publication-charges.html,https://www.google.com/search?q=International+Journal+of+Laboratory+Hematology+aims+scope+instructions+for+authors+APC
392,4-Q3,2,Telemedicine and e-Health,TELEMED E-HEALTH,1530-5627,1556-3669,2.1,2.6,Q3,117/194,Q3,Q3,0.61,39.9,114.0,6288.0,HEALTH CARE SCIENCES & SERVICES,HEALTH CARE SCIENCES & SERVICES(JIF Q3/JCI Q3),SAGE PUBLICATIONS INC,SAGE,是,SCIE,混合为主,"订阅路线通常无APC；SAGE Choice常见 USD 2,000-4,000",中,https://us.sagepub.com/en-us/nam/sage-choice,https://www.google.com/search?q=Telemedicine+and+e-Health+aims+scope+instructions+for+authors+APC
393,4-Q3,2,International Journal of Mental Health Promotion,INT J MENT HEALTH PR,1462-3730,2049-8543,1.8,1.6,Q3,273/443,Q3,Q3,0.54,38.5,114.0,874.0,"PSYCHIATRY; PUBLIC, ENVIRONMENTAL & OCCUPATIONAL HEALTH","PSYCHIATRY(JIF Q3/JCI Q3) | PUBLIC, ENVIRONMENTAL & OCCUPATIONAL HEALTH(JIF Q3/JCI Q3)",TECH SCIENCE PRESS,其他,否,SSCI,需核实,请查期刊官网 Author / Open Access 页面,未知,,https://www.google.com/search?q=International+Journal+of+Mental+Health+Promotion+aims+scope+instructions+for+authors+APC
394,4-Q3,2,JOURNAL OF CUTANEOUS PATHOLOGY,J CUTAN PATHOL,0303-6987,1600-0560,1.2,1.2,Q3,73/99,Q3,Q3,0.47,26.8,114.0,3831.0,DERMATOLOGY; PATHOLOGY,DERMATOLOGY(JIF Q3/JCI Q3) | PATHOLOGY(JIF Q4/JCI Q4),WILEY,Wiley,是,SCIE,混合为主,"订阅路线通常无APC；OnlineOpen常见 USD 3,200-4,700",中,https://authorservices.wiley.com/author-resources/Journal-Authors/open-access/article-publication-charges.html,https://www.google.com/search?q=JOURNAL+OF+CUTANEOUS+PATHOLOGY+aims+scope+instructions+for+authors+APC
395,4-Q3,2,INDIAN PEDIATRICS,INDIAN PEDIATR,0019-6061,0974-7559,1.5,1.7,Q3,107/190,Q2,Q2,0.77,43.9,113.0,3618.0,PEDIATRICS,PEDIATRICS(JIF Q3/JCI Q2),SPRINGER INDIA,Springer,是,SCIE,混合为主,"订阅路线通常无APC；选OA约 USD 2,790-4,290",中,https://www.springer.com/gp/open-access,https://www.google.com/search?q=INDIAN+PEDIATRICS+aims+scope+instructions+for+authors+APC
396,4-Q3,2,IMMUNOBIOLOGY,IMMUNOBIOLOGY,0171-2985,1878-3279,3.1,2.9,Q3,108/183,Q3,Q3,0.6,41.3,112.0,5155.0,IMMUNOLOGY,IMMUNOLOGY(JIF Q3/JCI Q3),ELSEVIER GMBH,Elsevier,是,SCIE,混合为主,"订阅路线通常无APC；Gold OA常见 USD 2,200-4,200",中,https://www.elsevier.com/open-access/agreements,https://www.google.com/search?q=IMMUNOBIOLOGY+aims+scope+instructions+for+authors+APC
397,4-Q3,2,JOURNAL OF BIOSCIENCE AND BIOENGINEERING,J BIOSCI BIOENG,1389-1723,1347-4421,2.5,2.7,Q3,115/187,Q3,Q3,0.54,34.7,112.0,8704.0,BIOTECHNOLOGY & APPLIED MICROBIOLOGY,BIOTECHNOLOGY & APPLIED MICROBIOLOGY(JIF Q3/JCI Q3),SOC BIOSCIENCE BIOENGINEERING JAPAN,其他,是,SCIE,需核实,请查期刊官网 Author / Open Access 页面,未知,,https://www.google.com/search?q=JOURNAL+OF+BIOSCIENCE+AND+BIOENGINEERING+aims+scope+instructions+for+authors+APC
398,4-Q3,2,CANADIAN JOURNAL OF PUBLIC HEALTH-REVUE CANADIENNE DE SANTE PUBLIQUE,CAN J PUBLIC HEALTH,0008-4263,1920-7476,2.0,2.9,Q3,246/443,Q2,Q2,0.71,44.6,112.0,4051.0,"PUBLIC, ENVIRONMENTAL & OCCUPATIONAL HEALTH","PUBLIC, ENVIRONMENTAL & OCCUPATIONAL HEALTH(JIF Q3/JCI Q2)",SPRINGER INT PUBL AG,Springer,否,SSCI,混合为主,"订阅路线通常无APC；选OA约 USD 2,790-4,290",中,https://www.springer.com/gp/open-access,https://www.google.com/search?q=CANADIAN+JOURNAL+OF+PUBLIC+HEALTH-REVUE+CANADIENNE+DE+SANTE+PUBLIQUE+aims+scope+instructions+for+authors+APC
399,4-Q3,2,Noise & Health,NOISE HEALTH,1463-1741,1998-4030,1.5,2.0,Q3,21/35,Q3,Q3,0.56,41.4,112.0,1571.0,"AUDIOLOGY & SPEECH-LANGUAGE PATHOLOGY; PUBLIC, ENVIRONMENTAL & OCCUPATIONAL HEALTH","AUDIOLOGY & SPEECH-LANGUAGE PATHOLOGY(JIF Q3/JCI Q3) | PUBLIC, ENVIRONMENTAL & OCCUPATIONAL HEALTH(JIF Q3/JCI Q3)",WOLTERS KLUWER MEDKNOW PUBLICATIONS,Wolters Kluwer/LWW,是,SCIE,混合为主,"订阅路线通常无APC；OA常见 USD 2,000-4,000；MEDICINE已拉黑",中,https://wkauthorservices.editage.com/open-access/,https://www.google.com/search?q=Noise+&+Health+aims+scope+instructions+for+authors+APC
400,4-Q3,2,Gazi University Journal of Science,GAZI U J SCI,2147-1762,2147-1762,1.1,1.1,Q3,86/140,Q3,Q3,0.24,38.9,112.0,1009.0,MULTIDISCIPLINARY SCIENCES,MULTIDISCIPLINARY SCIENCES(JIF Q3/JCI Q3),GAZI UNIV,其他,否,ESCI,需核实,请查期刊官网 Author / Open Access 页面,未知,,https://www.google.com/search?q=Gazi+University+Journal+of+Science+aims+scope+instructions+for+authors+APC
401,4-Q3,2,TECHNOLOGY IN CANCER RESEARCH & TREATMENT,TECHNOL CANCER RES T,1533-0346,1533-0338,2.7,2.7,Q3,185/333,Q3,Q3,0.53,44.6,111.0,5348.0,ONCOLOGY,ONCOLOGY(JIF Q3/JCI Q3),SAGE PUBLICATIONS INC,SAGE,是,SCIE,混合为主,"订阅路线通常无APC；SAGE Choice常见 USD 2,000-4,000",中,https://us.sagepub.com/en-us/nam/sage-choice,https://www.google.com/search?q=TECHNOLOGY+IN+CANCER+RESEARCH+&+TREATMENT+aims+scope+instructions+for+authors+APC
402,4-Q3,2,Indian Journal of Psychiatry,INDIAN J PSYCHIAT,0019-5545,1998-3794,2.4,2.5,Q3,151/293,Q3,Q3,0.52,48.6,111.0,6050.0,PSYCHIATRY,PSYCHIATRY(JIF Q3/JCI Q3),WOLTERS KLUWER MEDKNOW PUBLICATIONS,Wolters Kluwer/LWW,是,"SCIE, SSCI",混合为主,"订阅路线通常无APC；OA常见 USD 2,000-4,000；MEDICINE已拉黑",中,https://wkauthorservices.editage.com/open-access/,https://www.google.com/search?q=Indian+Journal+of+Psychiatry+aims+scope+instructions+for+authors+APC
403,4-Q3,2,African Journal of Primary Health Care & Family Medicine,AFR J PRIM HEALTH CA,2071-2928,2071-2936,1.7,2.0,Q3,19/29,Q3,Q3,0.9,36.2,111.0,1745.0,PRIMARY HEALTH CARE,PRIMARY HEALTH CARE(JIF Q3/JCI Q3),AOSIS,其他,否,ESCI,需核实,请查期刊官网 Author / Open Access 页面,未知,,https://www.google.com/search?q=African+Journal+of+Primary+Health+Care+&+Family+Medicine+aims+scope+instructions+for+authors+APC
404,4-Q3,2,CULTURE HEALTH & SEXUALITY,CULT HEALTH SEX,1369-1058,1464-5351,1.6,2.3,Q3,28/66,Q3,Q3,0.72,32.3,111.0,3884.0,"SOCIAL SCIENCES, BIOMEDICAL","SOCIAL SCIENCES, BIOMEDICAL(JIF Q3/JCI Q3)","ROUTLEDGE JOURNALS, TAYLOR & FRANCIS LTD",Taylor & Francis,否,SSCI,混合为主,"订阅路线通常无APC；Open Select常见 USD 2,500-3,500",中,https://authorservices.taylorandfrancis.com/publishing-open-access/,https://www.google.com/search?q=CULTURE+HEALTH+&+SEXUALITY+aims+scope+instructions+for+authors+APC
405,4-Q3,2,AUSTRALASIAN JOURNAL OF DERMATOLOGY,AUSTRALAS J DERMATOL,0004-8380,1440-0960,1.6,2.0,Q3,66/99,Q3,Q3,0.56,33.8,111.0,2751.0,DERMATOLOGY,DERMATOLOGY(JIF Q3/JCI Q3),WILEY,Wiley,是,SCIE,混合为主,"订阅路线通常无APC；OnlineOpen常见 USD 3,200-4,700",中,https://authorservices.wiley.com/author-resources/Journal-Authors/open-access/article-publication-charges.html,https://www.google.com/search?q=AUSTRALASIAN+JOURNAL+OF+DERMATOLOGY+aims+scope+instructions+for+authors+APC
406,4-Q3,2,Transplant Immunology,TRANSPL IMMUNOL,0966-3274,1878-5492,1.6,1.7,Q3,20/30,Q3,Q3,0.44,35.0,111.0,1836.0,IMMUNOLOGY; TRANSPLANTATION,IMMUNOLOGY(JIF Q4/JCI Q4) | TRANSPLANTATION(JIF Q3/JCI Q3),ELSEVIER,Elsevier,是,SCIE,混合为主,"订阅路线通常无APC；Gold OA常见 USD 2,200-4,200",中,https://www.elsevier.com/open-access/agreements,https://www.google.com/search?q=Transplant+Immunology+aims+scope+instructions+for+authors+APC
407,4-Q3,2,Journal of Neuroendovascular Therapy,J NEUROENDOVASC THER,1882-4072,2186-2494,1.2,,Q3,219/321,Q4,Q4,0.24,31.9,111.0,364.0,CLINICAL NEUROLOGY; SURGERY,CLINICAL NEUROLOGY(JIF Q4/JCI Q4) | SURGERY(JIF Q3/JCI Q4),JAPANESE SOC NEUROENDOVASCULAR THERAPY,其他,否,ESCI,需核实,请查期刊官网 Author / Open Access 页面,未知,,https://www.google.com/search?q=Journal+of+Neuroendovascular+Therapy+aims+scope+instructions+for+authors+APC
408,4-Q3,2,Journal of Neonatal-Perinatal Medicine,J NEONAT-PERINAT MED,1934-5798,1878-4429,1.0,,Q3,137/190,Q3,Q3,0.47,28.2,111.0,891.0,PEDIATRICS,PEDIATRICS(JIF Q3/JCI Q3),SAGE PUBLICATIONS INC,SAGE,否,ESCI,混合为主,"订阅路线通常无APC；SAGE Choice常见 USD 2,000-4,000",中,https://us.sagepub.com/en-us/nam/sage-choice,https://www.google.com/search?q=Journal+of+Neonatal-Perinatal+Medicine+aims+scope+instructions+for+authors+APC
409,4-Q3,2,Malaysian Journal of Fundamental and Applied Sciences,MALAYS J FUNDAM APPL,2289-5981,2289-599X,0.9,0.8,Q3,94/140,Q3,Q3,0.18,33.2,111.0,801.0,MULTIDISCIPLINARY SCIENCES,MULTIDISCIPLINARY SCIENCES(JIF Q3/JCI Q3),PENERBIT UTM PRESS,其他,否,ESCI,需核实,请查期刊官网 Author / Open Access 页面,未知,,https://www.google.com/search?q=Malaysian+Journal+of+Fundamental+and+Applied+Sciences+aims+scope+instructions+for+authors+APC
410,4-Q3,2,Anti-Cancer Agents in Medicinal Chemistry,ANTI-CANCER AGENT ME,1871-5206,1875-5992,2.6,2.8,Q3,196/333,Q3,Q3,0.56,41.3,110.0,6101.0,"CHEMISTRY, MEDICINAL; ONCOLOGY","CHEMISTRY, MEDICINAL(JIF Q3/JCI Q3) | ONCOLOGY(JIF Q3/JCI Q3)",BENTHAM SCIENCE PUBL LTD,其他,是,SCIE,需核实,请查期刊官网 Author / Open Access 页面,未知,,https://www.google.com/search?q=Anti-Cancer+Agents+in+Medicinal+Chemistry+aims+scope+instructions+for+authors+APC
411,4-Q3,2,AMERICAN JOURNAL OF REPRODUCTIVE IMMUNOLOGY,AM J REPROD IMMUNOL,1046-7408,1600-0897,2.5,3.0,Q3,26/44,Q3,Q3,0.63,42.0,110.0,6628.0,IMMUNOLOGY; REPRODUCTIVE BIOLOGY,IMMUNOLOGY(JIF Q3/JCI Q3) | REPRODUCTIVE BIOLOGY(JIF Q3/JCI Q3),WILEY,Wiley,是,SCIE,混合为主,"订阅路线通常无APC；OnlineOpen常见 USD 3,200-4,700",中,https://authorservices.wiley.com/author-resources/Journal-Authors/open-access/article-publication-charges.html,https://www.google.com/search?q=AMERICAN+JOURNAL+OF+REPRODUCTIVE+IMMUNOLOGY+aims+scope+instructions+for+authors+APC
412,4-Q3,2,European Archives of Paediatric Dentistry,EUR ARCH PAEDIATR DE,1818-6300,1996-9805,1.9,2.8,Q3,86/165,Q3,Q3,0.69,48.2,110.0,2648.0,"DENTISTRY, ORAL SURGERY & MEDICINE","DENTISTRY, ORAL SURGERY & MEDICINE(JIF Q3/JCI Q3)",SPRINGER,Springer,否,ESCI,混合为主,"订阅路线通常无APC；选OA约 USD 2,790-4,290",中,https://www.springer.com/gp/open-access,https://www.google.com/search?q=European+Archives+of+Paediatric+Dentistry+aims+scope+instructions+for+authors+APC
413,4-Q3,2,Current Medical Science,CURR MED SCI,2096-5230,2523-899X,2.0,2.2,Q3,126/191,Q3,Q3,0.44,34.3,109.0,2280.0,"MEDICINE, RESEARCH & EXPERIMENTAL","MEDICINE, RESEARCH & EXPERIMENTAL(JIF Q3/JCI Q3)",SPRINGER,Springer,是,SCIE,混合为主,"订阅路线通常无APC；选OA约 USD 2,790-4,290",中,https://www.springer.com/gp/open-access,https://www.google.com/search?q=Current+Medical+Science+aims+scope+instructions+for+authors+APC
414,4-Q3,2,Journal of Basic and Applied Zoology,J BASIC APPL ZOOL,2090-9896,2090-990X,1.7,1.9,Q3,59/106,Q3,Q3,0.37,44.8,109.0,1019.0,BIOLOGY,BIOLOGY(JIF Q3/JCI Q3),SPRINGER,Springer,否,ESCI,混合为主,"订阅路线通常无APC；选OA约 USD 2,790-4,290",中,https://www.springer.com/gp/open-access,https://www.google.com/search?q=Journal+of+Basic+and+Applied+Zoology+aims+scope+instructions+for+authors+APC
415,4-Q3,2,Journal of Pharmacological Sciences,J PHARMACOL SCI,1347-8613,1347-8648,2.8,3.2,Q3,181/356,Q2,Q2,0.77,49.3,108.0,4858.0,PHARMACOLOGY & PHARMACY,PHARMACOLOGY & PHARMACY(JIF Q3/JCI Q2),JAPANESE PHARMACOLOGICAL SOC,其他,是,SCIE,需核实,请查期刊官网 Author / Open Access 页面,未知,,https://www.google.com/search?q=Journal+of+Pharmacological+Sciences+aims+scope+instructions+for+authors+APC
416,4-Q3,2,Traumatology,TRAUMATOLOGY,,1085-9373,1.7,2.7,Q3,109/222,Q3,Q2,0.69,41.6,108.0,2057.0,"PSYCHIATRY; PSYCHOLOGY, CLINICAL","PSYCHIATRY(JIF Q3/JCI Q3) | PSYCHOLOGY, CLINICAL(JIF Q3/JCI Q3)",AMER PSYCHOLOGICAL ASSOC,其他,否,ESCI,需核实,请查期刊官网 Author / Open Access 页面,未知,,https://www.google.com/search?q=Traumatology+aims+scope+instructions+for+authors+APC
417,4-Q3,2,Surgical Infections,SURG INFECT,1096-2964,1557-8674,1.7,2.1,Q3,170/321,Q3,Q3,0.54,47.2,108.0,3475.0,INFECTIOUS DISEASES; SURGERY,INFECTIOUS DISEASES(JIF Q4/JCI Q3) | SURGERY(JIF Q3/JCI Q3),SAGE PUBLICATIONS INC,SAGE,是,SCIE,混合为主,"订阅路线通常无APC；SAGE Choice常见 USD 2,000-4,000",中,https://us.sagepub.com/en-us/nam/sage-choice,https://www.google.com/search?q=Surgical+Infections+aims+scope+instructions+for+authors+APC
418,4-Q3,2,Clinical and Experimental Optometry,CLIN EXP OPTOM,0816-4622,1444-0938,1.6,2.1,Q3,63/98,Q3,Q3,0.62,36.2,108.0,3558.0,OPHTHALMOLOGY,OPHTHALMOLOGY(JIF Q3/JCI Q3),TAYLOR & FRANCIS LTD,Taylor & Francis,是,SCIE,混合为主,"订阅路线通常无APC；Open Select常见 USD 2,500-3,500",中,https://authorservices.taylorandfrancis.com/publishing-open-access/,https://www.google.com/search?q=Clinical+and+Experimental+Optometry+aims+scope+instructions+for+authors+APC
419,4-Q3,2,Journal of Community Hospital Internal Medicine Perspectives,J COMM HOSP INT MED,2000-9666,2000-9666,0.6,0.8,Q3,227/336,Q3,Q3,0.17,32.6,108.0,1081.0,"MEDICINE, GENERAL & INTERNAL","MEDICINE, GENERAL & INTERNAL(JIF Q3/JCI Q3)",DIGITAL COMMONS BEPRESS,其他,否,ESCI,需核实,请查期刊官网 Author / Open Access 页面,未知,,https://www.google.com/search?q=Journal+of+Community+Hospital+Internal+Medicine+Perspectives+aims+scope+instructions+for+authors+APC
420,4-Q3,2,PROTOPLASMA,PROTOPLASMA,0033-183X,1615-6102,2.7,3.1,Q3,111/285,Q3,Q2,0.53,28.7,107.0,6195.0,CELL BIOLOGY,CELL BIOLOGY(JIF Q3/JCI Q3),SPRINGER WIEN,Springer,是,SCIE,混合为主,"订阅路线通常无APC；选OA约 USD 2,790-4,290",中,https://www.springer.com/gp/open-access,https://www.google.com/search?q=PROTOPLASMA+aims+scope+instructions+for+authors+APC
421,4-Q3,2,Biomarkers in Medicine,BIOMARK MED,1752-0363,1752-0371,2.1,1.9,Q3,121/191,Q3,Q3,0.51,36.9,107.0,2636.0,"MEDICINE, RESEARCH & EXPERIMENTAL","MEDICINE, RESEARCH & EXPERIMENTAL(JIF Q3/JCI Q3)",TAYLOR & FRANCIS LTD,Taylor & Francis,是,SCIE,混合为主,"订阅路线通常无APC；Open Select常见 USD 2,500-3,500",中,https://authorservices.taylorandfrancis.com/publishing-open-access/,https://www.google.com/search?q=Biomarkers+in+Medicine+aims+scope+instructions+for+authors+APC
422,4-Q3,2,World Journal of Gastrointestinal Endoscopy,WORLD J GASTRO ENDOS,1948-5190,1948-5190,2.1,2.0,Q3,101/153,Q4,Q4,0.33,34.3,107.0,1849.0,GASTROENTEROLOGY & HEPATOLOGY,GASTROENTEROLOGY & HEPATOLOGY(JIF Q3/JCI Q4),BAISHIDENG PUBLISHING GROUP INC,其他,否,ESCI,需核实,请查期刊官网 Author / Open Access 页面,未知,,https://www.google.com/search?q=World+Journal+of+Gastrointestinal+Endoscopy+aims+scope+instructions+for+authors+APC
423,4-Q3,2,General Thoracic and Cardiovascular Surgery,GEN THORAC CARDIOVAS,1863-6705,1863-6713,1.5,1.2,Q3,189/321,Q3,Q3,0.47,41.3,107.0,2318.0,CARDIAC & CARDIOVASCULAR SYSTEMS; SURGERY,CARDIAC & CARDIOVASCULAR SYSTEMS(JIF Q3/JCI Q3) | SURGERY(JIF Q3/JCI Q3),SPRINGER JAPAN KK,Springer,是,SCIE,混合为主,"订阅路线通常无APC；选OA约 USD 2,790-4,290",中,https://www.springer.com/gp/open-access,https://www.google.com/search?q=General+Thoracic+and+Cardiovascular+Surgery+aims+scope+instructions+for+authors+APC
424,4-Q3,2,Biomechanics and Modeling in Mechanobiology,BIOMECH MODEL MECHAN,1617-7959,1617-7940,3.0,3.2,Q3,30/81,Q2,Q2,0.68,47.3,106.0,5226.0,"ENGINEERING, BIOMEDICAL","ENGINEERING, BIOMEDICAL(JIF Q3/JCI Q2)",SPRINGER HEIDELBERG,Springer,是,SCIE,混合为主,"订阅路线通常无APC；选OA约 USD 2,790-4,290",中,https://www.springer.com/gp/open-access,https://www.google.com/search?q=Biomechanics+and+Modeling+in+Mechanobiology+aims+scope+instructions+for+authors+APC
425,4-Q3,2,Amyotrophic Lateral Sclerosis and Frontotemporal Degeneration,AMYOTROPH LAT SCL FR,2167-8421,2167-9223,2.4,3.0,Q3,168/296,Q2,Q2,0.77,43.4,105.0,4522.0,CLINICAL NEUROLOGY,CLINICAL NEUROLOGY(JIF Q3/JCI Q2),TAYLOR & FRANCIS LTD,Taylor & Francis,是,SCIE,混合为主,"订阅路线通常无APC；Open Select常见 USD 2,500-3,500",中,https://authorservices.taylorandfrancis.com/publishing-open-access/,https://www.google.com/search?q=Amyotrophic+Lateral+Sclerosis+and+Frontotemporal+Degeneration+aims+scope+instructions+for+authors+APC
426,4-Q3,2,JOURNAL OF BIOMATERIALS APPLICATIONS,J BIOMATER APPL,0885-3282,1530-8022,2.4,2.6,Q3,81/130,Q3,Q3,0.41,38.1,105.0,3666.0,"ENGINEERING, BIOMEDICAL; MATERIALS SCIENCE, BIOMATERIALS","ENGINEERING, BIOMEDICAL(JIF Q3/JCI Q3) | MATERIALS SCIENCE, BIOMATERIALS(JIF Q4/JCI Q4)",SAGE PUBLICATIONS LTD,SAGE,是,SCIE,混合为主,"订阅路线通常无APC；SAGE Choice常见 USD 2,000-4,000",中,https://us.sagepub.com/en-us/nam/sage-choice,https://www.google.com/search?q=JOURNAL+OF+BIOMATERIALS+APPLICATIONS+aims+scope+instructions+for+authors+APC
427,4-Q3,2,PEDIATRIC ANESTHESIA,PEDIATR ANESTH,1155-5645,1460-9592,1.6,2.0,Q3,101/190,Q2,Q2,0.69,47.1,105.0,5503.0,ANESTHESIOLOGY; PEDIATRICS,ANESTHESIOLOGY(JIF Q3/JCI Q2) | PEDIATRICS(JIF Q3/JCI Q2),WILEY,Wiley,是,SCIE,混合为主,"订阅路线通常无APC；OnlineOpen常见 USD 3,200-4,700",中,https://authorservices.wiley.com/author-resources/Journal-Authors/open-access/article-publication-charges.html,https://www.google.com/search?q=PEDIATRIC+ANESTHESIA+aims+scope+instructions+for+authors+APC
428,4-Q3,2,Pertanika Journal of Science and Technology,PERTANIKA J SCI TECH,0128-7680,0128-7680,1.1,0.9,Q3,86/140,Q3,Q3,0.16,38.9,105.0,1164.0,MULTIDISCIPLINARY SCIENCES,MULTIDISCIPLINARY SCIENCES(JIF Q3/JCI Q3),UNIV PUTRA MALAYSIA PRESS,其他,否,ESCI,需核实,请查期刊官网 Author / Open Access 页面,未知,,https://www.google.com/search?q=Pertanika+Journal+of+Science+and+Technology+aims+scope+instructions+for+authors+APC
429,4-Q3,2,International Journal of Microbiology,INT J MICROBIOL,1687-918X,1687-9198,3.4,4.5,Q3,85/167,Q3,Q3,0.69,49.4,104.0,3479.0,MICROBIOLOGY,MICROBIOLOGY(JIF Q3/JCI Q3),WILEY,Wiley,否,ESCI,混合为主,"订阅路线通常无APC；OnlineOpen常见 USD 3,200-4,700",中,https://authorservices.wiley.com/author-resources/Journal-Authors/open-access/article-publication-charges.html,https://www.google.com/search?q=International+Journal+of+Microbiology+aims+scope+instructions+for+authors+APC
430,4-Q3,2,Journal of Gynecology Obstetrics and Human Reproduction,J GYNECOL OBSTET HUM,2468-7847,1773-0430,1.5,1.8,Q3,97/143,Q3,Q3,0.57,32.5,104.0,2194.0,OBSTETRICS & GYNECOLOGY,OBSTETRICS & GYNECOLOGY(JIF Q3/JCI Q3),"ELSEVIER MASSON, CORP OFF",Elsevier,是,SCIE,混合为主,"订阅路线通常无APC；Gold OA常见 USD 2,200-4,200",中,https://www.elsevier.com/open-access/agreements,https://www.google.com/search?q=Journal+of+Gynecology+Obstetrics+and+Human+Reproduction+aims+scope+instructions+for+authors+APC
431,4-Q3,2,Counselling & Psychotherapy Research,COUNS PSYCHOTHER RES,1473-3145,1746-1405,1.5,3.2,Q3,123/184,Q3,Q3,0.54,33.4,104.0,2790.0,"PSYCHOLOGY, CLINICAL","PSYCHOLOGY, CLINICAL(JIF Q3/JCI Q3)",WILEY,Wiley,否,ESCI,混合为主,"订阅路线通常无APC；OnlineOpen常见 USD 3,200-4,700",中,https://authorservices.wiley.com/author-resources/Journal-Authors/open-access/article-publication-charges.html,https://www.google.com/search?q=Counselling+&+Psychotherapy+Research+aims+scope+instructions+for+authors+APC
432,4-Q3,2,Current Problems in Diagnostic Radiology,CURR PROBL DIAGN RAD,0363-0188,0363-0188,1.4,1.4,Q3,159/217,Q3,Q3,0.44,27.0,104.0,1488.0,"RADIOLOGY, NUCLEAR MEDICINE & MEDICAL IMAGING","RADIOLOGY, NUCLEAR MEDICINE & MEDICAL IMAGING(JIF Q3/JCI Q3)",MOSBY-ELSEVIER,Elsevier,否,ESCI,混合为主,"订阅路线通常无APC；Gold OA常见 USD 2,200-4,200",中,https://www.elsevier.com/open-access/agreements,https://www.google.com/search?q=Current+Problems+in+Diagnostic+Radiology+aims+scope+instructions+for+authors+APC
433,4-Q3,2,ENDOCRINE JOURNAL,ENDOCR J,0918-8959,1348-4540,2.5,2.5,Q3,130/198,Q3,Q3,0.52,34.6,103.0,4846.0,ENDOCRINOLOGY & METABOLISM,ENDOCRINOLOGY & METABOLISM(JIF Q3/JCI Q3),JAPAN ENDOCRINE SOC,其他,是,SCIE,需核实,请查期刊官网 Author / Open Access 页面,未知,,https://www.google.com/search?q=ENDOCRINE+JOURNAL+aims+scope+instructions+for+authors+APC
434,4-Q3,2,JOURNAL OF VIRAL HEPATITIS,J VIRAL HEPATITIS,1352-0504,1365-2893,2.3,2.3,Q3,93/153,Q2,Q2,0.55,39.5,103.0,3894.0,GASTROENTEROLOGY & HEPATOLOGY; INFECTIOUS DISEASES; VIROLOGY,GASTROENTEROLOGY & HEPATOLOGY(JIF Q3/JCI Q2) | INFECTIOUS DISEASES(JIF Q3/JCI Q3) | VIROLOGY(JIF Q3/JCI Q3),WILEY,Wiley,是,SCIE,混合为主,"订阅路线通常无APC；OnlineOpen常见 USD 3,200-4,700",中,https://authorservices.wiley.com/author-resources/Journal-Authors/open-access/article-publication-charges.html,https://www.google.com/search?q=JOURNAL+OF+VIRAL+HEPATITIS+aims+scope+instructions+for+authors+APC
435,4-Q3,2,PANCREAS,PANCREAS,0885-3177,1536-4828,2.2,2.3,Q3,96/153,Q3,Q3,0.37,37.6,103.0,6865.0,GASTROENTEROLOGY & HEPATOLOGY,GASTROENTEROLOGY & HEPATOLOGY(JIF Q3/JCI Q3),LIPPINCOTT WILLIAMS & WILKINS,Wolters Kluwer/LWW,是,SCIE,混合为主,"订阅路线通常无APC；OA常见 USD 2,000-4,000；MEDICINE已拉黑",中,https://wkauthorservices.editage.com/open-access/,https://www.google.com/search?q=PANCREAS+aims+scope+instructions+for+authors+APC
436,4-Q3,2,CVIR Endovascular,CVIR ENDOVASC,,2520-8934,2.1,1.7,Q3,114/217,Q3,Q3,0.43,47.7,103.0,783.0,"CARDIAC & CARDIOVASCULAR SYSTEMS; PERIPHERAL VASCULAR DISEASE; RADIOLOGY, NUCLEAR MEDICINE & MEDICAL IMAGING","CARDIAC & CARDIOVASCULAR SYSTEMS(JIF Q3/JCI Q3) | PERIPHERAL VASCULAR DISEASE(JIF Q3/JCI Q3) | RADIOLOGY, NUCLEAR MEDICINE & MEDICAL IMAGING(JIF Q3/JCI Q3)",SPRINGERNATURE,Springer Nature,否,ESCI,混合/全OA,"全OA约 USD 2,090-3,490；Nature系更高；Scientific Reports已拉黑",中高,https://www.springernature.com/gp/open-research/journals-books/journals,https://www.google.com/search?q=CVIR+Endovascular+aims+scope+instructions+for+authors+APC
437,4-Q3,2,ANTI-CANCER DRUGS,ANTI-CANCER DRUG,0959-4973,1473-5741,2.0,1.9,Q3,249/356,Q3,Q3,0.56,30.2,103.0,4071.0,ONCOLOGY; PHARMACOLOGY & PHARMACY,ONCOLOGY(JIF Q4/JCI Q3) | PHARMACOLOGY & PHARMACY(JIF Q3/JCI Q3),LIPPINCOTT WILLIAMS & WILKINS,Wolters Kluwer/LWW,是,SCIE,混合为主,"订阅路线通常无APC；OA常见 USD 2,000-4,000；MEDICINE已拉黑",中,https://wkauthorservices.editage.com/open-access/,https://www.google.com/search?q=ANTI-CANCER+DRUGS+aims+scope+instructions+for+authors+APC
438,4-Q3,2,Public Health Challenges,PUBLIC HEALTH CHALL,,2769-2450,1.8,2.0,Q3,273/443,Q4,Q4,0.37,38.5,103.0,424.0,"PUBLIC, ENVIRONMENTAL & OCCUPATIONAL HEALTH","PUBLIC, ENVIRONMENTAL & OCCUPATIONAL HEALTH(JIF Q3/JCI Q4)",WILEY,Wiley,否,ESCI,混合为主,"订阅路线通常无APC；OnlineOpen常见 USD 3,200-4,700",中,https://authorservices.wiley.com/author-resources/Journal-Authors/open-access/article-publication-charges.html,https://www.google.com/search?q=Public+Health+Challenges+aims+scope+instructions+for+authors+APC
439,4-Q3,2,Australasian Psychiatry,AUSTRALAS PSYCHIATRY,1039-8562,1440-1665,1.7,1.4,Q3,208/293,Q4,Q4,0.38,29.2,103.0,2322.0,PSYCHIATRY,PSYCHIATRY(JIF Q3/JCI Q4),SAGE PUBLICATIONS LTD,SAGE,是,"SCIE, SSCI",混合为主,"订阅路线通常无APC；SAGE Choice常见 USD 2,000-4,000",中,https://us.sagepub.com/en-us/nam/sage-choice,https://www.google.com/search?q=Australasian+Psychiatry+aims+scope+instructions+for+authors+APC
440,4-Q3,2,Ginekologia Polska,GINEKOL POL,0017-0011,2543-6767,1.6,1.5,Q3,94/143,Q3,Q3,0.51,34.6,103.0,2072.0,OBSTETRICS & GYNECOLOGY,OBSTETRICS & GYNECOLOGY(JIF Q3/JCI Q3),VIA MEDICA,其他,是,SCIE,需核实,请查期刊官网 Author / Open Access 页面,未知,,https://www.google.com/search?q=Ginekologia+Polska+aims+scope+instructions+for+authors+APC
441,4-Q3,2,MICROSURGERY,MICROSURG,0738-1085,1098-2752,1.5,1.8,Q3,189/321,Q2,Q2,0.66,41.3,103.0,3665.0,SURGERY,SURGERY(JIF Q3/JCI Q2),WILEY,Wiley,是,SCIE,混合为主,"订阅路线通常无APC；OnlineOpen常见 USD 3,200-4,700",中,https://authorservices.wiley.com/author-resources/Journal-Authors/open-access/article-publication-charges.html,https://www.google.com/search?q=MICROSURGERY+aims+scope+instructions+for+authors+APC
442,4-Q3,2,DISEASES OF THE ESOPHAGUS,DIS ESOPHAGUS,1120-8694,1442-2050,2.4,2.7,Q3,91/153,Q3,Q3,0.45,40.8,102.0,4236.0,GASTROENTEROLOGY & HEPATOLOGY,GASTROENTEROLOGY & HEPATOLOGY(JIF Q3/JCI Q3),OXFORD UNIV PRESS INC,Oxford UP,是,SCIE,混合为主,订阅路线通常无APC；可选OA，费用因刊而异,中,https://academic.oup.com/pages/open-research/open-access,https://www.google.com/search?q=DISEASES+OF+THE+ESOPHAGUS+aims+scope+instructions+for+authors+APC
443,4-Q3,2,JOURNAL OF INTENSIVE CARE MEDICINE,J INTENSIVE CARE MED,0885-0666,1525-1489,2.3,2.7,Q3,38/66,Q3,Q3,0.47,43.2,102.0,4114.0,CRITICAL CARE MEDICINE,CRITICAL CARE MEDICINE(JIF Q3/JCI Q3),SAGE PUBLICATIONS INC,SAGE,是,SCIE,混合为主,"订阅路线通常无APC；SAGE Choice常见 USD 2,000-4,000",中,https://us.sagepub.com/en-us/nam/sage-choice,https://www.google.com/search?q=JOURNAL+OF+INTENSIVE+CARE+MEDICINE+aims+scope+instructions+for+authors+APC
444,4-Q3,2,JOURNAL OF THROMBOSIS AND THROMBOLYSIS,J THROMB THROMBOLYS,0929-5305,1573-742X,2.1,2.0,Q3,57/100,Q2,Q2,0.54,43.5,102.0,4115.0,CARDIAC & CARDIOVASCULAR SYSTEMS; HEMATOLOGY; PERIPHERAL VASCULAR DISEASE,CARDIAC & CARDIOVASCULAR SYSTEMS(JIF Q3/JCI Q3) | HEMATOLOGY(JIF Q3/JCI Q2) | PERIPHERAL VASCULAR DISEASE(JIF Q3/JCI Q3),SPRINGER,Springer,是,SCIE,混合为主,"订阅路线通常无APC；选OA约 USD 2,790-4,290",中,https://www.springer.com/gp/open-access,https://www.google.com/search?q=JOURNAL+OF+THROMBOSIS+AND+THROMBOLYSIS+aims+scope+instructions+for+authors+APC
445,4-Q3,2,ACTAS ESPANOLAS DE PSIQUIATRIA,ACTAS ESP PSIQUIATRI,1139-9287,1578-2735,2.1,1.9,Q3,170/293,Q3,Q3,0.44,42.2,102.0,924.0,NEUROSCIENCES; PSYCHIATRY,NEUROSCIENCES(JIF Q3/JCI Q4) | PSYCHIATRY(JIF Q3/JCI Q3),JUAN JOSE LOPEZ-IBOR FOUNDATION,其他,是,SCIE,需核实,请查期刊官网 Author / Open Access 页面,未知,,https://www.google.com/search?q=ACTAS+ESPANOLAS+DE+PSIQUIATRIA+aims+scope+instructions+for+authors+APC
446,4-Q3,2,ACTA NEUROLOGICA BELGICA,ACTA NEUROL BELG,0300-9009,2240-2993,2.0,2.3,Q3,188/296,Q4,Q4,0.43,36.7,102.0,3070.0,CLINICAL NEUROLOGY; NEUROSCIENCES,CLINICAL NEUROLOGY(JIF Q3/JCI Q4) | NEUROSCIENCES(JIF Q4/JCI Q4),SPRINGER HEIDELBERG,Springer,是,SCIE,混合为主,"订阅路线通常无APC；选OA约 USD 2,790-4,290",中,https://www.springer.com/gp/open-access,https://www.google.com/search?q=ACTA+NEUROLOGICA+BELGICA+aims+scope+instructions+for+authors+APC
447,4-Q3,2,Indian Journal of Critical Care Medicine,INDIAN J CRIT CARE M,0972-5229,1998-359X,2.0,2.0,Q3,42/66,Q3,Q3,0.41,37.1,102.0,3725.0,CRITICAL CARE MEDICINE,CRITICAL CARE MEDICINE(JIF Q3/JCI Q3),JAYPEE BROTHERS MEDICAL PUBLISHERS PVT LTD,其他,否,ESCI,需核实,请查期刊官网 Author / Open Access 页面,未知,,https://www.google.com/search?q=Indian+Journal+of+Critical+Care+Medicine+aims+scope+instructions+for+authors+APC
448,4-Q3,2,Value in Health Regional Issues,VALUE HEALTH REG ISS,2212-1099,2212-1099,1.9,2.2,Q3,128/194,Q3,Q3,0.57,34.3,102.0,1587.0,HEALTH CARE SCIENCES & SERVICES; HEALTH POLICY & SERVICES,HEALTH CARE SCIENCES & SERVICES(JIF Q3/JCI Q3) | HEALTH POLICY & SERVICES(JIF Q3/JCI Q4),ELSEVIER,Elsevier,否,ESCI,混合为主,"订阅路线通常无APC；Gold OA常见 USD 2,200-4,200",中,https://www.elsevier.com/open-access/agreements,https://www.google.com/search?q=Value+in+Health+Regional+Issues+aims+scope+instructions+for+authors+APC
449,4-Q3,2,EXPERIMENTAL PARASITOLOGY,EXP PARASITOL,0014-4894,1090-2449,1.8,1.9,Q3,29/47,Q3,Q3,0.54,39.4,102.0,5416.0,PARASITOLOGY,PARASITOLOGY(JIF Q3/JCI Q3),ACADEMIC PRESS INC ELSEVIER SCIENCE,Elsevier,是,SCIE,混合为主,"订阅路线通常无APC；Gold OA常见 USD 2,200-4,200",中,https://www.elsevier.com/open-access/agreements,https://www.google.com/search?q=EXPERIMENTAL+PARASITOLOGY+aims+scope+instructions+for+authors+APC
450,4-Q3,2,Womens Reproductive Health,WOMEN REPROD HEALTH,2329-3691,2329-3713,1.6,,Q3,28/71,Q2,Q2,0.77,34.6,102.0,346.0,"OBSTETRICS & GYNECOLOGY; PUBLIC, ENVIRONMENTAL & OCCUPATIONAL HEALTH","OBSTETRICS & GYNECOLOGY(JIF Q3/JCI Q2) | PUBLIC, ENVIRONMENTAL & OCCUPATIONAL HEALTH(JIF Q3/JCI Q2)",TAYLOR & FRANCIS LTD,Taylor & Francis,否,ESCI,混合为主,"订阅路线通常无APC；Open Select常见 USD 2,500-3,500",中,https://authorservices.taylorandfrancis.com/publishing-open-access/,https://www.google.com/search?q=Womens+Reproductive+Health+aims+scope+instructions+for+authors+APC
451,4-Q3,2,Advanced Biology,ADV BIOL-GER,2701-0198,2701-0198,3.2,3.6,Q3,38/58,Q4,Q4,0.38,35.3,101.0,2306.0,"MATERIALS SCIENCE, BIOMATERIALS","MATERIALS SCIENCE, BIOMATERIALS(JIF Q3/JCI Q4)",WILEY-V C H VERLAG GMBH,Wiley,是,SCIE,混合为主,"订阅路线通常无APC；OnlineOpen常见 USD 3,200-4,700",中,https://authorservices.wiley.com/author-resources/Journal-Authors/open-access/article-publication-charges.html,https://www.google.com/search?q=Advanced+Biology+aims+scope+instructions+for+authors+APC
452,4-Q3,2,JOURNAL OF NUTRITION EDUCATION AND BEHAVIOR,J NUTR EDUC BEHAV,1499-4046,1878-2620,2.9,2.8,Q3,22/89,Q2,Q2,0.71,46.1,101.0,4625.0,NUTRITION & DIETETICS,NUTRITION & DIETETICS(JIF Q3/JCI Q2),ELSEVIER SCIENCE INC,Elsevier,是,SCIE,混合为主,"订阅路线通常无APC；Gold OA常见 USD 2,200-4,200",中,https://www.elsevier.com/open-access/agreements,https://www.google.com/search?q=JOURNAL+OF+NUTRITION+EDUCATION+AND+BEHAVIOR+aims+scope+instructions+for+authors+APC
453,4-Q3,2,PSYCHIATRY RESEARCH-NEUROIMAGING,PSYCHIAT RES-NEUROIM,0925-4927,1872-7506,2.4,2.5,Q3,151/293,Q3,Q3,0.62,48.6,101.0,5540.0,CLINICAL NEUROLOGY; NEUROIMAGING; PSYCHIATRY,CLINICAL NEUROLOGY(JIF Q3/JCI Q3) | NEUROIMAGING(JIF Q3/JCI Q3) | PSYCHIATRY(JIF Q3/JCI Q3),ELSEVIER IRELAND LTD,Elsevier,是,SCIE,混合为主,"订阅路线通常无APC；Gold OA常见 USD 2,200-4,200",中,https://www.elsevier.com/open-access/agreements,https://www.google.com/search?q=PSYCHIATRY+RESEARCH-NEUROIMAGING+aims+scope+instructions+for+authors+APC
454,4-Q3,2,MOLECULAR GENETICS AND GENOMICS,MOL GENET GENOMICS,1617-4615,1617-4623,2.2,2.4,Q3,120/192,Q3,Q3,0.52,37.8,101.0,5077.0,BIOCHEMISTRY & MOLECULAR BIOLOGY; GENETICS & HEREDITY,BIOCHEMISTRY & MOLECULAR BIOLOGY(JIF Q4/JCI Q3) | GENETICS & HEREDITY(JIF Q3/JCI Q3),SPRINGER HEIDELBERG,Springer,是,SCIE,混合为主,"订阅路线通常无APC；选OA约 USD 2,790-4,290",中,https://www.springer.com/gp/open-access,https://www.google.com/search?q=MOLECULAR+GENETICS+AND+GENOMICS+aims+scope+instructions+for+authors+APC
455,4-Q3,2,Psychogeriatrics,PSYCHOGERIATRICS,1346-3500,1479-8301,2.1,2.3,Q3,170/293,Q3,Q3,0.49,42.2,101.0,2409.0,GERIATRICS & GERONTOLOGY; PSYCHIATRY,GERIATRICS & GERONTOLOGY(JIF Q3/JCI Q4) | PSYCHIATRY(JIF Q3/JCI Q3),WILEY,Wiley,是,SCIE,混合为主,"订阅路线通常无APC；OnlineOpen常见 USD 3,200-4,700",中,https://authorservices.wiley.com/author-resources/Journal-Authors/open-access/article-publication-charges.html,https://www.google.com/search?q=Psychogeriatrics+aims+scope+instructions+for+authors+APC
456,4-Q3,2,CELL BIOLOGY INTERNATIONAL,CELL BIOL INT,1065-6995,1095-8355,3.5,3.4,Q3,118/207,Q3,Q3,0.43,43.2,100.0,6759.0,CELL BIOLOGY,CELL BIOLOGY(JIF Q3/JCI Q3),WILEY,Wiley,是,SCIE,混合为主,"订阅路线通常无APC；OnlineOpen常见 USD 3,200-4,700",中,https://authorservices.wiley.com/author-resources/Journal-Authors/open-access/article-publication-charges.html,https://www.google.com/search?q=CELL+BIOLOGY+INTERNATIONAL+aims+scope+instructions+for+authors+APC
457,4-Q3,2,DRUG AND CHEMICAL TOXICOLOGY,DRUG CHEM TOXICOL,0148-0545,1525-6014,2.2,2.5,Q3,159/250,Q3,Q2,0.47,35.3,100.0,3220.0,PHARMACOLOGY & PHARMACY; TOXICOLOGY,PHARMACOLOGY & PHARMACY(JIF Q3/JCI Q3) | TOXICOLOGY(JIF Q3/JCI Q4),TAYLOR & FRANCIS LTD,Taylor & Francis,是,SCIE,混合为主,"订阅路线通常无APC；Open Select常见 USD 2,500-3,500",中,https://authorservices.taylorandfrancis.com/publishing-open-access/,https://www.google.com/search?q=DRUG+AND+CHEMICAL+TOXICOLOGY+aims+scope+instructions+for+authors+APC
458,4-Q3,2,Sports Biomechanics,SPORT BIOMECH,1476-3141,1752-6116,2.0,2.7,Q3,70/136,Q3,Q3,0.56,48.9,100.0,3323.0,"ENGINEERING, BIOMEDICAL; SPORT SCIENCES","ENGINEERING, BIOMEDICAL(JIF Q3/JCI Q3) | SPORT SCIENCES(JIF Q3/JCI Q3)","ROUTLEDGE JOURNALS, TAYLOR & FRANCIS LTD",Taylor & Francis,是,SCIE,混合为主,"订阅路线通常无APC；Open Select常见 USD 2,500-3,500",中,https://authorservices.taylorandfrancis.com/publishing-open-access/,https://www.google.com/search?q=Sports+Biomechanics+aims+scope+instructions+for+authors+APC
459,4-Q3,2,BRAIN & DEVELOPMENT,BRAIN DEV-JPN,0387-7604,1872-7131,1.7,1.7,Q3,98/190,Q3,Q3,0.56,48.7,100.0,4283.0,CLINICAL NEUROLOGY; PEDIATRICS,CLINICAL NEUROLOGY(JIF Q3/JCI Q3) | PEDIATRICS(JIF Q3/JCI Q3),ELSEVIER,Elsevier,是,SCIE,混合为主,"订阅路线通常无APC；Gold OA常见 USD 2,200-4,200",中,https://www.elsevier.com/open-access/agreements,https://www.google.com/search?q=BRAIN+&+DEVELOPMENT+aims+scope+instructions+for+authors+APC
460,4-Q3,2,SOUTHERN MEDICAL JOURNAL,SOUTH MED J,0038-4348,1541-8243,0.9,1.0,Q3,195/336,Q3,Q3,0.24,42.1,100.0,3509.0,"MEDICINE, GENERAL & INTERNAL","MEDICINE, GENERAL & INTERNAL(JIF Q3/JCI Q3)",LIPPINCOTT WILLIAMS & WILKINS,Wolters Kluwer/LWW,是,SCIE,混合为主,"订阅路线通常无APC；OA常见 USD 2,000-4,000；MEDICINE已拉黑",中,https://wkauthorservices.editage.com/open-access/,https://www.google.com/search?q=SOUTHERN+MEDICAL+JOURNAL+aims+scope+instructions+for+authors+APC
461,4-Q3,2,BIOMECHANICS,BIOMECHANICS-BASEL,,2673-7078,1.4,1.7,Q3,94/136,Q4,Q4,0.33,31.3,97.0,333.0,"ENGINEERING, BIOMEDICAL; SPORT SCIENCES","ENGINEERING, BIOMEDICAL(JIF Q4/JCI Q4) | SPORT SCIENCES(JIF Q3/JCI Q4)",MDPI,MDPI,否,ESCI,全OA,"约 CHF 1,600-2,900（如 JCM=CHF 2,600）",高,https://www.mdpi.com/about/apc,https://www.google.com/search?q=BIOMECHANICS+aims+scope+instructions+for+authors+APC
462,4-Q3,2,BMJ Neurology Open,BMJ NEUROL OPEN,,2632-6140,2.6,2.7,Q3,157/296,Q2,Q2,0.74,47.1,92.0,740.0,CLINICAL NEUROLOGY,CLINICAL NEUROLOGY(JIF Q3/JCI Q2),BMJ PUBLISHING GROUP,BMJ,否,ESCI,混合/全OA,"BMJ Open约GBP 2,175；旗舰刊更高",高,https://authors.bmj.com/open-access/,https://www.google.com/search?q=BMJ+Neurology+Open+aims+scope+instructions+for+authors+APC
463,4-Q3,2,Renal Replacement Therapy,RENAL REPLACE THER,,2059-1381,1.4,1.2,Q3,93/134,Q3,Q3,0.38,31.0,91.0,704.0,UROLOGY & NEPHROLOGY,UROLOGY & NEPHROLOGY(JIF Q3/JCI Q3),BMC,BMC,否,ESCI,全OA,"约 USD 1,990-2,890（旗舰刊更高）",高,https://www.biomedcentral.com/getpublished/article-processing-charges,https://www.google.com/search?q=Renal+Replacement+Therapy+aims+scope+instructions+for+authors+APC
464,4-Q3,2,BMJ Open Gastroenterology,BMJ OPEN GASTROENTER,2054-4774,2054-4774,2.6,3.3,Q3,81/153,Q2,Q2,0.71,47.4,86.0,1880.0,GASTROENTEROLOGY & HEPATOLOGY,GASTROENTEROLOGY & HEPATOLOGY(JIF Q3/JCI Q2),BMJ PUBLISHING GROUP,BMJ,否,ESCI,混合/全OA,"BMJ Open约GBP 2,175；旗舰刊更高",高,https://authors.bmj.com/open-access/,https://www.google.com/search?q=BMJ+Open+Gastroenterology+aims+scope+instructions+for+authors+APC
465,4-Q3,2,NeuroSci,NEUROSCI-BASEL,,2673-4087,1.9,2.4,Q3,201/296,Q3,Q3,0.5,32.3,86.0,469.0,CLINICAL NEUROLOGY; NEUROSCIENCES,CLINICAL NEUROLOGY(JIF Q3/JCI Q3) | NEUROSCIENCES(JIF Q4/JCI Q4),MDPI,MDPI,否,ESCI,全OA,"约 CHF 1,600-2,900（如 JCM=CHF 2,600）",高,https://www.mdpi.com/about/apc,https://www.google.com/search?q=NeuroSci+aims+scope+instructions+for+authors+APC
466,4-Q3,1,JOURNAL OF ANALYTICAL TOXICOLOGY,J ANAL TOXICOL,0146-4760,1945-2403,2.7,2.6,Q3,62/110,Q3,Q3,0.62,40.1,99.0,4447.0,TOXICOLOGY,TOXICOLOGY(JIF Q3/JCI Q3),OXFORD UNIV PRESS INC,Oxford UP,是,SCIE,混合为主,订阅路线通常无APC；可选OA，费用因刊而异,中,https://academic.oup.com/pages/open-research/open-access,https://www.google.com/search?q=JOURNAL+OF+ANALYTICAL+TOXICOLOGY+aims+scope+instructions+for+authors+APC
467,4-Q3,1,Clinical Parkinsonism & Related Disorders,CLIN PARKINSON RELAT,,2590-1125,2.7,2.8,Q3,150/296,Q3,Q3,0.58,49.5,99.0,754.0,CLINICAL NEUROLOGY,CLINICAL NEUROLOGY(JIF Q3/JCI Q3),ELSEVIER,Elsevier,否,ESCI,混合为主,"订阅路线通常无APC；Gold OA常见 USD 2,200-4,200",中,https://www.elsevier.com/open-access/agreements,https://www.google.com/search?q=Clinical+Parkinsonism+&+Related+Disorders+aims+scope+instructions+for+authors+APC
468,4-Q3,1,JOURNAL OF COMMUNITY HEALTH,J COMMUN HEALTH,0094-5145,1573-3610,2.1,2.7,Q3,231/443,Q2,Q2,0.74,48.0,99.0,5135.0,"HEALTH POLICY & SERVICES; PUBLIC, ENVIRONMENTAL & OCCUPATIONAL HEALTH","HEALTH POLICY & SERVICES(JIF Q3/JCI Q3) | PUBLIC, ENVIRONMENTAL & OCCUPATIONAL HEALTH(JIF Q3/JCI Q2)",SPRINGER,Springer,否,SSCI,混合为主,"订阅路线通常无APC；选OA约 USD 2,790-4,290",中,https://www.springer.com/gp/open-access,https://www.google.com/search?q=JOURNAL+OF+COMMUNITY+HEALTH+aims+scope+instructions+for+authors+APC
469,4-Q3,1,European Journal of Trauma & Dissociation,EUR J TRAUMA DISSOC,2468-7499,2468-7499,1.9,2.4,Q3,95/184,Q3,Q3,0.64,48.6,99.0,823.0,"PSYCHIATRY; PSYCHOLOGY, CLINICAL","PSYCHIATRY(JIF Q3/JCI Q3) | PSYCHOLOGY, CLINICAL(JIF Q3/JCI Q3)",ELSEVIER,Elsevier,否,ESCI,混合为主,"订阅路线通常无APC；Gold OA常见 USD 2,200-4,200",中,https://www.elsevier.com/open-access/agreements,https://www.google.com/search?q=European+Journal+of+Trauma+&+Dissociation+aims+scope+instructions+for+authors+APC
470,4-Q3,1,Hand Surgery & Rehabilitation,HAND SURG REHABIL,2468-1229,2468-1210,1.6,1.5,Q3,176/321,Q3,Q3,0.58,45.3,99.0,1239.0,ORTHOPEDICS; SURGERY,ORTHOPEDICS(JIF Q3/JCI Q3) | SURGERY(JIF Q3/JCI Q3),ELSEVIER,Elsevier,是,SCIE,混合为主,"订阅路线通常无APC；Gold OA常见 USD 2,200-4,200",中,https://www.elsevier.com/open-access/agreements,https://www.google.com/search?q=Hand+Surgery+&+Rehabilitation+aims+scope+instructions+for+authors+APC
471,4-Q3,1,Chiang Mai Journal of Science,CHIANG MAI J SCI,0125-2526,0125-2526,1.0,0.8,Q3,92/140,Q3,Q3,0.18,34.6,99.0,1262.0,MULTIDISCIPLINARY SCIENCES,MULTIDISCIPLINARY SCIENCES(JIF Q3/JCI Q3),"CHIANG MAI UNIV, FAC SCIENCE",其他,是,SCIE,需核实,请查期刊官网 Author / Open Access 页面,未知,,https://www.google.com/search?q=Chiang+Mai+Journal+of+Science+aims+scope+instructions+for+authors+APC
472,4-Q3,1,JOURNAL OF BASIC MICROBIOLOGY,J BASIC MICROB,0233-111X,1521-4028,3.3,4.2,Q3,90/167,Q3,Q3,0.6,46.4,98.0,5233.0,MICROBIOLOGY,MICROBIOLOGY(JIF Q3/JCI Q3),WILEY-V C H VERLAG GMBH,Wiley,是,SCIE,混合为主,"订阅路线通常无APC；OnlineOpen常见 USD 3,200-4,700",中,https://authorservices.wiley.com/author-resources/Journal-Authors/open-access/article-publication-charges.html,https://www.google.com/search?q=JOURNAL+OF+BASIC+MICROBIOLOGY+aims+scope+instructions+for+authors+APC
473,4-Q3,1,Genes & Genomics,GENES GENOM,1976-9571,2092-9293,2.0,1.9,Q3,131/192,Q4,Q4,0.4,32.0,98.0,2179.0,BIOCHEMISTRY & MOLECULAR BIOLOGY; BIOTECHNOLOGY & APPLIED MICROBIOLOGY; GENETICS & HEREDITY,BIOCHEMISTRY & MOLECULAR BIOLOGY(JIF Q4/JCI Q4) | BIOTECHNOLOGY & APPLIED MICROBIOLOGY(JIF Q4/JCI Q4) | GENETICS & HEREDITY(JIF Q3/JCI Q4),SPRINGER,Springer,是,SCIE,混合为主,"订阅路线通常无APC；选OA约 USD 2,790-4,290",中,https://www.springer.com/gp/open-access,https://www.google.com/search?q=Genes+&+Genomics+aims+scope+instructions+for+authors+APC
474,4-Q3,1,Indian Journal of Psychological Medicine,INDIAN J PSYCHOL MED,0253-7176,0975-1564,1.8,3.3,Q3,58/93,Q3,Q3,0.45,31.9,98.0,3770.0,PSYCHIATRY,PSYCHIATRY(JIF Q3/JCI Q3),SAGE PUBLICATIONS INC,SAGE,否,ESCI,混合为主,"订阅路线通常无APC；SAGE Choice常见 USD 2,000-4,000",中,https://us.sagepub.com/en-us/nam/sage-choice,https://www.google.com/search?q=Indian+Journal+of+Psychological+Medicine+aims+scope+instructions+for+authors+APC
475,4-Q3,1,Nurse Leader,NURSE LEAD,1541-4612,1541-4620,1.7,1.6,Q3,106/194,Q3,Q3,0.66,45.6,98.0,962.0,NURSING,NURSING(JIF Q3/JCI Q3),ELSEVIER SCIENCE INC,Elsevier,否,ESCI,混合为主,"订阅路线通常无APC；Gold OA常见 USD 2,200-4,200",中,https://www.elsevier.com/open-access/agreements,https://www.google.com/search?q=Nurse+Leader+aims+scope+instructions+for+authors+APC
476,4-Q3,1,BRAIN INJURY,BRAIN INJURY,0269-9052,1362-301X,1.5,1.9,Q3,105/175,Q3,Q3,0.63,40.3,98.0,6376.0,NEUROSCIENCES; REHABILITATION,NEUROSCIENCES(JIF Q4/JCI Q3) | REHABILITATION(JIF Q3/JCI Q3),TAYLOR & FRANCIS LTD,Taylor & Francis,是,"SCIE; SCIE, SSCI",混合为主,"订阅路线通常无APC；Open Select常见 USD 2,500-3,500",中,https://authorservices.taylorandfrancis.com/publishing-open-access/,https://www.google.com/search?q=BRAIN+INJURY+aims+scope+instructions+for+authors+APC
477,4-Q3,1,IMMUNOLOGY LETTERS,IMMUNOL LETT,0165-2478,1879-0542,3.2,3.8,Q3,103/183,Q3,Q3,0.64,44.0,97.0,6196.0,IMMUNOLOGY,IMMUNOLOGY(JIF Q3/JCI Q3),ELSEVIER,Elsevier,是,SCIE,混合为主,"订阅路线通常无APC；Gold OA常见 USD 2,200-4,200",中,https://www.elsevier.com/open-access/agreements,https://www.google.com/search?q=IMMUNOLOGY+LETTERS+aims+scope+instructions+for+authors+APC
478,4-Q3,1,Journal of Geriatric Oncology,J GERIATR ONCOL,1879-4068,1879-4076,2.9,3.0,Q3,175/333,Q3,Q3,0.62,47.6,97.0,3784.0,GERIATRICS & GERONTOLOGY; ONCOLOGY,GERIATRICS & GERONTOLOGY(JIF Q3/JCI Q3) | ONCOLOGY(JIF Q3/JCI Q3),ELSEVIER,Elsevier,是,SCIE,混合为主,"订阅路线通常无APC；Gold OA常见 USD 2,200-4,200",中,https://www.elsevier.com/open-access/agreements,https://www.google.com/search?q=Journal+of+Geriatric+Oncology+aims+scope+instructions+for+authors+APC
479,4-Q3,1,BIOTECHNOLOGY PROGRESS,BIOTECHNOL PROGR,8756-7938,1520-6033,2.8,3.0,Q3,108/187,Q3,Q3,0.51,41.4,97.0,7326.0,BIOTECHNOLOGY & APPLIED MICROBIOLOGY,BIOTECHNOLOGY & APPLIED MICROBIOLOGY(JIF Q3/JCI Q3),WILEY,Wiley,是,SCIE,混合为主,"订阅路线通常无APC；OnlineOpen常见 USD 3,200-4,700",中,https://authorservices.wiley.com/author-resources/Journal-Authors/open-access/article-publication-charges.html,https://www.google.com/search?q=BIOTECHNOLOGY+PROGRESS+aims+scope+instructions+for+authors+APC
480,4-Q3,1,Hormones and Behavior,HORM BEHAV,0018-506X,1095-6867,2.6,2.7,Q3,20/57,Q2,Q2,0.79,35.6,97.0,8959.0,ENDOCRINOLOGY & METABOLISM,ENDOCRINOLOGY & METABOLISM(JIF Q3/JCI Q2),ACADEMIC PRESS INC ELSEVIER SCIENCE,Elsevier,是,SCIE,混合为主,"订阅路线通常无APC；Gold OA常见 USD 2,200-4,200",中,https://www.elsevier.com/open-access/agreements,https://www.google.com/search?q=Hormones+and+Behavior+aims+scope+instructions+for+authors+APC
481,4-Q3,1,REVISTA PANAMERICANA DE SALUD PUBLICA-PAN AMERICAN JOURNAL OF PUBLIC HEALTH,REV PANAM SALUD PUBL,1020-4989,1680-5348,1.7,2.2,Q3,287/443,Q3,Q3,0.45,35.3,97.0,3326.0,"PUBLIC, ENVIRONMENTAL & OCCUPATIONAL HEALTH","PUBLIC, ENVIRONMENTAL & OCCUPATIONAL HEALTH(JIF Q3/JCI Q3)",PAN AMER HEALTH ORGANIZATION,其他,否,SSCI,需核实,请查期刊官网 Author / Open Access 页面,未知,,https://www.google.com/search?q=REVISTA+PANAMERICANA+DE+SALUD+PUBLICA-PAN+AMERICAN+JOURNAL+OF+PUBLIC+HEALTH+aims+scope+instructions+for+authors+APC
482,4-Q3,1,Journal of Ultrasound,J ULTRASOUND,1971-3495,1876-7931,1.6,1.9,Q3,147/217,Q3,Q3,0.46,32.5,97.0,1700.0,"RADIOLOGY, NUCLEAR MEDICINE & MEDICAL IMAGING","RADIOLOGY, NUCLEAR MEDICINE & MEDICAL IMAGING(JIF Q3/JCI Q3)",SPRINGER INT PUBL AG,Springer,否,ESCI,混合为主,"订阅路线通常无APC；选OA约 USD 2,790-4,290",中,https://www.springer.com/gp/open-access,https://www.google.com/search?q=Journal+of+Ultrasound+aims+scope+instructions+for+authors+APC
483,4-Q3,1,ARCHIVES DE PEDIATRIE,ARCH PEDIATRIE,0929-693X,1769-664X,1.5,1.7,Q3,107/190,Q2,Q2,0.68,43.9,97.0,2046.0,PEDIATRICS,PEDIATRICS(JIF Q3/JCI Q2),ELSEVIER FRANCE-EDITIONS SCIENTIFIQUES MEDICALES ELSEVIER,Elsevier,是,SCIE,混合为主,"订阅路线通常无APC；Gold OA常见 USD 2,200-4,200",中,https://www.elsevier.com/open-access/agreements,https://www.google.com/search?q=ARCHIVES+DE+PEDIATRIE+aims+scope+instructions+for+authors+APC
484,4-Q3,1,OTJR-Occupational Therapy Journal of Research,OTJR-OCCUP THER J RE,1539-4492,1938-2383,1.4,1.7,Q3,111/175,Q3,Q3,0.64,36.9,97.0,1412.0,REHABILITATION,REHABILITATION(JIF Q3/JCI Q3),SAGE PUBLICATIONS INC,SAGE,否,SSCI,混合为主,"订阅路线通常无APC；SAGE Choice常见 USD 2,000-4,000",中,https://us.sagepub.com/en-us/nam/sage-choice,https://www.google.com/search?q=OTJR-Occupational+Therapy+Journal+of+Research+aims+scope+instructions+for+authors+APC
485,4-Q3,1,JOURNAL OF MARITAL AND FAMILY THERAPY,J MARITAL FAM THER,0194-472X,1752-0606,1.4,2.2,Q3,33/66,Q3,Q3,0.53,31.3,97.0,2483.0,"PSYCHOLOGY, CLINICAL","PSYCHOLOGY, CLINICAL(JIF Q3/JCI Q3)",WILEY,Wiley,否,SSCI,混合为主,"订阅路线通常无APC；OnlineOpen常见 USD 3,200-4,700",中,https://authorservices.wiley.com/author-resources/Journal-Authors/open-access/article-publication-charges.html,https://www.google.com/search?q=JOURNAL+OF+MARITAL+AND+FAMILY+THERAPY+aims+scope+instructions+for+authors+APC
486,4-Q3,1,ASIAN PACIFIC JOURNAL OF ALLERGY AND IMMUNOLOGY,ASIAN PAC J ALLERGY,0125-877X,2228-8694,2.1,2.3,Q3,25/40,Q3,Q3,0.51,38.8,96.0,1280.0,ALLERGY; IMMUNOLOGY,ALLERGY(JIF Q3/JCI Q3) | IMMUNOLOGY(JIF Q4/JCI Q3),ALLERGY IMMUNOL SOC THAILAND,其他,是,SCIE,需核实,请查期刊官网 Author / Open Access 页面,未知,,https://www.google.com/search?q=ASIAN+PACIFIC+JOURNAL+OF+ALLERGY+AND+IMMUNOLOGY+aims+scope+instructions+for+authors+APC
487,4-Q3,1,Hemodialysis International,HEMODIAL INT,1492-7535,1542-4758,1.4,1.4,Q3,93/134,Q3,Q3,0.42,31.0,96.0,1885.0,UROLOGY & NEPHROLOGY,UROLOGY & NEPHROLOGY(JIF Q3/JCI Q3),WILEY,Wiley,是,SCIE,混合为主,"订阅路线通常无APC；OnlineOpen常见 USD 3,200-4,700",中,https://authorservices.wiley.com/author-resources/Journal-Authors/open-access/article-publication-charges.html,https://www.google.com/search?q=Hemodialysis+International+aims+scope+instructions+for+authors+APC
488,4-Q3,1,JOURNAL OF HUMAN GENETICS,J HUM GENET,1434-5161,1435-232X,2.3,2.8,Q3,114/192,Q3,Q3,0.57,40.9,95.0,4817.0,GENETICS & HEREDITY,GENETICS & HEREDITY(JIF Q3/JCI Q3),SPRINGERNATURE,Springer Nature,是,SCIE,混合/全OA,"全OA约 USD 2,090-3,490；Nature系更高；Scientific Reports已拉黑",中高,https://www.springernature.com/gp/open-research/journals-books/journals,https://www.google.com/search?q=JOURNAL+OF+HUMAN+GENETICS+aims+scope+instructions+for+authors+APC
489,4-Q3,1,JOURNAL OF HEREDITY,J HERED,0022-1503,1465-7333,2.2,3.0,Q3,32/54,Q2,Q2,0.72,37.8,95.0,5667.0,GENETICS & HEREDITY,GENETICS & HEREDITY(JIF Q3/JCI Q2),OXFORD UNIV PRESS INC,Oxford UP,是,SCIE,混合为主,订阅路线通常无APC；可选OA，费用因刊而异,中,https://academic.oup.com/pages/open-research/open-access,https://www.google.com/search?q=JOURNAL+OF+HEREDITY+aims+scope+instructions+for+authors+APC
490,4-Q3,1,Journal of Cancer Policy,J CANCER POLICY,,2213-5383,2.2,2.2,Q3,67/125,Q3,Q3,0.61,46.8,95.0,837.0,HEALTH POLICY & SERVICES; ONCOLOGY,HEALTH POLICY & SERVICES(JIF Q3/JCI Q3) | ONCOLOGY(JIF Q3/JCI Q3),ELSEVIER SCI LTD,Elsevier,否,ESCI,混合为主,"订阅路线通常无APC；Gold OA常见 USD 2,200-4,200",中,https://www.elsevier.com/open-access/agreements,https://www.google.com/search?q=Journal+of+Cancer+Policy+aims+scope+instructions+for+authors+APC
491,4-Q3,1,GENERAL AND COMPARATIVE ENDOCRINOLOGY,GEN COMP ENDOCR,0016-6480,1095-6840,2.1,2.2,Q3,31/183,Q2,Q2,0.81,25.5,95.0,10547.0,ENDOCRINOLOGY & METABOLISM,ENDOCRINOLOGY & METABOLISM(JIF Q3/JCI Q2),ACADEMIC PRESS INC ELSEVIER SCIENCE,Elsevier,是,SCIE,混合为主,"订阅路线通常无APC；Gold OA常见 USD 2,200-4,200",中,https://www.elsevier.com/open-access/agreements,https://www.google.com/search?q=GENERAL+AND+COMPARATIVE+ENDOCRINOLOGY+aims+scope+instructions+for+authors+APC
492,4-Q3,1,SCANDINAVIAN JOURNAL OF PUBLIC HEALTH,SCAND J PUBLIC HEALT,1403-4948,1651-1905,1.7,2.8,Q3,287/443,Q3,Q3,0.57,35.3,95.0,7198.0,"PUBLIC, ENVIRONMENTAL & OCCUPATIONAL HEALTH","PUBLIC, ENVIRONMENTAL & OCCUPATIONAL HEALTH(JIF Q3/JCI Q3)",SAGE PUBLICATIONS LTD,SAGE,是,"SCIE, SSCI",混合为主,"订阅路线通常无APC；SAGE Choice常见 USD 2,000-4,000",中,https://us.sagepub.com/en-us/nam/sage-choice,https://www.google.com/search?q=SCANDINAVIAN+JOURNAL+OF+PUBLIC+HEALTH+aims+scope+instructions+for+authors+APC
493,4-Q3,1,Brachytherapy,BRACHYTHERAPY,1538-4721,1873-1449,1.7,1.7,Q3,137/217,Q3,Q3,0.42,37.1,95.0,2293.0,"ONCOLOGY; RADIOLOGY, NUCLEAR MEDICINE & MEDICAL IMAGING","ONCOLOGY(JIF Q4/JCI Q3) | RADIOLOGY, NUCLEAR MEDICINE & MEDICAL IMAGING(JIF Q3/JCI Q3)",ELSEVIER SCIENCE INC,Elsevier,是,SCIE,混合为主,"订阅路线通常无APC；Gold OA常见 USD 2,200-4,200",中,https://www.elsevier.com/open-access/agreements,https://www.google.com/search?q=Brachytherapy+aims+scope+instructions+for+authors+APC
494,4-Q3,1,Iranian Journal of Pharmaceutical Research,IRAN J PHARM RES,1735-0328,1726-6890,1.7,2.2,Q3,267/356,Q3,Q3,0.41,25.1,95.0,3959.0,PHARMACOLOGY & PHARMACY,PHARMACOLOGY & PHARMACY(JIF Q3/JCI Q3),BRIEFLANDS,其他,是,SCIE,需核实,请查期刊官网 Author / Open Access 页面,未知,,https://www.google.com/search?q=Iranian+Journal+of+Pharmaceutical+Research+aims+scope+instructions+for+authors+APC
495,4-Q3,1,Danish Medical Journal,DAN MED J,,2245-1919,1.1,1.3,Q3,180/336,Q2,Q2,0.34,46.6,95.0,1499.0,"MEDICINE, GENERAL & INTERNAL","MEDICINE, GENERAL & INTERNAL(JIF Q3/JCI Q2)",DANISH MEDICAL ASSOC,其他,是,SCIE,需核实,请查期刊官网 Author / Open Access 页面,未知,,https://www.google.com/search?q=Danish+Medical+Journal+aims+scope+instructions+for+authors+APC
496,4-Q3,1,PHYSIOLOGICAL MEASUREMENT,PHYSIOL MEAS,0967-3334,1361-6579,2.5,2.6,Q3,48/89,Q2,Q2,0.68,38.8,94.0,7224.0,"ENGINEERING, BIOMEDICAL","ENGINEERING, BIOMEDICAL(JIF Q3/JCI Q2)",IOP Publishing Ltd,其他,是,SCIE,需核实,请查期刊官网 Author / Open Access 页面,未知,,https://www.google.com/search?q=PHYSIOLOGICAL+MEASUREMENT+aims+scope+instructions+for+authors+APC
497,4-Q3,1,Early Intervention in Psychiatry,EARLY INTERV PSYCHIA,1751-7885,1751-7893,2.3,2.6,Q3,159/293,Q3,Q3,0.63,45.9,94.0,3833.0,PSYCHIATRY,PSYCHIATRY(JIF Q3/JCI Q3),WILEY,Wiley,是,"SCIE, SSCI",混合为主,"订阅路线通常无APC；OnlineOpen常见 USD 3,200-4,700",中,https://authorservices.wiley.com/author-resources/Journal-Authors/open-access/article-publication-charges.html,https://www.google.com/search?q=Early+Intervention+in+Psychiatry+aims+scope+instructions+for+authors+APC
498,4-Q3,1,Head & Neck Pathology,HEAD NECK PATHOL,1936-055X,1936-0568,2.0,2.8,Q3,50/89,Q1,Q1,1.19,44.4,94.0,3671.0,PATHOLOGY,PATHOLOGY(JIF Q3/JCI Q1),SPRINGER,Springer,否,ESCI,混合为主,"订阅路线通常无APC；选OA约 USD 2,790-4,290",中,https://www.springer.com/gp/open-access,https://www.google.com/search?q=Head+&+Neck+Pathology+aims+scope+instructions+for+authors+APC
499,4-Q3,1,Annals of Diagnostic Pathology,ANN DIAGN PATHOL,1092-9134,1532-8198,1.6,1.7,Q3,57/89,Q3,Q3,0.58,36.5,94.0,2607.0,PATHOLOGY,PATHOLOGY(JIF Q3/JCI Q3),ELSEVIER SCIENCE INC,Elsevier,是,SCIE,混合为主,"订阅路线通常无APC；Gold OA常见 USD 2,200-4,200",中,https://www.elsevier.com/open-access/agreements,https://www.google.com/search?q=Annals+of+Diagnostic+Pathology+aims+scope+instructions+for+authors+APC
500,4-Q3,1,Advances in Skin & Wound Care,ADV SKIN WOUND CARE,1527-7941,1538-8654,1.5,2.1,Q3,189/321,Q2,Q2,0.64,41.3,94.0,2522.0,DERMATOLOGY; NURSING; SURGERY,DERMATOLOGY(JIF Q3/JCI Q2) | NURSING(JIF Q3/JCI Q3) | SURGERY(JIF Q3/JCI Q3),LIPPINCOTT WILLIAMS & WILKINS,Wolters Kluwer/LWW,是,"SCIE; SCIE, SSCI",混合为主,"订阅路线通常无APC；OA常见 USD 2,000-4,000；MEDICINE已拉黑",中,https://wkauthorservices.editage.com/open-access/,https://www.google.com/search?q=Advances+in+Skin+&+Wound+Care+aims+scope+instructions+for+authors+APC
501,4-Q3,1,European Journal of Integrative Medicine,EUR J INTEGR MED,1876-3820,1876-3839,1.3,1.9,Q3,34/48,Q3,Q3,0.4,30.2,94.0,2165.0,INTEGRATIVE & COMPLEMENTARY MEDICINE,INTEGRATIVE & COMPLEMENTARY MEDICINE(JIF Q3/JCI Q3),ELSEVIER SCIENCE INC,Elsevier,是,SCIE,混合为主,"订阅路线通常无APC；Gold OA常见 USD 2,200-4,200",中,https://www.elsevier.com/open-access/agreements,https://www.google.com/search?q=European+Journal+of+Integrative+Medicine+aims+scope+instructions+for+authors+APC
502,4-Q3,1,International Archives of Otorhinolaryngology,INT ARCH OTORHINOLAR,1809-9777,1809-4864,1.1,1.4,Q3,46/67,Q3,Q3,0.6,32.1,94.0,1429.0,OTORHINOLARYNGOLOGY,OTORHINOLARYNGOLOGY(JIF Q3/JCI Q3),GEORG THIEME VERLAG KG,Thieme,否,ESCI,混合为主,订阅路线通常无APC；OA另计,中低,https://www.thieme.com/en-us/open-access,https://www.google.com/search?q=International+Archives+of+Otorhinolaryngology+aims+scope+instructions+for+authors+APC
503,4-Q3,1,JOURNAL OF TEACHING IN PHYSICAL EDUCATION,J TEACH PHYS EDUC,0273-5024,1543-2769,1.6,2.2,Q3,333/760,Q3,Q2,0.71,37.9,93.0,2839.0,SPORT SCIENCES,SPORT SCIENCES(JIF Q3/JCI Q3),HUMAN KINETICS PUBL INC,其他,是,SSCI; SCIE,需核实,请查期刊官网 Author / Open Access 页面,未知,,https://www.google.com/search?q=JOURNAL+OF+TEACHING+IN+PHYSICAL+EDUCATION+aims+scope+instructions+for+authors+APC
504,4-Q3,1,Journal of Aggression Maltreatment & Trauma,J AGGRESS MALTREAT T,1092-6771,1545-083X,1.6,2.4,Q3,28/66,Q3,Q3,0.66,37.8,93.0,2634.0,"PSYCHIATRY; PSYCHOLOGY, CLINICAL","PSYCHIATRY(JIF Q3/JCI Q3) | PSYCHOLOGY, CLINICAL(JIF Q3/JCI Q3)","ROUTLEDGE JOURNALS, TAYLOR & FRANCIS LTD",Taylor & Francis,否,SSCI,混合为主,"订阅路线通常无APC；Open Select常见 USD 2,500-3,500",中,https://authorservices.taylorandfrancis.com/publishing-open-access/,https://www.google.com/search?q=Journal+of+Aggression+Maltreatment+&+Trauma+aims+scope+instructions+for+authors+APC
505,4-Q3,1,ISRAEL MEDICAL ASSOCIATION JOURNAL,ISR MED ASSOC J,1565-1088,1565-1088,0.8,1.1,Q3,205/336,Q3,Q3,0.24,39.1,93.0,2247.0,"MEDICINE, GENERAL & INTERNAL","MEDICINE, GENERAL & INTERNAL(JIF Q3/JCI Q3)",ISRAEL MEDICAL ASSOC JOURNAL,其他,是,SCIE,需核实,请查期刊官网 Author / Open Access 页面,未知,,https://www.google.com/search?q=ISRAEL+MEDICAL+ASSOCIATION+JOURNAL+aims+scope+instructions+for+authors+APC
506,4-Q3,1,Journal of Natural Medicines,J NAT MED-TOKYO,1340-3443,1861-0293,2.6,3.0,Q3,195/356,Q2,Q2,0.64,45.4,92.0,3419.0,"CHEMISTRY, MEDICINAL; PHARMACOLOGY & PHARMACY","CHEMISTRY, MEDICINAL(JIF Q3/JCI Q3) | PHARMACOLOGY & PHARMACY(JIF Q3/JCI Q2)",SPRINGER JAPAN KK,Springer,是,SCIE,混合为主,"订阅路线通常无APC；选OA约 USD 2,790-4,290",中,https://www.springer.com/gp/open-access,https://www.google.com/search?q=Journal+of+Natural+Medicines+aims+scope+instructions+for+authors+APC
507,4-Q3,1,PHARMACOLOGY BIOCHEMISTRY AND BEHAVIOR,PHARMACOL BIOCHEM BE,0091-3057,1873-5177,2.4,3.1,Q3,24/57,Q2,Q2,0.73,39.7,92.0,10045.0,NEUROSCIENCES; PHARMACOLOGY & PHARMACY,NEUROSCIENCES(JIF Q3/JCI Q3) | PHARMACOLOGY & PHARMACY(JIF Q3/JCI Q2),PERGAMON-ELSEVIER SCIENCE LTD,Elsevier,是,SCIE,混合为主,"订阅路线通常无APC；Gold OA常见 USD 2,200-4,200",中,https://www.elsevier.com/open-access/agreements,https://www.google.com/search?q=PHARMACOLOGY+BIOCHEMISTRY+AND+BEHAVIOR+aims+scope+instructions+for+authors+APC
508,4-Q3,1,Journal of Ophthalmic Inflammation and Infection,J OPHTHALMIC INFLAMM,1869-5760,1869-5760,2.0,2.0,Q3,55/98,Q2,Q2,0.77,44.4,92.0,947.0,OPHTHALMOLOGY,OPHTHALMOLOGY(JIF Q3/JCI Q2),SPRINGER,Springer,否,ESCI,混合为主,"订阅路线通常无APC；选OA约 USD 2,790-4,290",中,https://www.springer.com/gp/open-access,https://www.google.com/search?q=Journal+of+Ophthalmic+Inflammation+and+Infection+aims+scope+instructions+for+authors+APC
509,4-Q3,1,JOURNAL OF SCHOOL HEALTH,J SCHOOL HEALTH,0022-4391,1746-1561,1.8,2.1,Q3,290/760,Q3,Q2,0.63,38.5,92.0,4246.0,"HEALTH CARE SCIENCES & SERVICES; PUBLIC, ENVIRONMENTAL & OCCUPATIONAL HEALTH","HEALTH CARE SCIENCES & SERVICES(JIF Q3/JCI Q3) | PUBLIC, ENVIRONMENTAL & OCCUPATIONAL HEALTH(JIF Q3/JCI Q3)",WILEY,Wiley,是,"SSCI; SCIE; SCIE, SSCI",混合为主,"订阅路线通常无APC；OnlineOpen常见 USD 3,200-4,700",中,https://authorservices.wiley.com/author-resources/Journal-Authors/open-access/article-publication-charges.html,https://www.google.com/search?q=JOURNAL+OF+SCHOOL+HEALTH+aims+scope+instructions+for+authors+APC
510,4-Q3,1,JOURNAL OF RADIOLOGICAL PROTECTION,J RADIOL PROT,0952-4746,1361-6498,1.7,1.6,Q3,22/42,Q3,Q3,0.5,37.1,92.0,1956.0,"PUBLIC, ENVIRONMENTAL & OCCUPATIONAL HEALTH; RADIOLOGY, NUCLEAR MEDICINE & MEDICAL IMAGING","PUBLIC, ENVIRONMENTAL & OCCUPATIONAL HEALTH(JIF Q3/JCI Q3) | RADIOLOGY, NUCLEAR MEDICINE & MEDICAL IMAGING(JIF Q3/JCI Q3)",IOP Publishing Ltd,其他,是,SCIE,需核实,请查期刊官网 Author / Open Access 页面,未知,,https://www.google.com/search?q=JOURNAL+OF+RADIOLOGICAL+PROTECTION+aims+scope+instructions+for+authors+APC
511,4-Q3,1,Pain Management,PAIN MANAG,1758-1869,1758-1877,1.7,2.0,Q3,219/296,Q4,Q4,0.4,26.2,92.0,1555.0,CLINICAL NEUROLOGY,CLINICAL NEUROLOGY(JIF Q3/JCI Q4),TAYLOR & FRANCIS LTD,Taylor & Francis,否,ESCI,混合为主,"订阅路线通常无APC；Open Select常见 USD 2,500-3,500",中,https://authorservices.taylorandfrancis.com/publishing-open-access/,https://www.google.com/search?q=Pain+Management+aims+scope+instructions+for+authors+APC
512,4-Q3,1,Giornale Italiano di Cardiologia,G ITAL CARDIOL,1827-6806,1972-6481,1.5,0.9,Q3,162/237,Q1,Q1,1.18,31.9,92.0,899.0,CARDIAC & CARDIOVASCULAR SYSTEMS,CARDIAC & CARDIOVASCULAR SYSTEMS(JIF Q3/JCI Q1),PENSIERO SCIENTIFICO EDITORE,其他,否,ESCI,需核实,请查期刊官网 Author / Open Access 页面,未知,,https://www.google.com/search?q=Giornale+Italiano+di+Cardiologia+aims+scope+instructions+for+authors+APC
513,4-Q3,1,TURKISH JOURNAL OF PEDIATRICS,TURKISH J PEDIATR,0041-4301,0041-4301,0.9,1.0,Q3,140/190,Q3,Q3,0.4,26.6,92.0,1674.0,PEDIATRICS,PEDIATRICS(JIF Q3/JCI Q3),TURKISH J PEDIATRICS,其他,是,SCIE,需核实,请查期刊官网 Author / Open Access 页面,未知,,https://www.google.com/search?q=TURKISH+JOURNAL+OF+PEDIATRICS+aims+scope+instructions+for+authors+APC
514,4-Q3,1,Infectious Diseases,INFECT DIS-NOR,2374-4235,2374-4243,2.5,2.7,Q3,77/141,Q3,Q3,0.64,45.7,91.0,2404.0,INFECTIOUS DISEASES,INFECTIOUS DISEASES(JIF Q3/JCI Q3),TAYLOR & FRANCIS LTD,Taylor & Francis,是,SCIE,混合为主,"订阅路线通常无APC；Open Select常见 USD 2,500-3,500",中,https://authorservices.taylorandfrancis.com/publishing-open-access/,https://www.google.com/search?q=Infectious+Diseases+aims+scope+instructions+for+authors+APC
515,4-Q3,1,CANCER CHEMOTHERAPY AND PHARMACOLOGY,CANCER CHEMOTH PHARM,0344-5704,1432-0843,2.5,2.7,Q3,205/356,Q3,Q3,0.58,42.6,91.0,8961.0,ONCOLOGY; PHARMACOLOGY & PHARMACY,ONCOLOGY(JIF Q3/JCI Q3) | PHARMACOLOGY & PHARMACY(JIF Q3/JCI Q3),SPRINGER,Springer,是,SCIE,混合为主,"订阅路线通常无APC；选OA约 USD 2,790-4,290",中,https://www.springer.com/gp/open-access,https://www.google.com/search?q=CANCER+CHEMOTHERAPY+AND+PHARMACOLOGY+aims+scope+instructions+for+authors+APC
516,4-Q3,1,Sexual & Reproductive Healthcare,SEX REPROD HEALTHC,1877-5756,1877-5764,2.0,2.5,Q3,246/443,Q3,Q3,0.56,44.6,91.0,1842.0,"PUBLIC, ENVIRONMENTAL & OCCUPATIONAL HEALTH","PUBLIC, ENVIRONMENTAL & OCCUPATIONAL HEALTH(JIF Q3/JCI Q3)",ELSEVIER IRELAND LTD,Elsevier,否,SSCI,混合为主,"订阅路线通常无APC；Gold OA常见 USD 2,200-4,200",中,https://www.elsevier.com/open-access/agreements,https://www.google.com/search?q=Sexual+&+Reproductive+Healthcare+aims+scope+instructions+for+authors+APC
517,4-Q3,1,Sexual Health,SEX HEALTH,1448-5028,1449-8987,2.0,2.1,Q3,246/443,Q3,Q3,0.51,44.6,91.0,1897.0,"INFECTIOUS DISEASES; PUBLIC, ENVIRONMENTAL & OCCUPATIONAL HEALTH","INFECTIOUS DISEASES(JIF Q3/JCI Q3) | PUBLIC, ENVIRONMENTAL & OCCUPATIONAL HEALTH(JIF Q3/JCI Q3)",CSIRO PUBLISHING,其他,是,"SCIE; SCIE, SSCI",需核实,请查期刊官网 Author / Open Access 页面,未知,,https://www.google.com/search?q=Sexual+Health+aims+scope+instructions+for+authors+APC
518,4-Q3,1,HEART AND VESSELS,HEART VESSELS,0910-8327,1615-2573,1.5,1.4,Q3,162/237,Q3,Q3,0.41,31.9,91.0,2996.0,CARDIAC & CARDIOVASCULAR SYSTEMS; PERIPHERAL VASCULAR DISEASE,CARDIAC & CARDIOVASCULAR SYSTEMS(JIF Q3/JCI Q3) | PERIPHERAL VASCULAR DISEASE(JIF Q3/JCI Q3),SPRINGER,Springer,是,SCIE,混合为主,"订阅路线通常无APC；选OA约 USD 2,790-4,290",中,https://www.springer.com/gp/open-access,https://www.google.com/search?q=HEART+AND+VESSELS+aims+scope+instructions+for+authors+APC
519,4-Q3,1,DEFENCE SCIENCE JOURNAL,DEFENCE SCI J,0011-748X,0976-464X,0.8,0.8,Q3,101/140,Q4,Q4,0.14,28.2,91.0,1360.0,MULTIDISCIPLINARY SCIENCES,MULTIDISCIPLINARY SCIENCES(JIF Q3/JCI Q4),DEFENCE SCIENTIFIC INFORMATION DOCUMENTATION CENTRE,其他,是,SCIE,需核实,请查期刊官网 Author / Open Access 页面,未知,,https://www.google.com/search?q=DEFENCE+SCIENCE+JOURNAL+aims+scope+instructions+for+authors+APC
520,4-Q3,1,JOURNAL OF COMPARATIVE NEUROLOGY,J COMP NEUROL,0021-9967,1096-9861,2.3,2.3,Q3,22/183,Q2,Q1,0.89,28.6,90.0,21047.0,NEUROSCIENCES,NEUROSCIENCES(JIF Q3/JCI Q2),WILEY,Wiley,是,SCIE,混合为主,"订阅路线通常无APC；OnlineOpen常见 USD 3,200-4,700",中,https://authorservices.wiley.com/author-resources/Journal-Authors/open-access/article-publication-charges.html,https://www.google.com/search?q=JOURNAL+OF+COMPARATIVE+NEUROLOGY+aims+scope+instructions+for+authors+APC
521,4-Q3,1,Annals of Indian Academy of Neurology,ANN INDIAN ACAD NEUR,0972-2327,1998-3549,1.8,2.0,Q3,213/296,Q4,Q4,0.34,28.2,90.0,2514.0,CLINICAL NEUROLOGY,CLINICAL NEUROLOGY(JIF Q3/JCI Q4),WOLTERS KLUWER MEDKNOW PUBLICATIONS,Wolters Kluwer/LWW,是,SCIE,混合为主,"订阅路线通常无APC；OA常见 USD 2,000-4,000；MEDICINE已拉黑",中,https://wkauthorservices.editage.com/open-access/,https://www.google.com/search?q=Annals+of+Indian+Academy+of+Neurology+aims+scope+instructions+for+authors+APC
522,4-Q3,1,JOURNAL OF LAW MEDICINE & ETHICS,J LAW MED ETHICS,1073-1105,1748-720X,1.3,1.9,Q3,119/443,Q2,Q2,0.91,34.1,90.0,2495.0,"MEDICAL ETHICS; MEDICINE, LEGAL","MEDICAL ETHICS(JIF Q3/JCI Q2) | MEDICINE, LEGAL(JIF Q3/JCI Q2)",CAMBRIDGE UNIV PRESS,Cambridge UP,是,SSCI; SCIE,混合为主,订阅路线通常无APC；Gold OA因刊而异,中,https://www.cambridge.org/core/open-research/open-access,https://www.google.com/search?q=JOURNAL+OF+LAW+MEDICINE+&+ETHICS+aims+scope+instructions+for+authors+APC
523,4-Q3,1,NEUROSCIENCE RESEARCH,NEUROSCI RES,0168-0102,1872-8111,3.2,2.8,Q3,167/330,Q3,Q3,0.62,49.5,89.0,5357.0,NEUROSCIENCES,NEUROSCIENCES(JIF Q3/JCI Q3),ELSEVIER IRELAND LTD,Elsevier,是,SCIE,混合为主,"订阅路线通常无APC；Gold OA常见 USD 2,200-4,200",中,https://www.elsevier.com/open-access/agreements,https://www.google.com/search?q=NEUROSCIENCE+RESEARCH+aims+scope+instructions+for+authors+APC
524,4-Q3,1,JOURNAL OF WATER AND HEALTH,J WATER HEALTH,1477-8920,1996-7829,2.4,2.5,Q3,276/395,Q3,Q3,0.55,29.0,89.0,3319.0,MICROBIOLOGY,MICROBIOLOGY(JIF Q3/JCI Q3),IWA PUBLISHING,其他,是,SCIE,需核实,请查期刊官网 Author / Open Access 页面,未知,,https://www.google.com/search?q=JOURNAL+OF+WATER+AND+HEALTH+aims+scope+instructions+for+authors+APC
525,4-Q3,1,Health Promotion Journal of Australia,HEALTH PROMOT J AUST,1036-1073,2201-1617,2.0,2.1,Q3,246/443,Q3,Q3,0.5,44.6,89.0,2006.0,"PUBLIC, ENVIRONMENTAL & OCCUPATIONAL HEALTH","PUBLIC, ENVIRONMENTAL & OCCUPATIONAL HEALTH(JIF Q3/JCI Q3)",WILEY,Wiley,否,SSCI,混合为主,"订阅路线通常无APC；OnlineOpen常见 USD 3,200-4,700",中,https://authorservices.wiley.com/author-resources/Journal-Authors/open-access/article-publication-charges.html,https://www.google.com/search?q=Health+Promotion+Journal+of+Australia+aims+scope+instructions+for+authors+APC
526,4-Q3,1,Epilepsy & Behavior Reports,EPILEPSY BEHAV REP,,2589-9864,1.9,1.8,Q3,201/296,Q3,Q3,0.51,32.3,89.0,739.0,CLINICAL NEUROLOGY,CLINICAL NEUROLOGY(JIF Q3/JCI Q3),ELSEVIER SCIENCE INC,Elsevier,否,ESCI,混合为主,"订阅路线通常无APC；Gold OA常见 USD 2,200-4,200",中,https://www.elsevier.com/open-access/agreements,https://www.google.com/search?q=Epilepsy+&+Behavior+Reports+aims+scope+instructions+for+authors+APC
527,4-Q3,1,FACIAL PLASTIC SURGERY,FACIAL PLAST SURG,0736-6825,1098-8793,1.5,1.7,Q3,189/321,Q3,Q3,0.62,41.3,89.0,2549.0,SURGERY,SURGERY(JIF Q3/JCI Q3),THIEME MEDICAL PUBL INC,Thieme,是,SCIE,混合为主,订阅路线通常无APC；OA另计,中低,https://www.thieme.com/en-us/open-access,https://www.google.com/search?q=FACIAL+PLASTIC+SURGERY+aims+scope+instructions+for+authors+APC
528,4-Q3,1,Shoulder & Elbow,SHOULDER ELBOW,1758-5732,1758-5740,1.2,,Q3,109/147,Q4,Q4,0.46,26.2,89.0,1435.0,ORTHOPEDICS,ORTHOPEDICS(JIF Q3/JCI Q4),SAGE PUBLICATIONS INC,SAGE,否,ESCI,混合为主,"订阅路线通常无APC；SAGE Choice常见 USD 2,000-4,000",中,https://us.sagepub.com/en-us/nam/sage-choice,https://www.google.com/search?q=Shoulder+&+Elbow+aims+scope+instructions+for+authors+APC
529,4-Q3,1,EUROPEAN JOURNAL OF CANCER CARE,EUR J CANCER CARE,0961-5423,1365-2354,1.1,2.6,Q3,141/194,Q3,Q3,0.58,27.6,89.0,5014.0,HEALTH CARE SCIENCES & SERVICES; NURSING; ONCOLOGY; REHABILITATION,HEALTH CARE SCIENCES & SERVICES(JIF Q4/JCI Q3) | NURSING(JIF Q3/JCI Q3) | ONCOLOGY(JIF Q4/JCI Q3) | REHABILITATION(JIF Q4/JCI Q3),WILEY,Wiley,是,"SCIE; SCIE, SSCI",混合为主,"订阅路线通常无APC；OnlineOpen常见 USD 3,200-4,700",中,https://authorservices.wiley.com/author-resources/Journal-Authors/open-access/article-publication-charges.html,https://www.google.com/search?q=EUROPEAN+JOURNAL+OF+CANCER+CARE+aims+scope+instructions+for+authors+APC
530,4-Q3,1,Innere Medizin,INNERE MED,2731-7080,2731-7099,0.5,0.9,Q3,241/336,Q3,Q3,0.14,28.4,89.0,633.0,"MEDICINE, GENERAL & INTERNAL","MEDICINE, GENERAL & INTERNAL(JIF Q3/JCI Q3)",SPRINGER MEDIZIN VERLAG GmBH,Springer,是,SCIE,混合为主,"订阅路线通常无APC；选OA约 USD 2,790-4,290",中,https://www.springer.com/gp/open-access,https://www.google.com/search?q=Innere+Medizin+aims+scope+instructions+for+authors+APC
531,4-Q3,1,International Journal of Endocrinology,INT J ENDOCRINOL,1687-8337,1687-8345,2.5,3.0,Q3,130/198,Q3,Q3,0.54,34.6,88.0,5511.0,ENDOCRINOLOGY & METABOLISM,ENDOCRINOLOGY & METABOLISM(JIF Q3/JCI Q3),WILEY,Wiley,是,SCIE,混合为主,"订阅路线通常无APC；OnlineOpen常见 USD 3,200-4,700",中,https://authorservices.wiley.com/author-resources/Journal-Authors/open-access/article-publication-charges.html,https://www.google.com/search?q=International+Journal+of+Endocrinology+aims+scope+instructions+for+authors+APC
532,4-Q3,1,ENFERMEDADES INFECCIOSAS Y MICROBIOLOGIA CLINICA,ENFERM INFEC MICR CL,0213-005X,1578-1852,2.2,2.1,Q3,94/141,Q3,Q3,0.55,33.7,88.0,2099.0,INFECTIOUS DISEASES; MICROBIOLOGY,INFECTIOUS DISEASES(JIF Q3/JCI Q3) | MICROBIOLOGY(JIF Q4/JCI Q3),EDICIONES DOYMA S A,其他,是,SCIE,需核实,请查期刊官网 Author / Open Access 页面,未知,,https://www.google.com/search?q=ENFERMEDADES+INFECCIOSAS+Y+MICROBIOLOGIA+CLINICA+aims+scope+instructions+for+authors+APC
533,4-Q3,1,JOURNAL OF APPLIED GENETICS,J APPL GENET,1234-1983,2190-3883,2.1,2.0,Q3,125/192,Q3,Q3,0.44,35.2,88.0,2147.0,BIOTECHNOLOGY & APPLIED MICROBIOLOGY; GENETICS & HEREDITY,BIOTECHNOLOGY & APPLIED MICROBIOLOGY(JIF Q3/JCI Q3) | GENETICS & HEREDITY(JIF Q3/JCI Q3),SPRINGER HEIDELBERG,Springer,是,SCIE,混合为主,"订阅路线通常无APC；选OA约 USD 2,790-4,290",中,https://www.springer.com/gp/open-access,https://www.google.com/search?q=JOURNAL+OF+APPLIED+GENETICS+aims+scope+instructions+for+authors+APC
534,4-Q3,1,VETERINARY DERMATOLOGY,VET DERMATOL,0959-4493,1365-3164,1.8,2.0,Q3,67/170,Q2,Q2,0.64,38.9,88.0,3105.0,DERMATOLOGY,DERMATOLOGY(JIF Q3/JCI Q2),WILEY,Wiley,是,SCIE,混合为主,"订阅路线通常无APC；OnlineOpen常见 USD 3,200-4,700",中,https://authorservices.wiley.com/author-resources/Journal-Authors/open-access/article-publication-charges.html,https://www.google.com/search?q=VETERINARY+DERMATOLOGY+aims+scope+instructions+for+authors+APC
535,4-Q3,1,FOLIA MORPHOLOGICA,FOLIA MORPHOL,0015-5659,1644-3284,1.4,1.4,Q3,15/25,Q2,Q2,0.85,42.0,88.0,2088.0,ANATOMY & MORPHOLOGY,ANATOMY & MORPHOLOGY(JIF Q3/JCI Q2),VIA MEDICA,其他,是,SCIE,需核实,请查期刊官网 Author / Open Access 页面,未知,,https://www.google.com/search?q=FOLIA+MORPHOLOGICA+aims+scope+instructions+for+authors+APC
536,4-Q3,1,Journal of the American Association of Nurse Practitioners,J AM ASSOC NURSE PRA,2327-6886,2327-6924,1.4,1.5,Q3,127/194,Q3,Q3,0.57,34.8,88.0,1881.0,HEALTH CARE SCIENCES & SERVICES; NURSING,HEALTH CARE SCIENCES & SERVICES(JIF Q4/JCI Q3) | NURSING(JIF Q3/JCI Q3),LIPPINCOTT WILLIAMS & WILKINS,Wolters Kluwer/LWW,是,"SCIE; SCIE, SSCI",混合为主,"订阅路线通常无APC；OA常见 USD 2,000-4,000；MEDICINE已拉黑",中,https://wkauthorservices.editage.com/open-access/,https://www.google.com/search?q=Journal+of+the+American+Association+of+Nurse+Practitioners+aims+scope+instructions+for+authors+APC
537,4-Q3,1,JOURNAL OF MANIPULATIVE AND PHYSIOLOGICAL THERAPEUTICS,J MANIP PHYSIOL THER,0161-4754,,1.4,1.7,Q3,111/175,Q3,Q3,0.45,36.9,88.0,3361.0,HEALTH CARE SCIENCES & SERVICES; INTEGRATIVE & COMPLEMENTARY MEDICINE; REHABILITATION,HEALTH CARE SCIENCES & SERVICES(JIF Q4/JCI Q4) | INTEGRATIVE & COMPLEMENTARY MEDICINE(JIF Q3/JCI Q3) | REHABILITATION(JIF Q3/JCI Q4),MOSBY-ELSEVIER,Elsevier,是,SCIE,混合为主,"订阅路线通常无APC；Gold OA常见 USD 2,200-4,200",中,https://www.elsevier.com/open-access/agreements,https://www.google.com/search?q=JOURNAL+OF+MANIPULATIVE+AND+PHYSIOLOGICAL+THERAPEUTICS+aims+scope+instructions+for+authors+APC
538,4-Q3,1,Saudi Journal of Anaesthesia,SAUDI J ANAESTH,1658-354X,0975-3125,1.2,1.6,Q3,46/72,Q3,Q3,0.39,36.8,88.0,3088.0,ANESTHESIOLOGY,ANESTHESIOLOGY(JIF Q3/JCI Q3),WOLTERS KLUWER MEDKNOW PUBLICATIONS,Wolters Kluwer/LWW,否,ESCI,混合为主,"订阅路线通常无APC；OA常见 USD 2,000-4,000；MEDICINE已拉黑",中,https://wkauthorservices.editage.com/open-access/,https://www.google.com/search?q=Saudi+Journal+of+Anaesthesia+aims+scope+instructions+for+authors+APC
539,4-Q3,1,JOURNAL OF PEDIATRIC ORTHOPAEDICS-PART B,J PEDIATR ORTHOP B,1060-152X,1473-5865,0.9,1.1,Q3,140/190,Q3,Q3,0.49,26.6,88.0,1998.0,ORTHOPEDICS; PEDIATRICS,ORTHOPEDICS(JIF Q4/JCI Q3) | PEDIATRICS(JIF Q3/JCI Q3),LIPPINCOTT WILLIAMS & WILKINS,Wolters Kluwer/LWW,是,SCIE,混合为主,"订阅路线通常无APC；OA常见 USD 2,000-4,000；MEDICINE已拉黑",中,https://wkauthorservices.editage.com/open-access/,https://www.google.com/search?q=JOURNAL+OF+PEDIATRIC+ORTHOPAEDICS-PART+B+aims+scope+instructions+for+authors+APC
540,4-Q3,1,ANNALS OF PHARMACOTHERAPY,ANN PHARMACOTHER,1060-0280,1542-6270,2.5,2.7,Q3,205/356,Q3,Q3,0.43,42.6,87.0,7022.0,PHARMACOLOGY & PHARMACY,PHARMACOLOGY & PHARMACY(JIF Q3/JCI Q3),SAGE PUBLICATIONS INC,SAGE,是,SCIE,混合为主,"订阅路线通常无APC；SAGE Choice常见 USD 2,000-4,000",中,https://us.sagepub.com/en-us/nam/sage-choice,https://www.google.com/search?q=ANNALS+OF+PHARMACOTHERAPY+aims+scope+instructions+for+authors+APC
541,4-Q3,1,AEM Education and Training,AEM EDUC TRAIN,,2472-5390,1.6,2.0,Q3,28/55,Q3,Q2,0.69,50.0,87.0,1349.0,EMERGENCY MEDICINE,EMERGENCY MEDICINE(JIF Q3/JCI Q3),WILEY,Wiley,否,ESCI,混合为主,"订阅路线通常无APC；OnlineOpen常见 USD 3,200-4,700",中,https://authorservices.wiley.com/author-resources/Journal-Authors/open-access/article-publication-charges.html,https://www.google.com/search?q=AEM+Education+and+Training+aims+scope+instructions+for+authors+APC
542,4-Q3,1,SCANDINAVIAN JOURNAL OF CLINICAL & LABORATORY INVESTIGATION,SCAND J CLIN LAB INV,0036-5513,1502-7686,1.4,1.6,Q3,23/33,Q3,Q3,0.5,31.8,87.0,3583.0,MEDICAL LABORATORY TECHNOLOGY,MEDICAL LABORATORY TECHNOLOGY(JIF Q3/JCI Q3),TAYLOR & FRANCIS LTD,Taylor & Francis,是,SCIE,混合为主,"订阅路线通常无APC；Open Select常见 USD 2,500-3,500",中,https://authorservices.taylorandfrancis.com/publishing-open-access/,https://www.google.com/search?q=SCANDINAVIAN+JOURNAL+OF+CLINICAL+&+LABORATORY+INVESTIGATION+aims+scope+instructions+for+authors+APC
543,4-Q3,1,Brazilian Journal of Cardiovascular Surgery,BRAZ J CARDIOV SURG,0102-7638,1678-9741,1.4,1.3,Q3,202/321,Q3,Q3,0.4,37.2,87.0,1630.0,CARDIAC & CARDIOVASCULAR SYSTEMS; SURGERY,CARDIAC & CARDIOVASCULAR SYSTEMS(JIF Q3/JCI Q3) | SURGERY(JIF Q3/JCI Q3),SOC BRASIL CIRURGIA CARDIOVASC,其他,是,SCIE,需核实,请查期刊官网 Author / Open Access 页面,未知,,https://www.google.com/search?q=Brazilian+Journal+of+Cardiovascular+Surgery+aims+scope+instructions+for+authors+APC
544,4-Q3,1,Ceylon Journal of Science,CEYLON J SCI,2513-2814,2513-230X,0.8,,Q3,101/140,Q3,Q3,0.18,28.2,87.0,432.0,MULTIDISCIPLINARY SCIENCES,MULTIDISCIPLINARY SCIENCES(JIF Q3/JCI Q3),UNIV PERADENIYA,其他,否,ESCI,需核实,请查期刊官网 Author / Open Access 页面,未知,,https://www.google.com/search?q=Ceylon+Journal+of+Science+aims+scope+instructions+for+authors+APC
545,4-Q3,1,Acta Clinica Croatica,ACTA CLIN CROAT,0353-9466,1333-9451,0.5,1.2,Q3,241/336,Q3,Q3,0.22,28.4,87.0,1703.0,"MEDICINE, GENERAL & INTERNAL","MEDICINE, GENERAL & INTERNAL(JIF Q3/JCI Q3)",SESTRE MILOSRDNICE UNIV HOSPITAL,其他,是,SCIE,需核实,请查期刊官网 Author / Open Access 页面,未知,,https://www.google.com/search?q=Acta+Clinica+Croatica+aims+scope+instructions+for+authors+APC
546,4-Q3,1,Clinics and Research in Hepatology and Gastroenterology,CLIN RES HEPATOL GAS,2210-7401,2210-741X,2.6,2.6,Q3,81/153,Q3,Q3,0.52,47.4,86.0,3357.0,GASTROENTEROLOGY & HEPATOLOGY,GASTROENTEROLOGY & HEPATOLOGY(JIF Q3/JCI Q3),"ELSEVIER MASSON, CORP OFF",Elsevier,是,SCIE,混合为主,"订阅路线通常无APC；Gold OA常见 USD 2,200-4,200",中,https://www.elsevier.com/open-access/agreements,https://www.google.com/search?q=Clinics+and+Research+in+Hepatology+and+Gastroenterology+aims+scope+instructions+for+authors+APC
547,4-Q3,1,Expert Review of Pharmacoeconomics & Outcomes Research,EXPERT REV PHARM OUT,1473-7167,1744-8379,2.2,2.3,Q3,67/125,Q3,Q3,0.51,46.8,86.0,3071.0,HEALTH CARE SCIENCES & SERVICES; HEALTH POLICY & SERVICES; PHARMACOLOGY & PHARMACY,HEALTH CARE SCIENCES & SERVICES(JIF Q3/JCI Q3) | HEALTH POLICY & SERVICES(JIF Q3/JCI Q4) | PHARMACOLOGY & PHARMACY(JIF Q3/JCI Q3),TAYLOR & FRANCIS LTD,Taylor & Francis,是,SCIE; SSCI,混合为主,"订阅路线通常无APC；Open Select常见 USD 2,500-3,500",中,https://authorservices.taylorandfrancis.com/publishing-open-access/,https://www.google.com/search?q=Expert+Review+of+Pharmacoeconomics+&+Outcomes+Research+aims+scope+instructions+for+authors+APC
548,4-Q3,1,Australian Endodontic Journal,AUST ENDOD J,1329-1947,1747-4477,1.7,2.1,Q3,97/165,Q3,Q3,0.58,41.5,86.0,1491.0,"DENTISTRY, ORAL SURGERY & MEDICINE","DENTISTRY, ORAL SURGERY & MEDICINE(JIF Q3/JCI Q3)",WILEY,Wiley,是,SCIE,混合为主,"订阅路线通常无APC；OnlineOpen常见 USD 3,200-4,700",中,https://authorservices.wiley.com/author-resources/Journal-Authors/open-access/article-publication-charges.html,https://www.google.com/search?q=Australian+Endodontic+Journal+aims+scope+instructions+for+authors+APC
549,4-Q3,1,AUSTRALIAN & NEW ZEALAND JOURNAL OF OBSTETRICS & GYNAECOLOGY,AUST NZ J OBSTET GYN,0004-8666,1479-828X,1.5,1.6,Q3,97/143,Q3,Q3,0.65,32.5,86.0,3257.0,OBSTETRICS & GYNECOLOGY,OBSTETRICS & GYNECOLOGY(JIF Q3/JCI Q3),WILEY,Wiley,是,SCIE,混合为主,"订阅路线通常无APC；OnlineOpen常见 USD 3,200-4,700",中,https://authorservices.wiley.com/author-resources/Journal-Authors/open-access/article-publication-charges.html,https://www.google.com/search?q=AUSTRALIAN+&+NEW+ZEALAND+JOURNAL+OF+OBSTETRICS+&+GYNAECOLOGY+aims+scope+instructions+for+authors+APC
550,4-Q3,1,QUINTESSENCE INTERNATIONAL,QUINTESSENCE INT,0033-6572,1936-7163,1.4,1.8,Q3,113/165,Q3,Q3,0.56,31.8,86.0,3232.0,"DENTISTRY, ORAL SURGERY & MEDICINE","DENTISTRY, ORAL SURGERY & MEDICINE(JIF Q3/JCI Q3)",QUINTESSENCE PUBLISHING CO INC,其他,是,SCIE,需核实,请查期刊官网 Author / Open Access 页面,未知,,https://www.google.com/search?q=QUINTESSENCE+INTERNATIONAL+aims+scope+instructions+for+authors+APC
551,4-Q3,1,Open Biology,OPEN BIOL,,2046-2441,3.1,5.6,Q3,192/328,Q3,Q3,0.54,41.6,85.0,6568.0,BIOCHEMISTRY & MOLECULAR BIOLOGY,BIOCHEMISTRY & MOLECULAR BIOLOGY(JIF Q3/JCI Q3),ROYAL SOC,其他,是,SCIE,需核实,请查期刊官网 Author / Open Access 页面,未知,,https://www.google.com/search?q=Open+Biology+aims+scope+instructions+for+authors+APC
552,4-Q3,1,TOXICOLOGY MECHANISMS AND METHODS,TOXICOL MECH METHOD,1537-6516,1537-6524,2.9,3.5,Q3,57/106,Q2,Q2,0.75,46.7,85.0,2935.0,TOXICOLOGY,TOXICOLOGY(JIF Q3/JCI Q2),TAYLOR & FRANCIS LTD,Taylor & Francis,是,SCIE,混合为主,"订阅路线通常无APC；Open Select常见 USD 2,500-3,500",中,https://authorservices.taylorandfrancis.com/publishing-open-access/,https://www.google.com/search?q=TOXICOLOGY+MECHANISMS+AND+METHODS+aims+scope+instructions+for+authors+APC
553,4-Q3,1,EUROPEAN JOURNAL OF LIPID SCIENCE AND TECHNOLOGY,EUR J LIPID SCI TECH,,1438-9312,2.4,2.6,Q3,119/187,Q3,Q3,0.44,36.4,85.0,6308.0,NUTRITION & DIETETICS,NUTRITION & DIETETICS(JIF Q3/JCI Q3),WILEY-V C H VERLAG GMBH,Wiley,是,SCIE,混合为主,"订阅路线通常无APC；OnlineOpen常见 USD 3,200-4,700",中,https://authorservices.wiley.com/author-resources/Journal-Authors/open-access/article-publication-charges.html,https://www.google.com/search?q=EUROPEAN+JOURNAL+OF+LIPID+SCIENCE+AND+TECHNOLOGY+aims+scope+instructions+for+authors+APC
554,4-Q3,1,Asia-Pacific Journal of Clinical Oncology,ASIA-PAC J CLIN ONCO,1743-7555,1743-7563,2.1,1.9,Q3,236/333,Q4,Q4,0.33,29.3,85.0,2111.0,ONCOLOGY,ONCOLOGY(JIF Q3/JCI Q4),WILEY,Wiley,是,SCIE,混合为主,"订阅路线通常无APC；OnlineOpen常见 USD 3,200-4,700",中,https://authorservices.wiley.com/author-resources/Journal-Authors/open-access/article-publication-charges.html,https://www.google.com/search?q=Asia-Pacific+Journal+of+Clinical+Oncology+aims+scope+instructions+for+authors+APC
555,4-Q3,1,CEREBROVASCULAR DISEASES,CEREBROVASC DIS,1015-9770,1421-9786,1.8,2.2,Q3,66/100,Q3,Q3,0.47,34.5,85.0,5429.0,CLINICAL NEUROLOGY; PERIPHERAL VASCULAR DISEASE,CLINICAL NEUROLOGY(JIF Q3/JCI Q3) | PERIPHERAL VASCULAR DISEASE(JIF Q3/JCI Q3),KARGER,Karger,是,SCIE,混合/OA,"因刊而异，常见 USD 2,500-3,800",中,https://karger.com/pages/Open-Access,https://www.google.com/search?q=CEREBROVASCULAR+DISEASES+aims+scope+instructions+for+authors+APC
556,4-Q3,1,Orthopedic Reviews,ORTHOP REV,2035-8237,2035-8164,1.6,2.4,Q3,89/147,Q3,Q3,0.61,39.8,85.0,1569.0,ORTHOPEDICS,ORTHOPEDICS(JIF Q3/JCI Q3),OPEN MEDICAL PUBL LLC,其他,否,ESCI,需核实,请查期刊官网 Author / Open Access 页面,未知,,https://www.google.com/search?q=Orthopedic+Reviews+aims+scope+instructions+for+authors+APC
557,4-Q3,1,Special Care in Dentistry,SPEC CARE DENT,0275-1879,1754-4505,1.4,1.3,Q3,113/165,Q3,Q3,0.43,31.8,85.0,1724.0,"DENTISTRY, ORAL SURGERY & MEDICINE","DENTISTRY, ORAL SURGERY & MEDICINE(JIF Q3/JCI Q3)",WILEY,Wiley,否,ESCI,混合为主,"订阅路线通常无APC；OnlineOpen常见 USD 3,200-4,700",中,https://authorservices.wiley.com/author-resources/Journal-Authors/open-access/article-publication-charges.html,https://www.google.com/search?q=Special+Care+in+Dentistry+aims+scope+instructions+for+authors+APC
558,4-Q3,1,Journal of Gerontological Nursing,J GERONTOL NURS,0098-9134,1938-243X,1.1,1.5,Q3,141/194,Q4,Q4,0.37,27.6,85.0,1792.0,GERIATRICS & GERONTOLOGY; NURSING,GERIATRICS & GERONTOLOGY(JIF Q4/JCI Q4) | NURSING(JIF Q3/JCI Q4),SLACK INC,其他,是,"SCIE; SSCI; SCIE, SSCI",需核实,请查期刊官网 Author / Open Access 页面,未知,,https://www.google.com/search?q=Journal+of+Gerontological+Nursing+aims+scope+instructions+for+authors+APC
559,4-Q3,1,Northern Clinics of Istanbul,NORTH CLIN ISTANB,2148-4902,2536-4553,1.0,1.1,Q3,186/336,Q3,Q3,0.31,44.8,85.0,1048.0,"MEDICINE, GENERAL & INTERNAL","MEDICINE, GENERAL & INTERNAL(JIF Q3/JCI Q3)",KARE PUBL,其他,否,ESCI,需核实,请查期刊官网 Author / Open Access 页面,未知,,https://www.google.com/search?q=Northern+Clinics+of+Istanbul+aims+scope+instructions+for+authors+APC
560,4-Q3,1,ARCHIVES OF PHYSIOLOGY AND BIOCHEMISTRY,ARCH PHYSIOL BIOCHEM,1381-3455,1744-4160,3.2,2.9,Q3,27/89,Q3,Q3,0.66,48.2,84.0,2724.0,ENDOCRINOLOGY & METABOLISM,ENDOCRINOLOGY & METABOLISM(JIF Q3/JCI Q3),TAYLOR & FRANCIS LTD,Taylor & Francis,是,SCIE,混合为主,"订阅路线通常无APC；Open Select常见 USD 2,500-3,500",中,https://authorservices.taylorandfrancis.com/publishing-open-access/,https://www.google.com/search?q=ARCHIVES+OF+PHYSIOLOGY+AND+BIOCHEMISTRY+aims+scope+instructions+for+authors+APC
561,4-Q3,1,Neuro-Oncology Practice,NEURO-ONCOL PRACT,2054-2577,2054-2585,2.5,3.0,Q3,161/296,Q2,Q2,0.64,45.8,84.0,1670.0,CLINICAL NEUROLOGY; ONCOLOGY,CLINICAL NEUROLOGY(JIF Q3/JCI Q3) | ONCOLOGY(JIF Q3/JCI Q2),OXFORD UNIV PRESS,Oxford UP,否,ESCI,混合为主,订阅路线通常无APC；可选OA，费用因刊而异,中,https://academic.oup.com/pages/open-research/open-access,https://www.google.com/search?q=Neuro-Oncology+Practice+aims+scope+instructions+for+authors+APC
562,4-Q3,1,Journal of Biochemistry,J BIOCHEM,0021-924X,1756-2651,2.4,2.3,Q3,244/328,Q4,Q4,0.38,25.8,84.0,7124.0,BIOCHEMISTRY & MOLECULAR BIOLOGY,BIOCHEMISTRY & MOLECULAR BIOLOGY(JIF Q3/JCI Q4),OXFORD UNIV PRESS,Oxford UP,是,SCIE,混合为主,订阅路线通常无APC；可选OA，费用因刊而异,中,https://academic.oup.com/pages/open-research/open-access,https://www.google.com/search?q=Journal+of+Biochemistry+aims+scope+instructions+for+authors+APC
563,4-Q3,1,CUAJ-Canadian Urological Association Journal,CUAJ-CAN UROL ASSOC,1911-6470,1920-1214,2.0,2.1,Q3,72/134,Q2,Q2,0.62,46.6,84.0,2844.0,UROLOGY & NEPHROLOGY,UROLOGY & NEPHROLOGY(JIF Q3/JCI Q2),CANADIAN UROLOGICAL ASSOCIATION,其他,是,SCIE,需核实,请查期刊官网 Author / Open Access 页面,未知,,https://www.google.com/search?q=CUAJ-Canadian+Urological+Association+Journal+aims+scope+instructions+for+authors+APC
564,4-Q3,1,MEDICAL DECISION MAKING,MED DECIS MAKING,0272-989X,1552-681X,2.0,4.0,Q3,80/125,Q3,Q3,0.61,36.4,84.0,7373.0,HEALTH CARE SCIENCES & SERVICES; HEALTH POLICY & SERVICES; MEDICAL INFORMATICS,HEALTH CARE SCIENCES & SERVICES(JIF Q3/JCI Q3) | HEALTH POLICY & SERVICES(JIF Q3/JCI Q3) | MEDICAL INFORMATICS(JIF Q4/JCI Q3),SAGE PUBLICATIONS INC,SAGE,是,SCIE; SSCI,混合为主,"订阅路线通常无APC；SAGE Choice常见 USD 2,000-4,000",中,https://us.sagepub.com/en-us/nam/sage-choice,https://www.google.com/search?q=MEDICAL+DECISION+MAKING+aims+scope+instructions+for+authors+APC
565,4-Q3,1,Oral Health & Preventive Dentistry,ORAL HLTH PREV DENT,1602-1622,1757-9996,1.7,1.7,Q3,97/165,Q3,Q3,0.57,41.5,84.0,1559.0,"DENTISTRY, ORAL SURGERY & MEDICINE","DENTISTRY, ORAL SURGERY & MEDICINE(JIF Q3/JCI Q3)",QUINTESSENCE PUBLISHING CO INC,其他,是,SCIE,需核实,请查期刊官网 Author / Open Access 页面,未知,,https://www.google.com/search?q=Oral+Health+&+Preventive+Dentistry+aims+scope+instructions+for+authors+APC
566,4-Q3,1,Journal of the American College of Clinical Pharmacy,J AM COLL CLIN PHARM,,2574-9870,1.7,1.8,Q3,267/356,Q4,Q4,0.37,25.1,84.0,1379.0,PHARMACOLOGY & PHARMACY,PHARMACOLOGY & PHARMACY(JIF Q3/JCI Q4),WILEY,Wiley,否,ESCI,混合为主,"订阅路线通常无APC；OnlineOpen常见 USD 3,200-4,700",中,https://authorservices.wiley.com/author-resources/Journal-Authors/open-access/article-publication-charges.html,https://www.google.com/search?q=Journal+of+the+American+College+of+Clinical+Pharmacy+aims+scope+instructions+for+authors+APC
567,4-Q3,1,JOURNAL OF MORPHOLOGY,J MORPHOL,0362-2525,1097-4687,1.4,1.5,Q3,15/25,Q2,Q2,0.86,42.0,84.0,5926.0,ANATOMY & MORPHOLOGY,ANATOMY & MORPHOLOGY(JIF Q3/JCI Q2),WILEY,Wiley,是,SCIE,混合为主,"订阅路线通常无APC；OnlineOpen常见 USD 3,200-4,700",中,https://authorservices.wiley.com/author-resources/Journal-Authors/open-access/article-publication-charges.html,https://www.google.com/search?q=JOURNAL+OF+MORPHOLOGY+aims+scope+instructions+for+authors+APC
568,4-Q3,1,JOURNAL OF PEDIATRIC OPHTHALMOLOGY & STRABISMUS,J PEDIAT OPHTH STRAB,0191-3913,1938-2405,1.4,1.2,Q3,112/190,Q3,Q3,0.53,41.3,84.0,1662.0,OPHTHALMOLOGY; PEDIATRICS,OPHTHALMOLOGY(JIF Q3/JCI Q3) | PEDIATRICS(JIF Q3/JCI Q3),SLACK INC,其他,是,SCIE,需核实,请查期刊官网 Author / Open Access 页面,未知,,https://www.google.com/search?q=JOURNAL+OF+PEDIATRIC+OPHTHALMOLOGY+&+STRABISMUS+aims+scope+instructions+for+authors+APC
569,4-Q3,1,Ophthalmic Surgery Lasers & Imaging Retina,OSLI RETINA,2325-8160,2325-8179,1.1,1.1,Q3,227/321,Q3,Q3,0.44,29.4,84.0,2481.0,OPHTHALMOLOGY; SURGERY,OPHTHALMOLOGY(JIF Q4/JCI Q4) | SURGERY(JIF Q3/JCI Q3),SLACK INC,其他,是,SCIE,需核实,请查期刊官网 Author / Open Access 页面,未知,,https://www.google.com/search?q=Ophthalmic+Surgery+Lasers+&+Imaging+Retina+aims+scope+instructions+for+authors+APC
570,4-Q3,1,COMPARATIVE BIOCHEMISTRY AND PHYSIOLOGY B-BIOCHEMISTRY & MOLECULAR BIOLOGY,COMP BIOCHEM PHYS B,1096-4959,1879-1107,2.5,2.4,Q3,17/183,Q2,Q1,0.84,28.2,83.0,6291.0,BIOCHEMISTRY & MOLECULAR BIOLOGY,BIOCHEMISTRY & MOLECULAR BIOLOGY(JIF Q3/JCI Q2),ELSEVIER SCIENCE INC,Elsevier,是,SCIE,混合为主,"订阅路线通常无APC；Gold OA常见 USD 2,200-4,200",中,https://www.elsevier.com/open-access/agreements,https://www.google.com/search?q=COMPARATIVE+BIOCHEMISTRY+AND+PHYSIOLOGY+B-BIOCHEMISTRY+&+MOLECULAR+BIOLOGY+aims+scope+instructions+for+authors+APC
571,4-Q3,1,EPILEPTIC DISORDERS,EPILEPTIC DISORD,1294-9361,1950-6945,2.5,2.6,Q3,161/296,Q3,Q3,0.65,45.8,83.0,2695.0,CLINICAL NEUROLOGY,CLINICAL NEUROLOGY(JIF Q3/JCI Q3),WILEY,Wiley,是,SCIE,混合为主,"订阅路线通常无APC；OnlineOpen常见 USD 3,200-4,700",中,https://authorservices.wiley.com/author-resources/Journal-Authors/open-access/article-publication-charges.html,https://www.google.com/search?q=EPILEPTIC+DISORDERS+aims+scope+instructions+for+authors+APC
572,4-Q3,1,Journal of Nutritional Science,J NUTR SCI,,2048-6790,2.3,3.0,Q3,76/114,Q3,Q3,0.43,33.8,83.0,2837.0,NUTRITION & DIETETICS,NUTRITION & DIETETICS(JIF Q3/JCI Q3),CAMBRIDGE UNIV PRESS,Cambridge UP,否,ESCI,混合为主,订阅路线通常无APC；Gold OA因刊而异,中,https://www.cambridge.org/core/open-research/open-access,https://www.google.com/search?q=Journal+of+Nutritional+Science+aims+scope+instructions+for+authors+APC
573,4-Q3,1,Turkish Journal of Gastroenterology,TURK J GASTROENTEROL,,2148-5607,2.3,2.0,Q3,93/153,Q3,Q3,0.4,39.5,83.0,2383.0,GASTROENTEROLOGY & HEPATOLOGY,GASTROENTEROLOGY & HEPATOLOGY(JIF Q3/JCI Q3),AVES,其他,是,SCIE,需核实,请查期刊官网 Author / Open Access 页面,未知,,https://www.google.com/search?q=Turkish+Journal+of+Gastroenterology+aims+scope+instructions+for+authors+APC
574,4-Q3,1,Clinical Respiratory Journal,CLIN RESPIR J,1752-6981,1752-699X,2.2,2.2,Q3,65/107,Q3,Q3,0.57,39.7,83.0,2934.0,RESPIRATORY SYSTEM,RESPIRATORY SYSTEM(JIF Q3/JCI Q3),WILEY,Wiley,是,SCIE,混合为主,"订阅路线通常无APC；OnlineOpen常见 USD 3,200-4,700",中,https://authorservices.wiley.com/author-resources/Journal-Authors/open-access/article-publication-charges.html,https://www.google.com/search?q=Clinical+Respiratory+Journal+aims+scope+instructions+for+authors+APC
575,4-Q3,1,International Orthodontics,INT ORTHOD,1761-7227,1879-680X,1.8,1.8,Q3,89/165,Q2,Q2,0.74,46.4,83.0,1123.0,"DENTISTRY, ORAL SURGERY & MEDICINE","DENTISTRY, ORAL SURGERY & MEDICINE(JIF Q3/JCI Q2)",ELSEVIER MASSON SAS EDITEUR,Elsevier,否,ESCI,混合为主,"订阅路线通常无APC；Gold OA常见 USD 2,200-4,200",中,https://www.elsevier.com/open-access/agreements,https://www.google.com/search?q=International+Orthodontics+aims+scope+instructions+for+authors+APC
576,4-Q3,1,NORDIC JOURNAL OF PSYCHIATRY,NORD J PSYCHIAT,0803-9488,1502-4725,1.5,2.1,Q3,219/293,Q4,Q4,0.41,25.4,83.0,2844.0,PSYCHIATRY,PSYCHIATRY(JIF Q3/JCI Q4),TAYLOR & FRANCIS LTD,Taylor & Francis,是,"SCIE, SSCI",混合为主,"订阅路线通常无APC；Open Select常见 USD 2,500-3,500",中,https://authorservices.taylorandfrancis.com/publishing-open-access/,https://www.google.com/search?q=NORDIC+JOURNAL+OF+PSYCHIATRY+aims+scope+instructions+for+authors+APC
577,4-Q3,1,REVUE NEUROLOGIQUE,REV NEUROL-FRANCE,0035-3787,2213-0004,2.7,2.8,Q3,150/296,Q3,Q3,0.68,49.5,82.0,3633.0,CLINICAL NEUROLOGY,CLINICAL NEUROLOGY(JIF Q3/JCI Q3),MASSON EDITEUR,其他,是,SCIE,需核实,请查期刊官网 Author / Open Access 页面,未知,,https://www.google.com/search?q=REVUE+NEUROLOGIQUE+aims+scope+instructions+for+authors+APC
578,4-Q3,1,Advances in Clinical and Experimental Medicine,ADV CLIN EXP MED,1899-5276,2451-2680,2.5,2.3,Q3,111/191,Q3,Q3,0.4,42.1,82.0,3679.0,"MEDICINE, RESEARCH & EXPERIMENTAL","MEDICINE, RESEARCH & EXPERIMENTAL(JIF Q3/JCI Q3)",WROCLAW MEDICAL UNIV,其他,是,SCIE,需核实,请查期刊官网 Author / Open Access 页面,未知,,https://www.google.com/search?q=Advances+in+Clinical+and+Experimental+Medicine+aims+scope+instructions+for+authors+APC
579,4-Q3,1,CORONARY ARTERY DISEASE,CORONARY ARTERY DIS,0954-6928,1473-5830,2.2,1.9,Q3,132/237,Q3,Q3,0.44,44.5,82.0,2128.0,CARDIAC & CARDIOVASCULAR SYSTEMS,CARDIAC & CARDIOVASCULAR SYSTEMS(JIF Q3/JCI Q3),LIPPINCOTT WILLIAMS & WILKINS,Wolters Kluwer/LWW,是,SCIE,混合为主,"订阅路线通常无APC；OA常见 USD 2,000-4,000；MEDICINE已拉黑",中,https://wkauthorservices.editage.com/open-access/,https://www.google.com/search?q=CORONARY+ARTERY+DISEASE+aims+scope+instructions+for+authors+APC
580,4-Q3,1,Pregnancy Hypertension-An International Journal of Womens Cardiovascular Health,PREGNANCY HYPERTENS,2210-7789,2210-7789,2.0,3.3,Q3,78/143,Q2,Q2,0.87,45.8,82.0,2914.0,OBSTETRICS & GYNECOLOGY; PERIPHERAL VASCULAR DISEASE,OBSTETRICS & GYNECOLOGY(JIF Q3/JCI Q2) | PERIPHERAL VASCULAR DISEASE(JIF Q3/JCI Q2),ELSEVIER SCI LTD,Elsevier,是,SCIE,混合为主,"订阅路线通常无APC；Gold OA常见 USD 2,200-4,200",中,https://www.elsevier.com/open-access/agreements,https://www.google.com/search?q=Pregnancy+Hypertension-An+International+Journal+of+Womens+Cardiovascular+Health+aims+scope+instructions+for+authors+APC
581,4-Q3,1,OncoTargets and Therapy,ONCOTARGETS THER,1178-6930,1178-6930,2.4,2.7,Q3,214/333,Q3,Q3,0.44,35.9,81.0,13101.0,BIOTECHNOLOGY & APPLIED MICROBIOLOGY; ONCOLOGY,BIOTECHNOLOGY & APPLIED MICROBIOLOGY(JIF Q3/JCI Q3) | ONCOLOGY(JIF Q3/JCI Q3),DOVE MEDICAL PRESS LTD,其他,是,SCIE,需核实,请查期刊官网 Author / Open Access 页面,未知,,https://www.google.com/search?q=OncoTargets+and+Therapy+aims+scope+instructions+for+authors+APC
582,4-Q3,1,International Journal of Genomics,INT J GENOMICS,2314-436X,2314-4378,2.0,2.6,Q3,131/192,Q3,Q3,0.46,32.0,81.0,1432.0,BIOCHEMISTRY & MOLECULAR BIOLOGY; BIOTECHNOLOGY & APPLIED MICROBIOLOGY; GENETICS & HEREDITY,BIOCHEMISTRY & MOLECULAR BIOLOGY(JIF Q4/JCI Q4) | BIOTECHNOLOGY & APPLIED MICROBIOLOGY(JIF Q4/JCI Q3) | GENETICS & HEREDITY(JIF Q3/JCI Q3),WILEY,Wiley,是,SCIE,混合为主,"订阅路线通常无APC；OnlineOpen常见 USD 3,200-4,700",中,https://authorservices.wiley.com/author-resources/Journal-Authors/open-access/article-publication-charges.html,https://www.google.com/search?q=International+Journal+of+Genomics+aims+scope+instructions+for+authors+APC
583,4-Q3,1,Psychological Services,PSYCHOL SERV,1541-1559,1939-148X,1.8,2.5,Q3,102/184,Q3,Q3,0.66,44.8,81.0,2707.0,"PSYCHOLOGY, CLINICAL","PSYCHOLOGY, CLINICAL(JIF Q3/JCI Q3)",EDUCATIONAL PUBLISHING FOUNDATION-AMERICAN PSYCHOLOGICAL ASSOC,其他,否,SSCI,需核实,请查期刊官网 Author / Open Access 页面,未知,,https://www.google.com/search?q=Psychological+Services+aims+scope+instructions+for+authors+APC
584,4-Q3,1,NEUROLOGIA MEDICO-CHIRURGICA,NEUROL MED-CHIR,0470-8105,1349-8029,1.6,2.5,Q3,176/321,Q2,Q2,0.84,45.3,81.0,3639.0,CLINICAL NEUROLOGY; SURGERY,CLINICAL NEUROLOGY(JIF Q4/JCI Q2) | SURGERY(JIF Q3/JCI Q2),JAPAN NEUROSURGICAL SOC,其他,是,SCIE,需核实,请查期刊官网 Author / Open Access 页面,未知,,https://www.google.com/search?q=NEUROLOGIA+MEDICO-CHIRURGICA+aims+scope+instructions+for+authors+APC
585,4-Q3,1,Urology Practice,UROL PRACT,2352-0779,2352-0787,1.6,1.3,Q3,88/134,Q2,Q2,0.78,34.7,81.0,961.0,UROLOGY & NEPHROLOGY,UROLOGY & NEPHROLOGY(JIF Q3/JCI Q2),LIPPINCOTT WILLIAMS & WILKINS,Wolters Kluwer/LWW,否,ESCI,混合为主,"订阅路线通常无APC；OA常见 USD 2,000-4,000；MEDICINE已拉黑",中,https://wkauthorservices.editage.com/open-access/,https://www.google.com/search?q=Urology+Practice+aims+scope+instructions+for+authors+APC
586,4-Q3,1,CURRENT CANCER DRUG TARGETS,CURR CANCER DRUG TAR,1568-0096,1873-5576,2.5,2.5,Q3,204/333,Q3,Q3,0.49,38.9,80.0,3375.0,ONCOLOGY,ONCOLOGY(JIF Q3/JCI Q3),BENTHAM SCIENCE PUBL LTD,其他,是,SCIE,需核实,请查期刊官网 Author / Open Access 页面,未知,,https://www.google.com/search?q=CURRENT+CANCER+DRUG+TARGETS+aims+scope+instructions+for+authors+APC
587,4-Q3,1,SLEEP Advances,SLEEP ADV,,2632-5012,2.2,,Q3,180/296,Q3,Q3,0.47,39.4,80.0,593.0,CLINICAL NEUROLOGY; NEUROSCIENCES,CLINICAL NEUROLOGY(JIF Q3/JCI Q3) | NEUROSCIENCES(JIF Q3/JCI Q4),OXFORD UNIV PRESS,Oxford UP,否,ESCI,混合为主,订阅路线通常无APC；可选OA，费用因刊而异,中,https://academic.oup.com/pages/open-research/open-access,https://www.google.com/search?q=SLEEP+Advances+aims+scope+instructions+for+authors+APC
588,4-Q3,1,ALLERGY AND ASTHMA PROCEEDINGS,ALLERGY ASTHMA PROC,1088-5412,1539-6304,2.0,2.0,Q3,26/40,Q2,Q2,0.73,36.3,80.0,2534.0,ALLERGY,ALLERGY(JIF Q3/JCI Q2),OCEAN SIDE PUBLICATIONS INC,其他,是,SCIE,需核实,请查期刊官网 Author / Open Access 页面,未知,,https://www.google.com/search?q=ALLERGY+AND+ASTHMA+PROCEEDINGS+aims+scope+instructions+for+authors+APC
589,4-Q3,1,Psychology of Violence,PSYCHOL VIOLENCE,2152-0828,2152-081X,1.9,3.1,Q3,35/113,Q1,Q1,1.11,48.6,80.0,2912.0,"PSYCHOLOGY, CLINICAL","PSYCHOLOGY, CLINICAL(JIF Q3/JCI Q1)",EDUCATIONAL PUBLISHING FOUNDATION-AMERICAN PSYCHOLOGICAL ASSOC,其他,否,SSCI,需核实,请查期刊官网 Author / Open Access 页面,未知,,https://www.google.com/search?q=Psychology+of+Violence+aims+scope+instructions+for+authors+APC
590,4-Q3,1,RESPIRATORY PHYSIOLOGY & NEUROBIOLOGY,RESP PHYSIOL NEUROBI,1569-9048,1878-1519,1.9,1.8,Q3,73/107,Q3,Q3,0.59,32.2,80.0,6331.0,RESPIRATORY SYSTEM,RESPIRATORY SYSTEM(JIF Q3/JCI Q3),ELSEVIER,Elsevier,是,SCIE,混合为主,"订阅路线通常无APC；Gold OA常见 USD 2,200-4,200",中,https://www.elsevier.com/open-access/agreements,https://www.google.com/search?q=RESPIRATORY+PHYSIOLOGY+&+NEUROBIOLOGY+aims+scope+instructions+for+authors+APC
591,4-Q3,1,Behavior Analysis in Practice,BEHAV ANAL PRACT,1998-1929,2196-8934,1.9,2.3,Q3,95/184,Q3,Q3,0.55,48.6,80.0,2289.0,"PSYCHOLOGY, CLINICAL","PSYCHOLOGY, CLINICAL(JIF Q3/JCI Q3)",SPRINGER,Springer,否,ESCI,混合为主,"订阅路线通常无APC；选OA约 USD 2,790-4,290",中,https://www.springer.com/gp/open-access,https://www.google.com/search?q=Behavior+Analysis+in+Practice+aims+scope+instructions+for+authors+APC
592,4-Q3,1,JOURNAL OF PSYCHOPATHOLOGY AND BEHAVIORAL ASSESSMENT,J PSYCHOPATHOL BEHAV,0882-2689,1573-3505,1.8,2.1,Q3,102/184,Q3,Q3,0.66,44.8,80.0,5222.0,"PSYCHOLOGY, CLINICAL","PSYCHOLOGY, CLINICAL(JIF Q3/JCI Q3)",SPRINGER/PLENUM PUBLISHERS,Springer,否,SSCI,混合为主,"订阅路线通常无APC；选OA约 USD 2,790-4,290",中,https://www.springer.com/gp/open-access,https://www.google.com/search?q=JOURNAL+OF+PSYCHOPATHOLOGY+AND+BEHAVIORAL+ASSESSMENT+aims+scope+instructions+for+authors+APC
593,4-Q3,1,JOURNAL OF AGING AND PHYSICAL ACTIVITY,J AGING PHYS ACTIV,1063-8652,1543-267X,1.7,1.9,Q3,29/49,Q3,Q3,0.54,40.1,80.0,3236.0,GERIATRICS & GERONTOLOGY; SPORT SCIENCES,GERIATRICS & GERONTOLOGY(JIF Q4/JCI Q3) | SPORT SCIENCES(JIF Q3/JCI Q3),HUMAN KINETICS PUBL INC,其他,是,SCIE; SSCI,需核实,请查期刊官网 Author / Open Access 页面,未知,,https://www.google.com/search?q=JOURNAL+OF+AGING+AND+PHYSICAL+ACTIVITY+aims+scope+instructions+for+authors+APC
594,4-Q3,1,Revista Brasileira de Farmacognosia-Brazilian Journal of Pharmacognosy,REV BRAS FARMACOGN,0102-695X,1981-528X,1.7,1.7,Q3,267/356,Q4,Q4,0.32,25.1,80.0,3391.0,"CHEMISTRY, MEDICINAL; PHARMACOLOGY & PHARMACY","CHEMISTRY, MEDICINAL(JIF Q4/JCI Q4) | PHARMACOLOGY & PHARMACY(JIF Q3/JCI Q4)",SPRINGERNATURE,Springer Nature,是,SCIE,混合/全OA,"全OA约 USD 2,090-3,490；Nature系更高；Scientific Reports已拉黑",中高,https://www.springernature.com/gp/open-research/journals-books/journals,https://www.google.com/search?q=Revista+Brasileira+de+Farmacognosia-Brazilian+Journal+of+Pharmacognosy+aims+scope+instructions+for+authors+APC
595,4-Q3,1,PERCEPTION,PERCEPTION,0301-0066,1468-4233,1.5,1.7,Q3,67/98,Q3,Q3,0.48,32.1,80.0,5065.0,OPHTHALMOLOGY,OPHTHALMOLOGY(JIF Q3/JCI Q3),SAGE PUBLICATIONS LTD,SAGE,是,SCIE; SSCI,混合为主,"订阅路线通常无APC；SAGE Choice常见 USD 2,000-4,000",中,https://us.sagepub.com/en-us/nam/sage-choice,https://www.google.com/search?q=PERCEPTION+aims+scope+instructions+for+authors+APC
596,4-Q3,1,THERAPEUTIC APHERESIS AND DIALYSIS,THER APHER DIAL,1744-9979,1744-9987,1.5,1.6,Q3,91/134,Q3,Q3,0.41,32.5,80.0,2072.0,HEMATOLOGY; UROLOGY & NEPHROLOGY,HEMATOLOGY(JIF Q3/JCI Q3) | UROLOGY & NEPHROLOGY(JIF Q3/JCI Q3),WILEY,Wiley,是,SCIE,混合为主,"订阅路线通常无APC；OnlineOpen常见 USD 3,200-4,700",中,https://authorservices.wiley.com/author-resources/Journal-Authors/open-access/article-publication-charges.html,https://www.google.com/search?q=THERAPEUTIC+APHERESIS+AND+DIALYSIS+aims+scope+instructions+for+authors+APC
597,4-Q3,1,Urologia Journal,UROLOGIA J,0391-5603,1724-6075,1.3,1.1,Q3,98/134,Q3,Q3,0.36,27.2,80.0,818.0,UROLOGY & NEPHROLOGY,UROLOGY & NEPHROLOGY(JIF Q3/JCI Q3),SAGE PUBLICATIONS LTD,SAGE,否,ESCI,混合为主,"订阅路线通常无APC；SAGE Choice常见 USD 2,000-4,000",中,https://us.sagepub.com/en-us/nam/sage-choice,https://www.google.com/search?q=Urologia+Journal+aims+scope+instructions+for+authors+APC
598,4-Q3,1,Journal of Medical Cases,J MED CASES,1923-4155,1923-4163,0.5,,Q3,241/336,Q3,Q3,0.24,28.4,80.0,409.0,"MEDICINE, GENERAL & INTERNAL","MEDICINE, GENERAL & INTERNAL(JIF Q3/JCI Q3)",ELMER PRESS INC,其他,否,ESCI,需核实,请查期刊官网 Author / Open Access 页面,未知,,https://www.google.com/search?q=Journal+of+Medical+Cases+aims+scope+instructions+for+authors+APC
599,4-Q3,1,CELLULAR IMMUNOLOGY,CELL IMMUNOL,0008-8749,1090-2163,3.3,3.9,Q3,99/183,Q3,Q3,0.56,46.2,79.0,6371.0,CELL BIOLOGY; IMMUNOLOGY,CELL BIOLOGY(JIF Q3/JCI Q3) | IMMUNOLOGY(JIF Q3/JCI Q3),ACADEMIC PRESS INC ELSEVIER SCIENCE,Elsevier,是,SCIE,混合为主,"订阅路线通常无APC；Gold OA常见 USD 2,200-4,200",中,https://www.elsevier.com/open-access/agreements,https://www.google.com/search?q=CELLULAR+IMMUNOLOGY+aims+scope+instructions+for+authors+APC
600,4-Q3,1,Annals of Neurosciences,ANN NEUROSCI,0972-7531,0976-3260,3.1,3.2,Q3,172/330,Q4,Q4,0.42,48.0,79.0,1185.0,NEUROSCIENCES,NEUROSCIENCES(JIF Q3/JCI Q4),SAGE PUBLICATIONS LTD,SAGE,否,ESCI,混合为主,"订阅路线通常无APC；SAGE Choice常见 USD 2,000-4,000",中,https://us.sagepub.com/en-us/nam/sage-choice,https://www.google.com/search?q=Annals+of+Neurosciences+aims+scope+instructions+for+authors+APC
601,4-Q3,1,CURRENT MOLECULAR MEDICINE,CURR MOL MED,1566-5240,1875-5666,2.8,2.7,Q3,103/191,Q3,Q3,0.45,46.3,79.0,4000.0,"MEDICINE, RESEARCH & EXPERIMENTAL","MEDICINE, RESEARCH & EXPERIMENTAL(JIF Q3/JCI Q3)",BENTHAM SCIENCE PUBL LTD,其他,是,SCIE,需核实,请查期刊官网 Author / Open Access 页面,未知,,https://www.google.com/search?q=CURRENT+MOLECULAR+MEDICINE+aims+scope+instructions+for+authors+APC
602,4-Q3,1,Health Informatics Journal,HEALTH INFORM J,1460-4582,1741-2811,2.2,3.0,Q3,111/194,Q3,Q3,0.53,43.0,79.0,2792.0,HEALTH CARE SCIENCES & SERVICES; MEDICAL INFORMATICS,HEALTH CARE SCIENCES & SERVICES(JIF Q3/JCI Q3) | MEDICAL INFORMATICS(JIF Q4/JCI Q4),SAGE PUBLICATIONS INC,SAGE,是,SCIE,混合为主,"订阅路线通常无APC；SAGE Choice常见 USD 2,000-4,000",中,https://us.sagepub.com/en-us/nam/sage-choice,https://www.google.com/search?q=Health+Informatics+Journal+aims+scope+instructions+for+authors+APC
603,4-Q3,1,Journal of Patient Safety,J PATIENT SAF,1549-8417,1549-8425,1.9,2.5,Q3,128/194,Q3,Q3,0.68,34.3,79.0,3051.0,HEALTH CARE SCIENCES & SERVICES; HEALTH POLICY & SERVICES,HEALTH CARE SCIENCES & SERVICES(JIF Q3/JCI Q3) | HEALTH POLICY & SERVICES(JIF Q3/JCI Q3),LIPPINCOTT WILLIAMS & WILKINS,Wolters Kluwer/LWW,是,SCIE; SSCI,混合为主,"订阅路线通常无APC；OA常见 USD 2,000-4,000；MEDICINE已拉黑",中,https://wkauthorservices.editage.com/open-access/,https://www.google.com/search?q=Journal+of+Patient+Safety+aims+scope+instructions+for+authors+APC
604,4-Q3,1,International Journal of Pharmaceutical and Healthcare Marketing,INT J PHARM HEALTHC,1750-6123,1750-6131,1.8,1.7,Q3,93/125,Q3,Q3,0.6,26.0,79.0,653.0,HEALTH POLICY & SERVICES,HEALTH POLICY & SERVICES(JIF Q3/JCI Q3),EMERALD GROUP PUBLISHING LTD,其他,否,ESCI,需核实,请查期刊官网 Author / Open Access 页面,未知,,https://www.google.com/search?q=International+Journal+of+Pharmaceutical+and+Healthcare+Marketing+aims+scope+instructions+for+authors+APC
605,4-Q3,1,PUBLIC HEALTH NURSING,PUBLIC HEALTH NURS,0737-1209,1525-1446,1.8,2.0,Q3,100/194,Q3,Q3,0.57,48.7,79.0,2844.0,"NURSING; PUBLIC, ENVIRONMENTAL & OCCUPATIONAL HEALTH","NURSING(JIF Q3/JCI Q3) | PUBLIC, ENVIRONMENTAL & OCCUPATIONAL HEALTH(JIF Q3/JCI Q3)",WILEY,Wiley,是,"SCIE, SSCI",混合为主,"订阅路线通常无APC；OnlineOpen常见 USD 3,200-4,700",中,https://authorservices.wiley.com/author-resources/Journal-Authors/open-access/article-publication-charges.html,https://www.google.com/search?q=PUBLIC+HEALTH+NURSING+aims+scope+instructions+for+authors+APC
606,4-Q3,1,Revista Brasileira de Ginecologia e Obstetricia,REV BRAS GINECOL OBS,0100-7203,1806-9339,1.7,1.9,Q3,89/143,Q4,Q4,0.47,38.1,79.0,1925.0,OBSTETRICS & GYNECOLOGY,OBSTETRICS & GYNECOLOGY(JIF Q3/JCI Q4),FEDERACAO BRASILEIRA SOC GINECOLOGIA & OBSTETRICIA-FEBRASGO,其他,否,ESCI,需核实,请查期刊官网 Author / Open Access 页面,未知,,https://www.google.com/search?q=Revista+Brasileira+de+Ginecologia+e+Obstetricia+aims+scope+instructions+for+authors+APC
607,4-Q3,1,Egyptian Heart Journal,EGYPT HEART J,1110-2608,2090-911X,1.4,1.4,Q3,172/237,Q4,Q4,0.32,27.6,79.0,986.0,CARDIAC & CARDIOVASCULAR SYSTEMS,CARDIAC & CARDIOVASCULAR SYSTEMS(JIF Q3/JCI Q4),SPRINGER,Springer,否,ESCI,混合为主,"订阅路线通常无APC；选OA约 USD 2,790-4,290",中,https://www.springer.com/gp/open-access,https://www.google.com/search?q=Egyptian+Heart+Journal+aims+scope+instructions+for+authors+APC
608,4-Q3,1,Reproductive Biology,REPROD BIOL,1642-431X,2300-732X,2.5,2.6,Q3,26/44,Q3,Q3,0.78,42.0,78.0,1930.0,REPRODUCTIVE BIOLOGY,REPRODUCTIVE BIOLOGY(JIF Q3/JCI Q3),ELSEVIER,Elsevier,是,SCIE,混合为主,"订阅路线通常无APC；Gold OA常见 USD 2,200-4,200",中,https://www.elsevier.com/open-access/agreements,https://www.google.com/search?q=Reproductive+Biology+aims+scope+instructions+for+authors+APC
609,4-Q3,1,BIOCELL,BIOCELL,0327-9545,1667-5746,1.8,1.3,Q3,55/106,Q3,Q3,0.41,48.6,78.0,1352.0,BIOLOGY,BIOLOGY(JIF Q3/JCI Q3),TECH SCIENCE PRESS,其他,是,SCIE,需核实,请查期刊官网 Author / Open Access 页面,未知,,https://www.google.com/search?q=BIOCELL+aims+scope+instructions+for+authors+APC
610,4-Q3,1,Acta Cirurgica Brasileira,ACTA CIR BRAS,0102-8650,1678-2674,1.6,1.4,Q3,176/321,Q3,Q3,0.64,45.3,78.0,1730.0,SURGERY,SURGERY(JIF Q3/JCI Q3),ACTA CIRURGICA BRASILEIRA,其他,是,SCIE,需核实,请查期刊官网 Author / Open Access 页面,未知,,https://www.google.com/search?q=Acta+Cirurgica+Brasileira+aims+scope+instructions+for+authors+APC
611,4-Q3,1,Archives of Bone and Joint Surgery-ABJS,ARCH BONE JT SURG-AB,2345-4644,2345-461X,1.6,2.0,Q3,89/147,Q3,Q3,0.59,39.8,78.0,1800.0,ORTHOPEDICS,ORTHOPEDICS(JIF Q3/JCI Q3),MASHHAD UNIV MED SCIENCES,其他,否,ESCI,需核实,请查期刊官网 Author / Open Access 页面,未知,,https://www.google.com/search?q=Archives+of+Bone+and+Joint+Surgery-ABJS+aims+scope+instructions+for+authors+APC
612,4-Q3,1,Antibodies,ANTIBODIES,,2073-4468,3.3,4.1,Q3,99/183,Q3,Q3,0.49,46.2,77.0,2487.0,IMMUNOLOGY,IMMUNOLOGY(JIF Q3/JCI Q3),MDPI,MDPI,否,ESCI,全OA,"约 CHF 1,600-2,900（如 JCM=CHF 2,600）",高,https://www.mdpi.com/about/apc,https://www.google.com/search?q=Antibodies+aims+scope+instructions+for+authors+APC
613,4-Q3,1,ESMO Real World Data and Digital Oncology,ESMO REAL WORLD DATA,,2949-8201,2.6,2.6,Q3,196/333,Q4,Q4,0.38,41.3,77.0,164.0,ONCOLOGY,ONCOLOGY(JIF Q3/JCI Q4),ELSEVIER,Elsevier,否,ESCI,混合为主,"订阅路线通常无APC；Gold OA常见 USD 2,200-4,200",中,https://www.elsevier.com/open-access/agreements,https://www.google.com/search?q=ESMO+Real+World+Data+and+Digital+Oncology+aims+scope+instructions+for+authors+APC
614,4-Q3,1,Obesity Research & Clinical Practice,OBES RES CLIN PRACT,1871-403X,1878-0318,2.4,3.0,Q3,73/114,Q3,Q3,0.49,36.4,77.0,2363.0,ENDOCRINOLOGY & METABOLISM; NUTRITION & DIETETICS,ENDOCRINOLOGY & METABOLISM(JIF Q3/JCI Q3) | NUTRITION & DIETETICS(JIF Q3/JCI Q3),ELSEVIER SCI LTD,Elsevier,是,SCIE,混合为主,"订阅路线通常无APC；Gold OA常见 USD 2,200-4,200",中,https://www.elsevier.com/open-access/agreements,https://www.google.com/search?q=Obesity+Research+&+Clinical+Practice+aims+scope+instructions+for+authors+APC
615,4-Q3,1,HUMAN MOVEMENT SCIENCE,HUM MOVEMENT SCI,0167-9457,1872-7646,1.9,2.5,Q3,76/136,Q3,Q3,0.64,44.5,77.0,6681.0,NEUROSCIENCES; SPORT SCIENCES,NEUROSCIENCES(JIF Q4/JCI Q3) | SPORT SCIENCES(JIF Q3/JCI Q3),ELSEVIER,Elsevier,是,SCIE; SSCI,混合为主,"订阅路线通常无APC；Gold OA常见 USD 2,200-4,200",中,https://www.elsevier.com/open-access/agreements,https://www.google.com/search?q=HUMAN+MOVEMENT+SCIENCE+aims+scope+instructions+for+authors+APC
616,4-Q3,1,AMERICAN BEHAVIORAL SCIENTIST,AM BEHAV SCI,0002-7642,1552-3381,1.7,2.7,Q3,86/275,Q2,Q2,0.75,41.6,77.0,8755.0,"PSYCHOLOGY, CLINICAL","PSYCHOLOGY, CLINICAL(JIF Q3/JCI Q2)",SAGE PUBLICATIONS INC,SAGE,否,SSCI,混合为主,"订阅路线通常无APC；SAGE Choice常见 USD 2,000-4,000",中,https://us.sagepub.com/en-us/nam/sage-choice,https://www.google.com/search?q=AMERICAN+BEHAVIORAL+SCIENTIST+aims+scope+instructions+for+authors+APC
617,4-Q3,1,FARMACIA HOSPITALARIA,FARM HOSP,1130-6343,2171-8695,1.7,1.6,Q3,267/356,Q4,Q4,0.25,25.1,77.0,755.0,PHARMACOLOGY & PHARMACY,PHARMACOLOGY & PHARMACY(JIF Q3/JCI Q4),ELSEVIER SCIENCE INC,Elsevier,否,ESCI,混合为主,"订阅路线通常无APC；Gold OA常见 USD 2,200-4,200",中,https://www.elsevier.com/open-access/agreements,https://www.google.com/search?q=FARMACIA+HOSPITALARIA+aims+scope+instructions+for+authors+APC
618,4-Q3,1,Psychiatry Psychology and Law,PSYCHIAT PSYCHOL LAW,1321-8719,1934-1687,1.6,1.9,Q3,85/443,Q2,Q2,0.85,27.5,77.0,1412.0,PSYCHIATRY,PSYCHIATRY(JIF Q3/JCI Q2),"ROUTLEDGE JOURNALS, TAYLOR & FRANCIS LTD",Taylor & Francis,否,SSCI,混合为主,"订阅路线通常无APC；Open Select常见 USD 2,500-3,500",中,https://authorservices.taylorandfrancis.com/publishing-open-access/,https://www.google.com/search?q=Psychiatry+Psychology+and+Law+aims+scope+instructions+for+authors+APC
619,4-Q3,1,INTERNATIONAL JOURNAL OF ARTIFICIAL ORGANS,INT J ARTIF ORGANS,0391-3988,1724-6040,1.6,1.6,Q3,20/30,Q4,Q4,0.38,35.0,77.0,2454.0,"ENGINEERING, BIOMEDICAL; TRANSPLANTATION","ENGINEERING, BIOMEDICAL(JIF Q4/JCI Q4) | TRANSPLANTATION(JIF Q3/JCI Q4)",SAGE PUBLICATIONS LTD,SAGE,是,SCIE,混合为主,"订阅路线通常无APC；SAGE Choice常见 USD 2,000-4,000",中,https://us.sagepub.com/en-us/nam/sage-choice,https://www.google.com/search?q=INTERNATIONAL+JOURNAL+OF+ARTIFICIAL+ORGANS+aims+scope+instructions+for+authors+APC
620,4-Q3,1,British Journal of Occupational Therapy,BRIT J OCCUP THER,0308-0226,1477-6006,1.5,1.7,Q3,105/175,Q4,Q4,0.48,40.3,77.0,2235.0,REHABILITATION,REHABILITATION(JIF Q3/JCI Q4),SAGE PUBLICATIONS LTD,SAGE,是,"SCIE, SSCI",混合为主,"订阅路线通常无APC；SAGE Choice常见 USD 2,000-4,000",中,https://us.sagepub.com/en-us/nam/sage-choice,https://www.google.com/search?q=British+Journal+of+Occupational+Therapy+aims+scope+instructions+for+authors+APC
621,4-Q3,1,Revista Espanola de Anestesiologia y Reanimacion,REV ESP ANEST REANIM,0034-9356,2340-3284,1.3,1.0,Q3,43/72,Q3,Q3,0.41,41.0,77.0,837.0,ANESTHESIOLOGY,ANESTHESIOLOGY(JIF Q3/JCI Q3),ELSEVIER,Elsevier,否,ESCI,混合为主,"订阅路线通常无APC；Gold OA常见 USD 2,200-4,200",中,https://www.elsevier.com/open-access/agreements,https://www.google.com/search?q=Revista+Espanola+de+Anestesiologia+y+Reanimacion+aims+scope+instructions+for+authors+APC
622,4-Q3,1,Medical Bulletin of Sisli Etfal Hospital,MED B SISLI ETFAL HO,1302-7123,1308-5123,1.0,1.2,Q3,186/336,Q3,Q3,0.28,44.8,77.0,630.0,"MEDICINE, GENERAL & INTERNAL","MEDICINE, GENERAL & INTERNAL(JIF Q3/JCI Q3)",KARE PUBL,其他,否,ESCI,需核实,请查期刊官网 Author / Open Access 页面,未知,,https://www.google.com/search?q=Medical+Bulletin+of+Sisli+Etfal+Hospital+aims+scope+instructions+for+authors+APC
623,4-Q3,1,Journal of Science and Arts,J SCI ARTS,1844-9581,2068-3049,0.7,0.5,Q3,105/140,Q3,Q3,0.22,25.4,77.0,360.0,MULTIDISCIPLINARY SCIENCES,MULTIDISCIPLINARY SCIENCES(JIF Q3/JCI Q3),EDITURA BIBLIOTHECA-BIBLIOTHECA PUBL HOUSE,其他,否,ESCI,需核实,请查期刊官网 Author / Open Access 页面,未知,,https://www.google.com/search?q=Journal+of+Science+and+Arts+aims+scope+instructions+for+authors+APC
624,4-Q3,1,HISTOCHEMISTRY AND CELL BIOLOGY,HISTOCHEM CELL BIOL,0948-6143,1432-119X,2.9,2.5,Q3,2/8,Q2,Q2,0.74,33.1,76.0,4603.0,CELL BIOLOGY,CELL BIOLOGY(JIF Q3/JCI Q2),SPRINGER,Springer,是,SCIE,混合为主,"订阅路线通常无APC；选OA约 USD 2,790-4,290",中,https://www.springer.com/gp/open-access,https://www.google.com/search?q=HISTOCHEMISTRY+AND+CELL+BIOLOGY+aims+scope+instructions+for+authors+APC
625,4-Q3,1,STEROIDS,STEROIDS,0039-128X,1878-5867,2.7,2.3,Q3,120/198,Q3,Q3,0.49,39.6,76.0,5523.0,BIOCHEMISTRY & MOLECULAR BIOLOGY; ENDOCRINOLOGY & METABOLISM,BIOCHEMISTRY & MOLECULAR BIOLOGY(JIF Q3/JCI Q3) | ENDOCRINOLOGY & METABOLISM(JIF Q3/JCI Q3),ELSEVIER SCIENCE INC,Elsevier,是,SCIE,混合为主,"订阅路线通常无APC；Gold OA常见 USD 2,200-4,200",中,https://www.elsevier.com/open-access/agreements,https://www.google.com/search?q=STEROIDS+aims+scope+instructions+for+authors+APC
626,4-Q3,1,CLINICAL AND EXPERIMENTAL PHARMACOLOGY AND PHYSIOLOGY,CLIN EXP PHARMACOL P,0305-1870,1440-1681,2.5,2.5,Q3,48/89,Q2,Q2,0.79,42.6,76.0,5778.0,PHARMACOLOGY & PHARMACY,PHARMACOLOGY & PHARMACY(JIF Q3/JCI Q2),WILEY,Wiley,是,SCIE,混合为主,"订阅路线通常无APC；OnlineOpen常见 USD 3,200-4,700",中,https://authorservices.wiley.com/author-resources/Journal-Authors/open-access/article-publication-charges.html,https://www.google.com/search?q=CLINICAL+AND+EXPERIMENTAL+PHARMACOLOGY+AND+PHYSIOLOGY+aims+scope+instructions+for+authors+APC
627,4-Q3,1,Health Services Insights,HEALTH SERV INSIGHTS,1178-6329,1178-6329,2.1,3.4,Q3,117/194,Q2,Q2,0.69,39.9,76.0,1437.0,HEALTH CARE SCIENCES & SERVICES,HEALTH CARE SCIENCES & SERVICES(JIF Q3/JCI Q2),SAGE PUBLICATIONS INC,SAGE,否,ESCI,混合为主,"订阅路线通常无APC；SAGE Choice常见 USD 2,000-4,000",中,https://us.sagepub.com/en-us/nam/sage-choice,https://www.google.com/search?q=Health+Services+Insights+aims+scope+instructions+for+authors+APC
628,4-Q3,1,Economics & Human Biology,ECON HUM BIOL,1570-677X,1873-6130,2.0,2.3,Q3,240/626,Q3,Q2,0.63,44.6,76.0,2351.0,"PUBLIC, ENVIRONMENTAL & OCCUPATIONAL HEALTH","PUBLIC, ENVIRONMENTAL & OCCUPATIONAL HEALTH(JIF Q3/JCI Q3)",ELSEVIER,Elsevier,是,"SSCI; SCIE, SSCI",混合为主,"订阅路线通常无APC；Gold OA常见 USD 2,200-4,200",中,https://www.elsevier.com/open-access/agreements,https://www.google.com/search?q=Economics+&+Human+Biology+aims+scope+instructions+for+authors+APC
629,4-Q3,1,Actas Urologicas Espanolas,ACTAS UROL ESP,0210-4806,1699-7980,1.7,1.4,Q3,85/134,Q3,Q3,0.52,36.9,76.0,1168.0,UROLOGY & NEPHROLOGY,UROLOGY & NEPHROLOGY(JIF Q3/JCI Q3),ELSEVIER ESPANA,Elsevier,是,SCIE,混合为主,"订阅路线通常无APC；Gold OA常见 USD 2,200-4,200",中,https://www.elsevier.com/open-access/agreements,https://www.google.com/search?q=Actas+Urologicas+Espanolas+aims+scope+instructions+for+authors+APC
630,4-Q3,1,Spine Surgery and Related Research,SPINE SURG RELAT RES,2432-261X,2432-261X,1.6,1.9,Q3,176/321,Q2,Q2,0.66,45.3,76.0,916.0,SURGERY,SURGERY(JIF Q3/JCI Q2),JAPANESE SOC SPINE SURGERY & RELATED RESEARCH,其他,否,ESCI,需核实,请查期刊官网 Author / Open Access 页面,未知,,https://www.google.com/search?q=Spine+Surgery+and+Related+Research+aims+scope+instructions+for+authors+APC
631,4-Q3,1,Canadian Journal of Kidney Health and Disease,CAN J KIDNEY HEALTH,,2054-3581,1.6,2.0,Q3,88/134,Q3,Q3,0.52,34.7,76.0,1492.0,UROLOGY & NEPHROLOGY,UROLOGY & NEPHROLOGY(JIF Q3/JCI Q3),SAGE PUBLICATIONS INC,SAGE,否,ESCI,混合为主,"订阅路线通常无APC；SAGE Choice常见 USD 2,000-4,000",中,https://us.sagepub.com/en-us/nam/sage-choice,https://www.google.com/search?q=Canadian+Journal+of+Kidney+Health+and+Disease+aims+scope+instructions+for+authors+APC
632,4-Q3,1,JAAPA-Journal of the American Academy of Physician Assistants,JAAPA-J AM ACAD PHYS,1547-1896,0893-7400,0.9,1.0,Q3,195/336,Q3,Q3,0.24,42.1,76.0,1128.0,"MEDICINE, GENERAL & INTERNAL","MEDICINE, GENERAL & INTERNAL(JIF Q3/JCI Q3)",LIPPINCOTT WILLIAMS & WILKINS,Wolters Kluwer/LWW,是,SCIE,混合为主,"订阅路线通常无APC；OA常见 USD 2,000-4,000；MEDICINE已拉黑",中,https://wkauthorservices.editage.com/open-access/,https://www.google.com/search?q=JAAPA-Journal+of+the+American+Academy+of+Physician+Assistants+aims+scope+instructions+for+authors+APC
633,4-Q3,1,ANAEROBE,ANAEROBE,1075-9964,1095-8274,3.1,2.9,Q3,95/167,Q3,Q3,0.69,43.4,75.0,5532.0,MICROBIOLOGY,MICROBIOLOGY(JIF Q3/JCI Q3),ELSEVIER SCI LTD,Elsevier,是,SCIE,混合为主,"订阅路线通常无APC；Gold OA常见 USD 2,200-4,200",中,https://www.elsevier.com/open-access/agreements,https://www.google.com/search?q=ANAEROBE+aims+scope+instructions+for+authors+APC
634,4-Q3,1,BIOTECHNOLOGY AND BIOPROCESS ENGINEERING,BIOTECHNOL BIOPROC E,1226-8372,1976-3816,2.8,2.3,Q3,106/180,Q3,Q3,0.57,41.4,75.0,3153.0,BIOTECHNOLOGY & APPLIED MICROBIOLOGY,BIOTECHNOLOGY & APPLIED MICROBIOLOGY(JIF Q3/JCI Q3),KOREAN SOC BIOTECHNOLOGY & BIOENGINEERING,其他,是,SCIE,需核实,请查期刊官网 Author / Open Access 页面,未知,,https://www.google.com/search?q=BIOTECHNOLOGY+AND+BIOPROCESS+ENGINEERING+aims+scope+instructions+for+authors+APC
635,4-Q3,1,NUTRITION AND CANCER-AN INTERNATIONAL JOURNAL,NUTR CANCER,0163-5581,1532-7914,2.7,2.8,Q3,185/333,Q3,Q3,0.49,44.6,75.0,7362.0,NUTRITION & DIETETICS; ONCOLOGY,NUTRITION & DIETETICS(JIF Q3/JCI Q3) | ONCOLOGY(JIF Q3/JCI Q3),"ROUTLEDGE JOURNALS, TAYLOR & FRANCIS LTD",Taylor & Francis,是,SCIE,混合为主,"订阅路线通常无APC；Open Select常见 USD 2,500-3,500",中,https://authorservices.taylorandfrancis.com/publishing-open-access/,https://www.google.com/search?q=NUTRITION+AND+CANCER-AN+INTERNATIONAL+JOURNAL+aims+scope+instructions+for+authors+APC
636,4-Q3,1,CONSERVATION GENETICS,CONSERV GENET,1566-0621,1572-9737,2.4,2.3,Q3,34/77,Q3,Q2,0.53,44.5,75.0,4219.0,GENETICS & HEREDITY,GENETICS & HEREDITY(JIF Q3/JCI Q3),SPRINGER,Springer,是,SCIE,混合为主,"订阅路线通常无APC；选OA约 USD 2,790-4,290",中,https://www.springer.com/gp/open-access,https://www.google.com/search?q=CONSERVATION+GENETICS+aims+scope+instructions+for+authors+APC
637,4-Q3,1,Clinical Gerontologist,CLIN GERONTOLOGIST,0731-7115,1545-2301,2.3,3.0,Q3,19/49,Q3,Q2,0.69,45.9,75.0,2778.0,GERIATRICS & GERONTOLOGY; PSYCHIATRY,GERIATRICS & GERONTOLOGY(JIF Q3/JCI Q3) | PSYCHIATRY(JIF Q3/JCI Q3),"ROUTLEDGE JOURNALS, TAYLOR & FRANCIS LTD",Taylor & Francis,是,"SCIE; SSCI; SCIE, SSCI",混合为主,"订阅路线通常无APC；Open Select常见 USD 2,500-3,500",中,https://authorservices.taylorandfrancis.com/publishing-open-access/,https://www.google.com/search?q=Clinical+Gerontologist+aims+scope+instructions+for+authors+APC
638,4-Q3,1,CANCER INVESTIGATION,CANCER INVEST,0735-7907,1532-4192,2.2,1.9,Q3,228/333,Q3,Q3,0.41,31.7,75.0,2393.0,ONCOLOGY,ONCOLOGY(JIF Q3/JCI Q3),TAYLOR & FRANCIS INC,Taylor & Francis,是,SCIE,混合为主,"订阅路线通常无APC；Open Select常见 USD 2,500-3,500",中,https://authorservices.taylorandfrancis.com/publishing-open-access/,https://www.google.com/search?q=CANCER+INVESTIGATION+aims+scope+instructions+for+authors+APC
639,4-Q3,1,Journal of Medical and Biological Engineering,J MED BIOL ENG,1609-0985,2199-4757,2.1,1.9,Q3,92/130,Q4,Q4,0.33,29.6,75.0,1655.0,"ENGINEERING, BIOMEDICAL","ENGINEERING, BIOMEDICAL(JIF Q3/JCI Q4)",SPRINGER HEIDELBERG,Springer,是,SCIE,混合为主,"订阅路线通常无APC；选OA约 USD 2,790-4,290",中,https://www.springer.com/gp/open-access,https://www.google.com/search?q=Journal+of+Medical+and+Biological+Engineering+aims+scope+instructions+for+authors+APC
640,4-Q3,1,MEMORIAS DO INSTITUTO OSWALDO CRUZ,MEM I OSWALDO CRUZ,0074-0276,1678-8060,1.9,2.5,Q3,15/27,Q2,Q2,0.72,46.3,75.0,5699.0,PARASITOLOGY; TROPICAL MEDICINE,PARASITOLOGY(JIF Q3/JCI Q2) | TROPICAL MEDICINE(JIF Q3/JCI Q2),FUNDACO OSWALDO CRUZ,其他,是,SCIE,需核实,请查期刊官网 Author / Open Access 页面,未知,,https://www.google.com/search?q=MEMORIAS+DO+INSTITUTO+OSWALDO+CRUZ+aims+scope+instructions+for+authors+APC
641,4-Q3,1,Neuropsychopharmacology Reports,NEUROPSYCHOPHARM REP,,2574-173X,1.9,2.0,Q3,187/293,Q3,Q3,0.44,36.3,75.0,1033.0,NEUROSCIENCES; PHARMACOLOGY & PHARMACY; PSYCHIATRY,NEUROSCIENCES(JIF Q4/JCI Q4) | PHARMACOLOGY & PHARMACY(JIF Q3/JCI Q3) | PSYCHIATRY(JIF Q3/JCI Q3),WILEY,Wiley,否,ESCI,混合为主,"订阅路线通常无APC；OnlineOpen常见 USD 3,200-4,700",中,https://authorservices.wiley.com/author-resources/Journal-Authors/open-access/article-publication-charges.html,https://www.google.com/search?q=Neuropsychopharmacology+Reports+aims+scope+instructions+for+authors+APC
642,4-Q3,1,Neurotrauma Reports,NEUROTRAUMA REP,,2689-288X,1.7,2.0,Q3,219/296,Q3,Q3,0.49,26.2,75.0,673.0,CLINICAL NEUROLOGY; NEUROSCIENCES,CLINICAL NEUROLOGY(JIF Q3/JCI Q3) | NEUROSCIENCES(JIF Q4/JCI Q4),SAGE PUBLICATIONS INC,SAGE,否,ESCI,混合为主,"订阅路线通常无APC；SAGE Choice常见 USD 2,000-4,000",中,https://us.sagepub.com/en-us/nam/sage-choice,https://www.google.com/search?q=Neurotrauma+Reports+aims+scope+instructions+for+authors+APC
643,4-Q3,1,Surgeries,SURGERIES-BASEL,,2673-4095,1.5,1.2,Q3,189/321,Q3,Q3,0.54,41.3,75.0,344.0,SURGERY,SURGERY(JIF Q3/JCI Q3),MDPI,MDPI,否,ESCI,全OA,"约 CHF 1,600-2,900（如 JCM=CHF 2,600）",高,https://www.mdpi.com/about/apc,https://www.google.com/search?q=Surgeries+aims+scope+instructions+for+authors+APC
644,4-Q3,1,International Journal of Cardiology Congenital Heart Disease,INT J CARDIOL CONGEN,2666-6685,2666-6685,1.5,1.2,Q3,162/237,Q3,Q3,0.33,31.9,75.0,412.0,CARDIAC & CARDIOVASCULAR SYSTEMS,CARDIAC & CARDIOVASCULAR SYSTEMS(JIF Q3/JCI Q3),ELSEVIER,Elsevier,否,ESCI,混合为主,"订阅路线通常无APC；Gold OA常见 USD 2,200-4,200",中,https://www.elsevier.com/open-access/agreements,https://www.google.com/search?q=International+Journal+of+Cardiology+Congenital+Heart+Disease+aims+scope+instructions+for+authors+APC
645,4-Q3,1,Archivio Italiano di Urologia e Andrologia,ARCH ITAL UROL ANDRO,1124-3562,2282-4197,1.4,1.4,Q3,93/134,Q3,Q3,0.48,31.0,75.0,1203.0,UROLOGY & NEPHROLOGY,UROLOGY & NEPHROLOGY(JIF Q3/JCI Q3),PAGEPRESS PUBL,其他,否,ESCI,需核实,请查期刊官网 Author / Open Access 页面,未知,,https://www.google.com/search?q=Archivio+Italiano+di+Urologia+e+Andrologia+aims+scope+instructions+for+authors+APC
646,4-Q3,1,IUBMB LIFE,IUBMB LIFE,1521-6543,1521-6551,3.2,4.1,Q3,185/328,Q3,Q3,0.52,43.8,74.0,7739.0,BIOCHEMISTRY & MOLECULAR BIOLOGY; CELL BIOLOGY,BIOCHEMISTRY & MOLECULAR BIOLOGY(JIF Q3/JCI Q3) | CELL BIOLOGY(JIF Q3/JCI Q3),WILEY,Wiley,是,SCIE,混合为主,"订阅路线通常无APC；OnlineOpen常见 USD 3,200-4,700",中,https://authorservices.wiley.com/author-resources/Journal-Authors/open-access/article-publication-charges.html,https://www.google.com/search?q=IUBMB+LIFE+aims+scope+instructions+for+authors+APC
647,4-Q3,1,PEC Innovation,PEC INNOV,,2772-6282,2.1,2.1,Q3,231/443,Q3,Q3,0.57,48.0,74.0,794.0,"HEALTH CARE SCIENCES & SERVICES; PUBLIC, ENVIRONMENTAL & OCCUPATIONAL HEALTH","HEALTH CARE SCIENCES & SERVICES(JIF Q3/JCI Q3) | PUBLIC, ENVIRONMENTAL & OCCUPATIONAL HEALTH(JIF Q3/JCI Q3)",ELSEVIER,Elsevier,否,ESCI,混合为主,"订阅路线通常无APC；Gold OA常见 USD 2,200-4,200",中,https://www.elsevier.com/open-access/agreements,https://www.google.com/search?q=PEC+Innovation+aims+scope+instructions+for+authors+APC
648,4-Q3,1,Journal of Workplace Behavioral Health,J WORKPLACE BEHAV HE,1555-5240,1555-5259,2.0,2.1,Q3,246/443,Q3,Q3,0.56,44.6,74.0,598.0,"PUBLIC, ENVIRONMENTAL & OCCUPATIONAL HEALTH","PUBLIC, ENVIRONMENTAL & OCCUPATIONAL HEALTH(JIF Q3/JCI Q3)","ROUTLEDGE JOURNALS, TAYLOR & FRANCIS LTD",Taylor & Francis,否,ESCI,混合为主,"订阅路线通常无APC；Open Select常见 USD 2,500-3,500",中,https://authorservices.taylorandfrancis.com/publishing-open-access/,https://www.google.com/search?q=Journal+of+Workplace+Behavioral+Health+aims+scope+instructions+for+authors+APC
649,4-Q3,1,Indian Dermatology Online Journal,INDIAN DERMATOL ONL,2229-5178,2249-5673,2.0,2.1,Q3,55/99,Q3,Q3,0.53,44.9,74.0,2235.0,DERMATOLOGY,DERMATOLOGY(JIF Q3/JCI Q3),WOLTERS KLUWER MEDKNOW PUBLICATIONS,Wolters Kluwer/LWW,否,ESCI,混合为主,"订阅路线通常无APC；OA常见 USD 2,000-4,000；MEDICINE已拉黑",中,https://wkauthorservices.editage.com/open-access/,https://www.google.com/search?q=Indian+Dermatology+Online+Journal+aims+scope+instructions+for+authors+APC
650,4-Q3,1,JCR-JOURNAL OF CLINICAL RHEUMATOLOGY,JCR-J CLIN RHEUMATOL,1076-1608,1536-7355,1.9,2.2,Q3,37/58,Q3,Q3,0.48,37.1,74.0,2759.0,RHEUMATOLOGY,RHEUMATOLOGY(JIF Q3/JCI Q3),LIPPINCOTT WILLIAMS & WILKINS,Wolters Kluwer/LWW,是,SCIE,混合为主,"订阅路线通常无APC；OA常见 USD 2,000-4,000；MEDICINE已拉黑",中,https://wkauthorservices.editage.com/open-access/,https://www.google.com/search?q=JCR-JOURNAL+OF+CLINICAL+RHEUMATOLOGY+aims+scope+instructions+for+authors+APC
651,4-Q3,1,SEMINARS IN MUSCULOSKELETAL RADIOLOGY,SEMIN MUSCULOSKEL R,1089-7860,1098-898X,1.4,1.5,Q3,159/217,Q4,Q4,0.36,27.0,74.0,1259.0,"RADIOLOGY, NUCLEAR MEDICINE & MEDICAL IMAGING","RADIOLOGY, NUCLEAR MEDICINE & MEDICAL IMAGING(JIF Q3/JCI Q4)",THIEME MEDICAL PUBL INC,Thieme,是,SCIE,混合为主,订阅路线通常无APC；OA另计,中低,https://www.thieme.com/en-us/open-access,https://www.google.com/search?q=SEMINARS+IN+MUSCULOSKELETAL+RADIOLOGY+aims+scope+instructions+for+authors+APC
652,4-Q3,1,GERONTOLOGY,GERONTOLOGY,0304-324X,1423-0003,3.1,4.1,Q3,38/72,Q3,Q3,0.73,47.9,73.0,6679.0,GERIATRICS & GERONTOLOGY,GERIATRICS & GERONTOLOGY(JIF Q3/JCI Q3),KARGER,Karger,是,SCIE,混合/OA,"因刊而异，常见 USD 2,500-3,800",中,https://karger.com/pages/Open-Access,https://www.google.com/search?q=GERONTOLOGY+aims+scope+instructions+for+authors+APC
653,4-Q3,1,Tissue Engineering Part A,TISSUE ENG PT A,1937-3341,1937-335X,2.8,3.4,Q3,75/130,Q3,Q3,0.52,42.7,73.0,7051.0,"CELL & TISSUE ENGINEERING; CELL BIOLOGY; ENGINEERING, BIOMEDICAL; MATERIALS SCIENCE, BIOMATERIALS","CELL & TISSUE ENGINEERING(JIF Q3/JCI Q3) | CELL BIOLOGY(JIF Q3/JCI Q3) | ENGINEERING, BIOMEDICAL(JIF Q3/JCI Q3) | MATERIALS SCIENCE, BIOMATERIALS(JIF Q4/JCI Q3)",SAGE PUBLICATIONS INC,SAGE,是,SCIE,混合为主,"订阅路线通常无APC；SAGE Choice常见 USD 2,000-4,000",中,https://us.sagepub.com/en-us/nam/sage-choice,https://www.google.com/search?q=Tissue+Engineering+Part+A+aims+scope+instructions+for+authors+APC
654,4-Q3,1,International Journal of Peptide Research and Therapeutics,INT J PEPT RES THER,1573-3149,1573-3904,2.5,2.3,Q3,236/328,Q4,Q4,0.46,28.2,73.0,2679.0,BIOCHEMISTRY & MOLECULAR BIOLOGY,BIOCHEMISTRY & MOLECULAR BIOLOGY(JIF Q3/JCI Q4),SPRINGER,Springer,是,SCIE,混合为主,"订阅路线通常无APC；选OA约 USD 2,790-4,290",中,https://www.springer.com/gp/open-access,https://www.google.com/search?q=International+Journal+of+Peptide+Research+and+Therapeutics+aims+scope+instructions+for+authors+APC
655,4-Q3,1,Plant Gene,PLANT GENE,2352-4073,2352-4073,2.3,,Q3,122/285,Q3,Q2,0.55,40.9,73.0,1165.0,GENETICS & HEREDITY,GENETICS & HEREDITY(JIF Q3/JCI Q3),ELSEVIER,Elsevier,否,ESCI,混合为主,"订阅路线通常无APC；Gold OA常见 USD 2,200-4,200",中,https://www.elsevier.com/open-access/agreements,https://www.google.com/search?q=Plant+Gene+aims+scope+instructions+for+authors+APC
656,4-Q3,1,Seminars in Orthodontics,SEMIN ORTHOD,1073-8746,1558-4631,1.9,1.9,Q3,86/165,Q2,Q2,0.85,48.2,73.0,1258.0,"DENTISTRY, ORAL SURGERY & MEDICINE","DENTISTRY, ORAL SURGERY & MEDICINE(JIF Q3/JCI Q2)",ELSEVIER INC,Elsevier,是,SCIE,混合为主,"订阅路线通常无APC；Gold OA常见 USD 2,200-4,200",中,https://www.elsevier.com/open-access/agreements,https://www.google.com/search?q=Seminars+in+Orthodontics+aims+scope+instructions+for+authors+APC
657,4-Q3,1,CARDIOLOGY,CARDIOLOGY,0008-6312,1421-9751,1.9,1.9,Q3,151/237,Q3,Q3,0.42,36.5,73.0,2491.0,CARDIAC & CARDIOVASCULAR SYSTEMS,CARDIAC & CARDIOVASCULAR SYSTEMS(JIF Q3/JCI Q3),KARGER,Karger,是,SCIE,混合/OA,"因刊而异，常见 USD 2,500-3,800",中,https://karger.com/pages/Open-Access,https://www.google.com/search?q=CARDIOLOGY+aims+scope+instructions+for+authors+APC
658,4-Q3,1,DENTAL MATERIALS JOURNAL,DENT MATER J,0287-4547,0287-4547,1.8,2.5,Q3,89/165,Q3,Q3,0.56,46.4,73.0,4556.0,"DENTISTRY, ORAL SURGERY & MEDICINE; MATERIALS SCIENCE, BIOMATERIALS","DENTISTRY, ORAL SURGERY & MEDICINE(JIF Q3/JCI Q3) | MATERIALS SCIENCE, BIOMATERIALS(JIF Q4/JCI Q3)",JAPANESE SOC DENTAL MATERIALS DEVICES,其他,是,SCIE,需核实,请查期刊官网 Author / Open Access 页面,未知,,https://www.google.com/search?q=DENTAL+MATERIALS+JOURNAL+aims+scope+instructions+for+authors+APC
659,4-Q3,1,HEALTH EDUCATION JOURNAL,HEALTH EDUC J,0017-8969,1748-8176,1.7,1.7,Q3,310/760,Q3,Q3,0.56,35.3,73.0,1672.0,"PUBLIC, ENVIRONMENTAL & OCCUPATIONAL HEALTH","PUBLIC, ENVIRONMENTAL & OCCUPATIONAL HEALTH(JIF Q3/JCI Q3)",SAGE PUBLICATIONS LTD,SAGE,否,SSCI,混合为主,"订阅路线通常无APC；SAGE Choice常见 USD 2,000-4,000",中,https://us.sagepub.com/en-us/nam/sage-choice,https://www.google.com/search?q=HEALTH+EDUCATION+JOURNAL+aims+scope+instructions+for+authors+APC
660,4-Q3,1,International Journal of Speech-Language Pathology,INT J SPEECH-LANG PA,1754-9507,1754-9515,1.6,2.1,Q3,104/312,Q2,Q2,0.78,46.0,73.0,2430.0,AUDIOLOGY & SPEECH-LANGUAGE PATHOLOGY; REHABILITATION,AUDIOLOGY & SPEECH-LANGUAGE PATHOLOGY(JIF Q3/JCI Q3) | REHABILITATION(JIF Q3/JCI Q2),TAYLOR & FRANCIS LTD,Taylor & Francis,是,"SCIE; SSCI; SCIE, SSCI",混合为主,"订阅路线通常无APC；Open Select常见 USD 2,500-3,500",中,https://authorservices.taylorandfrancis.com/publishing-open-access/,https://www.google.com/search?q=International+Journal+of+Speech-Language+Pathology+aims+scope+instructions+for+authors+APC
661,4-Q3,1,Reumatologia Clinica,REUMATOL CLIN,1699-258X,1885-1398,1.5,1.4,Q3,41/58,Q3,Q3,0.37,30.2,73.0,1332.0,RHEUMATOLOGY,RHEUMATOLOGY(JIF Q3/JCI Q3),ELSEVIER ESPANA SLU,Elsevier,否,ESCI,混合为主,"订阅路线通常无APC；Gold OA常见 USD 2,200-4,200",中,https://www.elsevier.com/open-access/agreements,https://www.google.com/search?q=Reumatologia+Clinica+aims+scope+instructions+for+authors+APC
662,4-Q3,1,SURGICAL LAPAROSCOPY ENDOSCOPY & PERCUTANEOUS TECHNIQUES,SURG LAPARO ENDO PER,1530-4515,1534-4908,1.3,1.2,Q3,210/321,Q3,Q3,0.56,34.7,73.0,2519.0,SURGERY,SURGERY(JIF Q3/JCI Q3),LIPPINCOTT WILLIAMS & WILKINS,Wolters Kluwer/LWW,是,SCIE,混合为主,"订阅路线通常无APC；OA常见 USD 2,000-4,000；MEDICINE已拉黑",中,https://wkauthorservices.editage.com/open-access/,https://www.google.com/search?q=SURGICAL+LAPAROSCOPY+ENDOSCOPY+&+PERCUTANEOUS+TECHNIQUES+aims+scope+instructions+for+authors+APC
663,4-Q3,1,Hip International,HIP INT,1120-7000,1724-6067,1.3,1.8,Q3,105/147,Q3,Q3,0.51,28.9,73.0,2454.0,ORTHOPEDICS,ORTHOPEDICS(JIF Q3/JCI Q3),SAGE PUBLICATIONS LTD,SAGE,是,SCIE,混合为主,"订阅路线通常无APC；SAGE Choice常见 USD 2,000-4,000",中,https://us.sagepub.com/en-us/nam/sage-choice,https://www.google.com/search?q=Hip+International+aims+scope+instructions+for+authors+APC
664,4-Q3,1,Skin Appendage Disorders,SKIN APPENDAGE DISOR,2296-9195,2296-9160,1.3,1.4,Q3,71/99,Q3,Q3,0.39,28.8,73.0,1092.0,DERMATOLOGY,DERMATOLOGY(JIF Q3/JCI Q3),KARGER,Karger,否,ESCI,混合/OA,"因刊而异，常见 USD 2,500-3,800",中,https://karger.com/pages/Open-Access,https://www.google.com/search?q=Skin+Appendage+Disorders+aims+scope+instructions+for+authors+APC
665,4-Q3,1,FOLIA PHONIATRICA ET LOGOPAEDICA,FOLIA PHONIATR LOGO,1021-7762,1421-9972,1.2,1.5,Q3,43/67,Q3,Q3,0.55,36.6,73.0,1594.0,AUDIOLOGY & SPEECH-LANGUAGE PATHOLOGY; OTORHINOLARYNGOLOGY; REHABILITATION,AUDIOLOGY & SPEECH-LANGUAGE PATHOLOGY(JIF Q3/JCI Q4) | OTORHINOLARYNGOLOGY(JIF Q3/JCI Q3) | REHABILITATION(JIF Q3/JCI Q3),KARGER,Karger,是,"SCIE; SCIE, SSCI",混合/OA,"因刊而异，常见 USD 2,500-3,800",中,https://karger.com/pages/Open-Access,https://www.google.com/search?q=FOLIA+PHONIATRICA+ET+LOGOPAEDICA+aims+scope+instructions+for+authors+APC
666,4-Q3,1,Electronic Journal of General Medicine,ELECTRON J GEN MED,2516-3507,2516-3507,1.1,0.9,Q3,180/336,Q3,Q3,0.29,46.6,73.0,526.0,"MEDICINE, GENERAL & INTERNAL","MEDICINE, GENERAL & INTERNAL(JIF Q3/JCI Q3)",MODESTUM LTD,其他,否,ESCI,需核实,请查期刊官网 Author / Open Access 页面,未知,,https://www.google.com/search?q=Electronic+Journal+of+General+Medicine+aims+scope+instructions+for+authors+APC
667,4-Q3,1,JOURNAL OF CELLULAR PHYSIOLOGY,J CELL PHYSIOL,0021-9541,1097-4652,4.0,4.5,Q3,17/89,Q2,Q2,0.81,49.5,72.0,33508.0,CELL BIOLOGY,CELL BIOLOGY(JIF Q3/JCI Q2),WILEY,Wiley,是,SCIE,混合为主,"订阅路线通常无APC；OnlineOpen常见 USD 3,200-4,700",中,https://authorservices.wiley.com/author-resources/Journal-Authors/open-access/article-publication-charges.html,https://www.google.com/search?q=JOURNAL+OF+CELLULAR+PHYSIOLOGY+aims+scope+instructions+for+authors+APC
668,4-Q3,1,AUTONOMIC NEUROSCIENCE-BASIC & CLINICAL,AUTON NEUROSCI-BASIC,1566-0702,1872-7484,2.7,3.7,Q3,208/330,Q3,Q3,0.69,37.1,72.0,4069.0,NEUROSCIENCES,NEUROSCIENCES(JIF Q3/JCI Q3),ELSEVIER,Elsevier,是,SCIE,混合为主,"订阅路线通常无APC；Gold OA常见 USD 2,200-4,200",中,https://www.elsevier.com/open-access/agreements,https://www.google.com/search?q=AUTONOMIC+NEUROSCIENCE-BASIC+&+CLINICAL+aims+scope+instructions+for+authors+APC
669,4-Q3,1,Health and Technology,HEALTH TECHNOL-GER,2190-7188,2190-7196,2.6,3.0,Q3,38/54,Q4,Q4,0.51,30.6,72.0,2097.0,MEDICAL INFORMATICS,MEDICAL INFORMATICS(JIF Q3/JCI Q4),SPRINGER HEIDELBERG,Springer,否,ESCI,混合为主,"订阅路线通常无APC；选OA约 USD 2,790-4,290",中,https://www.springer.com/gp/open-access,https://www.google.com/search?q=Health+and+Technology+aims+scope+instructions+for+authors+APC
670,4-Q3,1,BIOFOULING,BIOFOULING,0892-7014,1029-2454,2.5,2.7,Q3,32/124,Q3,Q2,0.59,34.7,72.0,5112.0,BIOTECHNOLOGY & APPLIED MICROBIOLOGY,BIOTECHNOLOGY & APPLIED MICROBIOLOGY(JIF Q3/JCI Q3),TAYLOR & FRANCIS LTD,Taylor & Francis,是,SCIE,混合为主,"订阅路线通常无APC；Open Select常见 USD 2,500-3,500",中,https://authorservices.taylorandfrancis.com/publishing-open-access/,https://www.google.com/search?q=BIOFOULING+aims+scope+instructions+for+authors+APC
671,4-Q3,1,Canadian Journal of Infectious Diseases & Medical Microbiology,CAN J INFECT DIS MED,1712-9532,1918-1493,2.4,2.9,Q3,80/141,Q3,Q3,0.56,43.6,72.0,2314.0,INFECTIOUS DISEASES; MICROBIOLOGY,INFECTIOUS DISEASES(JIF Q3/JCI Q3) | MICROBIOLOGY(JIF Q3/JCI Q3),WILEY,Wiley,是,SCIE,混合为主,"订阅路线通常无APC；OnlineOpen常见 USD 3,200-4,700",中,https://authorservices.wiley.com/author-resources/Journal-Authors/open-access/article-publication-charges.html,https://www.google.com/search?q=Canadian+Journal+of+Infectious+Diseases+&+Medical+Microbiology+aims+scope+instructions+for+authors+APC
672,4-Q3,1,INDIAN JOURNAL OF MICROBIOLOGY,INDIAN J MICROBIOL,0046-8991,0973-7715,2.2,2.4,Q3,127/180,Q4,Q4,0.43,29.7,72.0,3171.0,BIOTECHNOLOGY & APPLIED MICROBIOLOGY; MICROBIOLOGY,BIOTECHNOLOGY & APPLIED MICROBIOLOGY(JIF Q3/JCI Q4) | MICROBIOLOGY(JIF Q4/JCI Q4),SPRINGER,Springer,是,SCIE,混合为主,"订阅路线通常无APC；选OA约 USD 2,790-4,290",中,https://www.springer.com/gp/open-access,https://www.google.com/search?q=INDIAN+JOURNAL+OF+MICROBIOLOGY+aims+scope+instructions+for+authors+APC
673,4-Q3,1,PSYCHOLOGY & HEALTH,PSYCHOL HEALTH,0887-0446,1476-8321,2.0,3.0,Q3,90/222,Q2,Q2,0.67,44.6,72.0,7244.0,"PUBLIC, ENVIRONMENTAL & OCCUPATIONAL HEALTH","PUBLIC, ENVIRONMENTAL & OCCUPATIONAL HEALTH(JIF Q3/JCI Q2)",TAYLOR & FRANCIS LTD,Taylor & Francis,否,SSCI,混合为主,"订阅路线通常无APC；Open Select常见 USD 2,500-3,500",中,https://authorservices.taylorandfrancis.com/publishing-open-access/,https://www.google.com/search?q=PSYCHOLOGY+&+HEALTH+aims+scope+instructions+for+authors+APC
674,4-Q3,1,Surgery Open Science,SURG OPEN SCI,2589-8450,2589-8450,1.6,1.7,Q3,176/321,Q2,Q2,0.72,45.3,72.0,690.0,SURGERY,SURGERY(JIF Q3/JCI Q2),ELSEVIER,Elsevier,否,ESCI,混合为主,"订阅路线通常无APC；Gold OA常见 USD 2,200-4,200",中,https://www.elsevier.com/open-access/agreements,https://www.google.com/search?q=Surgery+Open+Science+aims+scope+instructions+for+authors+APC
675,4-Q3,1,Clinics in Colon and Rectal Surgery,CLIN COLON RECT SURG,1531-0043,1530-9681,1.6,2.2,Q3,176/321,Q3,Q3,0.45,45.3,72.0,2284.0,GASTROENTEROLOGY & HEPATOLOGY; SURGERY,GASTROENTEROLOGY & HEPATOLOGY(JIF Q4/JCI Q3) | SURGERY(JIF Q3/JCI Q3),THIEME MEDICAL PUBL INC,Thieme,是,SCIE,混合为主,订阅路线通常无APC；OA另计,中低,https://www.thieme.com/en-us/open-access,https://www.google.com/search?q=Clinics+in+Colon+and+Rectal+Surgery+aims+scope+instructions+for+authors+APC
676,4-Q3,1,Bundesgesundheitsblatt-Gesundheitsforschung-Gesundheitsschutz,BUNDESGESUNDHEITSBLA,1436-9990,1437-1588,1.6,1.7,Q3,301/443,Q4,Q4,0.39,32.2,72.0,3104.0,"PUBLIC, ENVIRONMENTAL & OCCUPATIONAL HEALTH","PUBLIC, ENVIRONMENTAL & OCCUPATIONAL HEALTH(JIF Q3/JCI Q4)",SPRINGER,Springer,是,SCIE,混合为主,"订阅路线通常无APC；选OA约 USD 2,790-4,290",中,https://www.springer.com/gp/open-access,https://www.google.com/search?q=Bundesgesundheitsblatt-Gesundheitsforschung-Gesundheitsschutz+aims+scope+instructions+for+authors+APC
677,4-Q3,1,JOURNAL OF DEVELOPMENTAL AND BEHAVIORAL PEDIATRICS,J DEV BEHAV PEDIATR,0196-206X,1536-7312,1.5,2.3,Q3,107/190,Q2,Q2,0.75,43.9,72.0,4577.0,PEDIATRICS,PEDIATRICS(JIF Q3/JCI Q2),LIPPINCOTT WILLIAMS & WILKINS,Wolters Kluwer/LWW,是,SCIE; SSCI,混合为主,"订阅路线通常无APC；OA常见 USD 2,000-4,000；MEDICINE已拉黑",中,https://wkauthorservices.editage.com/open-access/,https://www.google.com/search?q=JOURNAL+OF+DEVELOPMENTAL+AND+BEHAVIORAL+PEDIATRICS+aims+scope+instructions+for+authors+APC
678,4-Q3,1,Journal of Medical Imaging and Radiation Oncology,J MED IMAG RADIAT ON,1754-9477,1754-9485,1.5,2.0,Q3,151/217,Q3,Q3,0.42,30.6,72.0,2228.0,"RADIOLOGY, NUCLEAR MEDICINE & MEDICAL IMAGING","RADIOLOGY, NUCLEAR MEDICINE & MEDICAL IMAGING(JIF Q3/JCI Q3)",WILEY,Wiley,是,SCIE,混合为主,"订阅路线通常无APC；OnlineOpen常见 USD 3,200-4,700",中,https://authorservices.wiley.com/author-resources/Journal-Authors/open-access/article-publication-charges.html,https://www.google.com/search?q=Journal+of+Medical+Imaging+and+Radiation+Oncology+aims+scope+instructions+for+authors+APC
679,4-Q3,1,ANNALS OF AGRICULTURAL AND ENVIRONMENTAL MEDICINE,ANN AGR ENV MED,1232-1966,1898-2263,1.5,1.7,Q3,325/443,Q4,Q4,0.34,26.7,72.0,2811.0,"PUBLIC, ENVIRONMENTAL & OCCUPATIONAL HEALTH","PUBLIC, ENVIRONMENTAL & OCCUPATIONAL HEALTH(JIF Q3/JCI Q4)","Inst Rural Health Lublin, Poland",其他,是,SCIE,需核实,请查期刊官网 Author / Open Access 页面,未知,,https://www.google.com/search?q=ANNALS+OF+AGRICULTURAL+AND+ENVIRONMENTAL+MEDICINE+aims+scope+instructions+for+authors+APC
680,4-Q3,1,Pediatric Quality & Safety,PEDIATR QUAL SAF,,2472-0054,1.2,1.4,Q3,128/190,Q3,Q3,0.55,32.9,72.0,921.0,PEDIATRICS,PEDIATRICS(JIF Q3/JCI Q3),LIPPINCOTT WILLIAMS & WILKINS,Wolters Kluwer/LWW,否,ESCI,混合为主,"订阅路线通常无APC；OA常见 USD 2,000-4,000；MEDICINE已拉黑",中,https://wkauthorservices.editage.com/open-access/,https://www.google.com/search?q=Pediatric+Quality+&+Safety+aims+scope+instructions+for+authors+APC
681,4-Q3,1,BIOLOGICAL RHYTHM RESEARCH,BIOL RHYTHM RES,0929-1016,1744-4179,1.0,1.1,Q3,75/106,Q3,Q3,0.31,29.7,72.0,1453.0,BIOLOGY,BIOLOGY(JIF Q3/JCI Q3),TAYLOR & FRANCIS LTD,Taylor & Francis,是,SCIE,混合为主,"订阅路线通常无APC；Open Select常见 USD 2,500-3,500",中,https://authorservices.taylorandfrancis.com/publishing-open-access/,https://www.google.com/search?q=BIOLOGICAL+RHYTHM+RESEARCH+aims+scope+instructions+for+authors+APC
682,4-Q3,1,JOURNAL OF NEUROSCIENCE RESEARCH,J NEUROSCI RES,0360-4012,1097-4547,3.1,4.0,Q3,172/330,Q3,Q3,0.66,48.0,71.0,12207.0,NEUROSCIENCES,NEUROSCIENCES(JIF Q3/JCI Q3),WILEY,Wiley,是,SCIE,混合为主,"订阅路线通常无APC；OnlineOpen常见 USD 3,200-4,700",中,https://authorservices.wiley.com/author-resources/Journal-Authors/open-access/article-publication-charges.html,https://www.google.com/search?q=JOURNAL+OF+NEUROSCIENCE+RESEARCH+aims+scope+instructions+for+authors+APC
683,4-Q3,1,"BMJ Nutrition, Prevention & Health",BMJ NUTR PREV HLTH,,2516-5542,2.6,3.3,Q3,70/114,Q3,Q3,0.51,39.0,71.0,890.0,NUTRITION & DIETETICS,NUTRITION & DIETETICS(JIF Q3/JCI Q3),BMJ PUBLISHING GROUP,BMJ,否,ESCI,混合/全OA,"BMJ Open约GBP 2,175；旗舰刊更高",高,https://authors.bmj.com/open-access/,"https://www.google.com/search?q=BMJ+Nutrition,+Prevention+&+Health+aims+scope+instructions+for+authors+APC"
684,4-Q3,1,Hormones-International Journal of Endocrinology and Metabolism,HORM-INT J ENDOCRINO,1109-3099,2520-8721,2.4,2.7,Q3,135/198,Q3,Q3,0.52,32.1,71.0,2377.0,ENDOCRINOLOGY & METABOLISM,ENDOCRINOLOGY & METABOLISM(JIF Q3/JCI Q3),SPRINGER INT PUBL AG,Springer,是,SCIE,混合为主,"订阅路线通常无APC；选OA约 USD 2,790-4,290",中,https://www.springer.com/gp/open-access,https://www.google.com/search?q=Hormones-International+Journal+of+Endocrinology+and+Metabolism+aims+scope+instructions+for+authors+APC
685,4-Q3,1,JOURNAL OF NEURO-OPHTHALMOLOGY,J NEURO-OPHTHALMOL,1070-8022,1536-5166,2.1,2.2,Q3,51/98,Q3,Q3,0.65,48.5,71.0,2625.0,CLINICAL NEUROLOGY; OPHTHALMOLOGY,CLINICAL NEUROLOGY(JIF Q3/JCI Q3) | OPHTHALMOLOGY(JIF Q3/JCI Q3),LIPPINCOTT WILLIAMS & WILKINS,Wolters Kluwer/LWW,是,SCIE,混合为主,"订阅路线通常无APC；OA常见 USD 2,000-4,000；MEDICINE已拉黑",中,https://wkauthorservices.editage.com/open-access/,https://www.google.com/search?q=JOURNAL+OF+NEURO-OPHTHALMOLOGY+aims+scope+instructions+for+authors+APC
686,4-Q3,1,RADIOLOGIC CLINICS OF NORTH AMERICA,RADIOL CLIN N AM,0033-8389,1557-8275,2.1,2.3,Q3,114/217,Q3,Q3,0.59,47.7,71.0,2789.0,"RADIOLOGY, NUCLEAR MEDICINE & MEDICAL IMAGING","RADIOLOGY, NUCLEAR MEDICINE & MEDICAL IMAGING(JIF Q3/JCI Q3)",W B SAUNDERS CO-ELSEVIER INC,Elsevier,是,SCIE,混合为主,"订阅路线通常无APC；Gold OA常见 USD 2,200-4,200",中,https://www.elsevier.com/open-access/agreements,https://www.google.com/search?q=RADIOLOGIC+CLINICS+OF+NORTH+AMERICA+aims+scope+instructions+for+authors+APC
687,4-Q3,1,Nutrition Research and Practice,NUTR RES PRACT,1976-1457,2005-6168,2.1,2.2,Q3,81/114,Q3,Q3,0.38,29.4,71.0,2192.0,NUTRITION & DIETETICS,NUTRITION & DIETETICS(JIF Q3/JCI Q3),KOREAN NUTRITION SOC,其他,是,SCIE,需核实,请查期刊官网 Author / Open Access 页面,未知,,https://www.google.com/search?q=Nutrition+Research+and+Practice+aims+scope+instructions+for+authors+APC
688,4-Q3,1,VECTOR-BORNE AND ZOONOTIC DISEASES,VECTOR-BORNE ZOONOT,1530-3667,1557-7759,1.8,2.0,Q3,273/443,Q3,Q3,0.53,38.5,71.0,4435.0,"INFECTIOUS DISEASES; PUBLIC, ENVIRONMENTAL & OCCUPATIONAL HEALTH","INFECTIOUS DISEASES(JIF Q3/JCI Q3) | PUBLIC, ENVIRONMENTAL & OCCUPATIONAL HEALTH(JIF Q3/JCI Q3)",SAGE PUBLICATIONS INC,SAGE,是,SCIE,混合为主,"订阅路线通常无APC；SAGE Choice常见 USD 2,000-4,000",中,https://us.sagepub.com/en-us/nam/sage-choice,https://www.google.com/search?q=VECTOR-BORNE+AND+ZOONOTIC+DISEASES+aims+scope+instructions+for+authors+APC
689,4-Q3,1,PEDIATRIC AND DEVELOPMENTAL PATHOLOGY,PEDIATR DEVEL PATHOL,1093-5266,1615-5742,1.1,1.5,Q3,131/190,Q3,Q3,0.49,31.3,71.0,1589.0,PATHOLOGY; PEDIATRICS,PATHOLOGY(JIF Q4/JCI Q3) | PEDIATRICS(JIF Q3/JCI Q3),SAGE PUBLICATIONS INC,SAGE,是,SCIE,混合为主,"订阅路线通常无APC；SAGE Choice常见 USD 2,000-4,000",中,https://us.sagepub.com/en-us/nam/sage-choice,https://www.google.com/search?q=PEDIATRIC+AND+DEVELOPMENTAL+PATHOLOGY+aims+scope+instructions+for+authors+APC
690,4-Q3,1,Clinical Medicine Insights-Case Reports,CLIN MED INSIGHT-CAS,1179-5476,1179-5476,0.6,0.7,Q3,227/336,Q3,Q3,0.18,32.6,71.0,334.0,"MEDICINE, GENERAL & INTERNAL","MEDICINE, GENERAL & INTERNAL(JIF Q3/JCI Q3)",SAGE PUBLICATIONS LTD,SAGE,否,ESCI,混合为主,"订阅路线通常无APC；SAGE Choice常见 USD 2,000-4,000",中,https://us.sagepub.com/en-us/nam/sage-choice,https://www.google.com/search?q=Clinical+Medicine+Insights-Case+Reports+aims+scope+instructions+for+authors+APC
691,4-Q3,1,VIRUS GENES,VIRUS GENES,0920-8569,1572-994X,2.0,1.8,Q3,131/192,Q3,Q3,0.5,32.0,70.0,2876.0,GENETICS & HEREDITY; VIROLOGY,GENETICS & HEREDITY(JIF Q3/JCI Q3) | VIROLOGY(JIF Q3/JCI Q3),SPRINGER,Springer,是,SCIE,混合为主,"订阅路线通常无APC；选OA约 USD 2,790-4,290",中,https://www.springer.com/gp/open-access,https://www.google.com/search?q=VIRUS+GENES+aims+scope+instructions+for+authors+APC
692,4-Q3,1,CANCER BIOTHERAPY AND RADIOPHARMACEUTICALS,CANCER BIOTHER RADIO,1084-9785,1557-8852,1.7,2.4,Q3,137/217,Q3,Q3,0.46,37.1,70.0,2507.0,"MEDICINE, RESEARCH & EXPERIMENTAL; ONCOLOGY; PHARMACOLOGY & PHARMACY; RADIOLOGY, NUCLEAR MEDICINE & MEDICAL IMAGING","MEDICINE, RESEARCH & EXPERIMENTAL(JIF Q3/JCI Q3) | ONCOLOGY(JIF Q4/JCI Q3) | PHARMACOLOGY & PHARMACY(JIF Q3/JCI Q3) | RADIOLOGY, NUCLEAR MEDICINE & MEDICAL IMAGING(JIF Q3/JCI Q3)",SAGE PUBLICATIONS INC,SAGE,是,SCIE,混合为主,"订阅路线通常无APC；SAGE Choice常见 USD 2,000-4,000",中,https://us.sagepub.com/en-us/nam/sage-choice,https://www.google.com/search?q=CANCER+BIOTHERAPY+AND+RADIOPHARMACEUTICALS+aims+scope+instructions+for+authors+APC
693,4-Q3,1,Journal of Agromedicine,J AGROMEDICINE,1059-924X,1545-0813,1.6,2.1,Q3,301/443,Q3,Q3,0.52,32.2,70.0,1591.0,"PUBLIC, ENVIRONMENTAL & OCCUPATIONAL HEALTH","PUBLIC, ENVIRONMENTAL & OCCUPATIONAL HEALTH(JIF Q3/JCI Q3)",TAYLOR & FRANCIS INC,Taylor & Francis,是,SCIE,混合为主,"订阅路线通常无APC；Open Select常见 USD 2,500-3,500",中,https://authorservices.taylorandfrancis.com/publishing-open-access/,https://www.google.com/search?q=Journal+of+Agromedicine+aims+scope+instructions+for+authors+APC
694,4-Q3,1,CLINICAL OBSTETRICS AND GYNECOLOGY,CLIN OBSTET GYNECOL,0009-9201,1532-5520,1.5,2.1,Q3,97/143,Q3,Q3,0.64,32.5,70.0,3268.0,OBSTETRICS & GYNECOLOGY,OBSTETRICS & GYNECOLOGY(JIF Q3/JCI Q3),LIPPINCOTT WILLIAMS & WILKINS,Wolters Kluwer/LWW,是,SCIE,混合为主,"订阅路线通常无APC；OA常见 USD 2,000-4,000；MEDICINE已拉黑",中,https://wkauthorservices.editage.com/open-access/,https://www.google.com/search?q=CLINICAL+OBSTETRICS+AND+GYNECOLOGY+aims+scope+instructions+for+authors+APC
695,4-Q3,1,JOURNAL OF PSYCHOSOCIAL NURSING AND MENTAL HEALTH SERVICES,J PSYCHOSOC NURS MEN,0279-3695,1938-2413,1.5,1.8,Q3,118/194,Q3,Q3,0.53,39.4,70.0,1444.0,NURSING,NURSING(JIF Q3/JCI Q3),SLACK INC,其他,是,"SCIE, SSCI",需核实,请查期刊官网 Author / Open Access 页面,未知,,https://www.google.com/search?q=JOURNAL+OF+PSYCHOSOCIAL+NURSING+AND+MENTAL+HEALTH+SERVICES+aims+scope+instructions+for+authors+APC
696,4-Q3,1,Iranian Journal of Allergy Asthma and Immunology,IRAN J ALLERGY ASTHM,1735-1502,1735-5249,1.5,1.4,Q3,30/40,Q4,Q4,0.3,26.3,70.0,1038.0,ALLERGY; IMMUNOLOGY,ALLERGY(JIF Q3/JCI Q4) | IMMUNOLOGY(JIF Q4/JCI Q4),TEHRAN UNIV MEDICAL SCIENCES,其他,是,SCIE,需核实,请查期刊官网 Author / Open Access 页面,未知,,https://www.google.com/search?q=Iranian+Journal+of+Allergy+Asthma+and+Immunology+aims+scope+instructions+for+authors+APC
697,4-Q3,1,PROSTHETICS AND ORTHOTICS INTERNATIONAL,PROSTHET ORTHOT INT,0309-3646,1746-1553,1.4,1.8,Q3,111/175,Q3,Q3,0.56,36.9,70.0,2775.0,ORTHOPEDICS; REHABILITATION,ORTHOPEDICS(JIF Q3/JCI Q3) | REHABILITATION(JIF Q3/JCI Q3),WOLTERS KLUWER HEALTH,Wolters Kluwer/LWW,是,SCIE,混合为主,"订阅路线通常无APC；OA常见 USD 2,000-4,000；MEDICINE已拉黑",中,https://wkauthorservices.editage.com/open-access/,https://www.google.com/search?q=PROSTHETICS+AND+ORTHOTICS+INTERNATIONAL+aims+scope+instructions+for+authors+APC
698,4-Q3,1,SLAS Discovery,SLAS DISCOV,2472-5552,2472-5560,3.3,3.2,Q3,32/85,Q2,Q2,0.68,48.1,69.0,2046.0,BIOTECHNOLOGY & APPLIED MICROBIOLOGY,BIOTECHNOLOGY & APPLIED MICROBIOLOGY(JIF Q3/JCI Q2),ELSEVIER SCIENCE INC,Elsevier,是,SCIE,混合为主,"订阅路线通常无APC；Gold OA常见 USD 2,200-4,200",中,https://www.elsevier.com/open-access/agreements,https://www.google.com/search?q=SLAS+Discovery+aims+scope+instructions+for+authors+APC
699,4-Q3,1,Obesity Science & Practice,OBES SCI PRACT,2055-2238,2055-2238,2.5,2.8,Q3,130/198,Q3,Q3,0.53,34.6,69.0,1713.0,ENDOCRINOLOGY & METABOLISM,ENDOCRINOLOGY & METABOLISM(JIF Q3/JCI Q3),WILEY,Wiley,否,ESCI,混合为主,"订阅路线通常无APC；OnlineOpen常见 USD 3,200-4,700",中,https://authorservices.wiley.com/author-resources/Journal-Authors/open-access/article-publication-charges.html,https://www.google.com/search?q=Obesity+Science+&+Practice+aims+scope+instructions+for+authors+APC
700,4-Q3,1,Gastroenterologia y Hepatologia,GASTROENT HEPAT-BARC,0210-5705,0210-5705,2.0,2.1,Q3,106/153,Q3,Q3,0.39,31.0,69.0,1468.0,GASTROENTEROLOGY & HEPATOLOGY,GASTROENTEROLOGY & HEPATOLOGY(JIF Q3/JCI Q3),ELSEVIER ESPANA SLU,Elsevier,是,SCIE,混合为主,"订阅路线通常无APC；Gold OA常见 USD 2,200-4,200",中,https://www.elsevier.com/open-access/agreements,https://www.google.com/search?q=Gastroenterologia+y+Hepatologia+aims+scope+instructions+for+authors+APC
701,4-Q3,1,Clinical Child Psychology and Psychiatry,CLIN CHILD PSYCHOL P,1359-1045,1461-7021,1.8,2.4,Q3,102/184,Q3,Q3,0.56,44.8,69.0,2447.0,"PSYCHIATRY; PSYCHOLOGY, CLINICAL","PSYCHIATRY(JIF Q3/JCI Q3) | PSYCHOLOGY, CLINICAL(JIF Q3/JCI Q3)",SAGE PUBLICATIONS INC,SAGE,是,"SCIE, SSCI; SCIE; SSCI",混合为主,"订阅路线通常无APC；SAGE Choice常见 USD 2,000-4,000",中,https://us.sagepub.com/en-us/nam/sage-choice,https://www.google.com/search?q=Clinical+Child+Psychology+and+Psychiatry+aims+scope+instructions+for+authors+APC
702,4-Q3,1,THORACIC AND CARDIOVASCULAR SURGEON,THORAC CARDIOV SURG,0171-6425,1439-1902,1.5,1.4,Q3,189/321,Q3,Q3,0.46,41.3,69.0,2138.0,CARDIAC & CARDIOVASCULAR SYSTEMS; RESPIRATORY SYSTEM; SURGERY,CARDIAC & CARDIOVASCULAR SYSTEMS(JIF Q3/JCI Q3) | RESPIRATORY SYSTEM(JIF Q4/JCI Q3) | SURGERY(JIF Q3/JCI Q3),GEORG THIEME VERLAG KG,Thieme,是,SCIE,混合为主,订阅路线通常无APC；OA另计,中低,https://www.thieme.com/en-us/open-access,https://www.google.com/search?q=THORACIC+AND+CARDIOVASCULAR+SURGEON+aims+scope+instructions+for+authors+APC
703,4-Q3,1,Neurochirurgie,NEUROCHIRURGIE,0028-3770,1773-0619,1.5,1.7,Q3,189/321,Q3,Q3,0.45,41.3,69.0,1558.0,CLINICAL NEUROLOGY; SURGERY,CLINICAL NEUROLOGY(JIF Q4/JCI Q4) | SURGERY(JIF Q3/JCI Q3),MASSON EDITEUR,其他,是,SCIE,需核实,请查期刊官网 Author / Open Access 页面,未知,,https://www.google.com/search?q=Neurochirurgie+aims+scope+instructions+for+authors+APC
704,4-Q3,1,ANAESTHESIA AND INTENSIVE CARE,ANAESTH INTENS CARE,0310-057X,1448-0271,1.5,1.7,Q3,40/72,Q3,Q3,0.37,45.1,69.0,2627.0,ANESTHESIOLOGY; CRITICAL CARE MEDICINE,ANESTHESIOLOGY(JIF Q3/JCI Q3) | CRITICAL CARE MEDICINE(JIF Q3/JCI Q3),SAGE PUBLICATIONS LTD,SAGE,是,SCIE,混合为主,"订阅路线通常无APC；SAGE Choice常见 USD 2,000-4,000",中,https://us.sagepub.com/en-us/nam/sage-choice,https://www.google.com/search?q=ANAESTHESIA+AND+INTENSIVE+CARE+aims+scope+instructions+for+authors+APC
705,4-Q3,1,JOURNAL OF CONTINUING EDUCATION IN NURSING,J CONTIN EDUC NURS,0022-0124,1938-2472,1.2,1.2,Q3,136/194,Q3,Q3,0.51,30.2,69.0,1359.0,NURSING,NURSING(JIF Q3/JCI Q3),SLACK INC,其他,是,"SCIE, SSCI",需核实,请查期刊官网 Author / Open Access 页面,未知,,https://www.google.com/search?q=JOURNAL+OF+CONTINUING+EDUCATION+IN+NURSING+aims+scope+instructions+for+authors+APC
706,4-Q3,1,NEW SCIENTIST,NEW SCI,0262-4079,,1.0,0.8,Q3,92/140,Q4,Q4,0.02,34.6,69.0,781.0,MULTIDISCIPLINARY SCIENCES,MULTIDISCIPLINARY SCIENCES(JIF Q3/JCI Q4),NEW SCIENTIST LTD,其他,是,SCIE,需核实,请查期刊官网 Author / Open Access 页面,未知,,https://www.google.com/search?q=NEW+SCIENTIST+aims+scope+instructions+for+authors+APC
707,4-Q3,1,Stem Cells International,STEM CELLS INT,1687-966X,1687-9678,3.6,4.2,Q3,18/32,Q2,Q2,0.76,45.3,68.0,8973.0,CELL & TISSUE ENGINEERING,CELL & TISSUE ENGINEERING(JIF Q3/JCI Q2),WILEY,Wiley,是,SCIE,混合为主,"订阅路线通常无APC；OnlineOpen常见 USD 3,200-4,700",中,https://authorservices.wiley.com/author-resources/Journal-Authors/open-access/article-publication-charges.html,https://www.google.com/search?q=Stem+Cells+International+aims+scope+instructions+for+authors+APC
708,4-Q3,1,JOURNAL OF ANTIBIOTICS,J ANTIBIOT,0021-8820,1881-1469,2.7,2.8,Q3,191/356,Q3,Q3,0.57,46.5,68.0,8922.0,BIOTECHNOLOGY & APPLIED MICROBIOLOGY; IMMUNOLOGY; MICROBIOLOGY; PHARMACOLOGY & PHARMACY,BIOTECHNOLOGY & APPLIED MICROBIOLOGY(JIF Q3/JCI Q3) | IMMUNOLOGY(JIF Q3/JCI Q3) | MICROBIOLOGY(JIF Q3/JCI Q3) | PHARMACOLOGY & PHARMACY(JIF Q3/JCI Q3),SPRINGERNATURE,Springer Nature,是,SCIE,混合/全OA,"全OA约 USD 2,090-3,490；Nature系更高；Scientific Reports已拉黑",中高,https://www.springernature.com/gp/open-research/journals-books/journals,https://www.google.com/search?q=JOURNAL+OF+ANTIBIOTICS+aims+scope+instructions+for+authors+APC
709,4-Q3,1,COMPARATIVE IMMUNOLOGY MICROBIOLOGY AND INFECTIOUS DISEASES,COMP IMMUNOL MICROB,0147-9571,1878-1667,2.5,2.6,Q3,40/170,Q3,Q2,0.67,32.0,68.0,3118.0,IMMUNOLOGY; MICROBIOLOGY,IMMUNOLOGY(JIF Q3/JCI Q3) | MICROBIOLOGY(JIF Q3/JCI Q3),ELSEVIER SCI LTD,Elsevier,是,SCIE,混合为主,"订阅路线通常无APC；Gold OA常见 USD 2,200-4,200",中,https://www.elsevier.com/open-access/agreements,https://www.google.com/search?q=COMPARATIVE+IMMUNOLOGY+MICROBIOLOGY+AND+INFECTIOUS+DISEASES+aims+scope+instructions+for+authors+APC
710,4-Q3,1,Comparative Immunology Reports,COMP IMMUNOL REP,,2950-3116,2.4,2.4,Q3,38/124,Q2,Q2,0.74,28.1,68.0,186.0,IMMUNOLOGY,IMMUNOLOGY(JIF Q3/JCI Q2),ELSEVIER SCI LTD,Elsevier,否,ESCI,混合为主,"订阅路线通常无APC；Gold OA常见 USD 2,200-4,200",中,https://www.elsevier.com/open-access/agreements,https://www.google.com/search?q=Comparative+Immunology+Reports+aims+scope+instructions+for+authors+APC
711,4-Q3,1,BIOCHIMICA ET BIOPHYSICA ACTA-BIOMEMBRANES,BBA-BIOMEMBRANES,0005-2736,1879-2642,2.4,3.1,Q3,50/81,Q3,Q3,0.6,25.8,68.0,15941.0,BIOCHEMISTRY & MOLECULAR BIOLOGY,BIOCHEMISTRY & MOLECULAR BIOLOGY(JIF Q3/JCI Q3),ELSEVIER,Elsevier,是,SCIE,混合为主,"订阅路线通常无APC；Gold OA常见 USD 2,200-4,200",中,https://www.elsevier.com/open-access/agreements,https://www.google.com/search?q=BIOCHIMICA+ET+BIOPHYSICA+ACTA-BIOMEMBRANES+aims+scope+instructions+for+authors+APC
712,4-Q3,1,SEMINARS IN NEUROLOGY,SEMIN NEUROL,0271-8235,1098-9021,2.2,3.0,Q3,180/296,Q3,Q3,0.66,39.4,68.0,3365.0,CLINICAL NEUROLOGY,CLINICAL NEUROLOGY(JIF Q3/JCI Q3),THIEME MEDICAL PUBL INC,Thieme,是,SCIE,混合为主,订阅路线通常无APC；OA另计,中低,https://www.thieme.com/en-us/open-access,https://www.google.com/search?q=SEMINARS+IN+NEUROLOGY+aims+scope+instructions+for+authors+APC
713,4-Q3,1,ACTA ODONTOLOGICA SCANDINAVICA,ACTA ODONTOL SCAND,0001-6357,1502-3850,1.7,2.1,Q3,97/165,Q3,Q3,0.67,41.5,68.0,4276.0,"DENTISTRY, ORAL SURGERY & MEDICINE","DENTISTRY, ORAL SURGERY & MEDICINE(JIF Q3/JCI Q3)",Medical Journal Sweden AB,其他,是,SCIE,需核实,请查期刊官网 Author / Open Access 页面,未知,,https://www.google.com/search?q=ACTA+ODONTOLOGICA+SCANDINAVICA+aims+scope+instructions+for+authors+APC
714,4-Q3,1,Acta Orthopaedica et Traumatologica Turcica,ACTA ORTHOP TRAUMATO,1017-995X,2589-1294,1.7,1.5,Q3,82/147,Q3,Q3,0.54,44.6,68.0,1738.0,ORTHOPEDICS,ORTHOPEDICS(JIF Q3/JCI Q3),TURKISH ASSOC ORTHOPAEDICS TRAUMATOLOGY,其他,是,SCIE,需核实,请查期刊官网 Author / Open Access 页面,未知,,https://www.google.com/search?q=Acta+Orthopaedica+et+Traumatologica+Turcica+aims+scope+instructions+for+authors+APC
715,4-Q3,1,Advances in Neonatal Care,ADV NEONAT CARE,1536-0903,1536-0911,1.6,2.0,Q3,114/194,Q2,Q2,0.75,41.5,68.0,1804.0,NURSING,NURSING(JIF Q3/JCI Q2),LIPPINCOTT WILLIAMS & WILKINS,Wolters Kluwer/LWW,是,"SCIE, SSCI",混合为主,"订阅路线通常无APC；OA常见 USD 2,000-4,000；MEDICINE已拉黑",中,https://wkauthorservices.editage.com/open-access/,https://www.google.com/search?q=Advances+in+Neonatal+Care+aims+scope+instructions+for+authors+APC
716,4-Q3,1,Revista Paulista de Pediatria,REV PAUL PEDIATR,0103-0582,1984-0462,1.6,1.9,Q3,101/190,Q2,Q2,0.73,47.1,68.0,1438.0,PEDIATRICS,PEDIATRICS(JIF Q3/JCI Q2),SOC PEDIATRIA SAO PAULO,其他,否,ESCI,需核实,请查期刊官网 Author / Open Access 页面,未知,,https://www.google.com/search?q=Revista+Paulista+de+Pediatria+aims+scope+instructions+for+authors+APC
717,4-Q3,1,Journal of Applied Biomechanics,J APPL BIOMECH,1065-8483,1543-2688,1.6,1.7,Q3,85/136,Q3,Q3,0.46,37.9,68.0,2873.0,"ENGINEERING, BIOMEDICAL; SPORT SCIENCES","ENGINEERING, BIOMEDICAL(JIF Q4/JCI Q3) | SPORT SCIENCES(JIF Q3/JCI Q3)",HUMAN KINETICS PUBL INC,其他,是,SCIE,需核实,请查期刊官网 Author / Open Access 页面,未知,,https://www.google.com/search?q=Journal+of+Applied+Biomechanics+aims+scope+instructions+for+authors+APC
718,4-Q3,1,Anatomy & Cell Biology,ANAT CELL BIOL,2093-3665,2093-3673,1.1,1.4,Q3,18/25,Q4,Q4,0.6,30.0,68.0,1172.0,ANATOMY & MORPHOLOGY,ANATOMY & MORPHOLOGY(JIF Q3/JCI Q4),MEDRANG,其他,否,ESCI,需核实,请查期刊官网 Author / Open Access 页面,未知,,https://www.google.com/search?q=Anatomy+&+Cell+Biology+aims+scope+instructions+for+authors+APC
719,4-Q3,1,MOLECULAR MICROBIOLOGY,MOL MICROBIOL,0950-382X,1365-2958,3.1,3.5,Q3,95/167,Q3,Q3,0.53,43.4,67.0,27968.0,BIOCHEMISTRY & MOLECULAR BIOLOGY; MICROBIOLOGY,BIOCHEMISTRY & MOLECULAR BIOLOGY(JIF Q3/JCI Q3) | MICROBIOLOGY(JIF Q3/JCI Q3),WILEY,Wiley,是,SCIE,混合为主,"订阅路线通常无APC；OnlineOpen常见 USD 3,200-4,700",中,https://authorservices.wiley.com/author-resources/Journal-Authors/open-access/article-publication-charges.html,https://www.google.com/search?q=MOLECULAR+MICROBIOLOGY+aims+scope+instructions+for+authors+APC
720,4-Q3,1,GENES CHROMOSOMES & CANCER,GENE CHROMOSOME CANC,1045-2257,1098-2264,2.3,3.0,Q3,114/192,Q3,Q3,0.62,40.9,67.0,4537.0,GENETICS & HEREDITY; ONCOLOGY,GENETICS & HEREDITY(JIF Q3/JCI Q3) | ONCOLOGY(JIF Q3/JCI Q3),WILEY,Wiley,是,SCIE,混合为主,"订阅路线通常无APC；OnlineOpen常见 USD 3,200-4,700",中,https://authorservices.wiley.com/author-resources/Journal-Authors/open-access/article-publication-charges.html,https://www.google.com/search?q=GENES+CHROMOSOMES+&+CANCER+aims+scope+instructions+for+authors+APC
721,4-Q3,1,BIOMETRICAL JOURNAL,BIOMETRICAL J,0323-3847,1521-4036,2.1,2.2,Q3,35/170,Q2,Q2,0.67,44.0,67.0,5300.0,MATHEMATICAL & COMPUTATIONAL BIOLOGY,MATHEMATICAL & COMPUTATIONAL BIOLOGY(JIF Q3/JCI Q2),WILEY-V C H VERLAG GMBH,Wiley,是,SCIE,混合为主,"订阅路线通常无APC；OnlineOpen常见 USD 3,200-4,700",中,https://authorservices.wiley.com/author-resources/Journal-Authors/open-access/article-publication-charges.html,https://www.google.com/search?q=BIOMETRICAL+JOURNAL+aims+scope+instructions+for+authors+APC
722,4-Q3,1,Annals of Work Exposures and Health,ANN WORK EXPOS HEAL,2398-7308,2398-7316,2.1,2.3,Q3,231/443,Q3,Q3,0.63,48.0,67.0,1683.0,"PUBLIC, ENVIRONMENTAL & OCCUPATIONAL HEALTH","PUBLIC, ENVIRONMENTAL & OCCUPATIONAL HEALTH(JIF Q3/JCI Q3)",OXFORD UNIV PRESS,Oxford UP,是,SCIE,混合为主,订阅路线通常无APC；可选OA，费用因刊而异,中,https://academic.oup.com/pages/open-research/open-access,https://www.google.com/search?q=Annals+of+Work+Exposures+and+Health+aims+scope+instructions+for+authors+APC
723,4-Q3,1,FETAL DIAGNOSIS AND THERAPY,FETAL DIAGN THER,1015-3837,1421-9964,1.7,2.1,Q3,89/143,Q3,Q3,0.64,38.1,67.0,2805.0,OBSTETRICS & GYNECOLOGY,OBSTETRICS & GYNECOLOGY(JIF Q3/JCI Q3),KARGER,Karger,是,SCIE,混合/OA,"因刊而异，常见 USD 2,500-3,800",中,https://karger.com/pages/Open-Access,https://www.google.com/search?q=FETAL+DIAGNOSIS+AND+THERAPY+aims+scope+instructions+for+authors+APC
724,4-Q3,1,Oral-Health Diseases Therapies and Technologies,ORAL-BASEL,2673-6373,2673-6373,1.5,1.3,Q3,109/165,Q3,Q3,0.46,34.2,67.0,273.0,"DENTISTRY, ORAL SURGERY & MEDICINE","DENTISTRY, ORAL SURGERY & MEDICINE(JIF Q3/JCI Q3)",MDPI,MDPI,否,ESCI,全OA,"约 CHF 1,600-2,900（如 JCM=CHF 2,600）",高,https://www.mdpi.com/about/apc,https://www.google.com/search?q=Oral-Health+Diseases+Therapies+and+Technologies+aims+scope+instructions+for+authors+APC
725,4-Q3,1,Journal of Nuclear Medicine Technology,J NUCL MED TECHNOL,0091-4916,1535-5675,1.5,1.4,Q3,151/217,Q3,Q3,0.42,30.6,67.0,1383.0,"RADIOLOGY, NUCLEAR MEDICINE & MEDICAL IMAGING","RADIOLOGY, NUCLEAR MEDICINE & MEDICAL IMAGING(JIF Q3/JCI Q3)",SOC NUCLEAR MEDICINE INC,其他,否,ESCI,需核实,请查期刊官网 Author / Open Access 页面,未知,,https://www.google.com/search?q=Journal+of+Nuclear+Medicine+Technology+aims+scope+instructions+for+authors+APC
726,4-Q3,1,PHYSICAL & OCCUPATIONAL THERAPY IN PEDIATRICS,PHYS OCCUP THER PEDI,0194-2638,1541-3144,1.4,1.9,Q3,112/190,Q2,Q2,0.68,41.3,67.0,1613.0,PEDIATRICS; REHABILITATION,PEDIATRICS(JIF Q3/JCI Q2) | REHABILITATION(JIF Q3/JCI Q3),TAYLOR & FRANCIS INC,Taylor & Francis,是,"SCIE; SCIE, SSCI",混合为主,"订阅路线通常无APC；Open Select常见 USD 2,500-3,500",中,https://authorservices.taylorandfrancis.com/publishing-open-access/,https://www.google.com/search?q=PHYSICAL+&+OCCUPATIONAL+THERAPY+IN+PEDIATRICS+aims+scope+instructions+for+authors+APC
727,4-Q3,1,Journal of Hospice & Palliative Nursing,J HOSP PALLIAT NURS,1522-2179,1539-0705,1.3,1.8,Q3,132/194,Q3,Q3,0.55,32.2,67.0,1315.0,NURSING,NURSING(JIF Q3/JCI Q3),LIPPINCOTT WILLIAMS & WILKINS,Wolters Kluwer/LWW,是,"SCIE, SSCI",混合为主,"订阅路线通常无APC；OA常见 USD 2,000-4,000；MEDICINE已拉黑",中,https://wkauthorservices.editage.com/open-access/,https://www.google.com/search?q=Journal+of+Hospice+&+Palliative+Nursing+aims+scope+instructions+for+authors+APC
728,4-Q3,1,Proceedings of the Estonian Academy of Sciences,P EST ACAD SCI,1736-6046,1736-7530,0.8,0.8,Q3,101/140,Q3,Q3,0.28,28.2,67.0,529.0,MULTIDISCIPLINARY SCIENCES,MULTIDISCIPLINARY SCIENCES(JIF Q3/JCI Q3),ESTONIAN ACAD PUBLISHERS,其他,是,SCIE,需核实,请查期刊官网 Author / Open Access 页面,未知,,https://www.google.com/search?q=Proceedings+of+the+Estonian+Academy+of+Sciences+aims+scope+instructions+for+authors+APC
729,4-Q3,1,Bone Reports,BONE REP,2352-1872,2352-1872,3.1,2.9,Q3,105/198,Q3,Q3,0.62,47.2,66.0,1917.0,ENDOCRINOLOGY & METABOLISM,ENDOCRINOLOGY & METABOLISM(JIF Q3/JCI Q3),ELSEVIER,Elsevier,否,ESCI,混合为主,"订阅路线通常无APC；Gold OA常见 USD 2,200-4,200",中,https://www.elsevier.com/open-access/agreements,https://www.google.com/search?q=Bone+Reports+aims+scope+instructions+for+authors+APC
730,4-Q3,1,Cognitive Systems Research,COGN SYST RES,2214-4366,1389-0417,2.9,2.6,Q3,31/104,Q3,Q2,0.67,41.7,66.0,2096.0,NEUROSCIENCES,NEUROSCIENCES(JIF Q3/JCI Q3),ELSEVIER,Elsevier,是,SCIE; SSCI,混合为主,"订阅路线通常无APC；Gold OA常见 USD 2,200-4,200",中,https://www.elsevier.com/open-access/agreements,https://www.google.com/search?q=Cognitive+Systems+Research+aims+scope+instructions+for+authors+APC
731,4-Q3,1,Epidemics,EPIDEMICS-NETH,1755-4365,1878-0067,2.4,2.6,Q3,80/141,Q2,Q2,0.76,43.6,66.0,1741.0,INFECTIOUS DISEASES,INFECTIOUS DISEASES(JIF Q3/JCI Q2),ELSEVIER,Elsevier,是,SCIE,混合为主,"订阅路线通常无APC；Gold OA常见 USD 2,200-4,200",中,https://www.elsevier.com/open-access/agreements,https://www.google.com/search?q=Epidemics+aims+scope+instructions+for+authors+APC
732,4-Q3,1,JOURNAL OF AGING AND HEALTH,J AGING HEALTH,0898-2643,1552-6887,2.2,3.3,Q3,21/49,Q2,Q2,0.78,46.8,66.0,4972.0,HEALTH POLICY & SERVICES,HEALTH POLICY & SERVICES(JIF Q3/JCI Q2),SAGE PUBLICATIONS INC,SAGE,否,SSCI,混合为主,"订阅路线通常无APC；SAGE Choice常见 USD 2,000-4,000",中,https://us.sagepub.com/en-us/nam/sage-choice,https://www.google.com/search?q=JOURNAL+OF+AGING+AND+HEALTH+aims+scope+instructions+for+authors+APC
733,4-Q3,1,Journal of Molecular and Cellular Cardiology Plus,J MOL CELL CARD PLUS,,2772-9761,2.2,2.2,Q3,132/237,Q3,Q3,0.49,44.5,66.0,185.0,CARDIAC & CARDIOVASCULAR SYSTEMS,CARDIAC & CARDIOVASCULAR SYSTEMS(JIF Q3/JCI Q3),ELSEVIER,Elsevier,否,ESCI,混合为主,"订阅路线通常无APC；Gold OA常见 USD 2,200-4,200",中,https://www.elsevier.com/open-access/agreements,https://www.google.com/search?q=Journal+of+Molecular+and+Cellular+Cardiology+Plus+aims+scope+instructions+for+authors+APC
734,4-Q3,1,JOURNAL OF CLINICAL BIOCHEMISTRY AND NUTRITION,J CLIN BIOCHEM NUTR,0912-0009,1880-5086,1.9,2.1,Q3,84/114,Q3,Q3,0.39,26.8,66.0,2805.0,NUTRITION & DIETETICS,NUTRITION & DIETETICS(JIF Q3/JCI Q3),JOURNAL CLINICAL BIOCHEMISTRY & NUTRITION,其他,是,SCIE,需核实,请查期刊官网 Author / Open Access 页面,未知,,https://www.google.com/search?q=JOURNAL+OF+CLINICAL+BIOCHEMISTRY+AND+NUTRITION+aims+scope+instructions+for+authors+APC
735,4-Q3,1,Reports of Practical Oncology and Radiotherapy,REP PRACT ONCOL RADI,1507-1367,2083-4640,1.7,1.6,Q3,137/217,Q3,Q3,0.4,37.1,66.0,1736.0,"ONCOLOGY; RADIOLOGY, NUCLEAR MEDICINE & MEDICAL IMAGING","ONCOLOGY(JIF Q4/JCI Q4) | RADIOLOGY, NUCLEAR MEDICINE & MEDICAL IMAGING(JIF Q3/JCI Q3)",VIA MEDICA,其他,否,ESCI,需核实,请查期刊官网 Author / Open Access 页面,未知,,https://www.google.com/search?q=Reports+of+Practical+Oncology+and+Radiotherapy+aims+scope+instructions+for+authors+APC
736,4-Q3,1,JOURNAL OF CLINICAL NEUROPHYSIOLOGY,J CLIN NEUROPHYSIOL,0736-0258,1537-1603,1.8,2.3,Q3,213/296,Q3,Q3,0.49,28.2,65.0,4014.0,CLINICAL NEUROLOGY; NEUROSCIENCES,CLINICAL NEUROLOGY(JIF Q3/JCI Q3) | NEUROSCIENCES(JIF Q4/JCI Q4),LIPPINCOTT WILLIAMS & WILKINS,Wolters Kluwer/LWW,是,SCIE,混合为主,"订阅路线通常无APC；OA常见 USD 2,000-4,000；MEDICINE已拉黑",中,https://wkauthorservices.editage.com/open-access/,https://www.google.com/search?q=JOURNAL+OF+CLINICAL+NEUROPHYSIOLOGY+aims+scope+instructions+for+authors+APC
737,4-Q3,1,Stigma and Health,STIGMA HEALTH,2376-6972,2376-6964,1.7,2.9,Q3,287/443,Q2,Q2,0.71,35.3,65.0,1782.0,"PUBLIC, ENVIRONMENTAL & OCCUPATIONAL HEALTH","PUBLIC, ENVIRONMENTAL & OCCUPATIONAL HEALTH(JIF Q3/JCI Q2)",EDUCATIONAL PUBLISHING FOUNDATION-AMERICAN PSYCHOLOGICAL ASSOC,其他,否,ESCI,需核实,请查期刊官网 Author / Open Access 页面,未知,,https://www.google.com/search?q=Stigma+and+Health+aims+scope+instructions+for+authors+APC
738,4-Q3,1,Jornal Brasileiro de Reproducao Assistida,J BRAS REPROD ASSIST,1517-5693,1518-0557,1.7,2.2,Q3,89/143,Q3,Q3,0.64,38.1,65.0,1517.0,OBSTETRICS & GYNECOLOGY,OBSTETRICS & GYNECOLOGY(JIF Q3/JCI Q3),SOC BRASILEIRA REPRODUCAO ASSISTIDA-SBRA,其他,否,ESCI,需核实,请查期刊官网 Author / Open Access 页面,未知,,https://www.google.com/search?q=Jornal+Brasileiro+de+Reproducao+Assistida+aims+scope+instructions+for+authors+APC
739,4-Q3,1,Enfermeria Intensiva,ENFERM INTENSIV,1130-2399,1578-1291,1.7,1.9,Q3,106/194,Q3,Q3,0.42,45.6,65.0,443.0,CRITICAL CARE MEDICINE; NURSING,CRITICAL CARE MEDICINE(JIF Q3/JCI Q3) | NURSING(JIF Q3/JCI Q4),ELSEVIER SCIENCE INC,Elsevier,否,ESCI,混合为主,"订阅路线通常无APC；Gold OA常见 USD 2,200-4,200",中,https://www.elsevier.com/open-access/agreements,https://www.google.com/search?q=Enfermeria+Intensiva+aims+scope+instructions+for+authors+APC
740,4-Q3,1,Biopreservation and Biobanking,BIOPRESERV BIOBANK,1947-5535,1947-5543,1.7,1.6,Q3,22/33,Q4,Q4,0.35,34.8,65.0,1592.0,CELL BIOLOGY; MEDICAL LABORATORY TECHNOLOGY,CELL BIOLOGY(JIF Q4/JCI Q4) | MEDICAL LABORATORY TECHNOLOGY(JIF Q3/JCI Q4),SAGE PUBLICATIONS INC,SAGE,是,SCIE,混合为主,"订阅路线通常无APC；SAGE Choice常见 USD 2,000-4,000",中,https://us.sagepub.com/en-us/nam/sage-choice,https://www.google.com/search?q=Biopreservation+and+Biobanking+aims+scope+instructions+for+authors+APC
741,4-Q3,1,African Journal of Disability,AFR J DISABIL,2223-9170,2226-7220,1.6,2.2,Q3,142/194,Q3,Q3,0.53,27.1,65.0,926.0,HEALTH CARE SCIENCES & SERVICES,HEALTH CARE SCIENCES & SERVICES(JIF Q3/JCI Q3),AOSIS,其他,否,ESCI,需核实,请查期刊官网 Author / Open Access 页面,未知,,https://www.google.com/search?q=African+Journal+of+Disability+aims+scope+instructions+for+authors+APC
742,4-Q3,1,Surgical Oncology Insight,SURG ONCOL INSIGHT,,2950-2470,1.0,1.0,Q3,233/321,Q4,Q4,0.26,27.6,65.0,120.0,ONCOLOGY; SURGERY,ONCOLOGY(JIF Q4/JCI Q4) | SURGERY(JIF Q3/JCI Q4),ELSEVIER,Elsevier,否,ESCI,混合为主,"订阅路线通常无APC；Gold OA常见 USD 2,200-4,200",中,https://www.elsevier.com/open-access/agreements,https://www.google.com/search?q=Surgical+Oncology+Insight+aims+scope+instructions+for+authors+APC
743,4-Q3,1,REVUE DE MEDECINE INTERNE,REV MED INTERNE,0248-8663,,1.0,0.9,Q3,186/336,Q3,Q3,0.18,44.8,65.0,1217.0,"MEDICINE, GENERAL & INTERNAL","MEDICINE, GENERAL & INTERNAL(JIF Q3/JCI Q3)",ELSEVIER FRANCE-EDITIONS SCIENTIFIQUES MEDICALES ELSEVIER,Elsevier,是,SCIE,混合为主,"订阅路线通常无APC；Gold OA常见 USD 2,200-4,200",中,https://www.elsevier.com/open-access/agreements,https://www.google.com/search?q=REVUE+DE+MEDECINE+INTERNE+aims+scope+instructions+for+authors+APC
744,4-Q3,1,CELL AND TISSUE RESEARCH,CELL TISSUE RES,0302-766X,1432-0878,3.1,3.6,Q3,131/207,Q4,Q4,0.38,37.0,64.0,13202.0,CELL BIOLOGY,CELL BIOLOGY(JIF Q3/JCI Q4),SPRINGER,Springer,是,SCIE,混合为主,"订阅路线通常无APC；选OA约 USD 2,790-4,290",中,https://www.springer.com/gp/open-access,https://www.google.com/search?q=CELL+AND+TISSUE+RESEARCH+aims+scope+instructions+for+authors+APC
745,4-Q3,1,FASEB BioAdvances,FASEB BIOADV,,2573-9832,2.4,2.9,Q3,244/328,Q4,Q4,0.37,25.8,64.0,1006.0,BIOCHEMISTRY & MOLECULAR BIOLOGY; CELL BIOLOGY,BIOCHEMISTRY & MOLECULAR BIOLOGY(JIF Q3/JCI Q4) | CELL BIOLOGY(JIF Q4/JCI Q4),WILEY,Wiley,否,ESCI,混合为主,"订阅路线通常无APC；OnlineOpen常见 USD 3,200-4,700",中,https://authorservices.wiley.com/author-resources/Journal-Authors/open-access/article-publication-charges.html,https://www.google.com/search?q=FASEB+BioAdvances+aims+scope+instructions+for+authors+APC
746,4-Q3,1,European Journal of Medical Genetics,EUR J MED GENET,1769-7212,1878-0849,2.2,2.0,Q3,120/192,Q3,Q3,0.49,37.8,64.0,3654.0,GENETICS & HEREDITY,GENETICS & HEREDITY(JIF Q3/JCI Q3),ELSEVIER,Elsevier,是,SCIE,混合为主,"订阅路线通常无APC；Gold OA常见 USD 2,200-4,200",中,https://www.elsevier.com/open-access/agreements,https://www.google.com/search?q=European+Journal+of+Medical+Genetics+aims+scope+instructions+for+authors+APC
747,4-Q3,1,RADIOLOGIA,RADIOLOGIA-MADRID,0033-8338,1578-178X,1.5,1.4,Q3,151/217,Q4,Q4,0.32,30.6,64.0,755.0,"RADIOLOGY, NUCLEAR MEDICINE & MEDICAL IMAGING","RADIOLOGY, NUCLEAR MEDICINE & MEDICAL IMAGING(JIF Q3/JCI Q4)",ELSEVIER ESPANA,Elsevier,否,ESCI,混合为主,"订阅路线通常无APC；Gold OA常见 USD 2,200-4,200",中,https://www.elsevier.com/open-access/agreements,https://www.google.com/search?q=RADIOLOGIA+aims+scope+instructions+for+authors+APC
748,4-Q3,1,Turkish Journal of Physical Medicine and Rehabilitation,TURK J PH MED REHAB,,2587-1250,1.3,1.6,Q3,121/175,Q3,Q3,0.55,31.1,64.0,987.0,REHABILITATION,REHABILITATION(JIF Q3/JCI Q3),BAYCINAR MEDICAL PUBL-BAYCINAR TIBBI YAYINCILIK,其他,是,SCIE,需核实,请查期刊官网 Author / Open Access 页面,未知,,https://www.google.com/search?q=Turkish+Journal+of+Physical+Medicine+and+Rehabilitation+aims+scope+instructions+for+authors+APC
749,4-Q3,1,Chirurgia,CHIRURGIA-BUCHAREST,1221-9118,1842-368X,1.1,0.9,Q3,227/321,Q3,Q3,0.35,29.4,64.0,840.0,SURGERY,SURGERY(JIF Q3/JCI Q3),EDITURA CELSIUS,其他,否,ESCI,需核实,请查期刊官网 Author / Open Access 页面,未知,,https://www.google.com/search?q=Chirurgia+aims+scope+instructions+for+authors+APC
750,4-Q3,1,Avicenna Journal of Phytomedicine,AVICENNA J PHYTOMEDI,2228-7930,2228-7949,3.0,2.8,Q3,45/72,Q4,Q4,0.45,38.2,63.0,1807.0,"CHEMISTRY, MEDICINAL","CHEMISTRY, MEDICINAL(JIF Q3/JCI Q4)",MASHHAD UNIV MED SCIENCES,其他,否,ESCI,需核实,请查期刊官网 Author / Open Access 页面,未知,,https://www.google.com/search?q=Avicenna+Journal+of+Phytomedicine+aims+scope+instructions+for+authors+APC
751,4-Q3,1,ALCOHOL AND ALCOHOLISM,ALCOHOL ALCOHOLISM,0735-0414,1464-3502,2.3,2.4,Q3,35/61,Q2,Q2,0.76,43.4,63.0,4243.0,SUBSTANCE ABUSE,SUBSTANCE ABUSE(JIF Q3/JCI Q2),OXFORD UNIV PRESS,Oxford UP,是,"SCIE, SSCI",混合为主,订阅路线通常无APC；可选OA，费用因刊而异,中,https://academic.oup.com/pages/open-research/open-access,https://www.google.com/search?q=ALCOHOL+AND+ALCOHOLISM+aims+scope+instructions+for+authors+APC
752,4-Q3,1,Immunotherapy,IMMUNOTHERAPY-UK,1750-743X,1750-7448,2.3,2.3,Q3,135/183,Q4,Q4,0.46,26.5,63.0,3099.0,IMMUNOLOGY,IMMUNOLOGY(JIF Q3/JCI Q4),TAYLOR & FRANCIS LTD,Taylor & Francis,是,SCIE,混合为主,"订阅路线通常无APC；Open Select常见 USD 2,500-3,500",中,https://authorservices.taylorandfrancis.com/publishing-open-access/,https://www.google.com/search?q=Immunotherapy+aims+scope+instructions+for+authors+APC
753,4-Q3,1,Technical Innovations & Patient Support in Radiation Oncology,TECH INNOV PATIENT S,,2405-6324,2.0,,Q3,122/217,Q3,Q3,0.59,44.0,63.0,676.0,"ONCOLOGY; RADIOLOGY, NUCLEAR MEDICINE & MEDICAL IMAGING","ONCOLOGY(JIF Q4/JCI Q3) | RADIOLOGY, NUCLEAR MEDICINE & MEDICAL IMAGING(JIF Q3/JCI Q3)",ELSEVIER,Elsevier,否,ESCI,混合为主,"订阅路线通常无APC；Gold OA常见 USD 2,200-4,200",中,https://www.elsevier.com/open-access/agreements,https://www.google.com/search?q=Technical+Innovations+&+Patient+Support+in+Radiation+Oncology+aims+scope+instructions+for+authors+APC
754,4-Q3,1,EASTERN MEDITERRANEAN HEALTH JOURNAL,E MEDITERR HEALTH J,1020-3397,1687-1634,1.9,2.3,Q3,260/443,Q3,Q3,0.48,41.4,63.0,3394.0,"HEALTH CARE SCIENCES & SERVICES; HEALTH POLICY & SERVICES; PUBLIC, ENVIRONMENTAL & OCCUPATIONAL HEALTH","HEALTH CARE SCIENCES & SERVICES(JIF Q3/JCI Q4) | HEALTH POLICY & SERVICES(JIF Q3/JCI Q4) | PUBLIC, ENVIRONMENTAL & OCCUPATIONAL HEALTH(JIF Q3/JCI Q3)",WHO EASTERN MEDITERRANEAN REGIONAL OFFICE,其他,是,SCIE; SSCI,需核实,请查期刊官网 Author / Open Access 页面,未知,,https://www.google.com/search?q=EASTERN+MEDITERRANEAN+HEALTH+JOURNAL+aims+scope+instructions+for+authors+APC
755,4-Q3,1,Practical Laboratory Medicine,PRACT LAB MED,,2352-5517,1.8,1.9,Q3,20/33,Q3,Q3,0.75,40.9,63.0,772.0,MEDICAL LABORATORY TECHNOLOGY,MEDICAL LABORATORY TECHNOLOGY(JIF Q3/JCI Q3),ELSEVIER,Elsevier,否,ESCI,混合为主,"订阅路线通常无APC；Gold OA常见 USD 2,200-4,200",中,https://www.elsevier.com/open-access/agreements,https://www.google.com/search?q=Practical+Laboratory+Medicine+aims+scope+instructions+for+authors+APC
756,4-Q3,1,Foot & Ankle Specialist,FOOT ANKLE SPEC,1938-6400,1938-7636,1.7,1.6,Q3,82/147,Q2,Q2,0.84,44.6,63.0,1219.0,ORTHOPEDICS,ORTHOPEDICS(JIF Q3/JCI Q2),SAGE PUBLICATIONS INC,SAGE,否,ESCI,混合为主,"订阅路线通常无APC；SAGE Choice常见 USD 2,000-4,000",中,https://us.sagepub.com/en-us/nam/sage-choice,https://www.google.com/search?q=Foot+&+Ankle+Specialist+aims+scope+instructions+for+authors+APC
757,4-Q3,1,INTERNATIONAL JOURNAL OF LAW AND PSYCHIATRY,INT J LAW PSYCHIAT,0160-2527,1873-6386,1.6,1.8,Q3,85/443,Q1,Q1,1.03,27.5,63.0,2264.0,PSYCHIATRY,PSYCHIATRY(JIF Q3/JCI Q1),PERGAMON-ELSEVIER SCIENCE LTD,Elsevier,否,SSCI,混合为主,"订阅路线通常无APC；Gold OA常见 USD 2,200-4,200",中,https://www.elsevier.com/open-access/agreements,https://www.google.com/search?q=INTERNATIONAL+JOURNAL+OF+LAW+AND+PSYCHIATRY+aims+scope+instructions+for+authors+APC
758,4-Q3,1,CIRUGIA ESPANOLA,CIR ESPAN,0009-739X,1578-147X,1.5,1.6,Q3,189/321,Q3,Q3,0.55,41.3,63.0,1209.0,SURGERY,SURGERY(JIF Q3/JCI Q3),ELSEVIER ESPANA SLU,Elsevier,是,SCIE,混合为主,"订阅路线通常无APC；Gold OA常见 USD 2,200-4,200",中,https://www.elsevier.com/open-access/agreements,https://www.google.com/search?q=CIRUGIA+ESPANOLA+aims+scope+instructions+for+authors+APC
759,4-Q3,1,Hematology Transfusion and Cell Therapy,HEMATOL TRANSF CELL,2531-1379,2531-1379,1.5,1.5,Q3,76/103,Q4,Q4,0.31,26.7,63.0,971.0,HEMATOLOGY; ONCOLOGY,HEMATOLOGY(JIF Q3/JCI Q4) | ONCOLOGY(JIF Q4/JCI Q4),ELSEVIER,Elsevier,否,ESCI,混合为主,"订阅路线通常无APC；Gold OA常见 USD 2,200-4,200",中,https://www.elsevier.com/open-access/agreements,https://www.google.com/search?q=Hematology+Transfusion+and+Cell+Therapy+aims+scope+instructions+for+authors+APC
760,4-Q3,1,JA Clinical Reports,JA CLIN REP,2363-9024,2363-9024,1.2,1.0,Q3,46/72,Q3,Q3,0.43,36.8,63.0,555.0,ANESTHESIOLOGY,ANESTHESIOLOGY(JIF Q3/JCI Q3),SPRINGER,Springer,否,ESCI,混合为主,"订阅路线通常无APC；选OA约 USD 2,790-4,290",中,https://www.springer.com/gp/open-access,https://www.google.com/search?q=JA+Clinical+Reports+aims+scope+instructions+for+authors+APC
761,4-Q3,1,Medicina Balear,MED BALEAR,1579-5853,2255-0569,1.1,0.6,Q3,180/336,Q3,Q3,0.21,46.6,63.0,325.0,"MEDICINE, GENERAL & INTERNAL","MEDICINE, GENERAL & INTERNAL(JIF Q3/JCI Q3)",REIAL ACAD MEDICINA ILLES BALEARS,其他,否,ESCI,需核实,请查期刊官网 Author / Open Access 页面,未知,,https://www.google.com/search?q=Medicina+Balear+aims+scope+instructions+for+authors+APC
762,4-Q3,1,Journal of Craniovertebral Junction and Spine,J CRANIOVERTEBRAL JU,0974-8237,0976-9285,1.0,1.5,Q3,48/67,Q3,Q3,0.58,29.1,63.0,843.0,OTORHINOLARYNGOLOGY,OTORHINOLARYNGOLOGY(JIF Q3/JCI Q3),WOLTERS KLUWER MEDKNOW PUBLICATIONS,Wolters Kluwer/LWW,否,ESCI,混合为主,"订阅路线通常无APC；OA常见 USD 2,000-4,000；MEDICINE已拉黑",中,https://wkauthorservices.editage.com/open-access/,https://www.google.com/search?q=Journal+of+Craniovertebral+Junction+and+Spine+aims+scope+instructions+for+authors+APC
763,4-Q3,1,Annals of Gastroenterology,ANN GASTROENTEROL,1108-7471,1792-7463,2.7,2.5,Q3,77/153,Q3,Q3,0.48,50.0,62.0,2981.0,GASTROENTEROLOGY & HEPATOLOGY,GASTROENTEROLOGY & HEPATOLOGY(JIF Q3/JCI Q3),HELLENIC SOC GASTROENTEROLOGY,其他,否,ESCI,需核实,请查期刊官网 Author / Open Access 页面,未知,,https://www.google.com/search?q=Annals+of+Gastroenterology+aims+scope+instructions+for+authors+APC
764,4-Q3,1,EUROPEAN JOURNAL OF CANCER PREVENTION,EUR J CANCER PREV,0959-8278,1473-5709,2.5,2.4,Q3,204/333,Q3,Q3,0.54,38.9,62.0,2804.0,ONCOLOGY,ONCOLOGY(JIF Q3/JCI Q3),LIPPINCOTT WILLIAMS & WILKINS,Wolters Kluwer/LWW,是,SCIE,混合为主,"订阅路线通常无APC；OA常见 USD 2,000-4,000；MEDICINE已拉黑",中,https://wkauthorservices.editage.com/open-access/,https://www.google.com/search?q=EUROPEAN+JOURNAL+OF+CANCER+PREVENTION+aims+scope+instructions+for+authors+APC
765,4-Q3,1,ANIMAL GENETICS,ANIM GENET,0268-9146,1365-2052,2.2,2.4,Q3,29/87,Q3,Q3,0.62,37.8,62.0,4237.0,GENETICS & HEREDITY,GENETICS & HEREDITY(JIF Q3/JCI Q3),WILEY,Wiley,是,SCIE,混合为主,"订阅路线通常无APC；OnlineOpen常见 USD 3,200-4,700",中,https://authorservices.wiley.com/author-resources/Journal-Authors/open-access/article-publication-charges.html,https://www.google.com/search?q=ANIMAL+GENETICS+aims+scope+instructions+for+authors+APC
766,4-Q3,1,Cardiovascular Diagnosis and Therapy,CARDIOVASC DIAGN THE,2223-3652,2223-3660,2.2,2.8,Q3,132/237,Q3,Q3,0.48,44.5,62.0,3174.0,CARDIAC & CARDIOVASCULAR SYSTEMS,CARDIAC & CARDIOVASCULAR SYSTEMS(JIF Q3/JCI Q3),AME PUBLISHING COMPANY,其他,是,SCIE,需核实,请查期刊官网 Author / Open Access 页面,未知,,https://www.google.com/search?q=Cardiovascular+Diagnosis+and+Therapy+aims+scope+instructions+for+authors+APC
767,4-Q3,1,JOURNAL OF CHEMOTHERAPY,J CHEMOTHERAPY,1120-009X,1973-9478,2.1,1.9,Q3,95/141,Q3,Q3,0.53,33.0,62.0,1871.0,INFECTIOUS DISEASES; ONCOLOGY; PHARMACOLOGY & PHARMACY,INFECTIOUS DISEASES(JIF Q3/JCI Q3) | ONCOLOGY(JIF Q3/JCI Q3) | PHARMACOLOGY & PHARMACY(JIF Q3/JCI Q3),TAYLOR & FRANCIS LTD,Taylor & Francis,是,SCIE,混合为主,"订阅路线通常无APC；Open Select常见 USD 2,500-3,500",中,https://authorservices.taylorandfrancis.com/publishing-open-access/,https://www.google.com/search?q=JOURNAL+OF+CHEMOTHERAPY+aims+scope+instructions+for+authors+APC
768,4-Q3,1,Anatolian Journal of Cardiology,ANATOL J CARDIOL,2149-2263,2149-2271,2.1,1.5,Q3,138/237,Q3,Q3,0.43,42.0,62.0,1948.0,CARDIAC & CARDIOVASCULAR SYSTEMS,CARDIAC & CARDIOVASCULAR SYSTEMS(JIF Q3/JCI Q3),KARE PUBL,其他,是,SCIE,需核实,请查期刊官网 Author / Open Access 页面,未知,,https://www.google.com/search?q=Anatolian+Journal+of+Cardiology+aims+scope+instructions+for+authors+APC
769,4-Q3,1,CONNECTIVE TISSUE RESEARCH,CONNECT TISSUE RES,0300-8207,1607-8438,1.9,2.6,Q3,74/147,Q3,Q3,0.62,50.0,62.0,2600.0,CELL BIOLOGY; ORTHOPEDICS,CELL BIOLOGY(JIF Q4/JCI Q3) | ORTHOPEDICS(JIF Q3/JCI Q3),TAYLOR & FRANCIS INC,Taylor & Francis,是,SCIE,混合为主,"订阅路线通常无APC；Open Select常见 USD 2,500-3,500",中,https://authorservices.taylorandfrancis.com/publishing-open-access/,https://www.google.com/search?q=CONNECTIVE+TISSUE+RESEARCH+aims+scope+instructions+for+authors+APC
770,4-Q3,1,Forensic Sciences,FORENSIC SCI-BASEL,,2673-6756,1.5,1.8,Q3,16/24,Q3,Q3,0.75,35.4,62.0,327.0,"MEDICINE, LEGAL","MEDICINE, LEGAL(JIF Q3/JCI Q3)",MDPI,MDPI,否,ESCI,全OA,"约 CHF 1,600-2,900（如 JCM=CHF 2,600）",高,https://www.mdpi.com/about/apc,https://www.google.com/search?q=Forensic+Sciences+aims+scope+instructions+for+authors+APC
771,4-Q3,1,Photobiomodulation Photomedicine and Laser Surgery,PHOTOBIOMOD PHOTOMED,,2578-5478,1.4,2.0,Q3,202/321,Q2,Q2,0.66,37.2,62.0,1301.0,SURGERY,SURGERY(JIF Q3/JCI Q2),SAGE PUBLICATIONS INC,SAGE,是,SCIE,混合为主,"订阅路线通常无APC；SAGE Choice常见 USD 2,000-4,000",中,https://us.sagepub.com/en-us/nam/sage-choice,https://www.google.com/search?q=Photobiomodulation+Photomedicine+and+Laser+Surgery+aims+scope+instructions+for+authors+APC
772,4-Q3,1,International Journal of Reproductive Biomedicine,INT J REPROD BIOMED,2476-4108,2476-3772,1.4,1.9,Q3,106/143,Q3,Q3,0.53,26.2,62.0,1810.0,OBSTETRICS & GYNECOLOGY,OBSTETRICS & GYNECOLOGY(JIF Q3/JCI Q3),SHAHID SADOUGHI UNIV MEDICAL SCIENCES,其他,否,ESCI,需核实,请查期刊官网 Author / Open Access 页面,未知,,https://www.google.com/search?q=International+Journal+of+Reproductive+Biomedicine+aims+scope+instructions+for+authors+APC
773,4-Q3,1,ARO-The Scientific Journal of Koya University,ARO,2307-549X,2410-9355,1.1,1.2,Q3,86/140,Q3,Q3,0.3,38.9,62.0,316.0,MULTIDISCIPLINARY SCIENCES,MULTIDISCIPLINARY SCIENCES(JIF Q3/JCI Q3),KOYA UNIV,其他,否,ESCI,需核实,请查期刊官网 Author / Open Access 页面,未知,,https://www.google.com/search?q=ARO-The+Scientific+Journal+of+Koya+University+aims+scope+instructions+for+authors+APC
774,4-Q3,1,JOURNAL OF BONE AND MINERAL METABOLISM,J BONE MINER METAB,0914-8779,1435-5604,2.9,3.2,Q3,100/191,Q3,Q3,0.55,47.9,61.0,3708.0,"ENDOCRINOLOGY & METABOLISM; MEDICINE, RESEARCH & EXPERIMENTAL","ENDOCRINOLOGY & METABOLISM(JIF Q3/JCI Q3) | MEDICINE, RESEARCH & EXPERIMENTAL(JIF Q3/JCI Q3)",SPRINGER JAPAN KK,Springer,是,SCIE,混合为主,"订阅路线通常无APC；选OA约 USD 2,790-4,290",中,https://www.springer.com/gp/open-access,https://www.google.com/search?q=JOURNAL+OF+BONE+AND+MINERAL+METABOLISM+aims+scope+instructions+for+authors+APC
775,4-Q3,1,BRAIN AND COGNITION,BRAIN COGNITION,0278-2626,1090-2147,2.1,2.6,Q3,54/104,Q3,Q3,0.59,25.6,61.0,6548.0,NEUROSCIENCES,NEUROSCIENCES(JIF Q3/JCI Q3),ACADEMIC PRESS INC ELSEVIER SCIENCE,Elsevier,是,SCIE; SSCI,混合为主,"订阅路线通常无APC；Gold OA常见 USD 2,200-4,200",中,https://www.elsevier.com/open-access/agreements,https://www.google.com/search?q=BRAIN+AND+COGNITION+aims+scope+instructions+for+authors+APC
776,4-Q3,1,THERAPIE,THERAPIE,0040-5957,1958-5578,2.1,2.1,Q3,240/356,Q3,Q3,0.5,32.7,61.0,1408.0,PHARMACOLOGY & PHARMACY,PHARMACOLOGY & PHARMACY(JIF Q3/JCI Q3),ELSEVIER,Elsevier,是,SCIE,混合为主,"订阅路线通常无APC；Gold OA常见 USD 2,200-4,200",中,https://www.elsevier.com/open-access/agreements,https://www.google.com/search?q=THERAPIE+aims+scope+instructions+for+authors+APC
777,4-Q3,1,Current Urology,CURR UROL,1661-7649,1661-7657,2.0,2.0,Q3,72/134,Q3,Q3,0.54,46.6,61.0,791.0,UROLOGY & NEPHROLOGY,UROLOGY & NEPHROLOGY(JIF Q3/JCI Q3),LIPPINCOTT WILLIAMS & WILKINS,Wolters Kluwer/LWW,否,ESCI,混合为主,"订阅路线通常无APC；OA常见 USD 2,000-4,000；MEDICINE已拉黑",中,https://wkauthorservices.editage.com/open-access/,https://www.google.com/search?q=Current+Urology+aims+scope+instructions+for+authors+APC
778,4-Q3,1,Cardiology Journal,CARDIOL J,1897-5593,1898-018X,1.9,2.3,Q3,151/237,Q3,Q3,0.51,36.5,61.0,1919.0,CARDIAC & CARDIOVASCULAR SYSTEMS,CARDIAC & CARDIOVASCULAR SYSTEMS(JIF Q3/JCI Q3),VIA MEDICA,其他,是,SCIE,需核实,请查期刊官网 Author / Open Access 页面,未知,,https://www.google.com/search?q=Cardiology+Journal+aims+scope+instructions+for+authors+APC
779,4-Q3,1,Postepy Dermatologii i Alergologii,POSTEP DERM ALERGOL,1642-395X,2299-0046,1.8,1.9,Q3,61/99,Q3,Q3,0.45,38.9,61.0,2256.0,ALLERGY; DERMATOLOGY,ALLERGY(JIF Q3/JCI Q3) | DERMATOLOGY(JIF Q3/JCI Q3),TERMEDIA PUBLISHING HOUSE LTD,其他,是,SCIE,需核实,请查期刊官网 Author / Open Access 页面,未知,,https://www.google.com/search?q=Postepy+Dermatologii+i+Alergologii+aims+scope+instructions+for+authors+APC
780,4-Q3,1,Psychiatria Polska,PSYCHIATR POL,0033-2674,,1.5,1.6,Q3,219/293,Q4,Q4,0.39,25.4,61.0,1644.0,PSYCHIATRY,PSYCHIATRY(JIF Q3/JCI Q4),WYDAWNICZY POLSKIEGO TOWARZYSTWA,其他,是,SCIE,需核实,请查期刊官网 Author / Open Access 页面,未知,,https://www.google.com/search?q=Psychiatria+Polska+aims+scope+instructions+for+authors+APC
781,4-Q3,1,Makara Journal of Science,MAKARA J SCI,2339-1995,2356-0851,0.9,0.8,Q3,94/140,Q4,Q4,0.15,33.2,61.0,281.0,MULTIDISCIPLINARY SCIENCES,MULTIDISCIPLINARY SCIENCES(JIF Q3/JCI Q4),UNIV INDONESIA,其他,否,ESCI,需核实,请查期刊官网 Author / Open Access 页面,未知,,https://www.google.com/search?q=Makara+Journal+of+Science+aims+scope+instructions+for+authors+APC
782,4-Q3,1,Indian Journal of Gastroenterology,INDIAN J GASTROENTER,0254-8860,0975-0711,2.5,2.2,Q3,85/153,Q3,Q3,0.48,44.8,60.0,2045.0,GASTROENTEROLOGY & HEPATOLOGY,GASTROENTEROLOGY & HEPATOLOGY(JIF Q3/JCI Q3),SPRINGER INDIA,Springer,否,ESCI,混合为主,"订阅路线通常无APC；选OA约 USD 2,790-4,290",中,https://www.springer.com/gp/open-access,https://www.google.com/search?q=Indian+Journal+of+Gastroenterology+aims+scope+instructions+for+authors+APC
783,4-Q3,1,CANADIAN JOURNAL OF MICROBIOLOGY,CAN J MICROBIOL,0008-4166,1480-3275,2.4,2.6,Q3,122/180,Q3,Q3,0.45,32.5,60.0,5837.0,BIOTECHNOLOGY & APPLIED MICROBIOLOGY; MICROBIOLOGY,BIOTECHNOLOGY & APPLIED MICROBIOLOGY(JIF Q3/JCI Q3) | MICROBIOLOGY(JIF Q3/JCI Q4),CANADIAN SCIENCE PUBLISHING,其他,是,SCIE,需核实,请查期刊官网 Author / Open Access 页面,未知,,https://www.google.com/search?q=CANADIAN+JOURNAL+OF+MICROBIOLOGY+aims+scope+instructions+for+authors+APC
784,4-Q3,1,Indian Heart Journal,INDIAN HEART J,0019-4832,2213-3763,2.0,1.8,Q3,143/237,Q3,Q3,0.4,39.9,60.0,2362.0,CARDIAC & CARDIOVASCULAR SYSTEMS,CARDIAC & CARDIOVASCULAR SYSTEMS(JIF Q3/JCI Q3),ELSEVIER,Elsevier,否,ESCI,混合为主,"订阅路线通常无APC；Gold OA常见 USD 2,200-4,200",中,https://www.elsevier.com/open-access/agreements,https://www.google.com/search?q=Indian+Heart+Journal+aims+scope+instructions+for+authors+APC
785,4-Q3,1,PERITONEAL DIALYSIS INTERNATIONAL,PERITON DIALYSIS INT,0896-8608,1718-4304,1.8,2.9,Q3,83/134,Q2,Q2,0.94,38.4,60.0,3225.0,UROLOGY & NEPHROLOGY,UROLOGY & NEPHROLOGY(JIF Q3/JCI Q2),SAGE PUBLICATIONS INC,SAGE,是,SCIE,混合为主,"订阅路线通常无APC；SAGE Choice常见 USD 2,000-4,000",中,https://us.sagepub.com/en-us/nam/sage-choice,https://www.google.com/search?q=PERITONEAL+DIALYSIS+INTERNATIONAL+aims+scope+instructions+for+authors+APC
786,4-Q3,1,CLINICAL HEMORHEOLOGY AND MICROCIRCULATION,CLIN HEMORHEOL MICRO,1386-0291,1875-8622,1.7,1.6,Q3,73/103,Q2,Q2,0.69,29.6,60.0,2662.0,HEMATOLOGY; PERIPHERAL VASCULAR DISEASE,HEMATOLOGY(JIF Q3/JCI Q2) | PERIPHERAL VASCULAR DISEASE(JIF Q3/JCI Q2),SAGE PUBLICATIONS INC,SAGE,是,SCIE,混合为主,"订阅路线通常无APC；SAGE Choice常见 USD 2,000-4,000",中,https://us.sagepub.com/en-us/nam/sage-choice,https://www.google.com/search?q=CLINICAL+HEMORHEOLOGY+AND+MICROCIRCULATION+aims+scope+instructions+for+authors+APC
787,4-Q3,1,International Journal of Circumpolar Health,INT J CIRCUMPOL HEAL,1239-9736,2242-3982,1.7,1.6,Q3,287/443,Q3,Q3,0.55,35.3,60.0,1794.0,"PUBLIC, ENVIRONMENTAL & OCCUPATIONAL HEALTH","PUBLIC, ENVIRONMENTAL & OCCUPATIONAL HEALTH(JIF Q3/JCI Q3)",TAYLOR & FRANCIS LTD,Taylor & Francis,是,"SCIE, SSCI",混合为主,"订阅路线通常无APC；Open Select常见 USD 2,500-3,500",中,https://authorservices.taylorandfrancis.com/publishing-open-access/,https://www.google.com/search?q=International+Journal+of+Circumpolar+Health+aims+scope+instructions+for+authors+APC
788,4-Q3,1,HEALTH EDUCATION RESEARCH,HEALTH EDUC RES,0268-1153,1465-3648,1.6,2.5,Q3,333/760,Q2,Q2,0.69,32.2,60.0,3675.0,"PUBLIC, ENVIRONMENTAL & OCCUPATIONAL HEALTH","PUBLIC, ENVIRONMENTAL & OCCUPATIONAL HEALTH(JIF Q3/JCI Q2)",OXFORD UNIV PRESS,Oxford UP,否,SSCI,混合为主,订阅路线通常无APC；可选OA，费用因刊而异,中,https://academic.oup.com/pages/open-research/open-access,https://www.google.com/search?q=HEALTH+EDUCATION+RESEARCH+aims+scope+instructions+for+authors+APC
789,4-Q3,1,EXPERIMENTAL AND CLINICAL PSYCHOPHARMACOLOGY,EXP CLIN PSYCHOPHARM,1064-1297,1936-2293,1.6,2.5,Q3,11/17,Q2,Q2,0.65,37.8,60.0,2965.0,"PHARMACOLOGY & PHARMACY; PSYCHIATRY; PSYCHOLOGY, CLINICAL","PHARMACOLOGY & PHARMACY(JIF Q4/JCI Q2) | PSYCHIATRY(JIF Q3/JCI Q3) | PSYCHOLOGY, CLINICAL(JIF Q3/JCI Q3)",AMER PSYCHOLOGICAL ASSOC,其他,是,SCIE; SSCI,需核实,请查期刊官网 Author / Open Access 页面,未知,,https://www.google.com/search?q=EXPERIMENTAL+AND+CLINICAL+PSYCHOPHARMACOLOGY+aims+scope+instructions+for+authors+APC
790,4-Q3,1,Jornal Brasileiro de Nefrologia,J BRAS NEFROL,0101-2800,2175-8239,1.6,1.5,Q3,88/134,Q3,Q3,0.43,34.7,60.0,1020.0,UROLOGY & NEPHROLOGY,UROLOGY & NEPHROLOGY(JIF Q3/JCI Q3),SOC BRASILEIRA NEFROLOGIA,其他,否,ESCI,需核实,请查期刊官网 Author / Open Access 页面,未知,,https://www.google.com/search?q=Jornal+Brasileiro+de+Nefrologia+aims+scope+instructions+for+authors+APC
791,4-Q3,1,Parasitologia,PARASITOLOGIA-BASEL,,2673-6772,1.5,1.5,Q3,33/47,Q4,Q4,0.43,30.9,60.0,204.0,PARASITOLOGY,PARASITOLOGY(JIF Q3/JCI Q4),MDPI,MDPI,否,ESCI,全OA,"约 CHF 1,600-2,900（如 JCM=CHF 2,600）",高,https://www.mdpi.com/about/apc,https://www.google.com/search?q=Parasitologia+aims+scope+instructions+for+authors+APC
792,4-Q3,1,Global Health Promotion,GLOB HEALTH PROMOT,1757-9759,1757-9767,1.5,2.0,Q3,325/443,Q4,Q4,0.33,26.7,60.0,1257.0,"PUBLIC, ENVIRONMENTAL & OCCUPATIONAL HEALTH","PUBLIC, ENVIRONMENTAL & OCCUPATIONAL HEALTH(JIF Q3/JCI Q4)",SAGE PUBLICATIONS INC,SAGE,否,SSCI,混合为主,"订阅路线通常无APC；SAGE Choice常见 USD 2,000-4,000",中,https://us.sagepub.com/en-us/nam/sage-choice,https://www.google.com/search?q=Global+Health+Promotion+aims+scope+instructions+for+authors+APC
793,4-Q3,1,Annals of Cardiac Anaesthesia,ANN CARD ANAESTH,0971-9784,0974-5181,1.4,1.4,Q3,42/72,Q3,Q3,0.5,42.4,60.0,2031.0,ANESTHESIOLOGY,ANESTHESIOLOGY(JIF Q3/JCI Q3),WOLTERS KLUWER MEDKNOW PUBLICATIONS,Wolters Kluwer/LWW,否,ESCI,混合为主,"订阅路线通常无APC；OA常见 USD 2,000-4,000；MEDICINE已拉黑",中,https://wkauthorservices.editage.com/open-access/,https://www.google.com/search?q=Annals+of+Cardiac+Anaesthesia+aims+scope+instructions+for+authors+APC
794,4-Q3,1,DISCRETE DYNAMICS IN NATURE AND SOCIETY,DISCRETE DYN NAT SOC,1026-0226,1607-887X,1.4,1.2,Q3,74/140,Q2,Q2,0.44,47.5,60.0,3750.0,MULTIDISCIPLINARY SCIENCES,MULTIDISCIPLINARY SCIENCES(JIF Q3/JCI Q2),WILEY,Wiley,是,SCIE,混合为主,"订阅路线通常无APC；OnlineOpen常见 USD 3,200-4,700",中,https://authorservices.wiley.com/author-resources/Journal-Authors/open-access/article-publication-charges.html,https://www.google.com/search?q=DISCRETE+DYNAMICS+IN+NATURE+AND+SOCIETY+aims+scope+instructions+for+authors+APC
795,4-Q3,1,Clinical Advances in Periodontics,CLIN ADV PERIODONTIC,2573-8046,2163-0097,1.3,1.2,Q3,119/165,Q3,Q3,0.43,28.2,60.0,409.0,"DENTISTRY, ORAL SURGERY & MEDICINE","DENTISTRY, ORAL SURGERY & MEDICINE(JIF Q3/JCI Q3)",WILEY,Wiley,否,ESCI,混合为主,"订阅路线通常无APC；OnlineOpen常见 USD 3,200-4,700",中,https://authorservices.wiley.com/author-resources/Journal-Authors/open-access/article-publication-charges.html,https://www.google.com/search?q=Clinical+Advances+in+Periodontics+aims+scope+instructions+for+authors+APC
796,4-Q3,1,Duzce Medical Journal,DUZCE MED J,,1307-671X,0.5,,Q3,241/336,Q3,Q3,0.11,28.4,60.0,155.0,"MEDICINE, GENERAL & INTERNAL","MEDICINE, GENERAL & INTERNAL(JIF Q3/JCI Q3)","DUZCE UNIV, FAC MEDICINE",其他,否,ESCI,需核实,请查期刊官网 Author / Open Access 页面,未知,,https://www.google.com/search?q=Duzce+Medical+Journal+aims+scope+instructions+for+authors+APC
797,4-Q3,1,Journal of Medical Radiation Sciences,J MED RADIAT SCI,2051-3895,2051-3909,2.1,2.8,Q3,114/217,Q3,Q3,0.49,47.7,59.0,1322.0,"RADIOLOGY, NUCLEAR MEDICINE & MEDICAL IMAGING","RADIOLOGY, NUCLEAR MEDICINE & MEDICAL IMAGING(JIF Q3/JCI Q3)",WILEY,Wiley,否,ESCI,混合为主,"订阅路线通常无APC；OnlineOpen常见 USD 3,200-4,700",中,https://authorservices.wiley.com/author-resources/Journal-Authors/open-access/article-publication-charges.html,https://www.google.com/search?q=Journal+of+Medical+Radiation+Sciences+aims+scope+instructions+for+authors+APC
798,4-Q3,1,NEURAL COMPUTATION,NEURAL COMPUT,0899-7667,1530-888X,2.1,3.0,Q3,144/210,Q4,Q3,0.43,25.6,59.0,23536.0,NEUROSCIENCES,NEUROSCIENCES(JIF Q3/JCI Q4),MIT PRESS,其他,是,SCIE,需核实,请查期刊官网 Author / Open Access 页面,未知,,https://www.google.com/search?q=NEURAL+COMPUTATION+aims+scope+instructions+for+authors+APC
799,4-Q3,1,Statistics in Biopharmaceutical Research,STAT BIOPHARM RES,1946-6315,1946-6315,1.6,1.6,Q3,62/170,Q3,Q2,0.57,26.1,59.0,800.0,MATHEMATICAL & COMPUTATIONAL BIOLOGY,MATHEMATICAL & COMPUTATIONAL BIOLOGY(JIF Q3/JCI Q3),TAYLOR & FRANCIS INC,Taylor & Francis,是,SCIE,混合为主,"订阅路线通常无APC；Open Select常见 USD 2,500-3,500",中,https://authorservices.taylorandfrancis.com/publishing-open-access/,https://www.google.com/search?q=Statistics+in+Biopharmaceutical+Research+aims+scope+instructions+for+authors+APC
800,4-Q3,1,Revista Brasileira de Epidemiologia,REV BRAS EPIDEMIOL,1415-790X,1980-5497,1.6,,Q3,301/443,Q4,Q4,0.4,32.2,59.0,2165.0,"PUBLIC, ENVIRONMENTAL & OCCUPATIONAL HEALTH","PUBLIC, ENVIRONMENTAL & OCCUPATIONAL HEALTH(JIF Q3/JCI Q4)",ABRASCO - Brazilian Association of Collective Health,其他,否,ESCI,需核实,请查期刊官网 Author / Open Access 页面,未知,,https://www.google.com/search?q=Revista+Brasileira+de+Epidemiologia+aims+scope+instructions+for+authors+APC
801,4-Q3,1,PEDIATRICS IN REVIEW,PEDIATR REV,0191-9601,1526-3347,1.5,1.7,Q3,107/190,Q3,Q3,0.61,43.9,59.0,2246.0,PEDIATRICS,PEDIATRICS(JIF Q3/JCI Q3),AMER ACAD PEDIATRICS,其他,否,ESCI,需核实,请查期刊官网 Author / Open Access 页面,未知,,https://www.google.com/search?q=PEDIATRICS+IN+REVIEW+aims+scope+instructions+for+authors+APC
802,4-Q3,1,Frontiers in Child and Adolescent Psychiatry,FRONT CHILD ADOLESC,,2813-4540,1.5,1.5,Q3,219/293,Q4,Q4,0.37,25.4,59.0,232.0,PSYCHIATRY,PSYCHIATRY(JIF Q3/JCI Q4),FRONTIERS MEDIA SA,Frontiers,否,ESCI,全OA,"约 CHF 1,495-3,150（Frontiers in Medicine A类=CHF 3,150）",高,https://www.frontiersin.org/about/fee-policy,https://www.google.com/search?q=Frontiers+in+Child+and+Adolescent+Psychiatry+aims+scope+instructions+for+authors+APC
803,4-Q3,1,ORTHOPEDICS,ORTHOPEDICS,0147-7447,1938-2367,1.3,1.3,Q3,105/147,Q3,Q3,0.52,28.9,59.0,5149.0,ORTHOPEDICS,ORTHOPEDICS(JIF Q3/JCI Q3),SLACK INC,其他,是,SCIE,需核实,请查期刊官网 Author / Open Access 页面,未知,,https://www.google.com/search?q=ORTHOPEDICS+aims+scope+instructions+for+authors+APC
804,4-Q3,1,Journal of International Advanced Otology,J INT ADV OTOL,1308-7649,2148-3817,1.0,1.3,Q3,48/67,Q3,Q3,0.58,29.1,59.0,1144.0,OTORHINOLARYNGOLOGY,OTORHINOLARYNGOLOGY(JIF Q3/JCI Q3),AVES,其他,是,SCIE,需核实,请查期刊官网 Author / Open Access 页面,未知,,https://www.google.com/search?q=Journal+of+International+Advanced+Otology+aims+scope+instructions+for+authors+APC
805,4-Q3,1,Preventive Nutrition and Food Science,PREV NUTR FOOD SCI,2287-1098,2287-8602,2.8,,Q3,64/114,Q3,Q3,0.43,44.3,58.0,1671.0,NUTRITION & DIETETICS,NUTRITION & DIETETICS(JIF Q3/JCI Q3),KOREAN SOC FOOD SCIENCE NUTRITION,其他,否,ESCI,需核实,请查期刊官网 Author / Open Access 页面,未知,,https://www.google.com/search?q=Preventive+Nutrition+and+Food+Science+aims+scope+instructions+for+authors+APC
806,4-Q3,1,INTERNATIONAL REVIEW OF PSYCHIATRY,INT REV PSYCHIATR,0954-0261,1369-1627,2.3,4.2,Q3,159/293,Q3,Q3,0.64,45.9,58.0,5046.0,PSYCHIATRY,PSYCHIATRY(JIF Q3/JCI Q3),TAYLOR & FRANCIS LTD,Taylor & Francis,否,SSCI,混合为主,"订阅路线通常无APC；Open Select常见 USD 2,500-3,500",中,https://authorservices.taylorandfrancis.com/publishing-open-access/,https://www.google.com/search?q=INTERNATIONAL+REVIEW+OF+PSYCHIATRY+aims+scope+instructions+for+authors+APC
807,4-Q3,1,Multiple Sclerosis Journal-Experimental Translational and Clinical,MULT SCLER J-EXP TRA,,2055-2173,2.0,2.4,Q3,188/296,Q3,Q3,0.62,36.7,58.0,1042.0,CLINICAL NEUROLOGY,CLINICAL NEUROLOGY(JIF Q3/JCI Q3),SAGE PUBLICATIONS INC,SAGE,否,ESCI,混合为主,"订阅路线通常无APC；SAGE Choice常见 USD 2,000-4,000",中,https://us.sagepub.com/en-us/nam/sage-choice,https://www.google.com/search?q=Multiple+Sclerosis+Journal-Experimental+Translational+and+Clinical+aims+scope+instructions+for+authors+APC
808,4-Q3,1,Behavioral Sleep Medicine,BEHAV SLEEP MED,1540-2002,1540-2010,2.0,3.3,Q3,181/293,Q3,Q3,0.57,38.4,58.0,2684.0,CLINICAL NEUROLOGY; PSYCHIATRY,CLINICAL NEUROLOGY(JIF Q3/JCI Q3) | PSYCHIATRY(JIF Q3/JCI Q3),"ROUTLEDGE JOURNALS, TAYLOR & FRANCIS LTD",Taylor & Francis,是,SCIE,混合为主,"订阅路线通常无APC；Open Select常见 USD 2,500-3,500",中,https://authorservices.taylorandfrancis.com/publishing-open-access/,https://www.google.com/search?q=Behavioral+Sleep+Medicine+aims+scope+instructions+for+authors+APC
809,4-Q3,1,Hematology Reports,HEMATOL REP,2038-8322,2038-8330,1.9,1.6,Q3,69/103,Q3,Q3,0.33,33.5,58.0,596.0,HEMATOLOGY,HEMATOLOGY(JIF Q3/JCI Q3),MDPI,MDPI,否,ESCI,全OA,"约 CHF 1,600-2,900（如 JCM=CHF 2,600）",高,https://www.mdpi.com/about/apc,https://www.google.com/search?q=Hematology+Reports+aims+scope+instructions+for+authors+APC
810,4-Q3,1,JOURNAL OF NURSING CARE QUALITY,J NURS CARE QUAL,1057-3631,1550-5065,1.7,1.6,Q3,106/194,Q2,Q2,0.74,45.6,58.0,1487.0,NURSING,NURSING(JIF Q3/JCI Q2),LIPPINCOTT WILLIAMS & WILKINS,Wolters Kluwer/LWW,是,"SCIE, SSCI",混合为主,"订阅路线通常无APC；OA常见 USD 2,000-4,000；MEDICINE已拉黑",中,https://wkauthorservices.editage.com/open-access/,https://www.google.com/search?q=JOURNAL+OF+NURSING+CARE+QUALITY+aims+scope+instructions+for+authors+APC
811,4-Q3,1,Innovations-Technology and Techniques in Cardiothoracic and Vascular Surgery,INNOVATIONS,1556-9845,1559-0879,1.7,1.7,Q3,170/321,Q3,Q3,0.53,47.2,58.0,1481.0,SURGERY,SURGERY(JIF Q3/JCI Q3),SAGE PUBLICATIONS INC,SAGE,否,ESCI,混合为主,"订阅路线通常无APC；SAGE Choice常见 USD 2,000-4,000",中,https://us.sagepub.com/en-us/nam/sage-choice,https://www.google.com/search?q=Innovations-Technology+and+Techniques+in+Cardiothoracic+and+Vascular+Surgery+aims+scope+instructions+for+authors+APC
812,4-Q3,1,CLINICS IN SPORTS MEDICINE,CLIN SPORT MED,0278-5919,1556-228X,1.3,2.0,Q3,99/136,Q3,Q3,0.55,27.6,58.0,2768.0,SPORT SCIENCES,SPORT SCIENCES(JIF Q3/JCI Q3),W B SAUNDERS CO-ELSEVIER INC,Elsevier,是,SCIE,混合为主,"订阅路线通常无APC；Gold OA常见 USD 2,200-4,200",中,https://www.elsevier.com/open-access/agreements,https://www.google.com/search?q=CLINICS+IN+SPORTS+MEDICINE+aims+scope+instructions+for+authors+APC
813,4-Q3,1,Anaesthesiologie,ANAESTHESIOLOGIE,2731-6858,2731-6866,1.1,1.7,Q3,49/72,Q3,Q3,0.39,32.6,58.0,1388.0,ANESTHESIOLOGY,ANESTHESIOLOGY(JIF Q3/JCI Q3),SPRINGER HEIDELBERG,Springer,是,SCIE,混合为主,"订阅路线通常无APC；选OA约 USD 2,790-4,290",中,https://www.springer.com/gp/open-access,https://www.google.com/search?q=Anaesthesiologie+aims+scope+instructions+for+authors+APC
814,4-Q3,1,PEDIATRIC ANNALS,PEDIATR ANN,0090-4481,1938-2359,0.9,1.0,Q3,140/190,Q3,Q3,0.43,26.6,58.0,1186.0,PEDIATRICS,PEDIATRICS(JIF Q3/JCI Q3),SLACK INC,其他,是,SCIE,需核实,请查期刊官网 Author / Open Access 页面,未知,,https://www.google.com/search?q=PEDIATRIC+ANNALS+aims+scope+instructions+for+authors+APC
815,4-Q3,1,CYTOMETRY PART A,CYTOM PART A,1552-4922,1552-4930,2.9,3.4,Q3,39/85,Q3,Q3,0.53,33.1,57.0,5303.0,CELL BIOLOGY,CELL BIOLOGY(JIF Q3/JCI Q3),WILEY,Wiley,是,SCIE,混合为主,"订阅路线通常无APC；OnlineOpen常见 USD 3,200-4,700",中,https://authorservices.wiley.com/author-resources/Journal-Authors/open-access/article-publication-charges.html,https://www.google.com/search?q=CYTOMETRY+PART+A+aims+scope+instructions+for+authors+APC
816,4-Q3,1,Oncologie,ONCOLOGIE,1292-3818,1765-2839,2.1,1.7,Q3,236/333,Q4,Q4,0.4,29.3,57.0,541.0,ONCOLOGY,ONCOLOGY(JIF Q3/JCI Q4),WALTER DE GRUYTER GMBH,De Gruyter,是,SCIE,混合/OA,因刊而异,中,https://www.degruyter.com/publishing/publications/openaccess,https://www.google.com/search?q=Oncologie+aims+scope+instructions+for+authors+APC
817,4-Q3,1,DOCUMENTA OPHTHALMOLOGICA,DOC OPHTHALMOL,0012-4486,1573-2622,2.0,2.4,Q3,55/98,Q1,Q1,1.3,44.4,57.0,2105.0,OPHTHALMOLOGY,OPHTHALMOLOGY(JIF Q3/JCI Q1),SPRINGER,Springer,是,SCIE,混合为主,"订阅路线通常无APC；选OA约 USD 2,790-4,290",中,https://www.springer.com/gp/open-access,https://www.google.com/search?q=DOCUMENTA+OPHTHALMOLOGICA+aims+scope+instructions+for+authors+APC
818,4-Q3,1,Acta Cardiologica Sinica,ACTA CARDIOL SIN,1011-6842,1011-6842,1.9,1.7,Q3,151/237,Q3,Q3,0.44,36.5,57.0,1000.0,CARDIAC & CARDIOVASCULAR SYSTEMS,CARDIAC & CARDIOVASCULAR SYSTEMS(JIF Q3/JCI Q3),TAIWAN SOC CARDIOLOGY,其他,是,SCIE,需核实,请查期刊官网 Author / Open Access 页面,未知,,https://www.google.com/search?q=Acta+Cardiologica+Sinica+aims+scope+instructions+for+authors+APC
819,4-Q3,1,JOURNAL OF BIOSCIENCES,J BIOSCIENCES,0250-5991,0973-7138,1.7,2.6,Q3,59/106,Q3,Q3,0.42,44.8,57.0,3752.0,BIOLOGY,BIOLOGY(JIF Q3/JCI Q3),INDIAN ACAD SCIENCES,其他,是,SCIE,需核实,请查期刊官网 Author / Open Access 页面,未知,,https://www.google.com/search?q=JOURNAL+OF+BIOSCIENCES+aims+scope+instructions+for+authors+APC
820,4-Q3,1,Foot and Ankle Clinics,FOOT ANKLE CLIN,1083-7515,1558-1934,1.6,1.8,Q3,89/147,Q3,Q3,0.64,39.8,57.0,1821.0,ORTHOPEDICS,ORTHOPEDICS(JIF Q3/JCI Q3),W B SAUNDERS CO-ELSEVIER INC,Elsevier,是,SCIE,混合为主,"订阅路线通常无APC；Gold OA常见 USD 2,200-4,200",中,https://www.elsevier.com/open-access/agreements,https://www.google.com/search?q=Foot+and+Ankle+Clinics+aims+scope+instructions+for+authors+APC
821,4-Q3,1,JOURNAL OF VECTOR BORNE DISEASES,J VECTOR DIS,0972-9062,0972-9062,1.4,1.4,Q3,20/27,Q4,Q4,0.37,27.8,57.0,1178.0,INFECTIOUS DISEASES; PARASITOLOGY; TROPICAL MEDICINE,INFECTIOUS DISEASES(JIF Q4/JCI Q4) | PARASITOLOGY(JIF Q4/JCI Q4) | TROPICAL MEDICINE(JIF Q3/JCI Q4),WOLTERS KLUWER MEDKNOW PUBLICATIONS,Wolters Kluwer/LWW,是,SCIE,混合为主,"订阅路线通常无APC；OA常见 USD 2,000-4,000；MEDICINE已拉黑",中,https://wkauthorservices.editage.com/open-access/,https://www.google.com/search?q=JOURNAL+OF+VECTOR+BORNE+DISEASES+aims+scope+instructions+for+authors+APC
822,4-Q3,1,Indian Journal of Plastic Surgery,INDIAN J PLAST SURG,0970-0358,1998-376X,1.0,1.2,Q3,233/321,Q3,Q3,0.42,27.6,57.0,1529.0,SURGERY,SURGERY(JIF Q3/JCI Q3),THIEME MEDICAL PUBL INC,Thieme,否,ESCI,混合为主,订阅路线通常无APC；OA另计,中低,https://www.thieme.com/en-us/open-access,https://www.google.com/search?q=Indian+Journal+of+Plastic+Surgery+aims+scope+instructions+for+authors+APC
823,4-Q3,1,Smart Health,SMART HEALTH,2352-6483,2352-6491,3.4,,Q3,30/54,Q4,Q4,0.53,45.4,56.0,959.0,MEDICAL INFORMATICS,MEDICAL INFORMATICS(JIF Q3/JCI Q4),ELSEVIER,Elsevier,否,ESCI,混合为主,"订阅路线通常无APC；Gold OA常见 USD 2,200-4,200",中,https://www.elsevier.com/open-access/agreements,https://www.google.com/search?q=Smart+Health+aims+scope+instructions+for+authors+APC
824,4-Q3,1,INSECT MOLECULAR BIOLOGY,INSECT MOL BIOL,0962-1075,1365-2583,3.3,3.0,Q3,13/110,Q2,Q2,0.89,45.9,56.0,3890.0,BIOCHEMISTRY & MOLECULAR BIOLOGY,BIOCHEMISTRY & MOLECULAR BIOLOGY(JIF Q3/JCI Q2),WILEY,Wiley,是,SCIE,混合为主,"订阅路线通常无APC；OnlineOpen常见 USD 3,200-4,700",中,https://authorservices.wiley.com/author-resources/Journal-Authors/open-access/article-publication-charges.html,https://www.google.com/search?q=INSECT+MOLECULAR+BIOLOGY+aims+scope+instructions+for+authors+APC
825,4-Q3,1,SYSTEMATIC AND APPLIED MICROBIOLOGY,SYST APPL MICROBIOL,0723-2020,1618-0984,3.2,3.2,Q3,95/180,Q1,Q1,0.94,47.5,56.0,4401.0,BIOTECHNOLOGY & APPLIED MICROBIOLOGY; MICROBIOLOGY,BIOTECHNOLOGY & APPLIED MICROBIOLOGY(JIF Q3/JCI Q1) | MICROBIOLOGY(JIF Q3/JCI Q2),ELSEVIER GMBH,Elsevier,是,SCIE,混合为主,"订阅路线通常无APC；Gold OA常见 USD 2,200-4,200",中,https://www.elsevier.com/open-access/agreements,https://www.google.com/search?q=SYSTEMATIC+AND+APPLIED+MICROBIOLOGY+aims+scope+instructions+for+authors+APC
826,4-Q3,1,KOREAN JOURNAL OF PHYSIOLOGY & PHARMACOLOGY,KOREAN J PHYSIOL PHA,1226-4512,2093-3827,2.5,2.3,Q3,48/89,Q2,Q2,0.67,42.6,56.0,1772.0,PHARMACOLOGY & PHARMACY,PHARMACOLOGY & PHARMACY(JIF Q3/JCI Q2),KOREAN JOURNAL OF PHYSIOLOGY & PHARMACOLOGY,其他,是,SCIE,需核实,请查期刊官网 Author / Open Access 页面,未知,,https://www.google.com/search?q=KOREAN+JOURNAL+OF+PHYSIOLOGY+&+PHARMACOLOGY+aims+scope+instructions+for+authors+APC
827,4-Q3,1,JOURNAL OF ECT,J ECT,1095-0680,1533-4112,2.4,2.4,Q3,24/57,Q3,Q3,0.66,48.6,56.0,2113.0,PSYCHIATRY,PSYCHIATRY(JIF Q3/JCI Q3),LIPPINCOTT WILLIAMS & WILKINS,Wolters Kluwer/LWW,是,"SCIE; SCIE, SSCI",混合为主,"订阅路线通常无APC；OA常见 USD 2,000-4,000；MEDICINE已拉黑",中,https://wkauthorservices.editage.com/open-access/,https://www.google.com/search?q=JOURNAL+OF+ECT+aims+scope+instructions+for+authors+APC
828,4-Q3,1,Journal of Clinical Tuberculosis and Other Mycobacterial Diseases,J CLIN TUBER OTH MYC,2405-5794,2405-5794,2.3,2.5,Q3,60/107,Q3,Q3,0.54,44.4,56.0,1165.0,INFECTIOUS DISEASES; MICROBIOLOGY; RESPIRATORY SYSTEM,INFECTIOUS DISEASES(JIF Q3/JCI Q3) | MICROBIOLOGY(JIF Q3/JCI Q3) | RESPIRATORY SYSTEM(JIF Q3/JCI Q3),ELSEVIER,Elsevier,否,ESCI,混合为主,"订阅路线通常无APC；Gold OA常见 USD 2,200-4,200",中,https://www.elsevier.com/open-access/agreements,https://www.google.com/search?q=Journal+of+Clinical+Tuberculosis+and+Other+Mycobacterial+Diseases+aims+scope+instructions+for+authors+APC
829,4-Q3,1,Research in Pharmaceutical Sciences,RES PHARM SCI,1735-5362,1735-9414,2.3,2.6,Q3,53/72,Q3,Q3,0.52,27.1,56.0,2258.0,"CHEMISTRY, MEDICINAL","CHEMISTRY, MEDICINAL(JIF Q3/JCI Q3)",WOLTERS KLUWER MEDKNOW PUBLICATIONS,Wolters Kluwer/LWW,否,ESCI,混合为主,"订阅路线通常无APC；OA常见 USD 2,000-4,000；MEDICINE已拉黑",中,https://wkauthorservices.editage.com/open-access/,https://www.google.com/search?q=Research+in+Pharmaceutical+Sciences+aims+scope+instructions+for+authors+APC
830,4-Q3,1,NEUROBIOLOGY OF LEARNING AND MEMORY,NEUROBIOL LEARN MEM,1074-7427,1095-9564,2.1,2.6,Q3,83/222,Q3,Q2,0.68,25.6,56.0,6415.0,NEUROSCIENCES,NEUROSCIENCES(JIF Q3/JCI Q3),ACADEMIC PRESS INC ELSEVIER SCIENCE,Elsevier,是,SCIE; SSCI,混合为主,"订阅路线通常无APC；Gold OA常见 USD 2,200-4,200",中,https://www.elsevier.com/open-access/agreements,https://www.google.com/search?q=NEUROBIOLOGY+OF+LEARNING+AND+MEMORY+aims+scope+instructions+for+authors+APC
831,4-Q3,1,Journal of Lasers in Medical Sciences,J LASERS MED SCI,2008-9783,2228-6721,1.7,1.9,Q3,137/217,Q3,Q3,0.4,37.1,56.0,1369.0,"RADIOLOGY, NUCLEAR MEDICINE & MEDICAL IMAGING","RADIOLOGY, NUCLEAR MEDICINE & MEDICAL IMAGING(JIF Q3/JCI Q3)","SHAHID BEHESHTI UNIV MEDICAL SCIENCES, FAC MEDICINE",其他,否,ESCI,需核实,请查期刊官网 Author / Open Access 页面,未知,,https://www.google.com/search?q=Journal+of+Lasers+in+Medical+Sciences+aims+scope+instructions+for+authors+APC
832,4-Q3,1,Medical Dosimetry,MED DOSIM,0958-3947,1873-4022,1.7,1.3,Q3,137/217,Q3,Q3,0.4,37.1,56.0,1182.0,"ONCOLOGY; RADIOLOGY, NUCLEAR MEDICINE & MEDICAL IMAGING","ONCOLOGY(JIF Q4/JCI Q4) | RADIOLOGY, NUCLEAR MEDICINE & MEDICAL IMAGING(JIF Q3/JCI Q3)",ELSEVIER SCIENCE INC,Elsevier,是,SCIE,混合为主,"订阅路线通常无APC；Gold OA常见 USD 2,200-4,200",中,https://www.elsevier.com/open-access/agreements,https://www.google.com/search?q=Medical+Dosimetry+aims+scope+instructions+for+authors+APC
833,4-Q3,1,EMERGENCY MEDICINE CLINICS OF NORTH AMERICA,EMERG MED CLIN N AM,0733-8627,1558-0539,1.6,1.9,Q3,28/55,Q2,Q2,0.74,50.0,56.0,1900.0,EMERGENCY MEDICINE,EMERGENCY MEDICINE(JIF Q3/JCI Q2),W B SAUNDERS CO-ELSEVIER INC,Elsevier,是,SCIE,混合为主,"订阅路线通常无APC；Gold OA常见 USD 2,200-4,200",中,https://www.elsevier.com/open-access/agreements,https://www.google.com/search?q=EMERGENCY+MEDICINE+CLINICS+OF+NORTH+AMERICA+aims+scope+instructions+for+authors+APC
834,4-Q3,1,Gaceta Sanitaria,GAC SANIT,0213-9111,1578-1283,1.5,1.7,Q3,325/443,Q4,Q4,0.38,26.7,56.0,2226.0,"HEALTH CARE SCIENCES & SERVICES; HEALTH POLICY & SERVICES; PUBLIC, ENVIRONMENTAL & OCCUPATIONAL HEALTH","HEALTH CARE SCIENCES & SERVICES(JIF Q4/JCI Q4) | HEALTH POLICY & SERVICES(JIF Q4/JCI Q4) | PUBLIC, ENVIRONMENTAL & OCCUPATIONAL HEALTH(JIF Q3/JCI Q4)",ELSEVIER,Elsevier,是,"SCIE; SSCI; SCIE, SSCI",混合为主,"订阅路线通常无APC；Gold OA常见 USD 2,200-4,200",中,https://www.elsevier.com/open-access/agreements,https://www.google.com/search?q=Gaceta+Sanitaria+aims+scope+instructions+for+authors+APC
835,4-Q3,1,Taiwan Journal of Ophthalmology,TAIWAN J OPHTHALMOL,2211-5056,2211-5072,1.4,1.5,Q3,69/98,Q4,Q4,0.43,30.1,56.0,944.0,OPHTHALMOLOGY,OPHTHALMOLOGY(JIF Q3/JCI Q4),WOLTERS KLUWER MEDKNOW PUBLICATIONS,Wolters Kluwer/LWW,否,ESCI,混合为主,"订阅路线通常无APC；OA常见 USD 2,000-4,000；MEDICINE已拉黑",中,https://wkauthorservices.editage.com/open-access/,https://www.google.com/search?q=Taiwan+Journal+of+Ophthalmology+aims+scope+instructions+for+authors+APC
836,4-Q3,1,JOURNAL OF MOTOR BEHAVIOR,J MOTOR BEHAV,0022-2895,1940-1027,1.3,1.6,Q3,99/136,Q3,Q3,0.54,27.6,56.0,2842.0,NEUROSCIENCES; SPORT SCIENCES,NEUROSCIENCES(JIF Q4/JCI Q3) | SPORT SCIENCES(JIF Q3/JCI Q3),"ROUTLEDGE JOURNALS, TAYLOR & FRANCIS LTD",Taylor & Francis,是,SCIE; SSCI,混合为主,"订阅路线通常无APC；Open Select常见 USD 2,500-3,500",中,https://authorservices.taylorandfrancis.com/publishing-open-access/,https://www.google.com/search?q=JOURNAL+OF+MOTOR+BEHAVIOR+aims+scope+instructions+for+authors+APC
837,4-Q3,1,Plastic Surgery,PLAST SURG-CHIR PLAS,2292-5503,2292-5511,1.2,1.4,Q3,219/321,Q3,Q3,0.37,31.9,56.0,811.0,SURGERY,SURGERY(JIF Q3/JCI Q3),SAGE PUBLICATIONS INC,SAGE,是,SCIE,混合为主,"订阅路线通常无APC；SAGE Choice常见 USD 2,000-4,000",中,https://us.sagepub.com/en-us/nam/sage-choice,https://www.google.com/search?q=Plastic+Surgery+aims+scope+instructions+for+authors+APC
838,4-Q3,1,Enfermeria Clinica,ENFERM CLIN,1130-8621,1579-2013,1.1,0.7,Q3,141/194,Q3,Q3,0.48,27.6,56.0,1304.0,NURSING,NURSING(JIF Q3/JCI Q3),ELSEVIER ESPANA SLU,Elsevier,否,ESCI,混合为主,"订阅路线通常无APC；Gold OA常见 USD 2,200-4,200",中,https://www.elsevier.com/open-access/agreements,https://www.google.com/search?q=Enfermeria+Clinica+aims+scope+instructions+for+authors+APC
839,4-Q3,1,Medwave,MEDWAVE,0717-6384,0717-6384,0.8,1.0,Q3,205/336,Q3,Q3,0.19,39.1,56.0,522.0,"MEDICINE, GENERAL & INTERNAL","MEDICINE, GENERAL & INTERNAL(JIF Q3/JCI Q3)",MEDWAVE ESTUDIOS LTD,其他,否,ESCI,需核实,请查期刊官网 Author / Open Access 页面,未知,,https://www.google.com/search?q=Medwave+aims+scope+instructions+for+authors+APC
840,4-Q3,1,NEUROINFORMATICS,NEUROINFORMATICS,1539-2791,1559-0089,2.9,3.0,Q3,107/185,Q3,Q3,0.63,41.7,55.0,2364.0,NEUROSCIENCES,NEUROSCIENCES(JIF Q3/JCI Q3),HUMANA PRESS INC,其他,是,SCIE,需核实,请查期刊官网 Author / Open Access 页面,未知,,https://www.google.com/search?q=NEUROINFORMATICS+aims+scope+instructions+for+authors+APC
841,4-Q3,1,Canadian Journal of Diabetes,CAN J DIABETES,1499-2671,2352-3840,2.7,2.6,Q3,120/198,Q3,Q3,0.56,39.6,55.0,2884.0,ENDOCRINOLOGY & METABOLISM,ENDOCRINOLOGY & METABOLISM(JIF Q3/JCI Q3),ELSEVIER,Elsevier,是,SCIE,混合为主,"订阅路线通常无APC；Gold OA常见 USD 2,200-4,200",中,https://www.elsevier.com/open-access/agreements,https://www.google.com/search?q=Canadian+Journal+of+Diabetes+aims+scope+instructions+for+authors+APC
842,4-Q3,1,BioImpacts,BIOIMPACTS,2228-5652,2228-5660,2.5,2.7,Q3,205/356,Q2,Q2,0.65,42.6,55.0,1555.0,PHARMACOLOGY & PHARMACY,PHARMACOLOGY & PHARMACY(JIF Q3/JCI Q2),TABRIZ UNIV MEDICAL SCIENCES & HEALTH SERVICES,其他,是,SCIE,需核实,请查期刊官网 Author / Open Access 页面,未知,,https://www.google.com/search?q=BioImpacts+aims+scope+instructions+for+authors+APC
843,4-Q3,1,JOURNAL OF CLINICAL DENSITOMETRY,J CLIN DENSITOM,1094-6950,1559-0747,2.5,2.5,Q3,130/198,Q3,Q3,0.47,34.6,55.0,2769.0,ENDOCRINOLOGY & METABOLISM,ENDOCRINOLOGY & METABOLISM(JIF Q3/JCI Q3),ELSEVIER SCIENCE INC,Elsevier,是,SCIE,混合为主,"订阅路线通常无APC；Gold OA常见 USD 2,200-4,200",中,https://www.elsevier.com/open-access/agreements,https://www.google.com/search?q=JOURNAL+OF+CLINICAL+DENSITOMETRY+aims+scope+instructions+for+authors+APC
844,4-Q3,1,Schizophrenia Research-Cognition,SCHIZOPHR RES-COGN,2215-0013,2215-0013,2.4,2.9,Q3,44/104,Q2,Q2,0.74,48.6,55.0,853.0,PSYCHIATRY,PSYCHIATRY(JIF Q3/JCI Q2),ELSEVIER,Elsevier,否,ESCI,混合为主,"订阅路线通常无APC；Gold OA常见 USD 2,200-4,200",中,https://www.elsevier.com/open-access/agreements,https://www.google.com/search?q=Schizophrenia+Research-Cognition+aims+scope+instructions+for+authors+APC
845,4-Q3,1,Endokrynologia Polska,ENDOKRYNOL POL,0423-104X,,2.2,2.3,Q3,145/198,Q4,Q4,0.41,27.0,55.0,1441.0,ENDOCRINOLOGY & METABOLISM,ENDOCRINOLOGY & METABOLISM(JIF Q3/JCI Q4),VIA MEDICA,其他,是,SCIE,需核实,请查期刊官网 Author / Open Access 页面,未知,,https://www.google.com/search?q=Endokrynologia+Polska+aims+scope+instructions+for+authors+APC
846,4-Q3,1,CLINICAL EEG AND NEUROSCIENCE,CLIN EEG NEUROSCI,1550-0594,2169-5202,2.1,2.4,Q3,46/93,Q3,Q3,0.55,42.2,55.0,1722.0,CLINICAL NEUROLOGY; NEUROIMAGING; NEUROSCIENCES; PSYCHIATRY,CLINICAL NEUROLOGY(JIF Q3/JCI Q3) | NEUROIMAGING(JIF Q4/JCI Q4) | NEUROSCIENCES(JIF Q3/JCI Q3) | PSYCHIATRY(JIF Q3/JCI Q3),SAGE PUBLICATIONS INC,SAGE,是,SCIE,混合为主,"订阅路线通常无APC；SAGE Choice常见 USD 2,000-4,000",中,https://us.sagepub.com/en-us/nam/sage-choice,https://www.google.com/search?q=CLINICAL+EEG+AND+NEUROSCIENCE+aims+scope+instructions+for+authors+APC
847,4-Q3,1,Drugs-Real World Outcomes,DRUGS-REAL WOR OUTC,2199-1154,2198-9788,2.0,2.1,Q3,249/356,Q3,Q3,0.56,30.2,55.0,798.0,PHARMACOLOGY & PHARMACY,PHARMACOLOGY & PHARMACY(JIF Q3/JCI Q3),SPRINGERNATURE,Springer Nature,否,ESCI,混合/全OA,"全OA约 USD 2,090-3,490；Nature系更高；Scientific Reports已拉黑",中高,https://www.springernature.com/gp/open-research/journals-books/journals,https://www.google.com/search?q=Drugs-Real+World+Outcomes+aims+scope+instructions+for+authors+APC
848,4-Q3,1,Tremor and Other Hyperkinetic Movements,TREMOR OTHER HYPERK,2160-8288,2160-8288,1.9,2.4,Q3,201/296,Q3,Q3,0.51,32.3,55.0,1323.0,CLINICAL NEUROLOGY,CLINICAL NEUROLOGY(JIF Q3/JCI Q3),UBIQUITY PRESS LTD,其他,否,ESCI,需核实,请查期刊官网 Author / Open Access 页面,未知,,https://www.google.com/search?q=Tremor+and+Other+Hyperkinetic+Movements+aims+scope+instructions+for+authors+APC
849,4-Q3,1,Journal of Integrative and Complementary Medicine,J INTEGR COMPLEMENT,2768-3605,2768-3613,1.9,2.1,Q3,28/48,Q3,Q3,0.42,42.7,55.0,707.0,INTEGRATIVE & COMPLEMENTARY MEDICINE,INTEGRATIVE & COMPLEMENTARY MEDICINE(JIF Q3/JCI Q3),SAGE PUBLICATIONS INC,SAGE,是,SCIE,混合为主,"订阅路线通常无APC；SAGE Choice常见 USD 2,000-4,000",中,https://us.sagepub.com/en-us/nam/sage-choice,https://www.google.com/search?q=Journal+of+Integrative+and+Complementary+Medicine+aims+scope+instructions+for+authors+APC
850,4-Q3,1,Journal of Hip Preservation Surgery,J HIP PRESERV SURG,2054-8397,2054-8397,1.6,1.8,Q3,89/147,Q3,Q3,0.55,39.8,55.0,976.0,ORTHOPEDICS,ORTHOPEDICS(JIF Q3/JCI Q3),OXFORD UNIV PRESS,Oxford UP,是,SCIE,混合为主,订阅路线通常无APC；可选OA，费用因刊而异,中,https://academic.oup.com/pages/open-research/open-access,https://www.google.com/search?q=Journal+of+Hip+Preservation+Surgery+aims+scope+instructions+for+authors+APC
851,4-Q3,1,Psychiatry and Clinical Psychopharmacology,PSYCHIAT CLIN PSYCH,2475-0573,2475-0581,1.6,1.2,Q3,213/293,Q4,Q4,0.26,27.5,55.0,794.0,PHARMACOLOGY & PHARMACY; PSYCHIATRY,PHARMACOLOGY & PHARMACY(JIF Q4/JCI Q4) | PSYCHIATRY(JIF Q3/JCI Q4),AVES,其他,是,SCIE,需核实,请查期刊官网 Author / Open Access 页面,未知,,https://www.google.com/search?q=Psychiatry+and+Clinical+Psychopharmacology+aims+scope+instructions+for+authors+APC
852,4-Q3,1,Journal of Wound Ostomy and Continence Nursing,J WOUND OSTOMY CONT,1071-5754,1528-3976,1.4,1.9,Q3,127/194,Q3,Q3,0.58,34.8,55.0,2415.0,NURSING,NURSING(JIF Q3/JCI Q3),LIPPINCOTT WILLIAMS & WILKINS,Wolters Kluwer/LWW,是,"SCIE, SSCI",混合为主,"订阅路线通常无APC；OA常见 USD 2,000-4,000；MEDICINE已拉黑",中,https://wkauthorservices.editage.com/open-access/,https://www.google.com/search?q=Journal+of+Wound+Ostomy+and+Continence+Nursing+aims+scope+instructions+for+authors+APC
853,4-Q3,1,Continence,CONTINENCE-NETH,,2772-9737,1.3,1.3,Q3,98/134,Q4,Q4,0.33,27.2,55.0,236.0,UROLOGY & NEPHROLOGY,UROLOGY & NEPHROLOGY(JIF Q3/JCI Q4),ELSEVIER,Elsevier,否,ESCI,混合为主,"订阅路线通常无APC；Gold OA常见 USD 2,200-4,200",中,https://www.elsevier.com/open-access/agreements,https://www.google.com/search?q=Continence+aims+scope+instructions+for+authors+APC
854,4-Q3,1,BIOPOLYMERS,BIOPOLYMERS,0006-3525,1097-0282,2.9,2.9,Q3,35/81,Q3,Q3,0.59,37.0,54.0,7420.0,BIOCHEMISTRY & MOLECULAR BIOLOGY,BIOCHEMISTRY & MOLECULAR BIOLOGY(JIF Q3/JCI Q3),WILEY,Wiley,是,SCIE,混合为主,"订阅路线通常无APC；OnlineOpen常见 USD 3,200-4,700",中,https://authorservices.wiley.com/author-resources/Journal-Authors/open-access/article-publication-charges.html,https://www.google.com/search?q=BIOPOLYMERS+aims+scope+instructions+for+authors+APC
855,4-Q3,1,SYMBIOSIS,SYMBIOSIS,0334-5114,1878-7665,2.9,2.7,Q3,101/167,Q3,Q3,0.54,39.8,54.0,2611.0,MICROBIOLOGY,MICROBIOLOGY(JIF Q3/JCI Q3),SPRINGER,Springer,是,SCIE,混合为主,"订阅路线通常无APC；选OA约 USD 2,790-4,290",中,https://www.springer.com/gp/open-access,https://www.google.com/search?q=SYMBIOSIS+aims+scope+instructions+for+authors+APC
856,4-Q3,1,JOURNAL OF PEPTIDE SCIENCE,J PEPT SCI,1075-2617,1099-1387,2.6,2.3,Q3,64/110,Q4,Q3,0.39,31.9,54.0,2555.0,BIOCHEMISTRY & MOLECULAR BIOLOGY,BIOCHEMISTRY & MOLECULAR BIOLOGY(JIF Q3/JCI Q4),WILEY,Wiley,是,SCIE,混合为主,"订阅路线通常无APC；OnlineOpen常见 USD 3,200-4,700",中,https://authorservices.wiley.com/author-resources/Journal-Authors/open-access/article-publication-charges.html,https://www.google.com/search?q=JOURNAL+OF+PEPTIDE+SCIENCE+aims+scope+instructions+for+authors+APC
857,4-Q3,1,DIGESTIVE DISEASES,DIGEST DIS,0257-2753,1421-9875,2.4,2.4,Q3,91/153,Q3,Q3,0.47,40.8,54.0,3064.0,GASTROENTEROLOGY & HEPATOLOGY,GASTROENTEROLOGY & HEPATOLOGY(JIF Q3/JCI Q3),KARGER,Karger,是,SCIE,混合/OA,"因刊而异，常见 USD 2,500-3,800",中,https://karger.com/pages/Open-Access,https://www.google.com/search?q=DIGESTIVE+DISEASES+aims+scope+instructions+for+authors+APC
858,4-Q3,1,Clinical Neurophysiology Practice,CLIN NEUROPHYS PRACT,2467-981X,2467-981X,2.3,2.6,Q3,236/330,Q4,Q4,0.51,28.6,54.0,859.0,NEUROSCIENCES,NEUROSCIENCES(JIF Q3/JCI Q4),ELSEVIER,Elsevier,否,ESCI,混合为主,"订阅路线通常无APC；Gold OA常见 USD 2,200-4,200",中,https://www.elsevier.com/open-access/agreements,https://www.google.com/search?q=Clinical+Neurophysiology+Practice+aims+scope+instructions+for+authors+APC
859,4-Q3,1,World Journal of Oncology,WORLD J ONCOL,1920-4531,1920-454X,2.3,3.2,Q3,223/333,Q3,Q3,0.43,33.2,54.0,1751.0,ONCOLOGY,ONCOLOGY(JIF Q3/JCI Q3),ELMER PRESS INC,其他,否,ESCI,需核实,请查期刊官网 Author / Open Access 页面,未知,,https://www.google.com/search?q=World+Journal+of+Oncology+aims+scope+instructions+for+authors+APC
860,4-Q3,1,ARCHIVES OF SUICIDE RESEARCH,ARCH SUICIDE RES,1381-1118,1543-6136,2.2,3.3,Q3,77/222,Q3,Q2,0.71,43.2,54.0,3287.0,PSYCHIATRY,PSYCHIATRY(JIF Q3/JCI Q3),"ROUTLEDGE JOURNALS, TAYLOR & FRANCIS LTD",Taylor & Francis,否,SSCI,混合为主,"订阅路线通常无APC；Open Select常见 USD 2,500-3,500",中,https://authorservices.taylorandfrancis.com/publishing-open-access/,https://www.google.com/search?q=ARCHIVES+OF+SUICIDE+RESEARCH+aims+scope+instructions+for+authors+APC
861,4-Q3,1,BIOSTATISTICS,BIOSTATISTICS,1465-4644,1468-4357,2.1,2.5,Q3,35/170,Q1,Q1,0.87,44.0,54.0,5462.0,MATHEMATICAL & COMPUTATIONAL BIOLOGY,MATHEMATICAL & COMPUTATIONAL BIOLOGY(JIF Q3/JCI Q1),OXFORD UNIV PRESS,Oxford UP,是,SCIE,混合为主,订阅路线通常无APC；可选OA，费用因刊而异,中,https://academic.oup.com/pages/open-research/open-access,https://www.google.com/search?q=BIOSTATISTICS+aims+scope+instructions+for+authors+APC
862,4-Q3,1,ROFO-FORTSCHRITTE AUF DEM GEBIET DER RONTGENSTRAHLEN UND DER BILDGEBENDEN VERFAHREN,ROFO-FORTSCHR RONTG,1438-9029,1438-9010,2.0,1.9,Q3,122/217,Q3,Q3,0.45,44.0,54.0,1846.0,"RADIOLOGY, NUCLEAR MEDICINE & MEDICAL IMAGING","RADIOLOGY, NUCLEAR MEDICINE & MEDICAL IMAGING(JIF Q3/JCI Q3)",GEORG THIEME VERLAG KG,Thieme,是,SCIE,混合为主,订阅路线通常无APC；OA另计,中低,https://www.thieme.com/en-us/open-access,https://www.google.com/search?q=ROFO-FORTSCHRITTE+AUF+DEM+GEBIET+DER+RONTGENSTRAHLEN+UND+DER+BILDGEBENDEN+VERFAHREN+aims+scope+instructions+for+authors+APC
863,4-Q3,1,PATHOLOGY INTERNATIONAL,PATHOL INT,,1440-1827,1.9,2.6,Q3,53/89,Q2,Q2,0.79,41.0,54.0,2952.0,PATHOLOGY,PATHOLOGY(JIF Q3/JCI Q2),WILEY,Wiley,是,SCIE,混合为主,"订阅路线通常无APC；OnlineOpen常见 USD 3,200-4,700",中,https://authorservices.wiley.com/author-resources/Journal-Authors/open-access/article-publication-charges.html,https://www.google.com/search?q=PATHOLOGY+INTERNATIONAL+aims+scope+instructions+for+authors+APC
864,4-Q3,1,Journal of Orofacial Orthopedics-Fortschritte der Kieferorthopadie,J OROFAC ORTHOP,1434-5293,1615-6714,1.9,2.1,Q3,86/165,Q3,Q3,0.72,48.2,54.0,1670.0,"DENTISTRY, ORAL SURGERY & MEDICINE","DENTISTRY, ORAL SURGERY & MEDICINE(JIF Q3/JCI Q3)",URBAN & VOGEL,其他,是,SCIE,需核实,请查期刊官网 Author / Open Access 页面,未知,,https://www.google.com/search?q=Journal+of+Orofacial+Orthopedics-Fortschritte+der+Kieferorthopadie+aims+scope+instructions+for+authors+APC
865,4-Q3,1,Journal of Parasitology Research,J PARASITOL RES,2090-0023,2090-0031,1.7,2.3,Q3,30/47,Q3,Q3,0.51,37.2,54.0,994.0,PARASITOLOGY,PARASITOLOGY(JIF Q3/JCI Q3),WILEY,Wiley,否,ESCI,混合为主,"订阅路线通常无APC；OnlineOpen常见 USD 3,200-4,700",中,https://authorservices.wiley.com/author-resources/Journal-Authors/open-access/article-publication-charges.html,https://www.google.com/search?q=Journal+of+Parasitology+Research+aims+scope+instructions+for+authors+APC
866,4-Q3,1,Journal of Chiropractic Medicine,J CHIROPR MED,0899-3467,1556-3715,1.4,1.4,Q3,111/175,Q4,Q4,0.42,36.9,54.0,5184.0,REHABILITATION,REHABILITATION(JIF Q3/JCI Q4),ELSEVIER INC,Elsevier,否,ESCI,混合为主,"订阅路线通常无APC；Gold OA常见 USD 2,200-4,200",中,https://www.elsevier.com/open-access/agreements,https://www.google.com/search?q=Journal+of+Chiropractic+Medicine+aims+scope+instructions+for+authors+APC
867,4-Q3,1,PROCEEDINGS OF THE NATIONAL ACADEMY OF SCIENCES INDIA SECTION A-PHYSICAL SCIENCES,P NATL A SCI INDIA A,0369-8203,2250-1762,1.3,1.0,Q3,79/140,Q2,Q2,0.4,43.9,54.0,763.0,MULTIDISCIPLINARY SCIENCES,MULTIDISCIPLINARY SCIENCES(JIF Q3/JCI Q2),NATL ACAD SCIENCES INDIA,其他,是,SCIE,需核实,请查期刊官网 Author / Open Access 页面,未知,,https://www.google.com/search?q=PROCEEDINGS+OF+THE+NATIONAL+ACADEMY+OF+SCIENCES+INDIA+SECTION+A-PHYSICAL+SCIENCES+aims+scope+instructions+for+authors+APC
868,4-Q3,1,Traditional Medicine Research,TRADIT MED RES,2413-3973,2413-3973,1.3,1.3,Q3,34/48,Q3,Q3,0.31,30.2,54.0,451.0,INTEGRATIVE & COMPLEMENTARY MEDICINE,INTEGRATIVE & COMPLEMENTARY MEDICINE(JIF Q3/JCI Q3),TMR PUBLISHING GROUP,其他,否,ESCI,需核实,请查期刊官网 Author / Open Access 页面,未知,,https://www.google.com/search?q=Traditional+Medicine+Research+aims+scope+instructions+for+authors+APC
869,4-Q3,1,European Journal of Therapeutics,EUR J THER-ISTANBUL,2564-7784,2564-7040,0.7,0.5,Q3,215/336,Q3,Q3,0.14,36.2,54.0,267.0,"MEDICINE, GENERAL & INTERNAL","MEDICINE, GENERAL & INTERNAL(JIF Q3/JCI Q3)",Pera Yayincilik Hizmetleri,其他,否,ESCI,需核实,请查期刊官网 Author / Open Access 页面,未知,,https://www.google.com/search?q=European+Journal+of+Therapeutics+aims+scope+instructions+for+authors+APC
870,4-Q3,1,Acta Medica Indonesiana,ACTA MED INDONES,0125-9326,2338-2732,0.6,0.9,Q3,227/336,Q3,Q3,0.15,32.6,54.0,762.0,"MEDICINE, GENERAL & INTERNAL","MEDICINE, GENERAL & INTERNAL(JIF Q3/JCI Q3)","UNIV INDONESIA, FAC MEDICINE",其他,否,ESCI,需核实,请查期刊官网 Author / Open Access 页面,未知,,https://www.google.com/search?q=Acta+Medica+Indonesiana+aims+scope+instructions+for+authors+APC
871,4-Q3,1,JOURNAL OF EUKARYOTIC MICROBIOLOGY,J EUKARYOT MICROBIOL,1066-5234,1550-7408,3.3,2.5,Q3,90/167,Q3,Q3,0.59,46.4,53.0,3205.0,MICROBIOLOGY,MICROBIOLOGY(JIF Q3/JCI Q3),WILEY,Wiley,是,SCIE,混合为主,"订阅路线通常无APC；OnlineOpen常见 USD 3,200-4,700",中,https://authorservices.wiley.com/author-resources/Journal-Authors/open-access/article-publication-charges.html,https://www.google.com/search?q=JOURNAL+OF+EUKARYOTIC+MICROBIOLOGY+aims+scope+instructions+for+authors+APC
872,4-Q3,1,Frontiers in Microbiomes,FRONT MICROBIOMES,,2813-4338,3.0,2.9,Q3,100/167,Q4,Q4,0.44,40.4,53.0,444.0,MICROBIOLOGY,MICROBIOLOGY(JIF Q3/JCI Q4),FRONTIERS MEDIA SA,Frontiers,否,ESCI,全OA,"约 CHF 1,495-3,150（Frontiers in Medicine A类=CHF 3,150）",高,https://www.frontiersin.org/about/fee-policy,https://www.google.com/search?q=Frontiers+in+Microbiomes+aims+scope+instructions+for+authors+APC
873,4-Q3,1,Journal of Medical Artificial Intelligence,J MED ARTIF INTELL,,2617-2496,3.0,,Q3,117/210,Q4,Q4,0.35,36.1,53.0,350.0,MEDICAL INFORMATICS,MEDICAL INFORMATICS(JIF Q3/JCI Q4),AME PUBLISHING COMPANY,其他,否,ESCI,需核实,请查期刊官网 Author / Open Access 页面,未知,,https://www.google.com/search?q=Journal+of+Medical+Artificial+Intelligence+aims+scope+instructions+for+authors+APC
874,4-Q3,1,Future Microbiology,FUTURE MICROBIOL,1746-0913,1746-0921,2.5,2.5,Q3,114/167,Q4,Q4,0.44,32.0,53.0,5373.0,MICROBIOLOGY,MICROBIOLOGY(JIF Q3/JCI Q4),TAYLOR & FRANCIS LTD,Taylor & Francis,是,SCIE,混合为主,"订阅路线通常无APC；Open Select常见 USD 2,500-3,500",中,https://authorservices.taylorandfrancis.com/publishing-open-access/,https://www.google.com/search?q=Future+Microbiology+aims+scope+instructions+for+authors+APC
875,4-Q3,1,CHIRALITY,CHIRALITY,0899-0042,1520-636X,2.4,2.2,Q3,25/58,Q3,Q2,0.56,39.7,53.0,3342.0,"CHEMISTRY, MEDICINAL; PHARMACOLOGY & PHARMACY","CHEMISTRY, MEDICINAL(JIF Q3/JCI Q3) | PHARMACOLOGY & PHARMACY(JIF Q3/JCI Q3)",WILEY,Wiley,是,SCIE,混合为主,"订阅路线通常无APC；OnlineOpen常见 USD 3,200-4,700",中,https://authorservices.wiley.com/author-resources/Journal-Authors/open-access/article-publication-charges.html,https://www.google.com/search?q=CHIRALITY+aims+scope+instructions+for+authors+APC
876,4-Q3,1,Clinical Trials,CLIN TRIALS,1740-7745,1740-7753,2.4,2.8,Q3,117/191,Q3,Q3,0.54,39.0,53.0,3279.0,"MEDICINE, RESEARCH & EXPERIMENTAL","MEDICINE, RESEARCH & EXPERIMENTAL(JIF Q3/JCI Q3)",SAGE PUBLICATIONS LTD,SAGE,是,SCIE,混合为主,"订阅路线通常无APC；SAGE Choice常见 USD 2,000-4,000",中,https://us.sagepub.com/en-us/nam/sage-choice,https://www.google.com/search?q=Clinical+Trials+aims+scope+instructions+for+authors+APC
877,4-Q3,1,Acute and Critical Care,ACUTE CRIT CARE,2586-6052,2586-6060,2.3,2.5,Q3,38/66,Q3,Q3,0.53,43.2,53.0,972.0,CRITICAL CARE MEDICINE,CRITICAL CARE MEDICINE(JIF Q3/JCI Q3),KOREAN SOC CRITICAL CARE MEDICINE,其他,否,ESCI,需核实,请查期刊官网 Author / Open Access 页面,未知,,https://www.google.com/search?q=Acute+and+Critical+Care+aims+scope+instructions+for+authors+APC
878,4-Q3,1,KIDNEY & BLOOD PRESSURE RESEARCH,KIDNEY BLOOD PRESS R,1420-4096,1423-0143,2.1,2.4,Q3,70/134,Q2,Q2,0.63,48.1,53.0,2662.0,PERIPHERAL VASCULAR DISEASE; UROLOGY & NEPHROLOGY,PERIPHERAL VASCULAR DISEASE(JIF Q3/JCI Q2) | UROLOGY & NEPHROLOGY(JIF Q3/JCI Q2),KARGER,Karger,是,SCIE,混合/OA,"因刊而异，常见 USD 2,500-3,800",中,https://karger.com/pages/Open-Access,https://www.google.com/search?q=KIDNEY+&+BLOOD+PRESSURE+RESEARCH+aims+scope+instructions+for+authors+APC
879,4-Q3,1,Journal of the International Association of Providers of AIDS Care,J INT ASSOC PRO AIDS,2325-9574,2325-9582,2.1,2.9,Q3,95/141,Q3,Q3,0.57,33.0,53.0,1068.0,INFECTIOUS DISEASES,INFECTIOUS DISEASES(JIF Q3/JCI Q3),SAGE PUBLICATIONS INC,SAGE,否,ESCI,混合为主,"订阅路线通常无APC；SAGE Choice常见 USD 2,000-4,000",中,https://us.sagepub.com/en-us/nam/sage-choice,https://www.google.com/search?q=Journal+of+the+International+Association+of+Providers+of+AIDS+Care+aims+scope+instructions+for+authors+APC
880,4-Q3,1,Respiratory Medicine and Research,RESPIR MED RES-FRANC,,2590-0412,2.1,2.0,Q3,68/107,Q3,Q3,0.52,36.9,53.0,534.0,RESPIRATORY SYSTEM,RESPIRATORY SYSTEM(JIF Q3/JCI Q3),ELSEVIER,Elsevier,是,SCIE,混合为主,"订阅路线通常无APC；Gold OA常见 USD 2,200-4,200",中,https://www.elsevier.com/open-access/agreements,https://www.google.com/search?q=Respiratory+Medicine+and+Research+aims+scope+instructions+for+authors+APC
881,4-Q3,1,Brazilian Journal of Infectious Diseases,BRAZ J INFECT DIS,1413-8670,1678-4391,2.0,2.2,Q3,100/141,Q3,Q3,0.49,29.4,53.0,2291.0,INFECTIOUS DISEASES,INFECTIOUS DISEASES(JIF Q3/JCI Q3),ELSEVIER BRAZIL,Elsevier,是,SCIE,混合为主,"订阅路线通常无APC；Gold OA常见 USD 2,200-4,200",中,https://www.elsevier.com/open-access/agreements,https://www.google.com/search?q=Brazilian+Journal+of+Infectious+Diseases+aims+scope+instructions+for+authors+APC
882,4-Q3,1,Journal of the Intensive Care Society,J INTENSIVE CARE SOC,1751-1437,1751-1437,1.9,2.1,Q3,43/66,Q3,Q3,0.41,35.6,53.0,1143.0,CRITICAL CARE MEDICINE,CRITICAL CARE MEDICINE(JIF Q3/JCI Q3),SAGE PUBLICATIONS LTD,SAGE,否,ESCI,混合为主,"订阅路线通常无APC；SAGE Choice常见 USD 2,000-4,000",中,https://us.sagepub.com/en-us/nam/sage-choice,https://www.google.com/search?q=Journal+of+the+Intensive+Care+Society+aims+scope+instructions+for+authors+APC
883,4-Q3,1,Current Bioinformatics,CURR BIOINFORM,1574-8936,2212-392X,1.8,1.3,Q3,48/67,Q3,Q3,0.56,29.1,53.0,957.0,MATHEMATICAL & COMPUTATIONAL BIOLOGY,MATHEMATICAL & COMPUTATIONAL BIOLOGY(JIF Q3/JCI Q3),BENTHAM SCIENCE PUBL LTD,其他,是,SCIE,需核实,请查期刊官网 Author / Open Access 页面,未知,,https://www.google.com/search?q=Current+Bioinformatics+aims+scope+instructions+for+authors+APC
884,4-Q3,1,CHILD NEUROPSYCHOLOGY,CHILD NEUROPSYCHOL,0929-7049,1744-4136,1.8,2.3,Q3,213/296,Q3,Q3,0.55,28.2,53.0,2864.0,CLINICAL NEUROLOGY,CLINICAL NEUROLOGY(JIF Q3/JCI Q3),"ROUTLEDGE JOURNALS, TAYLOR & FRANCIS LTD",Taylor & Francis,是,SCIE,混合为主,"订阅路线通常无APC；Open Select常见 USD 2,500-3,500",中,https://authorservices.taylorandfrancis.com/publishing-open-access/,https://www.google.com/search?q=CHILD+NEUROPSYCHOLOGY+aims+scope+instructions+for+authors+APC
885,4-Q3,1,JOURNAL OF INVASIVE CARDIOLOGY,J INVASIVE CARDIOL,1042-3931,1557-2501,1.6,1.3,Q3,159/237,Q4,Q4,0.32,33.1,53.0,1715.0,CARDIAC & CARDIOVASCULAR SYSTEMS,CARDIAC & CARDIOVASCULAR SYSTEMS(JIF Q3/JCI Q4),H M P COMMUNICATIONS,其他,是,SCIE,需核实,请查期刊官网 Author / Open Access 页面,未知,,https://www.google.com/search?q=JOURNAL+OF+INVASIVE+CARDIOLOGY+aims+scope+instructions+for+authors+APC
886,4-Q3,1,Childhood Obesity,CHILD OBES,,2153-2176,1.5,2.2,Q3,107/190,Q3,Q3,0.66,43.9,53.0,1816.0,PEDIATRICS,PEDIATRICS(JIF Q3/JCI Q3),SAGE PUBLICATIONS INC,SAGE,是,SCIE,混合为主,"订阅路线通常无APC；SAGE Choice常见 USD 2,000-4,000",中,https://us.sagepub.com/en-us/nam/sage-choice,https://www.google.com/search?q=Childhood+Obesity+aims+scope+instructions+for+authors+APC
887,4-Q3,1,NURSING CLINICS OF NORTH AMERICA,NURS CLIN N AM,0029-6465,1558-1357,1.3,2.9,Q3,132/194,Q2,Q2,0.82,32.2,53.0,1548.0,NURSING,NURSING(JIF Q3/JCI Q2),W B SAUNDERS CO-ELSEVIER INC,Elsevier,是,"SCIE, SSCI",混合为主,"订阅路线通常无APC；Gold OA常见 USD 2,200-4,200",中,https://www.elsevier.com/open-access/agreements,https://www.google.com/search?q=NURSING+CLINICS+OF+NORTH+AMERICA+aims+scope+instructions+for+authors+APC
888,4-Q3,1,Journal of Health and Allied Sciences NU,J HLTH ALL SCI-INDIA,2582-4287,2582-4953,0.5,0.5,Q3,241/336,Q3,Q3,0.14,28.4,53.0,222.0,"MEDICINE, GENERAL & INTERNAL","MEDICINE, GENERAL & INTERNAL(JIF Q3/JCI Q3)",SCIENTIFIC SCHOLAR LLC,其他,否,ESCI,需核实,请查期刊官网 Author / Open Access 页面,未知,,https://www.google.com/search?q=Journal+of+Health+and+Allied+Sciences+NU+aims+scope+instructions+for+authors+APC
889,4-Q3,1,FREE RADICAL RESEARCH,FREE RADICAL RES,1071-5762,1029-2470,3.1,3.6,Q3,192/328,Q3,Q3,0.56,41.6,52.0,6947.0,BIOCHEMISTRY & MOLECULAR BIOLOGY,BIOCHEMISTRY & MOLECULAR BIOLOGY(JIF Q3/JCI Q3),TAYLOR & FRANCIS LTD,Taylor & Francis,是,SCIE,混合为主,"订阅路线通常无APC；Open Select常见 USD 2,500-3,500",中,https://authorservices.taylorandfrancis.com/publishing-open-access/,https://www.google.com/search?q=FREE+RADICAL+RESEARCH+aims+scope+instructions+for+authors+APC
890,4-Q3,1,Annals of Geriatric Medicine and Research,ANN GERIATR MED RES,2508-4909,2508-4909,2.8,3.8,Q3,44/72,Q3,Q3,0.66,39.6,52.0,1141.0,GERIATRICS & GERONTOLOGY,GERIATRICS & GERONTOLOGY(JIF Q3/JCI Q3),KOREAN GERIATRIC SOC,其他,否,ESCI,需核实,请查期刊官网 Author / Open Access 页面,未知,,https://www.google.com/search?q=Annals+of+Geriatric+Medicine+and+Research+aims+scope+instructions+for+authors+APC
891,4-Q3,1,Medicina Intensiva,MED INTENSIVA,0210-5691,1578-6749,2.5,2.4,Q3,34/66,Q3,Q3,0.51,49.2,52.0,1523.0,CRITICAL CARE MEDICINE,CRITICAL CARE MEDICINE(JIF Q3/JCI Q3),ELSEVIER ESPANA SLU,Elsevier,是,SCIE,混合为主,"订阅路线通常无APC；Gold OA常见 USD 2,200-4,200",中,https://www.elsevier.com/open-access/agreements,https://www.google.com/search?q=Medicina+Intensiva+aims+scope+instructions+for+authors+APC
892,4-Q3,1,Mediterranean Journal of Rheumatology,MEDITERR J RHEUMATOL,2529-198X,2529-198X,2.1,,Q3,34/58,Q3,Q3,0.37,42.2,52.0,841.0,RHEUMATOLOGY,RHEUMATOLOGY(JIF Q3/JCI Q3),GREEK RHEUMATOLOGY SOC & PROFESSIONAL ASSOC RHEUMATOLOGISTS,其他,否,ESCI,需核实,请查期刊官网 Author / Open Access 页面,未知,,https://www.google.com/search?q=Mediterranean+Journal+of+Rheumatology+aims+scope+instructions+for+authors+APC
893,4-Q3,1,OBSTETRICS AND GYNECOLOGY CLINICS OF NORTH AMERICA,OBSTET GYN CLIN N AM,0889-8545,1558-0474,1.9,3.6,Q3,84/143,Q2,Q2,0.92,41.6,52.0,2759.0,OBSTETRICS & GYNECOLOGY,OBSTETRICS & GYNECOLOGY(JIF Q3/JCI Q2),W B SAUNDERS CO-ELSEVIER INC,Elsevier,是,SCIE,混合为主,"订阅路线通常无APC；Gold OA常见 USD 2,200-4,200",中,https://www.elsevier.com/open-access/agreements,https://www.google.com/search?q=OBSTETRICS+AND+GYNECOLOGY+CLINICS+OF+NORTH+AMERICA+aims+scope+instructions+for+authors+APC
894,4-Q3,1,CULTURE MEDICINE AND PSYCHIATRY,CULT MED PSYCHIAT,0165-005X,1573-076X,1.9,2.2,Q3,27/143,Q2,Q2,0.8,44.8,52.0,1611.0,"PSYCHIATRY; SOCIAL SCIENCES, BIOMEDICAL","PSYCHIATRY(JIF Q3/JCI Q2) | SOCIAL SCIENCES, BIOMEDICAL(JIF Q3/JCI Q2)",SPRINGER,Springer,否,SSCI,混合为主,"订阅路线通常无APC；选OA约 USD 2,790-4,290",中,https://www.springer.com/gp/open-access,https://www.google.com/search?q=CULTURE+MEDICINE+AND+PSYCHIATRY+aims+scope+instructions+for+authors+APC
895,4-Q3,1,GENOME,GENOME,0831-2796,1480-3321,1.9,2.2,Q3,140/192,Q4,Q4,0.42,27.3,52.0,3597.0,BIOTECHNOLOGY & APPLIED MICROBIOLOGY; GENETICS & HEREDITY,BIOTECHNOLOGY & APPLIED MICROBIOLOGY(JIF Q4/JCI Q4) | GENETICS & HEREDITY(JIF Q3/JCI Q4),CANADIAN SCIENCE PUBLISHING,其他,是,SCIE,需核实,请查期刊官网 Author / Open Access 页面,未知,,https://www.google.com/search?q=GENOME+aims+scope+instructions+for+authors+APC
896,4-Q3,1,Videosurgery and Other Miniinvasive Techniques,VIDEOSURGERY MINIINV,1895-4588,2299-0054,1.7,1.7,Q3,170/321,Q2,Q2,0.74,47.2,52.0,1052.0,SURGERY,SURGERY(JIF Q3/JCI Q2),MEDYCYNA PRAKTYCZNA SP K SP ZOO,其他,是,SCIE,需核实,请查期刊官网 Author / Open Access 页面,未知,,https://www.google.com/search?q=Videosurgery+and+Other+Miniinvasive+Techniques+aims+scope+instructions+for+authors+APC
897,4-Q3,1,Polish Journal of Radiology,POL J RADIOL,0137-7183,1899-0967,1.6,1.5,Q3,147/217,Q3,Q3,0.41,32.5,52.0,1379.0,"RADIOLOGY, NUCLEAR MEDICINE & MEDICAL IMAGING","RADIOLOGY, NUCLEAR MEDICINE & MEDICAL IMAGING(JIF Q3/JCI Q3)",INT SCIENTIFIC INFORMATION INC,其他,否,ESCI,需核实,请查期刊官网 Author / Open Access 页面,未知,,https://www.google.com/search?q=Polish+Journal+of+Radiology+aims+scope+instructions+for+authors+APC
898,4-Q3,1,Journal of Dance Medicine & Science,J DANCE MED SCI,1089-313X,2374-8060,1.5,1.6,Q3,91/136,Q3,Q3,0.53,33.5,52.0,681.0,SPORT SCIENCES,SPORT SCIENCES(JIF Q3/JCI Q3),SAGE PUBLICATIONS INC,SAGE,否,ESCI,混合为主,"订阅路线通常无APC；SAGE Choice常见 USD 2,000-4,000",中,https://us.sagepub.com/en-us/nam/sage-choice,https://www.google.com/search?q=Journal+of+Dance+Medicine+&+Science+aims+scope+instructions+for+authors+APC
899,4-Q3,1,CHILD AND ADOLESCENT PSYCHIATRIC CLINICS OF NORTH AMERICA,CHILD ADOL PSYCH CL,1056-4993,1558-0490,1.5,3.1,Q3,219/293,Q3,Q3,0.43,25.4,52.0,3074.0,PSYCHIATRY,PSYCHIATRY(JIF Q3/JCI Q3),W B SAUNDERS CO-ELSEVIER INC,Elsevier,否,SSCI,混合为主,"订阅路线通常无APC；Gold OA常见 USD 2,200-4,200",中,https://www.elsevier.com/open-access/agreements,https://www.google.com/search?q=CHILD+AND+ADOLESCENT+PSYCHIATRIC+CLINICS+OF+NORTH+AMERICA+aims+scope+instructions+for+authors+APC
900,4-Q3,1,LANGUAGE AND SPEECH,LANG SPEECH,0023-8309,1756-6053,1.1,1.6,Q3,154/312,Q4,Q3,0.53,27.1,52.0,1965.0,AUDIOLOGY & SPEECH-LANGUAGE PATHOLOGY,AUDIOLOGY & SPEECH-LANGUAGE PATHOLOGY(JIF Q3/JCI Q4),SAGE PUBLICATIONS LTD,SAGE,是,SCIE; SSCI,混合为主,"订阅路线通常无APC；SAGE Choice常见 USD 2,000-4,000",中,https://us.sagepub.com/en-us/nam/sage-choice,https://www.google.com/search?q=LANGUAGE+AND+SPEECH+aims+scope+instructions+for+authors+APC
901,4-Q3,1,Journal of Frailty & Aging,J FRAILTY AGING,2260-1341,2273-4309,3.2,4.1,Q3,37/72,Q2,Q2,0.8,49.3,51.0,1684.0,GERIATRICS & GERONTOLOGY,GERIATRICS & GERONTOLOGY(JIF Q3/JCI Q2),ELSEVIER,Elsevier,否,ESCI,混合为主,"订阅路线通常无APC；Gold OA常见 USD 2,200-4,200",中,https://www.elsevier.com/open-access/agreements,https://www.google.com/search?q=Journal+of+Frailty+&+Aging+aims+scope+instructions+for+authors+APC
902,4-Q3,1,Human Nutrition & Metabolism,HUM NUTR METAB,2666-1497,2666-1497,2.7,,Q3,66/114,Q3,Q3,0.54,42.5,51.0,500.0,ENDOCRINOLOGY & METABOLISM; NUTRITION & DIETETICS,ENDOCRINOLOGY & METABOLISM(JIF Q3/JCI Q3) | NUTRITION & DIETETICS(JIF Q3/JCI Q3),ELSEVIER,Elsevier,否,ESCI,混合为主,"订阅路线通常无APC；Gold OA常见 USD 2,200-4,200",中,https://www.elsevier.com/open-access/agreements,https://www.google.com/search?q=Human+Nutrition+&+Metabolism+aims+scope+instructions+for+authors+APC
903,4-Q3,1,Clinical Medicine Insights-Oncology,CLIN MED INSIGHTS-ON,,1179-5549,2.6,2.4,Q3,196/333,Q4,Q4,0.4,41.3,51.0,1015.0,ONCOLOGY,ONCOLOGY(JIF Q3/JCI Q4),SAGE PUBLICATIONS LTD,SAGE,是,SCIE,混合为主,"订阅路线通常无APC；SAGE Choice常见 USD 2,000-4,000",中,https://us.sagepub.com/en-us/nam/sage-choice,https://www.google.com/search?q=Clinical+Medicine+Insights-Oncology+aims+scope+instructions+for+authors+APC
904,4-Q3,1,Physiological Genomics,PHYSIOL GENOMICS,1094-8341,1531-2267,2.5,2.9,Q3,103/192,Q2,Q2,0.68,46.6,51.0,4323.0,CELL BIOLOGY; GENETICS & HEREDITY,CELL BIOLOGY(JIF Q4/JCI Q2) | GENETICS & HEREDITY(JIF Q3/JCI Q2),AMER PHYSIOLOGICAL SOC,其他,是,SCIE,需核实,请查期刊官网 Author / Open Access 页面,未知,,https://www.google.com/search?q=Physiological+Genomics+aims+scope+instructions+for+authors+APC
905,4-Q3,1,Clinical Obesity,CLIN OBES,1758-8103,1758-8111,2.4,2.6,Q3,135/198,Q3,Q3,0.47,32.1,51.0,1740.0,ENDOCRINOLOGY & METABOLISM,ENDOCRINOLOGY & METABOLISM(JIF Q3/JCI Q3),WILEY,Wiley,否,ESCI,混合为主,"订阅路线通常无APC；OnlineOpen常见 USD 3,200-4,700",中,https://authorservices.wiley.com/author-resources/Journal-Authors/open-access/article-publication-charges.html,https://www.google.com/search?q=Clinical+Obesity+aims+scope+instructions+for+authors+APC
906,4-Q3,1,HORMONE AND METABOLIC RESEARCH,HORM METAB RES,0018-5043,1439-4286,2.3,2.3,Q3,142/198,Q3,Q3,0.46,28.5,51.0,4471.0,ENDOCRINOLOGY & METABOLISM,ENDOCRINOLOGY & METABOLISM(JIF Q3/JCI Q3),GEORG THIEME VERLAG KG,Thieme,是,SCIE,混合为主,订阅路线通常无APC；OA另计,中低,https://www.thieme.com/en-us/open-access,https://www.google.com/search?q=HORMONE+AND+METABOLIC+RESEARCH+aims+scope+instructions+for+authors+APC
907,4-Q3,1,Journal of the Egyptian National Cancer Institute,J EGYPT NATL CANCER,1110-0362,2589-0409,2.2,2.4,Q3,228/333,Q4,Q4,0.4,31.7,51.0,899.0,ONCOLOGY,ONCOLOGY(JIF Q3/JCI Q4),SPRINGER,Springer,否,ESCI,混合为主,"订阅路线通常无APC；选OA约 USD 2,790-4,290",中,https://www.springer.com/gp/open-access,https://www.google.com/search?q=Journal+of+the+Egyptian+National+Cancer+Institute+aims+scope+instructions+for+authors+APC
908,4-Q3,1,Familial Cancer,FAM CANCER,1389-9600,1573-7292,2.1,2.1,Q3,125/192,Q3,Q3,0.43,35.2,51.0,1780.0,GENETICS & HEREDITY; ONCOLOGY,GENETICS & HEREDITY(JIF Q3/JCI Q3) | ONCOLOGY(JIF Q3/JCI Q3),SPRINGER,Springer,是,SCIE,混合为主,"订阅路线通常无APC；选OA约 USD 2,790-4,290",中,https://www.springer.com/gp/open-access,https://www.google.com/search?q=Familial+Cancer+aims+scope+instructions+for+authors+APC
909,4-Q3,1,JOURNAL OF ENVIRONMENTAL SCIENCE AND HEALTH PART B-PESTICIDES FOOD CONTAMINANTS AND AGRICULTURAL WASTES,J ENVIRON SCI HEAL B,0360-1234,1532-4109,2.0,1.9,Q3,246/443,Q3,Q3,0.53,44.6,51.0,3081.0,"PUBLIC, ENVIRONMENTAL & OCCUPATIONAL HEALTH","PUBLIC, ENVIRONMENTAL & OCCUPATIONAL HEALTH(JIF Q3/JCI Q3)",TAYLOR & FRANCIS INC,Taylor & Francis,是,SCIE,混合为主,"订阅路线通常无APC；Open Select常见 USD 2,500-3,500",中,https://authorservices.taylorandfrancis.com/publishing-open-access/,https://www.google.com/search?q=JOURNAL+OF+ENVIRONMENTAL+SCIENCE+AND+HEALTH+PART+B-PESTICIDES+FOOD+CONTAMINANTS+AND+AGRICULTURAL+WASTES+aims+scope+instructions+for+authors+APC
910,4-Q3,1,Postepy w Kardiologii Interwencyjnej,POSTEP KARDIOL INTER,1734-9338,1897-4295,2.0,1.5,Q3,143/237,Q3,Q3,0.37,39.9,51.0,594.0,CARDIAC & CARDIOVASCULAR SYSTEMS,CARDIAC & CARDIOVASCULAR SYSTEMS(JIF Q3/JCI Q3),TERMEDIA PUBLISHING HOUSE LTD,其他,是,SCIE,需核实,请查期刊官网 Author / Open Access 页面,未知,,https://www.google.com/search?q=Postepy+w+Kardiologii+Interwencyjnej+aims+scope+instructions+for+authors+APC
911,4-Q3,1,CLINICS IN LABORATORY MEDICINE,CLIN LAB MED,0272-2712,1557-9832,1.9,2.0,Q3,18/33,Q2,Q2,0.83,47.0,51.0,1832.0,MEDICAL LABORATORY TECHNOLOGY,MEDICAL LABORATORY TECHNOLOGY(JIF Q3/JCI Q2),W B SAUNDERS CO-ELSEVIER INC,Elsevier,是,SCIE,混合为主,"订阅路线通常无APC；Gold OA常见 USD 2,200-4,200",中,https://www.elsevier.com/open-access/agreements,https://www.google.com/search?q=CLINICS+IN+LABORATORY+MEDICINE+aims+scope+instructions+for+authors+APC
912,4-Q3,1,TURKISH JOURNAL OF BIOLOGY,TURK J BIOL,1300-0152,1303-6092,1.7,1.8,Q3,59/106,Q3,Q3,0.35,44.8,51.0,1522.0,BIOLOGY,BIOLOGY(JIF Q3/JCI Q3),Tubitak Scientific & Technological Research Council Turkey,其他,是,SCIE,需核实,请查期刊官网 Author / Open Access 页面,未知,,https://www.google.com/search?q=TURKISH+JOURNAL+OF+BIOLOGY+aims+scope+instructions+for+authors+APC
913,4-Q3,1,PHYSICIAN AND SPORTSMEDICINE,PHYSICIAN SPORTSMED,0091-3847,2326-3660,1.6,2.4,Q3,89/147,Q3,Q3,0.71,39.8,51.0,2510.0,ORTHOPEDICS; PRIMARY HEALTH CARE; SPORT SCIENCES,ORTHOPEDICS(JIF Q3/JCI Q3) | PRIMARY HEALTH CARE(JIF Q3/JCI Q4) | SPORT SCIENCES(JIF Q3/JCI Q3),TAYLOR & FRANCIS LTD,Taylor & Francis,是,SCIE,混合为主,"订阅路线通常无APC；Open Select常见 USD 2,500-3,500",中,https://authorservices.taylorandfrancis.com/publishing-open-access/,https://www.google.com/search?q=PHYSICIAN+AND+SPORTSMEDICINE+aims+scope+instructions+for+authors+APC
914,4-Q3,1,ALZHEIMER DISEASE & ASSOCIATED DISORDERS,ALZ DIS ASSOC DIS,0893-0341,1546-4156,1.6,1.8,Q3,57/89,Q3,Q3,0.53,36.5,51.0,4117.0,CLINICAL NEUROLOGY; PATHOLOGY,CLINICAL NEUROLOGY(JIF Q4/JCI Q3) | PATHOLOGY(JIF Q3/JCI Q3),LIPPINCOTT WILLIAMS & WILKINS,Wolters Kluwer/LWW,是,SCIE,混合为主,"订阅路线通常无APC；OA常见 USD 2,000-4,000；MEDICINE已拉黑",中,https://wkauthorservices.editage.com/open-access/,https://www.google.com/search?q=ALZHEIMER+DISEASE+&+ASSOCIATED+DISORDERS+aims+scope+instructions+for+authors+APC
915,4-Q3,1,World Medical & Health Policy,WORLD MED HEALTH POL,1948-4682,1948-4682,1.6,2.1,Q3,301/443,Q4,Q4,0.38,32.2,51.0,610.0,"PUBLIC, ENVIRONMENTAL & OCCUPATIONAL HEALTH","PUBLIC, ENVIRONMENTAL & OCCUPATIONAL HEALTH(JIF Q3/JCI Q4)",WILEY,Wiley,否,ESCI,混合为主,"订阅路线通常无APC；OnlineOpen常见 USD 3,200-4,700",中,https://authorservices.wiley.com/author-resources/Journal-Authors/open-access/article-publication-charges.html,https://www.google.com/search?q=World+Medical+&+Health+Policy+aims+scope+instructions+for+authors+APC
916,4-Q3,1,Oral and Maxillofacial Surgery Clinics of North America,ORAL MAXIL SURG CLIN,1042-3699,1558-1365,1.3,1.9,Q3,119/165,Q3,Q3,0.52,28.2,51.0,1837.0,"DENTISTRY, ORAL SURGERY & MEDICINE","DENTISTRY, ORAL SURGERY & MEDICINE(JIF Q3/JCI Q3)",W B SAUNDERS CO-ELSEVIER INC,Elsevier,是,SCIE,混合为主,"订阅路线通常无APC；Gold OA常见 USD 2,200-4,200",中,https://www.elsevier.com/open-access/agreements,https://www.google.com/search?q=Oral+and+Maxillofacial+Surgery+Clinics+of+North+America+aims+scope+instructions+for+authors+APC
917,4-Q3,1,LEPROSY REVIEW,LEPROSY REV,0305-7518,2162-8807,1.3,1.0,Q3,71/99,Q4,Q4,0.32,28.8,51.0,841.0,DERMATOLOGY; INFECTIOUS DISEASES; PATHOLOGY; TROPICAL MEDICINE,DERMATOLOGY(JIF Q3/JCI Q4) | INFECTIOUS DISEASES(JIF Q4/JCI Q4) | PATHOLOGY(JIF Q3/JCI Q4) | TROPICAL MEDICINE(JIF Q4/JCI Q4),LEPRA,其他,是,SCIE,需核实,请查期刊官网 Author / Open Access 页面,未知,,https://www.google.com/search?q=LEPROSY+REVIEW+aims+scope+instructions+for+authors+APC
918,4-Q3,1,Critical Care Nursing Clinics of North America,CRIT CARE NURS CLIN,0899-5885,1558-3481,1.2,2.0,Q3,136/194,Q3,Q3,0.66,30.2,51.0,1087.0,NURSING,NURSING(JIF Q3/JCI Q3),W B SAUNDERS CO-ELSEVIER INC,Elsevier,是,"SCIE, SSCI",混合为主,"订阅路线通常无APC；Gold OA常见 USD 2,200-4,200",中,https://www.elsevier.com/open-access/agreements,https://www.google.com/search?q=Critical+Care+Nursing+Clinics+of+North+America+aims+scope+instructions+for+authors+APC
919,4-Q3,1,Journal of the Korean Medical Association,J KOREAN MED ASSOC,1975-8456,2093-5951,0.5,0.4,Q3,241/336,Q3,Q3,0.11,28.4,51.0,644.0,"MEDICINE, GENERAL & INTERNAL","MEDICINE, GENERAL & INTERNAL(JIF Q3/JCI Q3)",KOREAN MEDICAL ASSOC,其他,否,ESCI,需核实,请查期刊官网 Author / Open Access 页面,未知,,https://www.google.com/search?q=Journal+of+the+Korean+Medical+Association+aims+scope+instructions+for+authors+APC
920,4-Q3,1,Phytobiomes Journal,PHYTOBIOMES J,,2471-2906,2.8,3.6,Q3,103/285,Q2,Q2,0.78,37.4,50.0,1111.0,MICROBIOLOGY,MICROBIOLOGY(JIF Q3/JCI Q2),AMER PHYTOPATHOLOGICAL SOC,其他,是,SCIE,需核实,请查期刊官网 Author / Open Access 页面,未知,,https://www.google.com/search?q=Phytobiomes+Journal+aims+scope+instructions+for+authors+APC
921,4-Q3,1,Clinical Colorectal Cancer,CLIN COLORECTAL CANC,1533-0028,1938-0674,2.7,3.0,Q3,185/333,Q3,Q3,0.57,44.6,50.0,2344.0,ONCOLOGY,ONCOLOGY(JIF Q3/JCI Q3),"CIG MEDIA GROUP, LP",其他,是,SCIE,需核实,请查期刊官网 Author / Open Access 页面,未知,,https://www.google.com/search?q=Clinical+Colorectal+Cancer+aims+scope+instructions+for+authors+APC
922,4-Q3,1,Zoonoses and Public Health,ZOONOSES PUBLIC HLTH,1863-1959,1863-2378,2.6,2.7,Q3,33/170,Q2,Q2,0.89,50.0,50.0,3290.0,INFECTIOUS DISEASES,INFECTIOUS DISEASES(JIF Q3/JCI Q2),WILEY,Wiley,是,SCIE,混合为主,"订阅路线通常无APC；OnlineOpen常见 USD 3,200-4,700",中,https://authorservices.wiley.com/author-resources/Journal-Authors/open-access/article-publication-charges.html,https://www.google.com/search?q=Zoonoses+and+Public+Health+aims+scope+instructions+for+authors+APC
923,4-Q3,1,AMERICAN JOURNAL ON ADDICTIONS,AM J ADDICTION,1055-0496,1521-0391,2.2,2.7,Q3,37/61,Q3,Q3,0.71,40.2,50.0,2856.0,SUBSTANCE ABUSE,SUBSTANCE ABUSE(JIF Q3/JCI Q3),WILEY,Wiley,否,SSCI,混合为主,"订阅路线通常无APC；OnlineOpen常见 USD 3,200-4,700",中,https://authorservices.wiley.com/author-resources/Journal-Authors/open-access/article-publication-charges.html,https://www.google.com/search?q=AMERICAN+JOURNAL+ON+ADDICTIONS+aims+scope+instructions+for+authors+APC
924,4-Q3,1,Toxicologie Analytique et Clinique,TOXICOL ANAL CLIN,2352-0078,2352-0086,2.2,1.5,Q3,79/106,Q4,Q4,0.32,25.9,50.0,442.0,TOXICOLOGY,TOXICOLOGY(JIF Q3/JCI Q4),ELSEVIER MASSON SAS EDITEUR,Elsevier,否,ESCI,混合为主,"订阅路线通常无APC；Gold OA常见 USD 2,200-4,200",中,https://www.elsevier.com/open-access/agreements,https://www.google.com/search?q=Toxicologie+Analytique+et+Clinique+aims+scope+instructions+for+authors+APC
925,4-Q3,1,NEFROLOGIA,NEFROLOGIA,0211-6995,1989-2284,2.1,2.4,Q3,70/134,Q3,Q3,0.58,48.1,50.0,1931.0,UROLOGY & NEPHROLOGY,UROLOGY & NEPHROLOGY(JIF Q3/JCI Q3),SOC ESPANOLA NEFROLOGIA DR RAFAEL MATESANZ,其他,是,SCIE,需核实,请查期刊官网 Author / Open Access 页面,未知,,https://www.google.com/search?q=NEFROLOGIA+aims+scope+instructions+for+authors+APC
926,4-Q3,1,Asian Bioethics Review,ASIAN BIOETHICS REV,1793-8759,1793-9453,1.8,2.0,Q3,30/78,Q3,Q3,0.61,43.2,50.0,545.0,MEDICAL ETHICS,MEDICAL ETHICS(JIF Q3/JCI Q3),SPRINGER,Springer,否,ESCI,混合为主,"订阅路线通常无APC；选OA约 USD 2,790-4,290",中,https://www.springer.com/gp/open-access,https://www.google.com/search?q=Asian+Bioethics+Review+aims+scope+instructions+for+authors+APC
927,4-Q3,1,Microbial Drug Resistance,MICROB DRUG RESIST,1076-6294,1931-8448,1.8,2.1,Q3,258/356,Q3,Q3,0.51,27.7,50.0,3732.0,INFECTIOUS DISEASES; MICROBIOLOGY; PHARMACOLOGY & PHARMACY,INFECTIOUS DISEASES(JIF Q3/JCI Q3) | MICROBIOLOGY(JIF Q4/JCI Q3) | PHARMACOLOGY & PHARMACY(JIF Q3/JCI Q3),SAGE PUBLICATIONS INC,SAGE,是,SCIE,混合为主,"订阅路线通常无APC；SAGE Choice常见 USD 2,000-4,000",中,https://us.sagepub.com/en-us/nam/sage-choice,https://www.google.com/search?q=Microbial+Drug+Resistance+aims+scope+instructions+for+authors+APC
928,4-Q3,1,SARCOIDOSIS VASCULITIS AND DIFFUSE LUNG DISEASES,SARCOIDOSIS VASC DIF,1124-0490,,1.8,1.7,Q3,77/107,Q4,Q4,0.36,28.5,50.0,1288.0,RESPIRATORY SYSTEM,RESPIRATORY SYSTEM(JIF Q3/JCI Q4),MATTIOLI 1885,其他,是,SCIE,需核实,请查期刊官网 Author / Open Access 页面,未知,,https://www.google.com/search?q=SARCOIDOSIS+VASCULITIS+AND+DIFFUSE+LUNG+DISEASES+aims+scope+instructions+for+authors+APC
929,4-Q3,1,Science of Diabetes Self-Management and Care,SCI DIABETES SELF-MA,2635-0106,2635-0114,1.7,2.6,Q3,287/443,Q3,Q3,0.51,35.3,50.0,408.0,"ENDOCRINOLOGY & METABOLISM; PUBLIC, ENVIRONMENTAL & OCCUPATIONAL HEALTH","ENDOCRINOLOGY & METABOLISM(JIF Q4/JCI Q3) | PUBLIC, ENVIRONMENTAL & OCCUPATIONAL HEALTH(JIF Q3/JCI Q3)",SAGE PUBLICATIONS INC,SAGE,是,SCIE; SSCI,混合为主,"订阅路线通常无APC；SAGE Choice常见 USD 2,000-4,000",中,https://us.sagepub.com/en-us/nam/sage-choice,https://www.google.com/search?q=Science+of+Diabetes+Self-Management+and+Care+aims+scope+instructions+for+authors+APC
930,4-Q3,1,INDUSTRIAL HEALTH,IND HEALTH,0019-8366,1880-8026,1.6,2.1,Q3,301/443,Q3,Q3,0.45,32.2,50.0,2653.0,"PUBLIC, ENVIRONMENTAL & OCCUPATIONAL HEALTH; TOXICOLOGY","PUBLIC, ENVIRONMENTAL & OCCUPATIONAL HEALTH(JIF Q3/JCI Q3) | TOXICOLOGY(JIF Q4/JCI Q4)","NATL INST OCCUPATIONAL SAFETY & HEALTH, JAPAN",其他,是,SCIE,需核实,请查期刊官网 Author / Open Access 页面,未知,,https://www.google.com/search?q=INDUSTRIAL+HEALTH+aims+scope+instructions+for+authors+APC
931,4-Q3,1,African Journal of Emergency Medicine,AFR J EMERG MED,2211-419X,2211-4203,1.3,1.6,Q3,34/55,Q3,Q3,0.61,39.1,50.0,1157.0,EMERGENCY MEDICINE,EMERGENCY MEDICINE(JIF Q3/JCI Q3),ELSEVIER,Elsevier,是,SCIE,混合为主,"订阅路线通常无APC；Gold OA常见 USD 2,200-4,200",中,https://www.elsevier.com/open-access/agreements,https://www.google.com/search?q=African+Journal+of+Emergency+Medicine+aims+scope+instructions+for+authors+APC
932,4-Q3,1,Annals of Thoracic and Cardiovascular Surgery,ANN THORAC CARDIOVAS,1341-1098,2186-1005,1.3,1.4,Q3,210/321,Q3,Q3,0.44,34.7,50.0,1169.0,CARDIAC & CARDIOVASCULAR SYSTEMS; SURGERY,CARDIAC & CARDIOVASCULAR SYSTEMS(JIF Q4/JCI Q3) | SURGERY(JIF Q3/JCI Q3),Annals Thoracic and Cardiovascular Surgery Editorial Office,其他,是,SCIE,需核实,请查期刊官网 Author / Open Access 页面,未知,,https://www.google.com/search?q=Annals+of+Thoracic+and+Cardiovascular+Surgery+aims+scope+instructions+for+authors+APC
933,4-Q3,1,JOURNAL OF TROPICAL PEDIATRICS,J TROP PEDIATRICS,0142-6338,1465-3664,1.1,1.4,Q3,131/190,Q3,Q3,0.46,31.3,50.0,2192.0,PEDIATRICS; TROPICAL MEDICINE,PEDIATRICS(JIF Q3/JCI Q3) | TROPICAL MEDICINE(JIF Q4/JCI Q3),OXFORD UNIV PRESS,Oxford UP,是,SCIE,混合为主,订阅路线通常无APC；可选OA，费用因刊而异,中,https://academic.oup.com/pages/open-research/open-access,https://www.google.com/search?q=JOURNAL+OF+TROPICAL+PEDIATRICS+aims+scope+instructions+for+authors+APC
934,4-Q3,0,IMMUNOLOGY AND CELL BIOLOGY,IMMUNOL CELL BIOL,0818-9641,1440-1711,3.3,3.6,Q3,99/183,Q4,Q4,0.41,46.2,49.0,4711.0,CELL BIOLOGY; IMMUNOLOGY,CELL BIOLOGY(JIF Q3/JCI Q4) | IMMUNOLOGY(JIF Q3/JCI Q4),WILEY,Wiley,是,SCIE,混合为主,"订阅路线通常无APC；OnlineOpen常见 USD 3,200-4,700",中,https://authorservices.wiley.com/author-resources/Journal-Authors/open-access/article-publication-charges.html,https://www.google.com/search?q=IMMUNOLOGY+AND+CELL+BIOLOGY+aims+scope+instructions+for+authors+APC
935,4-Q3,0,Frontiers in Neural Circuits,FRONT NEURAL CIRCUIT,,1662-5110,2.9,3.9,Q3,193/330,Q3,Q3,0.56,41.7,49.0,5079.0,NEUROSCIENCES,NEUROSCIENCES(JIF Q3/JCI Q3),FRONTIERS MEDIA SA,Frontiers,是,SCIE,全OA,"约 CHF 1,495-3,150（Frontiers in Medicine A类=CHF 3,150）",高,https://www.frontiersin.org/about/fee-policy,https://www.google.com/search?q=Frontiers+in+Neural+Circuits+aims+scope+instructions+for+authors+APC
936,4-Q3,0,ACTA HISTOCHEMICA,ACTA HISTOCHEM,0065-1281,1618-0372,2.9,2.5,Q3,139/207,Q4,Q4,0.4,33.1,49.0,3060.0,CELL BIOLOGY,CELL BIOLOGY(JIF Q3/JCI Q4),ELSEVIER GMBH,Elsevier,是,SCIE,混合为主,"订阅路线通常无APC；Gold OA常见 USD 2,200-4,200",中,https://www.elsevier.com/open-access/agreements,https://www.google.com/search?q=ACTA+HISTOCHEMICA+aims+scope+instructions+for+authors+APC
937,4-Q3,0,MICROBES AND ENVIRONMENTS,MICROBES ENVIRON,1342-6311,1347-4405,2.6,3.0,Q3,116/180,Q2,Q2,0.64,35.8,49.0,2370.0,BIOTECHNOLOGY & APPLIED MICROBIOLOGY; MICROBIOLOGY,BIOTECHNOLOGY & APPLIED MICROBIOLOGY(JIF Q3/JCI Q2) | MICROBIOLOGY(JIF Q3/JCI Q3),"JAPANESE SOC MICROBIAL ECOLOGY, DEPT BIORESOURCE SCIENCE",其他,是,SCIE,需核实,请查期刊官网 Author / Open Access 页面,未知,,https://www.google.com/search?q=MICROBES+AND+ENVIRONMENTS+aims+scope+instructions+for+authors+APC
938,4-Q3,0,Food and Environmental Virology,FOOD ENVIRON VIROL,1867-0334,1867-0342,2.4,2.6,Q3,27/44,Q3,Q3,0.57,39.8,49.0,1232.0,MICROBIOLOGY; VIROLOGY,MICROBIOLOGY(JIF Q3/JCI Q3) | VIROLOGY(JIF Q3/JCI Q3),SPRINGER,Springer,是,SCIE,混合为主,"订阅路线通常无APC；选OA约 USD 2,790-4,290",中,https://www.springer.com/gp/open-access,https://www.google.com/search?q=Food+and+Environmental+Virology+aims+scope+instructions+for+authors+APC
939,4-Q3,0,Frontiers in Transplantation,FRONT TRANSPLANT,,2813-2440,2.1,2.0,Q3,17/30,Q4,Q4,0.41,45.0,49.0,407.0,TRANSPLANTATION,TRANSPLANTATION(JIF Q3/JCI Q4),FRONTIERS MEDIA SA,Frontiers,否,ESCI,全OA,"约 CHF 1,495-3,150（Frontiers in Medicine A类=CHF 3,150）",高,https://www.frontiersin.org/about/fee-policy,https://www.google.com/search?q=Frontiers+in+Transplantation+aims+scope+instructions+for+authors+APC
940,4-Q3,0,Endocrine Metabolic & Immune Disorders-Drug Targets,ENDOCR METAB IMMUNE,1871-5303,2212-3873,2.0,2.1,Q3,249/356,Q3,Q3,0.4,30.2,49.0,2919.0,ENDOCRINOLOGY & METABOLISM; IMMUNOLOGY; PHARMACOLOGY & PHARMACY,ENDOCRINOLOGY & METABOLISM(JIF Q4/JCI Q4) | IMMUNOLOGY(JIF Q4/JCI Q4) | PHARMACOLOGY & PHARMACY(JIF Q3/JCI Q3),BENTHAM SCIENCE PUBL LTD,其他,是,SCIE,需核实,请查期刊官网 Author / Open Access 页面,未知,,https://www.google.com/search?q=Endocrine+Metabolic+&+Immune+Disorders-Drug+Targets+aims+scope+instructions+for+authors+APC
941,4-Q3,0,IET Systems Biology,IET SYST BIOL,1751-8849,1751-8857,1.9,2.0,Q3,45/67,Q4,Q4,0.41,33.6,49.0,570.0,CELL BIOLOGY; MATHEMATICAL & COMPUTATIONAL BIOLOGY,CELL BIOLOGY(JIF Q4/JCI Q4) | MATHEMATICAL & COMPUTATIONAL BIOLOGY(JIF Q3/JCI Q4),WILEY,Wiley,是,SCIE,混合为主,"订阅路线通常无APC；OnlineOpen常见 USD 3,200-4,700",中,https://authorservices.wiley.com/author-resources/Journal-Authors/open-access/article-publication-charges.html,https://www.google.com/search?q=IET+Systems+Biology+aims+scope+instructions+for+authors+APC
942,4-Q3,0,Clinical Cosmetic and Investigational Dentistry,CLIN COSMET INV DENT,1179-1357,1179-1357,1.8,2.3,Q3,89/165,Q3,Q3,0.71,46.4,49.0,1026.0,"DENTISTRY, ORAL SURGERY & MEDICINE","DENTISTRY, ORAL SURGERY & MEDICINE(JIF Q3/JCI Q3)",DOVE MEDICAL PRESS LTD,其他,否,ESCI,需核实,请查期刊官网 Author / Open Access 页面,未知,,https://www.google.com/search?q=Clinical+Cosmetic+and+Investigational+Dentistry+aims+scope+instructions+for+authors+APC
943,4-Q3,0,German Journal of Exercise and Sport Research,GER J EXERC SPORT RE,2509-3142,2509-3150,1.8,2.0,Q3,80/136,Q3,Q3,0.59,41.5,49.0,924.0,SPORT SCIENCES,SPORT SCIENCES(JIF Q3/JCI Q3),SPRINGER,Springer,否,ESCI,混合为主,"订阅路线通常无APC；选OA约 USD 2,790-4,290",中,https://www.springer.com/gp/open-access,https://www.google.com/search?q=German+Journal+of+Exercise+and+Sport+Research+aims+scope+instructions+for+authors+APC
944,4-Q3,0,Scandinavian Journal of Disability Research,SCAND J DISABIL RES,1501-7419,1745-3011,1.6,2.1,Q3,95/175,Q3,Q3,0.71,46.0,49.0,978.0,REHABILITATION,REHABILITATION(JIF Q3/JCI Q3),STOCKHOLM UNIV PRESS,其他,否,ESCI,需核实,请查期刊官网 Author / Open Access 页面,未知,,https://www.google.com/search?q=Scandinavian+Journal+of+Disability+Research+aims+scope+instructions+for+authors+APC
945,4-Q3,0,Journal of Vocational Rehabilitation,J VOCAT REHABIL,1052-2263,1878-6316,1.5,1.6,Q3,105/175,Q3,Q3,0.58,40.3,49.0,1382.0,REHABILITATION,REHABILITATION(JIF Q3/JCI Q3),SAGE PUBLICATIONS INC,SAGE,否,ESCI,混合为主,"订阅路线通常无APC；SAGE Choice常见 USD 2,000-4,000",中,https://us.sagepub.com/en-us/nam/sage-choice,https://www.google.com/search?q=Journal+of+Vocational+Rehabilitation+aims+scope+instructions+for+authors+APC
946,4-Q3,0,ACTA CYTOLOGICA,ACTA CYTOL,0001-5547,1938-2650,1.5,1.8,Q3,61/89,Q3,Q3,0.57,32.0,49.0,1895.0,PATHOLOGY,PATHOLOGY(JIF Q3/JCI Q3),KARGER,Karger,是,SCIE,混合/OA,"因刊而异，常见 USD 2,500-3,800",中,https://karger.com/pages/Open-Access,https://www.google.com/search?q=ACTA+CYTOLOGICA+aims+scope+instructions+for+authors+APC
947,4-Q3,0,SYSTEMATIC PARASITOLOGY,SYST PARASITOL,0165-5752,1573-5192,1.5,1.2,Q3,33/47,Q3,Q3,0.47,30.9,49.0,1903.0,PARASITOLOGY,PARASITOLOGY(JIF Q3/JCI Q3),SPRINGER,Springer,是,SCIE,混合为主,"订阅路线通常无APC；选OA约 USD 2,790-4,290",中,https://www.springer.com/gp/open-access,https://www.google.com/search?q=SYSTEMATIC+PARASITOLOGY+aims+scope+instructions+for+authors+APC
948,4-Q3,0,Current Opinion in Otolaryngology & Head and Neck Surgery,CURR OPIN OTOLARYNGO,1068-9508,1531-6998,1.4,1.8,Q3,34/67,Q2,Q2,0.78,50.0,49.0,2531.0,OTORHINOLARYNGOLOGY,OTORHINOLARYNGOLOGY(JIF Q3/JCI Q2),LIPPINCOTT WILLIAMS & WILKINS,Wolters Kluwer/LWW,是,SCIE,混合为主,"订阅路线通常无APC；OA常见 USD 2,000-4,000；MEDICINE已拉黑",中,https://wkauthorservices.editage.com/open-access/,https://www.google.com/search?q=Current+Opinion+in+Otolaryngology+&+Head+and+Neck+Surgery+aims+scope+instructions+for+authors+APC
949,4-Q3,0,HAND CLINICS,HAND CLIN,0749-0712,1558-1969,1.4,1.4,Q3,99/147,Q3,Q3,0.52,33.0,49.0,2399.0,ORTHOPEDICS,ORTHOPEDICS(JIF Q3/JCI Q3),W B SAUNDERS CO-ELSEVIER INC,Elsevier,是,SCIE,混合为主,"订阅路线通常无APC；Gold OA常见 USD 2,200-4,200",中,https://www.elsevier.com/open-access/agreements,https://www.google.com/search?q=HAND+CLINICS+aims+scope+instructions+for+authors+APC
950,4-Q3,0,Advances in Laboratory Medicine-Avances en Medicina de Laboratorio,ADV LAB MED,,2628-491X,1.4,2.1,Q3,23/33,Q4,Q4,0.38,31.8,49.0,364.0,MEDICAL LABORATORY TECHNOLOGY,MEDICAL LABORATORY TECHNOLOGY(JIF Q3/JCI Q4),WALTER DE GRUYTER GMBH,De Gruyter,否,ESCI,混合/OA,因刊而异,中,https://www.degruyter.com/publishing/publications/openaccess,https://www.google.com/search?q=Advances+in+Laboratory+Medicine-Avances+en+Medicina+de+Laboratorio+aims+scope+instructions+for+authors+APC
951,4-Q3,0,Journal of Indian Prosthodontic Society,J INDIAN PROSTHODONT,0972-4052,1998-4057,1.3,1.7,Q3,119/165,Q3,Q3,0.46,28.2,49.0,1285.0,"DENTISTRY, ORAL SURGERY & MEDICINE","DENTISTRY, ORAL SURGERY & MEDICINE(JIF Q3/JCI Q3)",WOLTERS KLUWER MEDKNOW PUBLICATIONS,Wolters Kluwer/LWW,否,ESCI,混合为主,"订阅路线通常无APC；OA常见 USD 2,000-4,000；MEDICINE已拉黑",中,https://wkauthorservices.editage.com/open-access/,https://www.google.com/search?q=Journal+of+Indian+Prosthodontic+Society+aims+scope+instructions+for+authors+APC
952,4-Q3,0,WOUNDS-A COMPENDIUM OF CLINICAL RESEARCH AND PRACTICE,WOUNDS,1044-7946,1943-2704,1.0,1.3,Q3,233/321,Q3,Q3,0.4,27.6,49.0,1368.0,DERMATOLOGY; SURGERY,DERMATOLOGY(JIF Q4/JCI Q3) | SURGERY(JIF Q3/JCI Q3),H M P COMMUNICATIONS,其他,是,SCIE,需核实,请查期刊官网 Author / Open Access 页面,未知,,https://www.google.com/search?q=WOUNDS-A+COMPENDIUM+OF+CLINICAL+RESEARCH+AND+PRACTICE+aims+scope+instructions+for+authors+APC
953,4-Q3,0,GLYCOBIOLOGY,GLYCOBIOLOGY,0959-6658,1460-2423,3.3,3.2,Q3,178/328,Q3,Q3,0.55,45.9,48.0,7683.0,BIOCHEMISTRY & MOLECULAR BIOLOGY,BIOCHEMISTRY & MOLECULAR BIOLOGY(JIF Q3/JCI Q3),OXFORD UNIV PRESS INC,Oxford UP,是,SCIE,混合为主,订阅路线通常无APC；可选OA，费用因刊而异,中,https://academic.oup.com/pages/open-research/open-access,https://www.google.com/search?q=GLYCOBIOLOGY+aims+scope+instructions+for+authors+APC
954,4-Q3,0,FUNDAMENTAL & CLINICAL PHARMACOLOGY,FUND CLIN PHARMACOL,0767-3981,1472-8206,2.7,2.7,Q3,191/356,Q3,Q3,0.6,46.5,48.0,3129.0,PHARMACOLOGY & PHARMACY,PHARMACOLOGY & PHARMACY(JIF Q3/JCI Q3),WILEY,Wiley,是,SCIE,混合为主,"订阅路线通常无APC；OnlineOpen常见 USD 3,200-4,700",中,https://authorservices.wiley.com/author-resources/Journal-Authors/open-access/article-publication-charges.html,https://www.google.com/search?q=FUNDAMENTAL+&+CLINICAL+PHARMACOLOGY+aims+scope+instructions+for+authors+APC
955,4-Q3,0,PROTEIN AND PEPTIDE LETTERS,PROTEIN PEPTIDE LETT,0929-8665,1875-5305,2.5,1.9,Q3,236/328,Q4,Q4,0.29,28.2,48.0,2604.0,BIOCHEMISTRY & MOLECULAR BIOLOGY,BIOCHEMISTRY & MOLECULAR BIOLOGY(JIF Q3/JCI Q4),BENTHAM SCIENCE PUBL LTD,其他,是,SCIE,需核实,请查期刊官网 Author / Open Access 页面,未知,,https://www.google.com/search?q=PROTEIN+AND+PEPTIDE+LETTERS+aims+scope+instructions+for+authors+APC
956,4-Q3,0,Infection and Chemotherapy,INFECT CHEMOTHER,2093-2340,2092-6448,2.4,2.4,Q3,80/141,Q3,Q3,0.66,43.6,48.0,1426.0,INFECTIOUS DISEASES,INFECTIOUS DISEASES(JIF Q3/JCI Q3),KOREAN SOC ANTIMICROBIAL THERAPY,其他,否,ESCI,需核实,请查期刊官网 Author / Open Access 页面,未知,,https://www.google.com/search?q=Infection+and+Chemotherapy+aims+scope+instructions+for+authors+APC
957,4-Q3,0,Current Alzheimer Research,CURR ALZHEIMER RES,1567-2050,1875-5828,2.4,2.4,Q3,168/296,Q3,Q3,0.47,43.4,48.0,4750.0,CLINICAL NEUROLOGY; NEUROSCIENCES,CLINICAL NEUROLOGY(JIF Q3/JCI Q3) | NEUROSCIENCES(JIF Q3/JCI Q4),BENTHAM SCIENCE PUBL LTD,其他,是,SCIE,需核实,请查期刊官网 Author / Open Access 页面,未知,,https://www.google.com/search?q=Current+Alzheimer+Research+aims+scope+instructions+for+authors+APC
958,4-Q3,0,REVISTA ARGENTINA DE MICROBIOLOGIA,REV ARGENT MICROBIOL,0325-7541,1851-7617,2.4,2.1,Q3,119/167,Q4,Q4,0.47,29.0,48.0,1147.0,MICROBIOLOGY,MICROBIOLOGY(JIF Q3/JCI Q4),ASOCIACION ARGENTINA MICROBIOLOGIA,其他,是,SCIE,需核实,请查期刊官网 Author / Open Access 页面,未知,,https://www.google.com/search?q=REVISTA+ARGENTINA+DE+MICROBIOLOGIA+aims+scope+instructions+for+authors+APC
959,4-Q3,0,SCANDINAVIAN JOURNAL OF IMMUNOLOGY,SCAND J IMMUNOL,0300-9475,1365-3083,2.4,3.0,Q3,132/183,Q4,Q4,0.36,28.1,48.0,4560.0,IMMUNOLOGY,IMMUNOLOGY(JIF Q3/JCI Q4),WILEY,Wiley,是,SCIE,混合为主,"订阅路线通常无APC；OnlineOpen常见 USD 3,200-4,700",中,https://authorservices.wiley.com/author-resources/Journal-Authors/open-access/article-publication-charges.html,https://www.google.com/search?q=SCANDINAVIAN+JOURNAL+OF+IMMUNOLOGY+aims+scope+instructions+for+authors+APC
960,4-Q3,0,Tobacco Prevention & Cessation,TOB PREV CESS,,2459-3087,2.3,2.0,Q3,35/61,Q3,Q3,0.61,43.4,48.0,676.0,SUBSTANCE ABUSE,SUBSTANCE ABUSE(JIF Q3/JCI Q3),EUROPEAN PUBLISHING,其他,否,ESCI,需核实,请查期刊官网 Author / Open Access 页面,未知,,https://www.google.com/search?q=Tobacco+Prevention+&+Cessation+aims+scope+instructions+for+authors+APC
961,4-Q3,0,European Journal of Translational Myology,EUR J TRANSL MYOL,2037-7452,2037-7460,2.0,1.9,Q3,126/191,Q3,Q3,0.48,34.3,48.0,905.0,"MEDICINE, RESEARCH & EXPERIMENTAL","MEDICINE, RESEARCH & EXPERIMENTAL(JIF Q3/JCI Q3)",PAGEPRESS PUBL,其他,否,ESCI,需核实,请查期刊官网 Author / Open Access 页面,未知,,https://www.google.com/search?q=European+Journal+of+Translational+Myology+aims+scope+instructions+for+authors+APC
962,4-Q3,0,Telemedicine Reports,TELEMED REP,,2692-4366,1.9,1.9,Q3,128/194,Q3,Q3,0.52,34.3,48.0,301.0,HEALTH CARE SCIENCES & SERVICES,HEALTH CARE SCIENCES & SERVICES(JIF Q3/JCI Q3),SAGE PUBLICATIONS INC,SAGE,否,ESCI,混合为主,"订阅路线通常无APC；SAGE Choice常见 USD 2,000-4,000",中,https://us.sagepub.com/en-us/nam/sage-choice,https://www.google.com/search?q=Telemedicine+Reports+aims+scope+instructions+for+authors+APC
963,4-Q3,0,JOURNAL OF CONTEMPORARY PSYCHOTHERAPY,J CONTEMP PSYCHOTHER,0022-0116,1573-3564,1.7,1.9,Q3,108/184,Q1,Q1,1.45,41.6,48.0,1025.0,"PSYCHOLOGY, CLINICAL","PSYCHOLOGY, CLINICAL(JIF Q3/JCI Q1)",SPRINGER INT PUBL AG,Springer,否,ESCI,混合为主,"订阅路线通常无APC；选OA约 USD 2,790-4,290",中,https://www.springer.com/gp/open-access,https://www.google.com/search?q=JOURNAL+OF+CONTEMPORARY+PSYCHOTHERAPY+aims+scope+instructions+for+authors+APC
964,4-Q3,0,OPHTHALMIC EPIDEMIOLOGY,OPHTHAL EPIDEMIOL,0928-6586,1744-5086,1.6,2.1,Q3,63/98,Q3,Q3,0.56,36.2,48.0,2398.0,OPHTHALMOLOGY,OPHTHALMOLOGY(JIF Q3/JCI Q3),TAYLOR & FRANCIS INC,Taylor & Francis,是,SCIE,混合为主,"订阅路线通常无APC；Open Select常见 USD 2,500-3,500",中,https://authorservices.taylorandfrancis.com/publishing-open-access/,https://www.google.com/search?q=OPHTHALMIC+EPIDEMIOLOGY+aims+scope+instructions+for+authors+APC
965,4-Q3,0,Cutaneous and Ocular Toxicology,CUTAN OCUL TOXICOL,1556-9527,1556-9535,1.6,1.8,Q3,63/98,Q3,Q3,0.53,36.2,48.0,1196.0,OPHTHALMOLOGY; TOXICOLOGY,OPHTHALMOLOGY(JIF Q3/JCI Q3) | TOXICOLOGY(JIF Q4/JCI Q3),TAYLOR & FRANCIS LTD,Taylor & Francis,是,SCIE,混合为主,"订阅路线通常无APC；Open Select常见 USD 2,500-3,500",中,https://authorservices.taylorandfrancis.com/publishing-open-access/,https://www.google.com/search?q=Cutaneous+and+Ocular+Toxicology+aims+scope+instructions+for+authors+APC
966,4-Q3,0,JOURNAL OF VESTIBULAR RESEARCH-EQUILIBRIUM & ORIENTATION,J VESTIBUL RES-EQUIL,0957-4271,1878-6464,1.2,3.1,Q3,43/67,Q1,Q1,1.14,36.6,48.0,2143.0,NEUROSCIENCES; OTORHINOLARYNGOLOGY,NEUROSCIENCES(JIF Q4/JCI Q1) | OTORHINOLARYNGOLOGY(JIF Q3/JCI Q1),SAGE PUBLICATIONS INC,SAGE,是,SCIE,混合为主,"订阅路线通常无APC；SAGE Choice常见 USD 2,000-4,000",中,https://us.sagepub.com/en-us/nam/sage-choice,https://www.google.com/search?q=JOURNAL+OF+VESTIBULAR+RESEARCH-EQUILIBRIUM+&+ORIENTATION+aims+scope+instructions+for+authors+APC
967,4-Q3,0,Journal of Indian Association for Child and Adolescent Mental Health,J INDIAN ASSOC CHILD,0973-1342,2754-6349,1.2,1.1,Q3,128/190,Q3,Q3,0.47,32.9,48.0,330.0,PEDIATRICS,PEDIATRICS(JIF Q3/JCI Q3),SAGE PUBLICATIONS LTD,SAGE,否,ESCI,混合为主,"订阅路线通常无APC；SAGE Choice常见 USD 2,000-4,000",中,https://us.sagepub.com/en-us/nam/sage-choice,https://www.google.com/search?q=Journal+of+Indian+Association+for+Child+and+Adolescent+Mental+Health+aims+scope+instructions+for+authors+APC
968,4-Q3,0,Journal of Cell Communication and Signaling,J CELL COMMUN SIGNAL,1873-9601,1873-961X,4.0,4.7,Q3,105/207,Q3,Q3,0.47,49.5,47.0,2481.0,CELL BIOLOGY,CELL BIOLOGY(JIF Q3/JCI Q3),WILEY,Wiley,是,SCIE,混合为主,"订阅路线通常无APC；OnlineOpen常见 USD 3,200-4,700",中,https://authorservices.wiley.com/author-resources/Journal-Authors/open-access/article-publication-charges.html,https://www.google.com/search?q=Journal+of+Cell+Communication+and+Signaling+aims+scope+instructions+for+authors+APC
969,4-Q3,0,Expert Review of Anticancer Therapy,EXPERT REV ANTICANC,1473-7140,1744-8328,3.0,3.1,Q3,172/333,Q3,Q3,0.43,48.5,47.0,4327.0,ONCOLOGY,ONCOLOGY(JIF Q3/JCI Q3),TAYLOR & FRANCIS LTD,Taylor & Francis,是,SCIE,混合为主,"订阅路线通常无APC；Open Select常见 USD 2,500-3,500",中,https://authorservices.taylorandfrancis.com/publishing-open-access/,https://www.google.com/search?q=Expert+Review+of+Anticancer+Therapy+aims+scope+instructions+for+authors+APC
970,4-Q3,0,Expert Review of Medical Devices,EXPERT REV MED DEVIC,1743-4440,1745-2422,2.8,3.1,Q3,75/130,Q4,Q4,0.34,42.7,47.0,3781.0,"ENGINEERING, BIOMEDICAL","ENGINEERING, BIOMEDICAL(JIF Q3/JCI Q4)",TAYLOR & FRANCIS LTD,Taylor & Francis,是,SCIE,混合为主,"订阅路线通常无APC；Open Select常见 USD 2,500-3,500",中,https://authorservices.taylorandfrancis.com/publishing-open-access/,https://www.google.com/search?q=Expert+Review+of+Medical+Devices+aims+scope+instructions+for+authors+APC
971,4-Q3,0,Healthcare Technology Letters,HEALTHC TECHNOL LETT,,2053-3713,2.4,2.7,Q3,81/130,Q3,Q3,0.49,38.1,47.0,804.0,"ENGINEERING, BIOMEDICAL","ENGINEERING, BIOMEDICAL(JIF Q3/JCI Q3)",WILEY,Wiley,否,ESCI,混合为主,"订阅路线通常无APC；OnlineOpen常见 USD 3,200-4,700",中,https://authorservices.wiley.com/author-resources/Journal-Authors/open-access/article-publication-charges.html,https://www.google.com/search?q=Healthcare+Technology+Letters+aims+scope+instructions+for+authors+APC
972,4-Q3,0,IMMUNOLOGICAL INVESTIGATIONS,IMMUNOL INVEST,0882-0139,1532-4311,2.3,2.3,Q3,135/183,Q3,Q3,0.59,26.5,47.0,2199.0,IMMUNOLOGY,IMMUNOLOGY(JIF Q3/JCI Q3),TAYLOR & FRANCIS INC,Taylor & Francis,是,SCIE,混合为主,"订阅路线通常无APC；Open Select常见 USD 2,500-3,500",中,https://authorservices.taylorandfrancis.com/publishing-open-access/,https://www.google.com/search?q=IMMUNOLOGICAL+INVESTIGATIONS+aims+scope+instructions+for+authors+APC
973,4-Q3,0,CARDIOVASCULAR PATHOLOGY,CARDIOVASC PATHOL,1054-8807,1879-1336,2.0,2.1,Q3,50/89,Q2,Q2,0.67,44.4,47.0,2174.0,CARDIAC & CARDIOVASCULAR SYSTEMS; PATHOLOGY,CARDIAC & CARDIOVASCULAR SYSTEMS(JIF Q3/JCI Q2) | PATHOLOGY(JIF Q3/JCI Q3),ELSEVIER SCIENCE INC,Elsevier,是,SCIE,混合为主,"订阅路线通常无APC；Gold OA常见 USD 2,200-4,200",中,https://www.elsevier.com/open-access/agreements,https://www.google.com/search?q=CARDIOVASCULAR+PATHOLOGY+aims+scope+instructions+for+authors+APC
974,4-Q3,0,INTERNATIONAL JOURNAL OF PSYCHIATRY IN MEDICINE,INT J PSYCHIAT MED,0091-2174,1541-3527,1.9,1.7,Q3,187/293,Q4,Q4,0.42,36.3,47.0,1626.0,PSYCHIATRY,PSYCHIATRY(JIF Q3/JCI Q4),SAGE PUBLICATIONS INC,SAGE,是,"SCIE, SSCI",混合为主,"订阅路线通常无APC；SAGE Choice常见 USD 2,000-4,000",中,https://us.sagepub.com/en-us/nam/sage-choice,https://www.google.com/search?q=INTERNATIONAL+JOURNAL+OF+PSYCHIATRY+IN+MEDICINE+aims+scope+instructions+for+authors+APC
975,4-Q3,0,International Journal of Orthopaedic and Trauma Nursing,INT J ORTHOP TRAUMA,1878-1241,1878-1292,1.8,1.9,Q3,100/194,Q2,Q2,0.69,48.7,47.0,561.0,NURSING,NURSING(JIF Q3/JCI Q2),ELSEVIER SCI LTD,Elsevier,否,ESCI,混合为主,"订阅路线通常无APC；Gold OA常见 USD 2,200-4,200",中,https://www.elsevier.com/open-access/agreements,https://www.google.com/search?q=International+Journal+of+Orthopaedic+and+Trauma+Nursing+aims+scope+instructions+for+authors+APC
976,4-Q3,0,MELANOMA RESEARCH,MELANOMA RES,0960-8931,1473-5636,1.8,1.7,Q3,61/99,Q3,Q3,0.52,38.9,47.0,2188.0,"DERMATOLOGY; MEDICINE, RESEARCH & EXPERIMENTAL; ONCOLOGY","DERMATOLOGY(JIF Q3/JCI Q3) | MEDICINE, RESEARCH & EXPERIMENTAL(JIF Q3/JCI Q3) | ONCOLOGY(JIF Q4/JCI Q3)",LIPPINCOTT WILLIAMS & WILKINS,Wolters Kluwer/LWW,是,SCIE,混合为主,"订阅路线通常无APC；OA常见 USD 2,000-4,000；MEDICINE已拉黑",中,https://wkauthorservices.editage.com/open-access/,https://www.google.com/search?q=MELANOMA+RESEARCH+aims+scope+instructions+for+authors+APC
977,4-Q3,0,Journal of International Society of Preventive and Community Dentistry,J INT SOC PREV COMMU,2231-0762,2250-1002,1.7,1.7,Q3,97/165,Q3,Q3,0.63,41.5,47.0,1874.0,"DENTISTRY, ORAL SURGERY & MEDICINE","DENTISTRY, ORAL SURGERY & MEDICINE(JIF Q3/JCI Q3)",WOLTERS KLUWER MEDKNOW PUBLICATIONS,Wolters Kluwer/LWW,否,ESCI,混合为主,"订阅路线通常无APC；OA常见 USD 2,000-4,000；MEDICINE已拉黑",中,https://wkauthorservices.editage.com/open-access/,https://www.google.com/search?q=Journal+of+International+Society+of+Preventive+and+Community+Dentistry+aims+scope+instructions+for+authors+APC
978,4-Q3,0,AORN JOURNAL,AORN J,0001-2092,1878-0369,1.7,2.0,Q3,106/194,Q3,Q3,0.6,45.6,47.0,1805.0,NURSING,NURSING(JIF Q3/JCI Q3),WILEY,Wiley,是,"SCIE, SSCI",混合为主,"订阅路线通常无APC；OnlineOpen常见 USD 3,200-4,700",中,https://authorservices.wiley.com/author-resources/Journal-Authors/open-access/article-publication-charges.html,https://www.google.com/search?q=AORN+JOURNAL+aims+scope+instructions+for+authors+APC
979,4-Q3,0,JOURNAL OF BEHAVIORAL HEALTH SERVICES & RESEARCH,J BEHAV HEALTH SER R,1094-3412,1556-3308,1.6,2.1,Q3,301/443,Q3,Q3,0.57,32.2,47.0,1581.0,"HEALTH CARE SCIENCES & SERVICES; HEALTH POLICY & SERVICES; PUBLIC, ENVIRONMENTAL & OCCUPATIONAL HEALTH","HEALTH CARE SCIENCES & SERVICES(JIF Q3/JCI Q3) | HEALTH POLICY & SERVICES(JIF Q4/JCI Q4) | PUBLIC, ENVIRONMENTAL & OCCUPATIONAL HEALTH(JIF Q3/JCI Q3)",SPRINGER,Springer,是,"SCIE; SSCI; SCIE, SSCI",混合为主,"订阅路线通常无APC；选OA约 USD 2,790-4,290",中,https://www.springer.com/gp/open-access,https://www.google.com/search?q=JOURNAL+OF+BEHAVIORAL+HEALTH+SERVICES+&+RESEARCH+aims+scope+instructions+for+authors+APC
980,4-Q3,0,COCHLEAR IMPLANTS INTERNATIONAL,COCHLEAR IMPLANTS IN,1467-0100,1754-7628,1.4,1.7,Q3,34/67,Q3,Q3,0.68,50.0,47.0,1176.0,OTORHINOLARYNGOLOGY,OTORHINOLARYNGOLOGY(JIF Q3/JCI Q3),TAYLOR & FRANCIS LTD,Taylor & Francis,否,ESCI,混合为主,"订阅路线通常无APC；Open Select常见 USD 2,500-3,500",中,https://authorservices.taylorandfrancis.com/publishing-open-access/,https://www.google.com/search?q=COCHLEAR+IMPLANTS+INTERNATIONAL+aims+scope+instructions+for+authors+APC
981,4-Q3,0,International Journal of Abdominal Wall and Hernia Surgery,INT J ABDOM WALL HER,2589-8736,2589-8078,1.0,,Q3,233/321,Q4,Q4,0.29,27.6,47.0,158.0,SURGERY,SURGERY(JIF Q3/JCI Q4),WOLTERS KLUWER MEDKNOW PUBLICATIONS,Wolters Kluwer/LWW,否,ESCI,混合为主,"订阅路线通常无APC；OA常见 USD 2,000-4,000；MEDICINE已拉黑",中,https://wkauthorservices.editage.com/open-access/,https://www.google.com/search?q=International+Journal+of+Abdominal+Wall+and+Hernia+Surgery+aims+scope+instructions+for+authors+APC
982,4-Q3,0,Journal of Laboratory Physicians,J LAB PHYS,0974-2727,0974-7826,0.6,1.3,Q3,227/336,Q3,Q3,0.24,32.6,47.0,1133.0,"MEDICINE, GENERAL & INTERNAL","MEDICINE, GENERAL & INTERNAL(JIF Q3/JCI Q3)",SCIENTIFIC SCHOLAR LLC,其他,否,ESCI,需核实,请查期刊官网 Author / Open Access 页面,未知,,https://www.google.com/search?q=Journal+of+Laboratory+Physicians+aims+scope+instructions+for+authors+APC
983,4-Q3,0,Bezmialem Science,BEZMIALEM SCI,2148-2373,2148-2373,0.5,0.5,Q3,241/336,Q3,Q3,0.13,28.4,47.0,269.0,"MEDICINE, GENERAL & INTERNAL","MEDICINE, GENERAL & INTERNAL(JIF Q3/JCI Q3)",GALENOS PUBL HOUSE,其他,否,ESCI,需核实,请查期刊官网 Author / Open Access 页面,未知,,https://www.google.com/search?q=Bezmialem+Science+aims+scope+instructions+for+authors+APC
984,4-Q3,0,Journal of Immunology Research,J IMMUNOL RES,2314-8861,2314-7156,3.2,4.4,Q3,103/183,Q2,Q2,0.68,44.0,46.0,11548.0,IMMUNOLOGY,IMMUNOLOGY(JIF Q3/JCI Q2),WILEY,Wiley,是,SCIE,混合为主,"订阅路线通常无APC；OnlineOpen常见 USD 3,200-4,700",中,https://authorservices.wiley.com/author-resources/Journal-Authors/open-access/article-publication-charges.html,https://www.google.com/search?q=Journal+of+Immunology+Research+aims+scope+instructions+for+authors+APC
985,4-Q3,0,MEDICAL MICROBIOLOGY AND IMMUNOLOGY,MED MICROBIOL IMMUN,0300-8584,1432-1831,3.1,3.9,Q3,95/167,Q2,Q2,0.76,43.4,46.0,2389.0,IMMUNOLOGY; MICROBIOLOGY,IMMUNOLOGY(JIF Q3/JCI Q2) | MICROBIOLOGY(JIF Q3/JCI Q2),SPRINGER,Springer,是,SCIE,混合为主,"订阅路线通常无APC；选OA约 USD 2,790-4,290",中,https://www.springer.com/gp/open-access,https://www.google.com/search?q=MEDICAL+MICROBIOLOGY+AND+IMMUNOLOGY+aims+scope+instructions+for+authors+APC
986,4-Q3,0,CHEMICAL SENSES,CHEM SENSES,0379-864X,1464-3553,2.6,2.9,Q3,20/57,Q3,Q2,0.61,34.7,46.0,4914.0,NEUROSCIENCES,NEUROSCIENCES(JIF Q3/JCI Q3),OXFORD UNIV PRESS,Oxford UP,是,SCIE,混合为主,订阅路线通常无APC；可选OA，费用因刊而异,中,https://academic.oup.com/pages/open-research/open-access,https://www.google.com/search?q=CHEMICAL+SENSES+aims+scope+instructions+for+authors+APC
987,4-Q3,0,JOURNAL OF MOLECULAR EVOLUTION,J MOL EVOL,0022-2844,1432-1432,2.0,3.0,Q3,36/54,Q3,Q3,0.47,32.0,46.0,7365.0,BIOCHEMISTRY & MOLECULAR BIOLOGY; GENETICS & HEREDITY,BIOCHEMISTRY & MOLECULAR BIOLOGY(JIF Q4/JCI Q3) | GENETICS & HEREDITY(JIF Q3/JCI Q3),SPRINGER,Springer,是,SCIE,混合为主,"订阅路线通常无APC；选OA约 USD 2,790-4,290",中,https://www.springer.com/gp/open-access,https://www.google.com/search?q=JOURNAL+OF+MOLECULAR+EVOLUTION+aims+scope+instructions+for+authors+APC
988,4-Q3,0,OMICS-A JOURNAL OF INTEGRATIVE BIOLOGY,OMICS,1536-2310,1557-8100,2.0,2.0,Q3,131/192,Q3,Q3,0.43,32.0,46.0,6968.0,BIOTECHNOLOGY & APPLIED MICROBIOLOGY; GENETICS & HEREDITY,BIOTECHNOLOGY & APPLIED MICROBIOLOGY(JIF Q4/JCI Q4) | GENETICS & HEREDITY(JIF Q3/JCI Q3),SAGE PUBLICATIONS INC,SAGE,是,SCIE,混合为主,"订阅路线通常无APC；SAGE Choice常见 USD 2,000-4,000",中,https://us.sagepub.com/en-us/nam/sage-choice,https://www.google.com/search?q=OMICS-A+JOURNAL+OF+INTEGRATIVE+BIOLOGY+aims+scope+instructions+for+authors+APC
989,4-Q3,0,Women in Sport and Physical Activity Journal,WOMEN SPORT PHYS ACT,1063-6161,1938-1581,1.9,,Q3,21/71,Q2,Q2,0.95,44.5,46.0,597.0,SPORT SCIENCES,SPORT SCIENCES(JIF Q3/JCI Q2),HUMAN KINETICS PUBL INC,其他,否,ESCI,需核实,请查期刊官网 Author / Open Access 页面,未知,,https://www.google.com/search?q=Women+in+Sport+and+Physical+Activity+Journal+aims+scope+instructions+for+authors+APC
990,4-Q3,0,JOURNAL OF PUBLIC HEALTH DENTISTRY,J PUBLIC HEALTH DENT,0022-4006,1752-7325,1.8,1.9,Q3,89/165,Q3,Q3,0.62,46.4,46.0,2055.0,"DENTISTRY, ORAL SURGERY & MEDICINE; PUBLIC, ENVIRONMENTAL & OCCUPATIONAL HEALTH","DENTISTRY, ORAL SURGERY & MEDICINE(JIF Q3/JCI Q3) | PUBLIC, ENVIRONMENTAL & OCCUPATIONAL HEALTH(JIF Q3/JCI Q3)",WILEY,Wiley,是,SCIE,混合为主,"订阅路线通常无APC；OnlineOpen常见 USD 3,200-4,700",中,https://authorservices.wiley.com/author-resources/Journal-Authors/open-access/article-publication-charges.html,https://www.google.com/search?q=JOURNAL+OF+PUBLIC+HEALTH+DENTISTRY+aims+scope+instructions+for+authors+APC
991,4-Q3,0,Central European Journal of Urology,CENT EUR J UROL,2080-4806,2080-4873,1.7,1.8,Q3,85/134,Q3,Q3,0.48,36.9,46.0,1193.0,UROLOGY & NEPHROLOGY,UROLOGY & NEPHROLOGY(JIF Q3/JCI Q3),POLISH UROLOGICAL ASSOC,其他,否,ESCI,需核实,请查期刊官网 Author / Open Access 页面,未知,,https://www.google.com/search?q=Central+European+Journal+of+Urology+aims+scope+instructions+for+authors+APC
992,4-Q3,0,SCANDINAVIAN JOURNAL OF RHEUMATOLOGY,SCAND J RHEUMATOL,0300-9742,1502-7732,1.5,2.0,Q3,41/58,Q3,Q3,0.56,30.2,46.0,3039.0,RHEUMATOLOGY,RHEUMATOLOGY(JIF Q3/JCI Q3),TAYLOR & FRANCIS LTD,Taylor & Francis,是,SCIE,混合为主,"订阅路线通常无APC；Open Select常见 USD 2,500-3,500",中,https://authorservices.taylorandfrancis.com/publishing-open-access/,https://www.google.com/search?q=SCANDINAVIAN+JOURNAL+OF+RHEUMATOLOGY+aims+scope+instructions+for+authors+APC
993,4-Q3,0,INTERNATIONAL JOURNAL OF PERIODONTICS & RESTORATIVE DENTISTRY,INT J PERIODONT REST,0198-7569,1945-3388,1.5,1.7,Q3,109/165,Q3,Q3,0.52,34.2,46.0,3851.0,"DENTISTRY, ORAL SURGERY & MEDICINE","DENTISTRY, ORAL SURGERY & MEDICINE(JIF Q3/JCI Q3)",QUINTESSENCE PUBLISHING CO INC,其他,是,SCIE,需核实,请查期刊官网 Author / Open Access 页面,未知,,https://www.google.com/search?q=INTERNATIONAL+JOURNAL+OF+PERIODONTICS+&+RESTORATIVE+DENTISTRY+aims+scope+instructions+for+authors+APC
994,4-Q3,0,COMMUNITY DENTAL HEALTH,COMMUNITY DENT HLTH,0265-539X,2515-1746,1.3,1.4,Q3,119/165,Q4,Q4,0.37,28.2,46.0,1367.0,"DENTISTRY, ORAL SURGERY & MEDICINE","DENTISTRY, ORAL SURGERY & MEDICINE(JIF Q3/JCI Q4)",SAGE PUBLICATIONS LTD,SAGE,是,SCIE,混合为主,"订阅路线通常无APC；SAGE Choice常见 USD 2,000-4,000",中,https://us.sagepub.com/en-us/nam/sage-choice,https://www.google.com/search?q=COMMUNITY+DENTAL+HEALTH+aims+scope+instructions+for+authors+APC
995,4-Q3,0,Surgical Technology International-International Developments in Surgery and Surgical Research,SURG TECHNOL INT,,1090-3941,1.1,1.1,Q3,227/321,Q4,Q4,0.21,29.4,46.0,1103.0,SURGERY,SURGERY(JIF Q3/JCI Q4),SURGICAL TECHNOLOGY INT ONLINE,其他,否,ESCI,需核实,请查期刊官网 Author / Open Access 页面,未知,,https://www.google.com/search?q=Surgical+Technology+International-International+Developments+in+Surgery+and+Surgical+Research+aims+scope+instructions+for+authors+APC
996,4-Q3,0,Polish Journal of Surgery,POL J SURG,0032-373X,2299-2847,1.0,0.9,Q3,233/321,Q3,Q3,0.38,27.6,46.0,453.0,SURGERY,SURGERY(JIF Q3/JCI Q3),INDEX COPERNICUS INT,其他,否,ESCI,需核实,请查期刊官网 Author / Open Access 页面,未知,,https://www.google.com/search?q=Polish+Journal+of+Surgery+aims+scope+instructions+for+authors+APC
997,4-Q3,0,DIFFERENTIATION,DIFFERENTIATION,0301-4681,1432-0436,4.0,3.5,Q3,8/39,Q2,Q1,0.81,49.5,45.0,2538.0,CELL BIOLOGY,CELL BIOLOGY(JIF Q3/JCI Q2),ELSEVIER SCI LTD,Elsevier,是,SCIE,混合为主,"订阅路线通常无APC；Gold OA常见 USD 2,200-4,200",中,https://www.elsevier.com/open-access/agreements,https://www.google.com/search?q=DIFFERENTIATION+aims+scope+instructions+for+authors+APC
998,4-Q3,0,Animal Cells and Systems,ANIM CELLS SYST,1976-8354,2151-2485,3.6,3.0,Q3,7/183,Q2,Q1,1.04,44.7,45.0,1059.0,CELL BIOLOGY,CELL BIOLOGY(JIF Q3/JCI Q2),TAYLOR & FRANCIS LTD,Taylor & Francis,是,SCIE,混合为主,"订阅路线通常无APC；Open Select常见 USD 2,500-3,500",中,https://authorservices.taylorandfrancis.com/publishing-open-access/,https://www.google.com/search?q=Animal+Cells+and+Systems+aims+scope+instructions+for+authors+APC
999,4-Q3,0,MOLECULAR AND CELLULAR PROBES,MOL CELL PROBE,0890-8508,1096-1194,3.2,2.7,Q3,34/85,Q3,Q3,0.63,47.5,45.0,2616.0,BIOCHEMISTRY & MOLECULAR BIOLOGY; BIOTECHNOLOGY & APPLIED MICROBIOLOGY; CELL BIOLOGY,BIOCHEMISTRY & MOLECULAR BIOLOGY(JIF Q3/JCI Q3) | BIOTECHNOLOGY & APPLIED MICROBIOLOGY(JIF Q3/JCI Q3) | CELL BIOLOGY(JIF Q3/JCI Q3),ACADEMIC PRESS LTD- ELSEVIER SCIENCE LTD,Elsevier,是,SCIE,混合为主,"订阅路线通常无APC；Gold OA常见 USD 2,200-4,200",中,https://www.elsevier.com/open-access/agreements,https://www.google.com/search?q=MOLECULAR+AND+CELLULAR+PROBES+aims+scope+instructions+for+authors+APC
1000,4-Q3,0,INTERNATIONAL JOURNAL OF PSYCHIATRY IN CLINICAL PRACTICE,INT J PSYCHIAT CLIN,1365-1501,1471-1788,2.3,3.0,Q3,159/293,Q3,Q3,0.57,45.9,45.0,1603.0,PSYCHIATRY,PSYCHIATRY(JIF Q3/JCI Q3),TAYLOR & FRANCIS LTD,Taylor & Francis,是,SCIE,混合为主,"订阅路线通常无APC；Open Select常见 USD 2,500-3,500",中,https://authorservices.taylorandfrancis.com/publishing-open-access/,https://www.google.com/search?q=INTERNATIONAL+JOURNAL+OF+PSYCHIATRY+IN+CLINICAL+PRACTICE+aims+scope+instructions+for+authors+APC
1001,4-Q3,0,Congenital Heart Disease,CONGENIT HEART DIS,1747-079X,1747-0803,2.3,1.1,Q3,125/237,Q3,Q3,0.34,47.5,45.0,1801.0,CARDIAC & CARDIOVASCULAR SYSTEMS,CARDIAC & CARDIOVASCULAR SYSTEMS(JIF Q3/JCI Q3),TECH SCIENCE PRESS,其他,是,SCIE,需核实,请查期刊官网 Author / Open Access 页面,未知,,https://www.google.com/search?q=Congenital+Heart+Disease+aims+scope+instructions+for+authors+APC
1002,4-Q3,0,European Journal of Breast Health,EUR J BREAST HEALTH,,2587-0831,2.1,2.0,Q3,236/333,Q4,Q4,0.39,29.3,45.0,743.0,ONCOLOGY,ONCOLOGY(JIF Q3/JCI Q4),GALENOS PUBL HOUSE,其他,否,ESCI,需核实,请查期刊官网 Author / Open Access 页面,未知,,https://www.google.com/search?q=European+Journal+of+Breast+Health+aims+scope+instructions+for+authors+APC
1003,4-Q3,0,F&S Science,F&S SCI,,2666-335X,1.9,1.8,Q3,84/143,Q2,Q2,0.71,41.6,45.0,360.0,OBSTETRICS & GYNECOLOGY; REPRODUCTIVE BIOLOGY,OBSTETRICS & GYNECOLOGY(JIF Q3/JCI Q2) | REPRODUCTIVE BIOLOGY(JIF Q4/JCI Q3),ELSEVIER,Elsevier,否,ESCI,混合为主,"订阅路线通常无APC；Gold OA常见 USD 2,200-4,200",中,https://www.elsevier.com/open-access/agreements,https://www.google.com/search?q=F&S+Science+aims+scope+instructions+for+authors+APC
1004,4-Q3,0,Journal of Innovative Optical Health Sciences,J INNOV OPT HEAL SCI,1793-5458,1793-7205,1.9,1.8,Q3,129/217,Q2,Q2,0.63,40.8,45.0,1061.0,"RADIOLOGY, NUCLEAR MEDICINE & MEDICAL IMAGING","RADIOLOGY, NUCLEAR MEDICINE & MEDICAL IMAGING(JIF Q3/JCI Q2)",WORLD SCIENTIFIC PUBL CO PTE LTD,其他,是,SCIE,需核实,请查期刊官网 Author / Open Access 页面,未知,,https://www.google.com/search?q=Journal+of+Innovative+Optical+Health+Sciences+aims+scope+instructions+for+authors+APC
1005,4-Q3,0,RADIOPROTECTION,RADIOPROTECTION,0033-8451,1769-700X,1.8,1.2,Q3,20/42,Q2,Q2,0.61,39.9,45.0,605.0,"PUBLIC, ENVIRONMENTAL & OCCUPATIONAL HEALTH; RADIOLOGY, NUCLEAR MEDICINE & MEDICAL IMAGING","PUBLIC, ENVIRONMENTAL & OCCUPATIONAL HEALTH(JIF Q3/JCI Q3) | RADIOLOGY, NUCLEAR MEDICINE & MEDICAL IMAGING(JIF Q3/JCI Q2)",EDP SCIENCES S A,其他,是,SCIE,需核实,请查期刊官网 Author / Open Access 页面,未知,,https://www.google.com/search?q=RADIOPROTECTION+aims+scope+instructions+for+authors+APC
1006,4-Q3,0,Advances in Public Health,ADV PUBLIC HLTH,2356-6868,2314-7784,1.7,2.1,Q3,287/443,Q3,Q3,0.45,35.3,45.0,613.0,"PUBLIC, ENVIRONMENTAL & OCCUPATIONAL HEALTH","PUBLIC, ENVIRONMENTAL & OCCUPATIONAL HEALTH(JIF Q3/JCI Q3)",WILEY,Wiley,否,ESCI,混合为主,"订阅路线通常无APC；OnlineOpen常见 USD 3,200-4,700",中,https://authorservices.wiley.com/author-resources/Journal-Authors/open-access/article-publication-charges.html,https://www.google.com/search?q=Advances+in+Public+Health+aims+scope+instructions+for+authors+APC
1007,4-Q3,0,INDIAN JOURNAL OF DERMATOLOGY,INDIAN J DERMATOL,0019-5154,1998-3611,1.7,2.0,Q3,65/99,Q3,Q3,0.41,34.8,45.0,3325.0,DERMATOLOGY,DERMATOLOGY(JIF Q3/JCI Q3),WOLTERS KLUWER MEDKNOW PUBLICATIONS,Wolters Kluwer/LWW,是,SCIE,混合为主,"订阅路线通常无APC；OA常见 USD 2,000-4,000；MEDICINE已拉黑",中,https://wkauthorservices.editage.com/open-access/,https://www.google.com/search?q=INDIAN+JOURNAL+OF+DERMATOLOGY+aims+scope+instructions+for+authors+APC
1008,4-Q3,0,Journal of Contemporary Brachytherapy,J CONTEMP BRACHYTHER,1689-832X,2081-2841,1.5,1.4,Q3,151/217,Q4,Q4,0.31,30.6,45.0,1041.0,"ONCOLOGY; RADIOLOGY, NUCLEAR MEDICINE & MEDICAL IMAGING","ONCOLOGY(JIF Q4/JCI Q4) | RADIOLOGY, NUCLEAR MEDICINE & MEDICAL IMAGING(JIF Q3/JCI Q4)",TERMEDIA PUBLISHING HOUSE LTD,其他,是,SCIE,需核实,请查期刊官网 Author / Open Access 页面,未知,,https://www.google.com/search?q=Journal+of+Contemporary+Brachytherapy+aims+scope+instructions+for+authors+APC
1009,4-Q3,0,JANAC-JOURNAL OF THE ASSOCIATION OF NURSES IN AIDS CARE,J ASSOC NURSE AIDS C,1055-3290,1552-6917,1.4,2.0,Q3,127/194,Q3,Q3,0.59,34.8,45.0,1548.0,"NURSING; PUBLIC, ENVIRONMENTAL & OCCUPATIONAL HEALTH","NURSING(JIF Q3/JCI Q3) | PUBLIC, ENVIRONMENTAL & OCCUPATIONAL HEALTH(JIF Q4/JCI Q3)",LIPPINCOTT WILLIAMS & WILKINS,Wolters Kluwer/LWW,是,"SCIE, SSCI",混合为主,"订阅路线通常无APC；OA常见 USD 2,000-4,000；MEDICINE已拉黑",中,https://wkauthorservices.editage.com/open-access/,https://www.google.com/search?q=JANAC-JOURNAL+OF+THE+ASSOCIATION+OF+NURSES+IN+AIDS+CARE+aims+scope+instructions+for+authors+APC
1010,4-Q3,0,CARDIOLOGY CLINICS,CARDIOL CLIN,0733-8651,1558-2264,1.4,2.3,Q3,172/237,Q3,Q3,0.43,27.6,45.0,1640.0,CARDIAC & CARDIOVASCULAR SYSTEMS,CARDIAC & CARDIOVASCULAR SYSTEMS(JIF Q3/JCI Q3),W B SAUNDERS CO-ELSEVIER INC,Elsevier,是,SCIE,混合为主,"订阅路线通常无APC；Gold OA常见 USD 2,200-4,200",中,https://www.elsevier.com/open-access/agreements,https://www.google.com/search?q=CARDIOLOGY+CLINICS+aims+scope+instructions+for+authors+APC
1011,4-Q3,0,Annals of Transplantation,ANN TRANSPL,1425-9524,,1.3,1.4,Q3,210/321,Q3,Q3,0.51,34.7,45.0,1190.0,SURGERY; TRANSPLANTATION,SURGERY(JIF Q3/JCI Q3) | TRANSPLANTATION(JIF Q4/JCI Q3),"INT SCIENTIFIC INFORMATION, INC",其他,是,SCIE,需核实,请查期刊官网 Author / Open Access 页面,未知,,https://www.google.com/search?q=Annals+of+Transplantation+aims+scope+instructions+for+authors+APC
1012,4-Q3,0,Acta Otorrinolaringologica Espanola,ACTA OTORRINOLAR ESP,0001-6519,1988-3013,1.2,1.1,Q3,43/67,Q3,Q3,0.59,36.6,45.0,833.0,OTORHINOLARYNGOLOGY,OTORHINOLARYNGOLOGY(JIF Q3/JCI Q3),ELSEVIER ESPANA SLU,Elsevier,否,ESCI,混合为主,"订阅路线通常无APC；Gold OA常见 USD 2,200-4,200",中,https://www.elsevier.com/open-access/agreements,https://www.google.com/search?q=Acta+Otorrinolaringologica+Espanola+aims+scope+instructions+for+authors+APC
1013,4-Q3,0,ACTA ZOOLOGICA,ACTA ZOOL-STOCKHOLM,0001-7272,1463-6395,1.1,1.1,Q3,104/183,Q3,Q2,0.7,30.0,45.0,1288.0,ANATOMY & MORPHOLOGY,ANATOMY & MORPHOLOGY(JIF Q3/JCI Q3),WILEY,Wiley,是,SCIE,混合为主,"订阅路线通常无APC；OnlineOpen常见 USD 3,200-4,700",中,https://authorservices.wiley.com/author-resources/Journal-Authors/open-access/article-publication-charges.html,https://www.google.com/search?q=ACTA+ZOOLOGICA+aims+scope+instructions+for+authors+APC
1014,4-Q3,0,CLINICAL LINGUISTICS & PHONETICS,CLIN LINGUIST PHONET,0269-9206,1464-5076,1.1,1.3,Q3,154/312,Q3,Q3,0.57,27.1,45.0,2084.0,AUDIOLOGY & SPEECH-LANGUAGE PATHOLOGY; REHABILITATION,AUDIOLOGY & SPEECH-LANGUAGE PATHOLOGY(JIF Q3/JCI Q3) | REHABILITATION(JIF Q4/JCI Q3),TAYLOR & FRANCIS INC,Taylor & Francis,是,"SCIE; SSCI; SCIE, SSCI",混合为主,"订阅路线通常无APC；Open Select常见 USD 2,500-3,500",中,https://authorservices.taylorandfrancis.com/publishing-open-access/,https://www.google.com/search?q=CLINICAL+LINGUISTICS+&+PHONETICS+aims+scope+instructions+for+authors+APC
1015,4-Q3,0,Current Issues in Pharmacy and Medical Sciences,CURR ISS PHARM MED S,2084-980X,2300-6676,0.7,0.7,Q3,215/336,Q3,Q3,0.14,36.2,45.0,278.0,"MEDICINE, GENERAL & INTERNAL","MEDICINE, GENERAL & INTERNAL(JIF Q3/JCI Q3)",Uniwersytet Medyczny Lublinie,其他,否,ESCI,需核实,请查期刊官网 Author / Open Access 页面,未知,,https://www.google.com/search?q=Current+Issues+in+Pharmacy+and+Medical+Sciences+aims+scope+instructions+for+authors+APC
1016,4-Q3,0,Russian Open Medical Journal,RUSS OPEN MED J,2304-3415,2304-3415,0.7,0.5,Q3,215/336,Q4,Q4,0.1,36.2,45.0,207.0,"MEDICINE, GENERAL & INTERNAL","MEDICINE, GENERAL & INTERNAL(JIF Q3/JCI Q4)","SCIENCE & INNOVATION, LTD",其他,否,ESCI,需核实,请查期刊官网 Author / Open Access 页面,未知,,https://www.google.com/search?q=Russian+Open+Medical+Journal+aims+scope+instructions+for+authors+APC
1017,4-Q3,0,Aging Medicine,AGING MED-PRC,,2475-0360,3.1,,Q3,38/72,Q3,Q3,0.56,47.9,44.0,654.0,GERIATRICS & GERONTOLOGY,GERIATRICS & GERONTOLOGY(JIF Q3/JCI Q3),WILEY,Wiley,否,ESCI,混合为主,"订阅路线通常无APC；OnlineOpen常见 USD 3,200-4,700",中,https://authorservices.wiley.com/author-resources/Journal-Authors/open-access/article-publication-charges.html,https://www.google.com/search?q=Aging+Medicine+aims+scope+instructions+for+authors+APC
1018,4-Q3,0,Behavioral and Brain Functions,BEHAV BRAIN FUNCT,,1744-9081,2.9,4.0,Q3,15/57,Q2,Q2,0.91,41.7,44.0,1881.0,NEUROSCIENCES,NEUROSCIENCES(JIF Q3/JCI Q2),BMC,BMC,是,SCIE,全OA,"约 USD 1,990-2,890（旗舰刊更高）",高,https://www.biomedcentral.com/getpublished/article-processing-charges,https://www.google.com/search?q=Behavioral+and+Brain+Functions+aims+scope+instructions+for+authors+APC
1019,4-Q3,0,REPRODUCTION FERTILITY AND DEVELOPMENT,REPROD FERT DEVELOP,1031-3613,1448-5990,2.3,2.1,Q3,22/183,Q3,Q2,0.61,37.5,44.0,3993.0,REPRODUCTIVE BIOLOGY,REPRODUCTIVE BIOLOGY(JIF Q3/JCI Q3),CSIRO PUBLISHING,其他,是,SCIE,需核实,请查期刊官网 Author / Open Access 页面,未知,,https://www.google.com/search?q=REPRODUCTION+FERTILITY+AND+DEVELOPMENT+aims+scope+instructions+for+authors+APC
1020,4-Q3,0,Gastroenterology Review-Przeglad Gastroenterologiczny,GASTROENTEROL REV,1895-5770,1897-4317,2.2,2.1,Q3,96/153,Q3,Q3,0.39,37.6,44.0,1210.0,GASTROENTEROLOGY & HEPATOLOGY,GASTROENTEROLOGY & HEPATOLOGY(JIF Q3/JCI Q3),TERMEDIA PUBLISHING HOUSE LTD,其他,否,ESCI,需核实,请查期刊官网 Author / Open Access 页面,未知,,https://www.google.com/search?q=Gastroenterology+Review-Przeglad+Gastroenterologiczny+aims+scope+instructions+for+authors+APC
1021,4-Q3,0,JOURNAL OF PHARMACOLOGICAL AND TOXICOLOGICAL METHODS,J PHARMACOL TOX MET,1056-8719,1873-488X,2.1,2.1,Q3,240/356,Q3,Q3,0.54,32.7,44.0,2615.0,PHARMACOLOGY & PHARMACY; TOXICOLOGY,PHARMACOLOGY & PHARMACY(JIF Q3/JCI Q3) | TOXICOLOGY(JIF Q4/JCI Q3),ELSEVIER SCIENCE INC,Elsevier,是,SCIE,混合为主,"订阅路线通常无APC；Gold OA常见 USD 2,200-4,200",中,https://www.elsevier.com/open-access/agreements,https://www.google.com/search?q=JOURNAL+OF+PHARMACOLOGICAL+AND+TOXICOLOGICAL+METHODS+aims+scope+instructions+for+authors+APC
1022,4-Q3,0,Journal of Blood Medicine,J BLOOD MED,1179-2736,1179-2736,2.1,2.2,Q3,61/103,Q3,Q3,0.44,41.3,44.0,1344.0,HEMATOLOGY,HEMATOLOGY(JIF Q3/JCI Q3),DOVE MEDICAL PRESS LTD,其他,否,ESCI,需核实,请查期刊官网 Author / Open Access 页面,未知,,https://www.google.com/search?q=Journal+of+Blood+Medicine+aims+scope+instructions+for+authors+APC
1023,4-Q3,0,Magnetic Resonance Imaging Clinics of North America,MAGN RESON IMAGING C,1064-9689,1557-9786,2.0,1.8,Q3,122/217,Q3,Q3,0.48,44.0,44.0,1206.0,"RADIOLOGY, NUCLEAR MEDICINE & MEDICAL IMAGING","RADIOLOGY, NUCLEAR MEDICINE & MEDICAL IMAGING(JIF Q3/JCI Q3)",W B SAUNDERS CO-ELSEVIER INC,Elsevier,是,SCIE,混合为主,"订阅路线通常无APC；Gold OA常见 USD 2,200-4,200",中,https://www.elsevier.com/open-access/agreements,https://www.google.com/search?q=Magnetic+Resonance+Imaging+Clinics+of+North+America+aims+scope+instructions+for+authors+APC
1024,4-Q3,0,Asian Pacific Journal of Tropical Biomedicine,ASIAN PAC J TROP BIO,2221-1691,2588-9222,1.9,1.8,Q3,15/27,Q2,Q2,0.65,46.3,44.0,4301.0,TROPICAL MEDICINE,TROPICAL MEDICINE(JIF Q3/JCI Q2),WOLTERS KLUWER MEDKNOW PUBLICATIONS,Wolters Kluwer/LWW,是,SCIE,混合为主,"订阅路线通常无APC；OA常见 USD 2,000-4,000；MEDICINE已拉黑",中,https://wkauthorservices.editage.com/open-access/,https://www.google.com/search?q=Asian+Pacific+Journal+of+Tropical+Biomedicine+aims+scope+instructions+for+authors+APC
1025,4-Q3,0,Gastrointestinal Disorders,GASTROINTEST DISORD,,2624-5647,1.9,1.5,Q3,110/153,Q4,Q4,0.27,28.4,44.0,408.0,GASTROENTEROLOGY & HEPATOLOGY,GASTROENTEROLOGY & HEPATOLOGY(JIF Q3/JCI Q4),MDPI,MDPI,否,ESCI,全OA,"约 CHF 1,600-2,900（如 JCM=CHF 2,600）",高,https://www.mdpi.com/about/apc,https://www.google.com/search?q=Gastrointestinal+Disorders+aims+scope+instructions+for+authors+APC
1026,4-Q3,0,Techniques in Vascular and Interventional Radiology,TECH VASC INTERV RAD,1089-2516,1557-9808,1.8,1.8,Q3,131/217,Q3,Q3,0.39,39.9,44.0,1023.0,"RADIOLOGY, NUCLEAR MEDICINE & MEDICAL IMAGING","RADIOLOGY, NUCLEAR MEDICINE & MEDICAL IMAGING(JIF Q3/JCI Q3)",ELSEVIER,Elsevier,否,ESCI,混合为主,"订阅路线通常无APC；Gold OA常见 USD 2,200-4,200",中,https://www.elsevier.com/open-access/agreements,https://www.google.com/search?q=Techniques+in+Vascular+and+Interventional+Radiology+aims+scope+instructions+for+authors+APC
1027,4-Q3,0,Measurement in Physical Education and Exercise Science,MEAS PHYS EDUC EXERC,1091-367X,1532-7841,1.6,2.0,Q3,333/760,Q3,Q2,0.66,37.9,44.0,1200.0,SPORT SCIENCES,SPORT SCIENCES(JIF Q3/JCI Q3),"ROUTLEDGE JOURNALS, TAYLOR & FRANCIS LTD",Taylor & Francis,是,SSCI; SCIE,混合为主,"订阅路线通常无APC；Open Select常见 USD 2,500-3,500",中,https://authorservices.taylorandfrancis.com/publishing-open-access/,https://www.google.com/search?q=Measurement+in+Physical+Education+and+Exercise+Science+aims+scope+instructions+for+authors+APC
1028,4-Q3,0,JOURNAL OF CLINICAL PSYCHOLOGY IN MEDICAL SETTINGS,J CLIN PSYCHOL MED S,1068-9583,1573-3572,1.6,2.3,Q3,115/184,Q3,Q3,0.63,37.8,44.0,2078.0,"PSYCHOLOGY, CLINICAL","PSYCHOLOGY, CLINICAL(JIF Q3/JCI Q3)",SPRINGER/PLENUM PUBLISHERS,Springer,否,SSCI,混合为主,"订阅路线通常无APC；选OA约 USD 2,790-4,290",中,https://www.springer.com/gp/open-access,https://www.google.com/search?q=JOURNAL+OF+CLINICAL+PSYCHOLOGY+IN+MEDICAL+SETTINGS+aims+scope+instructions+for+authors+APC
1029,4-Q3,0,Journal of Developmental Origins of Health and Disease,J DEV ORIG HLTH DIS,2040-1744,2040-1752,1.6,1.8,Q3,301/443,Q3,Q3,0.51,32.2,44.0,1773.0,"PUBLIC, ENVIRONMENTAL & OCCUPATIONAL HEALTH","PUBLIC, ENVIRONMENTAL & OCCUPATIONAL HEALTH(JIF Q3/JCI Q3)",CAMBRIDGE UNIV PRESS,Cambridge UP,是,SCIE,混合为主,订阅路线通常无APC；Gold OA因刊而异,中,https://www.cambridge.org/core/open-research/open-access,https://www.google.com/search?q=Journal+of+Developmental+Origins+of+Health+and+Disease+aims+scope+instructions+for+authors+APC
1030,4-Q3,0,Disaster Prevention and Management,DISASTER PREV MANAG,0965-3562,1758-6100,1.5,2.0,Q3,325/443,Q4,Q3,0.43,26.7,44.0,1766.0,"PUBLIC, ENVIRONMENTAL & OCCUPATIONAL HEALTH","PUBLIC, ENVIRONMENTAL & OCCUPATIONAL HEALTH(JIF Q3/JCI Q4)",EMERALD GROUP PUBLISHING LTD,其他,否,SSCI,需核实,请查期刊官网 Author / Open Access 页面,未知,,https://www.google.com/search?q=Disaster+Prevention+and+Management+aims+scope+instructions+for+authors+APC
1031,4-Q3,0,Geospatial Health,GEOSPATIAL HEALTH,1827-1987,1970-7096,1.5,1.3,Q3,325/443,Q4,Q4,0.36,26.7,44.0,989.0,"HEALTH CARE SCIENCES & SERVICES; PUBLIC, ENVIRONMENTAL & OCCUPATIONAL HEALTH","HEALTH CARE SCIENCES & SERVICES(JIF Q4/JCI Q4) | PUBLIC, ENVIRONMENTAL & OCCUPATIONAL HEALTH(JIF Q3/JCI Q4)",UNIV NAPLES FEDERICO II,其他,是,SCIE,需核实,请查期刊官网 Author / Open Access 页面,未知,,https://www.google.com/search?q=Geospatial+Health+aims+scope+instructions+for+authors+APC
1032,4-Q3,0,Audiology and Neurotology,AUDIOL NEUROTOL,1420-3030,1421-9700,1.4,1.8,Q3,34/67,Q3,Q3,0.58,50.0,44.0,2246.0,AUDIOLOGY & SPEECH-LANGUAGE PATHOLOGY; NEUROSCIENCES; OTORHINOLARYNGOLOGY,AUDIOLOGY & SPEECH-LANGUAGE PATHOLOGY(JIF Q3/JCI Q3) | NEUROSCIENCES(JIF Q4/JCI Q3) | OTORHINOLARYNGOLOGY(JIF Q3/JCI Q3),KARGER,Karger,是,SCIE,混合/OA,"因刊而异，常见 USD 2,500-3,800",中,https://karger.com/pages/Open-Access,https://www.google.com/search?q=Audiology+and+Neurotology+aims+scope+instructions+for+authors+APC
1033,4-Q3,0,Sports Engineering,SPORTS ENG,1369-7072,1460-2687,1.4,1.5,Q3,94/136,Q3,Q3,0.56,31.3,44.0,739.0,SPORT SCIENCES,SPORT SCIENCES(JIF Q3/JCI Q3),SPRINGER LONDON LTD,Springer,否,ESCI,混合为主,"订阅路线通常无APC；选OA约 USD 2,790-4,290",中,https://www.springer.com/gp/open-access,https://www.google.com/search?q=Sports+Engineering+aims+scope+instructions+for+authors+APC
1034,4-Q3,0,CONTEMPORARY FAMILY THERAPY,CONTEMP FAM THER,0892-2764,1573-3335,1.4,1.7,Q3,127/184,Q3,Q3,0.44,31.3,44.0,939.0,"PSYCHOLOGY, CLINICAL","PSYCHOLOGY, CLINICAL(JIF Q3/JCI Q3)",SPRINGER,Springer,否,ESCI,混合为主,"订阅路线通常无APC；选OA约 USD 2,790-4,290",中,https://www.springer.com/gp/open-access,https://www.google.com/search?q=CONTEMPORARY+FAMILY+THERAPY+aims+scope+instructions+for+authors+APC
1035,4-Q3,0,NURSE PRACTITIONER,NURSE PRACT,0361-1817,1538-8662,1.1,0.9,Q3,141/194,Q4,Q4,0.42,27.6,44.0,550.0,NURSING,NURSING(JIF Q3/JCI Q4),LIPPINCOTT WILLIAMS & WILKINS,Wolters Kluwer/LWW,否,ESCI,混合为主,"订阅路线通常无APC；OA常见 USD 2,000-4,000；MEDICINE已拉黑",中,https://wkauthorservices.editage.com/open-access/,https://www.google.com/search?q=NURSE+PRACTITIONER+aims+scope+instructions+for+authors+APC
1036,4-Q3,0,JOURNAL OF COMPARATIVE PHYSIOLOGY A-NEUROETHOLOGY SENSORY NEURAL AND BEHAVIORAL PHYSIOLOGY,J COMP PHYSIOL A,0340-7594,1432-1351,2.3,2.5,Q3,22/183,Q3,Q2,0.73,28.6,43.0,4947.0,NEUROSCIENCES,NEUROSCIENCES(JIF Q3/JCI Q3),SPRINGER HEIDELBERG,Springer,是,SCIE,混合为主,"订阅路线通常无APC；选OA约 USD 2,790-4,290",中,https://www.springer.com/gp/open-access,https://www.google.com/search?q=JOURNAL+OF+COMPARATIVE+PHYSIOLOGY+A-NEUROETHOLOGY+SENSORY+NEURAL+AND+BEHAVIORAL+PHYSIOLOGY+aims+scope+instructions+for+authors+APC
1037,4-Q3,0,Sex Education-Sexuality Society and Learning,SEX EDUC-SEX SOC LEA,1468-1811,1472-0825,2.1,2.9,Q3,235/760,Q2,Q2,0.7,48.0,43.0,2050.0,"PUBLIC, ENVIRONMENTAL & OCCUPATIONAL HEALTH","PUBLIC, ENVIRONMENTAL & OCCUPATIONAL HEALTH(JIF Q3/JCI Q2)","ROUTLEDGE JOURNALS, TAYLOR & FRANCIS LTD",Taylor & Francis,否,SSCI,混合为主,"订阅路线通常无APC；Open Select常见 USD 2,500-3,500",中,https://authorservices.taylorandfrancis.com/publishing-open-access/,https://www.google.com/search?q=Sex+Education-Sexuality+Society+and+Learning+aims+scope+instructions+for+authors+APC
1038,4-Q3,0,International Neurourology Journal,INT NEUROUROL J,2093-4777,2093-6931,2.0,2.3,Q3,72/134,Q2,Q2,0.66,46.6,43.0,1220.0,UROLOGY & NEPHROLOGY,UROLOGY & NEPHROLOGY(JIF Q3/JCI Q2),KOREAN CONTINENCE SOC,其他,是,SCIE,需核实,请查期刊官网 Author / Open Access 页面,未知,,https://www.google.com/search?q=International+Neurourology+Journal+aims+scope+instructions+for+authors+APC
1039,4-Q3,0,Sleep and Biological Rhythms,SLEEP BIOL RHYTHMS,1446-9235,1479-8425,2.0,2.0,Q3,188/296,Q4,Q4,0.42,36.7,43.0,1283.0,CLINICAL NEUROLOGY; NEUROSCIENCES,CLINICAL NEUROLOGY(JIF Q3/JCI Q4) | NEUROSCIENCES(JIF Q4/JCI Q4),SPRINGER JAPAN KK,Springer,是,SCIE,混合为主,"订阅路线通常无APC；选OA约 USD 2,790-4,290",中,https://www.springer.com/gp/open-access,https://www.google.com/search?q=Sleep+and+Biological+Rhythms+aims+scope+instructions+for+authors+APC
1040,4-Q3,0,Frontiers in Sleep,FRONT SLEEP,,2813-2890,2.0,2.0,Q3,188/296,Q4,Q4,0.34,36.7,43.0,289.0,CLINICAL NEUROLOGY; NEUROSCIENCES,CLINICAL NEUROLOGY(JIF Q3/JCI Q4) | NEUROSCIENCES(JIF Q4/JCI Q4),FRONTIERS MEDIA SA,Frontiers,否,ESCI,全OA,"约 CHF 1,495-3,150（Frontiers in Medicine A类=CHF 3,150）",高,https://www.frontiersin.org/about/fee-policy,https://www.google.com/search?q=Frontiers+in+Sleep+aims+scope+instructions+for+authors+APC
1041,4-Q3,0,RHEUMATIC DISEASE CLINICS OF NORTH AMERICA,RHEUM DIS CLIN N AM,0889-857X,1558-3163,1.7,3.0,Q3,40/58,Q2,Q2,0.72,31.9,43.0,2716.0,RHEUMATOLOGY,RHEUMATOLOGY(JIF Q3/JCI Q2),W B SAUNDERS CO-ELSEVIER INC,Elsevier,是,SCIE,混合为主,"订阅路线通常无APC；Gold OA常见 USD 2,200-4,200",中,https://www.elsevier.com/open-access/agreements,https://www.google.com/search?q=RHEUMATIC+DISEASE+CLINICS+OF+NORTH+AMERICA+aims+scope+instructions+for+authors+APC
1042,4-Q3,0,Journal of the Korean Association of Oral and Maxillofacial Surgeons,J KOR ASSOC ORAL MAX,2234-7550,2234-5930,1.6,1.7,Q3,104/165,Q3,Q3,0.44,37.3,43.0,1060.0,"DENTISTRY, ORAL SURGERY & MEDICINE","DENTISTRY, ORAL SURGERY & MEDICINE(JIF Q3/JCI Q3)",KOREAN ACAD ORAL & MAXILLOFACIAL SURGERY,其他,否,ESCI,需核实,请查期刊官网 Author / Open Access 页面,未知,,https://www.google.com/search?q=Journal+of+the+Korean+Association+of+Oral+and+Maxillofacial+Surgeons+aims+scope+instructions+for+authors+APC
1043,4-Q3,0,Journal of Motor Learning and Development,J MOTOR LEARN DEV,2325-3193,2325-3215,1.4,1.5,Q3,94/136,Q3,Q3,0.49,31.3,43.0,555.0,SPORT SCIENCES,SPORT SCIENCES(JIF Q3/JCI Q3),HUMAN KINETICS PUBL INC,其他,否,ESCI,需核实,请查期刊官网 Author / Open Access 页面,未知,,https://www.google.com/search?q=Journal+of+Motor+Learning+and+Development+aims+scope+instructions+for+authors+APC
1044,4-Q3,0,Journal of Ophthalmic & Vision Research,J OPHTHAL VIS RES,2008-2010,2008-322X,1.4,1.9,Q3,69/98,Q3,Q3,0.49,30.1,43.0,1551.0,OPHTHALMOLOGY,OPHTHALMOLOGY(JIF Q3/JCI Q3),KNOWLEDGE E,其他,否,ESCI,需核实,请查期刊官网 Author / Open Access 页面,未知,,https://www.google.com/search?q=Journal+of+Ophthalmic+&+Vision+Research+aims+scope+instructions+for+authors+APC
1045,4-Q3,0,JOURNAL OF BIOLOGICAL SYSTEMS,J BIOL SYST,0218-3390,1793-6470,1.3,1.4,Q3,69/106,Q3,Q3,0.42,35.4,43.0,822.0,BIOLOGY; MATHEMATICAL & COMPUTATIONAL BIOLOGY,BIOLOGY(JIF Q3/JCI Q3) | MATHEMATICAL & COMPUTATIONAL BIOLOGY(JIF Q4/JCI Q4),WORLD SCIENTIFIC PUBL CO PTE LTD,其他,是,SCIE,需核实,请查期刊官网 Author / Open Access 页面,未知,,https://www.google.com/search?q=JOURNAL+OF+BIOLOGICAL+SYSTEMS+aims+scope+instructions+for+authors+APC
1046,4-Q3,0,JOURNAL OF PAIN & PALLIATIVE CARE PHARMACOTHERAPY,J PAIN PALLIAT CARE,1536-0288,1536-0539,1.3,1.2,Q3,43/72,Q3,Q3,0.32,41.0,43.0,630.0,ANESTHESIOLOGY,ANESTHESIOLOGY(JIF Q3/JCI Q3),TAYLOR & FRANCIS INC,Taylor & Francis,否,ESCI,混合为主,"订阅路线通常无APC；Open Select常见 USD 2,500-3,500",中,https://authorservices.taylorandfrancis.com/publishing-open-access/,https://www.google.com/search?q=JOURNAL+OF+PAIN+&+PALLIATIVE+CARE+PHARMACOTHERAPY+aims+scope+instructions+for+authors+APC
1047,4-Q3,0,Tropical Life Sciences Research,TROP LIFE SCI RES,1985-3718,2180-4249,1.2,1.7,Q3,71/106,Q3,Q3,0.29,33.5,43.0,644.0,BIOLOGY,BIOLOGY(JIF Q3/JCI Q3),PENERBIT UNIV SAINS MALAYSIA,其他,否,ESCI,需核实,请查期刊官网 Author / Open Access 页面,未知,,https://www.google.com/search?q=Tropical+Life+Sciences+Research+aims+scope+instructions+for+authors+APC
1048,4-Q3,0,ZEITSCHRIFT FUR GEBURTSHILFE UND NEONATOLOGIE,Z GEBURTSH NEONATOL,0948-2393,1439-1651,0.9,0.8,Q3,140/190,Q4,Q4,0.32,26.6,43.0,347.0,OBSTETRICS & GYNECOLOGY; PEDIATRICS,OBSTETRICS & GYNECOLOGY(JIF Q4/JCI Q4) | PEDIATRICS(JIF Q3/JCI Q4),GEORG THIEME VERLAG KG,Thieme,是,SCIE,混合为主,订阅路线通常无APC；OA另计,中低,https://www.thieme.com/en-us/open-access,https://www.google.com/search?q=ZEITSCHRIFT+FUR+GEBURTSHILFE+UND+NEONATOLOGIE+aims+scope+instructions+for+authors+APC
1049,4-Q3,0,Cannabis and Cannabinoid Research,CANNABIS CANNABINOID,2578-5125,2378-8763,2.5,3.4,Q3,205/356,Q2,Q2,0.66,42.6,42.0,2420.0,PHARMACOLOGY & PHARMACY,PHARMACOLOGY & PHARMACY(JIF Q3/JCI Q2),SAGE PUBLICATIONS INC,SAGE,是,SCIE,混合为主,"订阅路线通常无APC；SAGE Choice常见 USD 2,000-4,000",中,https://us.sagepub.com/en-us/nam/sage-choice,https://www.google.com/search?q=Cannabis+and+Cannabinoid+Research+aims+scope+instructions+for+authors+APC
1050,4-Q3,0,BIOMARKERS,BIOMARKERS,1354-750X,1366-5804,2.2,2.2,Q3,127/180,Q3,Q3,0.47,29.7,42.0,2484.0,BIOTECHNOLOGY & APPLIED MICROBIOLOGY; TOXICOLOGY,BIOTECHNOLOGY & APPLIED MICROBIOLOGY(JIF Q3/JCI Q3) | TOXICOLOGY(JIF Q3/JCI Q4),TAYLOR & FRANCIS LTD,Taylor & Francis,是,SCIE,混合为主,"订阅路线通常无APC；Open Select常见 USD 2,500-3,500",中,https://authorservices.taylorandfrancis.com/publishing-open-access/,https://www.google.com/search?q=BIOMARKERS+aims+scope+instructions+for+authors+APC
1051,4-Q3,0,CLINICS IN GERIATRIC MEDICINE,CLIN GERIATR MED,0749-0690,1879-8853,2.1,4.9,Q3,53/72,Q2,Q2,0.8,27.1,42.0,4395.0,GERIATRICS & GERONTOLOGY,GERIATRICS & GERONTOLOGY(JIF Q3/JCI Q2),W B SAUNDERS CO-ELSEVIER INC,Elsevier,是,SCIE,混合为主,"订阅路线通常无APC；Gold OA常见 USD 2,200-4,200",中,https://www.elsevier.com/open-access/agreements,https://www.google.com/search?q=CLINICS+IN+GERIATRIC+MEDICINE+aims+scope+instructions+for+authors+APC
1052,4-Q3,0,International Journal of Occupational Medicine and Environmental Health,INT J OCCUP MED ENV,1232-1087,1896-494X,2.0,2.0,Q3,246/443,Q3,Q3,0.49,44.6,42.0,1883.0,"PUBLIC, ENVIRONMENTAL & OCCUPATIONAL HEALTH","PUBLIC, ENVIRONMENTAL & OCCUPATIONAL HEALTH(JIF Q3/JCI Q3)","NOFER INST OCCUPATIONAL MEDICINE, POLAND",其他,是,SCIE,需核实,请查期刊官网 Author / Open Access 页面,未知,,https://www.google.com/search?q=International+Journal+of+Occupational+Medicine+and+Environmental+Health+aims+scope+instructions+for+authors+APC
1053,4-Q3,0,EUROPEAN JOURNAL OF DERMATOLOGY,EUR J DERMATOL,1167-1122,1952-4013,1.9,2.1,Q3,58/99,Q3,Q3,0.46,41.9,42.0,2909.0,DERMATOLOGY,DERMATOLOGY(JIF Q3/JCI Q3),JLE,其他,是,SCIE,需核实,请查期刊官网 Author / Open Access 页面,未知,,https://www.google.com/search?q=EUROPEAN+JOURNAL+OF+DERMATOLOGY+aims+scope+instructions+for+authors+APC
1054,4-Q3,0,Advances in Mental Health,ADV MENT HEALTH,1838-7357,1837-4905,1.8,1.7,Q3,200/293,Q3,Q3,0.52,31.9,42.0,766.0,PSYCHIATRY,PSYCHIATRY(JIF Q3/JCI Q3),"ROUTLEDGE JOURNALS, TAYLOR & FRANCIS LTD",Taylor & Francis,否,ESCI,混合为主,"订阅路线通常无APC；Open Select常见 USD 2,500-3,500",中,https://authorservices.taylorandfrancis.com/publishing-open-access/,https://www.google.com/search?q=Advances+in+Mental+Health+aims+scope+instructions+for+authors+APC
1055,4-Q3,0,International Journal of Paleopathology,INT J PALEOPATHOL,1879-9817,1879-9825,1.7,1.8,Q3,26/58,Q2,Q2,0.72,38.8,42.0,1171.0,PATHOLOGY,PATHOLOGY(JIF Q3/JCI Q2),ELSEVIER SCIENCE INC,Elsevier,是,SCIE,混合为主,"订阅路线通常无APC；Gold OA常见 USD 2,200-4,200",中,https://www.elsevier.com/open-access/agreements,https://www.google.com/search?q=International+Journal+of+Paleopathology+aims+scope+instructions+for+authors+APC
1056,4-Q3,0,Thoracic Surgery Clinics,THORAC SURG CLIN,1547-4127,1558-5069,1.6,1.8,Q3,176/321,Q3,Q3,0.59,45.3,42.0,1376.0,RESPIRATORY SYSTEM; SURGERY,RESPIRATORY SYSTEM(JIF Q3/JCI Q3) | SURGERY(JIF Q3/JCI Q3),W B SAUNDERS CO-ELSEVIER INC,Elsevier,是,SCIE,混合为主,"订阅路线通常无APC；Gold OA常见 USD 2,200-4,200",中,https://www.elsevier.com/open-access/agreements,https://www.google.com/search?q=Thoracic+Surgery+Clinics+aims+scope+instructions+for+authors+APC
1057,4-Q3,0,GERODONTOLOGY,GERODONTOLOGY,0734-0664,1741-2358,1.6,2.5,Q3,104/165,Q3,Q3,0.49,37.3,42.0,2526.0,"DENTISTRY, ORAL SURGERY & MEDICINE; GERIATRICS & GERONTOLOGY","DENTISTRY, ORAL SURGERY & MEDICINE(JIF Q3/JCI Q3) | GERIATRICS & GERONTOLOGY(JIF Q4/JCI Q4)",WILEY,Wiley,是,SCIE,混合为主,"订阅路线通常无APC；OnlineOpen常见 USD 3,200-4,700",中,https://authorservices.wiley.com/author-resources/Journal-Authors/open-access/article-publication-charges.html,https://www.google.com/search?q=GERODONTOLOGY+aims+scope+instructions+for+authors+APC
1058,4-Q3,0,BIOELECTROMAGNETICS,BIOELECTROMAGNETICS,0197-8462,1521-186X,1.6,1.8,Q3,64/106,Q3,Q3,0.38,40.1,42.0,2285.0,BIOLOGY,BIOLOGY(JIF Q3/JCI Q3),WILEY,Wiley,是,SCIE,混合为主,"订阅路线通常无APC；OnlineOpen常见 USD 3,200-4,700",中,https://authorservices.wiley.com/author-resources/Journal-Authors/open-access/article-publication-charges.html,https://www.google.com/search?q=BIOELECTROMAGNETICS+aims+scope+instructions+for+authors+APC
1059,4-Q3,0,Journal of Scleroderma and Related Disorders,J SCLERODERMA RELAT,2397-1983,2397-1991,1.5,2.1,Q3,41/58,Q4,Q4,0.3,30.2,42.0,778.0,RHEUMATOLOGY,RHEUMATOLOGY(JIF Q3/JCI Q4),BMJ PUBLISHING GROUP,BMJ,否,ESCI,混合/全OA,"BMJ Open约GBP 2,175；旗舰刊更高",高,https://authors.bmj.com/open-access/,https://www.google.com/search?q=Journal+of+Scleroderma+and+Related+Disorders+aims+scope+instructions+for+authors+APC
1060,4-Q3,0,NEUROPEDIATRICS,NEUROPEDIATRICS,0174-304X,1439-1899,1.3,1.6,Q3,118/190,Q3,Q3,0.46,38.2,42.0,1928.0,CLINICAL NEUROLOGY; PEDIATRICS,CLINICAL NEUROLOGY(JIF Q4/JCI Q4) | PEDIATRICS(JIF Q3/JCI Q3),GEORG THIEME VERLAG KG,Thieme,是,SCIE,混合为主,订阅路线通常无APC；OA另计,中低,https://www.thieme.com/en-us/open-access,https://www.google.com/search?q=NEUROPEDIATRICS+aims+scope+instructions+for+authors+APC
1061,4-Q3,0,Turkish Journal of Anaesthesiology and Reanimation,TURK J ANAESTHESIOL,,2667-6370,1.2,1.1,Q3,46/72,Q3,Q3,0.35,36.8,42.0,727.0,ANESTHESIOLOGY,ANESTHESIOLOGY(JIF Q3/JCI Q3),GALENOS PUBL HOUSE,其他,否,ESCI,需核实,请查期刊官网 Author / Open Access 页面,未知,,https://www.google.com/search?q=Turkish+Journal+of+Anaesthesiology+and+Reanimation+aims+scope+instructions+for+authors+APC
1062,4-Q3,0,JOURNAL OF AGRICULTURAL BIOLOGICAL AND ENVIRONMENTAL STATISTICS,J AGR BIOL ENVIR ST,1085-7117,1537-2693,1.1,1.5,Q3,100/170,Q3,Q3,0.46,31.6,42.0,1756.0,BIOLOGY; MATHEMATICAL & COMPUTATIONAL BIOLOGY,BIOLOGY(JIF Q3/JCI Q3) | MATHEMATICAL & COMPUTATIONAL BIOLOGY(JIF Q4/JCI Q4),SPRINGER,Springer,是,SCIE,混合为主,"订阅路线通常无APC；选OA约 USD 2,790-4,290",中,https://www.springer.com/gp/open-access,https://www.google.com/search?q=JOURNAL+OF+AGRICULTURAL+BIOLOGICAL+AND+ENVIRONMENTAL+STATISTICS+aims+scope+instructions+for+authors+APC
1063,4-Q3,0,Journal of Korean Academy of Nursing,J KOREAN ACAD NURS,2005-3673,2093-758X,1.1,1.2,Q3,141/194,Q4,Q4,0.43,27.6,42.0,1169.0,NURSING,NURSING(JIF Q3/JCI Q4),KOREAN SOC NURSING SCIENCE,其他,是,"SCIE, SSCI",需核实,请查期刊官网 Author / Open Access 页面,未知,,https://www.google.com/search?q=Journal+of+Korean+Academy+of+Nursing+aims+scope+instructions+for+authors+APC
1064,4-Q3,0,ELECTRONIC JOURNAL OF BIOTECHNOLOGY,ELECTRON J BIOTECHN,0717-3458,0717-3458,3.2,3.0,Q3,95/180,Q2,Q2,0.64,47.5,41.0,2239.0,BIOTECHNOLOGY & APPLIED MICROBIOLOGY,BIOTECHNOLOGY & APPLIED MICROBIOLOGY(JIF Q3/JCI Q2),PONTIFICIA UNIV CATOLICA VALPARAISO,其他,是,SCIE,需核实,请查期刊官网 Author / Open Access 页面,未知,,https://www.google.com/search?q=ELECTRONIC+JOURNAL+OF+BIOTECHNOLOGY+aims+scope+instructions+for+authors+APC
1065,4-Q3,0,AMINO ACIDS,AMINO ACIDS,0939-4451,1438-2199,3.2,3.8,Q3,185/328,Q3,Q3,0.54,43.8,41.0,10859.0,BIOCHEMISTRY & MOLECULAR BIOLOGY,BIOCHEMISTRY & MOLECULAR BIOLOGY(JIF Q3/JCI Q3),SPRINGER WIEN,Springer,是,SCIE,混合为主,"订阅路线通常无APC；选OA约 USD 2,790-4,290",中,https://www.springer.com/gp/open-access,https://www.google.com/search?q=AMINO+ACIDS+aims+scope+instructions+for+authors+APC
1066,4-Q3,0,Thyroid Research,THYROID RES,,1756-6614,2.8,2.6,Q3,117/198,Q3,Q3,0.44,41.2,41.0,634.0,ENDOCRINOLOGY & METABOLISM,ENDOCRINOLOGY & METABOLISM(JIF Q3/JCI Q3),BMC,BMC,否,ESCI,全OA,"约 USD 1,990-2,890（旗舰刊更高）",高,https://www.biomedcentral.com/getpublished/article-processing-charges,https://www.google.com/search?q=Thyroid+Research+aims+scope+instructions+for+authors+APC
1067,4-Q3,0,Neuropeptides,NEUROPEPTIDES,0143-4179,1532-2785,2.7,2.7,Q3,120/198,Q3,Q3,0.6,39.6,41.0,2373.0,ENDOCRINOLOGY & METABOLISM; NEUROSCIENCES,ENDOCRINOLOGY & METABOLISM(JIF Q3/JCI Q3) | NEUROSCIENCES(JIF Q3/JCI Q3),ELSEVIER,Elsevier,是,SCIE,混合为主,"订阅路线通常无APC；Gold OA常见 USD 2,200-4,200",中,https://www.elsevier.com/open-access/agreements,https://www.google.com/search?q=Neuropeptides+aims+scope+instructions+for+authors+APC
1068,4-Q3,0,JOURNAL OF FOOD SAFETY,J FOOD SAFETY,0149-6085,1745-4565,2.7,2.5,Q3,110/187,Q3,Q3,0.44,38.1,41.0,2529.0,BIOTECHNOLOGY & APPLIED MICROBIOLOGY,BIOTECHNOLOGY & APPLIED MICROBIOLOGY(JIF Q3/JCI Q3),WILEY,Wiley,是,SCIE,混合为主,"订阅路线通常无APC；OnlineOpen常见 USD 3,200-4,700",中,https://authorservices.wiley.com/author-resources/Journal-Authors/open-access/article-publication-charges.html,https://www.google.com/search?q=JOURNAL+OF+FOOD+SAFETY+aims+scope+instructions+for+authors+APC
1069,4-Q3,0,NEOPLASMA,NEOPLASMA,0028-2685,1338-4317,2.5,2.1,Q3,204/333,Q3,Q3,0.47,38.9,41.0,2523.0,ONCOLOGY,ONCOLOGY(JIF Q3/JCI Q3),AEPRESS SRO,其他,是,SCIE,需核实,请查期刊官网 Author / Open Access 页面,未知,,https://www.google.com/search?q=NEOPLASMA+aims+scope+instructions+for+authors+APC
1070,4-Q3,0,ACTA NEUROPSYCHIATRICA,ACTA NEUROPSYCHIATR,0924-2708,1601-5215,2.4,2.7,Q3,151/293,Q3,Q3,0.65,48.6,41.0,1638.0,NEUROSCIENCES; PSYCHIATRY,NEUROSCIENCES(JIF Q3/JCI Q3) | PSYCHIATRY(JIF Q3/JCI Q3),CAMBRIDGE UNIV PRESS,Cambridge UP,是,SCIE,混合为主,订阅路线通常无APC；Gold OA因刊而异,中,https://www.cambridge.org/core/open-research/open-access,https://www.google.com/search?q=ACTA+NEUROPSYCHIATRICA+aims+scope+instructions+for+authors+APC
1071,4-Q3,0,OPHTHALMIC RESEARCH,OPHTHALMIC RES,0030-3747,1423-0259,2.1,2.4,Q3,51/98,Q2,Q2,0.86,48.5,41.0,2565.0,OPHTHALMOLOGY,OPHTHALMOLOGY(JIF Q3/JCI Q2),KARGER,Karger,是,SCIE,混合/OA,"因刊而异，常见 USD 2,500-3,800",中,https://karger.com/pages/Open-Access,https://www.google.com/search?q=OPHTHALMIC+RESEARCH+aims+scope+instructions+for+authors+APC
1072,4-Q3,0,DEVELOPMENTAL NEUROSCIENCE,DEV NEUROSCI-BASEL,0378-5866,1421-9859,2.1,2.6,Q3,21/39,Q3,Q3,0.57,25.6,41.0,2133.0,NEUROSCIENCES,NEUROSCIENCES(JIF Q3/JCI Q3),KARGER,Karger,是,SCIE,混合/OA,"因刊而异，常见 USD 2,500-3,800",中,https://karger.com/pages/Open-Access,https://www.google.com/search?q=DEVELOPMENTAL+NEUROSCIENCE+aims+scope+instructions+for+authors+APC
1073,4-Q3,0,Journal of Medical Ultrasonics,J MED ULTRASON,1346-4523,1613-2254,2.1,2.0,Q3,114/217,Q3,Q3,0.47,47.7,41.0,1123.0,"RADIOLOGY, NUCLEAR MEDICINE & MEDICAL IMAGING","RADIOLOGY, NUCLEAR MEDICINE & MEDICAL IMAGING(JIF Q3/JCI Q3)",SPRINGER JAPAN KK,Springer,是,SCIE,混合为主,"订阅路线通常无APC；选OA约 USD 2,790-4,290",中,https://www.springer.com/gp/open-access,https://www.google.com/search?q=Journal+of+Medical+Ultrasonics+aims+scope+instructions+for+authors+APC
1074,4-Q3,0,Global Medical Genetics,GLOB MED GENET,2699-9404,2699-9404,2.1,1.8,Q3,125/192,Q4,Q4,0.42,35.2,41.0,364.0,GENETICS & HEREDITY,GENETICS & HEREDITY(JIF Q3/JCI Q4),KEAI PUBLISHING LTD,其他,否,ESCI,需核实,请查期刊官网 Author / Open Access 页面,未知,,https://www.google.com/search?q=Global+Medical+Genetics+aims+scope+instructions+for+authors+APC
1075,4-Q3,0,Revista de Gastroenterologia de Mexico,REV GASTROENTEROL ME,0375-0906,0375-0906,2.0,1.7,Q3,106/153,Q3,Q3,0.39,31.0,41.0,714.0,GASTROENTEROLOGY & HEPATOLOGY,GASTROENTEROLOGY & HEPATOLOGY(JIF Q3/JCI Q3),ELSEVIER,Elsevier,否,ESCI,混合为主,"订阅路线通常无APC；Gold OA常见 USD 2,200-4,200",中,https://www.elsevier.com/open-access/agreements,https://www.google.com/search?q=Revista+de+Gastroenterologia+de+Mexico+aims+scope+instructions+for+authors+APC
1076,4-Q3,0,CYTOGENETIC AND GENOME RESEARCH,CYTOGENET GENOME RES,1424-8581,1424-859X,2.0,1.8,Q3,131/192,Q4,Q4,0.27,32.0,41.0,2282.0,CELL BIOLOGY; GENETICS & HEREDITY,CELL BIOLOGY(JIF Q4/JCI Q4) | GENETICS & HEREDITY(JIF Q3/JCI Q4),KARGER,Karger,是,SCIE,混合/OA,"因刊而异，常见 USD 2,500-3,800",中,https://karger.com/pages/Open-Access,https://www.google.com/search?q=CYTOGENETIC+AND+GENOME+RESEARCH+aims+scope+instructions+for+authors+APC
1077,4-Q3,0,JOURNAL OF CONTINUING EDUCATION IN THE HEALTH PROFESSIONS,J CONTIN EDUC HEALTH,0894-1912,1554-558X,1.8,1.8,Q3,42/89,Q3,Q2,0.62,30.2,41.0,1678.0,HEALTH CARE SCIENCES & SERVICES,HEALTH CARE SCIENCES & SERVICES(JIF Q3/JCI Q3),LIPPINCOTT WILLIAMS & WILKINS,Wolters Kluwer/LWW,是,SCIE,混合为主,"订阅路线通常无APC；OA常见 USD 2,000-4,000；MEDICINE已拉黑",中,https://wkauthorservices.editage.com/open-access/,https://www.google.com/search?q=JOURNAL+OF+CONTINUING+EDUCATION+IN+THE+HEALTH+PROFESSIONS+aims+scope+instructions+for+authors+APC
1078,4-Q3,0,MEDICINE SCIENCE AND THE LAW,MED SCI LAW,0025-8024,2042-1818,1.7,2.1,Q3,80/443,Q3,Q2,0.72,47.9,41.0,1149.0,"MEDICINE, LEGAL","MEDICINE, LEGAL(JIF Q3/JCI Q3)",SAGE PUBLICATIONS INC,SAGE,是,SSCI; SCIE,混合为主,"订阅路线通常无APC；SAGE Choice常见 USD 2,000-4,000",中,https://us.sagepub.com/en-us/nam/sage-choice,https://www.google.com/search?q=MEDICINE+SCIENCE+AND+THE+LAW+aims+scope+instructions+for+authors+APC
1079,4-Q3,0,Lymphatic Research and Biology,LYMPHAT RES BIOL,1539-6851,1557-8585,1.7,2.0,Q3,141/191,Q3,Q3,0.56,26.4,41.0,1498.0,"MEDICINE, RESEARCH & EXPERIMENTAL","MEDICINE, RESEARCH & EXPERIMENTAL(JIF Q3/JCI Q3)",SAGE PUBLICATIONS INC,SAGE,是,SCIE,混合为主,"订阅路线通常无APC；SAGE Choice常见 USD 2,000-4,000",中,https://us.sagepub.com/en-us/nam/sage-choice,https://www.google.com/search?q=Lymphatic+Research+and+Biology+aims+scope+instructions+for+authors+APC
1080,4-Q3,0,Emergency Medicine International,EMERG MED INT,2090-2840,2090-2859,1.6,1.3,Q3,28/55,Q3,Q3,0.64,50.0,41.0,982.0,EMERGENCY MEDICINE,EMERGENCY MEDICINE(JIF Q3/JCI Q3),WILEY,Wiley,是,SCIE,混合为主,"订阅路线通常无APC；OnlineOpen常见 USD 3,200-4,700",中,https://authorservices.wiley.com/author-resources/Journal-Authors/open-access/article-publication-charges.html,https://www.google.com/search?q=Emergency+Medicine+International+aims+scope+instructions+for+authors+APC
1081,4-Q3,0,NEUROIMAGING CLINICS OF NORTH AMERICA,NEUROIMAG CLIN N AM,1052-5149,1557-9867,1.5,2.4,Q3,151/217,Q3,Q3,0.45,30.6,41.0,1663.0,"NEUROIMAGING; NEUROSCIENCES; RADIOLOGY, NUCLEAR MEDICINE & MEDICAL IMAGING","NEUROIMAGING(JIF Q4/JCI Q4) | NEUROSCIENCES(JIF Q4/JCI Q4) | RADIOLOGY, NUCLEAR MEDICINE & MEDICAL IMAGING(JIF Q3/JCI Q3)",W B SAUNDERS CO-ELSEVIER INC,Elsevier,是,SCIE,混合为主,"订阅路线通常无APC；Gold OA常见 USD 2,200-4,200",中,https://www.elsevier.com/open-access/agreements,https://www.google.com/search?q=NEUROIMAGING+CLINICS+OF+NORTH+AMERICA+aims+scope+instructions+for+authors+APC
1082,4-Q3,0,JOURNAL OF NERVOUS AND MENTAL DISEASE,J NERV MENT DIS,0022-3018,1539-736X,1.5,1.7,Q3,219/293,Q4,Q4,0.42,25.4,41.0,8418.0,CLINICAL NEUROLOGY; PSYCHIATRY,CLINICAL NEUROLOGY(JIF Q4/JCI Q4) | PSYCHIATRY(JIF Q3/JCI Q4),LIPPINCOTT WILLIAMS & WILKINS,Wolters Kluwer/LWW,是,"SCIE; SCIE, SSCI",混合为主,"订阅路线通常无APC；OA常见 USD 2,000-4,000；MEDICINE已拉黑",中,https://wkauthorservices.editage.com/open-access/,https://www.google.com/search?q=JOURNAL+OF+NERVOUS+AND+MENTAL+DISEASE+aims+scope+instructions+for+authors+APC
1083,4-Q3,0,Topics in Spinal Cord Injury Rehabilitation,TOP SPINAL CORD INJ,1082-0744,1945-5763,1.4,2.9,Q3,111/175,Q3,Q3,0.6,36.9,41.0,1355.0,REHABILITATION,REHABILITATION(JIF Q3/JCI Q3),AMER SPINAL INJURY ASSOC,其他,否,ESCI,需核实,请查期刊官网 Author / Open Access 页面,未知,,https://www.google.com/search?q=Topics+in+Spinal+Cord+Injury+Rehabilitation+aims+scope+instructions+for+authors+APC
1084,4-Q3,0,NEUROPATHOLOGY,NEUROPATHOLOGY,0919-6544,1440-1789,1.3,1.6,Q3,64/89,Q4,Q4,0.41,28.7,41.0,1856.0,CLINICAL NEUROLOGY; NEUROSCIENCES; PATHOLOGY,CLINICAL NEUROLOGY(JIF Q4/JCI Q4) | NEUROSCIENCES(JIF Q4/JCI Q4) | PATHOLOGY(JIF Q3/JCI Q4),WILEY,Wiley,是,SCIE,混合为主,"订阅路线通常无APC；OnlineOpen常见 USD 3,200-4,700",中,https://authorservices.wiley.com/author-resources/Journal-Authors/open-access/article-publication-charges.html,https://www.google.com/search?q=NEUROPATHOLOGY+aims+scope+instructions+for+authors+APC
1085,4-Q3,0,JOURNAL OF BIOLOGICAL EDUCATION,J BIOL EDUC,0021-9266,2157-6009,1.2,1.7,Q3,430/760,Q2,Q2,0.51,33.5,41.0,1243.0,BIOLOGY,BIOLOGY(JIF Q3/JCI Q2),"ROUTLEDGE JOURNALS, TAYLOR & FRANCIS LTD",Taylor & Francis,是,SCIE; SSCI,混合为主,"订阅路线通常无APC；Open Select常见 USD 2,500-3,500",中,https://authorservices.taylorandfrancis.com/publishing-open-access/,https://www.google.com/search?q=JOURNAL+OF+BIOLOGICAL+EDUCATION+aims+scope+instructions+for+authors+APC
1086,4-Q3,0,Surgery in Practice and Science,SURG PRACT SCI,2666-2620,2666-2620,1.2,1.1,Q3,219/321,Q3,Q3,0.38,31.9,41.0,275.0,SURGERY,SURGERY(JIF Q3/JCI Q3),ELSEVIER,Elsevier,否,ESCI,混合为主,"订阅路线通常无APC；Gold OA常见 USD 2,200-4,200",中,https://www.elsevier.com/open-access/agreements,https://www.google.com/search?q=Surgery+in+Practice+and+Science+aims+scope+instructions+for+authors+APC
1087,4-Q3,0,FOOD TECHNOLOGY AND BIOTECHNOLOGY,FOOD TECHNOL BIOTECH,1330-9862,1334-2606,2.9,3.6,Q3,103/180,Q3,Q3,0.5,43.1,40.0,3068.0,BIOTECHNOLOGY & APPLIED MICROBIOLOGY,BIOTECHNOLOGY & APPLIED MICROBIOLOGY(JIF Q3/JCI Q3),FACULTY FOOD TECHNOLOGY BIOTECHNOLOGY,其他,是,SCIE,需核实,请查期刊官网 Author / Open Access 页面,未知,,https://www.google.com/search?q=FOOD+TECHNOLOGY+AND+BIOTECHNOLOGY+aims+scope+instructions+for+authors+APC
1088,4-Q3,0,INTERNATIONAL JOURNAL OF HEALTH CARE QUALITY ASSURANCE,INT J HEALTH CARE Q,0952-6862,1758-6542,2.0,1.9,Q3,80/125,Q3,Q3,0.7,36.4,40.0,1124.0,HEALTH POLICY & SERVICES,HEALTH POLICY & SERVICES(JIF Q3/JCI Q3),EMERALD GROUP PUBLISHING LTD,其他,否,ESCI,需核实,请查期刊官网 Author / Open Access 页面,未知,,https://www.google.com/search?q=INTERNATIONAL+JOURNAL+OF+HEALTH+CARE+QUALITY+ASSURANCE+aims+scope+instructions+for+authors+APC
1089,4-Q3,0,International Journal of Particle Therapy,INT J PART THER,,2331-5180,2.0,2.5,Q3,122/217,Q3,Q3,0.57,44.0,40.0,676.0,"ONCOLOGY; RADIOLOGY, NUCLEAR MEDICINE & MEDICAL IMAGING","ONCOLOGY(JIF Q4/JCI Q3) | RADIOLOGY, NUCLEAR MEDICINE & MEDICAL IMAGING(JIF Q3/JCI Q3)",ELSEVIER,Elsevier,否,ESCI,混合为主,"订阅路线通常无APC；Gold OA常见 USD 2,200-4,200",中,https://www.elsevier.com/open-access/agreements,https://www.google.com/search?q=International+Journal+of+Particle+Therapy+aims+scope+instructions+for+authors+APC
1090,4-Q3,0,Revista Portuguesa de Cardiologia,REV PORT CARDIOL,0870-2551,0304-4750,2.0,1.8,Q3,143/237,Q3,Q3,0.45,39.9,40.0,1393.0,CARDIAC & CARDIOVASCULAR SYSTEMS,CARDIAC & CARDIOVASCULAR SYSTEMS(JIF Q3/JCI Q3),ELSEVIER ESPANA SLU,Elsevier,是,SCIE,混合为主,"订阅路线通常无APC；Gold OA常见 USD 2,200-4,200",中,https://www.elsevier.com/open-access/agreements,https://www.google.com/search?q=Revista+Portuguesa+de+Cardiologia+aims+scope+instructions+for+authors+APC
1091,4-Q3,0,MEDICAL ANTHROPOLOGY QUARTERLY,MED ANTHROPOL Q,0745-5194,1548-1387,1.9,2.3,Q3,27/143,Q2,Q2,0.89,44.8,40.0,1576.0,"PUBLIC, ENVIRONMENTAL & OCCUPATIONAL HEALTH; SOCIAL SCIENCES, BIOMEDICAL","PUBLIC, ENVIRONMENTAL & OCCUPATIONAL HEALTH(JIF Q3/JCI Q2) | SOCIAL SCIENCES, BIOMEDICAL(JIF Q3/JCI Q2)",WILEY,Wiley,否,SSCI,混合为主,"订阅路线通常无APC；OnlineOpen常见 USD 3,200-4,700",中,https://authorservices.wiley.com/author-resources/Journal-Authors/open-access/article-publication-charges.html,https://www.google.com/search?q=MEDICAL+ANTHROPOLOGY+QUARTERLY+aims+scope+instructions+for+authors+APC
1092,4-Q3,0,Transgender Health,TRANSGENDER HEALTH,2688-4887,2380-193X,1.8,3.2,Q3,102/184,Q3,Q3,0.61,44.8,40.0,2066.0,"PSYCHOLOGY, CLINICAL; PUBLIC, ENVIRONMENTAL & OCCUPATIONAL HEALTH; SOCIAL SCIENCES, BIOMEDICAL","PSYCHOLOGY, CLINICAL(JIF Q3/JCI Q3) | PUBLIC, ENVIRONMENTAL & OCCUPATIONAL HEALTH(JIF Q3/JCI Q3) | SOCIAL SCIENCES, BIOMEDICAL(JIF Q3/JCI Q3)",SAGE PUBLICATIONS INC,SAGE,是,"SSCI; SCIE, SSCI",混合为主,"订阅路线通常无APC；SAGE Choice常见 USD 2,000-4,000",中,https://us.sagepub.com/en-us/nam/sage-choice,https://www.google.com/search?q=Transgender+Health+aims+scope+instructions+for+authors+APC
1093,4-Q3,0,Tobacco Use Insights,TOB USE INSIGHTS,1179-173X,1179-173X,1.8,2.1,Q3,273/443,Q3,Q3,0.57,38.5,40.0,374.0,"PUBLIC, ENVIRONMENTAL & OCCUPATIONAL HEALTH","PUBLIC, ENVIRONMENTAL & OCCUPATIONAL HEALTH(JIF Q3/JCI Q3)",SAGE PUBLICATIONS LTD,SAGE,否,ESCI,混合为主,"订阅路线通常无APC；SAGE Choice常见 USD 2,000-4,000",中,https://us.sagepub.com/en-us/nam/sage-choice,https://www.google.com/search?q=Tobacco+Use+Insights+aims+scope+instructions+for+authors+APC
1094,4-Q3,0,ACTA PHARMACEUTICA,ACTA PHARMACEUT,1330-0075,1846-9558,1.8,2.3,Q3,258/356,Q3,Q3,0.45,27.7,40.0,1492.0,PHARMACOLOGY & PHARMACY,PHARMACOLOGY & PHARMACY(JIF Q3/JCI Q3),Paradigm Publishing Services-De Gruyter Brill Sp Zoo,De Gruyter,是,SCIE,混合/OA,因刊而异,中,https://www.degruyter.com/publishing/publications/openaccess,https://www.google.com/search?q=ACTA+PHARMACEUTICA+aims+scope+instructions+for+authors+APC
1095,4-Q3,0,ABCD-Arquivos Brasileiros de Cirurgia Digestiva-Brazilian Archives of Digestive Surgery,ABCD-ARQ BRAS CIR DI,0102-6720,2317-6326,1.8,1.5,Q3,112/153,Q4,Q4,0.31,27.1,40.0,1080.0,GASTROENTEROLOGY & HEPATOLOGY,GASTROENTEROLOGY & HEPATOLOGY(JIF Q3/JCI Q4),COLEGIO BRASILEIRO CIRURGIA DIGESTIVA-CBCD,其他,否,ESCI,需核实,请查期刊官网 Author / Open Access 页面,未知,,https://www.google.com/search?q=ABCD-Arquivos+Brasileiros+de+Cirurgia+Digestiva-Brazilian+Archives+of+Digestive+Surgery+aims+scope+instructions+for+authors+APC
1096,4-Q3,0,Journal of Empirical Research on Human Research Ethics,J EMPIR RES HUM RES,1556-2646,1556-2654,1.7,2.1,Q3,33/78,Q3,Q3,0.56,38.6,40.0,1338.0,MEDICAL ETHICS,MEDICAL ETHICS(JIF Q3/JCI Q3),SAGE PUBLICATIONS INC,SAGE,是,SSCI; SCIE,混合为主,"订阅路线通常无APC；SAGE Choice常见 USD 2,000-4,000",中,https://us.sagepub.com/en-us/nam/sage-choice,https://www.google.com/search?q=Journal+of+Empirical+Research+on+Human+Research+Ethics+aims+scope+instructions+for+authors+APC
1097,4-Q3,0,Dimensions of Critical Care Nursing,DIMENS CRIT CARE NUR,0730-4625,1538-8646,1.7,1.7,Q3,106/194,Q3,Q3,0.55,45.6,40.0,975.0,NURSING,NURSING(JIF Q3/JCI Q3),LIPPINCOTT WILLIAMS & WILKINS,Wolters Kluwer/LWW,否,ESCI,混合为主,"订阅路线通常无APC；OA常见 USD 2,000-4,000；MEDICINE已拉黑",中,https://wkauthorservices.editage.com/open-access/,https://www.google.com/search?q=Dimensions+of+Critical+Care+Nursing+aims+scope+instructions+for+authors+APC
1098,4-Q3,0,JOURNAL OF VISUAL IMPAIRMENT & BLINDNESS,J VISUAL IMPAIR BLIN,0145-482X,1559-1476,1.6,1.7,Q3,95/175,Q4,Q4,0.45,46.0,40.0,1608.0,REHABILITATION,REHABILITATION(JIF Q3/JCI Q4),SAGE PUBLICATIONS INC,SAGE,否,SSCI,混合为主,"订阅路线通常无APC；SAGE Choice常见 USD 2,000-4,000",中,https://us.sagepub.com/en-us/nam/sage-choice,https://www.google.com/search?q=JOURNAL+OF+VISUAL+IMPAIRMENT+&+BLINDNESS+aims+scope+instructions+for+authors+APC
1099,4-Q3,0,Spatial and Spatio-Temporal Epidemiology,SPAT SPATIO-TEMPORAL,1877-5845,1877-5853,1.5,2.1,Q3,325/443,Q3,Q3,0.54,26.7,40.0,1025.0,"PUBLIC, ENVIRONMENTAL & OCCUPATIONAL HEALTH","PUBLIC, ENVIRONMENTAL & OCCUPATIONAL HEALTH(JIF Q3/JCI Q3)",ELSEVIER SCI LTD,Elsevier,否,ESCI,混合为主,"订阅路线通常无APC；Gold OA常见 USD 2,200-4,200",中,https://www.elsevier.com/open-access/agreements,https://www.google.com/search?q=Spatial+and+Spatio-Temporal+Epidemiology+aims+scope+instructions+for+authors+APC
1100,4-Q3,0,ELECTROMAGNETIC BIOLOGY AND MEDICINE,ELECTROMAGN BIOL MED,1536-8378,1536-8386,1.5,1.7,Q3,66/106,Q2,Q2,0.52,38.2,40.0,918.0,BIOLOGY,BIOLOGY(JIF Q3/JCI Q2),TAYLOR & FRANCIS INC,Taylor & Francis,是,SCIE,混合为主,"订阅路线通常无APC；Open Select常见 USD 2,500-3,500",中,https://authorservices.taylorandfrancis.com/publishing-open-access/,https://www.google.com/search?q=ELECTROMAGNETIC+BIOLOGY+AND+MEDICINE+aims+scope+instructions+for+authors+APC
1101,4-Q3,0,APPLIED IMMUNOHISTOCHEMISTRY & MOLECULAR MORPHOLOGY,APPL IMMUNOHISTO M M,1541-2016,1533-4058,1.3,1.4,Q3,17/25,Q3,Q3,0.64,34.0,40.0,2097.0,ANATOMY & MORPHOLOGY; MEDICAL LABORATORY TECHNOLOGY; PATHOLOGY,ANATOMY & MORPHOLOGY(JIF Q3/JCI Q3) | MEDICAL LABORATORY TECHNOLOGY(JIF Q4/JCI Q3) | PATHOLOGY(JIF Q3/JCI Q3),LIPPINCOTT WILLIAMS & WILKINS,Wolters Kluwer/LWW,是,SCIE,混合为主,"订阅路线通常无APC；OA常见 USD 2,000-4,000；MEDICINE已拉黑",中,https://wkauthorservices.editage.com/open-access/,https://www.google.com/search?q=APPLIED+IMMUNOHISTOCHEMISTRY+&+MOLECULAR+MORPHOLOGY+aims+scope+instructions+for+authors+APC
1102,4-Q3,0,International Journal of Clinical and Experimental Pathology,INT J CLIN EXP PATHO,1936-2625,1936-2625,1.3,1.4,Q3,64/89,Q4,Q4,0.34,28.7,40.0,7483.0,ONCOLOGY; PATHOLOGY,ONCOLOGY(JIF Q4/JCI Q4) | PATHOLOGY(JIF Q3/JCI Q4),E-CENTURY PUBLISHING CORP,其他,否,ESCI,需核实,请查期刊官网 Author / Open Access 页面,未知,,https://www.google.com/search?q=International+Journal+of+Clinical+and+Experimental+Pathology+aims+scope+instructions+for+authors+APC
1103,4-Q3,0,Dubai Medical Journal,DUBAI MED J,,2571-726X,0.9,0.7,Q3,195/336,Q3,Q3,0.19,42.1,40.0,192.0,"MEDICINE, GENERAL & INTERNAL","MEDICINE, GENERAL & INTERNAL(JIF Q3/JCI Q3)",KNOWLEDGE E,其他,否,ESCI,需核实,请查期刊官网 Author / Open Access 页面,未知,,https://www.google.com/search?q=Dubai+Medical+Journal+aims+scope+instructions+for+authors+APC
1104,4-Q3,0,JOURNAL OF CELLULAR BIOCHEMISTRY,J CELL BIOCHEM,0730-2312,1097-4644,3.0,2.9,Q3,201/328,Q3,Q3,0.51,38.9,39.0,18559.0,BIOCHEMISTRY & MOLECULAR BIOLOGY; CELL BIOLOGY,BIOCHEMISTRY & MOLECULAR BIOLOGY(JIF Q3/JCI Q3) | CELL BIOLOGY(JIF Q3/JCI Q3),WILEY,Wiley,是,SCIE,混合为主,"订阅路线通常无APC；OnlineOpen常见 USD 3,200-4,700",中,https://authorservices.wiley.com/author-resources/Journal-Authors/open-access/article-publication-charges.html,https://www.google.com/search?q=JOURNAL+OF+CELLULAR+BIOCHEMISTRY+aims+scope+instructions+for+authors+APC
1105,4-Q3,0,JOURNAL OF IMMUNOTHERAPY,J IMMUNOTHER,1524-9557,1537-4513,2.9,3.4,Q3,100/191,Q2,Q2,0.67,47.9,39.0,3016.0,"IMMUNOLOGY; MEDICINE, RESEARCH & EXPERIMENTAL; ONCOLOGY","IMMUNOLOGY(JIF Q3/JCI Q3) | MEDICINE, RESEARCH & EXPERIMENTAL(JIF Q3/JCI Q2) | ONCOLOGY(JIF Q3/JCI Q2)",LIPPINCOTT WILLIAMS & WILKINS,Wolters Kluwer/LWW,是,SCIE,混合为主,"订阅路线通常无APC；OA常见 USD 2,000-4,000；MEDICINE已拉黑",中,https://wkauthorservices.editage.com/open-access/,https://www.google.com/search?q=JOURNAL+OF+IMMUNOTHERAPY+aims+scope+instructions+for+authors+APC
1106,4-Q3,0,MOLECULAR AND CELLULAR BIOLOGY,MOL CELL BIOL,0270-7306,1098-5549,2.8,4.3,Q3,215/328,Q3,Q3,0.48,34.6,39.0,35668.0,BIOCHEMISTRY & MOLECULAR BIOLOGY; CELL BIOLOGY,BIOCHEMISTRY & MOLECULAR BIOLOGY(JIF Q3/JCI Q3) | CELL BIOLOGY(JIF Q3/JCI Q3),TAYLOR & FRANCIS INC,Taylor & Francis,是,SCIE,混合为主,"订阅路线通常无APC；Open Select常见 USD 2,500-3,500",中,https://authorservices.taylorandfrancis.com/publishing-open-access/,https://www.google.com/search?q=MOLECULAR+AND+CELLULAR+BIOLOGY+aims+scope+instructions+for+authors+APC
1107,4-Q3,0,Revista Espanola de Quimioterapia,REV ESP QUIM,0214-3429,1988-9518,2.8,2.1,Q3,181/356,Q3,Q3,0.46,49.3,39.0,1220.0,MICROBIOLOGY; PHARMACOLOGY & PHARMACY,MICROBIOLOGY(JIF Q3/JCI Q4) | PHARMACOLOGY & PHARMACY(JIF Q3/JCI Q3),SOCIEDAD ESPANOLA QUIMIOTERAPIA,其他,是,SCIE,需核实,请查期刊官网 Author / Open Access 页面,未知,,https://www.google.com/search?q=Revista+Espanola+de+Quimioterapia+aims+scope+instructions+for+authors+APC
1108,4-Q3,0,Advances in Medical Sciences,ADV MED SCI-POLAND,1896-1126,1898-4002,2.5,2.7,Q3,111/191,Q3,Q3,0.51,42.1,39.0,1812.0,"MEDICINE, RESEARCH & EXPERIMENTAL","MEDICINE, RESEARCH & EXPERIMENTAL(JIF Q3/JCI Q3)",ELSEVIER URBAN & PARTNER SP Z O O,Elsevier,是,SCIE,混合为主,"订阅路线通常无APC；Gold OA常见 USD 2,200-4,200",中,https://www.elsevier.com/open-access/agreements,https://www.google.com/search?q=Advances+in+Medical+Sciences+aims+scope+instructions+for+authors+APC
1109,4-Q3,0,Journal of Gastrointestinal and Liver Diseases,J GASTROINTEST LIVER,1841-8724,1842-1121,2.5,2.3,Q3,85/153,Q3,Q3,0.39,44.8,39.0,1683.0,GASTROENTEROLOGY & HEPATOLOGY,GASTROENTEROLOGY & HEPATOLOGY(JIF Q3/JCI Q3),MEDICAL UNIV PRESS,其他,是,SCIE,需核实,请查期刊官网 Author / Open Access 页面,未知,,https://www.google.com/search?q=Journal+of+Gastrointestinal+and+Liver+Diseases+aims+scope+instructions+for+authors+APC
1110,4-Q3,0,CELL AND TISSUE BANKING,CELL TISSUE BANK,1389-9333,1573-6814,2.3,2.0,Q3,86/130,Q4,Q4,0.31,34.2,39.0,1574.0,"CELL BIOLOGY; ENGINEERING, BIOMEDICAL","CELL BIOLOGY(JIF Q4/JCI Q4) | ENGINEERING, BIOMEDICAL(JIF Q3/JCI Q4)",SPRINGER,Springer,是,SCIE,混合为主,"订阅路线通常无APC；选OA约 USD 2,790-4,290",中,https://www.springer.com/gp/open-access,https://www.google.com/search?q=CELL+AND+TISSUE+BANKING+aims+scope+instructions+for+authors+APC
1111,4-Q3,0,Seminars in Thoracic and Cardiovascular Surgery,SEMIN THORAC CARDIOV,1043-0679,1532-9488,2.2,2.4,Q3,132/237,Q2,Q2,0.77,44.5,39.0,2179.0,CARDIAC & CARDIOVASCULAR SYSTEMS,CARDIAC & CARDIOVASCULAR SYSTEMS(JIF Q3/JCI Q2),ELSEVIER INC,Elsevier,是,SCIE,混合为主,"订阅路线通常无APC；Gold OA常见 USD 2,200-4,200",中,https://www.elsevier.com/open-access/agreements,https://www.google.com/search?q=Seminars+in+Thoracic+and+Cardiovascular+Surgery+aims+scope+instructions+for+authors+APC
1112,4-Q3,0,Saudi Journal of Gastroenterology,SAUDI J GASTROENTERO,1319-3767,1998-4049,2.2,2.5,Q3,96/153,Q3,Q3,0.46,37.6,39.0,1665.0,GASTROENTEROLOGY & HEPATOLOGY,GASTROENTEROLOGY & HEPATOLOGY(JIF Q3/JCI Q3),WOLTERS KLUWER MEDKNOW PUBLICATIONS,Wolters Kluwer/LWW,是,SCIE,混合为主,"订阅路线通常无APC；OA常见 USD 2,000-4,000；MEDICINE已拉黑",中,https://wkauthorservices.editage.com/open-access/,https://www.google.com/search?q=Saudi+Journal+of+Gastroenterology+aims+scope+instructions+for+authors+APC
1113,4-Q3,0,JOURNAL OF REPRODUCTION AND DEVELOPMENT,J REPROD DEVELOP,0916-8818,1348-4400,2.1,2.2,Q3,31/87,Q3,Q2,0.77,33.0,39.0,2397.0,REPRODUCTIVE BIOLOGY,REPRODUCTIVE BIOLOGY(JIF Q3/JCI Q3),SOCIETY REPRODUCTION & DEVELOPMENT-SRD,其他,是,SCIE,需核实,请查期刊官网 Author / Open Access 页面,未知,,https://www.google.com/search?q=JOURNAL+OF+REPRODUCTION+AND+DEVELOPMENT+aims+scope+instructions+for+authors+APC
1114,4-Q3,0,Cardiology Research and Practice,CARDIOL RES PRACT,2090-8016,2090-0597,2.1,2.1,Q3,138/237,Q3,Q3,0.48,42.0,39.0,1333.0,CARDIAC & CARDIOVASCULAR SYSTEMS,CARDIAC & CARDIOVASCULAR SYSTEMS(JIF Q3/JCI Q3),WILEY,Wiley,是,SCIE,混合为主,"订阅路线通常无APC；OnlineOpen常见 USD 3,200-4,700",中,https://authorservices.wiley.com/author-resources/Journal-Authors/open-access/article-publication-charges.html,https://www.google.com/search?q=Cardiology+Research+and+Practice+aims+scope+instructions+for+authors+APC
1115,4-Q3,0,ZEITSCHRIFT FUR NATURFORSCHUNG SECTION C-A JOURNAL OF BIOSCIENCES,Z NATURFORSCH C,0939-5075,1865-7125,2.1,2.3,Q3,240/356,Q3,Q3,0.47,32.7,39.0,3637.0,BIOCHEMISTRY & MOLECULAR BIOLOGY; PHARMACOLOGY & PHARMACY,BIOCHEMISTRY & MOLECULAR BIOLOGY(JIF Q4/JCI Q3) | PHARMACOLOGY & PHARMACY(JIF Q3/JCI Q3),WALTER DE GRUYTER GMBH,De Gruyter,是,SCIE,混合/OA,因刊而异,中,https://www.degruyter.com/publishing/publications/openaccess,https://www.google.com/search?q=ZEITSCHRIFT+FUR+NATURFORSCHUNG+SECTION+C-A+JOURNAL+OF+BIOSCIENCES+aims+scope+instructions+for+authors+APC
1116,4-Q3,0,Academic Pathology,ACAD PATHOL,2374-2895,2374-2895,2.0,1.3,Q3,50/89,Q3,Q3,0.58,44.4,39.0,528.0,PATHOLOGY,PATHOLOGY(JIF Q3/JCI Q3),ELSEVIER SCIENCE INC,Elsevier,否,ESCI,混合为主,"订阅路线通常无APC；Gold OA常见 USD 2,200-4,200",中,https://www.elsevier.com/open-access/agreements,https://www.google.com/search?q=Academic+Pathology+aims+scope+instructions+for+authors+APC
1117,4-Q3,0,Clinical and Translational Neuroscience,CLIN TRANSL NEUROSCI,,2514-183X,2.0,,Q3,188/296,Q4,Q4,0.35,36.7,39.0,252.0,CLINICAL NEUROLOGY; NEUROSCIENCES,CLINICAL NEUROLOGY(JIF Q3/JCI Q4) | NEUROSCIENCES(JIF Q4/JCI Q4),MDPI,MDPI,否,ESCI,全OA,"约 CHF 1,600-2,900（如 JCM=CHF 2,600）",高,https://www.mdpi.com/about/apc,https://www.google.com/search?q=Clinical+and+Translational+Neuroscience+aims+scope+instructions+for+authors+APC
1118,4-Q3,0,PSYCHIATRY-INTERPERSONAL AND BIOLOGICAL PROCESSES,PSYCHIATRY,0033-2747,1943-281X,1.9,2.5,Q3,187/293,Q3,Q3,0.61,36.3,39.0,2375.0,PSYCHIATRY,PSYCHIATRY(JIF Q3/JCI Q3),"ROUTLEDGE JOURNALS, TAYLOR & FRANCIS LTD",Taylor & Francis,是,"SCIE, SSCI",混合为主,"订阅路线通常无APC；Open Select常见 USD 2,500-3,500",中,https://authorservices.taylorandfrancis.com/publishing-open-access/,https://www.google.com/search?q=PSYCHIATRY-INTERPERSONAL+AND+BIOLOGICAL+PROCESSES+aims+scope+instructions+for+authors+APC
1119,4-Q3,0,ANNALS OF HUMAN BIOLOGY,ANN HUM BIOL,0301-4460,1464-5033,1.8,2.2,Q3,33/143,Q2,Q2,0.56,48.6,39.0,2452.0,"BIOLOGY; PUBLIC, ENVIRONMENTAL & OCCUPATIONAL HEALTH","BIOLOGY(JIF Q3/JCI Q2) | PUBLIC, ENVIRONMENTAL & OCCUPATIONAL HEALTH(JIF Q3/JCI Q3)",TAYLOR & FRANCIS LTD,Taylor & Francis,是,"SSCI; SCIE; SCIE, SSCI",混合为主,"订阅路线通常无APC；Open Select常见 USD 2,500-3,500",中,https://authorservices.taylorandfrancis.com/publishing-open-access/,https://www.google.com/search?q=ANNALS+OF+HUMAN+BIOLOGY+aims+scope+instructions+for+authors+APC
1120,4-Q3,0,Asian Pacific Journal of Tropical Medicine,ASIAN PAC J TROP MED,1995-7645,2352-4146,1.8,1.6,Q3,273/443,Q4,Q4,0.39,38.5,39.0,3053.0,"PUBLIC, ENVIRONMENTAL & OCCUPATIONAL HEALTH; TROPICAL MEDICINE","PUBLIC, ENVIRONMENTAL & OCCUPATIONAL HEALTH(JIF Q3/JCI Q4) | TROPICAL MEDICINE(JIF Q3/JCI Q4)",WOLTERS KLUWER MEDKNOW PUBLICATIONS,Wolters Kluwer/LWW,是,SCIE,混合为主,"订阅路线通常无APC；OA常见 USD 2,000-4,000；MEDICINE已拉黑",中,https://wkauthorservices.editage.com/open-access/,https://www.google.com/search?q=Asian+Pacific+Journal+of+Tropical+Medicine+aims+scope+instructions+for+authors+APC
1121,4-Q3,0,JOURNAL OF DEVELOPMENTAL AND PHYSICAL DISABILITIES,J DEV PHYS DISABIL,1056-263X,1573-3580,1.6,2.3,Q3,31/62,Q2,Q2,0.96,46.0,39.0,1795.0,REHABILITATION,REHABILITATION(JIF Q3/JCI Q2),SPRINGER/PLENUM PUBLISHERS,Springer,否,SSCI,混合为主,"订阅路线通常无APC；选OA约 USD 2,790-4,290",中,https://www.springer.com/gp/open-access,https://www.google.com/search?q=JOURNAL+OF+DEVELOPMENTAL+AND+PHYSICAL+DISABILITIES+aims+scope+instructions+for+authors+APC
1122,4-Q3,0,Arts & Health,ARTS HEALTH,1753-3015,1753-3023,1.5,2.1,Q3,325/443,Q3,Q3,0.45,26.7,39.0,758.0,"PUBLIC, ENVIRONMENTAL & OCCUPATIONAL HEALTH","PUBLIC, ENVIRONMENTAL & OCCUPATIONAL HEALTH(JIF Q3/JCI Q3)","ROUTLEDGE JOURNALS, TAYLOR & FRANCIS LTD",Taylor & Francis,否,SSCI,混合为主,"订阅路线通常无APC；Open Select常见 USD 2,500-3,500",中,https://authorservices.taylorandfrancis.com/publishing-open-access/,https://www.google.com/search?q=Arts+&+Health+aims+scope+instructions+for+authors+APC
1123,4-Q3,0,Journal of the American Academy of Audiology,J AM ACAD AUDIOL,1050-0545,2157-3107,1.4,1.6,Q3,34/67,Q3,Q3,0.72,50.0,39.0,2674.0,AUDIOLOGY & SPEECH-LANGUAGE PATHOLOGY; OTORHINOLARYNGOLOGY,AUDIOLOGY & SPEECH-LANGUAGE PATHOLOGY(JIF Q3/JCI Q3) | OTORHINOLARYNGOLOGY(JIF Q3/JCI Q3),THIEME MEDICAL PUBL INC,Thieme,是,SCIE,混合为主,订阅路线通常无APC；OA另计,中低,https://www.thieme.com/en-us/open-access,https://www.google.com/search?q=Journal+of+the+American+Academy+of+Audiology+aims+scope+instructions+for+authors+APC
1124,4-Q3,0,Turk Oftalmoloji Dergisi-Turkish Journal of Ophthalmology,TURK OFTAMOL DERGISI,1300-0659,2147-2661,1.4,1.6,Q3,69/98,Q3,Q3,0.51,30.1,39.0,928.0,OPHTHALMOLOGY,OPHTHALMOLOGY(JIF Q3/JCI Q3),GALENOS PUBL HOUSE,其他,否,ESCI,需核实,请查期刊官网 Author / Open Access 页面,未知,,https://www.google.com/search?q=Turk+Oftalmoloji+Dergisi-Turkish+Journal+of+Ophthalmology+aims+scope+instructions+for+authors+APC
1125,4-Q3,0,Przeglad Dermatologiczny,PRZ DERMATOL,0033-2526,2084-9893,1.4,1.1,Q3,69/99,Q4,Q4,0.13,30.8,39.0,368.0,DERMATOLOGY,DERMATOLOGY(JIF Q3/JCI Q4),TERMEDIA PUBLISHING HOUSE LTD,其他,否,ESCI,需核实,请查期刊官网 Author / Open Access 页面,未知,,https://www.google.com/search?q=Przeglad+Dermatologiczny+aims+scope+instructions+for+authors+APC
1126,4-Q3,0,Journal of Otology,J OTOL,1672-2930,1672-2930,1.3,1.8,Q3,39/67,Q2,Q2,0.82,42.5,39.0,627.0,OTORHINOLARYNGOLOGY,OTORHINOLARYNGOLOGY(JIF Q3/JCI Q2),TSINGHUA UNIV PRESS,其他,否,ESCI,需核实,请查期刊官网 Author / Open Access 页面,未知,,https://www.google.com/search?q=Journal+of+Otology+aims+scope+instructions+for+authors+APC
1127,4-Q3,0,Journal of Child Sexual Abuse,J CHILD SEX ABUS,1053-8712,1547-0679,1.3,2.0,Q3,38/66,Q3,Q3,0.63,29.1,39.0,1879.0,"PSYCHOLOGY, CLINICAL","PSYCHOLOGY, CLINICAL(JIF Q3/JCI Q3)","ROUTLEDGE JOURNALS, TAYLOR & FRANCIS LTD",Taylor & Francis,否,SSCI,混合为主,"订阅路线通常无APC；Open Select常见 USD 2,500-3,500",中,https://authorservices.taylorandfrancis.com/publishing-open-access/,https://www.google.com/search?q=Journal+of+Child+Sexual+Abuse+aims+scope+instructions+for+authors+APC
1128,4-Q3,0,Home Health Care Management and Practice,HOME HLTH CARE MAN P,1084-8223,1552-6739,1.3,1.3,Q3,132/194,Q4,Q4,0.4,32.2,39.0,546.0,NURSING,NURSING(JIF Q3/JCI Q4),SAGE PUBLICATIONS INC,SAGE,否,ESCI,混合为主,"订阅路线通常无APC；SAGE Choice常见 USD 2,000-4,000",中,https://us.sagepub.com/en-us/nam/sage-choice,https://www.google.com/search?q=Home+Health+Care+Management+and+Practice+aims+scope+instructions+for+authors+APC
1129,4-Q3,0,CRYOLETTERS,CRYOLETTERS,0143-2044,1742-0644,1.0,1.1,Q3,75/106,Q3,Q3,0.32,29.7,39.0,961.0,BIOLOGY,BIOLOGY(JIF Q3/JCI Q3),CRYO LETTERS,其他,是,SCIE,需核实,请查期刊官网 Author / Open Access 页面,未知,,https://www.google.com/search?q=CRYOLETTERS+aims+scope+instructions+for+authors+APC
1130,4-Q3,0,WIENER MEDIZINISCHE WOCHENSCHRIFT,WIEN MED WOCHENSCHR,0043-5341,1563-258X,0.9,1.3,Q3,195/336,Q2,Q2,0.41,42.1,39.0,1162.0,"MEDICINE, GENERAL & INTERNAL","MEDICINE, GENERAL & INTERNAL(JIF Q3/JCI Q2)",SPRINGER WIEN,Springer,否,ESCI,混合为主,"订阅路线通常无APC；选OA约 USD 2,790-4,290",中,https://www.springer.com/gp/open-access,https://www.google.com/search?q=WIENER+MEDIZINISCHE+WOCHENSCHRIFT+aims+scope+instructions+for+authors+APC
1131,4-Q3,0,Clinical & Translational Immunology,CLIN TRANSL IMMUNOL,,2050-0068,3.4,4.2,Q3,93/183,Q2,Q2,0.76,49.5,38.0,2806.0,IMMUNOLOGY,IMMUNOLOGY(JIF Q3/JCI Q2),WILEY,Wiley,是,SCIE,混合为主,"订阅路线通常无APC；OnlineOpen常见 USD 3,200-4,700",中,https://authorservices.wiley.com/author-resources/Journal-Authors/open-access/article-publication-charges.html,https://www.google.com/search?q=Clinical+&+Translational+Immunology+aims+scope+instructions+for+authors+APC
1132,4-Q3,0,HIPPOCAMPUS,HIPPOCAMPUS,1050-9631,1098-1063,2.9,3.0,Q3,193/330,Q3,Q3,0.55,41.7,38.0,7005.0,NEUROSCIENCES,NEUROSCIENCES(JIF Q3/JCI Q3),WILEY,Wiley,是,SCIE,混合为主,"订阅路线通常无APC；OnlineOpen常见 USD 3,200-4,700",中,https://authorservices.wiley.com/author-resources/Journal-Authors/open-access/article-publication-charges.html,https://www.google.com/search?q=HIPPOCAMPUS+aims+scope+instructions+for+authors+APC
1133,4-Q3,0,Reumatologia,REUMATOLOGIA,0034-6233,2084-9834,2.5,,Q3,31/58,Q3,Q3,0.43,47.4,38.0,1078.0,RHEUMATOLOGY,RHEUMATOLOGY(JIF Q3/JCI Q3),TERMEDIA PUBLISHING HOUSE LTD,其他,否,ESCI,需核实,请查期刊官网 Author / Open Access 页面,未知,,https://www.google.com/search?q=Reumatologia+aims+scope+instructions+for+authors+APC
1134,4-Q3,0,EUROPEAN JOURNAL OF CONTRACEPTION AND REPRODUCTIVE HEALTH CARE,EUR J CONTRACEP REPR,1362-5187,1473-0782,2.0,2.1,Q3,78/143,Q2,Q2,0.69,45.8,38.0,1772.0,"OBSTETRICS & GYNECOLOGY; PUBLIC, ENVIRONMENTAL & OCCUPATIONAL HEALTH","OBSTETRICS & GYNECOLOGY(JIF Q3/JCI Q3) | PUBLIC, ENVIRONMENTAL & OCCUPATIONAL HEALTH(JIF Q3/JCI Q2)",TAYLOR & FRANCIS LTD,Taylor & Francis,是,SCIE,混合为主,"订阅路线通常无APC；Open Select常见 USD 2,500-3,500",中,https://authorservices.taylorandfrancis.com/publishing-open-access/,https://www.google.com/search?q=EUROPEAN+JOURNAL+OF+CONTRACEPTION+AND+REPRODUCTIVE+HEALTH+CARE+aims+scope+instructions+for+authors+APC
1135,4-Q3,0,Annals of Dermatology,ANN DERMATOL,1013-9087,2005-3894,1.9,1.9,Q3,58/99,Q3,Q3,0.58,41.9,38.0,2367.0,DERMATOLOGY,DERMATOLOGY(JIF Q3/JCI Q3),KOREAN DERMATOLOGICAL ASSOC,其他,是,SCIE,需核实,请查期刊官网 Author / Open Access 页面,未知,,https://www.google.com/search?q=Annals+of+Dermatology+aims+scope+instructions+for+authors+APC
1136,4-Q3,0,STEM CELLS AND DEVELOPMENT,STEM CELLS DEV,1547-3287,1557-8534,1.9,2.6,Q3,18/30,Q2,Q2,0.55,41.7,38.0,5694.0,"CELL & TISSUE ENGINEERING; HEMATOLOGY; MEDICINE, RESEARCH & EXPERIMENTAL; TRANSPLANTATION","CELL & TISSUE ENGINEERING(JIF Q4/JCI Q3) | HEMATOLOGY(JIF Q3/JCI Q2) | MEDICINE, RESEARCH & EXPERIMENTAL(JIF Q3/JCI Q3) | TRANSPLANTATION(JIF Q3/JCI Q3)",SAGE PUBLICATIONS INC,SAGE,是,SCIE,混合为主,"订阅路线通常无APC；SAGE Choice常见 USD 2,000-4,000",中,https://us.sagepub.com/en-us/nam/sage-choice,https://www.google.com/search?q=STEM+CELLS+AND+DEVELOPMENT+aims+scope+instructions+for+authors+APC
1137,4-Q3,0,Japan Journal of Nursing Science,JPN J NURS SCI,1742-7932,1742-7924,1.8,2.2,Q3,100/194,Q2,Q2,0.72,48.7,38.0,1319.0,NURSING,NURSING(JIF Q3/JCI Q2),WILEY,Wiley,是,"SCIE, SSCI",混合为主,"订阅路线通常无APC；OnlineOpen常见 USD 3,200-4,700",中,https://authorservices.wiley.com/author-resources/Journal-Authors/open-access/article-publication-charges.html,https://www.google.com/search?q=Japan+Journal+of+Nursing+Science+aims+scope+instructions+for+authors+APC
1138,4-Q3,0,FOLIA NEUROPATHOLOGICA,FOLIA NEUROPATHOL,1641-4640,1509-572X,1.6,1.9,Q3,57/89,Q4,Q4,0.47,36.5,38.0,1054.0,NEUROSCIENCES; PATHOLOGY,NEUROSCIENCES(JIF Q4/JCI Q4) | PATHOLOGY(JIF Q3/JCI Q4),TERMEDIA PUBLISHING HOUSE LTD,其他,是,SCIE,需核实,请查期刊官网 Author / Open Access 页面,未知,,https://www.google.com/search?q=FOLIA+NEUROPATHOLOGICA+aims+scope+instructions+for+authors+APC
1139,4-Q3,0,JOURNAL OF CARDIOVASCULAR SURGERY,J CARDIOVASC SURG,0021-9509,1827-191X,1.3,1.3,Q3,210/321,Q3,Q3,0.43,34.7,38.0,1704.0,CARDIAC & CARDIOVASCULAR SYSTEMS; PERIPHERAL VASCULAR DISEASE; SURGERY,CARDIAC & CARDIOVASCULAR SYSTEMS(JIF Q4/JCI Q3) | PERIPHERAL VASCULAR DISEASE(JIF Q4/JCI Q3) | SURGERY(JIF Q3/JCI Q3),EDIZIONI MINERVA MEDICA,其他,是,SCIE,需核实,请查期刊官网 Author / Open Access 页面,未知,,https://www.google.com/search?q=JOURNAL+OF+CARDIOVASCULAR+SURGERY+aims+scope+instructions+for+authors+APC
1140,4-Q3,0,Journal of Forensic Nursing,J FORENSIC NURS,1556-3693,1939-3938,1.1,1.3,Q3,80/113,Q3,Q3,0.54,27.6,38.0,636.0,NURSING,NURSING(JIF Q3/JCI Q3),LIPPINCOTT WILLIAMS & WILKINS,Wolters Kluwer/LWW,是,"SSCI; SCIE, SSCI",混合为主,"订阅路线通常无APC；OA常见 USD 2,000-4,000；MEDICINE已拉黑",中,https://wkauthorservices.editage.com/open-access/,https://www.google.com/search?q=Journal+of+Forensic+Nursing+aims+scope+instructions+for+authors+APC
1141,4-Q3,0,Speech Language and Hearing,SPEECH LANG HEARING,2050-571X,2050-5728,1.1,1.4,Q3,26/35,Q4,Q4,0.53,27.1,38.0,413.0,AUDIOLOGY & SPEECH-LANGUAGE PATHOLOGY,AUDIOLOGY & SPEECH-LANGUAGE PATHOLOGY(JIF Q3/JCI Q4),TAYLOR & FRANCIS LTD,Taylor & Francis,否,ESCI,混合为主,"订阅路线通常无APC；Open Select常见 USD 2,500-3,500",中,https://authorservices.taylorandfrancis.com/publishing-open-access/,https://www.google.com/search?q=Speech+Language+and+Hearing+aims+scope+instructions+for+authors+APC
1142,4-Q3,0,Acta Medica Lituanica,ACTA MED LITUANICA,1392-0138,2029-4174,0.6,,Q3,227/336,Q3,Q3,0.19,32.6,38.0,243.0,"MEDICINE, GENERAL & INTERNAL","MEDICINE, GENERAL & INTERNAL(JIF Q3/JCI Q3)",VILNIUS UNIV PRESS,其他,否,ESCI,需核实,请查期刊官网 Author / Open Access 页面,未知,,https://www.google.com/search?q=Acta+Medica+Lituanica+aims+scope+instructions+for+authors+APC
1143,4-Q3,0,Proceedings of Singapore Healthcare,PROC SINGAP HEALTHC,2010-1058,2059-2329,0.5,0.5,Q3,241/336,Q3,Q3,0.14,28.4,38.0,418.0,"MEDICINE, GENERAL & INTERNAL","MEDICINE, GENERAL & INTERNAL(JIF Q3/JCI Q3)",SAGE PUBLICATIONS INC,SAGE,否,ESCI,混合为主,"订阅路线通常无APC；SAGE Choice常见 USD 2,000-4,000",中,https://us.sagepub.com/en-us/nam/sage-choice,https://www.google.com/search?q=Proceedings+of+Singapore+Healthcare+aims+scope+instructions+for+authors+APC
1144,4-Q3,0,INTERNATIONAL IMMUNOLOGY,INT IMMUNOL,0953-8178,1460-2377,3.4,5.1,Q3,93/183,Q3,Q3,0.57,49.5,37.0,6320.0,IMMUNOLOGY,IMMUNOLOGY(JIF Q3/JCI Q3),OXFORD UNIV PRESS,Oxford UP,是,SCIE,混合为主,订阅路线通常无APC；可选OA，费用因刊而异,中,https://academic.oup.com/pages/open-research/open-access,https://www.google.com/search?q=INTERNATIONAL+IMMUNOLOGY+aims+scope+instructions+for+authors+APC
1145,4-Q3,0,CURRENT THERAPEUTIC RESEARCH-CLINICAL AND EXPERIMENTAL,CURR THER RES CLIN E,0011-393X,1879-0313,3.0,2.4,Q3,96/191,Q2,Q2,0.61,50.0,37.0,1186.0,"MEDICINE, RESEARCH & EXPERIMENTAL","MEDICINE, RESEARCH & EXPERIMENTAL(JIF Q3/JCI Q2)",ELSEVIER SCIENCE INC,Elsevier,否,ESCI,混合为主,"订阅路线通常无APC；Gold OA常见 USD 2,200-4,200",中,https://www.elsevier.com/open-access/agreements,https://www.google.com/search?q=CURRENT+THERAPEUTIC+RESEARCH-CLINICAL+AND+EXPERIMENTAL+aims+scope+instructions+for+authors+APC
1146,4-Q3,0,BMC Molecular and Cell Biology,BMC MOL CELL BIOL,,2661-8850,3.0,2.9,Q3,135/207,Q3,Q3,0.43,35.0,37.0,928.0,CELL BIOLOGY,CELL BIOLOGY(JIF Q3/JCI Q3),BMC,BMC,是,SCIE,全OA,"约 USD 1,990-2,890（旗舰刊更高）",高,https://www.biomedcentral.com/getpublished/article-processing-charges,https://www.google.com/search?q=BMC+Molecular+and+Cell+Biology+aims+scope+instructions+for+authors+APC
1147,4-Q3,0,Food Additives & Contaminants Part B-Surveillance,FOOD ADDIT CONTAM B,1939-3210,1939-3229,2.6,2.4,Q3,38/77,Q3,Q2,0.57,34.4,37.0,1376.0,TOXICOLOGY,TOXICOLOGY(JIF Q3/JCI Q3),TAYLOR & FRANCIS LTD,Taylor & Francis,是,SCIE,混合为主,"订阅路线通常无APC；Open Select常见 USD 2,500-3,500",中,https://authorservices.taylorandfrancis.com/publishing-open-access/,https://www.google.com/search?q=Food+Additives+&+Contaminants+Part+B-Surveillance+aims+scope+instructions+for+authors+APC
1148,4-Q3,0,PRACTICAL NEUROLOGY,PRACT NEUROL,1474-7758,1474-7766,2.5,4.0,Q3,161/296,Q4,Q4,0.37,45.8,37.0,2427.0,CLINICAL NEUROLOGY,CLINICAL NEUROLOGY(JIF Q3/JCI Q4),BMJ PUBLISHING GROUP,BMJ,否,ESCI,混合/全OA,"BMJ Open约GBP 2,175；旗舰刊更高",高,https://authors.bmj.com/open-access/,https://www.google.com/search?q=PRACTICAL+NEUROLOGY+aims+scope+instructions+for+authors+APC
1149,4-Q3,0,Molecular Omics,MOL OMICS,,2515-4184,2.4,3.0,Q3,244/328,Q4,Q4,0.43,25.8,37.0,1131.0,BIOCHEMISTRY & MOLECULAR BIOLOGY,BIOCHEMISTRY & MOLECULAR BIOLOGY(JIF Q3/JCI Q4),OXFORD UNIV PRESS,Oxford UP,是,SCIE,混合为主,订阅路线通常无APC；可选OA，费用因刊而异,中,https://academic.oup.com/pages/open-research/open-access,https://www.google.com/search?q=Molecular+Omics+aims+scope+instructions+for+authors+APC
1150,4-Q3,0,Current Opinion in Supportive and Palliative Care,CURR OPIN SUPPORT PA,1751-4258,1751-4266,2.3,2.3,Q3,106/194,Q4,Q4,0.45,45.6,37.0,1562.0,HEALTH CARE SCIENCES & SERVICES,HEALTH CARE SCIENCES & SERVICES(JIF Q3/JCI Q4),LIPPINCOTT WILLIAMS & WILKINS,Wolters Kluwer/LWW,是,SCIE,混合为主,"订阅路线通常无APC；OA常见 USD 2,000-4,000；MEDICINE已拉黑",中,https://wkauthorservices.editage.com/open-access/,https://www.google.com/search?q=Current+Opinion+in+Supportive+and+Palliative+Care+aims+scope+instructions+for+authors+APC
1151,4-Q3,0,International Journal of Social Determinants of Health and Health Services,INT J SOC DETER HLTH,2755-1938,2755-1946,2.2,2.2,Q3,67/125,Q2,Q2,0.75,46.8,37.0,287.0,HEALTH CARE SCIENCES & SERVICES; HEALTH POLICY & SERVICES,HEALTH CARE SCIENCES & SERVICES(JIF Q3/JCI Q2) | HEALTH POLICY & SERVICES(JIF Q3/JCI Q3),SAGE PUBLICATIONS LTD,SAGE,是,SCIE; SSCI,混合为主,"订阅路线通常无APC；SAGE Choice常见 USD 2,000-4,000",中,https://us.sagepub.com/en-us/nam/sage-choice,https://www.google.com/search?q=International+Journal+of+Social+Determinants+of+Health+and+Health+Services+aims+scope+instructions+for+authors+APC
1152,4-Q3,0,ETHNICITY & HEALTH,ETHNIC HEALTH,1355-7858,1465-3419,2.1,3.1,Q3,9/40,Q1,Q1,1.03,48.0,37.0,2877.0,"PUBLIC, ENVIRONMENTAL & OCCUPATIONAL HEALTH","PUBLIC, ENVIRONMENTAL & OCCUPATIONAL HEALTH(JIF Q3/JCI Q1)","ROUTLEDGE JOURNALS, TAYLOR & FRANCIS LTD",Taylor & Francis,是,SSCI; SCIE,混合为主,"订阅路线通常无APC；Open Select常见 USD 2,500-3,500",中,https://authorservices.taylorandfrancis.com/publishing-open-access/,https://www.google.com/search?q=ETHNICITY+&+HEALTH+aims+scope+instructions+for+authors+APC
1153,4-Q3,0,Tree Genetics & Genomes,TREE GENET GENOMES,1614-2942,1614-2950,2.1,2.1,Q3,38/92,Q3,Q2,0.56,35.2,37.0,2771.0,GENETICS & HEREDITY,GENETICS & HEREDITY(JIF Q3/JCI Q3),SPRINGER HEIDELBERG,Springer,是,SCIE,混合为主,"订阅路线通常无APC；选OA约 USD 2,790-4,290",中,https://www.springer.com/gp/open-access,https://www.google.com/search?q=Tree+Genetics+&+Genomes+aims+scope+instructions+for+authors+APC
1154,4-Q3,0,Pharmaceutical Sciences,PHARM SCI-IRAN,1735-403X,2383-2886,1.8,1.3,Q3,258/356,Q3,Q3,0.42,27.7,37.0,646.0,PHARMACOLOGY & PHARMACY,PHARMACOLOGY & PHARMACY(JIF Q3/JCI Q3),"TABRIZ UNIV MEDICAL SCIENCES, FAC PHARMACY",其他,否,ESCI,需核实,请查期刊官网 Author / Open Access 页面,未知,,https://www.google.com/search?q=Pharmaceutical+Sciences+aims+scope+instructions+for+authors+APC
1155,4-Q3,0,ULTRASONIC IMAGING,ULTRASONIC IMAGING,0161-7346,1096-0910,1.7,2.3,Q3,20/41,Q3,Q2,0.56,37.1,37.0,936.0,"ENGINEERING, BIOMEDICAL; RADIOLOGY, NUCLEAR MEDICINE & MEDICAL IMAGING","ENGINEERING, BIOMEDICAL(JIF Q4/JCI Q3) | RADIOLOGY, NUCLEAR MEDICINE & MEDICAL IMAGING(JIF Q3/JCI Q3)",SAGE PUBLICATIONS INC,SAGE,是,SCIE,混合为主,"订阅路线通常无APC；SAGE Choice常见 USD 2,000-4,000",中,https://us.sagepub.com/en-us/nam/sage-choice,https://www.google.com/search?q=ULTRASONIC+IMAGING+aims+scope+instructions+for+authors+APC
1156,4-Q3,0,Journal of Holistic Nursing,J HOLIST NURS,0898-0101,1552-5724,1.6,2.8,Q3,114/194,Q3,Q3,0.66,41.5,37.0,1388.0,NURSING,NURSING(JIF Q3/JCI Q3),SAGE PUBLICATIONS INC,SAGE,否,ESCI,混合为主,"订阅路线通常无APC；SAGE Choice常见 USD 2,000-4,000",中,https://us.sagepub.com/en-us/nam/sage-choice,https://www.google.com/search?q=Journal+of+Holistic+Nursing+aims+scope+instructions+for+authors+APC
1157,4-Q3,0,Turkish Journal of Obstetrics and Gynecology,TURK J OBSTET GYNECO,2149-9322,2149-9330,1.5,1.2,Q3,97/143,Q4,Q4,0.46,32.5,37.0,576.0,OBSTETRICS & GYNECOLOGY,OBSTETRICS & GYNECOLOGY(JIF Q3/JCI Q4),GALENOS PUBL HOUSE,其他,否,ESCI,需核实,请查期刊官网 Author / Open Access 页面,未知,,https://www.google.com/search?q=Turkish+Journal+of+Obstetrics+and+Gynecology+aims+scope+instructions+for+authors+APC
1158,4-Q3,0,Minerva Cardiology and Angiology,MINERVA CARDIOL ANGI,2724-5683,2724-5772,1.5,1.4,Q3,162/237,Q3,Q3,0.38,31.9,37.0,729.0,CARDIAC & CARDIOVASCULAR SYSTEMS,CARDIAC & CARDIOVASCULAR SYSTEMS(JIF Q3/JCI Q3),EDIZIONI MINERVA MEDICA,其他,是,SCIE,需核实,请查期刊官网 Author / Open Access 页面,未知,,https://www.google.com/search?q=Minerva+Cardiology+and+Angiology+aims+scope+instructions+for+authors+APC
1159,4-Q3,0,Archives of Plastic Surgery-APS,ARCH PLAST SURG-APS,2234-6163,2234-6171,1.4,1.7,Q3,202/321,Q3,Q3,0.58,37.2,37.0,2006.0,SURGERY,SURGERY(JIF Q3/JCI Q3),GEORG THIEME VERLAG KG,Thieme,否,ESCI,混合为主,订阅路线通常无APC；OA另计,中低,https://www.thieme.com/en-us/open-access,https://www.google.com/search?q=Archives+of+Plastic+Surgery-APS+aims+scope+instructions+for+authors+APC
1160,4-Q3,0,HIGH ALTITUDE MEDICINE & BIOLOGY,HIGH ALT MED BIOL,1527-0297,1557-8682,1.3,1.5,Q3,99/136,Q3,Q3,0.45,27.6,37.0,1880.0,"PUBLIC, ENVIRONMENTAL & OCCUPATIONAL HEALTH; SPORT SCIENCES","PUBLIC, ENVIRONMENTAL & OCCUPATIONAL HEALTH(JIF Q4/JCI Q3) | SPORT SCIENCES(JIF Q3/JCI Q3)",SAGE PUBLICATIONS INC,SAGE,是,SCIE,混合为主,"订阅路线通常无APC；SAGE Choice常见 USD 2,000-4,000",中,https://us.sagepub.com/en-us/nam/sage-choice,https://www.google.com/search?q=HIGH+ALTITUDE+MEDICINE+&+BIOLOGY+aims+scope+instructions+for+authors+APC
1161,4-Q3,0,Person-Centered and Experiential Psychotherapies,PERS-CENTERED EXP PS,1477-9757,1752-9182,1.3,1.1,Q3,131/184,Q4,Q4,0.4,29.1,37.0,421.0,"PSYCHOLOGY, CLINICAL","PSYCHOLOGY, CLINICAL(JIF Q3/JCI Q4)","ROUTLEDGE JOURNALS, TAYLOR & FRANCIS LTD",Taylor & Francis,否,ESCI,混合为主,"订阅路线通常无APC；Open Select常见 USD 2,500-3,500",中,https://authorservices.taylorandfrancis.com/publishing-open-access/,https://www.google.com/search?q=Person-Centered+and+Experiential+Psychotherapies+aims+scope+instructions+for+authors+APC
1162,4-Q3,0,Anaesthesia Reports,ANAESTH REP,,2637-3726,1.1,1.0,Q3,49/72,Q3,Q3,0.44,32.6,37.0,234.0,ANESTHESIOLOGY,ANESTHESIOLOGY(JIF Q3/JCI Q3),WILEY,Wiley,否,ESCI,混合为主,"订阅路线通常无APC；OnlineOpen常见 USD 3,200-4,700",中,https://authorservices.wiley.com/author-resources/Journal-Authors/open-access/article-publication-charges.html,https://www.google.com/search?q=Anaesthesia+Reports+aims+scope+instructions+for+authors+APC
1163,4-Q3,0,Medical Studies-Studia Medyczne,MED STUD,1899-1874,2300-6722,0.7,0.6,Q3,215/336,Q3,Q3,0.17,36.2,37.0,226.0,"MEDICINE, GENERAL & INTERNAL","MEDICINE, GENERAL & INTERNAL(JIF Q3/JCI Q3)",TERMEDIA PUBLISHING HOUSE LTD,其他,否,ESCI,需核实,请查期刊官网 Author / Open Access 页面,未知,,https://www.google.com/search?q=Medical+Studies-Studia+Medyczne+aims+scope+instructions+for+authors+APC
1164,4-Q3,0,Journal of Toxicology,J TOXICOL-US,1687-8191,1687-8205,2.8,4.0,Q3,60/106,Q3,Q3,0.63,43.9,36.0,1685.0,TOXICOLOGY,TOXICOLOGY(JIF Q3/JCI Q3),WILEY,Wiley,否,ESCI,混合为主,"订阅路线通常无APC；OnlineOpen常见 USD 3,200-4,700",中,https://authorservices.wiley.com/author-resources/Journal-Authors/open-access/article-publication-charges.html,https://www.google.com/search?q=Journal+of+Toxicology+aims+scope+instructions+for+authors+APC
1165,4-Q3,0,Aging and Health Research,AGING HEALTH RES,,2667-0321,2.7,2.6,Q3,47/72,Q3,Q3,0.53,35.4,36.0,412.0,GERIATRICS & GERONTOLOGY,GERIATRICS & GERONTOLOGY(JIF Q3/JCI Q3),ELSEVIER,Elsevier,否,ESCI,混合为主,"订阅路线通常无APC；Gold OA常见 USD 2,200-4,200",中,https://www.elsevier.com/open-access/agreements,https://www.google.com/search?q=Aging+and+Health+Research+aims+scope+instructions+for+authors+APC
1166,4-Q3,0,BIOCHIMICA ET BIOPHYSICA ACTA-BIOENERGETICS,BBA-BIOENERGETICS,0005-2728,1879-2650,2.6,3.6,Q3,44/81,Q2,Q2,0.65,31.9,36.0,11243.0,BIOCHEMISTRY & MOLECULAR BIOLOGY,BIOCHEMISTRY & MOLECULAR BIOLOGY(JIF Q3/JCI Q2),ELSEVIER,Elsevier,是,SCIE,混合为主,"订阅路线通常无APC；Gold OA常见 USD 2,200-4,200",中,https://www.elsevier.com/open-access/agreements,https://www.google.com/search?q=BIOCHIMICA+ET+BIOPHYSICA+ACTA-BIOENERGETICS+aims+scope+instructions+for+authors+APC
1167,4-Q3,0,Medicina del Lavoro,MED LAV,0025-7818,0025-7818,2.1,2.3,Q3,231/443,Q3,Q3,0.61,48.0,36.0,922.0,"PUBLIC, ENVIRONMENTAL & OCCUPATIONAL HEALTH","PUBLIC, ENVIRONMENTAL & OCCUPATIONAL HEALTH(JIF Q3/JCI Q3)",MATTIOLI 1885,其他,是,SCIE,需核实,请查期刊官网 Author / Open Access 页面,未知,,https://www.google.com/search?q=Medicina+del+Lavoro+aims+scope+instructions+for+authors+APC
1168,4-Q3,0,IRBM,IRBM,1959-0318,1876-0988,1.9,3.5,Q3,97/130,Q2,Q2,0.79,25.8,36.0,1358.0,"ENGINEERING, BIOMEDICAL","ENGINEERING, BIOMEDICAL(JIF Q3/JCI Q2)",ELSEVIER SCIENCE INC,Elsevier,是,SCIE,混合为主,"订阅路线通常无APC；Gold OA常见 USD 2,200-4,200",中,https://www.elsevier.com/open-access/agreements,https://www.google.com/search?q=IRBM+aims+scope+instructions+for+authors+APC
1169,4-Q3,0,ATS Scholar,ATS SCHOLAR,,2690-7097,1.9,2.0,Q3,43/66,Q3,Q3,0.42,35.6,36.0,449.0,CRITICAL CARE MEDICINE; RESPIRATORY SYSTEM,CRITICAL CARE MEDICINE(JIF Q3/JCI Q3) | RESPIRATORY SYSTEM(JIF Q3/JCI Q3),OXFORD UNIV PRESS,Oxford UP,否,ESCI,混合为主,订阅路线通常无APC；可选OA，费用因刊而异,中,https://academic.oup.com/pages/open-research/open-access,https://www.google.com/search?q=ATS+Scholar+aims+scope+instructions+for+authors+APC
1170,4-Q3,0,Endocrinologia Diabetes y Nutricion,ENDOCRINOL DIAB NUTR,2530-0180,2530-0180,1.9,2.0,Q3,84/114,Q4,Q4,0.33,26.8,36.0,1063.0,ENDOCRINOLOGY & METABOLISM; NUTRITION & DIETETICS,ENDOCRINOLOGY & METABOLISM(JIF Q4/JCI Q4) | NUTRITION & DIETETICS(JIF Q3/JCI Q4),ELSEVIER,Elsevier,是,SCIE,混合为主,"订阅路线通常无APC；Gold OA常见 USD 2,200-4,200",中,https://www.elsevier.com/open-access/agreements,https://www.google.com/search?q=Endocrinologia+Diabetes+y+Nutricion+aims+scope+instructions+for+authors+APC
1171,4-Q3,0,CANADIAN JOURNAL OF PHYSIOLOGY AND PHARMACOLOGY,CAN J PHYSIOL PHARM,0008-4212,1205-7541,1.8,1.8,Q3,258/356,Q3,Q3,0.51,27.7,36.0,4274.0,PHARMACOLOGY & PHARMACY,PHARMACOLOGY & PHARMACY(JIF Q3/JCI Q3),CANADIAN SCIENCE PUBLISHING,其他,是,SCIE,需核实,请查期刊官网 Author / Open Access 页面,未知,,https://www.google.com/search?q=CANADIAN+JOURNAL+OF+PHYSIOLOGY+AND+PHARMACOLOGY+aims+scope+instructions+for+authors+APC
1172,4-Q3,0,LUTS-Lower Urinary Tract Symptoms,LUTS,1757-5664,1757-5672,1.8,1.6,Q3,83/134,Q3,Q3,0.49,38.4,36.0,756.0,UROLOGY & NEPHROLOGY,UROLOGY & NEPHROLOGY(JIF Q3/JCI Q3),WILEY,Wiley,是,SCIE,混合为主,"订阅路线通常无APC；OnlineOpen常见 USD 3,200-4,700",中,https://authorservices.wiley.com/author-resources/Journal-Authors/open-access/article-publication-charges.html,https://www.google.com/search?q=LUTS-Lower+Urinary+Tract+Symptoms+aims+scope+instructions+for+authors+APC
1173,4-Q3,0,Medical Ultrasonography,MED ULTRASON,1844-4172,2066-8643,1.8,1.9,Q3,18/41,Q3,Q3,0.42,39.9,36.0,1259.0,"RADIOLOGY, NUCLEAR MEDICINE & MEDICAL IMAGING","RADIOLOGY, NUCLEAR MEDICINE & MEDICAL IMAGING(JIF Q3/JCI Q3)",SOC ROMANA ULTRASONOGRAFE MEDICINA BIOLOGIE-SRUMB,其他,是,SCIE,需核实,请查期刊官网 Author / Open Access 页面,未知,,https://www.google.com/search?q=Medical+Ultrasonography+aims+scope+instructions+for+authors+APC
1174,4-Q3,0,Turk Psikiyatri Dergisi,TURK PSIKIYATR DERG,1300-2163,1300-2163,1.8,1.9,Q3,200/293,Q4,Q4,0.37,31.9,36.0,1940.0,PSYCHIATRY,PSYCHIATRY(JIF Q3/JCI Q4),TURKIYE SINIR VE RUH SAGLIGI DERNEGI,其他,否,SSCI,需核实,请查期刊官网 Author / Open Access 页面,未知,,https://www.google.com/search?q=Turk+Psikiyatri+Dergisi+aims+scope+instructions+for+authors+APC
1175,4-Q3,0,EJNMMI Reports,EJNMMI REP,,3005-074X,1.7,1.7,Q3,137/217,Q3,Q3,0.51,37.1,36.0,95.0,"RADIOLOGY, NUCLEAR MEDICINE & MEDICAL IMAGING","RADIOLOGY, NUCLEAR MEDICINE & MEDICAL IMAGING(JIF Q3/JCI Q3)",SPRINGERNATURE,Springer Nature,否,ESCI,混合/全OA,"全OA约 USD 2,090-3,490；Nature系更高；Scientific Reports已拉黑",中高,https://www.springernature.com/gp/open-research/journals-books/journals,https://www.google.com/search?q=EJNMMI+Reports+aims+scope+instructions+for+authors+APC
1176,4-Q3,0,Parasites Hosts and Diseases,PARASITE HOST DIS,2982-5164,2982-6799,1.6,1.6,Q3,31/47,Q3,Q3,0.45,35.1,36.0,171.0,PARASITOLOGY,PARASITOLOGY(JIF Q3/JCI Q3),KOREAN SOC PARASITOLOGY,其他,是,SCIE,需核实,请查期刊官网 Author / Open Access 页面,未知,,https://www.google.com/search?q=Parasites+Hosts+and+Diseases+aims+scope+instructions+for+authors+APC
1177,4-Q3,0,European Clinical Respiratory Journal,EUR CLIN RESPIR J,2001-8525,2001-8525,1.6,1.8,Q3,79/107,Q4,Q4,0.41,26.6,36.0,498.0,RESPIRATORY SYSTEM,RESPIRATORY SYSTEM(JIF Q3/JCI Q4),TAYLOR & FRANCIS LTD,Taylor & Francis,否,ESCI,混合为主,"订阅路线通常无APC；Open Select常见 USD 2,500-3,500",中,https://authorservices.taylorandfrancis.com/publishing-open-access/,https://www.google.com/search?q=European+Clinical+Respiratory+Journal+aims+scope+instructions+for+authors+APC
1178,4-Q3,0,Anesthesiology Research and Practice,ANESTHESIOL RES PRAC,1687-6962,1687-6970,1.5,2.0,Q3,40/72,Q3,Q3,0.61,45.1,36.0,562.0,ANESTHESIOLOGY,ANESTHESIOLOGY(JIF Q3/JCI Q3),WILEY,Wiley,否,ESCI,混合为主,"订阅路线通常无APC；OnlineOpen常见 USD 3,200-4,700",中,https://authorservices.wiley.com/author-resources/Journal-Authors/open-access/article-publication-charges.html,https://www.google.com/search?q=Anesthesiology+Research+and+Practice+aims+scope+instructions+for+authors+APC
1179,4-Q3,0,European Journal of Midwifery,EUR J MIDWIFERY,2585-2906,2585-2906,1.5,2.0,Q3,118/194,Q3,Q3,0.57,39.4,36.0,582.0,NURSING; OBSTETRICS & GYNECOLOGY,NURSING(JIF Q3/JCI Q3) | OBSTETRICS & GYNECOLOGY(JIF Q3/JCI Q3),EUROPEAN PUBLISHING,其他,否,ESCI,需核实,请查期刊官网 Author / Open Access 页面,未知,,https://www.google.com/search?q=European+Journal+of+Midwifery+aims+scope+instructions+for+authors+APC
1180,4-Q3,0,International Journal of Forensic Mental Health,INT J FORENSIC MENT,1499-9013,1932-9903,1.5,1.6,Q3,59/113,Q3,Q3,0.56,25.4,36.0,792.0,PSYCHIATRY,PSYCHIATRY(JIF Q3/JCI Q3),SAGE PUBLICATIONS INC,SAGE,否,SSCI,混合为主,"订阅路线通常无APC；SAGE Choice常见 USD 2,000-4,000",中,https://us.sagepub.com/en-us/nam/sage-choice,https://www.google.com/search?q=International+Journal+of+Forensic+Mental+Health+aims+scope+instructions+for+authors+APC
1181,4-Q3,0,Facts Views and Vision in ObGyn,FACTS VIEWS VIS OBGY,2032-0418,2684-4230,1.5,1.8,Q3,97/143,Q3,Q3,0.55,32.5,36.0,972.0,OBSTETRICS & GYNECOLOGY,OBSTETRICS & GYNECOLOGY(JIF Q3/JCI Q3),GALENOS PUBL HOUSE,其他,否,ESCI,需核实,请查期刊官网 Author / Open Access 页面,未知,,https://www.google.com/search?q=Facts+Views+and+Vision+in+ObGyn+aims+scope+instructions+for+authors+APC
1182,4-Q3,0,Psychiatry Research Communications,PSYCHIAT RES COMMUN,,2772-5987,1.5,1.6,Q3,219/293,Q4,Q4,0.39,25.4,36.0,335.0,PSYCHIATRY,PSYCHIATRY(JIF Q3/JCI Q4),ELSEVIER,Elsevier,否,ESCI,混合为主,"订阅路线通常无APC；Gold OA常见 USD 2,200-4,200",中,https://www.elsevier.com/open-access/agreements,https://www.google.com/search?q=Psychiatry+Research+Communications+aims+scope+instructions+for+authors+APC
1183,4-Q3,0,ISSUES IN SCIENCE AND TECHNOLOGY,ISSUES SCI TECHNOL,0748-5492,1938-1557,1.4,1.9,Q3,74/140,Q3,Q3,0.17,47.5,36.0,834.0,MULTIDISCIPLINARY SCIENCES,MULTIDISCIPLINARY SCIENCES(JIF Q3/JCI Q3),NATL ACAD SCIENCES,其他,是,SCIE; SSCI,需核实,请查期刊官网 Author / Open Access 页面,未知,,https://www.google.com/search?q=ISSUES+IN+SCIENCE+AND+TECHNOLOGY+aims+scope+instructions+for+authors+APC
1184,4-Q3,0,Pediatric Gastroenterology Hepatology & Nutrition,PEDIATR GASTROENTERO,2234-8646,2234-8840,1.3,1.9,Q3,118/190,Q3,Q3,0.57,38.2,36.0,920.0,PEDIATRICS,PEDIATRICS(JIF Q3/JCI Q3),KOREAN SOC PEDIATRIC GASTROENTEROLOGY & NUTRITION,其他,否,ESCI,需核实,请查期刊官网 Author / Open Access 页面,未知,,https://www.google.com/search?q=Pediatric+Gastroenterology+Hepatology+&+Nutrition+aims+scope+instructions+for+authors+APC
1185,4-Q3,0,JOURNAL OF THE NATIONAL SCIENCE FOUNDATION OF SRI LANKA,J NATL SCI FOUND SRI,1391-4588,2362-0161,0.7,0.8,Q3,105/140,Q4,Q4,0.11,25.4,36.0,574.0,MULTIDISCIPLINARY SCIENCES,MULTIDISCIPLINARY SCIENCES(JIF Q3/JCI Q4),NATL SCIENCE FOUNDATION SRI LANKA,其他,是,SCIE,需核实,请查期刊官网 Author / Open Access 页面,未知,,https://www.google.com/search?q=JOURNAL+OF+THE+NATIONAL+SCIENCE+FOUNDATION+OF+SRI+LANKA+aims+scope+instructions+for+authors+APC
1186,4-Q3,0,Sudan Journal of Medical Sciences,SUDAN J MED SCI,,1858-5051,0.6,0.5,Q3,227/336,Q4,Q4,0.1,32.6,36.0,233.0,"MEDICINE, GENERAL & INTERNAL","MEDICINE, GENERAL & INTERNAL(JIF Q3/JCI Q4)",KNOWLEDGE E,其他,否,ESCI,需核实,请查期刊官网 Author / Open Access 页面,未知,,https://www.google.com/search?q=Sudan+Journal+of+Medical+Sciences+aims+scope+instructions+for+authors+APC
1187,4-Q3,0,CELL CYCLE,CELL CYCLE,1538-4101,1551-4005,3.9,3.8,Q3,108/207,Q3,Q3,0.54,48.1,35.0,14911.0,CELL BIOLOGY,CELL BIOLOGY(JIF Q3/JCI Q3),TAYLOR & FRANCIS INC,Taylor & Francis,是,SCIE,混合为主,"订阅路线通常无APC；Open Select常见 USD 2,500-3,500",中,https://authorservices.taylorandfrancis.com/publishing-open-access/,https://www.google.com/search?q=CELL+CYCLE+aims+scope+instructions+for+authors+APC
1188,4-Q3,0,Aspects of Molecular Medicine,ASPECTS MOL MED,,2949-6888,3.4,3.4,Q3,174/328,Q3,Q3,0.53,47.1,35.0,262.0,BIOCHEMISTRY & MOLECULAR BIOLOGY,BIOCHEMISTRY & MOLECULAR BIOLOGY(JIF Q3/JCI Q3),ELSEVIER,Elsevier,否,ESCI,混合为主,"订阅路线通常无APC；Gold OA常见 USD 2,200-4,200",中,https://www.elsevier.com/open-access/agreements,https://www.google.com/search?q=Aspects+of+Molecular+Medicine+aims+scope+instructions+for+authors+APC
1189,4-Q3,0,Adipocyte,ADIPOCYTE,2162-3945,2162-397X,3.3,3.6,Q3,100/198,Q2,Q2,0.72,49.7,35.0,1708.0,ENDOCRINOLOGY & METABOLISM,ENDOCRINOLOGY & METABOLISM(JIF Q3/JCI Q2),TAYLOR & FRANCIS INC,Taylor & Francis,是,SCIE,混合为主,"订阅路线通常无APC；Open Select常见 USD 2,500-3,500",中,https://authorservices.taylorandfrancis.com/publishing-open-access/,https://www.google.com/search?q=Adipocyte+aims+scope+instructions+for+authors+APC
1190,4-Q3,0,Healthcare Informatics Research,HEALTHC INFORM RES,2093-3681,2093-369X,3.2,3.5,Q3,32/54,Q4,Q4,0.44,41.7,35.0,1485.0,MEDICAL INFORMATICS,MEDICAL INFORMATICS(JIF Q3/JCI Q4),KOREAN SOC MEDICAL INFORMATICS,其他,否,ESCI,需核实,请查期刊官网 Author / Open Access 页面,未知,,https://www.google.com/search?q=Healthcare+Informatics+Research+aims+scope+instructions+for+authors+APC
1191,4-Q3,0,CHEMISTRY AND PHYSICS OF LIPIDS,CHEM PHYS LIPIDS,0009-3084,1873-2941,3.0,3.3,Q3,30/81,Q2,Q2,0.68,38.9,35.0,4655.0,BIOCHEMISTRY & MOLECULAR BIOLOGY,BIOCHEMISTRY & MOLECULAR BIOLOGY(JIF Q3/JCI Q2),ELSEVIER IRELAND LTD,Elsevier,是,SCIE,混合为主,"订阅路线通常无APC；Gold OA常见 USD 2,200-4,200",中,https://www.elsevier.com/open-access/agreements,https://www.google.com/search?q=CHEMISTRY+AND+PHYSICS+OF+LIPIDS+aims+scope+instructions+for+authors+APC
1192,4-Q3,0,Future Pharmacology,FUTURE PHARMACOL,,2673-9879,2.7,3.0,Q3,191/356,Q3,Q3,0.48,46.5,35.0,526.0,PHARMACOLOGY & PHARMACY,PHARMACOLOGY & PHARMACY(JIF Q3/JCI Q3),MDPI,MDPI,否,ESCI,全OA,"约 CHF 1,600-2,900（如 JCM=CHF 2,600）",高,https://www.mdpi.com/about/apc,https://www.google.com/search?q=Future+Pharmacology+aims+scope+instructions+for+authors+APC
1193,4-Q3,0,Immuno,IMMUNO-BASEL,,2673-5601,2.7,2.4,Q3,124/183,Q4,Q4,0.34,32.5,35.0,381.0,IMMUNOLOGY,IMMUNOLOGY(JIF Q3/JCI Q4),MDPI,MDPI,否,ESCI,全OA,"约 CHF 1,600-2,900（如 JCM=CHF 2,600）",高,https://www.mdpi.com/about/apc,https://www.google.com/search?q=Immuno+aims+scope+instructions+for+authors+APC
1194,4-Q3,0,Addiction Neuroscience,ADDICT NEUROSCI,,2772-3925,2.4,2.7,Q3,225/330,Q3,Q3,0.6,32.0,35.0,394.0,NEUROSCIENCES,NEUROSCIENCES(JIF Q3/JCI Q3),ELSEVIER,Elsevier,否,ESCI,混合为主,"订阅路线通常无APC；Gold OA常见 USD 2,200-4,200",中,https://www.elsevier.com/open-access/agreements,https://www.google.com/search?q=Addiction+Neuroscience+aims+scope+instructions+for+authors+APC
1195,4-Q3,0,Journal of Bronchology & Interventional Pulmonology,J BRONCHOL INTERN PU,1944-6586,1948-8270,2.3,2.8,Q3,60/107,Q2,Q2,0.76,44.4,35.0,1206.0,RESPIRATORY SYSTEM,RESPIRATORY SYSTEM(JIF Q3/JCI Q2),LIPPINCOTT WILLIAMS & WILKINS,Wolters Kluwer/LWW,否,ESCI,混合为主,"订阅路线通常无APC；OA常见 USD 2,000-4,000；MEDICINE已拉黑",中,https://wkauthorservices.editage.com/open-access/,https://www.google.com/search?q=Journal+of+Bronchology+&+Interventional+Pulmonology+aims+scope+instructions+for+authors+APC
1196,4-Q3,0,EUROPEAN JOURNAL OF DRUG METABOLISM AND PHARMACOKINETICS,EUR J DRUG METAB PH,0378-7966,2107-0180,2.3,2.2,Q3,226/356,Q3,Q3,0.53,36.7,35.0,1853.0,PHARMACOLOGY & PHARMACY,PHARMACOLOGY & PHARMACY(JIF Q3/JCI Q3),SPRINGER FRANCE,Springer,是,SCIE,混合为主,"订阅路线通常无APC；选OA约 USD 2,790-4,290",中,https://www.springer.com/gp/open-access,https://www.google.com/search?q=EUROPEAN+JOURNAL+OF+DRUG+METABOLISM+AND+PHARMACOKINETICS+aims+scope+instructions+for+authors+APC
1197,4-Q3,0,Journal of Health Services Research & Policy,J HEALTH SERV RES PO,1355-8196,1758-1060,2.2,3.1,Q3,67/125,Q2,Q2,0.85,46.8,35.0,2832.0,HEALTH POLICY & SERVICES,HEALTH POLICY & SERVICES(JIF Q3/JCI Q2),SAGE PUBLICATIONS INC,SAGE,否,SSCI,混合为主,"订阅路线通常无APC；SAGE Choice常见 USD 2,000-4,000",中,https://us.sagepub.com/en-us/nam/sage-choice,https://www.google.com/search?q=Journal+of+Health+Services+Research+&+Policy+aims+scope+instructions+for+authors+APC
1198,4-Q3,0,JOURNAL OF NEUROVIROLOGY,J NEUROVIROL,1355-0284,1538-2443,2.0,1.8,Q3,31/44,Q3,Q3,0.48,30.7,35.0,2681.0,NEUROSCIENCES; VIROLOGY,NEUROSCIENCES(JIF Q4/JCI Q4) | VIROLOGY(JIF Q3/JCI Q3),SPRINGER,Springer,是,SCIE,混合为主,"订阅路线通常无APC；选OA约 USD 2,790-4,290",中,https://www.springer.com/gp/open-access,https://www.google.com/search?q=JOURNAL+OF+NEUROVIROLOGY+aims+scope+instructions+for+authors+APC
1199,4-Q3,0,Tissue Engineering Part C-Methods,TISSUE ENG PART C-ME,1937-3384,1937-3392,2.0,2.9,Q3,94/130,Q3,Q3,0.44,28.1,35.0,2946.0,"CELL & TISSUE ENGINEERING; CELL BIOLOGY; ENGINEERING, BIOMEDICAL; MATERIALS SCIENCE, BIOMATERIALS","CELL & TISSUE ENGINEERING(JIF Q4/JCI Q4) | CELL BIOLOGY(JIF Q4/JCI Q3) | ENGINEERING, BIOMEDICAL(JIF Q3/JCI Q3) | MATERIALS SCIENCE, BIOMATERIALS(JIF Q4/JCI Q3)",SAGE PUBLICATIONS INC,SAGE,是,SCIE,混合为主,"订阅路线通常无APC；SAGE Choice常见 USD 2,000-4,000",中,https://us.sagepub.com/en-us/nam/sage-choice,https://www.google.com/search?q=Tissue+Engineering+Part+C-Methods+aims+scope+instructions+for+authors+APC
1200,4-Q3,0,SOUTHERN AFRICAN JOURNAL OF HIV MEDICINE,S AFR J HIV MED,1608-9693,2078-6751,1.8,2.2,Q3,33/44,Q4,Q4,0.4,26.1,35.0,598.0,INFECTIOUS DISEASES; VIROLOGY,INFECTIOUS DISEASES(JIF Q3/JCI Q4) | VIROLOGY(JIF Q3/JCI Q4),AOSIS,其他,是,SCIE,需核实,请查期刊官网 Author / Open Access 页面,未知,,https://www.google.com/search?q=SOUTHERN+AFRICAN+JOURNAL+OF+HIV+MEDICINE+aims+scope+instructions+for+authors+APC
1201,4-Q3,0,Infection Disease & Health,INFECT DIS HEALTH,2468-0451,2468-0451,1.7,1.7,Q3,287/443,Q3,Q3,0.56,35.3,35.0,515.0,"PUBLIC, ENVIRONMENTAL & OCCUPATIONAL HEALTH","PUBLIC, ENVIRONMENTAL & OCCUPATIONAL HEALTH(JIF Q3/JCI Q3)",ELSEVIER INC,Elsevier,否,ESCI,混合为主,"订阅路线通常无APC；Gold OA常见 USD 2,200-4,200",中,https://www.elsevier.com/open-access/agreements,https://www.google.com/search?q=Infection+Disease+&+Health+aims+scope+instructions+for+authors+APC
1202,4-Q3,0,Art Therapy,ART THER,0742-1656,2159-9394,1.6,1.6,Q3,115/184,Q3,Q3,0.51,37.8,35.0,1099.0,"PSYCHOLOGY, CLINICAL","PSYCHOLOGY, CLINICAL(JIF Q3/JCI Q3)","ROUTLEDGE JOURNALS, TAYLOR & FRANCIS LTD",Taylor & Francis,否,ESCI,混合为主,"订阅路线通常无APC；Open Select常见 USD 2,500-3,500",中,https://authorservices.taylorandfrancis.com/publishing-open-access/,https://www.google.com/search?q=Art+Therapy+aims+scope+instructions+for+authors+APC
1203,4-Q3,0,Women,WOMEN-BASEL,,2673-4184,1.6,1.7,Q3,28/71,Q3,Q3,0.5,32.2,35.0,247.0,"PUBLIC, ENVIRONMENTAL & OCCUPATIONAL HEALTH","PUBLIC, ENVIRONMENTAL & OCCUPATIONAL HEALTH(JIF Q3/JCI Q3)",MDPI,MDPI,否,ESCI,全OA,"约 CHF 1,600-2,900（如 JCM=CHF 2,600）",高,https://www.mdpi.com/about/apc,https://www.google.com/search?q=Women+aims+scope+instructions+for+authors+APC
1204,4-Q3,0,Brain Impairment,BRAIN IMPAIR,1443-9646,1839-5252,1.5,1.4,Q3,105/175,Q3,Q3,0.5,40.3,35.0,646.0,CLINICAL NEUROLOGY; NEUROSCIENCES; REHABILITATION,CLINICAL NEUROLOGY(JIF Q4/JCI Q3) | NEUROSCIENCES(JIF Q4/JCI Q4) | REHABILITATION(JIF Q3/JCI Q4),CSIRO PUBLISHING,其他,是,SCIE,需核实,请查期刊官网 Author / Open Access 页面,未知,,https://www.google.com/search?q=Brain+Impairment+aims+scope+instructions+for+authors+APC
1205,4-Q3,0,European Journal of Prosthodontics and Restorative Dentistry,EUR J PROSTHODONT RE,0965-7452,2396-8893,1.5,1.6,Q3,109/165,Q3,Q3,0.43,34.2,35.0,665.0,"DENTISTRY, ORAL SURGERY & MEDICINE","DENTISTRY, ORAL SURGERY & MEDICINE(JIF Q3/JCI Q3)",DENNIS BARBER LTD,其他,否,ESCI,需核实,请查期刊官网 Author / Open Access 页面,未知,,https://www.google.com/search?q=European+Journal+of+Prosthodontics+and+Restorative+Dentistry+aims+scope+instructions+for+authors+APC
1206,4-Q3,0,Seminars in Plastic Surgery,SEMIN PLAST SURG,1535-2188,1536-0067,1.4,4.7,Q3,202/321,Q3,Q3,0.61,37.2,35.0,2333.0,SURGERY,SURGERY(JIF Q3/JCI Q3),THIEME MEDICAL PUBL INC,Thieme,是,SCIE,混合为主,订阅路线通常无APC；OA另计,中低,https://www.thieme.com/en-us/open-access,https://www.google.com/search?q=Seminars+in+Plastic+Surgery+aims+scope+instructions+for+authors+APC
1207,4-Q3,0,American Journal of Cardiovascular Disease,AM J CARDIOVASC DIS,2160-200X,2160-200X,1.4,1.8,Q3,172/237,Q4,Q4,0.3,27.6,35.0,721.0,CARDIAC & CARDIOVASCULAR SYSTEMS,CARDIAC & CARDIOVASCULAR SYSTEMS(JIF Q3/JCI Q4),E-CENTURY PUBLISHING CORP,其他,否,ESCI,需核实,请查期刊官网 Author / Open Access 页面,未知,,https://www.google.com/search?q=American+Journal+of+Cardiovascular+Disease+aims+scope+instructions+for+authors+APC
1208,4-Q3,0,PSYCHOANALYTIC PSYCHOLOGY,PSYCHOANAL PSYCHOL,0736-9735,1939-1331,1.3,1.3,Q3,3/24,Q2,Q2,0.83,29.1,35.0,1067.0,"PSYCHOLOGY, CLINICAL","PSYCHOLOGY, CLINICAL(JIF Q3/JCI Q2)",EDUCATIONAL PUBLISHING FOUNDATION-AMERICAN PSYCHOLOGICAL ASSOC,其他,否,SSCI,需核实,请查期刊官网 Author / Open Access 页面,未知,,https://www.google.com/search?q=PSYCHOANALYTIC+PSYCHOLOGY+aims+scope+instructions+for+authors+APC
1209,4-Q3,0,Agri-The Journal of the Turkish Society of Algology,AGRI,1300-0012,1300-0012,0.8,0.8,Q3,205/336,Q3,Q3,0.3,39.1,35.0,454.0,"MEDICINE, GENERAL & INTERNAL","MEDICINE, GENERAL & INTERNAL(JIF Q3/JCI Q3)",KARE PUBL,其他,否,ESCI,需核实,请查期刊官网 Author / Open Access 页面,未知,,https://www.google.com/search?q=Agri-The+Journal+of+the+Turkish+Society+of+Algology+aims+scope+instructions+for+authors+APC
1210,4-Q3,0,Skeletal Muscle,SKELET MUSCLE,2044-5040,2044-5040,3.9,5.6,Q3,108/207,Q3,Q3,0.63,48.1,34.0,2059.0,CELL BIOLOGY,CELL BIOLOGY(JIF Q3/JCI Q3),BMC,BMC,是,SCIE,全OA,"约 USD 1,990-2,890（旗舰刊更高）",高,https://www.biomedcentral.com/getpublished/article-processing-charges,https://www.google.com/search?q=Skeletal+Muscle+aims+scope+instructions+for+authors+APC
1211,4-Q3,0,Journal of Applied Biomaterials & Functional Materials,J APPL BIOMATER FUNC,,2280-8000,2.9,3.1,Q3,35/81,Q3,Q3,0.61,45.0,34.0,1437.0,"ENGINEERING, BIOMEDICAL; MATERIALS SCIENCE, BIOMATERIALS","ENGINEERING, BIOMEDICAL(JIF Q3/JCI Q3) | MATERIALS SCIENCE, BIOMATERIALS(JIF Q3/JCI Q3)",SAGE PUBLICATIONS LTD,SAGE,是,SCIE,混合为主,"订阅路线通常无APC；SAGE Choice常见 USD 2,000-4,000",中,https://us.sagepub.com/en-us/nam/sage-choice,https://www.google.com/search?q=Journal+of+Applied+Biomaterials+&+Functional+Materials+aims+scope+instructions+for+authors+APC
1212,4-Q3,0,BIOTECHNIQUES,BIOTECHNIQUES,0736-6205,1940-9818,2.6,3.0,Q3,47/85,Q4,Q4,0.45,31.9,34.0,5993.0,BIOCHEMISTRY & MOLECULAR BIOLOGY,BIOCHEMISTRY & MOLECULAR BIOLOGY(JIF Q3/JCI Q4),TAYLOR & FRANCIS LTD,Taylor & Francis,是,SCIE,混合为主,"订阅路线通常无APC；Open Select常见 USD 2,500-3,500",中,https://authorservices.taylorandfrancis.com/publishing-open-access/,https://www.google.com/search?q=BIOTECHNIQUES+aims+scope+instructions+for+authors+APC
1213,4-Q3,0,PROSTAGLANDINS & OTHER LIPID MEDIATORS,PROSTAG OTH LIPID M,1098-8823,2212-196X,2.6,2.8,Q3,224/328,Q3,Q3,0.44,31.9,34.0,2689.0,BIOCHEMISTRY & MOLECULAR BIOLOGY; CELL BIOLOGY,BIOCHEMISTRY & MOLECULAR BIOLOGY(JIF Q3/JCI Q4) | CELL BIOLOGY(JIF Q3/JCI Q3),ELSEVIER SCIENCE INC,Elsevier,是,SCIE,混合为主,"订阅路线通常无APC；Gold OA常见 USD 2,200-4,200",中,https://www.elsevier.com/open-access/agreements,https://www.google.com/search?q=PROSTAGLANDINS+&+OTHER+LIPID+MEDIATORS+aims+scope+instructions+for+authors+APC
1214,4-Q3,0,NEUROENDOCRINOLOGY,NEUROENDOCRINOLOGY,0028-3835,1423-0194,2.4,3.1,Q3,135/198,Q3,Q3,0.6,32.1,34.0,4924.0,ENDOCRINOLOGY & METABOLISM; NEUROSCIENCES,ENDOCRINOLOGY & METABOLISM(JIF Q3/JCI Q3) | NEUROSCIENCES(JIF Q3/JCI Q3),KARGER,Karger,是,SCIE,混合/OA,"因刊而异，常见 USD 2,500-3,800",中,https://karger.com/pages/Open-Access,https://www.google.com/search?q=NEUROENDOCRINOLOGY+aims+scope+instructions+for+authors+APC
1215,4-Q3,0,Journal of Communication in Healthcare,J COMMUN HEALTHC,1753-8068,1753-8076,2.0,,Q3,80/227,Q3,Q2,0.68,36.4,34.0,588.0,HEALTH POLICY & SERVICES,HEALTH POLICY & SERVICES(JIF Q3/JCI Q3),TAYLOR & FRANCIS LTD,Taylor & Francis,否,ESCI,混合为主,"订阅路线通常无APC；Open Select常见 USD 2,500-3,500",中,https://authorservices.taylorandfrancis.com/publishing-open-access/,https://www.google.com/search?q=Journal+of+Communication+in+Healthcare+aims+scope+instructions+for+authors+APC
1216,4-Q3,0,Journal of Sports Analytics,J SPORT ANAL,2215-020X,2215-0218,2.0,2.0,Q3,27/70,Q3,Q3,0.49,48.9,34.0,280.0,SPORT SCIENCES,SPORT SCIENCES(JIF Q3/JCI Q3),SAGE PUBLICATIONS INC,SAGE,否,ESCI,混合为主,"订阅路线通常无APC；SAGE Choice常见 USD 2,000-4,000",中,https://us.sagepub.com/en-us/nam/sage-choice,https://www.google.com/search?q=Journal+of+Sports+Analytics+aims+scope+instructions+for+authors+APC
1217,4-Q3,0,International Journal of Yoga,INT J YOGA,0973-6131,2231-2714,1.8,2.1,Q3,29/48,Q3,Q3,0.35,40.6,34.0,906.0,INTEGRATIVE & COMPLEMENTARY MEDICINE,INTEGRATIVE & COMPLEMENTARY MEDICINE(JIF Q3/JCI Q3),WOLTERS KLUWER MEDKNOW PUBLICATIONS,Wolters Kluwer/LWW,否,ESCI,混合为主,"订阅路线通常无APC；OA常见 USD 2,000-4,000；MEDICINE已拉黑",中,https://wkauthorservices.editage.com/open-access/,https://www.google.com/search?q=International+Journal+of+Yoga+aims+scope+instructions+for+authors+APC
1218,4-Q3,0,TOXICOLOGY AND INDUSTRIAL HEALTH,TOXICOL IND HEALTH,0748-2337,1477-0393,1.6,1.9,Q3,301/443,Q3,Q3,0.5,32.2,34.0,2807.0,"PUBLIC, ENVIRONMENTAL & OCCUPATIONAL HEALTH; TOXICOLOGY","PUBLIC, ENVIRONMENTAL & OCCUPATIONAL HEALTH(JIF Q3/JCI Q3) | TOXICOLOGY(JIF Q4/JCI Q4)",SAGE PUBLICATIONS INC,SAGE,是,SCIE,混合为主,"订阅路线通常无APC；SAGE Choice常见 USD 2,000-4,000",中,https://us.sagepub.com/en-us/nam/sage-choice,https://www.google.com/search?q=TOXICOLOGY+AND+INDUSTRIAL+HEALTH+aims+scope+instructions+for+authors+APC
1219,4-Q3,0,Journal of Family and Community Medicine,J FAM COMMUNITY MED,2230-8229,2229-340X,1.5,2.0,Q3,325/443,Q3,Q3,0.52,26.7,34.0,1105.0,"PUBLIC, ENVIRONMENTAL & OCCUPATIONAL HEALTH","PUBLIC, ENVIRONMENTAL & OCCUPATIONAL HEALTH(JIF Q3/JCI Q3)",WOLTERS KLUWER MEDKNOW PUBLICATIONS,Wolters Kluwer/LWW,否,ESCI,混合为主,"订阅路线通常无APC；OA常见 USD 2,000-4,000；MEDICINE已拉黑",中,https://wkauthorservices.editage.com/open-access/,https://www.google.com/search?q=Journal+of+Family+and+Community+Medicine+aims+scope+instructions+for+authors+APC
1220,4-Q3,0,Australasian Orthodontic Journal,AUSTRALAS ORTHOD J,2207-7472,2207-7480,1.5,1.1,Q3,109/165,Q3,Q3,0.47,34.2,34.0,259.0,"DENTISTRY, ORAL SURGERY & MEDICINE","DENTISTRY, ORAL SURGERY & MEDICINE(JIF Q3/JCI Q3)",Paradigm Publishing Services-De Gruyter Brill Sp Zoo,De Gruyter,是,SCIE,混合/OA,因刊而异,中,https://www.degruyter.com/publishing/publications/openaccess,https://www.google.com/search?q=Australasian+Orthodontic+Journal+aims+scope+instructions+for+authors+APC
1221,4-Q3,0,Journal of Chest Surgery,J CHEST SURG,2765-1606,2765-1614,1.5,,Q3,189/321,Q3,Q3,0.44,41.3,34.0,435.0,CARDIAC & CARDIOVASCULAR SYSTEMS; RESPIRATORY SYSTEM; SURGERY,CARDIAC & CARDIOVASCULAR SYSTEMS(JIF Q3/JCI Q3) | RESPIRATORY SYSTEM(JIF Q4/JCI Q3) | SURGERY(JIF Q3/JCI Q3),KTCVS,其他,否,ESCI,需核实,请查期刊官网 Author / Open Access 页面,未知,,https://www.google.com/search?q=Journal+of+Chest+Surgery+aims+scope+instructions+for+authors+APC
1222,4-Q3,0,Journal of Human Reproductive Sciences,J HUM REPROD SCI,0974-1208,1998-4766,1.4,,Q3,106/143,Q4,Q4,0.42,26.2,34.0,1677.0,OBSTETRICS & GYNECOLOGY; REPRODUCTIVE BIOLOGY,OBSTETRICS & GYNECOLOGY(JIF Q3/JCI Q4) | REPRODUCTIVE BIOLOGY(JIF Q4/JCI Q4),WOLTERS KLUWER MEDKNOW PUBLICATIONS,Wolters Kluwer/LWW,否,ESCI,混合为主,"订阅路线通常无APC；OA常见 USD 2,000-4,000；MEDICINE已拉黑",中,https://wkauthorservices.editage.com/open-access/,https://www.google.com/search?q=Journal+of+Human+Reproductive+Sciences+aims+scope+instructions+for+authors+APC
1223,4-Q3,0,European Journal of Physiotherapy,EUR J PHYSIOTHER,2167-9169,2167-9177,1.2,1.5,Q3,130/175,Q3,Q3,0.51,26.0,34.0,663.0,REHABILITATION,REHABILITATION(JIF Q3/JCI Q3),"ROUTLEDGE JOURNALS, TAYLOR & FRANCIS LTD",Taylor & Francis,否,ESCI,混合为主,"订阅路线通常无APC；Open Select常见 USD 2,500-3,500",中,https://authorservices.taylorandfrancis.com/publishing-open-access/,https://www.google.com/search?q=European+Journal+of+Physiotherapy+aims+scope+instructions+for+authors+APC
1224,4-Q3,0,Journal of Pediatric Rehabilitation Medicine,J PEDIATR REHAB MED,1874-5393,1875-8894,1.0,1.3,Q3,137/190,Q3,Q3,0.49,28.2,34.0,867.0,PEDIATRICS,PEDIATRICS(JIF Q3/JCI Q3),SAGE PUBLICATIONS INC,SAGE,否,ESCI,混合为主,"订阅路线通常无APC；SAGE Choice常见 USD 2,000-4,000",中,https://us.sagepub.com/en-us/nam/sage-choice,https://www.google.com/search?q=Journal+of+Pediatric+Rehabilitation+Medicine+aims+scope+instructions+for+authors+APC
1225,4-Q3,0,Journal of Digestive Diseases,J DIGEST DIS,1751-2972,1751-2980,2.7,3.2,Q3,77/153,Q3,Q3,0.5,50.0,33.0,2404.0,GASTROENTEROLOGY & HEPATOLOGY,GASTROENTEROLOGY & HEPATOLOGY(JIF Q3/JCI Q3),WILEY,Wiley,是,SCIE,混合为主,"订阅路线通常无APC；OnlineOpen常见 USD 3,200-4,700",中,https://authorservices.wiley.com/author-resources/Journal-Authors/open-access/article-publication-charges.html,https://www.google.com/search?q=Journal+of+Digestive+Diseases+aims+scope+instructions+for+authors+APC
1226,4-Q3,0,GENES BRAIN AND BEHAVIOR,GENES BRAIN BEHAV,1601-1848,1601-183X,2.4,2.7,Q3,24/57,Q3,Q3,0.71,32.0,33.0,3280.0,NEUROSCIENCES,NEUROSCIENCES(JIF Q3/JCI Q3),WILEY,Wiley,是,SCIE,混合为主,"订阅路线通常无APC；OnlineOpen常见 USD 3,200-4,700",中,https://authorservices.wiley.com/author-resources/Journal-Authors/open-access/article-publication-charges.html,https://www.google.com/search?q=GENES+BRAIN+AND+BEHAVIOR+aims+scope+instructions+for+authors+APC
1227,4-Q3,0,HIV AIDS-Research and Palliative Care,HIV AIDS-RES PALLIAT,1179-1373,1179-1373,2.4,2.5,Q3,80/141,Q3,Q3,0.56,43.6,33.0,1280.0,INFECTIOUS DISEASES,INFECTIOUS DISEASES(JIF Q3/JCI Q3),DOVE MEDICAL PRESS LTD,其他,否,ESCI,需核实,请查期刊官网 Author / Open Access 页面,未知,,https://www.google.com/search?q=HIV+AIDS-Research+and+Palliative+Care+aims+scope+instructions+for+authors+APC
1228,4-Q3,0,Prospects in Pharmaceutical Sciences,PROSPECT PHARM SCI,,2957-0468,2.3,2.3,Q3,226/356,Q4,Q4,0.39,36.7,33.0,237.0,PHARMACOLOGY & PHARMACY,PHARMACOLOGY & PHARMACY(JIF Q3/JCI Q4),MEDICAL UNIV WARSAW,其他,否,ESCI,需核实,请查期刊官网 Author / Open Access 页面,未知,,https://www.google.com/search?q=Prospects+in+Pharmaceutical+Sciences+aims+scope+instructions+for+authors+APC
1229,4-Q3,0,JOURNAL OF PUBLIC HEALTH POLICY,J PUBLIC HEALTH POL,0197-5897,1745-655X,2.1,2.4,Q3,231/443,Q3,Q3,0.53,48.0,33.0,1565.0,"HEALTH CARE SCIENCES & SERVICES; HEALTH POLICY & SERVICES; PUBLIC, ENVIRONMENTAL & OCCUPATIONAL HEALTH","HEALTH CARE SCIENCES & SERVICES(JIF Q3/JCI Q3) | HEALTH POLICY & SERVICES(JIF Q3/JCI Q4) | PUBLIC, ENVIRONMENTAL & OCCUPATIONAL HEALTH(JIF Q3/JCI Q3)",PALGRAVE MACMILLAN LTD,其他,是,"SCIE; SSCI; SCIE, SSCI",需核实,请查期刊官网 Author / Open Access 页面,未知,,https://www.google.com/search?q=JOURNAL+OF+PUBLIC+HEALTH+POLICY+aims+scope+instructions+for+authors+APC
1230,4-Q3,0,ANNALI DELL ISTITUTO SUPERIORE DI SANITA,ANN I SUPER SANITA,0021-2571,2384-8553,2.1,1.8,Q3,231/443,Q4,Q4,0.43,48.0,33.0,1301.0,"PUBLIC, ENVIRONMENTAL & OCCUPATIONAL HEALTH","PUBLIC, ENVIRONMENTAL & OCCUPATIONAL HEALTH(JIF Q3/JCI Q4)",Istituto Superiore Sanita,其他,是,SCIE,需核实,请查期刊官网 Author / Open Access 页面,未知,,https://www.google.com/search?q=ANNALI+DELL+ISTITUTO+SUPERIORE+DI+SANITA+aims+scope+instructions+for+authors+APC
1231,4-Q3,0,ONCOLOGY NURSING FORUM,ONCOL NURS FORUM,0190-535X,1538-0688,1.7,2.2,Q3,106/194,Q3,Q3,0.48,45.6,33.0,3703.0,NURSING; ONCOLOGY,NURSING(JIF Q3/JCI Q3) | ONCOLOGY(JIF Q4/JCI Q3),ONCOLOGY NURSING SOC,其他,是,"SCIE, SSCI; SCIE",需核实,请查期刊官网 Author / Open Access 页面,未知,,https://www.google.com/search?q=ONCOLOGY+NURSING+FORUM+aims+scope+instructions+for+authors+APC
1232,4-Q3,0,Journal of Pediatric Hematology-Oncology Nursing,J PEDIAT HEMAT ONC N,2752-7530,2752-7549,1.6,2.1,Q3,114/194,Q3,Q3,0.51,41.5,33.0,233.0,NURSING; ONCOLOGY,NURSING(JIF Q3/JCI Q3) | ONCOLOGY(JIF Q4/JCI Q3),SAGE PUBLICATIONS INC,SAGE,是,"SCIE, SSCI; SCIE",混合为主,"订阅路线通常无APC；SAGE Choice常见 USD 2,000-4,000",中,https://us.sagepub.com/en-us/nam/sage-choice,https://www.google.com/search?q=Journal+of+Pediatric+Hematology-Oncology+Nursing+aims+scope+instructions+for+authors+APC
1233,4-Q3,0,Journal of Child and Adolescent Psychiatric Nursing,J CHILD ADOL PS NURS,1073-6077,1744-6171,1.5,1.9,Q3,118/194,Q2,Q2,0.69,39.4,33.0,968.0,NURSING,NURSING(JIF Q3/JCI Q2),WILEY,Wiley,否,ESCI,混合为主,"订阅路线通常无APC；OnlineOpen常见 USD 3,200-4,700",中,https://authorservices.wiley.com/author-resources/Journal-Authors/open-access/article-publication-charges.html,https://www.google.com/search?q=Journal+of+Child+and+Adolescent+Psychiatric+Nursing+aims+scope+instructions+for+authors+APC
1234,4-Q3,0,Journal of Pharmacopuncture,J PHARMACOPUNCT,2093-6966,2234-6856,1.5,1.8,Q3,31/48,Q3,Q3,0.36,36.5,33.0,727.0,INTEGRATIVE & COMPLEMENTARY MEDICINE,INTEGRATIVE & COMPLEMENTARY MEDICINE(JIF Q3/JCI Q3),KOREAN PHARMACOPUNCTURE INST,其他,否,ESCI,需核实,请查期刊官网 Author / Open Access 页面,未知,,https://www.google.com/search?q=Journal+of+Pharmacopuncture+aims+scope+instructions+for+authors+APC
1235,4-Q3,0,INTERNATIONAL JOURNAL OF REHABILITATION RESEARCH,INT J REHABIL RES,0342-5282,1473-5660,1.4,1.7,Q3,111/175,Q3,Q3,0.65,36.9,33.0,2039.0,REHABILITATION,REHABILITATION(JIF Q3/JCI Q3),LIPPINCOTT WILLIAMS & WILKINS,Wolters Kluwer/LWW,是,"SCIE, SSCI",混合为主,"订阅路线通常无APC；OA常见 USD 2,000-4,000；MEDICINE已拉黑",中,https://wkauthorservices.editage.com/open-access/,https://www.google.com/search?q=INTERNATIONAL+JOURNAL+OF+REHABILITATION+RESEARCH+aims+scope+instructions+for+authors+APC
1236,4-Q3,0,JOURNAL OF INTERVENTIONAL CARDIOLOGY,J INTERV CARDIOL,0896-4327,1540-8183,1.4,1.9,Q3,172/237,Q3,Q3,0.41,27.6,33.0,1580.0,CARDIAC & CARDIOVASCULAR SYSTEMS,CARDIAC & CARDIOVASCULAR SYSTEMS(JIF Q3/JCI Q3),WILEY,Wiley,是,SCIE,混合为主,"订阅路线通常无APC；OnlineOpen常见 USD 3,200-4,700",中,https://authorservices.wiley.com/author-resources/Journal-Authors/open-access/article-publication-charges.html,https://www.google.com/search?q=JOURNAL+OF+INTERVENTIONAL+CARDIOLOGY+aims+scope+instructions+for+authors+APC
1237,4-Q3,0,Clinical and Translational Imaging,CLIN TRANSL IMAGING,2281-5872,2281-7565,1.4,1.7,Q3,159/217,Q4,Q4,0.34,27.0,33.0,796.0,"RADIOLOGY, NUCLEAR MEDICINE & MEDICAL IMAGING","RADIOLOGY, NUCLEAR MEDICINE & MEDICAL IMAGING(JIF Q3/JCI Q4)",SPRINGER-VERLAG ITALIA SRL,Springer,是,SCIE,混合为主,"订阅路线通常无APC；选OA约 USD 2,790-4,290",中,https://www.springer.com/gp/open-access,https://www.google.com/search?q=Clinical+and+Translational+Imaging+aims+scope+instructions+for+authors+APC
1238,4-Q3,0,Kidney and Dialysis,KIDNEY DIAL-BASEL,,2673-8236,1.3,2.0,Q3,98/134,Q3,Q3,0.42,27.2,33.0,256.0,UROLOGY & NEPHROLOGY,UROLOGY & NEPHROLOGY(JIF Q3/JCI Q3),MDPI,MDPI,否,ESCI,全OA,"约 CHF 1,600-2,900（如 JCM=CHF 2,600）",高,https://www.mdpi.com/about/apc,https://www.google.com/search?q=Kidney+and+Dialysis+aims+scope+instructions+for+authors+APC
1239,4-Q3,0,Klimik Journal,KLIMIK J,1301-143X,1309-1484,0.6,0.5,Q3,227/336,Q4,Q4,0.1,32.6,33.0,237.0,"MEDICINE, GENERAL & INTERNAL","MEDICINE, GENERAL & INTERNAL(JIF Q3/JCI Q4)",DOC DESIGN INFORMATICS CO LTD,其他,否,ESCI,需核实,请查期刊官网 Author / Open Access 页面,未知,,https://www.google.com/search?q=Klimik+Journal+aims+scope+instructions+for+authors+APC
1240,4-Q3,0,BIOLOGY OF THE CELL,BIOL CELL,0248-4900,1768-322X,2.7,2.7,Q3,148/207,Q4,Q4,0.25,28.7,32.0,1962.0,CELL BIOLOGY,CELL BIOLOGY(JIF Q3/JCI Q4),WILEY,Wiley,是,SCIE,混合为主,"订阅路线通常无APC；OnlineOpen常见 USD 3,200-4,700",中,https://authorservices.wiley.com/author-resources/Journal-Authors/open-access/article-publication-charges.html,https://www.google.com/search?q=BIOLOGY+OF+THE+CELL+aims+scope+instructions+for+authors+APC
1241,4-Q3,0,Frontiers in Neuroimaging,FRONT NEUROIMAGING,,2813-1193,2.5,2.4,Q3,11/18,Q4,Q4,0.46,41.7,32.0,325.0,NEUROIMAGING,NEUROIMAGING(JIF Q3/JCI Q4),FRONTIERS MEDIA SA,Frontiers,否,ESCI,全OA,"约 CHF 1,495-3,150（Frontiers in Medicine A类=CHF 3,150）",高,https://www.frontiersin.org/about/fee-policy,https://www.google.com/search?q=Frontiers+in+Neuroimaging+aims+scope+instructions+for+authors+APC
1242,4-Q3,0,PROSTAGLANDINS LEUKOTRIENES AND ESSENTIAL FATTY ACIDS,PROSTAG LEUKOTR ESS,0952-3278,1532-2823,2.4,2.8,Q3,135/198,Q3,Q3,0.54,32.1,32.0,3944.0,BIOCHEMISTRY & MOLECULAR BIOLOGY; CELL BIOLOGY; ENDOCRINOLOGY & METABOLISM,BIOCHEMISTRY & MOLECULAR BIOLOGY(JIF Q3/JCI Q3) | CELL BIOLOGY(JIF Q4/JCI Q3) | ENDOCRINOLOGY & METABOLISM(JIF Q3/JCI Q3),ELSEVIER SCI LTD,Elsevier,是,SCIE,混合为主,"订阅路线通常无APC；Gold OA常见 USD 2,200-4,200",中,https://www.elsevier.com/open-access/agreements,https://www.google.com/search?q=PROSTAGLANDINS+LEUKOTRIENES+AND+ESSENTIAL+FATTY+ACIDS+aims+scope+instructions+for+authors+APC
1243,4-Q3,0,Immunological Medicine,IMMUNOL MED,,2578-5826,2.3,,Q3,32/58,Q3,Q3,0.52,45.7,32.0,585.0,IMMUNOLOGY; RHEUMATOLOGY,IMMUNOLOGY(JIF Q3/JCI Q3) | RHEUMATOLOGY(JIF Q3/JCI Q3),TAYLOR & FRANCIS LTD,Taylor & Francis,否,ESCI,混合为主,"订阅路线通常无APC；Open Select常见 USD 2,500-3,500",中,https://authorservices.taylorandfrancis.com/publishing-open-access/,https://www.google.com/search?q=Immunological+Medicine+aims+scope+instructions+for+authors+APC
1244,4-Q3,0,Health Economics Policy and Law,HEALTH ECON POLICY L,1744-1331,1744-134X,2.2,2.7,Q3,67/125,Q1,Q1,1.27,46.8,32.0,965.0,HEALTH POLICY & SERVICES,HEALTH POLICY & SERVICES(JIF Q3/JCI Q1),CAMBRIDGE UNIV PRESS,Cambridge UP,否,SSCI,混合为主,订阅路线通常无APC；Gold OA因刊而异,中,https://www.cambridge.org/core/open-research/open-access,https://www.google.com/search?q=Health+Economics+Policy+and+Law+aims+scope+instructions+for+authors+APC
1245,4-Q3,0,Drug Metabolism and Pharmacokinetics,DRUG METAB PHARMACOK,1347-4367,1880-0920,2.2,2.4,Q3,231/356,Q3,Q3,0.63,35.3,32.0,2153.0,PHARMACOLOGY & PHARMACY,PHARMACOLOGY & PHARMACY(JIF Q3/JCI Q3),JAPANESE SOC STUDY XENOBIOTICS,其他,是,SCIE,需核实,请查期刊官网 Author / Open Access 页面,未知,,https://www.google.com/search?q=Drug+Metabolism+and+Pharmacokinetics+aims+scope+instructions+for+authors+APC
1246,4-Q3,0,Canadian Respiratory Journal,CAN RESPIR J,1198-2241,1916-7245,2.1,2.5,Q3,68/107,Q3,Q3,0.59,36.9,32.0,1751.0,RESPIRATORY SYSTEM,RESPIRATORY SYSTEM(JIF Q3/JCI Q3),WILEY,Wiley,是,SCIE,混合为主,"订阅路线通常无APC；OnlineOpen常见 USD 3,200-4,700",中,https://authorservices.wiley.com/author-resources/Journal-Authors/open-access/article-publication-charges.html,https://www.google.com/search?q=Canadian+Respiratory+Journal+aims+scope+instructions+for+authors+APC
1247,4-Q3,0,JOURNAL OF THE AMERICAN SOCIETY OF BREWING CHEMISTS,J AM SOC BREW CHEM,0361-0470,1943-7854,2.1,2.1,Q3,133/187,Q4,Q3,0.39,26.4,32.0,1400.0,BIOTECHNOLOGY & APPLIED MICROBIOLOGY,BIOTECHNOLOGY & APPLIED MICROBIOLOGY(JIF Q3/JCI Q4),TAYLOR & FRANCIS LTD,Taylor & Francis,是,SCIE,混合为主,"订阅路线通常无APC；Open Select常见 USD 2,500-3,500",中,https://authorservices.taylorandfrancis.com/publishing-open-access/,https://www.google.com/search?q=JOURNAL+OF+THE+AMERICAN+SOCIETY+OF+BREWING+CHEMISTS+aims+scope+instructions+for+authors+APC
1248,4-Q3,0,Transcultural Psychiatry,TRANSCULT PSYCHIATRY,1363-4615,1461-7471,2.0,3.1,Q3,20/143,Q2,Q2,1.0,38.4,32.0,2680.0,PSYCHIATRY,PSYCHIATRY(JIF Q3/JCI Q2),SAGE PUBLICATIONS LTD,SAGE,否,SSCI,混合为主,"订阅路线通常无APC；SAGE Choice常见 USD 2,000-4,000",中,https://us.sagepub.com/en-us/nam/sage-choice,https://www.google.com/search?q=Transcultural+Psychiatry+aims+scope+instructions+for+authors+APC
1249,4-Q3,0,FOLIA PARASITOLOGICA,FOLIA PARASIT,0015-5683,1803-6465,2.0,1.6,Q3,25/47,Q3,Q3,0.58,47.9,32.0,1440.0,PARASITOLOGY,PARASITOLOGY(JIF Q3/JCI Q3),FOLIA PARASITOLOGICA,其他,是,SCIE,需核实,请查期刊官网 Author / Open Access 页面,未知,,https://www.google.com/search?q=FOLIA+PARASITOLOGICA+aims+scope+instructions+for+authors+APC
1250,4-Q3,0,Human Fertility,HUM FERTIL,1464-7273,1742-8149,2.0,2.3,Q3,78/143,Q3,Q3,0.58,45.8,32.0,1473.0,OBSTETRICS & GYNECOLOGY; REPRODUCTIVE BIOLOGY,OBSTETRICS & GYNECOLOGY(JIF Q3/JCI Q3) | REPRODUCTIVE BIOLOGY(JIF Q3/JCI Q4),TAYLOR & FRANCIS LTD,Taylor & Francis,是,SCIE,混合为主,"订阅路线通常无APC；Open Select常见 USD 2,500-3,500",中,https://authorservices.taylorandfrancis.com/publishing-open-access/,https://www.google.com/search?q=Human+Fertility+aims+scope+instructions+for+authors+APC
1251,4-Q3,0,Brain Hemorrhages,BRAIN HEMORRHAGES,,2589-238X,2.0,2.0,Q3,188/296,Q3,Q3,0.55,36.7,32.0,360.0,CLINICAL NEUROLOGY,CLINICAL NEUROLOGY(JIF Q3/JCI Q3),KEAI PUBLISHING LTD,其他,否,ESCI,需核实,请查期刊官网 Author / Open Access 页面,未知,,https://www.google.com/search?q=Brain+Hemorrhages+aims+scope+instructions+for+authors+APC
1252,4-Q3,0,ACSMS HEALTH & FITNESS JOURNAL,ACSMS HEALTH FIT J,1091-5397,1536-593X,1.9,1.6,Q3,76/136,Q3,Q3,0.68,44.5,32.0,728.0,SPORT SCIENCES,SPORT SCIENCES(JIF Q3/JCI Q3),LIPPINCOTT WILLIAMS & WILKINS,Wolters Kluwer/LWW,是,SCIE,混合为主,"订阅路线通常无APC；OA常见 USD 2,000-4,000；MEDICINE已拉黑",中,https://wkauthorservices.editage.com/open-access/,https://www.google.com/search?q=ACSMS+HEALTH+&+FITNESS+JOURNAL+aims+scope+instructions+for+authors+APC
1253,4-Q3,0,EVALUATION & THE HEALTH PROFESSIONS,EVAL HEALTH PROF,0163-2787,1552-3918,1.9,2.3,Q3,128/194,Q3,Q3,0.63,34.3,32.0,1658.0,HEALTH CARE SCIENCES & SERVICES; HEALTH POLICY & SERVICES,HEALTH CARE SCIENCES & SERVICES(JIF Q3/JCI Q3) | HEALTH POLICY & SERVICES(JIF Q3/JCI Q3),SAGE PUBLICATIONS INC,SAGE,是,SCIE; SSCI,混合为主,"订阅路线通常无APC；SAGE Choice常见 USD 2,000-4,000",中,https://us.sagepub.com/en-us/nam/sage-choice,https://www.google.com/search?q=EVALUATION+&+THE+HEALTH+PROFESSIONS+aims+scope+instructions+for+authors+APC
1254,4-Q3,0,NEUROPSYCHIATRIE,NEUROPSYCHIATRIE,0948-6259,2194-1327,1.9,1.8,Q3,187/293,Q4,Q4,0.37,36.3,32.0,403.0,PSYCHIATRY,PSYCHIATRY(JIF Q3/JCI Q4),SPRINGER WIEN,Springer,否,ESCI,混合为主,"订阅路线通常无APC；选OA约 USD 2,790-4,290",中,https://www.springer.com/gp/open-access,https://www.google.com/search?q=NEUROPSYCHIATRIE+aims+scope+instructions+for+authors+APC
1255,4-Q3,0,Computer Methods in Biomechanics and Biomedical Engineering-Imaging and Visualization,COMP M BIO BIO E-IV,2168-1163,2168-1171,1.9,1.6,Q3,97/130,Q4,Q4,0.3,25.8,32.0,1025.0,"ENGINEERING, BIOMEDICAL","ENGINEERING, BIOMEDICAL(JIF Q3/JCI Q4)",TAYLOR & FRANCIS LTD,Taylor & Francis,否,ESCI,混合为主,"订阅路线通常无APC；Open Select常见 USD 2,500-3,500",中,https://authorservices.taylorandfrancis.com/publishing-open-access/,https://www.google.com/search?q=Computer+Methods+in+Biomechanics+and+Biomedical+Engineering-Imaging+and+Visualization+aims+scope+instructions+for+authors+APC
1256,4-Q3,0,Journal of Dental Anesthesia and Pain Medicine,J DENT ANESTH PAIN M,2383-9309,2383-9317,1.8,,Q3,37/72,Q3,Q3,0.54,49.3,32.0,662.0,"ANESTHESIOLOGY; DENTISTRY, ORAL SURGERY & MEDICINE","ANESTHESIOLOGY(JIF Q3/JCI Q3) | DENTISTRY, ORAL SURGERY & MEDICINE(JIF Q3/JCI Q3)",Korean Dental Soc Anesthesiology,其他,否,ESCI,需核实,请查期刊官网 Author / Open Access 页面,未知,,https://www.google.com/search?q=Journal+of+Dental+Anesthesia+and+Pain+Medicine+aims+scope+instructions+for+authors+APC
1257,4-Q3,0,Dermatopathology,DERMATOPATHOL-BASEL,2296-3529,2296-3529,1.8,1.6,Q3,61/99,Q3,Q3,0.53,38.9,32.0,374.0,DERMATOLOGY,DERMATOLOGY(JIF Q3/JCI Q3),MDPI,MDPI,否,ESCI,全OA,"约 CHF 1,600-2,900（如 JCM=CHF 2,600）",高,https://www.mdpi.com/about/apc,https://www.google.com/search?q=Dermatopathology+aims+scope+instructions+for+authors+APC
1258,4-Q3,0,JOURNAL OF ADDICTIVE DISEASES,J ADDICT DIS,1055-0887,1545-0848,1.7,1.7,Q3,44/61,Q4,Q4,0.47,28.7,32.0,1383.0,SUBSTANCE ABUSE,SUBSTANCE ABUSE(JIF Q3/JCI Q4),"ROUTLEDGE JOURNALS, TAYLOR & FRANCIS LTD",Taylor & Francis,否,SSCI,混合为主,"订阅路线通常无APC；Open Select常见 USD 2,500-3,500",中,https://authorservices.taylorandfrancis.com/publishing-open-access/,https://www.google.com/search?q=JOURNAL+OF+ADDICTIVE+DISEASES+aims+scope+instructions+for+authors+APC
1259,4-Q3,0,Journal of Latinx Psychology,J LATINX PSYCHOL,2578-8086,2578-8094,1.6,2.7,Q3,117/222,Q3,Q2,0.7,37.8,32.0,385.0,"PSYCHOLOGY, CLINICAL","PSYCHOLOGY, CLINICAL(JIF Q3/JCI Q3)",EDUCATIONAL PUBLISHING FOUNDATION-AMERICAN PSYCHOLOGICAL ASSOC,其他,否,SSCI,需核实,请查期刊官网 Author / Open Access 页面,未知,,https://www.google.com/search?q=Journal+of+Latinx+Psychology+aims+scope+instructions+for+authors+APC
1260,4-Q3,0,Clinical and Experimental Reproductive Medicine-CERM,CLIN EXP REPROD MED,2233-8233,2233-8241,1.6,2.3,Q3,94/143,Q3,Q3,0.58,34.6,32.0,947.0,OBSTETRICS & GYNECOLOGY; REPRODUCTIVE BIOLOGY,OBSTETRICS & GYNECOLOGY(JIF Q3/JCI Q3) | REPRODUCTIVE BIOLOGY(JIF Q4/JCI Q4),KOREAN SOC REPRODUCTIVE MEDICINE,其他,否,ESCI,需核实,请查期刊官网 Author / Open Access 页面,未知,,https://www.google.com/search?q=Clinical+and+Experimental+Reproductive+Medicine-CERM+aims+scope+instructions+for+authors+APC
1261,4-Q3,0,Investigacion y Educacion en Enfermeria,INVESTIG EDUC ENFERM,0120-5307,2216-0280,1.6,2.2,Q3,114/194,Q3,Q3,0.5,41.5,32.0,686.0,NURSING,NURSING(JIF Q3/JCI Q3),"UNIV ANTIOQUIA, FAC ENFERMERIA",其他,否,ESCI,需核实,请查期刊官网 Author / Open Access 页面,未知,,https://www.google.com/search?q=Investigacion+y+Educacion+en+Enfermeria+aims+scope+instructions+for+authors+APC
1262,4-Q3,0,Journal of Ultrasonography,J ULTRASON,2084-8404,2451-070X,1.5,1.6,Q3,151/217,Q4,Q4,0.31,30.6,32.0,715.0,"RADIOLOGY, NUCLEAR MEDICINE & MEDICAL IMAGING","RADIOLOGY, NUCLEAR MEDICINE & MEDICAL IMAGING(JIF Q3/JCI Q4)",Paradigm Publishing Services-De Gruyter Brill Sp Zoo,De Gruyter,否,ESCI,混合/OA,因刊而异,中,https://www.degruyter.com/publishing/publications/openaccess,https://www.google.com/search?q=Journal+of+Ultrasonography+aims+scope+instructions+for+authors+APC
1263,4-Q3,0,Journal of the Turkish-German Gynecological Association,J TURK-GER GYNECOL A,1309-0399,1309-0380,1.4,1.6,Q3,106/143,Q3,Q3,0.5,26.2,32.0,781.0,OBSTETRICS & GYNECOLOGY,OBSTETRICS & GYNECOLOGY(JIF Q3/JCI Q3),GALENOS PUBL HOUSE,其他,否,ESCI,需核实,请查期刊官网 Author / Open Access 页面,未知,,https://www.google.com/search?q=Journal+of+the+Turkish-German+Gynecological+Association+aims+scope+instructions+for+authors+APC
1264,4-Q3,0,Journal of Plastic Surgery and Hand Surgery,J PLAST SURG HAND SU,2000-656X,2000-6764,1.4,1.4,Q3,202/321,Q3,Q3,0.49,37.2,32.0,1254.0,ORTHOPEDICS; SURGERY,ORTHOPEDICS(JIF Q3/JCI Q3) | SURGERY(JIF Q3/JCI Q3),Medical Journal Sweden AB,其他,是,SCIE,需核实,请查期刊官网 Author / Open Access 页面,未知,,https://www.google.com/search?q=Journal+of+Plastic+Surgery+and+Hand+Surgery+aims+scope+instructions+for+authors+APC
1265,4-Q3,0,PEDIATRIC HEMATOLOGY AND ONCOLOGY,PEDIATR HEMAT ONCOL,0888-0018,1521-0669,1.4,1.3,Q3,112/190,Q3,Q3,0.32,41.3,32.0,1529.0,HEMATOLOGY; ONCOLOGY; PEDIATRICS,HEMATOLOGY(JIF Q4/JCI Q3) | ONCOLOGY(JIF Q4/JCI Q4) | PEDIATRICS(JIF Q3/JCI Q4),TAYLOR & FRANCIS INC,Taylor & Francis,是,SCIE,混合为主,"订阅路线通常无APC；Open Select常见 USD 2,500-3,500",中,https://authorservices.taylorandfrancis.com/publishing-open-access/,https://www.google.com/search?q=PEDIATRIC+HEMATOLOGY+AND+ONCOLOGY+aims+scope+instructions+for+authors+APC
1266,4-Q3,0,Journal of the Saudi Heart Association,J SAUDI HEART ASSOC,1016-7315,2212-5043,1.4,1.2,Q3,172/237,Q4,Q4,0.28,27.6,32.0,546.0,CARDIAC & CARDIOVASCULAR SYSTEMS,CARDIAC & CARDIOVASCULAR SYSTEMS(JIF Q3/JCI Q4),DIGITAL COMMONS BEPRESS,其他,否,ESCI,需核实,请查期刊官网 Author / Open Access 页面,未知,,https://www.google.com/search?q=Journal+of+the+Saudi+Heart+Association+aims+scope+instructions+for+authors+APC
1267,4-Q3,0,Journal of the Belgian Society of Radiology,J BELG SOC RADIOL,2514-8281,2514-8281,1.4,1.5,Q3,159/217,Q4,Q4,0.21,27.0,32.0,477.0,"RADIOLOGY, NUCLEAR MEDICINE & MEDICAL IMAGING","RADIOLOGY, NUCLEAR MEDICINE & MEDICAL IMAGING(JIF Q3/JCI Q4)",UBIQUITY PRESS LTD,其他,是,SCIE,需核实,请查期刊官网 Author / Open Access 页面,未知,,https://www.google.com/search?q=Journal+of+the+Belgian+Society+of+Radiology+aims+scope+instructions+for+authors+APC
1268,4-Q3,0,Progress in Rehabilitation Medicine,PROG REHABIL MED,,2432-1354,1.3,,Q3,121/175,Q3,Q3,0.57,31.1,32.0,348.0,REHABILITATION,REHABILITATION(JIF Q3/JCI Q3),JAPANESE ASSOC REHABILITATION MEDICINE,其他,否,ESCI,需核实,请查期刊官网 Author / Open Access 页面,未知,,https://www.google.com/search?q=Progress+in+Rehabilitation+Medicine+aims+scope+instructions+for+authors+APC
1269,4-Q3,0,Research and Theory for Nursing Practice,RES THEOR NURS PRACT,1541-6577,1945-7286,1.1,1.2,Q3,141/194,Q4,Q4,0.38,27.6,32.0,543.0,NURSING,NURSING(JIF Q3/JCI Q4),SPRINGER PUBLISHING CO,Springer,是,"SCIE, SSCI",混合为主,"订阅路线通常无APC；选OA约 USD 2,790-4,290",中,https://www.springer.com/gp/open-access,https://www.google.com/search?q=Research+and+Theory+for+Nursing+Practice+aims+scope+instructions+for+authors+APC
1270,4-Q3,0,JOURNAL OF MOLECULAR ENDOCRINOLOGY,J MOL ENDOCRINOL,0952-5041,1479-6813,3.1,4.0,Q3,105/198,Q2,Q2,0.7,47.2,31.0,4396.0,ENDOCRINOLOGY & METABOLISM,ENDOCRINOLOGY & METABOLISM(JIF Q3/JCI Q2),BIOSCIENTIFICA LTD,其他,是,SCIE,需核实,请查期刊官网 Author / Open Access 页面,未知,,https://www.google.com/search?q=JOURNAL+OF+MOLECULAR+ENDOCRINOLOGY+aims+scope+instructions+for+authors+APC
1271,4-Q3,0,Metallomics,METALLOMICS,1756-5901,1756-591X,2.9,3.0,Q3,207/328,Q3,Q3,0.56,37.0,31.0,6083.0,BIOCHEMISTRY & MOLECULAR BIOLOGY,BIOCHEMISTRY & MOLECULAR BIOLOGY(JIF Q3/JCI Q3),OXFORD UNIV PRESS,Oxford UP,是,SCIE,混合为主,订阅路线通常无APC；可选OA，费用因刊而异,中,https://academic.oup.com/pages/open-research/open-access,https://www.google.com/search?q=Metallomics+aims+scope+instructions+for+authors+APC
1272,4-Q3,0,Chinese Clinical Oncology,CHIN CLIN ONCOL,2304-3865,2304-3873,2.7,2.9,Q3,185/333,Q4,Q4,0.33,44.6,31.0,1596.0,ONCOLOGY,ONCOLOGY(JIF Q3/JCI Q4),AME PUBLISHING COMPANY,其他,否,ESCI,需核实,请查期刊官网 Author / Open Access 页面,未知,,https://www.google.com/search?q=Chinese+Clinical+Oncology+aims+scope+instructions+for+authors+APC
1273,4-Q3,0,Acta Epileptologica,ACTA EPILEPTOL,2096-9384,2524-4434,2.6,2.1,Q3,157/296,Q4,Q4,0.4,47.1,31.0,361.0,CLINICAL NEUROLOGY,CLINICAL NEUROLOGY(JIF Q3/JCI Q4),SPRINGERNATURE,Springer Nature,否,ESCI,混合/全OA,"全OA约 USD 2,090-3,490；Nature系更高；Scientific Reports已拉黑",中高,https://www.springernature.com/gp/open-research/journals-books/journals,https://www.google.com/search?q=Acta+Epileptologica+aims+scope+instructions+for+authors+APC
1274,4-Q3,0,Clinical Medicine Insights-Endocrinology and Diabetes,CLIN MED INSIGHTS-EN,1179-5514,1179-5514,2.5,3.2,Q3,130/198,Q3,Q3,0.47,34.6,31.0,561.0,ENDOCRINOLOGY & METABOLISM,ENDOCRINOLOGY & METABOLISM(JIF Q3/JCI Q3),SAGE PUBLICATIONS LTD,SAGE,否,ESCI,混合为主,"订阅路线通常无APC；SAGE Choice常见 USD 2,000-4,000",中,https://us.sagepub.com/en-us/nam/sage-choice,https://www.google.com/search?q=Clinical+Medicine+Insights-Endocrinology+and+Diabetes+aims+scope+instructions+for+authors+APC
1275,4-Q3,0,EVOLUTIONARY ECOLOGY,EVOL ECOL,0269-7653,1573-8477,2.0,2.1,Q3,124/205,Q3,Q3,0.5,32.0,31.0,3367.0,GENETICS & HEREDITY,GENETICS & HEREDITY(JIF Q3/JCI Q3),SPRINGER,Springer,是,SCIE,混合为主,"订阅路线通常无APC；选OA约 USD 2,790-4,290",中,https://www.springer.com/gp/open-access,https://www.google.com/search?q=EVOLUTIONARY+ECOLOGY+aims+scope+instructions+for+authors+APC
1276,4-Q3,0,Criminal Behaviour and Mental Health,CRIM BEHAV MENT HEAL,0957-9664,1471-2857,1.9,1.8,Q3,35/113,Q3,Q3,0.69,36.3,31.0,1042.0,PSYCHIATRY,PSYCHIATRY(JIF Q3/JCI Q3),WILEY,Wiley,否,SSCI,混合为主,"订阅路线通常无APC；OnlineOpen常见 USD 3,200-4,700",中,https://authorservices.wiley.com/author-resources/Journal-Authors/open-access/article-publication-charges.html,https://www.google.com/search?q=Criminal+Behaviour+and+Mental+Health+aims+scope+instructions+for+authors+APC
1277,4-Q3,0,Clinica e Investigacion en Arteriosclerosis,CLIN INVEST ARTERIOS,0214-9168,1578-1879,1.9,1.7,Q3,65/100,Q3,Q3,0.45,35.5,31.0,559.0,PERIPHERAL VASCULAR DISEASE,PERIPHERAL VASCULAR DISEASE(JIF Q3/JCI Q3),ELSEVIER,Elsevier,否,ESCI,混合为主,"订阅路线通常无APC；Gold OA常见 USD 2,200-4,200",中,https://www.elsevier.com/open-access/agreements,https://www.google.com/search?q=Clinica+e+Investigacion+en+Arteriosclerosis+aims+scope+instructions+for+authors+APC
1278,4-Q3,0,IRANIAN BIOMEDICAL JOURNAL,IRAN BIOMED J,1028-852X,2008-823X,1.9,,Q3,129/191,Q4,Q4,0.26,32.7,31.0,969.0,"MEDICINE, RESEARCH & EXPERIMENTAL","MEDICINE, RESEARCH & EXPERIMENTAL(JIF Q3/JCI Q4)",PASTEUR INST IRAN,其他,否,ESCI,需核实,请查期刊官网 Author / Open Access 页面,未知,,https://www.google.com/search?q=IRANIAN+BIOMEDICAL+JOURNAL+aims+scope+instructions+for+authors+APC
1279,4-Q3,0,INTERNATIONAL ANGIOLOGY,INT ANGIOL,0392-9590,1827-1839,1.8,1.5,Q3,66/100,Q4,Q4,0.33,34.5,31.0,1371.0,PERIPHERAL VASCULAR DISEASE,PERIPHERAL VASCULAR DISEASE(JIF Q3/JCI Q4),EDIZIONI MINERVA MEDICA,其他,是,SCIE,需核实,请查期刊官网 Author / Open Access 页面,未知,,https://www.google.com/search?q=INTERNATIONAL+ANGIOLOGY+aims+scope+instructions+for+authors+APC
1280,4-Q3,0,Public Health Action,PUBLIC HEALTH ACTION,2220-8372,2220-8372,1.6,1.7,Q3,301/443,Q3,Q3,0.45,32.2,31.0,623.0,"PUBLIC, ENVIRONMENTAL & OCCUPATIONAL HEALTH; RESPIRATORY SYSTEM","PUBLIC, ENVIRONMENTAL & OCCUPATIONAL HEALTH(JIF Q3/JCI Q3) | RESPIRATORY SYSTEM(JIF Q3/JCI Q3)",INT UNION AGAINST TUBERCULOSIS and LUNG DISEASE (I U A T L D),其他,否,ESCI,需核实,请查期刊官网 Author / Open Access 页面,未知,,https://www.google.com/search?q=Public+Health+Action+aims+scope+instructions+for+authors+APC
1281,4-Q3,0,BMJ Innovations,BMJ INNOV,2055-8074,2055-642X,1.6,1.7,Q3,142/194,Q4,Q4,0.4,27.1,31.0,525.0,HEALTH CARE SCIENCES & SERVICES,HEALTH CARE SCIENCES & SERVICES(JIF Q3/JCI Q4),BMJ PUBLISHING GROUP,BMJ,否,ESCI,混合/全OA,"BMJ Open约GBP 2,175；旗舰刊更高",高,https://authors.bmj.com/open-access/,https://www.google.com/search?q=BMJ+Innovations+aims+scope+instructions+for+authors+APC
1282,4-Q3,0,Clinical Nursing Research,CLIN NURS RES,1054-7738,1552-3799,1.5,2.3,Q3,118/194,Q2,Q2,0.69,39.4,31.0,1967.0,NURSING,NURSING(JIF Q3/JCI Q2),SAGE PUBLICATIONS INC,SAGE,是,"SCIE, SSCI",混合为主,"订阅路线通常无APC；SAGE Choice常见 USD 2,000-4,000",中,https://us.sagepub.com/en-us/nam/sage-choice,https://www.google.com/search?q=Clinical+Nursing+Research+aims+scope+instructions+for+authors+APC
1283,4-Q3,0,Advances in Orthopedics,ADV ORTHOP,2090-3464,2090-3472,1.5,1.8,Q3,96/147,Q3,Q3,0.64,35.0,31.0,669.0,ORTHOPEDICS,ORTHOPEDICS(JIF Q3/JCI Q3),WILEY,Wiley,否,ESCI,混合为主,"订阅路线通常无APC；OnlineOpen常见 USD 3,200-4,700",中,https://authorservices.wiley.com/author-resources/Journal-Authors/open-access/article-publication-charges.html,https://www.google.com/search?q=Advances+in+Orthopedics+aims+scope+instructions+for+authors+APC
1284,4-Q3,0,European Journal of Rheumatology,EUR J RHEUMATOL,2147-9720,2148-4279,1.5,1.7,Q3,41/58,Q3,Q3,0.37,30.2,31.0,969.0,RHEUMATOLOGY,RHEUMATOLOGY(JIF Q3/JCI Q3),AVES,其他,否,ESCI,需核实,请查期刊官网 Author / Open Access 页面,未知,,https://www.google.com/search?q=European+Journal+of+Rheumatology+aims+scope+instructions+for+authors+APC
1285,4-Q3,0,REC-Interventional Cardiology,REC-INTERV CARDIOL,2604-7306,2604-7276,1.5,1.0,Q3,162/237,Q4,Q4,0.23,31.9,31.0,177.0,CARDIAC & CARDIOVASCULAR SYSTEMS,CARDIAC & CARDIOVASCULAR SYSTEMS(JIF Q3/JCI Q4),PERMANYER PUBL,其他,否,ESCI,需核实,请查期刊官网 Author / Open Access 页面,未知,,https://www.google.com/search?q=REC-Interventional+Cardiology+aims+scope+instructions+for+authors+APC
1286,4-Q3,0,Journal Of Cardiovascular and Thoracic Research,J CARDIOVASC THORAC,2008-5117,2008-6830,1.4,1.3,Q3,172/237,Q4,Q4,0.25,27.6,31.0,681.0,CARDIAC & CARDIOVASCULAR SYSTEMS,CARDIAC & CARDIOVASCULAR SYSTEMS(JIF Q3/JCI Q4),TABRIZ UNIV MEDICAL SCIENCES & HEALTH SERVICES,其他,否,ESCI,需核实,请查期刊官网 Author / Open Access 页面,未知,,https://www.google.com/search?q=Journal+Of+Cardiovascular+and+Thoracic+Research+aims+scope+instructions+for+authors+APC
1287,4-Q3,0,Baltic Journal of Health and Physical Activity,BALT J HEALTH PHYS A,2080-1297,2080-9999,1.3,1.0,Q3,99/136,Q3,Q3,0.46,27.6,31.0,419.0,SPORT SCIENCES,SPORT SCIENCES(JIF Q3/JCI Q3),GDANSK UNIV PHYSICAL EDUCATION & SPORT,其他,否,ESCI,需核实,请查期刊官网 Author / Open Access 页面,未知,,https://www.google.com/search?q=Baltic+Journal+of+Health+and+Physical+Activity+aims+scope+instructions+for+authors+APC
1288,4-Q3,0,Vascular Specialist International,VASC SPEC INT,2288-7970,2288-7989,1.2,1.1,Q3,219/321,Q4,Q4,0.31,31.9,31.0,339.0,PERIPHERAL VASCULAR DISEASE; SURGERY,PERIPHERAL VASCULAR DISEASE(JIF Q4/JCI Q4) | SURGERY(JIF Q3/JCI Q4),KOREAN SOC VASCULAR SURGERY,其他,否,ESCI,需核实,请查期刊官网 Author / Open Access 页面,未知,,https://www.google.com/search?q=Vascular+Specialist+International+aims+scope+instructions+for+authors+APC
1289,4-Q3,0,JOURNAL OF BIOENERGETICS AND BIOMEMBRANES,J BIOENERG BIOMEMBR,0145-479X,1573-6881,3.7,3.5,Q3,21/81,Q2,Q2,0.74,45.2,30.0,2619.0,CELL BIOLOGY,CELL BIOLOGY(JIF Q3/JCI Q2),SPRINGER/PLENUM PUBLISHERS,Springer,是,SCIE,混合为主,"订阅路线通常无APC；选OA约 USD 2,790-4,290",中,https://www.springer.com/gp/open-access,https://www.google.com/search?q=JOURNAL+OF+BIOENERGETICS+AND+BIOMEMBRANES+aims+scope+instructions+for+authors+APC
1290,4-Q3,0,International Journal of Polymeric Materials and Polymeric Biomaterials,INT J POLYM MATER PO,0091-4037,1563-535X,3.2,3.2,Q3,48/96,Q4,Q3,0.4,35.3,30.0,3638.0,"MATERIALS SCIENCE, BIOMATERIALS","MATERIALS SCIENCE, BIOMATERIALS(JIF Q3/JCI Q4)",TAYLOR & FRANCIS LTD,Taylor & Francis,是,SCIE,混合为主,"订阅路线通常无APC；Open Select常见 USD 2,500-3,500",中,https://authorservices.taylorandfrancis.com/publishing-open-access/,https://www.google.com/search?q=International+Journal+of+Polymeric+Materials+and+Polymeric+Biomaterials+aims+scope+instructions+for+authors+APC
1291,4-Q3,0,Current Research in Translational Medicine,CURR RES TRANSL MED,2452-3186,2452-3186,3.0,3.2,Q3,96/191,Q2,Q2,0.62,50.0,30.0,744.0,"MEDICINE, RESEARCH & EXPERIMENTAL","MEDICINE, RESEARCH & EXPERIMENTAL(JIF Q3/JCI Q2)",ELSEVIER FRANCE-EDITIONS SCIENTIFIQUES MEDICALES ELSEVIER,Elsevier,是,SCIE,混合为主,"订阅路线通常无APC；Gold OA常见 USD 2,200-4,200",中,https://www.elsevier.com/open-access/agreements,https://www.google.com/search?q=Current+Research+in+Translational+Medicine+aims+scope+instructions+for+authors+APC
1292,4-Q3,0,Schizophrenia Bulletin Open,SCHIZOPHR B OPEN,,2632-7899,2.4,2.4,Q3,151/293,Q3,Q3,0.59,48.6,30.0,591.0,PSYCHIATRY,PSYCHIATRY(JIF Q3/JCI Q3),OXFORD UNIV PRESS,Oxford UP,否,ESCI,混合为主,订阅路线通常无APC；可选OA，费用因刊而异,中,https://academic.oup.com/pages/open-research/open-access,https://www.google.com/search?q=Schizophrenia+Bulletin+Open+aims+scope+instructions+for+authors+APC
1293,4-Q3,0,CURRENT PROBLEMS IN CANCER,CURR PROB CANCER,0147-0272,1535-6345,2.4,2.6,Q3,214/333,Q3,Q3,0.55,35.9,30.0,1472.0,ONCOLOGY,ONCOLOGY(JIF Q3/JCI Q3),MOSBY-ELSEVIER,Elsevier,是,SCIE,混合为主,"订阅路线通常无APC；Gold OA常见 USD 2,200-4,200",中,https://www.elsevier.com/open-access/agreements,https://www.google.com/search?q=CURRENT+PROBLEMS+IN+CANCER+aims+scope+instructions+for+authors+APC
1294,4-Q3,0,Drug Research,DRUG RES,2194-9379,2194-9387,2.4,2.2,Q3,215/356,Q4,Q4,0.38,39.7,30.0,1606.0,PHARMACOLOGY & PHARMACY,PHARMACOLOGY & PHARMACY(JIF Q3/JCI Q4),GEORG THIEME VERLAG KG,Thieme,否,ESCI,混合为主,订阅路线通常无APC；OA另计,中低,https://www.thieme.com/en-us/open-access,https://www.google.com/search?q=Drug+Research+aims+scope+instructions+for+authors+APC
1295,4-Q3,0,Neurosciences,NEUROSCIENCES,1319-6138,1658-3183,2.3,1.8,Q3,175/296,Q4,Q4,0.42,41.0,30.0,1106.0,CLINICAL NEUROLOGY,CLINICAL NEUROLOGY(JIF Q3/JCI Q4),RIYADH ARMED FORCES HOSPITAL,其他,是,SCIE,需核实,请查期刊官网 Author / Open Access 页面,未知,,https://www.google.com/search?q=Neurosciences+aims+scope+instructions+for+authors+APC
1296,4-Q3,0,Mediterranean Journal of Hematology and Infectious Diseases,MEDITERR J HEMATOL I,,2035-3006,2.3,2.3,Q3,56/103,Q3,Q3,0.41,46.1,30.0,1526.0,HEMATOLOGY; INFECTIOUS DISEASES,HEMATOLOGY(JIF Q3/JCI Q3) | INFECTIOUS DISEASES(JIF Q3/JCI Q3),MATTIOLI 1885,其他,是,SCIE,需核实,请查期刊官网 Author / Open Access 页面,未知,,https://www.google.com/search?q=Mediterranean+Journal+of+Hematology+and+Infectious+Diseases+aims+scope+instructions+for+authors+APC
1297,4-Q3,0,Livers,LIVERS-BASEL,,2673-4389,2.2,2.4,Q3,96/153,Q3,Q3,0.36,37.6,30.0,405.0,GASTROENTEROLOGY & HEPATOLOGY,GASTROENTEROLOGY & HEPATOLOGY(JIF Q3/JCI Q3),MDPI,MDPI,否,ESCI,全OA,"约 CHF 1,600-2,900（如 JCM=CHF 2,600）",高,https://www.mdpi.com/about/apc,https://www.google.com/search?q=Livers+aims+scope+instructions+for+authors+APC
1298,4-Q3,0,Biochemia Medica,BIOCHEM MEDICA,1330-0962,1846-7482,2.1,4.0,Q3,17/33,Q3,Q3,0.66,50.0,30.0,5954.0,MEDICAL LABORATORY TECHNOLOGY,MEDICAL LABORATORY TECHNOLOGY(JIF Q3/JCI Q3),CROATIAN SOC MEDICAL BIOCHEMISTRY & LABORATORY MEDICINE,其他,是,SCIE,需核实,请查期刊官网 Author / Open Access 页面,未知,,https://www.google.com/search?q=Biochemia+Medica+aims+scope+instructions+for+authors+APC
1299,4-Q3,0,Therapeutic Advances in Ophthalmology,THER ADV OPHTHALMOL,2515-8414,2515-8414,2.0,2.7,Q3,55/98,Q2,Q2,0.76,44.4,30.0,728.0,OPHTHALMOLOGY,OPHTHALMOLOGY(JIF Q3/JCI Q2),SAGE PUBLICATIONS LTD,SAGE,否,ESCI,混合为主,"订阅路线通常无APC；SAGE Choice常见 USD 2,000-4,000",中,https://us.sagepub.com/en-us/nam/sage-choice,https://www.google.com/search?q=Therapeutic+Advances+in+Ophthalmology+aims+scope+instructions+for+authors+APC
1300,4-Q3,0,Journal of Research in Health Sciences,J RES HEALTH SCI,2228-7795,2228-7809,2.0,2.3,Q3,246/443,Q3,Q3,0.5,44.6,30.0,817.0,"PUBLIC, ENVIRONMENTAL & OCCUPATIONAL HEALTH","PUBLIC, ENVIRONMENTAL & OCCUPATIONAL HEALTH(JIF Q3/JCI Q3)",HAMADAN UNIV MEDICAL SCIENCES,其他,否,ESCI,需核实,请查期刊官网 Author / Open Access 页面,未知,,https://www.google.com/search?q=Journal+of+Research+in+Health+Sciences+aims+scope+instructions+for+authors+APC
1301,4-Q3,0,Clinical and Experimental Hepatology,CLIN EXP HEPATOL,2392-1099,2449-8238,2.0,1.7,Q3,106/153,Q4,Q4,0.35,31.0,30.0,610.0,GASTROENTEROLOGY & HEPATOLOGY,GASTROENTEROLOGY & HEPATOLOGY(JIF Q3/JCI Q4),TERMEDIA PUBLISHING HOUSE LTD,其他,否,ESCI,需核实,请查期刊官网 Author / Open Access 页面,未知,,https://www.google.com/search?q=Clinical+and+Experimental+Hepatology+aims+scope+instructions+for+authors+APC
1302,4-Q3,0,MDM Policy & Practice,MDM POLICY PRACT,,2381-4683,1.9,2.4,Q3,128/194,Q3,Q3,0.64,34.3,30.0,577.0,HEALTH CARE SCIENCES & SERVICES; HEALTH POLICY & SERVICES,HEALTH CARE SCIENCES & SERVICES(JIF Q3/JCI Q3) | HEALTH POLICY & SERVICES(JIF Q3/JCI Q3),SAGE PUBLICATIONS INC,SAGE,否,ESCI,混合为主,"订阅路线通常无APC；SAGE Choice常见 USD 2,000-4,000",中,https://us.sagepub.com/en-us/nam/sage-choice,https://www.google.com/search?q=MDM+Policy+&+Practice+aims+scope+instructions+for+authors+APC
1303,4-Q3,0,PATHOBIOLOGY,PATHOBIOLOGY,1015-2008,1423-0291,1.7,2.7,Q3,55/89,Q3,Q3,0.53,38.8,30.0,1586.0,CELL BIOLOGY; PATHOLOGY,CELL BIOLOGY(JIF Q4/JCI Q3) | PATHOLOGY(JIF Q3/JCI Q3),KARGER,Karger,是,SCIE,混合/OA,"因刊而异，常见 USD 2,500-3,800",中,https://karger.com/pages/Open-Access,https://www.google.com/search?q=PATHOBIOLOGY+aims+scope+instructions+for+authors+APC
1304,4-Q3,0,Western Pacific Surveillance and Response,WEST PAC SURVEILL RE,2094-7321,2094-7313,1.6,1.3,Q3,301/443,Q4,Q4,0.36,32.2,30.0,426.0,"PUBLIC, ENVIRONMENTAL & OCCUPATIONAL HEALTH","PUBLIC, ENVIRONMENTAL & OCCUPATIONAL HEALTH(JIF Q3/JCI Q4)","WORLD HEALTH ORGANIZATION, REGIONAL OFFICE WESTERN PACIFIC",其他,否,ESCI,需核实,请查期刊官网 Author / Open Access 页面,未知,,https://www.google.com/search?q=Western+Pacific+Surveillance+and+Response+aims+scope+instructions+for+authors+APC
1305,4-Q3,0,HERZ,HERZ,0340-9937,1615-6692,1.6,1.3,Q3,159/237,Q4,Q4,0.29,33.1,30.0,1318.0,CARDIAC & CARDIOVASCULAR SYSTEMS,CARDIAC & CARDIOVASCULAR SYSTEMS(JIF Q3/JCI Q4),URBAN & VOGEL,其他,是,SCIE,需核实,请查期刊官网 Author / Open Access 页面,未知,,https://www.google.com/search?q=HERZ+aims+scope+instructions+for+authors+APC
1306,4-Q3,0,AIDS EDUCATION AND PREVENTION,AIDS EDUC PREV,0899-9546,1943-2755,1.5,1.8,Q3,362/760,Q3,Q3,0.47,26.7,30.0,1257.0,"PUBLIC, ENVIRONMENTAL & OCCUPATIONAL HEALTH","PUBLIC, ENVIRONMENTAL & OCCUPATIONAL HEALTH(JIF Q3/JCI Q3)",GUILFORD PUBLICATIONS INC,其他,否,SSCI,需核实,请查期刊官网 Author / Open Access 页面,未知,,https://www.google.com/search?q=AIDS+EDUCATION+AND+PREVENTION+aims+scope+instructions+for+authors+APC
1307,4-Q3,0,EUROPEAN JOURNAL OF PSYCHIATRY,EUR J PSYCHIAT,0213-6163,0213-6163,1.5,1.8,Q3,219/293,Q3,Q3,0.44,25.4,30.0,727.0,PSYCHIATRY,PSYCHIATRY(JIF Q3/JCI Q3),ELSEVIER ESPANA SLU,Elsevier,否,SSCI,混合为主,"订阅路线通常无APC；Gold OA常见 USD 2,200-4,200",中,https://www.elsevier.com/open-access/agreements,https://www.google.com/search?q=EUROPEAN+JOURNAL+OF+PSYCHIATRY+aims+scope+instructions+for+authors+APC
1308,4-Q3,0,European Oral Research,EUR ORAL RES,2630-6158,2651-2823,1.4,1.4,Q3,113/165,Q3,Q3,0.55,31.8,30.0,263.0,"DENTISTRY, ORAL SURGERY & MEDICINE","DENTISTRY, ORAL SURGERY & MEDICINE(JIF Q3/JCI Q3)","ISTANBUL UNIV PRESS, ISTANBUL UNIV RECTORATE",其他,否,ESCI,需核实,请查期刊官网 Author / Open Access 页面,未知,,https://www.google.com/search?q=European+Oral+Research+aims+scope+instructions+for+authors+APC
1309,4-Q3,0,SPORT PSYCHOLOGIST,SPORT PSYCHOL,0888-4781,1543-2793,1.3,2.1,Q3,96/141,Q3,Q3,0.47,27.6,30.0,2173.0,SPORT SCIENCES,SPORT SCIENCES(JIF Q3/JCI Q3),HUMAN KINETICS PUBL INC,其他,是,SSCI; SCIE,需核实,请查期刊官网 Author / Open Access 页面,未知,,https://www.google.com/search?q=SPORT+PSYCHOLOGIST+aims+scope+instructions+for+authors+APC
1310,4-Q3,0,Alexandria Journal of Medicine,ALEX J MED,2090-5068,2090-5076,0.7,0.8,Q3,215/336,Q3,Q3,0.2,36.2,30.0,1144.0,"MEDICINE, GENERAL & INTERNAL","MEDICINE, GENERAL & INTERNAL(JIF Q3/JCI Q3)",TAYLOR & FRANCIS LTD,Taylor & Francis,否,ESCI,混合为主,"订阅路线通常无APC；Open Select常见 USD 2,500-3,500",中,https://authorservices.taylorandfrancis.com/publishing-open-access/,https://www.google.com/search?q=Alexandria+Journal+of+Medicine+aims+scope+instructions+for+authors+APC
1311,4-Q3,0,Purinergic Signalling,PURINERG SIGNAL,1573-9538,1573-9546,2.5,3.3,Q3,220/330,Q4,Q4,0.47,33.5,29.0,2320.0,NEUROSCIENCES,NEUROSCIENCES(JIF Q3/JCI Q4),SPRINGER,Springer,是,SCIE,混合为主,"订阅路线通常无APC；选OA约 USD 2,790-4,290",中,https://www.springer.com/gp/open-access,https://www.google.com/search?q=Purinergic+Signalling+aims+scope+instructions+for+authors+APC
1312,4-Q3,0,Recent Patents on Anti-Cancer Drug Discovery,RECENT PAT ANTI-CANC,1574-8928,2212-3970,2.4,2.7,Q3,215/356,Q3,Q3,0.59,39.7,29.0,1217.0,ONCOLOGY; PHARMACOLOGY & PHARMACY,ONCOLOGY(JIF Q3/JCI Q3) | PHARMACOLOGY & PHARMACY(JIF Q3/JCI Q3),BENTHAM SCIENCE PUBL LTD,其他,是,SCIE,需核实,请查期刊官网 Author / Open Access 页面,未知,,https://www.google.com/search?q=Recent+Patents+on+Anti-Cancer+Drug+Discovery+aims+scope+instructions+for+authors+APC
1313,4-Q3,0,Brain Connectivity,BRAIN CONNECT,2158-0014,2158-0022,2.3,2.6,Q3,236/330,Q3,Q3,0.61,28.6,29.0,3164.0,NEUROSCIENCES,NEUROSCIENCES(JIF Q3/JCI Q3),SAGE PUBLICATIONS INC,SAGE,是,SCIE,混合为主,"订阅路线通常无APC；SAGE Choice常见 USD 2,000-4,000",中,https://us.sagepub.com/en-us/nam/sage-choice,https://www.google.com/search?q=Brain+Connectivity+aims+scope+instructions+for+authors+APC
1314,4-Q3,0,Annals of Thoracic Medicine,ANN THORAC MED,1817-1737,1998-3557,2.3,2.3,Q3,125/237,Q2,Q2,0.56,47.5,29.0,1113.0,CARDIAC & CARDIOVASCULAR SYSTEMS; RESPIRATORY SYSTEM,CARDIAC & CARDIOVASCULAR SYSTEMS(JIF Q3/JCI Q2) | RESPIRATORY SYSTEM(JIF Q3/JCI Q3),WOLTERS KLUWER MEDKNOW PUBLICATIONS,Wolters Kluwer/LWW,是,SCIE,混合为主,"订阅路线通常无APC；OA常见 USD 2,000-4,000；MEDICINE已拉黑",中,https://wkauthorservices.editage.com/open-access/,https://www.google.com/search?q=Annals+of+Thoracic+Medicine+aims+scope+instructions+for+authors+APC
1315,4-Q3,0,HIV Research & Clinical Practice,HIV RES CLIN PRACT,2578-7489,2578-7470,2.1,1.9,Q3,95/141,Q3,Q3,0.53,33.0,29.0,232.0,INFECTIOUS DISEASES; PHARMACOLOGY & PHARMACY,INFECTIOUS DISEASES(JIF Q3/JCI Q3) | PHARMACOLOGY & PHARMACY(JIF Q3/JCI Q3),TAYLOR & FRANCIS LTD,Taylor & Francis,是,SCIE,混合为主,"订阅路线通常无APC；Open Select常见 USD 2,500-3,500",中,https://authorservices.taylorandfrancis.com/publishing-open-access/,https://www.google.com/search?q=HIV+Research+&+Clinical+Practice+aims+scope+instructions+for+authors+APC
1316,4-Q3,0,Bioscience of Microbiota Food and Health,BIOSCI MICROB FOOD H,2186-6953,2186-3342,2.1,3.1,Q3,81/114,Q3,Q3,0.5,29.4,29.0,896.0,MICROBIOLOGY; NUTRITION & DIETETICS,MICROBIOLOGY(JIF Q4/JCI Q3) | NUTRITION & DIETETICS(JIF Q3/JCI Q3),BMFH PRESS,其他,是,SCIE,需核实,请查期刊官网 Author / Open Access 页面,未知,,https://www.google.com/search?q=Bioscience+of+Microbiota+Food+and+Health+aims+scope+instructions+for+authors+APC
1317,4-Q3,0,Population Health Management,POPUL HEALTH MANAG,1942-7891,1942-7905,2.1,2.3,Q3,117/194,Q3,Q3,0.49,39.9,29.0,1563.0,HEALTH CARE SCIENCES & SERVICES,HEALTH CARE SCIENCES & SERVICES(JIF Q3/JCI Q3),SAGE PUBLICATIONS INC,SAGE,是,SCIE,混合为主,"订阅路线通常无APC；SAGE Choice常见 USD 2,000-4,000",中,https://us.sagepub.com/en-us/nam/sage-choice,https://www.google.com/search?q=Population+Health+Management+aims+scope+instructions+for+authors+APC
1318,4-Q3,0,GENETICA,GENETICA,0016-6707,1573-6857,2.0,1.8,Q3,131/192,Q3,Q3,0.45,32.0,29.0,2288.0,GENETICS & HEREDITY,GENETICS & HEREDITY(JIF Q3/JCI Q3),SPRINGER,Springer,是,SCIE,混合为主,"订阅路线通常无APC；选OA约 USD 2,790-4,290",中,https://www.springer.com/gp/open-access,https://www.google.com/search?q=GENETICA+aims+scope+instructions+for+authors+APC
1319,4-Q3,0,Substance Use-Research and Treatment,SUBST USE-RES TREATM,,2976-8357,1.8,1.8,Q3,42/61,Q3,Q3,0.65,32.0,29.0,46.0,SUBSTANCE ABUSE,SUBSTANCE ABUSE(JIF Q3/JCI Q3),SAGE PUBLICATIONS LTD,SAGE,否,ESCI,混合为主,"订阅路线通常无APC；SAGE Choice常见 USD 2,000-4,000",中,https://us.sagepub.com/en-us/nam/sage-choice,https://www.google.com/search?q=Substance+Use-Research+and+Treatment+aims+scope+instructions+for+authors+APC
1320,4-Q3,0,ASSAY AND DRUG DEVELOPMENT TECHNOLOGIES,ASSAY DRUG DEV TECHN,1540-658X,1557-8127,1.8,1.9,Q3,258/356,Q3,Q3,0.43,27.7,29.0,1276.0,PHARMACOLOGY & PHARMACY,PHARMACOLOGY & PHARMACY(JIF Q3/JCI Q3),SAGE PUBLICATIONS INC,SAGE,是,SCIE,混合为主,"订阅路线通常无APC；SAGE Choice常见 USD 2,000-4,000",中,https://us.sagepub.com/en-us/nam/sage-choice,https://www.google.com/search?q=ASSAY+AND+DRUG+DEVELOPMENT+TECHNOLOGIES+aims+scope+instructions+for+authors+APC
1321,4-Q3,0,Indian Journal of Palliative Care,INDIAN J PALLIAT CAR,0973-1075,1998-3735,1.8,1.7,Q3,136/194,Q4,Q4,0.36,30.2,29.0,1540.0,HEALTH CARE SCIENCES & SERVICES,HEALTH CARE SCIENCES & SERVICES(JIF Q3/JCI Q4),SCIENTIFIC SCHOLAR LLC,其他,否,ESCI,需核实,请查期刊官网 Author / Open Access 页面,未知,,https://www.google.com/search?q=Indian+Journal+of+Palliative+Care+aims+scope+instructions+for+authors+APC
1322,4-Q3,0,Radiology Advances,RADIOL ADV,,2976-9337,1.8,1.8,Q3,131/217,Q4,Q4,0.36,39.9,29.0,81.0,"RADIOLOGY, NUCLEAR MEDICINE & MEDICAL IMAGING","RADIOLOGY, NUCLEAR MEDICINE & MEDICAL IMAGING(JIF Q3/JCI Q4)",OXFORD UNIV PRESS,Oxford UP,否,ESCI,混合为主,订阅路线通常无APC；可选OA，费用因刊而异,中,https://academic.oup.com/pages/open-research/open-access,https://www.google.com/search?q=Radiology+Advances+aims+scope+instructions+for+authors+APC
1323,4-Q3,0,International Journal of Molecular and Cellular Medicine,INT J MOL CELL MED,2251-9637,2251-9645,1.8,2.1,Q3,136/191,Q4,Q4,0.33,29.1,29.0,702.0,"MEDICINE, RESEARCH & EXPERIMENTAL","MEDICINE, RESEARCH & EXPERIMENTAL(JIF Q3/JCI Q4)",CELLULAR & MOLECULAR BIOLOGY RESEARCH CENTER,其他,否,ESCI,需核实,请查期刊官网 Author / Open Access 页面,未知,,https://www.google.com/search?q=International+Journal+of+Molecular+and+Cellular+Medicine+aims+scope+instructions+for+authors+APC
1324,4-Q3,0,ADVANCES IN NURSING SCIENCE,ADV NURS SCI,0161-9268,1550-5014,1.7,2.2,Q3,106/194,Q2,Q2,0.88,45.6,29.0,2042.0,NURSING,NURSING(JIF Q3/JCI Q2),LIPPINCOTT WILLIAMS & WILKINS,Wolters Kluwer/LWW,是,"SCIE, SSCI",混合为主,"订阅路线通常无APC；OA常见 USD 2,000-4,000；MEDICINE已拉黑",中,https://wkauthorservices.editage.com/open-access/,https://www.google.com/search?q=ADVANCES+IN+NURSING+SCIENCE+aims+scope+instructions+for+authors+APC
1325,4-Q3,0,International Journal of Computerized Dentistry,INT J COMPUT DENT,1463-4201,1463-4201,1.7,2.4,Q3,97/165,Q3,Q3,0.7,41.5,29.0,964.0,"DENTISTRY, ORAL SURGERY & MEDICINE","DENTISTRY, ORAL SURGERY & MEDICINE(JIF Q3/JCI Q3)",QUINTESSENCE PUBLISHING CO INC,其他,是,SCIE,需核实,请查期刊官网 Author / Open Access 页面,未知,,https://www.google.com/search?q=International+Journal+of+Computerized+Dentistry+aims+scope+instructions+for+authors+APC
1326,4-Q3,0,JOURNAL OF PALLIATIVE CARE,J PALLIAT CARE,0825-8597,2369-5293,1.6,2.2,Q3,301/443,Q3,Q3,0.5,32.2,29.0,1462.0,"HEALTH CARE SCIENCES & SERVICES; HEALTH POLICY & SERVICES; PUBLIC, ENVIRONMENTAL & OCCUPATIONAL HEALTH","HEALTH CARE SCIENCES & SERVICES(JIF Q3/JCI Q3) | HEALTH POLICY & SERVICES(JIF Q4/JCI Q4) | PUBLIC, ENVIRONMENTAL & OCCUPATIONAL HEALTH(JIF Q3/JCI Q3)",SAGE PUBLICATIONS INC,SAGE,是,SCIE; SSCI,混合为主,"订阅路线通常无APC；SAGE Choice常见 USD 2,000-4,000",中,https://us.sagepub.com/en-us/nam/sage-choice,https://www.google.com/search?q=JOURNAL+OF+PALLIATIVE+CARE+aims+scope+instructions+for+authors+APC
1327,4-Q3,0,Nursing Practice Today,NURS PRACT TOD-IRAN,2383-1154,2383-1162,1.5,1.6,Q3,118/194,Q3,Q3,0.65,39.4,29.0,371.0,NURSING,NURSING(JIF Q3/JCI Q3),TEHRAN UNIV MEDICAL SCIENCES,其他,否,ESCI,需核实,请查期刊官网 Author / Open Access 页面,未知,,https://www.google.com/search?q=Nursing+Practice+Today+aims+scope+instructions+for+authors+APC
1328,4-Q3,0,American Journal of Clinical and Experimental Urology,AM J CLIN EXP UROL,2330-1910,2330-1910,1.5,1.8,Q3,91/134,Q3,Q3,0.41,32.5,29.0,623.0,UROLOGY & NEPHROLOGY,UROLOGY & NEPHROLOGY(JIF Q3/JCI Q3),E-CENTURY PUBLISHING CORP,其他,否,ESCI,需核实,请查期刊官网 Author / Open Access 页面,未知,,https://www.google.com/search?q=American+Journal+of+Clinical+and+Experimental+Urology+aims+scope+instructions+for+authors+APC
1329,4-Q3,0,European Journal of Psychotherapy & Counselling,EUR J PSYCHOTHER COU,1364-2537,1469-5901,1.5,0.9,Q3,123/184,Q4,Q4,0.39,33.4,29.0,323.0,"PSYCHOLOGY, CLINICAL","PSYCHOLOGY, CLINICAL(JIF Q3/JCI Q4)","ROUTLEDGE JOURNALS, TAYLOR & FRANCIS LTD",Taylor & Francis,否,ESCI,混合为主,"订阅路线通常无APC；Open Select常见 USD 2,500-3,500",中,https://authorservices.taylorandfrancis.com/publishing-open-access/,https://www.google.com/search?q=European+Journal+of+Psychotherapy+&+Counselling+aims+scope+instructions+for+authors+APC
1330,4-Q3,0,JOURNAL OF ENVIRONMENTAL HEALTH,J ENVIRON HEALTH,0022-0892,0022-0892,1.5,1.2,Q3,325/443,Q4,Q4,0.11,26.7,29.0,932.0,"PUBLIC, ENVIRONMENTAL & OCCUPATIONAL HEALTH","PUBLIC, ENVIRONMENTAL & OCCUPATIONAL HEALTH(JIF Q3/JCI Q4)",NATL ENVIRON HEALTH ASSOC,其他,是,SCIE,需核实,请查期刊官网 Author / Open Access 页面,未知,,https://www.google.com/search?q=JOURNAL+OF+ENVIRONMENTAL+HEALTH+aims+scope+instructions+for+authors+APC
1331,4-Q3,0,Medical Molecular Morphology,MED MOL MORPHOL,1860-1480,1860-1499,1.4,1.5,Q3,63/89,Q3,Q3,0.49,29.8,29.0,710.0,PATHOLOGY,PATHOLOGY(JIF Q3/JCI Q3),SPRINGER JAPAN KK,Springer,是,SCIE,混合为主,"订阅路线通常无APC；选OA约 USD 2,790-4,290",中,https://www.springer.com/gp/open-access,https://www.google.com/search?q=Medical+Molecular+Morphology+aims+scope+instructions+for+authors+APC
1332,4-Q3,0,Chinese Journal of Dental Research,CHIN J DENT RES,1462-6446,1867-5646,1.3,1.3,Q3,119/165,Q4,Q4,0.4,28.2,29.0,561.0,"DENTISTRY, ORAL SURGERY & MEDICINE","DENTISTRY, ORAL SURGERY & MEDICINE(JIF Q3/JCI Q4)",QUINTESSENCE PUBLISHING CO INC,其他,否,ESCI,需核实,请查期刊官网 Author / Open Access 页面,未知,,https://www.google.com/search?q=Chinese+Journal+of+Dental+Research+aims+scope+instructions+for+authors+APC
1333,4-Q3,0,Frontiers in Emergency Medicine,FRONT EMERG MED,,2717-3593,1.0,0.6,Q3,39/55,Q3,Q3,0.41,30.0,29.0,93.0,EMERGENCY MEDICINE,EMERGENCY MEDICINE(JIF Q3/JCI Q3),TEHRAN UNIV MEDICAL SCIENCES,其他,否,ESCI,需核实,请查期刊官网 Author / Open Access 页面,未知,,https://www.google.com/search?q=Frontiers+in+Emergency+Medicine+aims+scope+instructions+for+authors+APC
1334,4-Q3,0,JOURNAL OF BIOLOGICAL INORGANIC CHEMISTRY,J BIOL INORG CHEM,0949-8257,1432-1327,2.8,2.9,Q3,20/45,Q3,Q2,0.62,34.6,28.0,4086.0,BIOCHEMISTRY & MOLECULAR BIOLOGY,BIOCHEMISTRY & MOLECULAR BIOLOGY(JIF Q3/JCI Q3),SPRINGER,Springer,是,SCIE,混合为主,"订阅路线通常无APC；选OA约 USD 2,790-4,290",中,https://www.springer.com/gp/open-access,https://www.google.com/search?q=JOURNAL+OF+BIOLOGICAL+INORGANIC+CHEMISTRY+aims+scope+instructions+for+authors+APC
1335,4-Q3,0,DRUGS IN R&D,DRUGS R&D,1174-5886,1179-6901,2.5,2.4,Q3,205/356,Q3,Q3,0.55,42.6,28.0,1363.0,PHARMACOLOGY & PHARMACY,PHARMACOLOGY & PHARMACY(JIF Q3/JCI Q3),SPRINGER INT PUBL AG,Springer,是,SCIE,混合为主,"订阅路线通常无APC；选OA约 USD 2,790-4,290",中,https://www.springer.com/gp/open-access,https://www.google.com/search?q=DRUGS+IN+R&D+aims+scope+instructions+for+authors+APC
1336,4-Q3,0,Gastroenterology Research,GASTROENTEROL RES,1918-2805,1918-2813,2.5,2.0,Q3,85/153,Q3,Q3,0.38,44.8,28.0,898.0,GASTROENTEROLOGY & HEPATOLOGY,GASTROENTEROLOGY & HEPATOLOGY(JIF Q3/JCI Q3),ELMER PRESS INC,其他,否,ESCI,需核实,请查期刊官网 Author / Open Access 页面,未知,,https://www.google.com/search?q=Gastroenterology+Research+aims+scope+instructions+for+authors+APC
1337,4-Q3,0,MUTATION RESEARCH-FUNDAMENTAL AND MOLECULAR MECHANISMS OF MUTAGENESIS,MUTAT RES-FUND MOL M,0027-5107,1873-135X,2.4,2.2,Q3,107/192,Q3,Q3,0.52,44.5,28.0,4485.0,BIOTECHNOLOGY & APPLIED MICROBIOLOGY; GENETICS & HEREDITY; TOXICOLOGY,BIOTECHNOLOGY & APPLIED MICROBIOLOGY(JIF Q3/JCI Q3) | GENETICS & HEREDITY(JIF Q3/JCI Q3) | TOXICOLOGY(JIF Q3/JCI Q4),ELSEVIER,Elsevier,是,SCIE,混合为主,"订阅路线通常无APC；Gold OA常见 USD 2,200-4,200",中,https://www.elsevier.com/open-access/agreements,https://www.google.com/search?q=MUTATION+RESEARCH-FUNDAMENTAL+AND+MOLECULAR+MECHANISMS+OF+MUTAGENESIS+aims+scope+instructions+for+authors+APC
1338,4-Q3,0,Health Services and Outcomes Research Methodology,HEALTH SERV OUTCOME,1387-3741,1572-9400,2.2,2.3,Q3,111/194,Q2,Q2,0.71,43.0,28.0,838.0,HEALTH CARE SCIENCES & SERVICES,HEALTH CARE SCIENCES & SERVICES(JIF Q3/JCI Q2),SPRINGER,Springer,否,ESCI,混合为主,"订阅路线通常无APC；选OA约 USD 2,790-4,290",中,https://www.springer.com/gp/open-access,https://www.google.com/search?q=Health+Services+and+Outcomes+Research+Methodology+aims+scope+instructions+for+authors+APC
1339,4-Q3,0,BIOLOGICALS,BIOLOGICALS,1045-1056,1095-8320,2.1,1.8,Q3,240/356,Q3,Q3,0.51,32.7,28.0,1786.0,BIOTECHNOLOGY & APPLIED MICROBIOLOGY; PHARMACOLOGY & PHARMACY,BIOTECHNOLOGY & APPLIED MICROBIOLOGY(JIF Q3/JCI Q3) | PHARMACOLOGY & PHARMACY(JIF Q3/JCI Q3),ACADEMIC PRESS LTD- ELSEVIER SCIENCE LTD,Elsevier,是,SCIE,混合为主,"订阅路线通常无APC；Gold OA常见 USD 2,200-4,200",中,https://www.elsevier.com/open-access/agreements,https://www.google.com/search?q=BIOLOGICALS+aims+scope+instructions+for+authors+APC
1340,4-Q3,0,Journal of Laboratory Medicine,J LAB MED,2567-9430,2567-9449,1.9,1.5,Q3,18/33,Q3,Q3,0.56,47.0,28.0,511.0,MEDICAL LABORATORY TECHNOLOGY,MEDICAL LABORATORY TECHNOLOGY(JIF Q3/JCI Q3),WALTER DE GRUYTER GMBH,De Gruyter,是,SCIE,混合/OA,因刊而异,中,https://www.degruyter.com/publishing/publications/openaccess,https://www.google.com/search?q=Journal+of+Laboratory+Medicine+aims+scope+instructions+for+authors+APC
1341,4-Q3,0,Translational Sports Medicine,TRANSL SPORTS MED,,2573-8488,1.9,1.7,Q3,76/136,Q3,Q3,0.5,44.5,28.0,488.0,SPORT SCIENCES,SPORT SCIENCES(JIF Q3/JCI Q3),WILEY,Wiley,否,ESCI,混合为主,"订阅路线通常无APC；OnlineOpen常见 USD 3,200-4,700",中,https://authorservices.wiley.com/author-resources/Journal-Authors/open-access/article-publication-charges.html,https://www.google.com/search?q=Translational+Sports+Medicine+aims+scope+instructions+for+authors+APC
1342,4-Q3,0,Journal of Child and Adolescent Mental Health,J CHILD ADOLESC MENT,1728-0583,1728-0591,1.7,1.6,Q3,108/184,Q3,Q3,0.61,41.6,28.0,362.0,"PSYCHOLOGY, CLINICAL","PSYCHOLOGY, CLINICAL(JIF Q3/JCI Q3)","ROUTLEDGE JOURNALS, TAYLOR & FRANCIS LTD",Taylor & Francis,否,ESCI,混合为主,"订阅路线通常无APC；Open Select常见 USD 2,500-3,500",中,https://authorservices.taylorandfrancis.com/publishing-open-access/,https://www.google.com/search?q=Journal+of+Child+and+Adolescent+Mental+Health+aims+scope+instructions+for+authors+APC
1343,4-Q3,0,CURRENT NEUROVASCULAR RESEARCH,CURR NEUROVASC RES,1567-2026,1875-5739,1.7,2.0,Q3,219/296,Q4,Q4,0.44,26.2,28.0,1331.0,CLINICAL NEUROLOGY; NEUROSCIENCES,CLINICAL NEUROLOGY(JIF Q3/JCI Q4) | NEUROSCIENCES(JIF Q4/JCI Q4),BENTHAM SCIENCE PUBL LTD,其他,是,SCIE,需核实,请查期刊官网 Author / Open Access 页面,未知,,https://www.google.com/search?q=CURRENT+NEUROVASCULAR+RESEARCH+aims+scope+instructions+for+authors+APC
1344,4-Q3,0,Discover Life,DISCOV LIFE-NETH,2948-2968,2948-2976,1.7,1.8,Q3,59/106,Q3,Q3,0.43,44.8,28.0,68.0,BIOLOGY,BIOLOGY(JIF Q3/JCI Q3),SPRINGER,Springer,是,SCIE,混合为主,"订阅路线通常无APC；选OA约 USD 2,790-4,290",中,https://www.springer.com/gp/open-access,https://www.google.com/search?q=Discover+Life+aims+scope+instructions+for+authors+APC
1345,4-Q3,0,Cardiothoracic Surgeon,CARDIOTHORAC SURG,2636-333X,2662-2203,1.5,1.1,Q3,162/237,Q4,Q4,0.25,31.9,28.0,151.0,CARDIAC & CARDIOVASCULAR SYSTEMS,CARDIAC & CARDIOVASCULAR SYSTEMS(JIF Q3/JCI Q4),SPRINGERNATURE,Springer Nature,否,ESCI,混合/全OA,"全OA约 USD 2,090-3,490；Nature系更高；Scientific Reports已拉黑",中高,https://www.springernature.com/gp/open-research/journals-books/journals,https://www.google.com/search?q=Cardiothoracic+Surgeon+aims+scope+instructions+for+authors+APC
1346,4-Q3,0,Womens Health Nursing,WOMEN HEALTH NURS,3022-7666,3022-8247,1.2,1.2,Q3,136/194,Q3,Q3,0.51,30.2,28.0,53.0,NURSING,NURSING(JIF Q3/JCI Q3),KOREAN SOC WOMEN HEALTH NURSING,其他,否,ESCI,需核实,请查期刊官网 Author / Open Access 页面,未知,,https://www.google.com/search?q=Womens+Health+Nursing+aims+scope+instructions+for+authors+APC
1347,4-Q3,0,PHAGE-Therapy Applications and Research,PHAGE-THER APPL RES,,2641-6549,2.5,3.7,Q3,25/44,Q3,Q3,0.44,44.3,27.0,470.0,MICROBIOLOGY; VIROLOGY,MICROBIOLOGY(JIF Q3/JCI Q4) | VIROLOGY(JIF Q3/JCI Q3),SAGE PUBLICATIONS INC,SAGE,否,ESCI,混合为主,"订阅路线通常无APC；SAGE Choice常见 USD 2,000-4,000",中,https://us.sagepub.com/en-us/nam/sage-choice,https://www.google.com/search?q=PHAGE-Therapy+Applications+and+Research+aims+scope+instructions+for+authors+APC
1348,4-Q3,0,BEHAVIOR GENETICS,BEHAV GENET,0001-8244,1573-3297,2.4,2.4,Q3,68/222,Q2,Q2,0.68,44.5,27.0,2405.0,GENETICS & HEREDITY,GENETICS & HEREDITY(JIF Q3/JCI Q2),SPRINGER,Springer,是,SCIE; SSCI,混合为主,"订阅路线通常无APC；选OA约 USD 2,790-4,290",中,https://www.springer.com/gp/open-access,https://www.google.com/search?q=BEHAVIOR+GENETICS+aims+scope+instructions+for+authors+APC
1349,4-Q3,0,EVOLUTION & DEVELOPMENT,EVOL DEV,1520-541X,1525-142X,2.4,2.7,Q3,16/39,Q3,Q3,0.6,44.5,27.0,1657.0,GENETICS & HEREDITY,GENETICS & HEREDITY(JIF Q3/JCI Q3),WILEY,Wiley,是,SCIE,混合为主,"订阅路线通常无APC；OnlineOpen常见 USD 3,200-4,700",中,https://authorservices.wiley.com/author-resources/Journal-Authors/open-access/article-publication-charges.html,https://www.google.com/search?q=EVOLUTION+&+DEVELOPMENT+aims+scope+instructions+for+authors+APC
1350,4-Q3,0,Frontiers in Virology,FRONT VIROL-LAUSANNE,,2673-818X,2.3,2.1,Q3,28/44,Q3,Q3,0.43,37.5,27.0,490.0,VIROLOGY,VIROLOGY(JIF Q3/JCI Q3),FRONTIERS MEDIA SA,Frontiers,否,ESCI,全OA,"约 CHF 1,495-3,150（Frontiers in Medicine A类=CHF 3,150）",高,https://www.frontiersin.org/about/fee-policy,https://www.google.com/search?q=Frontiers+in+Virology+aims+scope+instructions+for+authors+APC
1351,4-Q3,0,Journal of Aerosol Medicine and Pulmonary Drug Delivery,J AEROSOL MED PULM D,1941-2711,1941-2703,2.2,2.7,Q3,65/107,Q3,Q3,0.5,39.7,27.0,1611.0,RESPIRATORY SYSTEM,RESPIRATORY SYSTEM(JIF Q3/JCI Q3),SAGE PUBLICATIONS INC,SAGE,是,SCIE,混合为主,"订阅路线通常无APC；SAGE Choice常见 USD 2,000-4,000",中,https://us.sagepub.com/en-us/nam/sage-choice,https://www.google.com/search?q=Journal+of+Aerosol+Medicine+and+Pulmonary+Drug+Delivery+aims+scope+instructions+for+authors+APC
1352,4-Q3,0,AMERICAN JOURNAL OF ENOLOGY AND VITICULTURE,AM J ENOL VITICULT,0002-9254,1943-7749,2.2,2.2,Q3,16/45,Q4,Q3,0.41,29.7,27.0,5488.0,BIOTECHNOLOGY & APPLIED MICROBIOLOGY,BIOTECHNOLOGY & APPLIED MICROBIOLOGY(JIF Q3/JCI Q4),AMER SOC ENOLOGY VITICULTURE,其他,是,SCIE,需核实,请查期刊官网 Author / Open Access 页面,未知,,https://www.google.com/search?q=AMERICAN+JOURNAL+OF+ENOLOGY+AND+VITICULTURE+aims+scope+instructions+for+authors+APC
1353,4-Q3,0,Journal of Rehabilitation and Assistive Technologies Engineering,J REHABIL ASSIST TER,2055-6683,2055-6683,2.2,3.0,Q3,89/130,Q3,Q3,0.4,31.9,27.0,722.0,"ENGINEERING, BIOMEDICAL","ENGINEERING, BIOMEDICAL(JIF Q3/JCI Q3)",SAGE PUBLICATIONS INC,SAGE,否,ESCI,混合为主,"订阅路线通常无APC；SAGE Choice常见 USD 2,000-4,000",中,https://us.sagepub.com/en-us/nam/sage-choice,https://www.google.com/search?q=Journal+of+Rehabilitation+and+Assistive+Technologies+Engineering+aims+scope+instructions+for+authors+APC
1354,4-Q3,0,Drugs in Context,DRUGS CONTEXT,,1740-4398,2.2,,Q3,231/356,Q4,Q4,0.38,35.3,27.0,1439.0,PHARMACOLOGY & PHARMACY,PHARMACOLOGY & PHARMACY(JIF Q3/JCI Q4),BIOEXCEL PUBL LTD,其他,否,ESCI,需核实,请查期刊官网 Author / Open Access 页面,未知,,https://www.google.com/search?q=Drugs+in+Context+aims+scope+instructions+for+authors+APC
1355,4-Q3,0,Nordic Studies on Alcohol and Drugs,NORD STUD ALCOHOL DR,1455-0725,1458-6126,2.1,2.2,Q3,38/61,Q3,Q3,0.75,38.5,27.0,769.0,SUBSTANCE ABUSE,SUBSTANCE ABUSE(JIF Q3/JCI Q3),SAGE PUBLICATIONS LTD,SAGE,否,SSCI,混合为主,"订阅路线通常无APC；SAGE Choice常见 USD 2,000-4,000",中,https://us.sagepub.com/en-us/nam/sage-choice,https://www.google.com/search?q=Nordic+Studies+on+Alcohol+and+Drugs+aims+scope+instructions+for+authors+APC
1356,4-Q3,0,ANNALS OF NUTRITION AND METABOLISM,ANN NUTR METAB,0250-6807,1421-9697,2.1,3.7,Q3,81/114,Q3,Q3,0.46,29.4,27.0,4898.0,ENDOCRINOLOGY & METABOLISM; NUTRITION & DIETETICS,ENDOCRINOLOGY & METABOLISM(JIF Q3/JCI Q3) | NUTRITION & DIETETICS(JIF Q3/JCI Q3),KARGER,Karger,是,SCIE,混合/OA,"因刊而异，常见 USD 2,500-3,800",中,https://karger.com/pages/Open-Access,https://www.google.com/search?q=ANNALS+OF+NUTRITION+AND+METABOLISM+aims+scope+instructions+for+authors+APC
1357,4-Q3,0,Hepatology Forum,HEPATOL FORUM,1307-5888,2757-7392,2.1,1.9,Q3,101/153,Q3,Q3,0.38,34.3,27.0,271.0,GASTROENTEROLOGY & HEPATOLOGY,GASTROENTEROLOGY & HEPATOLOGY(JIF Q3/JCI Q3),KARE PUBL,其他,否,ESCI,需核实,请查期刊官网 Author / Open Access 页面,未知,,https://www.google.com/search?q=Hepatology+Forum+aims+scope+instructions+for+authors+APC
1358,4-Q3,0,Arab Journal of Urology,ARAB J UROL,2090-598X,2090-5998,2.0,2.0,Q3,72/134,Q3,Q3,0.45,46.6,27.0,1195.0,UROLOGY & NEPHROLOGY,UROLOGY & NEPHROLOGY(JIF Q3/JCI Q3),TAYLOR & FRANCIS LTD,Taylor & Francis,否,ESCI,混合为主,"订阅路线通常无APC；Open Select常见 USD 2,500-3,500",中,https://authorservices.taylorandfrancis.com/publishing-open-access/,https://www.google.com/search?q=Arab+Journal+of+Urology+aims+scope+instructions+for+authors+APC
1359,4-Q3,0,Slovenian Journal of Public Health,SLOVEN J PUBLIC HEAL,0351-0026,1854-2476,1.9,2.0,Q3,260/443,Q3,Q3,0.62,41.4,27.0,491.0,"PUBLIC, ENVIRONMENTAL & OCCUPATIONAL HEALTH","PUBLIC, ENVIRONMENTAL & OCCUPATIONAL HEALTH(JIF Q3/JCI Q3)",INST PUBLIC HEALTH REPUBLIC SLOVENIA,其他,否,SSCI,需核实,请查期刊官网 Author / Open Access 页面,未知,,https://www.google.com/search?q=Slovenian+Journal+of+Public+Health+aims+scope+instructions+for+authors+APC
1360,4-Q3,0,International Journal of Biostatistics,INT J BIOSTAT,2194-573X,1557-4679,1.9,1.9,Q3,42/170,Q4,Q3,0.39,33.6,27.0,1200.0,MATHEMATICAL & COMPUTATIONAL BIOLOGY,MATHEMATICAL & COMPUTATIONAL BIOLOGY(JIF Q3/JCI Q4),WALTER DE GRUYTER GMBH,De Gruyter,是,SCIE,混合/OA,因刊而异,中,https://www.degruyter.com/publishing/publications/openaccess,https://www.google.com/search?q=International+Journal+of+Biostatistics+aims+scope+instructions+for+authors+APC
1361,4-Q3,0,Acta Stomatologica Croatica,ACTA STOMATOL CROAT,0001-7019,1846-0410,1.8,2.0,Q3,89/165,Q2,Q2,0.73,46.4,27.0,710.0,"DENTISTRY, ORAL SURGERY & MEDICINE","DENTISTRY, ORAL SURGERY & MEDICINE(JIF Q3/JCI Q2)","UNIV ZAGREB, SCH DENTAL MEDICINE",其他,否,ESCI,需核实,请查期刊官网 Author / Open Access 页面,未知,,https://www.google.com/search?q=Acta+Stomatologica+Croatica+aims+scope+instructions+for+authors+APC
1362,4-Q3,0,DYSLEXIA,DYSLEXIA,1076-9242,1099-0909,1.6,2.4,Q3,31/62,Q1,Q1,1.11,46.0,27.0,1262.0,REHABILITATION,REHABILITATION(JIF Q3/JCI Q1),WILEY,Wiley,否,SSCI,混合为主,"订阅路线通常无APC；OnlineOpen常见 USD 3,200-4,700",中,https://authorservices.wiley.com/author-resources/Journal-Authors/open-access/article-publication-charges.html,https://www.google.com/search?q=DYSLEXIA+aims+scope+instructions+for+authors+APC
1363,4-Q3,0,International Journal of Nursing Education Scholarship,INT J NURS EDUC SCHO,2194-5772,1548-923X,1.4,1.8,Q3,127/194,Q3,Q3,0.6,34.8,27.0,722.0,NURSING,NURSING(JIF Q3/JCI Q3),WALTER DE GRUYTER GMBH,De Gruyter,否,ESCI,混合/OA,因刊而异,中,https://www.degruyter.com/publishing/publications/openaccess,https://www.google.com/search?q=International+Journal+of+Nursing+Education+Scholarship+aims+scope+instructions+for+authors+APC
1364,4-Q3,0,All Life,ALL LIFE,2689-5293,2689-5307,1.4,1.3,Q3,74/140,Q3,Q3,0.28,47.5,27.0,517.0,MULTIDISCIPLINARY SCIENCES,MULTIDISCIPLINARY SCIENCES(JIF Q3/JCI Q3),TAYLOR & FRANCIS LTD,Taylor & Francis,是,SCIE,混合为主,"订阅路线通常无APC；Open Select常见 USD 2,500-3,500",中,https://authorservices.taylorandfrancis.com/publishing-open-access/,https://www.google.com/search?q=All+Life+aims+scope+instructions+for+authors+APC
1365,4-Q3,0,Fukushima Journal of Medical Science,FUKUSHIMA J MED SCI,0016-2590,2185-4610,0.9,1.1,Q3,195/336,Q2,Q2,0.33,42.1,27.0,310.0,"MEDICINE, GENERAL & INTERNAL","MEDICINE, GENERAL & INTERNAL(JIF Q3/JCI Q2)",FUKUSHIMA SOC MEDICAL SCIENCE,其他,否,ESCI,需核实,请查期刊官网 Author / Open Access 页面,未知,,https://www.google.com/search?q=Fukushima+Journal+of+Medical+Science+aims+scope+instructions+for+authors+APC
1366,4-Q3,0,Technology and Innovation,TECHNOL INNOV,1949-8241,1949-825X,0.9,0.9,Q3,94/140,Q4,Q4,0.11,33.2,27.0,235.0,MULTIDISCIPLINARY SCIENCES,MULTIDISCIPLINARY SCIENCES(JIF Q3/JCI Q4),NATL ACAD INVENTORS,其他,否,ESCI,需核实,请查期刊官网 Author / Open Access 页面,未知,,https://www.google.com/search?q=Technology+and+Innovation+aims+scope+instructions+for+authors+APC
1367,4-Q3,0,Journal of Huntingtons Disease,J HUNTINGTONS DIS,1879-6397,1879-6400,2.7,3.2,Q3,208/330,Q3,Q3,0.59,37.1,26.0,1110.0,NEUROSCIENCES,NEUROSCIENCES(JIF Q3/JCI Q3),SAGE PUBLICATIONS INC,SAGE,否,ESCI,混合为主,"订阅路线通常无APC；SAGE Choice常见 USD 2,000-4,000",中,https://us.sagepub.com/en-us/nam/sage-choice,https://www.google.com/search?q=Journal+of+Huntingtons+Disease+aims+scope+instructions+for+authors+APC
1368,4-Q3,0,Radiation Oncology Journal,RADIAT ONCOL J,2234-1900,2234-3156,2.4,2.8,Q3,214/333,Q3,Q3,0.42,35.9,26.0,945.0,ONCOLOGY,ONCOLOGY(JIF Q3/JCI Q3),KOREAN SOC THERAPEUTIC RADIOLOGY & ONCOLOGY,其他,否,ESCI,需核实,请查期刊官网 Author / Open Access 页面,未知,,https://www.google.com/search?q=Radiation+Oncology+Journal+aims+scope+instructions+for+authors+APC
1369,4-Q3,0,Breast Cancer-Basic and Clinical Research,BREAST CANCER-BASIC,1178-2234,1178-2234,2.2,2.5,Q3,228/333,Q3,Q3,0.42,31.7,26.0,753.0,ONCOLOGY,ONCOLOGY(JIF Q3/JCI Q3),SAGE PUBLICATIONS LTD,SAGE,否,ESCI,混合为主,"订阅路线通常无APC；SAGE Choice常见 USD 2,000-4,000",中,https://us.sagepub.com/en-us/nam/sage-choice,https://www.google.com/search?q=Breast+Cancer-Basic+and+Clinical+Research+aims+scope+instructions+for+authors+APC
1370,4-Q3,0,Journal of Obsessive-Compulsive and Related Disorders,J OBSESS-COMPULS REL,2211-3649,2211-3657,2.1,2.2,Q3,170/293,Q3,Q3,0.54,42.2,26.0,1642.0,PSYCHIATRY,PSYCHIATRY(JIF Q3/JCI Q3),ELSEVIER,Elsevier,是,"SCIE, SSCI",混合为主,"订阅路线通常无APC；Gold OA常见 USD 2,200-4,200",中,https://www.elsevier.com/open-access/agreements,https://www.google.com/search?q=Journal+of+Obsessive-Compulsive+and+Related+Disorders+aims+scope+instructions+for+authors+APC
1371,4-Q3,0,AIDS Research and Treatment,AIDS RES TREAT,2090-1240,2090-1259,2.1,2.3,Q3,95/141,Q3,Q3,0.42,33.0,26.0,464.0,INFECTIOUS DISEASES,INFECTIOUS DISEASES(JIF Q3/JCI Q3),WILEY,Wiley,否,ESCI,混合为主,"订阅路线通常无APC；OnlineOpen常见 USD 3,200-4,700",中,https://authorservices.wiley.com/author-resources/Journal-Authors/open-access/article-publication-charges.html,https://www.google.com/search?q=AIDS+Research+and+Treatment+aims+scope+instructions+for+authors+APC
1372,4-Q3,0,TRANSFUSION MEDICINE AND HEMOTHERAPY,TRANSFUS MED HEMOTH,1660-3796,1660-3818,2.1,2.4,Q3,61/103,Q3,Q3,0.38,41.3,26.0,1779.0,HEMATOLOGY; IMMUNOLOGY,HEMATOLOGY(JIF Q3/JCI Q3) | IMMUNOLOGY(JIF Q4/JCI Q4),KARGER,Karger,是,SCIE,混合/OA,"因刊而异，常见 USD 2,500-3,800",中,https://karger.com/pages/Open-Access,https://www.google.com/search?q=TRANSFUSION+MEDICINE+AND+HEMOTHERAPY+aims+scope+instructions+for+authors+APC
1373,4-Q3,0,EUROPEAN ADDICTION RESEARCH,EUR ADDICT RES,1022-6877,1421-9891,1.8,2.6,Q3,42/61,Q3,Q3,0.67,32.0,26.0,1492.0,PSYCHIATRY; SUBSTANCE ABUSE,PSYCHIATRY(JIF Q3/JCI Q3) | SUBSTANCE ABUSE(JIF Q3/JCI Q3),KARGER,Karger,是,"SCIE, SSCI",混合/OA,"因刊而异，常见 USD 2,500-3,800",中,https://karger.com/pages/Open-Access,https://www.google.com/search?q=EUROPEAN+ADDICTION+RESEARCH+aims+scope+instructions+for+authors+APC
1374,4-Q3,0,TH Open,TH OPEN,2567-3459,2512-9465,1.8,,Q3,66/100,Q3,Q3,0.45,34.5,26.0,612.0,HEMATOLOGY; PERIPHERAL VASCULAR DISEASE,HEMATOLOGY(JIF Q3/JCI Q3) | PERIPHERAL VASCULAR DISEASE(JIF Q3/JCI Q3),GEORG THIEME VERLAG KG,Thieme,否,ESCI,混合为主,订阅路线通常无APC；OA另计,中低,https://www.thieme.com/en-us/open-access,https://www.google.com/search?q=TH+Open+aims+scope+instructions+for+authors+APC
1375,4-Q3,0,Chinese Neurosurgical Journal,CHIN NEUROSURG J,,2057-4967,1.7,,Q3,170/321,Q3,Q3,0.59,47.2,26.0,478.0,CLINICAL NEUROLOGY; SURGERY,CLINICAL NEUROLOGY(JIF Q3/JCI Q3) | SURGERY(JIF Q3/JCI Q3),SPRINGERNATURE,Springer Nature,否,ESCI,混合/全OA,"全OA约 USD 2,090-3,490；Nature系更高；Scientific Reports已拉黑",中高,https://www.springernature.com/gp/open-research/journals-books/journals,https://www.google.com/search?q=Chinese+Neurosurgical+Journal+aims+scope+instructions+for+authors+APC
1376,4-Q3,0,American Journal of Nuclear Medicine and Molecular Imaging,AM J NUCL MED MOLEC,2160-8407,2160-8407,1.7,1.9,Q3,137/217,Q3,Q3,0.43,37.1,26.0,792.0,"RADIOLOGY, NUCLEAR MEDICINE & MEDICAL IMAGING","RADIOLOGY, NUCLEAR MEDICINE & MEDICAL IMAGING(JIF Q3/JCI Q3)",E-CENTURY PUBLISHING CORP,其他,否,ESCI,需核实,请查期刊官网 Author / Open Access 页面,未知,,https://www.google.com/search?q=American+Journal+of+Nuclear+Medicine+and+Molecular+Imaging+aims+scope+instructions+for+authors+APC
1377,4-Q3,0,Frontiers in Urology,FRONT UROL,,2673-9828,1.7,1.3,Q3,85/134,Q4,Q4,0.29,36.9,26.0,204.0,UROLOGY & NEPHROLOGY,UROLOGY & NEPHROLOGY(JIF Q3/JCI Q4),FRONTIERS MEDIA SA,Frontiers,否,ESCI,全OA,"约 CHF 1,495-3,150（Frontiers in Medicine A类=CHF 3,150）",高,https://www.frontiersin.org/about/fee-policy,https://www.google.com/search?q=Frontiers+in+Urology+aims+scope+instructions+for+authors+APC
1378,4-Q3,0,Postepy Psychiatrii i Neurologii,POSTEP PSYCHIATR NEU,1230-2813,1230-2813,1.5,1.2,Q3,219/293,Q4,Q4,0.24,25.4,26.0,239.0,PSYCHIATRY,PSYCHIATRY(JIF Q3/JCI Q4),TERMEDIA PUBLISHING HOUSE LTD,其他,否,ESCI,需核实,请查期刊官网 Author / Open Access 页面,未知,,https://www.google.com/search?q=Postepy+Psychiatrii+i+Neurologii+aims+scope+instructions+for+authors+APC
1379,4-Q3,0,Education and Treatment of Children,EDUC TREAT CHILD,0748-8491,1934-8924,1.4,1.9,Q3,38/62,Q2,Q2,0.75,36.9,26.0,1045.0,REHABILITATION,REHABILITATION(JIF Q3/JCI Q2),SPRINGERNATURE,Springer Nature,否,SSCI,混合/全OA,"全OA约 USD 2,090-3,490；Nature系更高；Scientific Reports已拉黑",中高,https://www.springernature.com/gp/open-research/journals-books/journals,https://www.google.com/search?q=Education+and+Treatment+of+Children+aims+scope+instructions+for+authors+APC
1380,4-Q3,0,HSS Journal,HSS J,1556-3316,1556-3324,1.4,1.9,Q3,202/321,Q3,Q3,0.58,37.2,26.0,1541.0,ORTHOPEDICS; SURGERY,ORTHOPEDICS(JIF Q3/JCI Q3) | SURGERY(JIF Q3/JCI Q3),SAGE PUBLICATIONS INC,SAGE,是,SCIE,混合为主,"订阅路线通常无APC；SAGE Choice常见 USD 2,000-4,000",中,https://us.sagepub.com/en-us/nam/sage-choice,https://www.google.com/search?q=HSS+Journal+aims+scope+instructions+for+authors+APC
1381,4-Q3,0,PEDIATRIC EXERCISE SCIENCE,PEDIATR EXERC SCI,0899-8493,1543-2920,1.3,1.5,Q3,118/190,Q3,Q3,0.6,38.2,26.0,1876.0,PEDIATRICS; SPORT SCIENCES,PEDIATRICS(JIF Q3/JCI Q3) | SPORT SCIENCES(JIF Q3/JCI Q3),HUMAN KINETICS PUBL INC,其他,是,SCIE,需核实,请查期刊官网 Author / Open Access 页面,未知,,https://www.google.com/search?q=PEDIATRIC+EXERCISE+SCIENCE+aims+scope+instructions+for+authors+APC
1382,4-Q3,0,Pediatric Allergy Immunology and Pulmonology,PEDIAT ALLER IMM PUL,2151-321X,2151-3228,1.3,1.6,Q3,118/190,Q3,Q3,0.33,38.2,26.0,422.0,ALLERGY; IMMUNOLOGY; PEDIATRICS; RESPIRATORY SYSTEM,ALLERGY(JIF Q4/JCI Q3) | IMMUNOLOGY(JIF Q4/JCI Q4) | PEDIATRICS(JIF Q3/JCI Q4) | RESPIRATORY SYSTEM(JIF Q4/JCI Q4),SAGE PUBLICATIONS INC,SAGE,是,SCIE,混合为主,"订阅路线通常无APC；SAGE Choice常见 USD 2,000-4,000",中,https://us.sagepub.com/en-us/nam/sage-choice,https://www.google.com/search?q=Pediatric+Allergy+Immunology+and+Pulmonology+aims+scope+instructions+for+authors+APC
1383,4-Q3,0,Imaging,IMAGING,,2732-0960,1.0,0.7,Q3,186/336,Q3,Q3,0.11,44.8,26.0,110.0,"MEDICINE, GENERAL & INTERNAL","MEDICINE, GENERAL & INTERNAL(JIF Q3/JCI Q3)",AKADEMIAI KIADO ZRT,其他,否,ESCI,需核实,请查期刊官网 Author / Open Access 页面,未知,,https://www.google.com/search?q=Imaging+aims+scope+instructions+for+authors+APC
1384,4-Q3,0,INTERNATIONAL JOURNAL FOR VITAMIN AND NUTRITION RESEARCH,INT J VITAM NUTR RES,0300-9831,1664-2821,3.0,2.7,Q3,60/114,Q3,Q3,0.43,47.8,25.0,1752.0,NUTRITION & DIETETICS,NUTRITION & DIETETICS(JIF Q3/JCI Q3),IMR PRESS,其他,是,SCIE,需核实,请查期刊官网 Author / Open Access 页面,未知,,https://www.google.com/search?q=INTERNATIONAL+JOURNAL+FOR+VITAMIN+AND+NUTRITION+RESEARCH+aims+scope+instructions+for+authors+APC
1385,4-Q3,0,Expert Review of Endocrinology & Metabolism,EXPERT REV ENDOCRINO,1744-6651,1744-8417,2.9,3.1,Q3,114/198,Q4,Q4,0.42,42.7,25.0,1356.0,ENDOCRINOLOGY & METABOLISM,ENDOCRINOLOGY & METABOLISM(JIF Q3/JCI Q4),"ROUTLEDGE JOURNALS, TAYLOR & FRANCIS LTD",Taylor & Francis,否,ESCI,混合为主,"订阅路线通常无APC；Open Select常见 USD 2,500-3,500",中,https://authorservices.taylorandfrancis.com/publishing-open-access/,https://www.google.com/search?q=Expert+Review+of+Endocrinology+&+Metabolism+aims+scope+instructions+for+authors+APC
1386,4-Q3,0,CURRENT DRUG METABOLISM,CURR DRUG METAB,1389-2002,1875-5453,2.3,2.5,Q3,226/356,Q4,Q4,0.33,36.7,25.0,4527.0,BIOCHEMISTRY & MOLECULAR BIOLOGY; PHARMACOLOGY & PHARMACY,BIOCHEMISTRY & MOLECULAR BIOLOGY(JIF Q4/JCI Q4) | PHARMACOLOGY & PHARMACY(JIF Q3/JCI Q4),BENTHAM SCIENCE PUBL LTD,其他,是,SCIE,需核实,请查期刊官网 Author / Open Access 页面,未知,,https://www.google.com/search?q=CURRENT+DRUG+METABOLISM+aims+scope+instructions+for+authors+APC
1387,4-Q3,0,Parkinsons Disease,PARKINSONS DIS-US,2090-8083,2042-0080,2.2,3.6,Q3,180/296,Q3,Q3,0.63,39.4,25.0,2468.0,CLINICAL NEUROLOGY,CLINICAL NEUROLOGY(JIF Q3/JCI Q3),WILEY,Wiley,是,SCIE,混合为主,"订阅路线通常无APC；OnlineOpen常见 USD 3,200-4,700",中,https://authorservices.wiley.com/author-resources/Journal-Authors/open-access/article-publication-charges.html,https://www.google.com/search?q=Parkinsons+Disease+aims+scope+instructions+for+authors+APC
1388,4-Q3,0,Diabetes Epidemiology and Management,DIABET EPIDEMIOL MAN,,2666-9706,2.2,1.8,Q3,145/198,Q4,Q4,0.37,27.0,25.0,272.0,ENDOCRINOLOGY & METABOLISM,ENDOCRINOLOGY & METABOLISM(JIF Q3/JCI Q4),ELSEVIER,Elsevier,否,ESCI,混合为主,"订阅路线通常无APC；Gold OA常见 USD 2,200-4,200",中,https://www.elsevier.com/open-access/agreements,https://www.google.com/search?q=Diabetes+Epidemiology+and+Management+aims+scope+instructions+for+authors+APC
1389,4-Q3,0,Endocrines,ENDOCRINES-BASEL,,2673-396X,2.2,,Q3,145/198,Q4,Q4,0.3,27.0,25.0,429.0,ENDOCRINOLOGY & METABOLISM,ENDOCRINOLOGY & METABOLISM(JIF Q3/JCI Q4),MDPI,MDPI,否,ESCI,全OA,"约 CHF 1,600-2,900（如 JCM=CHF 2,600）",高,https://www.mdpi.com/about/apc,https://www.google.com/search?q=Endocrines+aims+scope+instructions+for+authors+APC
1390,4-Q3,0,International Gambling Studies,INT GAMBL STUD,1445-9795,1479-4276,2.1,2.5,Q3,38/61,Q3,Q3,0.7,38.5,25.0,1086.0,SUBSTANCE ABUSE,SUBSTANCE ABUSE(JIF Q3/JCI Q3),"ROUTLEDGE JOURNALS, TAYLOR & FRANCIS LTD",Taylor & Francis,否,SSCI,混合为主,"订阅路线通常无APC；Open Select常见 USD 2,500-3,500",中,https://authorservices.taylorandfrancis.com/publishing-open-access/,https://www.google.com/search?q=International+Gambling+Studies+aims+scope+instructions+for+authors+APC
1391,4-Q3,0,Adversity and Resilience Science,ADVERS RESIL SCI,2662-2424,2662-2416,2.1,3.8,Q3,83/222,Q3,Q2,0.69,42.2,25.0,599.0,PSYCHIATRY,PSYCHIATRY(JIF Q3/JCI Q3),SPRINGERNATURE,Springer Nature,否,ESCI,混合/全OA,"全OA约 USD 2,090-3,490；Nature系更高；Scientific Reports已拉黑",中高,https://www.springernature.com/gp/open-research/journals-books/journals,https://www.google.com/search?q=Adversity+and+Resilience+Science+aims+scope+instructions+for+authors+APC
1392,4-Q3,0,Italian Journal of Dermatology and Venereology,ITAL J DERMATOL VENE,2784-8671,2784-8450,2.1,2.0,Q3,53/99,Q3,Q3,0.61,47.0,25.0,534.0,DERMATOLOGY,DERMATOLOGY(JIF Q3/JCI Q3),EDIZIONI MINERVA MEDICA,其他,是,SCIE,需核实,请查期刊官网 Author / Open Access 页面,未知,,https://www.google.com/search?q=Italian+Journal+of+Dermatology+and+Venereology+aims+scope+instructions+for+authors+APC
1393,4-Q3,0,BioPsychoSocial Medicine,BIOPSYCHOSOC MED,1751-0759,1751-0759,2.1,3.2,Q3,83/222,Q3,Q3,0.58,42.2,25.0,1088.0,PSYCHIATRY,PSYCHIATRY(JIF Q3/JCI Q3),BMC,BMC,否,SSCI,全OA,"约 USD 1,990-2,890（旗舰刊更高）",高,https://www.biomedcentral.com/getpublished/article-processing-charges,https://www.google.com/search?q=BioPsychoSocial+Medicine+aims+scope+instructions+for+authors+APC
1394,4-Q3,0,Multidisciplinary Respiratory Medicine,MULTIDISCIP RESP MED,1828-695X,2049-6958,2.1,2.2,Q3,68/107,Q4,Q4,0.37,36.9,25.0,1159.0,RESPIRATORY SYSTEM,RESPIRATORY SYSTEM(JIF Q3/JCI Q4),MATTIOLI 1885,其他,否,ESCI,需核实,请查期刊官网 Author / Open Access 页面,未知,,https://www.google.com/search?q=Multidisciplinary+Respiratory+Medicine+aims+scope+instructions+for+authors+APC
1395,4-Q3,0,MOLECULAR VISION,MOL VIS,1090-0535,,1.8,2.1,Q3,59/98,Q4,Q4,0.46,40.3,25.0,4568.0,BIOCHEMISTRY & MOLECULAR BIOLOGY; OPHTHALMOLOGY,BIOCHEMISTRY & MOLECULAR BIOLOGY(JIF Q4/JCI Q4) | OPHTHALMOLOGY(JIF Q3/JCI Q4),MOLECULAR VISION,其他,是,SCIE,需核实,请查期刊官网 Author / Open Access 页面,未知,,https://www.google.com/search?q=MOLECULAR+VISION+aims+scope+instructions+for+authors+APC
1396,4-Q3,0,Neurointervention,NEUROINTERVENTION,2093-9043,2233-6273,1.8,,Q3,213/296,Q4,Q4,0.41,28.2,25.0,391.0,CLINICAL NEUROLOGY,CLINICAL NEUROLOGY(JIF Q3/JCI Q4),Korean Soc Interventional Neuroradiology - KSIN,其他,否,ESCI,需核实,请查期刊官网 Author / Open Access 页面,未知,,https://www.google.com/search?q=Neurointervention+aims+scope+instructions+for+authors+APC
1397,4-Q3,0,THEORETICAL MEDICINE AND BIOETHICS,THEOR MED BIOETH,1386-7415,1573-1200,1.7,1.5,Q3,33/78,Q3,Q3,0.58,34.4,25.0,781.0,"SOCIAL SCIENCES, BIOMEDICAL","SOCIAL SCIENCES, BIOMEDICAL(JIF Q3/JCI Q3)",SPRINGER,Springer,否,SSCI,混合为主,"订阅路线通常无APC；选OA约 USD 2,790-4,290",中,https://www.springer.com/gp/open-access,https://www.google.com/search?q=THEORETICAL+MEDICINE+AND+BIOETHICS+aims+scope+instructions+for+authors+APC
1398,4-Q3,0,Journal of Breast Imaging,J BREAST IMAGING,2631-6110,2631-6129,1.7,1.9,Q3,137/217,Q3,Q3,0.41,37.1,25.0,779.0,"ONCOLOGY; RADIOLOGY, NUCLEAR MEDICINE & MEDICAL IMAGING","ONCOLOGY(JIF Q4/JCI Q3) | RADIOLOGY, NUCLEAR MEDICINE & MEDICAL IMAGING(JIF Q3/JCI Q3)",OXFORD UNIV PRESS,Oxford UP,否,ESCI,混合为主,订阅路线通常无APC；可选OA，费用因刊而异,中,https://academic.oup.com/pages/open-research/open-access,https://www.google.com/search?q=Journal+of+Breast+Imaging+aims+scope+instructions+for+authors+APC
1399,4-Q3,0,Human Factors in Healthcare,HUM FACTORS HEALTHC,,2772-5014,1.6,2.6,Q3,142/194,Q3,Q3,0.58,27.1,25.0,211.0,HEALTH CARE SCIENCES & SERVICES,HEALTH CARE SCIENCES & SERVICES(JIF Q3/JCI Q3),ELSEVIER,Elsevier,否,ESCI,混合为主,"订阅路线通常无APC；Gold OA常见 USD 2,200-4,200",中,https://www.elsevier.com/open-access/agreements,https://www.google.com/search?q=Human+Factors+in+Healthcare+aims+scope+instructions+for+authors+APC
1400,4-Q3,0,Dental Hypotheses,DENT HYPOTHESES,2155-8213,2155-8213,1.6,0.9,Q3,104/165,Q4,Q4,0.4,37.3,25.0,242.0,"DENTISTRY, ORAL SURGERY & MEDICINE","DENTISTRY, ORAL SURGERY & MEDICINE(JIF Q3/JCI Q4)",WOLTERS KLUWER MEDKNOW PUBLICATIONS,Wolters Kluwer/LWW,否,ESCI,混合为主,"订阅路线通常无APC；OA常见 USD 2,000-4,000；MEDICINE已拉黑",中,https://wkauthorservices.editage.com/open-access/,https://www.google.com/search?q=Dental+Hypotheses+aims+scope+instructions+for+authors+APC
1401,4-Q3,0,Turkish Journal of Hematology,TURK J HEMATOL,1300-7777,1308-5263,1.6,1.8,Q3,74/103,Q3,Q3,0.36,28.6,25.0,711.0,HEMATOLOGY,HEMATOLOGY(JIF Q3/JCI Q3),GALENOS PUBL HOUSE,其他,是,SCIE,需核实,请查期刊官网 Author / Open Access 页面,未知,,https://www.google.com/search?q=Turkish+Journal+of+Hematology+aims+scope+instructions+for+authors+APC
1402,4-Q3,0,JOURNAL OF ETHNOBIOLOGY,J ETHNOBIOL,0278-0771,2162-4496,1.5,2.6,Q3,41/143,Q2,Q2,0.7,38.2,25.0,1190.0,BIOLOGY,BIOLOGY(JIF Q3/JCI Q2),SAGE PUBLICATIONS INC,SAGE,是,SSCI; SCIE,混合为主,"订阅路线通常无APC；SAGE Choice常见 USD 2,000-4,000",中,https://us.sagepub.com/en-us/nam/sage-choice,https://www.google.com/search?q=JOURNAL+OF+ETHNOBIOLOGY+aims+scope+instructions+for+authors+APC
1403,4-Q3,0,Journal of Dual Diagnosis,J DUAL DIAGN,1550-4263,1550-4271,1.5,2.0,Q3,123/184,Q3,Q3,0.59,33.4,25.0,701.0,"PSYCHIATRY; PSYCHOLOGY, CLINICAL; SUBSTANCE ABUSE","PSYCHIATRY(JIF Q3/JCI Q3) | PSYCHOLOGY, CLINICAL(JIF Q3/JCI Q3) | SUBSTANCE ABUSE(JIF Q4/JCI Q3)","ROUTLEDGE JOURNALS, TAYLOR & FRANCIS LTD",Taylor & Francis,否,SSCI,混合为主,"订阅路线通常无APC；Open Select常见 USD 2,500-3,500",中,https://authorservices.taylorandfrancis.com/publishing-open-access/,https://www.google.com/search?q=Journal+of+Dual+Diagnosis+aims+scope+instructions+for+authors+APC
1404,4-Q3,0,AACN Advanced Critical Care,AACN ADV CRIT CARE,1559-7768,1559-7776,1.5,1.9,Q3,118/194,Q3,Q3,0.57,39.4,25.0,814.0,NURSING,NURSING(JIF Q3/JCI Q3),AMER ASSOC CRITICAL CARE NURSES,其他,否,ESCI,需核实,请查期刊官网 Author / Open Access 页面,未知,,https://www.google.com/search?q=AACN+Advanced+Critical+Care+aims+scope+instructions+for+authors+APC
1405,4-Q3,0,Developing World Bioethics,DEV WORLD BIOETH,1471-8731,1471-8847,1.3,1.3,Q3,45/78,Q4,Q3,0.5,34.1,25.0,543.0,MEDICAL ETHICS,MEDICAL ETHICS(JIF Q3/JCI Q4),WILEY,Wiley,是,SSCI; SCIE,混合为主,"订阅路线通常无APC；OnlineOpen常见 USD 3,200-4,700",中,https://authorservices.wiley.com/author-resources/Journal-Authors/open-access/article-publication-charges.html,https://www.google.com/search?q=Developing+World+Bioethics+aims+scope+instructions+for+authors+APC
1406,4-Q3,0,DIGESTIVE SURGERY,DIGEST SURG,0253-4886,1421-9883,1.2,1.8,Q3,219/321,Q3,Q3,0.46,31.9,25.0,1795.0,GASTROENTEROLOGY & HEPATOLOGY; SURGERY,GASTROENTEROLOGY & HEPATOLOGY(JIF Q4/JCI Q3) | SURGERY(JIF Q3/JCI Q3),KARGER,Karger,是,SCIE,混合/OA,"因刊而异，常见 USD 2,500-3,800",中,https://karger.com/pages/Open-Access,https://www.google.com/search?q=DIGESTIVE+SURGERY+aims+scope+instructions+for+authors+APC
1407,4-Q3,0,Journal of Cosmetic and Laser Therapy,J COSMET LASER THER,1476-4172,1476-4180,1.0,1.5,Q3,233/321,Q3,Q3,0.55,27.6,25.0,1400.0,DERMATOLOGY; SURGERY,DERMATOLOGY(JIF Q4/JCI Q3) | SURGERY(JIF Q3/JCI Q3),TAYLOR & FRANCIS INC,Taylor & Francis,是,SCIE,混合为主,"订阅路线通常无APC；Open Select常见 USD 2,500-3,500",中,https://authorservices.taylorandfrancis.com/publishing-open-access/,https://www.google.com/search?q=Journal+of+Cosmetic+and+Laser+Therapy+aims+scope+instructions+for+authors+APC
1408,4-Q3,0,Ewha Medical Journal,EWHA MED J,2234-3180,2234-2591,0.9,0.8,Q3,195/336,Q3,Q3,0.19,42.1,25.0,204.0,"MEDICINE, GENERAL & INTERNAL","MEDICINE, GENERAL & INTERNAL(JIF Q3/JCI Q3)",EWHA WOMANS UNIV SCH MEDICINE,其他,否,ESCI,需核实,请查期刊官网 Author / Open Access 页面,未知,,https://www.google.com/search?q=Ewha+Medical+Journal+aims+scope+instructions+for+authors+APC
1409,4-Q3,0,International Journal of Noncommunicable Diseases,INT J NONCOMMUN DIS,2468-8827,2468-8835,0.7,0.5,Q3,215/336,Q3,Q3,0.14,36.2,25.0,216.0,"MEDICINE, GENERAL & INTERNAL; PUBLIC, ENVIRONMENTAL & OCCUPATIONAL HEALTH","MEDICINE, GENERAL & INTERNAL(JIF Q3/JCI Q3) | PUBLIC, ENVIRONMENTAL & OCCUPATIONAL HEALTH(JIF Q4/JCI Q4)",WOLTERS KLUWER MEDKNOW PUBLICATIONS,Wolters Kluwer/LWW,否,ESCI,混合为主,"订阅路线通常无APC；OA常见 USD 2,000-4,000；MEDICINE已拉黑",中,https://wkauthorservices.editage.com/open-access/,https://www.google.com/search?q=International+Journal+of+Noncommunicable+Diseases+aims+scope+instructions+for+authors+APC
1410,4-Q3,0,MEDICINA DELLO SPORT,MED SPORT,0025-7826,1827-1863,0.5,0.4,Q3,241/336,Q3,Q3,0.21,28.4,25.0,264.0,"MEDICINE, GENERAL & INTERNAL; SPORT SCIENCES","MEDICINE, GENERAL & INTERNAL(JIF Q3/JCI Q3) | SPORT SCIENCES(JIF Q4/JCI Q4)",EDIZIONI MINERVA MEDICA,其他,是,SCIE,需核实,请查期刊官网 Author / Open Access 页面,未知,,https://www.google.com/search?q=MEDICINA+DELLO+SPORT+aims+scope+instructions+for+authors+APC
1411,4-Q3,0,Regenerative Medicine,REGEN MED,1746-0751,1746-076X,3.0,3.1,Q3,69/130,Q3,Q3,0.43,47.3,24.0,2210.0,"CELL & TISSUE ENGINEERING; ENGINEERING, BIOMEDICAL","CELL & TISSUE ENGINEERING(JIF Q3/JCI Q4) | ENGINEERING, BIOMEDICAL(JIF Q3/JCI Q3)",TAYLOR & FRANCIS LTD,Taylor & Francis,是,SCIE,混合为主,"订阅路线通常无APC；Open Select常见 USD 2,500-3,500",中,https://authorservices.taylorandfrancis.com/publishing-open-access/,https://www.google.com/search?q=Regenerative+Medicine+aims+scope+instructions+for+authors+APC
1412,4-Q3,0,Therapeutic Advances in Chronic Disease,THER ADV CHRONIC DIS,2040-6223,2040-6231,2.7,3.5,Q3,191/356,Q2,Q2,0.65,46.5,24.0,2395.0,PHARMACOLOGY & PHARMACY,PHARMACOLOGY & PHARMACY(JIF Q3/JCI Q2),SAGE PUBLICATIONS LTD,SAGE,是,SCIE,混合为主,"订阅路线通常无APC；SAGE Choice常见 USD 2,000-4,000",中,https://us.sagepub.com/en-us/nam/sage-choice,https://www.google.com/search?q=Therapeutic+Advances+in+Chronic+Disease+aims+scope+instructions+for+authors+APC
1413,4-Q3,0,SYNAPSE-Structure Function Connectivity,SYNAPSE,0887-4476,1098-2396,2.5,2.0,Q3,220/330,Q3,Q3,0.53,33.5,24.0,2446.0,NEUROSCIENCES,NEUROSCIENCES(JIF Q3/JCI Q3),WILEY,Wiley,是,SCIE,混合为主,"订阅路线通常无APC；OnlineOpen常见 USD 3,200-4,700",中,https://authorservices.wiley.com/author-resources/Journal-Authors/open-access/article-publication-charges.html,https://www.google.com/search?q=SYNAPSE-Structure+Function+Connectivity+aims+scope+instructions+for+authors+APC
1414,4-Q3,0,Sleep Medicine-X,SLEEP MED-X,,2590-1427,2.4,,Q3,168/296,Q3,Q3,0.6,43.4,24.0,287.0,CLINICAL NEUROLOGY,CLINICAL NEUROLOGY(JIF Q3/JCI Q3),ELSEVIER,Elsevier,否,ESCI,混合为主,"订阅路线通常无APC；Gold OA常见 USD 2,200-4,200",中,https://www.elsevier.com/open-access/agreements,https://www.google.com/search?q=Sleep+Medicine-X+aims+scope+instructions+for+authors+APC
1415,4-Q3,0,Application of Clinical Genetics,APPL CLIN GENET,,1178-704X,2.4,3.0,Q3,107/192,Q3,Q3,0.45,44.5,24.0,916.0,GENETICS & HEREDITY,GENETICS & HEREDITY(JIF Q3/JCI Q3),DOVE MEDICAL PRESS LTD,其他,否,ESCI,需核实,请查期刊官网 Author / Open Access 页面,未知,,https://www.google.com/search?q=Application+of+Clinical+Genetics+aims+scope+instructions+for+authors+APC
1416,4-Q3,0,Canadian Pharmacists Journal,CAN PHARM J,1715-1635,1913-701X,2.4,2.1,Q3,215/356,Q4,Q4,0.38,39.7,24.0,980.0,PHARMACOLOGY & PHARMACY,PHARMACOLOGY & PHARMACY(JIF Q3/JCI Q4),UNIV TORONTO PRESS INC,其他,否,ESCI,需核实,请查期刊官网 Author / Open Access 页面,未知,,https://www.google.com/search?q=Canadian+Pharmacists+Journal+aims+scope+instructions+for+authors+APC
1417,4-Q3,0,INTERNATIONAL JOURNAL OF BIOLOGICAL MARKERS,INT J BIOL MARKER,0393-6155,1724-6008,2.3,2.0,Q3,223/333,Q3,Q3,0.46,33.2,24.0,1182.0,BIOTECHNOLOGY & APPLIED MICROBIOLOGY; ONCOLOGY,BIOTECHNOLOGY & APPLIED MICROBIOLOGY(JIF Q3/JCI Q3) | ONCOLOGY(JIF Q3/JCI Q3),SAGE PUBLICATIONS LTD,SAGE,是,SCIE,混合为主,"订阅路线通常无APC；SAGE Choice常见 USD 2,000-4,000",中,https://us.sagepub.com/en-us/nam/sage-choice,https://www.google.com/search?q=INTERNATIONAL+JOURNAL+OF+BIOLOGICAL+MARKERS+aims+scope+instructions+for+authors+APC
1418,4-Q3,0,Cerebrovascular Diseases Extra,CEREBROVASC DIS EXTR,1664-5456,1664-5456,2.1,2.2,Q3,57/100,Q3,Q3,0.44,43.5,24.0,490.0,PERIPHERAL VASCULAR DISEASE,PERIPHERAL VASCULAR DISEASE(JIF Q3/JCI Q3),KARGER,Karger,否,ESCI,混合/OA,"因刊而异，常见 USD 2,500-3,800",中,https://karger.com/pages/Open-Access,https://www.google.com/search?q=Cerebrovascular+Diseases+Extra+aims+scope+instructions+for+authors+APC
1419,4-Q3,0,Gastroenterology & Endoscopy,GASTROENTEROL ENDOSC,,2949-7523,2.0,2.3,Q3,106/153,Q3,Q3,0.38,31.0,24.0,238.0,GASTROENTEROLOGY & HEPATOLOGY,GASTROENTEROLOGY & HEPATOLOGY(JIF Q3/JCI Q3),KEAI PUBLISHING LTD,其他,否,ESCI,需核实,请查期刊官网 Author / Open Access 页面,未知,,https://www.google.com/search?q=Gastroenterology+&+Endoscopy+aims+scope+instructions+for+authors+APC
1420,4-Q3,0,Genetics Research,GENET RES,0016-6723,1469-5073,1.9,2.2,Q3,140/192,Q3,Q3,0.5,27.3,24.0,1982.0,GENETICS & HEREDITY,GENETICS & HEREDITY(JIF Q3/JCI Q3),WILEY,Wiley,是,SCIE,混合为主,"订阅路线通常无APC；OnlineOpen常见 USD 3,200-4,700",中,https://authorservices.wiley.com/author-resources/Journal-Authors/open-access/article-publication-charges.html,https://www.google.com/search?q=Genetics+Research+aims+scope+instructions+for+authors+APC
1421,4-Q3,0,CURRENT GENETICS,CURR GENET,0172-8083,1432-0983,1.9,2.2,Q3,140/192,Q3,Q3,0.47,27.3,24.0,3227.0,GENETICS & HEREDITY,GENETICS & HEREDITY(JIF Q3/JCI Q3),SPRINGER,Springer,是,SCIE,混合为主,"订阅路线通常无APC；选OA约 USD 2,790-4,290",中,https://www.springer.com/gp/open-access,https://www.google.com/search?q=CURRENT+GENETICS+aims+scope+instructions+for+authors+APC
1422,4-Q3,0,Asia-Pacific Journal of Sports Medicine Arthroscopy Rehabilitation and Technology,ASIA-PAC J SPORT MED,2214-6873,2214-6873,1.7,1.8,Q3,82/147,Q3,Q3,0.63,44.6,24.0,450.0,ORTHOPEDICS; SPORT SCIENCES,ORTHOPEDICS(JIF Q3/JCI Q3) | SPORT SCIENCES(JIF Q3/JCI Q3),ELSEVIER SINGAPORE PTE LTD,Elsevier,否,ESCI,混合为主,"订阅路线通常无APC；Gold OA常见 USD 2,200-4,200",中,https://www.elsevier.com/open-access/agreements,https://www.google.com/search?q=Asia-Pacific+Journal+of+Sports+Medicine+Arthroscopy+Rehabilitation+and+Technology+aims+scope+instructions+for+authors+APC
1423,4-Q3,0,Arhiv za Higijenu Rada i Toksikologiju-Archives of Industrial Hygiene and Toxicology,ARH HIG RADA TOKSIKO,0004-1254,1848-6312,1.7,2.5,Q3,287/443,Q4,Q4,0.41,35.3,24.0,1265.0,"PUBLIC, ENVIRONMENTAL & OCCUPATIONAL HEALTH; TOXICOLOGY","PUBLIC, ENVIRONMENTAL & OCCUPATIONAL HEALTH(JIF Q3/JCI Q4) | TOXICOLOGY(JIF Q4/JCI Q4)",Paradigm Publishing Services-De Gruyter Brill Sp Zoo,De Gruyter,是,SCIE,混合/OA,因刊而异,中,https://www.degruyter.com/publishing/publications/openaccess,https://www.google.com/search?q=Arhiv+za+Higijenu+Rada+i+Toksikologiju-Archives+of+Industrial+Hygiene+and+Toxicology+aims+scope+instructions+for+authors+APC
1424,4-Q3,0,SEMINARS IN ROENTGENOLOGY,SEMIN ROENTGENOL,0037-198X,1558-4658,1.6,1.2,Q3,147/217,Q4,Q4,0.36,32.5,24.0,474.0,"RADIOLOGY, NUCLEAR MEDICINE & MEDICAL IMAGING","RADIOLOGY, NUCLEAR MEDICINE & MEDICAL IMAGING(JIF Q3/JCI Q4)",W B SAUNDERS CO-ELSEVIER INC,Elsevier,是,SCIE,混合为主,"订阅路线通常无APC；Gold OA常见 USD 2,200-4,200",中,https://www.elsevier.com/open-access/agreements,https://www.google.com/search?q=SEMINARS+IN+ROENTGENOLOGY+aims+scope+instructions+for+authors+APC
1425,4-Q3,0,Minerva Dental and Oral Science,MINERVA DENT ORAL SC,2724-6329,2724-6337,1.4,1.2,Q3,113/165,Q3,Q3,0.55,31.8,24.0,239.0,"DENTISTRY, ORAL SURGERY & MEDICINE","DENTISTRY, ORAL SURGERY & MEDICINE(JIF Q3/JCI Q3)",EDIZIONI MINERVA MEDICA,其他,否,ESCI,需核实,请查期刊官网 Author / Open Access 页面,未知,,https://www.google.com/search?q=Minerva+Dental+and+Oral+Science+aims+scope+instructions+for+authors+APC
1426,4-Q3,0,Kinesiology,KINESIOLOGY,1331-1441,1848-638X,1.2,1.2,Q3,130/175,Q3,Q3,0.45,26.0,24.0,862.0,REHABILITATION; SPORT SCIENCES,REHABILITATION(JIF Q3/JCI Q4) | SPORT SCIENCES(JIF Q4/JCI Q3),"UNIV ZAGREB, FAC KINESIOLOGY",其他,是,"SCIE, SSCI; SCIE",需核实,请查期刊官网 Author / Open Access 页面,未知,,https://www.google.com/search?q=Kinesiology+aims+scope+instructions+for+authors+APC
1427,4-Q3,0,Emergency and Critical Care Medicine,EMERG CRIT CARE MED,2097-0617,2693-860X,1.1,1.0,Q3,36/55,Q3,Q3,0.33,35.5,24.0,122.0,CRITICAL CARE MEDICINE; EMERGENCY MEDICINE,CRITICAL CARE MEDICINE(JIF Q4/JCI Q4) | EMERGENCY MEDICINE(JIF Q3/JCI Q3),LIPPINCOTT WILLIAMS & WILKINS,Wolters Kluwer/LWW,否,ESCI,混合为主,"订阅路线通常无APC；OA常见 USD 2,000-4,000；MEDICINE已拉黑",中,https://wkauthorservices.editage.com/open-access/,https://www.google.com/search?q=Emergency+and+Critical+Care+Medicine+aims+scope+instructions+for+authors+APC
1428,4-Q3,0,ADVANCES IN COMPLEX SYSTEMS,ADV COMPLEX SYST,0219-5259,1793-6802,1.1,0.9,Q3,86/140,Q3,Q3,0.28,38.9,24.0,551.0,MULTIDISCIPLINARY SCIENCES,MULTIDISCIPLINARY SCIENCES(JIF Q3/JCI Q3),WORLD SCIENTIFIC PUBL CO PTE LTD,其他,是,SCIE,需核实,请查期刊官网 Author / Open Access 页面,未知,,https://www.google.com/search?q=ADVANCES+IN+COMPLEX+SYSTEMS+aims+scope+instructions+for+authors+APC
1429,4-Q3,0,Journal of Emergencies Trauma and Shock,J EMERG TRAUMA SHOCK,0974-2700,0974-519X,1.0,1.5,Q3,39/55,Q3,Q3,0.4,30.0,24.0,1086.0,EMERGENCY MEDICINE,EMERGENCY MEDICINE(JIF Q3/JCI Q3),WOLTERS KLUWER MEDKNOW PUBLICATIONS,Wolters Kluwer/LWW,否,ESCI,混合为主,"订阅路线通常无APC；OA常见 USD 2,000-4,000；MEDICINE已拉黑",中,https://wkauthorservices.editage.com/open-access/,https://www.google.com/search?q=Journal+of+Emergencies+Trauma+and+Shock+aims+scope+instructions+for+authors+APC
1430,4-Q3,0,Advances in Biological Regulation,ADV BIOL REGUL,2212-4926,2212-4934,2.7,,Q3,218/328,Q3,Q3,0.58,33.7,23.0,1471.0,BIOCHEMISTRY & MOLECULAR BIOLOGY,BIOCHEMISTRY & MOLECULAR BIOLOGY(JIF Q3/JCI Q3),ELSEVIER,Elsevier,否,ESCI,混合为主,"订阅路线通常无APC；Gold OA常见 USD 2,200-4,200",中,https://www.elsevier.com/open-access/agreements,https://www.google.com/search?q=Advances+in+Biological+Regulation+aims+scope+instructions+for+authors+APC
1431,4-Q3,0,Canadian Journal of Gastroenterology and Hepatology,CAN J GASTROENTEROL,2291-2789,2291-2797,2.5,2.9,Q3,85/153,Q3,Q3,0.5,44.8,23.0,2971.0,GASTROENTEROLOGY & HEPATOLOGY,GASTROENTEROLOGY & HEPATOLOGY(JIF Q3/JCI Q3),WILEY,Wiley,是,SCIE,混合为主,"订阅路线通常无APC；OnlineOpen常见 USD 3,200-4,700",中,https://authorservices.wiley.com/author-resources/Journal-Authors/open-access/article-publication-charges.html,https://www.google.com/search?q=Canadian+Journal+of+Gastroenterology+and+Hepatology+aims+scope+instructions+for+authors+APC
1432,4-Q3,0,Medicinal Chemistry,MED CHEM,1573-4064,1875-6638,2.5,2.3,Q3,51/72,Q3,Q3,0.46,29.9,23.0,2381.0,"CHEMISTRY, MEDICINAL","CHEMISTRY, MEDICINAL(JIF Q3/JCI Q3)",BENTHAM SCIENCE PUBL LTD,其他,是,SCIE,需核实,请查期刊官网 Author / Open Access 页面,未知,,https://www.google.com/search?q=Medicinal+Chemistry+aims+scope+instructions+for+authors+APC
1433,4-Q3,0,Journal of Central Nervous System Disease,J CENT NERV SYST DIS,1179-5735,1179-5735,2.4,3.9,Q3,168/296,Q3,Q3,0.61,43.4,23.0,775.0,CLINICAL NEUROLOGY,CLINICAL NEUROLOGY(JIF Q3/JCI Q3),SAGE PUBLICATIONS LTD,SAGE,否,ESCI,混合为主,"订阅路线通常无APC；SAGE Choice常见 USD 2,000-4,000",中,https://us.sagepub.com/en-us/nam/sage-choice,https://www.google.com/search?q=Journal+of+Central+Nervous+System+Disease+aims+scope+instructions+for+authors+APC
1434,4-Q3,0,Current Vascular Pharmacology,CURR VASC PHARMACOL,1570-1611,1875-6212,2.4,3.6,Q3,53/100,Q3,Q3,0.4,47.5,23.0,2274.0,PERIPHERAL VASCULAR DISEASE; PHARMACOLOGY & PHARMACY,PERIPHERAL VASCULAR DISEASE(JIF Q3/JCI Q3) | PHARMACOLOGY & PHARMACY(JIF Q3/JCI Q3),BENTHAM SCIENCE PUBL LTD,其他,是,SCIE,需核实,请查期刊官网 Author / Open Access 页面,未知,,https://www.google.com/search?q=Current+Vascular+Pharmacology+aims+scope+instructions+for+authors+APC
1435,4-Q3,0,JOURNAL OF THE AMERICAN ACADEMY OF PSYCHIATRY AND THE LAW,J AM ACAD PSYCHIATRY,1093-6793,1943-3662,2.3,2.4,Q3,39/443,Q2,Q2,0.95,45.9,23.0,1355.0,PSYCHIATRY,PSYCHIATRY(JIF Q3/JCI Q2),AMER ACAD PSYCHIATRY & LAW,其他,否,SSCI,需核实,请查期刊官网 Author / Open Access 页面,未知,,https://www.google.com/search?q=JOURNAL+OF+THE+AMERICAN+ACADEMY+OF+PSYCHIATRY+AND+THE+LAW+aims+scope+instructions+for+authors+APC
1436,4-Q3,0,Quantitative Biology,QUANT BIOL,2095-4689,2095-4697,2.2,2.6,Q3,37/67,Q4,Q4,0.29,45.5,23.0,918.0,MATHEMATICAL & COMPUTATIONAL BIOLOGY,MATHEMATICAL & COMPUTATIONAL BIOLOGY(JIF Q3/JCI Q4),WILEY,Wiley,否,ESCI,混合为主,"订阅路线通常无APC；OnlineOpen常见 USD 3,200-4,700",中,https://authorservices.wiley.com/author-resources/Journal-Authors/open-access/article-publication-charges.html,https://www.google.com/search?q=Quantitative+Biology+aims+scope+instructions+for+authors+APC
1437,4-Q3,0,IMMUNOGENETICS,IMMUNOGENETICS,0093-7711,1432-1211,2.1,2.7,Q3,125/192,Q3,Q3,0.54,35.2,23.0,2603.0,GENETICS & HEREDITY; IMMUNOLOGY,GENETICS & HEREDITY(JIF Q3/JCI Q3) | IMMUNOLOGY(JIF Q4/JCI Q3),SPRINGER,Springer,是,SCIE,混合为主,"订阅路线通常无APC；选OA约 USD 2,790-4,290",中,https://www.springer.com/gp/open-access,https://www.google.com/search?q=IMMUNOGENETICS+aims+scope+instructions+for+authors+APC
1438,4-Q3,0,Personalized Medicine in Psychiatry,PERS MED PSYCHIAT,2468-1717,2468-1725,2.1,,Q3,170/293,Q3,Q3,0.46,42.2,23.0,171.0,NEUROSCIENCES; PSYCHIATRY,NEUROSCIENCES(JIF Q3/JCI Q4) | PSYCHIATRY(JIF Q3/JCI Q3),ELSEVIER,Elsevier,否,ESCI,混合为主,"订阅路线通常无APC；Gold OA常见 USD 2,200-4,200",中,https://www.elsevier.com/open-access/agreements,https://www.google.com/search?q=Personalized+Medicine+in+Psychiatry+aims+scope+instructions+for+authors+APC
1439,4-Q3,0,EUROPEAN NEUROLOGY,EUR NEUROL,0014-3022,1421-9913,2.0,2.2,Q3,188/296,Q3,Q3,0.49,36.7,23.0,3124.0,CLINICAL NEUROLOGY; NEUROSCIENCES,CLINICAL NEUROLOGY(JIF Q3/JCI Q3) | NEUROSCIENCES(JIF Q4/JCI Q4),KARGER,Karger,是,SCIE,混合/OA,"因刊而异，常见 USD 2,500-3,800",中,https://karger.com/pages/Open-Access,https://www.google.com/search?q=EUROPEAN+NEUROLOGY+aims+scope+instructions+for+authors+APC
1440,4-Q3,0,International Journal of Nephrology,INT J NEPHROL,2090-214X,2090-2158,1.9,2.3,Q3,81/134,Q3,Q3,0.47,39.9,23.0,963.0,UROLOGY & NEPHROLOGY,UROLOGY & NEPHROLOGY(JIF Q3/JCI Q3),WILEY,Wiley,否,ESCI,混合为主,"订阅路线通常无APC；OnlineOpen常见 USD 3,200-4,700",中,https://authorservices.wiley.com/author-resources/Journal-Authors/open-access/article-publication-charges.html,https://www.google.com/search?q=International+Journal+of+Nephrology+aims+scope+instructions+for+authors+APC
1441,4-Q3,0,SEXUAL ABUSE-A JOURNAL OF RESEARCH AND TREATMENT,SEX ABUSE-J RES TR,1079-0632,1573-286X,1.8,2.4,Q3,42/113,Q2,Q2,0.86,44.8,23.0,1742.0,"PSYCHOLOGY, CLINICAL","PSYCHOLOGY, CLINICAL(JIF Q3/JCI Q2)",SAGE PUBLICATIONS INC,SAGE,否,SSCI,混合为主,"订阅路线通常无APC；SAGE Choice常见 USD 2,000-4,000",中,https://us.sagepub.com/en-us/nam/sage-choice,https://www.google.com/search?q=SEXUAL+ABUSE-A+JOURNAL+OF+RESEARCH+AND+TREATMENT+aims+scope+instructions+for+authors+APC
1442,4-Q3,0,FOLIA BIOLOGICA,FOLIA BIOL-PRAGUE,0015-5500,0015-5500,1.8,1.3,Q3,55/106,Q3,Q3,0.26,48.6,23.0,494.0,BIOLOGY; ONCOLOGY,BIOLOGY(JIF Q3/JCI Q3) | ONCOLOGY(JIF Q4/JCI Q4),"CHARLES UNIV PRAGUE, FIRST FACULTY MEDICINE",其他,是,SCIE,需核实,请查期刊官网 Author / Open Access 页面,未知,,https://www.google.com/search?q=FOLIA+BIOLOGICA+aims+scope+instructions+for+authors+APC
1443,4-Q3,0,Asian Journal of Social Health and Behavior,ASIAN J SOC HEAL BEH,,2772-4204,1.7,,Q3,109/222,Q1,Q1,1.06,35.3,23.0,249.0,"PSYCHIATRY; PUBLIC, ENVIRONMENTAL & OCCUPATIONAL HEALTH","PSYCHIATRY(JIF Q3/JCI Q1) | PUBLIC, ENVIRONMENTAL & OCCUPATIONAL HEALTH(JIF Q3/JCI Q1)",WOLTERS KLUWER MEDKNOW PUBLICATIONS,Wolters Kluwer/LWW,否,ESCI,混合为主,"订阅路线通常无APC；OA常见 USD 2,000-4,000；MEDICINE已拉黑",中,https://wkauthorservices.editage.com/open-access/,https://www.google.com/search?q=Asian+Journal+of+Social+Health+and+Behavior+aims+scope+instructions+for+authors+APC
1444,4-Q3,0,Journal of Intellectual Disabilities,J INTELLECT DISABILI,1744-6295,1744-6309,1.4,2.0,Q3,38/62,Q2,Q2,0.93,36.9,23.0,1365.0,REHABILITATION,REHABILITATION(JIF Q3/JCI Q2),SAGE PUBLICATIONS LTD,SAGE,否,SSCI,混合为主,"订阅路线通常无APC；SAGE Choice常见 USD 2,000-4,000",中,https://us.sagepub.com/en-us/nam/sage-choice,https://www.google.com/search?q=Journal+of+Intellectual+Disabilities+aims+scope+instructions+for+authors+APC
1445,4-Q3,0,SCANDINAVIAN CARDIOVASCULAR JOURNAL,SCAND CARDIOVASC J,1401-7431,1651-2006,1.4,1.6,Q3,172/237,Q3,Q3,0.35,27.6,23.0,1070.0,CARDIAC & CARDIOVASCULAR SYSTEMS,CARDIAC & CARDIOVASCULAR SYSTEMS(JIF Q3/JCI Q3),TAYLOR & FRANCIS LTD,Taylor & Francis,是,SCIE,混合为主,"订阅路线通常无APC；Open Select常见 USD 2,500-3,500",中,https://authorservices.taylorandfrancis.com/publishing-open-access/,https://www.google.com/search?q=SCANDINAVIAN+CARDIOVASCULAR+JOURNAL+aims+scope+instructions+for+authors+APC
1446,4-Q3,0,Journal of Public Health and Emergency,J PUBLIC HLTH EMERG,,2520-0054,1.4,,Q3,33/55,Q4,Q4,0.24,40.9,23.0,208.0,"EMERGENCY MEDICINE; PUBLIC, ENVIRONMENTAL & OCCUPATIONAL HEALTH","EMERGENCY MEDICINE(JIF Q3/JCI Q4) | PUBLIC, ENVIRONMENTAL & OCCUPATIONAL HEALTH(JIF Q4/JCI Q4)",AME PUBLISHING COMPANY,其他,否,ESCI,需核实,请查期刊官网 Author / Open Access 页面,未知,,https://www.google.com/search?q=Journal+of+Public+Health+and+Emergency+aims+scope+instructions+for+authors+APC
1447,4-Q3,0,International Journal of Nursing Knowledge,INT J NURS KNOWL,2047-3087,2047-3095,1.3,1.8,Q3,132/194,Q3,Q3,0.54,32.2,23.0,667.0,NURSING,NURSING(JIF Q3/JCI Q3),SAGE PUBLICATIONS INC,SAGE,是,"SCIE, SSCI",混合为主,"订阅路线通常无APC；SAGE Choice常见 USD 2,000-4,000",中,https://us.sagepub.com/en-us/nam/sage-choice,https://www.google.com/search?q=International+Journal+of+Nursing+Knowledge+aims+scope+instructions+for+authors+APC
1448,4-Q3,0,Minerva Surgery,MINERVA SURG,2724-5691,2724-5438,1.3,1.1,Q3,210/321,Q3,Q3,0.39,34.7,23.0,294.0,SURGERY,SURGERY(JIF Q3/JCI Q3),EDIZIONI MINERVA MEDICA,其他,是,SCIE,需核实,请查期刊官网 Author / Open Access 页面,未知,,https://www.google.com/search?q=Minerva+Surgery+aims+scope+instructions+for+authors+APC
1449,4-Q3,0,Journal of Neurosurgical Sciences,J NEUROSURG SCI,0390-5616,1827-1855,1.2,1.2,Q3,219/321,Q3,Q3,0.55,31.9,23.0,1132.0,CLINICAL NEUROLOGY; SURGERY,CLINICAL NEUROLOGY(JIF Q4/JCI Q3) | SURGERY(JIF Q3/JCI Q3),EDIZIONI MINERVA MEDICA,其他,是,SCIE,需核实,请查期刊官网 Author / Open Access 页面,未知,,https://www.google.com/search?q=Journal+of+Neurosurgical+Sciences+aims+scope+instructions+for+authors+APC
1450,4-Q3,0,AME Medical Journal,AME MED J,,2520-0518,0.8,,Q3,205/336,Q3,Q3,0.15,39.1,23.0,293.0,"MEDICINE, GENERAL & INTERNAL","MEDICINE, GENERAL & INTERNAL(JIF Q3/JCI Q3)",AME PUBLISHING COMPANY,其他,否,ESCI,需核实,请查期刊官网 Author / Open Access 页面,未知,,https://www.google.com/search?q=AME+Medical+Journal+aims+scope+instructions+for+authors+APC
1451,4-Q3,0,GLYCOCONJUGATE JOURNAL,GLYCOCONJUGATE J,0282-0080,1573-4986,3.0,3.2,Q3,201/328,Q3,Q3,0.48,38.9,22.0,2787.0,BIOCHEMISTRY & MOLECULAR BIOLOGY,BIOCHEMISTRY & MOLECULAR BIOLOGY(JIF Q3/JCI Q3),SPRINGER,Springer,是,SCIE,混合为主,"订阅路线通常无APC；选OA约 USD 2,790-4,290",中,https://www.springer.com/gp/open-access,https://www.google.com/search?q=GLYCOCONJUGATE+JOURNAL+aims+scope+instructions+for+authors+APC
1452,4-Q3,0,Journal of Structural Biology-X,J STRUCT BIOL-X,,2590-1524,2.9,3.9,Q3,35/81,Q2,Q1,0.89,37.0,22.0,419.0,BIOCHEMISTRY & MOLECULAR BIOLOGY; CELL BIOLOGY,BIOCHEMISTRY & MOLECULAR BIOLOGY(JIF Q3/JCI Q2) | CELL BIOLOGY(JIF Q3/JCI Q2),ELSEVIER,Elsevier,否,ESCI,混合为主,"订阅路线通常无APC；Gold OA常见 USD 2,200-4,200",中,https://www.elsevier.com/open-access/agreements,https://www.google.com/search?q=Journal+of+Structural+Biology-X+aims+scope+instructions+for+authors+APC
1453,4-Q3,0,JVS-Vascular Science,JVS-VASCULAR SCI,,2666-3503,2.3,2.8,Q3,56/100,Q3,Q3,0.48,44.5,22.0,364.0,PERIPHERAL VASCULAR DISEASE,PERIPHERAL VASCULAR DISEASE(JIF Q3/JCI Q3),ELSEVIER,Elsevier,否,ESCI,混合为主,"订阅路线通常无APC；Gold OA常见 USD 2,200-4,200",中,https://www.elsevier.com/open-access/agreements,https://www.google.com/search?q=JVS-Vascular+Science+aims+scope+instructions+for+authors+APC
1454,4-Q3,0,International Journal of Biomedical Imaging,INT J BIOMED IMAGING,1687-4188,1687-4196,2.3,2.6,Q3,86/130,Q3,Q3,0.43,34.2,22.0,806.0,"ENGINEERING, BIOMEDICAL","ENGINEERING, BIOMEDICAL(JIF Q3/JCI Q3)",WILEY,Wiley,否,ESCI,混合为主,"订阅路线通常无APC；OnlineOpen常见 USD 3,200-4,700",中,https://authorservices.wiley.com/author-resources/Journal-Authors/open-access/article-publication-charges.html,https://www.google.com/search?q=International+Journal+of+Biomedical+Imaging+aims+scope+instructions+for+authors+APC
1455,4-Q3,0,Translational Neuroscience,TRANSL NEUROSCI,2081-3856,2081-6936,2.2,2.3,Q3,241/330,Q4,Q4,0.46,27.1,22.0,997.0,NEUROSCIENCES,NEUROSCIENCES(JIF Q3/JCI Q4),DE GRUYTER POLAND SP Z O O,De Gruyter,是,SCIE,混合/OA,因刊而异,中,https://www.degruyter.com/publishing/publications/openaccess,https://www.google.com/search?q=Translational+Neuroscience+aims+scope+instructions+for+authors+APC
1456,4-Q3,0,Cancer Informatics,CANCER INFORM,,1176-9351,2.1,2.3,Q3,38/67,Q3,Q3,0.49,44.0,22.0,812.0,MATHEMATICAL & COMPUTATIONAL BIOLOGY; ONCOLOGY,MATHEMATICAL & COMPUTATIONAL BIOLOGY(JIF Q3/JCI Q3) | ONCOLOGY(JIF Q3/JCI Q3),SAGE PUBLICATIONS LTD,SAGE,否,ESCI,混合为主,"订阅路线通常无APC；SAGE Choice常见 USD 2,000-4,000",中,https://us.sagepub.com/en-us/nam/sage-choice,https://www.google.com/search?q=Cancer+Informatics+aims+scope+instructions+for+authors+APC
1457,4-Q3,0,JOURNAL OF PSYCHOTHERAPY INTEGRATION,J PSYCHOTHER INTEGR,1053-0479,1573-3696,1.9,2.4,Q3,95/184,Q3,Q3,0.69,48.6,22.0,1185.0,"PSYCHOLOGY, CLINICAL","PSYCHOLOGY, CLINICAL(JIF Q3/JCI Q3)",EDUCATIONAL PUBLISHING FOUNDATION-AMERICAN PSYCHOLOGICAL ASSOC,其他,否,ESCI,需核实,请查期刊官网 Author / Open Access 页面,未知,,https://www.google.com/search?q=JOURNAL+OF+PSYCHOTHERAPY+INTEGRATION+aims+scope+instructions+for+authors+APC
1458,4-Q3,0,Biomarker Insights,BIOMARK INSIGHTS,1177-2719,1177-2719,1.9,3.5,Q3,129/191,Q3,Q3,0.47,32.7,22.0,1114.0,"MEDICINE, RESEARCH & EXPERIMENTAL","MEDICINE, RESEARCH & EXPERIMENTAL(JIF Q3/JCI Q3)",SAGE PUBLICATIONS LTD,SAGE,否,ESCI,混合为主,"订阅路线通常无APC；SAGE Choice常见 USD 2,000-4,000",中,https://us.sagepub.com/en-us/nam/sage-choice,https://www.google.com/search?q=Biomarker+Insights+aims+scope+instructions+for+authors+APC
1459,4-Q3,0,Turkish Journal of Orthodontics,TURK J ORTHOD,,2148-9505,1.8,1.6,Q3,89/165,Q3,Q3,0.52,46.4,22.0,496.0,"DENTISTRY, ORAL SURGERY & MEDICINE","DENTISTRY, ORAL SURGERY & MEDICINE(JIF Q3/JCI Q3)",GALENOS PUBL HOUSE,其他,否,ESCI,需核实,请查期刊官网 Author / Open Access 页面,未知,,https://www.google.com/search?q=Turkish+Journal+of+Orthodontics+aims+scope+instructions+for+authors+APC
1460,4-Q3,0,International Journal of Art Therapy,INT J ART THER,1745-4832,1745-4840,1.6,1.9,Q3,95/175,Q3,Q3,0.68,46.0,22.0,428.0,"PSYCHOLOGY, CLINICAL; REHABILITATION","PSYCHOLOGY, CLINICAL(JIF Q3/JCI Q3) | REHABILITATION(JIF Q3/JCI Q3)",TAYLOR & FRANCIS LTD,Taylor & Francis,否,ESCI,混合为主,"订阅路线通常无APC；Open Select常见 USD 2,500-3,500",中,https://authorservices.taylorandfrancis.com/publishing-open-access/,https://www.google.com/search?q=International+Journal+of+Art+Therapy+aims+scope+instructions+for+authors+APC
1461,4-Q3,0,Algorithms for Molecular Biology,ALGORITHM MOL BIOL,,1748-7188,1.6,1.4,Q3,50/67,Q3,Q3,0.52,26.1,22.0,961.0,BIOTECHNOLOGY & APPLIED MICROBIOLOGY; MATHEMATICAL & COMPUTATIONAL BIOLOGY,BIOTECHNOLOGY & APPLIED MICROBIOLOGY(JIF Q4/JCI Q3) | MATHEMATICAL & COMPUTATIONAL BIOLOGY(JIF Q3/JCI Q3),BMC,BMC,是,SCIE,全OA,"约 USD 1,990-2,890（旗舰刊更高）",高,https://www.biomedcentral.com/getpublished/article-processing-charges,https://www.google.com/search?q=Algorithms+for+Molecular+Biology+aims+scope+instructions+for+authors+APC
1462,4-Q3,0,Traditional & Kampo Medicine,TRADIT KAMPO MED,,2053-4515,1.6,1.2,Q3,30/48,Q3,Q3,0.31,38.5,22.0,212.0,INTEGRATIVE & COMPLEMENTARY MEDICINE; PHARMACOLOGY & PHARMACY,INTEGRATIVE & COMPLEMENTARY MEDICINE(JIF Q3/JCI Q3) | PHARMACOLOGY & PHARMACY(JIF Q4/JCI Q4),WILEY,Wiley,否,ESCI,混合为主,"订阅路线通常无APC；OnlineOpen常见 USD 3,200-4,700",中,https://authorservices.wiley.com/author-resources/Journal-Authors/open-access/article-publication-charges.html,https://www.google.com/search?q=Traditional+&+Kampo+Medicine+aims+scope+instructions+for+authors+APC
1463,4-Q3,0,Artery Research,ARTERY RES,1872-9312,1876-4401,1.6,1.0,Q3,73/100,Q4,Q4,0.3,27.5,22.0,341.0,PERIPHERAL VASCULAR DISEASE,PERIPHERAL VASCULAR DISEASE(JIF Q3/JCI Q4),BMC,BMC,是,SCIE,全OA,"约 USD 1,990-2,890（旗舰刊更高）",高,https://www.biomedcentral.com/getpublished/article-processing-charges,https://www.google.com/search?q=Artery+Research+aims+scope+instructions+for+authors+APC
1464,4-Q3,0,Journal for the Measurement of Physical Behaviour,J MEAS PHYS BEHAV,2575-6605,2575-6613,1.5,,Q3,91/136,Q3,Q3,0.63,33.5,22.0,647.0,SPORT SCIENCES,SPORT SCIENCES(JIF Q3/JCI Q3),HUMAN KINETICS PUBL INC,其他,否,ESCI,需核实,请查期刊官网 Author / Open Access 页面,未知,,https://www.google.com/search?q=Journal+for+the+Measurement+of+Physical+Behaviour+aims+scope+instructions+for+authors+APC
1465,4-Q3,0,South African Journal of Physiotherapy,SOUTH AFR J PHYSIOTH,0379-6175,2410-8219,1.3,1.6,Q3,121/175,Q3,Q3,0.54,31.1,22.0,536.0,REHABILITATION,REHABILITATION(JIF Q3/JCI Q3),AOSIS,其他,否,ESCI,需核实,请查期刊官网 Author / Open Access 页面,未知,,https://www.google.com/search?q=South+African+Journal+of+Physiotherapy+aims+scope+instructions+for+authors+APC
1466,4-Q3,0,Behavioral Psychology-Psicologia Conductual,BEHAV PSYCHOL,1132-9483,3045-591X,1.3,1.3,Q3,131/184,Q4,Q4,0.39,29.1,22.0,590.0,"PSYCHOLOGY, CLINICAL","PSYCHOLOGY, CLINICAL(JIF Q3/JCI Q4)",IMR PRESS,其他,否,SSCI,需核实,请查期刊官网 Author / Open Access 页面,未知,,https://www.google.com/search?q=Behavioral+Psychology-Psicologia+Conductual+aims+scope+instructions+for+authors+APC
1467,4-Q3,0,Journal of Postgraduate Medicine,J POSTGRAD MED,0022-3859,0972-2823,1.1,1.5,Q3,180/336,Q3,Q3,0.3,46.6,22.0,1375.0,"MEDICINE, GENERAL & INTERNAL","MEDICINE, GENERAL & INTERNAL(JIF Q3/JCI Q3)",WOLTERS KLUWER MEDKNOW PUBLICATIONS,Wolters Kluwer/LWW,是,SCIE,混合为主,"订阅路线通常无APC；OA常见 USD 2,000-4,000；MEDICINE已拉黑",中,https://wkauthorservices.editage.com/open-access/,https://www.google.com/search?q=Journal+of+Postgraduate+Medicine+aims+scope+instructions+for+authors+APC
1468,4-Q3,0,Canadian Journal of Rural Medicine,CAN J RURAL MED,1203-7796,1488-237X,0.8,1.2,Q3,205/336,Q3,Q3,0.29,39.1,22.0,297.0,"MEDICINE, GENERAL & INTERNAL","MEDICINE, GENERAL & INTERNAL(JIF Q3/JCI Q3)",WOLTERS KLUWER MEDKNOW PUBLICATIONS,Wolters Kluwer/LWW,否,ESCI,混合为主,"订阅路线通常无APC；OA常见 USD 2,000-4,000；MEDICINE已拉黑",中,https://wkauthorservices.editage.com/open-access/,https://www.google.com/search?q=Canadian+Journal+of+Rural+Medicine+aims+scope+instructions+for+authors+APC
1469,4-Q3,0,Archive of Clinical Cases,ARCH CLIN CASES,,2360-6975,0.7,,Q3,215/336,Q3,Q3,0.19,36.2,22.0,128.0,"MEDICINE, GENERAL & INTERNAL","MEDICINE, GENERAL & INTERNAL(JIF Q3/JCI Q3)",GRIGORE T POPA UNIV MEDICINE AND PHARMACY IASI,其他,否,ESCI,需核实,请查期刊官网 Author / Open Access 页面,未知,,https://www.google.com/search?q=Archive+of+Clinical+Cases+aims+scope+instructions+for+authors+APC
1470,4-Q3,0,Experimental Neurobiology,EXP NEUROBIOL,1226-2560,2093-8144,2.4,2.4,Q3,117/191,Q3,Q3,0.45,39.0,21.0,1497.0,"MEDICINE, RESEARCH & EXPERIMENTAL; NEUROSCIENCES","MEDICINE, RESEARCH & EXPERIMENTAL(JIF Q3/JCI Q3) | NEUROSCIENCES(JIF Q3/JCI Q4)","KOREAN SOC BRAIN & NEURAL SCIENCE, KOREAN SOC NEURODEGENERATIVE DISEASE",其他,是,SCIE,需核实,请查期刊官网 Author / Open Access 页面,未知,,https://www.google.com/search?q=Experimental+Neurobiology+aims+scope+instructions+for+authors+APC
1471,4-Q3,0,YEAST,YEAST,0749-503X,1097-0061,2.2,2.4,Q3,23/33,Q3,Q3,0.46,29.7,21.0,3761.0,BIOCHEMISTRY & MOLECULAR BIOLOGY; BIOTECHNOLOGY & APPLIED MICROBIOLOGY; MICROBIOLOGY,BIOCHEMISTRY & MOLECULAR BIOLOGY(JIF Q4/JCI Q4) | BIOTECHNOLOGY & APPLIED MICROBIOLOGY(JIF Q3/JCI Q3) | MICROBIOLOGY(JIF Q4/JCI Q4),WILEY,Wiley,是,SCIE,混合为主,"订阅路线通常无APC；OnlineOpen常见 USD 3,200-4,700",中,https://authorservices.wiley.com/author-resources/Journal-Authors/open-access/article-publication-charges.html,https://www.google.com/search?q=YEAST+aims+scope+instructions+for+authors+APC
1472,4-Q3,0,BLOOD CELLS MOLECULES AND DISEASES,BLOOD CELL MOL DIS,1079-9796,1096-0961,2.1,2.0,Q3,61/103,Q3,Q3,0.51,41.3,21.0,2661.0,HEMATOLOGY,HEMATOLOGY(JIF Q3/JCI Q3),ACADEMIC PRESS INC ELSEVIER SCIENCE,Elsevier,是,SCIE,混合为主,"订阅路线通常无APC；Gold OA常见 USD 2,200-4,200",中,https://www.elsevier.com/open-access/agreements,https://www.google.com/search?q=BLOOD+CELLS+MOLECULES+AND+DISEASES+aims+scope+instructions+for+authors+APC
1473,4-Q3,0,Genes and Environment,GENES ENVIRON,1880-7046,1880-7062,2.0,2.5,Q3,131/192,Q3,Q3,0.46,32.0,21.0,730.0,GENETICS & HEREDITY; TOXICOLOGY,GENETICS & HEREDITY(JIF Q3/JCI Q3) | TOXICOLOGY(JIF Q4/JCI Q4),BMC,BMC,是,SCIE,全OA,"约 USD 1,990-2,890（旗舰刊更高）",高,https://www.biomedcentral.com/getpublished/article-processing-charges,https://www.google.com/search?q=Genes+and+Environment+aims+scope+instructions+for+authors+APC
1474,4-Q3,0,American Journal of Health Economics,AM J HEALTH ECON,2332-3493,2332-3507,1.9,3.0,Q3,254/626,Q3,Q2,0.73,32.4,21.0,526.0,HEALTH POLICY & SERVICES,HEALTH POLICY & SERVICES(JIF Q3/JCI Q3),UNIV CHICAGO PRESS,其他,否,SSCI,需核实,请查期刊官网 Author / Open Access 页面,未知,,https://www.google.com/search?q=American+Journal+of+Health+Economics+aims+scope+instructions+for+authors+APC
1475,4-Q3,0,BJPsych International,BJPSYCH INT,2056-4740,2058-6264,1.9,,Q3,187/293,Q3,Q3,0.58,36.3,21.0,651.0,PSYCHIATRY,PSYCHIATRY(JIF Q3/JCI Q3),CAMBRIDGE UNIV PRESS,Cambridge UP,否,ESCI,混合为主,订阅路线通常无APC；Gold OA因刊而异,中,https://www.cambridge.org/core/open-research/open-access,https://www.google.com/search?q=BJPsych+International+aims+scope+instructions+for+authors+APC
1476,4-Q3,0,GERMS,GERMS,2248-2997,2248-2997,1.8,2.2,Q3,105/141,Q4,Q4,0.32,25.9,21.0,656.0,INFECTIOUS DISEASES,INFECTIOUS DISEASES(JIF Q3/JCI Q4),MDPI,MDPI,否,ESCI,全OA,"约 CHF 1,600-2,900（如 JCM=CHF 2,600）",高,https://www.mdpi.com/about/apc,https://www.google.com/search?q=GERMS+aims+scope+instructions+for+authors+APC
1477,4-Q3,0,CONGENITAL ANOMALIES,CONGENIT ANOM,0914-3505,1741-4520,1.6,1.4,Q3,101/190,Q3,Q3,0.64,47.1,21.0,721.0,PEDIATRICS,PEDIATRICS(JIF Q3/JCI Q3),WILEY,Wiley,是,SCIE,混合为主,"订阅路线通常无APC；OnlineOpen常见 USD 3,200-4,700",中,https://authorservices.wiley.com/author-resources/Journal-Authors/open-access/article-publication-charges.html,https://www.google.com/search?q=CONGENITAL+ANOMALIES+aims+scope+instructions+for+authors+APC
1478,4-Q3,0,Psychoanalytic Study of the Child,PSYCHOANAL STUD CHIL,0079-7308,2474-3356,1.5,0.9,Q3,2/24,Q2,Q1,0.94,25.4,21.0,599.0,PSYCHIATRY,PSYCHIATRY(JIF Q3/JCI Q2),"ROUTLEDGE JOURNALS, TAYLOR & FRANCIS LTD",Taylor & Francis,否,SSCI,混合为主,"订阅路线通常无APC；Open Select常见 USD 2,500-3,500",中,https://authorservices.taylorandfrancis.com/publishing-open-access/,https://www.google.com/search?q=Psychoanalytic+Study+of+the+Child+aims+scope+instructions+for+authors+APC
1479,4-Q3,0,Journal of Oral Science,J ORAL SCI,1343-4934,1880-4926,1.4,1.8,Q3,113/165,Q3,Q3,0.45,31.8,21.0,2147.0,"DENTISTRY, ORAL SURGERY & MEDICINE; MATERIALS SCIENCE, BIOMATERIALS","DENTISTRY, ORAL SURGERY & MEDICINE(JIF Q3/JCI Q3) | MATERIALS SCIENCE, BIOMATERIALS(JIF Q4/JCI Q3)","NIHON UNIV, SCHOOL DENTISTRY",其他,是,SCIE,需核实,请查期刊官网 Author / Open Access 页面,未知,,https://www.google.com/search?q=Journal+of+Oral+Science+aims+scope+instructions+for+authors+APC
1480,4-Q3,0,Urology Research and Practice,UROL RES PRACT,,2980-1478,1.4,1.4,Q3,93/134,Q4,Q4,0.35,31.0,21.0,153.0,UROLOGY & NEPHROLOGY,UROLOGY & NEPHROLOGY(JIF Q3/JCI Q4),AVES,其他,否,ESCI,需核实,请查期刊官网 Author / Open Access 页面,未知,,https://www.google.com/search?q=Urology+Research+and+Practice+aims+scope+instructions+for+authors+APC
1481,4-Q3,0,Infants & Young Children,INFANT YOUNG CHILD,0896-3746,1550-5081,1.3,1.6,Q3,41/62,Q3,Q3,0.69,31.1,21.0,908.0,REHABILITATION,REHABILITATION(JIF Q3/JCI Q3),LIPPINCOTT WILLIAMS & WILKINS,Wolters Kluwer/LWW,否,SSCI,混合为主,"订阅路线通常无APC；OA常见 USD 2,000-4,000；MEDICINE已拉黑",中,https://wkauthorservices.editage.com/open-access/,https://www.google.com/search?q=Infants+&+Young+Children+aims+scope+instructions+for+authors+APC
1482,4-Q3,0,Nordic Journal of Music Therapy,NORD J MUSIC THER,0809-8131,1944-8260,1.3,1.7,Q3,121/175,Q3,Q3,0.61,31.1,21.0,557.0,REHABILITATION,REHABILITATION(JIF Q3/JCI Q3),GRIEG ACADEMY,其他,否,SSCI,需核实,请查期刊官网 Author / Open Access 页面,未知,,https://www.google.com/search?q=Nordic+Journal+of+Music+Therapy+aims+scope+instructions+for+authors+APC
1483,4-Q3,0,Developmental Neurorehabilitation,DEV NEUROREHABIL,1751-8423,1751-8431,1.3,1.6,Q3,118/190,Q3,Q3,0.47,38.2,21.0,1483.0,CLINICAL NEUROLOGY; PEDIATRICS; REHABILITATION,CLINICAL NEUROLOGY(JIF Q4/JCI Q3) | PEDIATRICS(JIF Q3/JCI Q3) | REHABILITATION(JIF Q3/JCI Q4),TAYLOR & FRANCIS INC,Taylor & Francis,是,SCIE,混合为主,"订阅路线通常无APC；Open Select常见 USD 2,500-3,500",中,https://authorservices.taylorandfrancis.com/publishing-open-access/,https://www.google.com/search?q=Developmental+Neurorehabilitation+aims+scope+instructions+for+authors+APC
1484,4-Q3,0,Innovative Surgical Sciences,INNOV SURG SCI,2364-7485,2364-7485,1.3,1.4,Q3,210/321,Q3,Q3,0.44,34.7,21.0,375.0,SURGERY,SURGERY(JIF Q3/JCI Q3),WALTER DE GRUYTER GMBH,De Gruyter,否,ESCI,混合/OA,因刊而异,中,https://www.degruyter.com/publishing/publications/openaccess,https://www.google.com/search?q=Innovative+Surgical+Sciences+aims+scope+instructions+for+authors+APC
1485,4-Q3,0,PEDIATRIC NEUROSURGERY,PEDIATR NEUROSURG,1016-2291,1423-0305,1.3,1.0,Q3,118/190,Q3,Q3,0.4,38.2,21.0,1703.0,CLINICAL NEUROLOGY; PEDIATRICS; SURGERY,CLINICAL NEUROLOGY(JIF Q4/JCI Q4) | PEDIATRICS(JIF Q3/JCI Q3) | SURGERY(JIF Q3/JCI Q3),KARGER,Karger,是,SCIE,混合/OA,"因刊而异，常见 USD 2,500-3,800",中,https://karger.com/pages/Open-Access,https://www.google.com/search?q=PEDIATRIC+NEUROSURGERY+aims+scope+instructions+for+authors+APC
1486,4-Q3,0,Progress in Transplantation,PROG TRANSPLANT,1526-9248,2164-6708,1.1,1.1,Q3,227/321,Q3,Q3,0.39,29.4,21.0,983.0,SURGERY; TRANSPLANTATION,SURGERY(JIF Q3/JCI Q3) | TRANSPLANTATION(JIF Q4/JCI Q4),SAGE PUBLICATIONS INC,SAGE,是,SCIE,混合为主,"订阅路线通常无APC；SAGE Choice常见 USD 2,000-4,000",中,https://us.sagepub.com/en-us/nam/sage-choice,https://www.google.com/search?q=Progress+in+Transplantation+aims+scope+instructions+for+authors+APC
1487,4-Q3,0,International Journal of Burns and Trauma,INT J BURNS TRAUMA,2160-2026,2160-2026,1.0,1.4,Q3,39/55,Q3,Q3,0.46,30.0,21.0,459.0,EMERGENCY MEDICINE,EMERGENCY MEDICINE(JIF Q3/JCI Q3),E-CENTURY PUBLISHING CORP,其他,否,ESCI,需核实,请查期刊官网 Author / Open Access 页面,未知,,https://www.google.com/search?q=International+Journal+of+Burns+and+Trauma+aims+scope+instructions+for+authors+APC
1488,4-Q3,0,International Journal of Astrobiology,INT J ASTROBIOL,1473-5504,1475-3006,1.0,1.4,Q3,75/106,Q4,Q3,0.23,29.7,21.0,848.0,BIOLOGY,BIOLOGY(JIF Q3/JCI Q4),CAMBRIDGE UNIV PRESS,Cambridge UP,是,SCIE,混合为主,订阅路线通常无APC；Gold OA因刊而异,中,https://www.cambridge.org/core/open-research/open-access,https://www.google.com/search?q=International+Journal+of+Astrobiology+aims+scope+instructions+for+authors+APC
1489,4-Q3,0,Scientia Medica,SCI MED,1806-5562,1980-6108,0.8,0.6,Q3,205/336,Q3,Q3,0.17,39.1,21.0,165.0,"MEDICINE, GENERAL & INTERNAL","MEDICINE, GENERAL & INTERNAL(JIF Q3/JCI Q3)",EDITORA PUCRS,其他,否,ESCI,需核实,请查期刊官网 Author / Open Access 页面,未知,,https://www.google.com/search?q=Scientia+Medica+aims+scope+instructions+for+authors+APC
1490,4-Q3,0,Galician Medical Journal,GALICIAN MED J,2306-4285,2414-1518,0.5,0.3,Q3,241/336,Q3,Q3,0.12,28.4,21.0,70.0,"MEDICINE, GENERAL & INTERNAL","MEDICINE, GENERAL & INTERNAL(JIF Q3/JCI Q3)",IVANO-FRANKIVSK NATL MEDICAL UNIV,其他,否,ESCI,需核实,请查期刊官网 Author / Open Access 页面,未知,,https://www.google.com/search?q=Galician+Medical+Journal+aims+scope+instructions+for+authors+APC
1491,4-Q3,0,Journal of Academic Research in Medicine-JAREM,J ACAD RES MED,2146-6505,2147-1894,0.5,0.4,Q3,241/336,Q4,Q4,0.09,28.4,21.0,93.0,"MEDICINE, GENERAL & INTERNAL","MEDICINE, GENERAL & INTERNAL(JIF Q3/JCI Q4)",GALENOS PUBL HOUSE,其他,否,ESCI,需核实,请查期刊官网 Author / Open Access 页面,未知,,https://www.google.com/search?q=Journal+of+Academic+Research+in+Medicine-JAREM+aims+scope+instructions+for+authors+APC
1492,4-Q3,0,Frontiers in Neuroergonomics,FRONT NEUROERGONOM,,2673-6195,3.1,3.2,Q3,9/24,Q3,Q3,0.59,48.0,20.0,457.0,NEUROSCIENCES,NEUROSCIENCES(JIF Q3/JCI Q3),FRONTIERS MEDIA SA,Frontiers,否,ESCI,全OA,"约 CHF 1,495-3,150（Frontiers in Medicine A类=CHF 3,150）",高,https://www.frontiersin.org/about/fee-policy,https://www.google.com/search?q=Frontiers+in+Neuroergonomics+aims+scope+instructions+for+authors+APC
1493,4-Q3,0,DARU-Journal of Pharmaceutical Sciences,DARU,,2008-2231,2.8,3.4,Q3,181/356,Q3,Q3,0.6,49.3,20.0,2214.0,PHARMACOLOGY & PHARMACY,PHARMACOLOGY & PHARMACY(JIF Q3/JCI Q3),SPRINGER INT PUBL AG,Springer,是,SCIE,混合为主,"订阅路线通常无APC；选OA约 USD 2,790-4,290",中,https://www.springer.com/gp/open-access,https://www.google.com/search?q=DARU-Journal+of+Pharmaceutical+Sciences+aims+scope+instructions+for+authors+APC
1494,4-Q3,0,Frontiers in Dementia,FRONT DEMENT,,2813-3919,2.7,2.6,Q3,150/296,Q3,Q3,0.5,49.5,20.0,237.0,CLINICAL NEUROLOGY; NEUROSCIENCES,CLINICAL NEUROLOGY(JIF Q3/JCI Q3) | NEUROSCIENCES(JIF Q3/JCI Q4),FRONTIERS MEDIA SA,Frontiers,否,ESCI,全OA,"约 CHF 1,495-3,150（Frontiers in Medicine A类=CHF 3,150）",高,https://www.frontiersin.org/about/fee-policy,https://www.google.com/search?q=Frontiers+in+Dementia+aims+scope+instructions+for+authors+APC
1495,4-Q3,0,JOURNAL OF MEMBRANE BIOLOGY,J MEMBRANE BIOL,0022-2631,1432-1424,2.6,2.7,Q3,43/89,Q3,Q3,0.57,31.9,20.0,3143.0,BIOCHEMISTRY & MOLECULAR BIOLOGY; CELL BIOLOGY,BIOCHEMISTRY & MOLECULAR BIOLOGY(JIF Q3/JCI Q3) | CELL BIOLOGY(JIF Q3/JCI Q3),SPRINGER,Springer,是,SCIE,混合为主,"订阅路线通常无APC；选OA约 USD 2,790-4,290",中,https://www.springer.com/gp/open-access,https://www.google.com/search?q=JOURNAL+OF+MEMBRANE+BIOLOGY+aims+scope+instructions+for+authors+APC
1496,4-Q3,0,FOOD AND NUTRITION BULLETIN,FOOD NUTR BULL,0379-5721,1564-8265,2.3,3.4,Q3,76/114,Q3,Q3,0.41,33.8,20.0,3232.0,NUTRITION & DIETETICS,NUTRITION & DIETETICS(JIF Q3/JCI Q3),SAGE PUBLICATIONS INC,SAGE,是,SCIE,混合为主,"订阅路线通常无APC；SAGE Choice常见 USD 2,000-4,000",中,https://us.sagepub.com/en-us/nam/sage-choice,https://www.google.com/search?q=FOOD+AND+NUTRITION+BULLETIN+aims+scope+instructions+for+authors+APC
1497,4-Q3,0,Archives of Budo-Journal of Innovative Agonology,ARCH BUDO,1643-8698,1643-8698,2.0,1.4,Q3,70/136,Q2,Q2,0.8,48.9,20.0,498.0,SPORT SCIENCES,SPORT SCIENCES(JIF Q3/JCI Q2),Archives of Budo Bartlomiej Barczynski,其他,是,SCIE,需核实,请查期刊官网 Author / Open Access 页面,未知,,https://www.google.com/search?q=Archives+of+Budo-Journal+of+Innovative+Agonology+aims+scope+instructions+for+authors+APC
1498,4-Q3,0,Journal of the Korean Academy of Child and Adolescent Psychiatry,J KOR ACAD CHILD ADO,1225-729X,2233-9183,2.0,2.0,Q3,181/293,Q3,Q3,0.55,38.4,20.0,428.0,PSYCHIATRY,PSYCHIATRY(JIF Q3/JCI Q3),KOREAN ACAD CHILD & ADOLESCENT PSYCHIATRY,其他,否,ESCI,需核实,请查期刊官网 Author / Open Access 页面,未知,,https://www.google.com/search?q=Journal+of+the+Korean+Academy+of+Child+and+Adolescent+Psychiatry+aims+scope+instructions+for+authors+APC
1499,4-Q3,0,Korean Journal of Neurotrauma,KOREAN J NEUROTRAUMA,2234-8999,2288-2243,1.9,,Q3,201/296,Q2,Q2,0.99,32.3,20.0,505.0,CLINICAL NEUROLOGY,CLINICAL NEUROLOGY(JIF Q3/JCI Q2),Korean Neurotraumatology Soc,其他,否,ESCI,需核实,请查期刊官网 Author / Open Access 页面,未知,,https://www.google.com/search?q=Korean+Journal+of+Neurotrauma+aims+scope+instructions+for+authors+APC
1500,4-Q3,0,HEALTH RISK & SOCIETY,HEALTH RISK SOC,1369-8575,1469-8331,1.9,1.8,Q3,27/48,Q3,Q3,0.56,44.8,20.0,983.0,"PUBLIC, ENVIRONMENTAL & OCCUPATIONAL HEALTH; SOCIAL SCIENCES, BIOMEDICAL","PUBLIC, ENVIRONMENTAL & OCCUPATIONAL HEALTH(JIF Q3/JCI Q3) | SOCIAL SCIENCES, BIOMEDICAL(JIF Q3/JCI Q3)","ROUTLEDGE JOURNALS, TAYLOR & FRANCIS LTD",Taylor & Francis,否,SSCI,混合为主,"订阅路线通常无APC；Open Select常见 USD 2,500-3,500",中,https://authorservices.taylorandfrancis.com/publishing-open-access/,https://www.google.com/search?q=HEALTH+RISK+&+SOCIETY+aims+scope+instructions+for+authors+APC
1501,4-Q3,0,Journal of Psychopathology,J PSYCHOPATHOL,1592-1107,2499-6904,1.9,1.2,Q3,187/293,Q4,Q4,0.29,36.3,20.0,390.0,PSYCHIATRY,PSYCHIATRY(JIF Q3/JCI Q4),PACINI EDITORE,其他,否,ESCI,需核实,请查期刊官网 Author / Open Access 页面,未知,,https://www.google.com/search?q=Journal+of+Psychopathology+aims+scope+instructions+for+authors+APC
1502,4-Q3,0,NUKLEARMEDIZIN-NUCLEAR MEDICINE,NUKLEARMED-NUCL MED,0029-5566,2567-6407,1.5,1.2,Q3,151/217,Q4,Q4,0.34,30.6,20.0,501.0,"RADIOLOGY, NUCLEAR MEDICINE & MEDICAL IMAGING","RADIOLOGY, NUCLEAR MEDICINE & MEDICAL IMAGING(JIF Q3/JCI Q4)",GEORG THIEME VERLAG KG,Thieme,是,SCIE,混合为主,订阅路线通常无APC；OA另计,中低,https://www.thieme.com/en-us/open-access,https://www.google.com/search?q=NUKLEARMEDIZIN-NUCLEAR+MEDICINE+aims+scope+instructions+for+authors+APC
1503,4-Q3,0,BEHAVIORAL DISORDERS,BEHAV DISORDERS,0198-7429,2163-5307,1.2,2.2,Q3,45/62,Q2,Q2,0.87,26.9,20.0,863.0,"PSYCHOLOGY, CLINICAL","PSYCHOLOGY, CLINICAL(JIF Q3/JCI Q2)",SAGE PUBLICATIONS INC,SAGE,否,SSCI,混合为主,"订阅路线通常无APC；SAGE Choice常见 USD 2,000-4,000",中,https://us.sagepub.com/en-us/nam/sage-choice,https://www.google.com/search?q=BEHAVIORAL+DISORDERS+aims+scope+instructions+for+authors+APC
1504,4-Q3,0,Ansiedad y Estres-Anxiety and Stress,ANSIEDAD ESTRES,1134-7937,2174-0437,1.2,1.1,Q3,135/184,Q4,Q4,0.33,26.9,20.0,339.0,"PSYCHOLOGY, CLINICAL","PSYCHOLOGY, CLINICAL(JIF Q3/JCI Q4)",SOC ESPANOLA ESTUDIO ANSIEDAD & ESTRES,其他,否,ESCI,需核实,请查期刊官网 Author / Open Access 页面,未知,,https://www.google.com/search?q=Ansiedad+y+Estres-Anxiety+and+Stress+aims+scope+instructions+for+authors+APC
1505,4-Q3,0,Journal of Medical Science,J MED SCI-POLAND,2353-9798,2353-9801,1.0,,Q3,186/336,Q3,Q3,0.15,44.8,20.0,235.0,"MEDICINE, GENERAL & INTERNAL; MEDICINE, RESEARCH & EXPERIMENTAL","MEDICINE, GENERAL & INTERNAL(JIF Q3/JCI Q3) | MEDICINE, RESEARCH & EXPERIMENTAL(JIF Q4/JCI Q4)",POZNAN UNIV MEDICAL SCIENCES,其他,否,ESCI,需核实,请查期刊官网 Author / Open Access 页面,未知,,https://www.google.com/search?q=Journal+of+Medical+Science+aims+scope+instructions+for+authors+APC
1506,4-Q3,0,Trakya University Journal of Natural Sciences,TRAKYA U J NAT SCI,,2528-9691,0.9,0.8,Q3,94/140,Q3,Q3,0.2,33.2,20.0,120.0,MULTIDISCIPLINARY SCIENCES,MULTIDISCIPLINARY SCIENCES(JIF Q3/JCI Q3),TRAKYA UNIV BALKAN YERLESESI ENSTITULER BINASI,其他,否,ESCI,需核实,请查期刊官网 Author / Open Access 页面,未知,,https://www.google.com/search?q=Trakya+University+Journal+of+Natural+Sciences+aims+scope+instructions+for+authors+APC
1507,4-Q3,0,In vitro models,IN VITRO MODELS,2731-3433,2731-3441,3.0,3.0,Q3,21/32,Q4,Q4,0.43,35.9,19.0,224.0,"CELL & TISSUE ENGINEERING; MATERIALS SCIENCE, BIOMATERIALS","CELL & TISSUE ENGINEERING(JIF Q3/JCI Q4) | MATERIALS SCIENCE, BIOMATERIALS(JIF Q3/JCI Q4)",SPRINGERNATURE,Springer Nature,否,ESCI,混合/全OA,"全OA约 USD 2,090-3,490；Nature系更高；Scientific Reports已拉黑",中高,https://www.springernature.com/gp/open-research/journals-books/journals,https://www.google.com/search?q=In+vitro+models+aims+scope+instructions+for+authors+APC
1508,4-Q3,0,Biomedical Engineering and Computational Biology,BIOMED ENG COMPUT BI,1179-5972,1179-5972,2.9,3.1,Q3,72/130,Q4,Q4,0.32,45.0,19.0,156.0,"ENGINEERING, BIOMEDICAL","ENGINEERING, BIOMEDICAL(JIF Q3/JCI Q4)",SAGE PUBLICATIONS LTD,SAGE,否,ESCI,混合为主,"订阅路线通常无APC；SAGE Choice常见 USD 2,000-4,000",中,https://us.sagepub.com/en-us/nam/sage-choice,https://www.google.com/search?q=Biomedical+Engineering+and+Computational+Biology+aims+scope+instructions+for+authors+APC
1509,4-Q3,0,Organoids,ORGANOIDS-BASEL,,2674-1172,2.8,3.3,Q3,143/207,Q4,Q4,0.34,31.2,19.0,164.0,CELL BIOLOGY,CELL BIOLOGY(JIF Q3/JCI Q4),MDPI,MDPI,否,ESCI,全OA,"约 CHF 1,600-2,900（如 JCM=CHF 2,600）",高,https://www.mdpi.com/about/apc,https://www.google.com/search?q=Organoids+aims+scope+instructions+for+authors+APC
1510,4-Q3,0,Clinical and Experimental Gastroenterology,CLIN EXP GASTROENTER,1178-7023,1178-7023,2.6,2.9,Q3,81/153,Q3,Q3,0.5,47.4,19.0,1311.0,GASTROENTEROLOGY & HEPATOLOGY,GASTROENTEROLOGY & HEPATOLOGY(JIF Q3/JCI Q3),DOVE MEDICAL PRESS LTD,其他,否,ESCI,需核实,请查期刊官网 Author / Open Access 页面,未知,,https://www.google.com/search?q=Clinical+and+Experimental+Gastroenterology+aims+scope+instructions+for+authors+APC
1511,4-Q3,0,International Journal of Stem Cells,INT J STEM CELLS,2005-3606,2005-5447,2.6,3.1,Q3,151/207,Q3,Q3,0.45,27.3,19.0,1057.0,CELL & TISSUE ENGINEERING; CELL BIOLOGY,CELL & TISSUE ENGINEERING(JIF Q4/JCI Q3) | CELL BIOLOGY(JIF Q3/JCI Q3),KOREAN SOC STEM CELL RESEARCH,其他,是,SCIE,需核实,请查期刊官网 Author / Open Access 页面,未知,,https://www.google.com/search?q=International+Journal+of+Stem+Cells+aims+scope+instructions+for+authors+APC
1512,4-Q3,0,European Annals of Allergy and Clinical Immunology,EUR ANN ALLERGY CLIN,1764-1489,1764-1489,2.5,2.4,Q3,23/40,Q2,Q2,0.62,43.8,19.0,767.0,ALLERGY,ALLERGY(JIF Q3/JCI Q2),EDRA SPA,其他,否,ESCI,需核实,请查期刊官网 Author / Open Access 页面,未知,,https://www.google.com/search?q=European+Annals+of+Allergy+and+Clinical+Immunology+aims+scope+instructions+for+authors+APC
1513,4-Q3,0,Minerva Endocrinology,MINERVA ENDOCRINOL,2724-6507,2724-6116,2.3,2.4,Q3,142/198,Q3,Q3,0.45,28.5,19.0,894.0,ENDOCRINOLOGY & METABOLISM,ENDOCRINOLOGY & METABOLISM(JIF Q3/JCI Q3),EDIZIONI MINERVA MEDICA,其他,是,SCIE,需核实,请查期刊官网 Author / Open Access 页面,未知,,https://www.google.com/search?q=Minerva+Endocrinology+aims+scope+instructions+for+authors+APC
1514,4-Q3,0,BIOPHARMACEUTICS & DRUG DISPOSITION,BIOPHARM DRUG DISPOS,0142-2782,1099-081X,2.2,2.2,Q3,231/356,Q3,Q3,0.53,35.3,19.0,1570.0,PHARMACOLOGY & PHARMACY,PHARMACOLOGY & PHARMACY(JIF Q3/JCI Q3),WILEY,Wiley,是,SCIE,混合为主,"订阅路线通常无APC；OnlineOpen常见 USD 3,200-4,700",中,https://authorservices.wiley.com/author-resources/Journal-Authors/open-access/article-publication-charges.html,https://www.google.com/search?q=BIOPHARMACEUTICS+&+DRUG+DISPOSITION+aims+scope+instructions+for+authors+APC
1515,4-Q3,0,Applied Biosafety,APPL BIOSAF,1535-6760,2470-1246,1.9,1.7,Q3,260/443,Q3,Q3,0.51,41.4,19.0,412.0,"PUBLIC, ENVIRONMENTAL & OCCUPATIONAL HEALTH","PUBLIC, ENVIRONMENTAL & OCCUPATIONAL HEALTH(JIF Q3/JCI Q3)",SAGE PUBLICATIONS INC,SAGE,否,ESCI,混合为主,"订阅路线通常无APC；SAGE Choice常见 USD 2,000-4,000",中,https://us.sagepub.com/en-us/nam/sage-choice,https://www.google.com/search?q=Applied+Biosafety+aims+scope+instructions+for+authors+APC
1516,4-Q3,0,Journal of Orthodontics,J ORTHOD,1465-3125,1465-3133,1.8,2.0,Q3,89/165,Q3,Q3,0.6,46.4,19.0,1308.0,"DENTISTRY, ORAL SURGERY & MEDICINE","DENTISTRY, ORAL SURGERY & MEDICINE(JIF Q3/JCI Q3)",SAGE PUBLICATIONS LTD,SAGE,否,ESCI,混合为主,"订阅路线通常无APC；SAGE Choice常见 USD 2,000-4,000",中,https://us.sagepub.com/en-us/nam/sage-choice,https://www.google.com/search?q=Journal+of+Orthodontics+aims+scope+instructions+for+authors+APC
1517,4-Q3,0,Canadian Journal of Respiratory Therapy,CAN J RESP THER,,2368-6820,1.8,,Q3,46/66,Q3,Q3,0.34,31.1,19.0,309.0,CRITICAL CARE MEDICINE; RESPIRATORY SYSTEM,CRITICAL CARE MEDICINE(JIF Q3/JCI Q3) | RESPIRATORY SYSTEM(JIF Q3/JCI Q4),Canadian Soc Respiratory Therapists - CSRT Ottawa Office,其他,否,ESCI,需核实,请查期刊官网 Author / Open Access 页面,未知,,https://www.google.com/search?q=Canadian+Journal+of+Respiratory+Therapy+aims+scope+instructions+for+authors+APC
1518,4-Q3,0,Australian Journal of Advanced Nursing,AUST J ADV NURS,0813-0531,1447-4328,1.7,2.0,Q3,106/194,Q3,Q3,0.5,45.6,19.0,803.0,NURSING,NURSING(JIF Q3/JCI Q3),AUSTRALIAN NURSING FEDERATION,其他,是,"SCIE, SSCI",需核实,请查期刊官网 Author / Open Access 页面,未知,,https://www.google.com/search?q=Australian+Journal+of+Advanced+Nursing+aims+scope+instructions+for+authors+APC
1519,4-Q3,0,Physical Therapy Reviews,PHYS THER REV,1083-3196,1743-288X,1.6,1.2,Q3,95/175,Q4,Q4,0.39,46.0,19.0,826.0,REHABILITATION,REHABILITATION(JIF Q3/JCI Q4),TAYLOR & FRANCIS LTD,Taylor & Francis,否,ESCI,混合为主,"订阅路线通常无APC；Open Select常见 USD 2,500-3,500",中,https://authorservices.taylorandfrancis.com/publishing-open-access/,https://www.google.com/search?q=Physical+Therapy+Reviews+aims+scope+instructions+for+authors+APC
1520,4-Q3,0,JOURNAL OF POSITIVE BEHAVIOR INTERVENTIONS,J POSIT BEHAV INTERV,1098-3007,1538-4772,1.5,2.2,Q3,35/62,Q2,Q2,0.89,33.4,19.0,1189.0,"PSYCHOLOGY, CLINICAL","PSYCHOLOGY, CLINICAL(JIF Q3/JCI Q2)",SAGE PUBLICATIONS INC,SAGE,否,SSCI,混合为主,"订阅路线通常无APC；SAGE Choice常见 USD 2,000-4,000",中,https://us.sagepub.com/en-us/nam/sage-choice,https://www.google.com/search?q=JOURNAL+OF+POSITIVE+BEHAVIOR+INTERVENTIONS+aims+scope+instructions+for+authors+APC
1521,4-Q3,0,Montenegrin Journal of Sports Science and Medicine,MONTENEGRIN J SPORT,1800-8755,1800-8763,1.4,1.4,Q3,94/136,Q3,Q3,0.52,31.3,19.0,256.0,SPORT SCIENCES,SPORT SCIENCES(JIF Q3/JCI Q3),MONTENEGRIN SPORTS ACAD,其他,否,ESCI,需核实,请查期刊官网 Author / Open Access 页面,未知,,https://www.google.com/search?q=Montenegrin+Journal+of+Sports+Science+and+Medicine+aims+scope+instructions+for+authors+APC
1522,4-Q3,0,Journal of Acute Medicine,J ACUTE MED,2211-5587,2211-5595,1.1,1.0,Q3,36/55,Q4,Q4,0.3,35.5,19.0,251.0,EMERGENCY MEDICINE,EMERGENCY MEDICINE(JIF Q3/JCI Q4),TAIWAN SOC EMERGENCY MEDICINE,其他,否,ESCI,需核实,请查期刊官网 Author / Open Access 页面,未知,,https://www.google.com/search?q=Journal+of+Acute+Medicine+aims+scope+instructions+for+authors+APC
1523,4-Q3,0,Kardiochirurgia i Torakochirurgia Polska-Polish Journal of Thoracic and Cardiovascular Surgery,KARDIOCHIR TORAKOCHI,1731-5530,1897-4252,1.0,0.9,Q3,233/321,Q4,Q4,0.32,27.6,19.0,394.0,SURGERY,SURGERY(JIF Q3/JCI Q4),TERMEDIA PUBLISHING HOUSE LTD,其他,否,ESCI,需核实,请查期刊官网 Author / Open Access 页面,未知,,https://www.google.com/search?q=Kardiochirurgia+i+Torakochirurgia+Polska-Polish+Journal+of+Thoracic+and+Cardiovascular+Surgery+aims+scope+instructions+for+authors+APC
1524,4-Q3,0,Ibnosina Journal of Medicine and Biomedical Sciences,IBNOSINA J MED BIOME,1947-489X,1947-489X,0.9,0.6,Q3,195/336,Q3,Q3,0.2,42.1,19.0,178.0,"MEDICINE, GENERAL & INTERNAL","MEDICINE, GENERAL & INTERNAL(JIF Q3/JCI Q3)",THIEME MEDICAL PUBL INC,Thieme,否,ESCI,混合为主,订阅路线通常无APC；OA另计,中低,https://www.thieme.com/en-us/open-access,https://www.google.com/search?q=Ibnosina+Journal+of+Medicine+and+Biomedical+Sciences+aims+scope+instructions+for+authors+APC
1525,4-Q3,0,British Columbia Medical Journal,B C MED J,0007-0556,0007-0556,0.7,0.6,Q3,215/336,Q3,Q3,0.14,36.2,19.0,215.0,"MEDICINE, GENERAL & INTERNAL","MEDICINE, GENERAL & INTERNAL(JIF Q3/JCI Q3)",BRITISH COLUMBIA MEDICAL ASSOCIATION,其他,否,ESCI,需核实,请查期刊官网 Author / Open Access 页面,未知,,https://www.google.com/search?q=British+Columbia+Medical+Journal+aims+scope+instructions+for+authors+APC
1526,4-Q3,0,Crescent Journal of Medical and Biological Sciences,CRESCENT J MED BIOL,2148-9696,2148-9696,0.6,0.5,Q3,227/336,Q3,Q3,0.16,32.6,19.0,256.0,"MEDICINE, GENERAL & INTERNAL","MEDICINE, GENERAL & INTERNAL(JIF Q3/JCI Q3)",ARAS PART MEDICAL INT PRESS,其他,否,ESCI,需核实,请查期刊官网 Author / Open Access 页面,未知,,https://www.google.com/search?q=Crescent+Journal+of+Medical+and+Biological+Sciences+aims+scope+instructions+for+authors+APC
1527,4-Q3,0,International Journal of Biomaterials,INT J BIOMATER,1687-8787,1687-8795,3.5,5.3,Q3,35/58,Q3,Q3,0.58,40.5,18.0,1679.0,"MATERIALS SCIENCE, BIOMATERIALS","MATERIALS SCIENCE, BIOMATERIALS(JIF Q3/JCI Q3)",WILEY,Wiley,否,ESCI,混合为主,"订阅路线通常无APC；OnlineOpen常见 USD 3,200-4,700",中,https://authorservices.wiley.com/author-resources/Journal-Authors/open-access/article-publication-charges.html,https://www.google.com/search?q=International+Journal+of+Biomaterials+aims+scope+instructions+for+authors+APC
1528,4-Q3,0,Frontiers in Integrative Neuroscience,FRONT INTEGR NEUROSC,1662-5145,1662-5145,3.0,3.9,Q3,14/57,Q3,Q3,0.72,45.3,18.0,3700.0,NEUROSCIENCES,NEUROSCIENCES(JIF Q3/JCI Q3),FRONTIERS MEDIA SA,Frontiers,是,SCIE,全OA,"约 CHF 1,495-3,150（Frontiers in Medicine A类=CHF 3,150）",高,https://www.frontiersin.org/about/fee-policy,https://www.google.com/search?q=Frontiers+in+Integrative+Neuroscience+aims+scope+instructions+for+authors+APC
1529,4-Q3,0,Pharmacogenomics & Personalized Medicine,PHARMACOGEN PERS MED,,1178-7066,2.4,2.2,Q3,215/356,Q3,Q3,0.54,39.7,18.0,1415.0,PHARMACOLOGY & PHARMACY,PHARMACOLOGY & PHARMACY(JIF Q3/JCI Q3),DOVE MEDICAL PRESS LTD,其他,是,SCIE,需核实,请查期刊官网 Author / Open Access 页面,未知,,https://www.google.com/search?q=Pharmacogenomics+&+Personalized+Medicine+aims+scope+instructions+for+authors+APC
1530,4-Q3,0,Systems Biology in Reproductive Medicine,SYST BIOL REPROD MED,1939-6368,1939-6376,2.0,2.8,Q3,5/8,Q2,Q2,0.87,43.8,18.0,1408.0,ANDROLOGY; REPRODUCTIVE BIOLOGY,ANDROLOGY(JIF Q3/JCI Q2) | REPRODUCTIVE BIOLOGY(JIF Q3/JCI Q2),TAYLOR & FRANCIS INC,Taylor & Francis,是,SCIE,混合为主,"订阅路线通常无APC；Open Select常见 USD 2,500-3,500",中,https://authorservices.taylorandfrancis.com/publishing-open-access/,https://www.google.com/search?q=Systems+Biology+in+Reproductive+Medicine+aims+scope+instructions+for+authors+APC
1531,4-Q3,0,HUMAN PSYCHOPHARMACOLOGY-CLINICAL AND EXPERIMENTAL,HUM PSYCHOPHARM CLIN,0885-6222,1099-1077,2.0,1.9,Q3,50/93,Q3,Q3,0.49,38.4,18.0,1724.0,CLINICAL NEUROLOGY; PHARMACOLOGY & PHARMACY; PSYCHIATRY,CLINICAL NEUROLOGY(JIF Q3/JCI Q3) | PHARMACOLOGY & PHARMACY(JIF Q3/JCI Q3) | PSYCHIATRY(JIF Q3/JCI Q3),WILEY,Wiley,是,SCIE,混合为主,"订阅路线通常无APC；OnlineOpen常见 USD 3,200-4,700",中,https://authorservices.wiley.com/author-resources/Journal-Authors/open-access/article-publication-charges.html,https://www.google.com/search?q=HUMAN+PSYCHOPHARMACOLOGY-CLINICAL+AND+EXPERIMENTAL+aims+scope+instructions+for+authors+APC
1532,4-Q3,0,Cardiovascular Ultrasound,CARDIOVASC ULTRASOUN,,1476-7120,2.0,2.0,Q3,143/237,Q3,Q3,0.47,39.9,18.0,1202.0,CARDIAC & CARDIOVASCULAR SYSTEMS,CARDIAC & CARDIOVASCULAR SYSTEMS(JIF Q3/JCI Q3),BMC,BMC,是,SCIE,全OA,"约 USD 1,990-2,890（旗舰刊更高）",高,https://www.biomedcentral.com/getpublished/article-processing-charges,https://www.google.com/search?q=Cardiovascular+Ultrasound+aims+scope+instructions+for+authors+APC
1533,4-Q3,0,Journal of Applied Biomedicine,J APPL BIOMED,1214-021X,1214-0287,1.9,2.1,Q3,129/191,Q3,Q3,0.48,32.7,18.0,763.0,"MEDICINE, RESEARCH & EXPERIMENTAL; PHARMACOLOGY & PHARMACY","MEDICINE, RESEARCH & EXPERIMENTAL(JIF Q3/JCI Q3) | PHARMACOLOGY & PHARMACY(JIF Q3/JCI Q3)",UNIV SOUTH BOHEMIA,其他,是,SCIE,需核实,请查期刊官网 Author / Open Access 页面,未知,,https://www.google.com/search?q=Journal+of+Applied+Biomedicine+aims+scope+instructions+for+authors+APC
1534,4-Q3,0,JMIR XR and Spatial Computing,JMIR XR SPAT COMPUT,,2818-3045,1.8,1.8,Q3,136/194,Q4,Q4,0.39,30.2,18.0,42.0,HEALTH CARE SCIENCES & SERVICES; MEDICAL INFORMATICS,HEALTH CARE SCIENCES & SERVICES(JIF Q3/JCI Q4) | MEDICAL INFORMATICS(JIF Q4/JCI Q4),"JMIR PUBLICATIONS, INC",其他,否,ESCI,需核实,请查期刊官网 Author / Open Access 页面,未知,,https://www.google.com/search?q=JMIR+XR+and+Spatial+Computing+aims+scope+instructions+for+authors+APC
1535,4-Q3,0,MOTOR CONTROL,MOTOR CONTROL,1087-1640,1543-2696,1.6,1.4,Q3,85/136,Q3,Q3,0.46,37.9,18.0,956.0,NEUROSCIENCES; SPORT SCIENCES,NEUROSCIENCES(JIF Q4/JCI Q4) | SPORT SCIENCES(JIF Q3/JCI Q3),HUMAN KINETICS PUBL INC,其他,是,SCIE,需核实,请查期刊官网 Author / Open Access 页面,未知,,https://www.google.com/search?q=MOTOR+CONTROL+aims+scope+instructions+for+authors+APC
1536,4-Q3,0,Cardiovascular Endocrinology & Metabolism,CARDIOVASC ENDOCR ME,2574-0954,2574-0954,1.4,2.3,Q3,172/237,Q4,Q4,0.25,27.6,18.0,329.0,CARDIAC & CARDIOVASCULAR SYSTEMS,CARDIAC & CARDIOVASCULAR SYSTEMS(JIF Q3/JCI Q4),LIPPINCOTT WILLIAMS & WILKINS,Wolters Kluwer/LWW,否,ESCI,混合为主,"订阅路线通常无APC；OA常见 USD 2,000-4,000；MEDICINE已拉黑",中,https://wkauthorservices.editage.com/open-access/,https://www.google.com/search?q=Cardiovascular+Endocrinology+&+Metabolism+aims+scope+instructions+for+authors+APC
1537,4-Q3,0,Journal of Mental Health Research in Intellectual Disabilities,J MENT HEALTH RES IN,1931-5864,1931-5872,1.3,1.9,Q3,41/62,Q3,Q3,0.71,31.1,18.0,572.0,PSYCHIATRY; REHABILITATION,PSYCHIATRY(JIF Q4/JCI Q3) | REHABILITATION(JIF Q3/JCI Q3),"ROUTLEDGE JOURNALS, TAYLOR & FRANCIS LTD",Taylor & Francis,否,SSCI,混合为主,"订阅路线通常无APC；Open Select常见 USD 2,500-3,500",中,https://authorservices.taylorandfrancis.com/publishing-open-access/,https://www.google.com/search?q=Journal+of+Mental+Health+Research+in+Intellectual+Disabilities+aims+scope+instructions+for+authors+APC
1538,4-Q3,0,Rehabilitation Nursing,REHABIL NURS,0278-4807,2048-7940,1.1,1.6,Q3,141/194,Q4,Q4,0.44,27.6,18.0,937.0,NURSING; REHABILITATION,NURSING(JIF Q3/JCI Q4) | REHABILITATION(JIF Q4/JCI Q4),LIPPINCOTT WILLIAMS & WILKINS,Wolters Kluwer/LWW,是,"SCIE, SSCI",混合为主,"订阅路线通常无APC；OA常见 USD 2,000-4,000；MEDICINE已拉黑",中,https://wkauthorservices.editage.com/open-access/,https://www.google.com/search?q=Rehabilitation+Nursing+aims+scope+instructions+for+authors+APC
1539,4-Q3,0,Journal of Physical Science,J PHYS SCI,1675-3402,2180-4230,1.1,1.4,Q3,86/140,Q3,Q3,0.16,38.9,18.0,735.0,MULTIDISCIPLINARY SCIENCES,MULTIDISCIPLINARY SCIENCES(JIF Q3/JCI Q3),UNIV SAINS MALAYSIA,其他,否,ESCI,需核实,请查期刊官网 Author / Open Access 页面,未知,,https://www.google.com/search?q=Journal+of+Physical+Science+aims+scope+instructions+for+authors+APC
1540,4-Q3,0,Interventional Cardiology-Reviews Research Resources,INTERV CARDIOL-REV R,1756-1477,1756-1485,2.0,,Q3,143/237,Q3,Q3,0.42,39.9,17.0,277.0,CARDIAC & CARDIOVASCULAR SYSTEMS,CARDIAC & CARDIOVASCULAR SYSTEMS(JIF Q3/JCI Q3),RADCLIFFE CARDIOLOGY,其他,否,ESCI,需核实,请查期刊官网 Author / Open Access 页面,未知,,https://www.google.com/search?q=Interventional+Cardiology-Reviews+Research+Resources+aims+scope+instructions+for+authors+APC
1541,4-Q3,0,Clinica y Salud,CLIN SALUD,1130-5274,2174-0550,1.8,1.9,Q3,102/184,Q3,Q3,0.64,44.8,17.0,367.0,"PSYCHOLOGY, CLINICAL","PSYCHOLOGY, CLINICAL(JIF Q3/JCI Q3)",COLEGIO OFICIAL PSICOLOGOS MADRID,其他,否,SSCI,需核实,请查期刊官网 Author / Open Access 页面,未知,,https://www.google.com/search?q=Clinica+y+Salud+aims+scope+instructions+for+authors+APC
1542,4-Q3,0,Health Marketing Quarterly,HEALTH MARK Q,0735-9683,1545-0864,1.8,,Q3,224/323,Q4,Q3,0.51,26.0,17.0,427.0,HEALTH POLICY & SERVICES,HEALTH POLICY & SERVICES(JIF Q3/JCI Q4),TAYLOR & FRANCIS LTD,Taylor & Francis,否,ESCI,混合为主,"订阅路线通常无APC；Open Select常见 USD 2,500-3,500",中,https://authorservices.taylorandfrancis.com/publishing-open-access/,https://www.google.com/search?q=Health+Marketing+Quarterly+aims+scope+instructions+for+authors+APC
1543,4-Q3,0,Sexual Health & Compulsivity,SEX HEALTH COMPULS,2692-9953,2692-9996,1.7,1.4,Q3,108/184,Q3,Q3,0.6,41.6,17.0,102.0,"PSYCHOLOGY, CLINICAL","PSYCHOLOGY, CLINICAL(JIF Q3/JCI Q3)","ROUTLEDGE JOURNALS, TAYLOR & FRANCIS LTD",Taylor & Francis,否,ESCI,混合为主,"订阅路线通常无APC；Open Select常见 USD 2,500-3,500",中,https://authorservices.taylorandfrancis.com/publishing-open-access/,https://www.google.com/search?q=Sexual+Health+&+Compulsivity+aims+scope+instructions+for+authors+APC
1544,4-Q3,0,Mediterranean Journal of Clinical Psychology,MEDITERR J CLIN PSYC,2282-1619,2282-1619,1.6,1.4,Q3,115/184,Q3,Q3,0.61,37.8,17.0,499.0,"PSYCHOLOGY, CLINICAL","PSYCHOLOGY, CLINICAL(JIF Q3/JCI Q3)",UNIV STUDI MESSINA,其他,否,ESCI,需核实,请查期刊官网 Author / Open Access 页面,未知,,https://www.google.com/search?q=Mediterranean+Journal+of+Clinical+Psychology+aims+scope+instructions+for+authors+APC
1545,4-Q3,0,CLINICAL SUPERVISOR,CLIN SUPERV,0732-5223,1545-231X,1.6,1.6,Q3,115/184,Q3,Q3,0.54,37.8,17.0,457.0,"HEALTH POLICY & SERVICES; PSYCHOLOGY, CLINICAL","HEALTH POLICY & SERVICES(JIF Q4/JCI Q4) | PSYCHOLOGY, CLINICAL(JIF Q3/JCI Q3)","ROUTLEDGE JOURNALS, TAYLOR & FRANCIS LTD",Taylor & Francis,否,ESCI,混合为主,"订阅路线通常无APC；Open Select常见 USD 2,500-3,500",中,https://authorservices.taylorandfrancis.com/publishing-open-access/,https://www.google.com/search?q=CLINICAL+SUPERVISOR+aims+scope+instructions+for+authors+APC
1546,4-Q3,0,Journal of Integrative Bioinformatics,J INTEGR BIOINFORMAT,,1613-4516,1.6,1.7,Q3,50/67,Q4,Q4,0.45,26.1,17.0,447.0,MATHEMATICAL & COMPUTATIONAL BIOLOGY,MATHEMATICAL & COMPUTATIONAL BIOLOGY(JIF Q3/JCI Q4),WALTER DE GRUYTER GMBH,De Gruyter,否,ESCI,混合/OA,因刊而异,中,https://www.degruyter.com/publishing/publications/openaccess,https://www.google.com/search?q=Journal+of+Integrative+Bioinformatics+aims+scope+instructions+for+authors+APC
1547,4-Q3,0,Turkish Journal of Pathology,TURK J PATHOL,1018-5615,1309-5730,1.5,1.5,Q3,61/89,Q3,Q3,0.6,32.0,17.0,489.0,PATHOLOGY,PATHOLOGY(JIF Q3/JCI Q3),FEDERATION TURKISH PATHOLOGY SOC,其他,否,ESCI,需核实,请查期刊官网 Author / Open Access 页面,未知,,https://www.google.com/search?q=Turkish+Journal+of+Pathology+aims+scope+instructions+for+authors+APC
1548,4-Q3,0,INTERNATIONAL JOURNAL OF CLINICAL AND EXPERIMENTAL HYPNOSIS,INT J CLIN EXP HYP,0020-7144,1744-5183,1.4,1.4,Q3,127/184,Q3,Q3,0.58,31.3,17.0,892.0,"PSYCHIATRY; PSYCHOLOGY, CLINICAL","PSYCHIATRY(JIF Q4/JCI Q3) | PSYCHOLOGY, CLINICAL(JIF Q3/JCI Q3)","ROUTLEDGE JOURNALS, TAYLOR & FRANCIS LTD",Taylor & Francis,否,SSCI,混合为主,"订阅路线通常无APC；Open Select常见 USD 2,500-3,500",中,https://authorservices.taylorandfrancis.com/publishing-open-access/,https://www.google.com/search?q=INTERNATIONAL+JOURNAL+OF+CLINICAL+AND+EXPERIMENTAL+HYPNOSIS+aims+scope+instructions+for+authors+APC
1549,4-Q3,0,Seminars in Cardiothoracic and Vascular Anesthesia,SEMIN CARDIOTHORAC V,1089-2532,1940-5596,1.1,1.1,Q3,49/72,Q3,Q3,0.4,32.6,17.0,624.0,ANESTHESIOLOGY,ANESTHESIOLOGY(JIF Q3/JCI Q3),SAGE PUBLICATIONS INC,SAGE,否,ESCI,混合为主,"订阅路线通常无APC；SAGE Choice常见 USD 2,000-4,000",中,https://us.sagepub.com/en-us/nam/sage-choice,https://www.google.com/search?q=Seminars+in+Cardiothoracic+and+Vascular+Anesthesia+aims+scope+instructions+for+authors+APC
1550,4-Q3,0,Journal of Military and Veterans Health,J MIL VETERANS HEALT,1835-1271,1839-2733,0.5,0.6,Q3,241/336,Q3,Q3,0.17,28.4,17.0,181.0,"MEDICINE, GENERAL & INTERNAL","MEDICINE, GENERAL & INTERNAL(JIF Q3/JCI Q3)",AUSTRALASIAN MILITARY MEDICINE ASSOC,其他,否,ESCI,需核实,请查期刊官网 Author / Open Access 页面,未知,,https://www.google.com/search?q=Journal+of+Military+and+Veterans+Health+aims+scope+instructions+for+authors+APC
1551,4-Q3,0,ATLA-ALTERNATIVES TO LABORATORY ANIMALS,ATLA-ALTERN LAB ANIM,0261-1929,2632-3559,3.0,3.2,Q3,96/191,Q2,Q2,0.65,50.0,16.0,1162.0,"MEDICINE, RESEARCH & EXPERIMENTAL","MEDICINE, RESEARCH & EXPERIMENTAL(JIF Q3/JCI Q2)",SAGE PUBLICATIONS LTD,SAGE,是,SCIE,混合为主,"订阅路线通常无APC；SAGE Choice常见 USD 2,000-4,000",中,https://us.sagepub.com/en-us/nam/sage-choice,https://www.google.com/search?q=ATLA-ALTERNATIVES+TO+LABORATORY+ANIMALS+aims+scope+instructions+for+authors+APC
1552,4-Q3,0,AMERICAN JOURNAL OF MEDICAL GENETICS PART C-SEMINARS IN MEDICAL GENETICS,AM J MED GENET C,1552-4868,1552-4876,2.5,3.9,Q3,103/192,Q3,Q3,0.57,46.6,16.0,3229.0,GENETICS & HEREDITY,GENETICS & HEREDITY(JIF Q3/JCI Q3),WILEY,Wiley,是,SCIE,混合为主,"订阅路线通常无APC；OnlineOpen常见 USD 3,200-4,700",中,https://authorservices.wiley.com/author-resources/Journal-Authors/open-access/article-publication-charges.html,https://www.google.com/search?q=AMERICAN+JOURNAL+OF+MEDICAL+GENETICS+PART+C-SEMINARS+IN+MEDICAL+GENETICS+aims+scope+instructions+for+authors+APC
1553,4-Q3,0,BIOLOGICAL CHEMISTRY,BIOL CHEM,1431-6730,1437-4315,2.5,3.2,Q3,236/328,Q4,Q4,0.35,28.2,16.0,6138.0,BIOCHEMISTRY & MOLECULAR BIOLOGY,BIOCHEMISTRY & MOLECULAR BIOLOGY(JIF Q3/JCI Q4),WALTER DE GRUYTER GMBH,De Gruyter,是,SCIE,混合/OA,因刊而异,中,https://www.degruyter.com/publishing/publications/openaccess,https://www.google.com/search?q=BIOLOGICAL+CHEMISTRY+aims+scope+instructions+for+authors+APC
1554,4-Q3,0,Translational and Clinical Pharmacology,TRANSL CLIN PHARMACO,2289-0882,2383-5427,2.4,2.0,Q3,215/356,Q3,Q3,0.41,39.7,16.0,405.0,PHARMACOLOGY & PHARMACY,PHARMACOLOGY & PHARMACY(JIF Q3/JCI Q3),KSCPT,其他,否,ESCI,需核实,请查期刊官网 Author / Open Access 页面,未知,,https://www.google.com/search?q=Translational+and+Clinical+Pharmacology+aims+scope+instructions+for+authors+APC
1555,4-Q3,0,PHARMACOPSYCHIATRY,PHARMACOPSYCHIATRY,0176-3679,1439-0795,2.3,3.3,Q3,159/293,Q3,Q3,0.61,45.9,16.0,1909.0,PHARMACOLOGY & PHARMACY; PSYCHIATRY,PHARMACOLOGY & PHARMACY(JIF Q3/JCI Q3) | PSYCHIATRY(JIF Q3/JCI Q3),GEORG THIEME VERLAG KG,Thieme,是,SCIE,混合为主,订阅路线通常无APC；OA另计,中低,https://www.thieme.com/en-us/open-access,https://www.google.com/search?q=PHARMACOPSYCHIATRY+aims+scope+instructions+for+authors+APC
1556,4-Q3,0,Health Psychology Open,HEALTH PSYCHOL OPEN,,2055-1029,1.9,3.7,Q3,95/184,Q3,Q3,0.56,48.6,16.0,1053.0,"PSYCHOLOGY, CLINICAL","PSYCHOLOGY, CLINICAL(JIF Q3/JCI Q3)",SAGE PUBLICATIONS LTD,SAGE,否,ESCI,混合为主,"订阅路线通常无APC；SAGE Choice常见 USD 2,000-4,000",中,https://us.sagepub.com/en-us/nam/sage-choice,https://www.google.com/search?q=Health+Psychology+Open+aims+scope+instructions+for+authors+APC
1557,4-Q3,0,Local and Regional Anesthesia,LOCAL REG ANESTH,1178-7112,1178-7112,1.8,4.5,Q3,37/72,Q3,Q3,0.66,49.3,16.0,705.0,ANESTHESIOLOGY,ANESTHESIOLOGY(JIF Q3/JCI Q3),DOVE MEDICAL PRESS LTD,其他,否,ESCI,需核实,请查期刊官网 Author / Open Access 页面,未知,,https://www.google.com/search?q=Local+and+Regional+Anesthesia+aims+scope+instructions+for+authors+APC
1558,4-Q3,0,Comprehensive Child and Adolescent Nursing-Building Evidence for Practice,COMPR CHILD ADOLES N,2469-4193,2469-4207,1.5,2.0,Q3,118/194,Q3,Q3,0.53,39.4,16.0,532.0,NURSING,NURSING(JIF Q3/JCI Q3),TAYLOR & FRANCIS INC,Taylor & Francis,否,ESCI,混合为主,"订阅路线通常无APC；Open Select常见 USD 2,500-3,500",中,https://authorservices.taylorandfrancis.com/publishing-open-access/,https://www.google.com/search?q=Comprehensive+Child+and+Adolescent+Nursing-Building+Evidence+for+Practice+aims+scope+instructions+for+authors+APC
1559,4-Q3,0,PHARMACOLOGY,PHARMACOLOGY,0031-7012,1423-0313,2.8,3.0,Q3,181/356,Q2,Q2,0.67,49.3,15.0,2821.0,PHARMACOLOGY & PHARMACY,PHARMACOLOGY & PHARMACY(JIF Q3/JCI Q2),KARGER,Karger,是,SCIE,混合/OA,"因刊而异，常见 USD 2,500-3,800",中,https://karger.com/pages/Open-Access,https://www.google.com/search?q=PHARMACOLOGY+aims+scope+instructions+for+authors+APC
1560,4-Q3,0,TRAFFIC,TRAFFIC,1398-9219,1600-0854,2.8,4.2,Q3,143/207,Q4,Q4,0.39,31.2,15.0,5575.0,CELL BIOLOGY,CELL BIOLOGY(JIF Q3/JCI Q4),WILEY,Wiley,是,SCIE,混合为主,"订阅路线通常无APC；OnlineOpen常见 USD 3,200-4,700",中,https://authorservices.wiley.com/author-resources/Journal-Authors/open-access/article-publication-charges.html,https://www.google.com/search?q=TRAFFIC+aims+scope+instructions+for+authors+APC
1561,4-Q3,0,Toxin Reviews,TOXIN REV,1556-9543,1556-9551,2.7,3.4,Q3,64/106,Q3,Q3,0.6,40.1,15.0,1920.0,TOXICOLOGY,TOXICOLOGY(JIF Q3/JCI Q3),TAYLOR & FRANCIS INC,Taylor & Francis,是,SCIE,混合为主,"订阅路线通常无APC；Open Select常见 USD 2,500-3,500",中,https://authorservices.taylorandfrancis.com/publishing-open-access/,https://www.google.com/search?q=Toxin+Reviews+aims+scope+instructions+for+authors+APC
1562,4-Q3,0,Journal of Cancer Prevention,J CANCER PREV,2288-3649,2288-3657,2.5,3.1,Q3,204/333,Q4,Q4,0.4,38.9,15.0,1056.0,ONCOLOGY,ONCOLOGY(JIF Q3/JCI Q4),KOREAN SOC CANCER PREVENTION,其他,否,ESCI,需核实,请查期刊官网 Author / Open Access 页面,未知,,https://www.google.com/search?q=Journal+of+Cancer+Prevention+aims+scope+instructions+for+authors+APC
1563,4-Q3,0,Health Systems,HEALTH SYST,2047-6965,2047-6973,2.2,2.2,Q3,67/125,Q4,Q4,0.57,46.8,15.0,476.0,HEALTH POLICY & SERVICES,HEALTH POLICY & SERVICES(JIF Q3/JCI Q4),TAYLOR & FRANCIS LTD,Taylor & Francis,否,ESCI,混合为主,"订阅路线通常无APC；Open Select常见 USD 2,500-3,500",中,https://authorservices.taylorandfrancis.com/publishing-open-access/,https://www.google.com/search?q=Health+Systems+aims+scope+instructions+for+authors+APC
1564,4-Q3,0,World Mycotoxin Journal,WORLD MYCOTOXIN J,1875-0710,1875-0796,2.2,2.0,Q3,128/187,Q4,Q3,0.44,25.9,15.0,1193.0,TOXICOLOGY,TOXICOLOGY(JIF Q3/JCI Q4),BRILL,其他,是,SCIE,需核实,请查期刊官网 Author / Open Access 页面,未知,,https://www.google.com/search?q=World+Mycotoxin+Journal+aims+scope+instructions+for+authors+APC
1565,4-Q3,0,Infectious Microbes & Diseases,INFECT MICROBE DIS,,2641-5917,2.1,1.8,Q3,95/141,Q4,Q4,0.26,33.0,15.0,232.0,INFECTIOUS DISEASES; MICROBIOLOGY,INFECTIOUS DISEASES(JIF Q3/JCI Q4) | MICROBIOLOGY(JIF Q4/JCI Q4),LIPPINCOTT WILLIAMS & WILKINS,Wolters Kluwer/LWW,否,ESCI,混合为主,"订阅路线通常无APC；OA常见 USD 2,000-4,000；MEDICINE已拉黑",中,https://wkauthorservices.editage.com/open-access/,https://www.google.com/search?q=Infectious+Microbes+&+Diseases+aims+scope+instructions+for+authors+APC
1566,4-Q3,0,Clinical Medicine Insights-Cardiology,CLIN MED INSIGHTS-CA,1179-5468,1179-5468,2.0,3.4,Q3,143/237,Q2,Q2,0.66,39.9,15.0,669.0,CARDIAC & CARDIOVASCULAR SYSTEMS,CARDIAC & CARDIOVASCULAR SYSTEMS(JIF Q3/JCI Q2),SAGE PUBLICATIONS LTD,SAGE,否,ESCI,混合为主,"订阅路线通常无APC；SAGE Choice常见 USD 2,000-4,000",中,https://us.sagepub.com/en-us/nam/sage-choice,https://www.google.com/search?q=Clinical+Medicine+Insights-Cardiology+aims+scope+instructions+for+authors+APC
1567,4-Q3,0,Maternal-Fetal Medicine,MATERN-FETAL MED,2096-6954,2641-5895,1.9,1.7,Q3,84/143,Q4,Q4,0.48,41.6,15.0,300.0,OBSTETRICS & GYNECOLOGY,OBSTETRICS & GYNECOLOGY(JIF Q3/JCI Q4),LIPPINCOTT WILLIAMS & WILKINS,Wolters Kluwer/LWW,否,ESCI,混合为主,"订阅路线通常无APC；OA常见 USD 2,000-4,000；MEDICINE已拉黑",中,https://wkauthorservices.editage.com/open-access/,https://www.google.com/search?q=Maternal-Fetal+Medicine+aims+scope+instructions+for+authors+APC
1568,4-Q3,0,EXPERIMENTAL LUNG RESEARCH,EXP LUNG RES,0190-2148,1521-0499,1.9,1.5,Q3,73/107,Q3,Q3,0.45,32.2,15.0,1080.0,RESPIRATORY SYSTEM,RESPIRATORY SYSTEM(JIF Q3/JCI Q3),TAYLOR & FRANCIS INC,Taylor & Francis,是,SCIE,混合为主,"订阅路线通常无APC；Open Select常见 USD 2,500-3,500",中,https://authorservices.taylorandfrancis.com/publishing-open-access/,https://www.google.com/search?q=EXPERIMENTAL+LUNG+RESEARCH+aims+scope+instructions+for+authors+APC
1569,4-Q3,0,Rare Disease and Orphan Drugs Journal,RARE DIS ORPH DRUG J,,2771-2893,1.9,1.8,Q3,253/356,Q4,Q4,0.3,29.1,15.0,122.0,GENETICS & HEREDITY; PHARMACOLOGY & PHARMACY,GENETICS & HEREDITY(JIF Q3/JCI Q4) | PHARMACOLOGY & PHARMACY(JIF Q3/JCI Q4),OAE PUBLISHING INC,其他,否,ESCI,需核实,请查期刊官网 Author / Open Access 页面,未知,,https://www.google.com/search?q=Rare+Disease+and+Orphan+Drugs+Journal+aims+scope+instructions+for+authors+APC
1570,4-Q3,0,Nursing-Research and Reviews,NURSING-RES REV,2230-522X,2230-522X,1.8,1.8,Q3,100/194,Q3,Q3,0.62,48.7,15.0,171.0,NURSING,NURSING(JIF Q3/JCI Q3),DOVE MEDICAL PRESS LTD,其他,否,ESCI,需核实,请查期刊官网 Author / Open Access 页面,未知,,https://www.google.com/search?q=Nursing-Research+and+Reviews+aims+scope+instructions+for+authors+APC
1571,4-Q3,0,VIROLOGIE,VIROLOGIE,1267-8694,,1.8,0.9,Q3,33/44,Q4,Q4,0.26,26.1,15.0,134.0,VIROLOGY,VIROLOGY(JIF Q3/JCI Q4),JLE,其他,是,SCIE,需核实,请查期刊官网 Author / Open Access 页面,未知,,https://www.google.com/search?q=VIROLOGIE+aims+scope+instructions+for+authors+APC
1572,4-Q3,0,Paediatrics and International Child Health,PAEDIATR INT CHILD H,2046-9047,2046-9055,1.6,1.2,Q3,101/190,Q3,Q3,0.56,47.1,15.0,844.0,PEDIATRICS,PEDIATRICS(JIF Q3/JCI Q3),TAYLOR & FRANCIS LTD,Taylor & Francis,是,SCIE,混合为主,"订阅路线通常无APC；Open Select常见 USD 2,500-3,500",中,https://authorservices.taylorandfrancis.com/publishing-open-access/,https://www.google.com/search?q=Paediatrics+and+International+Child+Health+aims+scope+instructions+for+authors+APC
1573,4-Q3,0,Critical Care Research and Practice,CRIT CARE RES PRACT,2090-1305,2090-1313,1.6,2.5,Q3,48/66,Q3,Q3,0.44,28.0,15.0,984.0,CRITICAL CARE MEDICINE,CRITICAL CARE MEDICINE(JIF Q3/JCI Q3),WILEY,Wiley,否,ESCI,混合为主,"订阅路线通常无APC；OnlineOpen常见 USD 3,200-4,700",中,https://authorservices.wiley.com/author-resources/Journal-Authors/open-access/article-publication-charges.html,https://www.google.com/search?q=Critical+Care+Research+and+Practice+aims+scope+instructions+for+authors+APC
1574,4-Q3,0,Journal of Evidence-Based Psychotherapies,J EVID-BASED PSYCHOT,2360-0853,,1.4,1.3,Q3,127/184,Q4,Q4,0.38,31.3,15.0,208.0,"PSYCHOLOGY, CLINICAL","PSYCHOLOGY, CLINICAL(JIF Q3/JCI Q4)",INT INST ADVANCED STUDIES PSYCHOTHERAPY & APPLIED MENTAL HEALTH,其他,否,SSCI,需核实,请查期刊官网 Author / Open Access 页面,未知,,https://www.google.com/search?q=Journal+of+Evidence-Based+Psychotherapies+aims+scope+instructions+for+authors+APC
1575,4-Q3,0,Rorschachiana,RORSCHACHIANA,1192-5604,2151-206X,1.2,,Q3,135/184,Q2,Q2,0.77,26.9,15.0,169.0,"PSYCHOLOGY, CLINICAL","PSYCHOLOGY, CLINICAL(JIF Q3/JCI Q2)",HOGREFE & HUBER PUBLISHERS,其他,否,ESCI,需核实,请查期刊官网 Author / Open Access 页面,未知,,https://www.google.com/search?q=Rorschachiana+aims+scope+instructions+for+authors+APC
1576,4-Q3,0,MEDICAL PROBLEMS OF PERFORMING ARTISTS,MED PROBL PERFORM AR,0885-1158,1938-2766,0.9,0.9,Q3,195/336,Q1,Q1,1.88,42.1,15.0,839.0,"MEDICINE, GENERAL & INTERNAL","MEDICINE, GENERAL & INTERNAL(JIF Q3/JCI Q1)",SCIENCE & MEDICINE INC,其他,是,SCIE; AHCI,需核实,请查期刊官网 Author / Open Access 页面,未知,,https://www.google.com/search?q=MEDICAL+PROBLEMS+OF+PERFORMING+ARTISTS+aims+scope+instructions+for+authors+APC
1577,4-Q3,0,ARCHIVUM IMMUNOLOGIAE ET THERAPIAE EXPERIMENTALIS,ARCH IMMUNOL THER EX,0004-069X,1661-4917,3.2,2.8,Q3,103/183,Q3,Q3,0.53,44.0,14.0,1970.0,IMMUNOLOGY,IMMUNOLOGY(JIF Q3/JCI Q3),DE GRUYTER POLAND SP Z O O,De Gruyter,是,SCIE,混合/OA,因刊而异,中,https://www.degruyter.com/publishing/publications/openaccess,https://www.google.com/search?q=ARCHIVUM+IMMUNOLOGIAE+ET+THERAPIAE+EXPERIMENTALIS+aims+scope+instructions+for+authors+APC
1578,4-Q3,0,Hereditary Cancer in Clinical Practice,HERED CANCER CLIN PR,1731-2302,1897-4287,2.8,2.3,Q3,179/333,Q3,Q3,0.46,46.4,14.0,666.0,ONCOLOGY,ONCOLOGY(JIF Q3/JCI Q3),BMC,BMC,是,SCIE,全OA,"约 USD 1,990-2,890（旗舰刊更高）",高,https://www.biomedcentral.com/getpublished/article-processing-charges,https://www.google.com/search?q=Hereditary+Cancer+in+Clinical+Practice+aims+scope+instructions+for+authors+APC
1579,4-Q3,0,JOURNAL OF MOLECULAR RECOGNITION,J MOL RECOGNIT,0952-3499,1099-1352,2.7,2.7,Q3,42/81,Q2,Q2,0.69,33.7,14.0,2147.0,BIOCHEMISTRY & MOLECULAR BIOLOGY,BIOCHEMISTRY & MOLECULAR BIOLOGY(JIF Q3/JCI Q2),WILEY,Wiley,是,SCIE,混合为主,"订阅路线通常无APC；OnlineOpen常见 USD 3,200-4,700",中,https://authorservices.wiley.com/author-resources/Journal-Authors/open-access/article-publication-charges.html,https://www.google.com/search?q=JOURNAL+OF+MOLECULAR+RECOGNITION+aims+scope+instructions+for+authors+APC
1580,4-Q3,0,International Journal of Telemedicine and Applications,INT J TELEMED APPL,1687-6415,1687-6423,2.2,4.3,Q3,111/194,Q3,Q3,0.61,43.0,14.0,516.0,HEALTH CARE SCIENCES & SERVICES,HEALTH CARE SCIENCES & SERVICES(JIF Q3/JCI Q3),WILEY,Wiley,否,ESCI,混合为主,"订阅路线通常无APC；OnlineOpen常见 USD 3,200-4,700",中,https://authorservices.wiley.com/author-resources/Journal-Authors/open-access/article-publication-charges.html,https://www.google.com/search?q=International+Journal+of+Telemedicine+and+Applications+aims+scope+instructions+for+authors+APC
1581,4-Q3,0,Advances in Virology,ADV VIROL,1687-8639,1687-8647,2.1,1.5,Q3,30/44,Q3,Q3,0.41,33.0,14.0,358.0,VIROLOGY,VIROLOGY(JIF Q3/JCI Q3),WILEY,Wiley,否,ESCI,混合为主,"订阅路线通常无APC；OnlineOpen常见 USD 3,200-4,700",中,https://authorservices.wiley.com/author-resources/Journal-Authors/open-access/article-publication-charges.html,https://www.google.com/search?q=Advances+in+Virology+aims+scope+instructions+for+authors+APC
1582,4-Q3,0,Rheumatology & Autoimmunity,RHEUMATOL AUTOIMMUN,2767-1410,2767-1429,1.8,1.6,Q3,38/58,Q4,Q4,0.28,35.3,14.0,156.0,IMMUNOLOGY; RHEUMATOLOGY,IMMUNOLOGY(JIF Q4/JCI Q4) | RHEUMATOLOGY(JIF Q3/JCI Q4),WILEY,Wiley,否,ESCI,混合为主,"订阅路线通常无APC；OnlineOpen常见 USD 3,200-4,700",中,https://authorservices.wiley.com/author-resources/Journal-Authors/open-access/article-publication-charges.html,https://www.google.com/search?q=Rheumatology+&+Autoimmunity+aims+scope+instructions+for+authors+APC
1583,4-Q3,0,Informatics for Health & Social Care,INFORM HEALTH SOC CA,1753-8157,1753-8165,1.7,3.1,Q3,141/194,Q3,Q3,0.53,27.6,14.0,905.0,HEALTH CARE SCIENCES & SERVICES; MEDICAL INFORMATICS,HEALTH CARE SCIENCES & SERVICES(JIF Q3/JCI Q3) | MEDICAL INFORMATICS(JIF Q4/JCI Q4),TAYLOR & FRANCIS INC,Taylor & Francis,是,SCIE,混合为主,"订阅路线通常无APC；Open Select常见 USD 2,500-3,500",中,https://authorservices.taylorandfrancis.com/publishing-open-access/,https://www.google.com/search?q=Informatics+for+Health+&+Social+Care+aims+scope+instructions+for+authors+APC
1584,4-Q3,0,Hong Kong Journal of Occupational Therapy,HONG KONG J OCCUP TH,1569-1861,1876-4398,1.6,1.6,Q3,95/175,Q3,Q3,0.62,46.0,14.0,321.0,REHABILITATION,REHABILITATION(JIF Q3/JCI Q3),SAGE PUBLICATIONS LTD,SAGE,是,SCIE,混合为主,"订阅路线通常无APC；SAGE Choice常见 USD 2,000-4,000",中,https://us.sagepub.com/en-us/nam/sage-choice,https://www.google.com/search?q=Hong+Kong+Journal+of+Occupational+Therapy+aims+scope+instructions+for+authors+APC
1585,4-Q3,0,Logopedics Phoniatrics Vocology,LOGOP PHONIATR VOCO,1401-5439,1651-2022,1.0,1.6,Q3,48/67,Q4,Q4,0.43,29.1,14.0,710.0,AUDIOLOGY & SPEECH-LANGUAGE PATHOLOGY; OTORHINOLARYNGOLOGY,AUDIOLOGY & SPEECH-LANGUAGE PATHOLOGY(JIF Q4/JCI Q4) | OTORHINOLARYNGOLOGY(JIF Q3/JCI Q4),TAYLOR & FRANCIS LTD,Taylor & Francis,是,SCIE,混合为主,"订阅路线通常无APC；Open Select常见 USD 2,500-3,500",中,https://authorservices.taylorandfrancis.com/publishing-open-access/,https://www.google.com/search?q=Logopedics+Phoniatrics+Vocology+aims+scope+instructions+for+authors+APC
1586,4-Q3,0,CELLULAR MICROBIOLOGY,CELL MICROBIOL,1462-5814,1462-5822,2.6,3.5,Q3,112/167,Q4,Q4,0.3,33.2,13.0,7870.0,CELL BIOLOGY; MICROBIOLOGY,CELL BIOLOGY(JIF Q3/JCI Q4) | MICROBIOLOGY(JIF Q3/JCI Q4),WILEY,Wiley,是,SCIE,混合为主,"订阅路线通常无APC；OnlineOpen常见 USD 3,200-4,700",中,https://authorservices.wiley.com/author-resources/Journal-Authors/open-access/article-publication-charges.html,https://www.google.com/search?q=CELLULAR+MICROBIOLOGY+aims+scope+instructions+for+authors+APC
1587,4-Q3,0,Journal of Immunotoxicology,J IMMUNOTOXICOL,1547-691X,1547-6901,2.5,3.0,Q3,71/106,Q2,Q2,0.77,33.5,13.0,1078.0,TOXICOLOGY,TOXICOLOGY(JIF Q3/JCI Q2),TAYLOR & FRANCIS LTD,Taylor & Francis,是,SCIE,混合为主,"订阅路线通常无APC；Open Select常见 USD 2,500-3,500",中,https://authorservices.taylorandfrancis.com/publishing-open-access/,https://www.google.com/search?q=Journal+of+Immunotoxicology+aims+scope+instructions+for+authors+APC
1588,4-Q3,0,Neuroglia,NEUROGLIA-BASEL,,2571-6980,2.2,,Q3,241/330,Q4,Q4,0.31,27.1,13.0,174.0,NEUROSCIENCES,NEUROSCIENCES(JIF Q3/JCI Q4),MDPI,MDPI,否,ESCI,全OA,"约 CHF 1,600-2,900（如 JCM=CHF 2,600）",高,https://www.mdpi.com/about/apc,https://www.google.com/search?q=Neuroglia+aims+scope+instructions+for+authors+APC
1589,4-Q3,0,Apunts Sports Medicine,APUNTS SPORTS MED,,2666-5069,2.0,1.9,Q3,70/136,Q3,Q3,0.57,48.9,13.0,170.0,SPORT SCIENCES,SPORT SCIENCES(JIF Q3/JCI Q3),ELSEVIER ESPANA,Elsevier,否,ESCI,混合为主,"订阅路线通常无APC；Gold OA常见 USD 2,200-4,200",中,https://www.elsevier.com/open-access/agreements,https://www.google.com/search?q=Apunts+Sports+Medicine+aims+scope+instructions+for+authors+APC
1590,4-Q3,0,Pulmonary Medicine,PULM MED,2090-1836,2090-1844,1.9,2.6,Q3,73/107,Q3,Q3,0.51,32.2,13.0,578.0,RESPIRATORY SYSTEM,RESPIRATORY SYSTEM(JIF Q3/JCI Q3),WILEY,Wiley,否,ESCI,混合为主,"订阅路线通常无APC；OnlineOpen常见 USD 3,200-4,700",中,https://authorservices.wiley.com/author-resources/Journal-Authors/open-access/article-publication-charges.html,https://www.google.com/search?q=Pulmonary+Medicine+aims+scope+instructions+for+authors+APC
1591,4-Q3,0,HLRP-Health Literacy Research and Practice,HLRP-HEALTH LIT RES,2475-6024,2474-8307,1.6,,Q3,301/443,Q3,Q3,0.49,32.2,13.0,802.0,"PUBLIC, ENVIRONMENTAL & OCCUPATIONAL HEALTH","PUBLIC, ENVIRONMENTAL & OCCUPATIONAL HEALTH(JIF Q3/JCI Q3)",SLACK INC,其他,否,ESCI,需核实,请查期刊官网 Author / Open Access 页面,未知,,https://www.google.com/search?q=HLRP-Health+Literacy+Research+and+Practice+aims+scope+instructions+for+authors+APC
1592,4-Q3,0,Journal of Pregnancy,J PREGNANCY,2090-2727,2090-2735,1.5,2.5,Q3,97/143,Q3,Q3,0.61,32.5,13.0,960.0,OBSTETRICS & GYNECOLOGY,OBSTETRICS & GYNECOLOGY(JIF Q3/JCI Q3),WILEY,Wiley,否,ESCI,混合为主,"订阅路线通常无APC；OnlineOpen常见 USD 3,200-4,700",中,https://authorservices.wiley.com/author-resources/Journal-Authors/open-access/article-publication-charges.html,https://www.google.com/search?q=Journal+of+Pregnancy+aims+scope+instructions+for+authors+APC
1593,4-Q3,0,Clinical Medicine Insights-Arthritis and Musculoskeletal Disorders,CLIN MED INSIGHTS-AR,1179-5441,1179-5441,1.2,1.7,Q3,109/147,Q3,Q3,0.67,26.2,13.0,389.0,ORTHOPEDICS,ORTHOPEDICS(JIF Q3/JCI Q3),SAGE PUBLICATIONS LTD,SAGE,否,ESCI,混合为主,"订阅路线通常无APC；SAGE Choice常见 USD 2,000-4,000",中,https://us.sagepub.com/en-us/nam/sage-choice,https://www.google.com/search?q=Clinical+Medicine+Insights-Arthritis+and+Musculoskeletal+Disorders+aims+scope+instructions+for+authors+APC
1594,4-Q3,0,Annals of Laparoscopic and Endoscopic Surgery,ANN LAPAROSC ENDOSC,2518-6973,2518-6973,1.2,0.9,Q3,219/321,Q4,Q4,0.31,31.9,13.0,286.0,SURGERY,SURGERY(JIF Q3/JCI Q4),AME PUBLISHING COMPANY,其他,否,ESCI,需核实,请查期刊官网 Author / Open Access 页面,未知,,https://www.google.com/search?q=Annals+of+Laparoscopic+and+Endoscopic+Surgery+aims+scope+instructions+for+authors+APC
1595,4-Q3,0,JRSM Open,JRSM OPEN,2054-2704,2054-2704,0.7,,Q3,215/336,Q3,Q3,0.23,36.2,13.0,260.0,"MEDICINE, GENERAL & INTERNAL","MEDICINE, GENERAL & INTERNAL(JIF Q3/JCI Q3)",SAGE PUBLICATIONS INC,SAGE,否,ESCI,混合为主,"订阅路线通常无APC；SAGE Choice常见 USD 2,000-4,000",中,https://us.sagepub.com/en-us/nam/sage-choice,https://www.google.com/search?q=JRSM+Open+aims+scope+instructions+for+authors+APC
1596,4-Q3,0,American Journal of Stem Cells,AM J STEM CELLS,2160-4150,2160-4150,2.7,2.0,Q3,148/207,Q4,Q4,0.21,28.7,12.0,240.0,CELL BIOLOGY,CELL BIOLOGY(JIF Q3/JCI Q4),E-CENTURY PUBLISHING CORP,其他,否,ESCI,需核实,请查期刊官网 Author / Open Access 页面,未知,,https://www.google.com/search?q=American+Journal+of+Stem+Cells+aims+scope+instructions+for+authors+APC
1597,4-Q3,0,CURRENT DIABETES REVIEWS,CURR DIABETES REV,1573-3998,1875-6417,2.6,3.1,Q3,128/198,Q4,Q4,0.38,35.6,12.0,3103.0,ENDOCRINOLOGY & METABOLISM,ENDOCRINOLOGY & METABOLISM(JIF Q3/JCI Q4),BENTHAM SCIENCE PUBL LTD,其他,否,ESCI,需核实,请查期刊官网 Author / Open Access 页面,未知,,https://www.google.com/search?q=CURRENT+DIABETES+REVIEWS+aims+scope+instructions+for+authors+APC
1598,4-Q3,0,Hepatic Medicine-Evidence and Research,HEPATIC MED-EVID RES,1179-1535,1179-1535,2.5,2.8,Q3,85/153,Q3,Q3,0.39,44.8,12.0,472.0,GASTROENTEROLOGY & HEPATOLOGY,GASTROENTEROLOGY & HEPATOLOGY(JIF Q3/JCI Q3),DOVE MEDICAL PRESS LTD,其他,否,ESCI,需核实,请查期刊官网 Author / Open Access 页面,未知,,https://www.google.com/search?q=Hepatic+Medicine-Evidence+and+Research+aims+scope+instructions+for+authors+APC
1599,4-Q3,0,Lifestyle Genomics,LIFESTYLE GENOM,2504-3161,2504-3188,2.3,2.1,Q3,114/192,Q3,Q3,0.45,40.9,12.0,198.0,GENETICS & HEREDITY; NUTRITION & DIETETICS,GENETICS & HEREDITY(JIF Q3/JCI Q3) | NUTRITION & DIETETICS(JIF Q3/JCI Q3),KARGER,Karger,是,SCIE,混合/OA,"因刊而异，常见 USD 2,500-3,800",中,https://karger.com/pages/Open-Access,https://www.google.com/search?q=Lifestyle+Genomics+aims+scope+instructions+for+authors+APC
1600,4-Q3,0,GEN Biotechnology,GEN BIOTECHNOL,2768-1572,2768-1556,2.1,2.5,Q3,133/180,Q4,Q4,0.41,26.4,12.0,187.0,BIOTECHNOLOGY & APPLIED MICROBIOLOGY,BIOTECHNOLOGY & APPLIED MICROBIOLOGY(JIF Q3/JCI Q4),SAGE PUBLICATIONS INC,SAGE,否,ESCI,混合为主,"订阅路线通常无APC；SAGE Choice常见 USD 2,000-4,000",中,https://us.sagepub.com/en-us/nam/sage-choice,https://www.google.com/search?q=GEN+Biotechnology+aims+scope+instructions+for+authors+APC
1601,4-Q3,0,Dermatology Research and Practice,DERMAT RES PRACT,1687-6105,1687-6113,2.0,2.2,Q3,55/99,Q2,Q2,0.64,44.9,12.0,761.0,DERMATOLOGY,DERMATOLOGY(JIF Q3/JCI Q2),WILEY,Wiley,否,ESCI,混合为主,"订阅路线通常无APC；OnlineOpen常见 USD 3,200-4,700",中,https://authorservices.wiley.com/author-resources/Journal-Authors/open-access/article-publication-charges.html,https://www.google.com/search?q=Dermatology+Research+and+Practice+aims+scope+instructions+for+authors+APC
1602,4-Q3,0,Journal of Tissue Engineering and Regenerative Medicine,J TISSUE ENG REGEN M,1932-6254,1932-7005,2.0,3.2,Q3,94/130,Q3,Q3,0.48,28.1,12.0,5228.0,"BIOTECHNOLOGY & APPLIED MICROBIOLOGY; CELL & TISSUE ENGINEERING; CELL BIOLOGY; ENGINEERING, BIOMEDICAL","BIOTECHNOLOGY & APPLIED MICROBIOLOGY(JIF Q4/JCI Q3) | CELL & TISSUE ENGINEERING(JIF Q4/JCI Q3) | CELL BIOLOGY(JIF Q4/JCI Q3) | ENGINEERING, BIOMEDICAL(JIF Q3/JCI Q3)",WILEY,Wiley,是,SCIE,混合为主,"订阅路线通常无APC；OnlineOpen常见 USD 3,200-4,700",中,https://authorservices.wiley.com/author-resources/Journal-Authors/open-access/article-publication-charges.html,https://www.google.com/search?q=Journal+of+Tissue+Engineering+and+Regenerative+Medicine+aims+scope+instructions+for+authors+APC
1603,4-Q3,0,JOMR-Journal of Oral & Maxillofacial Research,JOMR-J ORAL MAXIL RE,2029-283X,2029-283X,1.6,,Q3,104/165,Q4,Q4,0.37,37.3,12.0,641.0,"DENTISTRY, ORAL SURGERY & MEDICINE","DENTISTRY, ORAL SURGERY & MEDICINE(JIF Q3/JCI Q4)",UAB Stilus Optimus,其他,否,ESCI,需核实,请查期刊官网 Author / Open Access 页面,未知,,https://www.google.com/search?q=JOMR-Journal+of+Oral+&+Maxillofacial+Research+aims+scope+instructions+for+authors+APC
1604,4-Q3,0,Journal of Transplantation,J TRANSPLANT,2090-0007,2090-0015,1.5,1.9,Q3,189/321,Q3,Q3,0.63,41.3,12.0,329.0,SURGERY,SURGERY(JIF Q3/JCI Q3),WILEY,Wiley,否,ESCI,混合为主,"订阅路线通常无APC；OnlineOpen常见 USD 3,200-4,700",中,https://authorservices.wiley.com/author-resources/Journal-Authors/open-access/article-publication-charges.html,https://www.google.com/search?q=Journal+of+Transplantation+aims+scope+instructions+for+authors+APC
1605,4-Q3,0,Florence Nightingale Journal of Nursing,FLOR NIGHT J NURS,2687-6442,2687-6442,1.5,1.6,Q3,118/194,Q3,Q3,0.46,39.4,12.0,666.0,NURSING,NURSING(JIF Q3/JCI Q3),AVES,其他,否,ESCI,需核实,请查期刊官网 Author / Open Access 页面,未知,,https://www.google.com/search?q=Florence+Nightingale+Journal+of+Nursing+aims+scope+instructions+for+authors+APC
1606,4-Q3,0,PLASMID,PLASMID,0147-619X,1095-9890,2.3,2.0,Q3,114/192,Q3,Q3,0.59,40.9,11.0,1548.0,GENETICS & HEREDITY; MICROBIOLOGY,GENETICS & HEREDITY(JIF Q3/JCI Q3) | MICROBIOLOGY(JIF Q3/JCI Q3),ACADEMIC PRESS INC ELSEVIER SCIENCE,Elsevier,是,SCIE,混合为主,"订阅路线通常无APC；Gold OA常见 USD 2,200-4,200",中,https://www.elsevier.com/open-access/agreements,https://www.google.com/search?q=PLASMID+aims+scope+instructions+for+authors+APC
1607,4-Q3,0,Journal of Gay & Lesbian Mental Health,J GAY LESBIAN MENT H,1935-9705,1935-9713,1.9,2.9,Q3,95/184,Q3,Q3,0.57,48.6,11.0,1078.0,"PSYCHIATRY; PSYCHOLOGY, CLINICAL","PSYCHIATRY(JIF Q3/JCI Q3) | PSYCHOLOGY, CLINICAL(JIF Q3/JCI Q3)","ROUTLEDGE JOURNALS, TAYLOR & FRANCIS LTD",Taylor & Francis,否,ESCI,混合为主,"订阅路线通常无APC；Open Select常见 USD 2,500-3,500",中,https://authorservices.taylorandfrancis.com/publishing-open-access/,https://www.google.com/search?q=Journal+of+Gay+&+Lesbian+Mental+Health+aims+scope+instructions+for+authors+APC
1608,4-Q3,0,Journal of Mental Health Policy and Economics,J MENT HEALTH POLICY,1091-4358,1099-176X,1.7,1.5,Q3,208/293,Q3,Q3,0.43,29.2,11.0,442.0,HEALTH POLICY & SERVICES; PSYCHIATRY,HEALTH POLICY & SERVICES(JIF Q4/JCI Q4) | PSYCHIATRY(JIF Q3/JCI Q3),INT CTR MENTAL HEALTH POLICY & ECONOMICS-ICMPE,其他,否,SSCI,需核实,请查期刊官网 Author / Open Access 页面,未知,,https://www.google.com/search?q=Journal+of+Mental+Health+Policy+and+Economics+aims+scope+instructions+for+authors+APC
1609,4-Q3,0,ETHNICITY & DISEASE,ETHNIC DIS,1049-510X,1945-0826,1.6,3.1,Q3,301/443,Q4,Q4,0.36,32.2,11.0,2782.0,"PUBLIC, ENVIRONMENTAL & OCCUPATIONAL HEALTH","PUBLIC, ENVIRONMENTAL & OCCUPATIONAL HEALTH(JIF Q3/JCI Q4)","ETHNICITY & DISEASE, INC",其他,是,SCIE,需核实,请查期刊官网 Author / Open Access 页面,未知,,https://www.google.com/search?q=ETHNICITY+&+DISEASE+aims+scope+instructions+for+authors+APC
1610,4-Q3,0,Wound Practice and Research,WOUND PRACT RES,1837-6304,2202-9729,1.5,1.1,Q3,67/99,Q4,Q4,0.3,32.8,11.0,345.0,DERMATOLOGY,DERMATOLOGY(JIF Q3/JCI Q4),CAMBRIDGE MEDIA,Cambridge UP,否,ESCI,混合为主,订阅路线通常无APC；Gold OA因刊而异,中,https://www.cambridge.org/core/open-research/open-access,https://www.google.com/search?q=Wound+Practice+and+Research+aims+scope+instructions+for+authors+APC
1611,4-Q3,0,Otology & Neurotology Open,OTOL NEUROTOL OPEN,,2766-3604,1.3,1.6,Q3,39/67,Q3,Q3,0.53,42.5,11.0,94.0,OTORHINOLARYNGOLOGY,OTORHINOLARYNGOLOGY(JIF Q3/JCI Q3),LIPPINCOTT WILLIAMS & WILKINS,Wolters Kluwer/LWW,否,ESCI,混合为主,"订阅路线通常无APC；OA常见 USD 2,000-4,000；MEDICINE已拉黑",中,https://wkauthorservices.editage.com/open-access/,https://www.google.com/search?q=Otology+&+Neurotology+Open+aims+scope+instructions+for+authors+APC
1612,4-Q3,0,Journal for Specialists in Group Work,J SPEC GROUP WORK,0193-3922,1549-6295,1.2,1.3,Q3,135/184,Q4,Q4,0.43,26.9,11.0,438.0,"PSYCHOLOGY, CLINICAL","PSYCHOLOGY, CLINICAL(JIF Q3/JCI Q4)","ROUTLEDGE JOURNALS, TAYLOR & FRANCIS LTD",Taylor & Francis,否,ESCI,混合为主,"订阅路线通常无APC；Open Select常见 USD 2,500-3,500",中,https://authorservices.taylorandfrancis.com/publishing-open-access/,https://www.google.com/search?q=Journal+for+Specialists+in+Group+Work+aims+scope+instructions+for+authors+APC
1613,4-Q3,0,CANCER JOURNAL,CANCER J,1528-9117,1540-336X,2.1,2.8,Q3,236/333,Q4,Q4,0.34,29.3,10.0,2925.0,ONCOLOGY,ONCOLOGY(JIF Q3/JCI Q4),LIPPINCOTT WILLIAMS & WILKINS,Wolters Kluwer/LWW,是,SCIE,混合为主,"订阅路线通常无APC；OA常见 USD 2,000-4,000；MEDICINE已拉黑",中,https://wkauthorservices.editage.com/open-access/,https://www.google.com/search?q=CANCER+JOURNAL+aims+scope+instructions+for+authors+APC
1614,4-Q3,0,Journal of Experimental Psychopathology,J EXP PSYCHOPATHOL,,2043-8087,1.9,2.0,Q3,95/184,Q3,Q3,0.52,48.6,10.0,827.0,"PSYCHIATRY; PSYCHOLOGY, CLINICAL","PSYCHIATRY(JIF Q3/JCI Q3) | PSYCHOLOGY, CLINICAL(JIF Q3/JCI Q3)",SAGE PUBLICATIONS LTD,SAGE,否,SSCI,混合为主,"订阅路线通常无APC；SAGE Choice常见 USD 2,000-4,000",中,https://us.sagepub.com/en-us/nam/sage-choice,https://www.google.com/search?q=Journal+of+Experimental+Psychopathology+aims+scope+instructions+for+authors+APC
1615,4-Q3,0,Stroke Research and Treatment,STROKE RES TREAT,2090-8105,2042-0056,1.8,2.0,Q3,66/100,Q3,Q3,0.44,34.5,10.0,896.0,PERIPHERAL VASCULAR DISEASE,PERIPHERAL VASCULAR DISEASE(JIF Q3/JCI Q3),WILEY,Wiley,否,ESCI,混合为主,"订阅路线通常无APC；OnlineOpen常见 USD 3,200-4,700",中,https://authorservices.wiley.com/author-resources/Journal-Authors/open-access/article-publication-charges.html,https://www.google.com/search?q=Stroke+Research+and+Treatment+aims+scope+instructions+for+authors+APC
1616,4-Q3,0,EuroBiotech Journal,EUROBIOTECH J,,2564-615X,1.3,1.3,Q3,79/140,Q3,Q3,0.26,43.9,10.0,230.0,MULTIDISCIPLINARY SCIENCES,MULTIDISCIPLINARY SCIENCES(JIF Q3/JCI Q3),Paradigm Publishing Services-De Gruyter Brill Sp Zoo,De Gruyter,否,ESCI,混合/OA,因刊而异,中,https://www.degruyter.com/publishing/publications/openaccess,https://www.google.com/search?q=EuroBiotech+Journal+aims+scope+instructions+for+authors+APC
1617,4-Q3,0,AMERICAN INDIAN AND ALASKA NATIVE MENTAL HEALTH RESEARCH,AM INDIAN ALASKA NAT,1533-7731,1533-7731,1.2,1.6,Q3,135/184,Q4,Q4,0.38,26.9,10.0,400.0,"PSYCHOLOGY, CLINICAL","PSYCHOLOGY, CLINICAL(JIF Q3/JCI Q4)",UNIV PRESS COLORADO,其他,否,SSCI,需核实,请查期刊官网 Author / Open Access 页面,未知,,https://www.google.com/search?q=AMERICAN+INDIAN+AND+ALASKA+NATIVE+MENTAL+HEALTH+RESEARCH+aims+scope+instructions+for+authors+APC
1618,4-Q3,0,Research and Reports in Tropical Medicine,RES REP TROP MED,1179-7282,1179-7282,2.7,4.5,Q3,106/191,Q3,Q3,0.49,44.8,9.0,553.0,"MEDICINE, RESEARCH & EXPERIMENTAL","MEDICINE, RESEARCH & EXPERIMENTAL(JIF Q3/JCI Q3)",DOVE MEDICAL PRESS LTD,其他,否,ESCI,需核实,请查期刊官网 Author / Open Access 页面,未知,,https://www.google.com/search?q=Research+and+Reports+in+Tropical+Medicine+aims+scope+instructions+for+authors+APC
1619,4-Q3,0,Current Opinion in Toxicology,CURR OPIN TOXICOL,2468-2020,2468-2020,2.4,5.9,Q3,74/106,Q1,Q1,1.06,30.7,9.0,2016.0,TOXICOLOGY,TOXICOLOGY(JIF Q3/JCI Q1),ELSEVIER,Elsevier,否,ESCI,混合为主,"订阅路线通常无APC；Gold OA常见 USD 2,200-4,200",中,https://www.elsevier.com/open-access/agreements,https://www.google.com/search?q=Current+Opinion+in+Toxicology+aims+scope+instructions+for+authors+APC
1620,4-Q3,0,Molecular & Cellular Oncology,MOL CELL ONCOL,,2372-3556,2.1,2.5,Q3,236/333,Q4,Q4,0.39,29.3,9.0,1092.0,ONCOLOGY,ONCOLOGY(JIF Q3/JCI Q4),TAYLOR & FRANCIS INC,Taylor & Francis,否,ESCI,混合为主,"订阅路线通常无APC；Open Select常见 USD 2,500-3,500",中,https://authorservices.taylorandfrancis.com/publishing-open-access/,https://www.google.com/search?q=Molecular+&+Cellular+Oncology+aims+scope+instructions+for+authors+APC
1621,4-Q3,0,Clinical Medicine Insights-Pediatrics,CLIN MED INSIGHTS-PE,1179-5565,1179-5565,1.7,2.1,Q3,98/190,Q3,Q3,0.64,48.7,9.0,388.0,PEDIATRICS,PEDIATRICS(JIF Q3/JCI Q3),SAGE PUBLICATIONS LTD,SAGE,否,ESCI,混合为主,"订阅路线通常无APC；SAGE Choice常见 USD 2,000-4,000",中,https://us.sagepub.com/en-us/nam/sage-choice,https://www.google.com/search?q=Clinical+Medicine+Insights-Pediatrics+aims+scope+instructions+for+authors+APC
1622,4-Q3,0,Hong Kong Physiotherapy Journal,HONG KONG PHYSIOTHER,1013-7025,1876-441X,1.5,2.0,Q3,105/175,Q3,Q3,0.61,40.3,9.0,383.0,REHABILITATION,REHABILITATION(JIF Q3/JCI Q3),WORLD SCIENTIFIC PUBL CO PTE LTD,其他,否,ESCI,需核实,请查期刊官网 Author / Open Access 页面,未知,,https://www.google.com/search?q=Hong+Kong+Physiotherapy+Journal+aims+scope+instructions+for+authors+APC
1623,4-Q3,0,Radiology Research and Practice,RADIOL RES PRACT,2090-1941,2090-195X,1.4,2.4,Q3,159/217,Q3,Q3,0.45,27.0,9.0,364.0,"RADIOLOGY, NUCLEAR MEDICINE & MEDICAL IMAGING","RADIOLOGY, NUCLEAR MEDICINE & MEDICAL IMAGING(JIF Q3/JCI Q3)",WILEY,Wiley,否,ESCI,混合为主,"订阅路线通常无APC；OnlineOpen常见 USD 3,200-4,700",中,https://authorservices.wiley.com/author-resources/Journal-Authors/open-access/article-publication-charges.html,https://www.google.com/search?q=Radiology+Research+and+Practice+aims+scope+instructions+for+authors+APC
1624,4-Q3,0,Vessel Plus,VESSEL PLUS,,2574-1209,1.4,,Q3,172/237,Q4,Q4,0.2,27.6,9.0,316.0,CARDIAC & CARDIOVASCULAR SYSTEMS,CARDIAC & CARDIOVASCULAR SYSTEMS(JIF Q3/JCI Q4),OAE PUBLISHING INC,其他,否,ESCI,需核实,请查期刊官网 Author / Open Access 页面,未知,,https://www.google.com/search?q=Vessel+Plus+aims+scope+instructions+for+authors+APC
1625,4-Q3,0,Chemistry-Didactics-Ecology-Metrology,CHEM-DIDACT-ECOL-MET,1640-9019,2084-4506,0.9,0.8,Q3,94/140,Q3,Q3,0.21,33.2,9.0,84.0,MULTIDISCIPLINARY SCIENCES,MULTIDISCIPLINARY SCIENCES(JIF Q3/JCI Q3),Paradigm Publishing Services-De Gruyter Brill Sp Zoo,De Gruyter,否,ESCI,混合/OA,因刊而异,中,https://www.degruyter.com/publishing/publications/openaccess,https://www.google.com/search?q=Chemistry-Didactics-Ecology-Metrology+aims+scope+instructions+for+authors+APC
1626,4-Q3,0,Precision and Future Medicine,PRECIS FUTURE MED,2508-7940,2508-7959,0.5,1.8,Q3,241/336,Q2,Q2,0.46,28.4,9.0,220.0,"MEDICINE, GENERAL & INTERNAL","MEDICINE, GENERAL & INTERNAL(JIF Q3/JCI Q2)",SUNGKYUNKWAN UNIV SCH MEDICINE,其他,否,ESCI,需核实,请查期刊官网 Author / Open Access 页面,未知,,https://www.google.com/search?q=Precision+and+Future+Medicine+aims+scope+instructions+for+authors+APC
1627,4-Q3,0,Nutrition and Metabolic Insights,NUTR METAB INSIGHTS,1178-6388,1178-6388,2.3,2.9,Q3,76/114,Q3,Q3,0.42,33.8,8.0,549.0,NUTRITION & DIETETICS,NUTRITION & DIETETICS(JIF Q3/JCI Q3),SAGE PUBLICATIONS LTD,SAGE,否,ESCI,混合为主,"订阅路线通常无APC；SAGE Choice常见 USD 2,000-4,000",中,https://us.sagepub.com/en-us/nam/sage-choice,https://www.google.com/search?q=Nutrition+and+Metabolic+Insights+aims+scope+instructions+for+authors+APC
1628,4-Q3,0,Hepatoma Research,HEPATOMA RES,2394-5079,2454-2520,1.8,,Q3,112/153,Q4,Q4,0.25,27.1,8.0,572.0,GASTROENTEROLOGY & HEPATOLOGY; ONCOLOGY,GASTROENTEROLOGY & HEPATOLOGY(JIF Q3/JCI Q4) | ONCOLOGY(JIF Q4/JCI Q4),OAE PUBLISHING INC,其他,否,ESCI,需核实,请查期刊官网 Author / Open Access 页面,未知,,https://www.google.com/search?q=Hepatoma+Research+aims+scope+instructions+for+authors+APC
1629,4-Q3,0,Journal of Smoking Cessation,J SMOK CESS,,1834-2612,1.7,1.0,Q3,44/61,Q4,Q4,0.4,28.7,8.0,207.0,SUBSTANCE ABUSE,SUBSTANCE ABUSE(JIF Q3/JCI Q4),Maximum Academic Press,Elsevier,否,ESCI,混合为主,"订阅路线通常无APC；Gold OA常见 USD 2,200-4,200",中,https://www.elsevier.com/open-access/agreements,https://www.google.com/search?q=Journal+of+Smoking+Cessation+aims+scope+instructions+for+authors+APC
1630,4-Q3,0,QUARTERLY JOURNAL OF NUCLEAR MEDICINE AND MOLECULAR IMAGING,Q J NUCL MED MOL IM,1824-4785,1827-1936,1.4,1.2,Q3,159/217,Q3,Q3,0.42,27.0,8.0,655.0,"RADIOLOGY, NUCLEAR MEDICINE & MEDICAL IMAGING","RADIOLOGY, NUCLEAR MEDICINE & MEDICAL IMAGING(JIF Q3/JCI Q3)",EDIZIONI MINERVA MEDICA,其他,是,SCIE,需核实,请查期刊官网 Author / Open Access 页面,未知,,https://www.google.com/search?q=QUARTERLY+JOURNAL+OF+NUCLEAR+MEDICINE+AND+MOLECULAR+IMAGING+aims+scope+instructions+for+authors+APC
1631,4-Q3,0,CHROMOSOMA,CHROMOSOMA,0009-5915,1432-0886,2.5,2.3,Q3,103/192,Q3,Q3,0.47,46.6,7.0,2677.0,BIOCHEMISTRY & MOLECULAR BIOLOGY; GENETICS & HEREDITY,BIOCHEMISTRY & MOLECULAR BIOLOGY(JIF Q3/JCI Q3) | GENETICS & HEREDITY(JIF Q3/JCI Q3),SPRINGER,Springer,是,SCIE,混合为主,"订阅路线通常无APC；选OA约 USD 2,790-4,290",中,https://www.springer.com/gp/open-access,https://www.google.com/search?q=CHROMOSOMA+aims+scope+instructions+for+authors+APC
1632,4-Q3,0,Integrated Pharmacy Research and Practice,INTEGR PHARM RES PRA,2230-5254,2230-5254,2.4,2.5,Q3,215/356,Q3,Q3,0.55,39.7,7.0,580.0,PHARMACOLOGY & PHARMACY,PHARMACOLOGY & PHARMACY(JIF Q3/JCI Q3),DOVE MEDICAL PRESS LTD,其他,否,ESCI,需核实,请查期刊官网 Author / Open Access 页面,未知,,https://www.google.com/search?q=Integrated+Pharmacy+Research+and+Practice+aims+scope+instructions+for+authors+APC
1633,4-Q3,0,Journal of Laboratory and Precision Medicine,J LAB PRECIS MED,2519-9005,2519-9005,1.8,,Q3,20/33,Q4,Q4,0.43,40.9,7.0,398.0,MEDICAL LABORATORY TECHNOLOGY,MEDICAL LABORATORY TECHNOLOGY(JIF Q3/JCI Q4),AME PUBLISHING COMPANY,其他,否,ESCI,需核实,请查期刊官网 Author / Open Access 页面,未知,,https://www.google.com/search?q=Journal+of+Laboratory+and+Precision+Medicine+aims+scope+instructions+for+authors+APC
1634,4-Q3,0,Journal for Specialists in Pediatric Nursing,J SPEC PEDIATR NURS,1539-0136,1744-6155,1.1,2.1,Q3,131/190,Q3,Q3,0.61,31.3,7.0,914.0,NURSING; PEDIATRICS,NURSING(JIF Q3/JCI Q3) | PEDIATRICS(JIF Q3/JCI Q3),WILEY,Wiley,是,"SCIE, SSCI; SCIE",混合为主,"订阅路线通常无APC；OnlineOpen常见 USD 3,200-4,700",中,https://authorservices.wiley.com/author-resources/Journal-Authors/open-access/article-publication-charges.html,https://www.google.com/search?q=Journal+for+Specialists+in+Pediatric+Nursing+aims+scope+instructions+for+authors+APC
1635,4-Q3,0,Clinical Pharmacology-Advances and Applications,CLIN PHARMACOL-ADV A,1179-1438,1179-1438,2.1,2.2,Q3,240/356,Q3,Q3,0.44,32.7,6.0,532.0,PHARMACOLOGY & PHARMACY,PHARMACOLOGY & PHARMACY(JIF Q3/JCI Q3),DOVE MEDICAL PRESS LTD,其他,否,ESCI,需核实,请查期刊官网 Author / Open Access 页面,未知,,https://www.google.com/search?q=Clinical+Pharmacology-Advances+and+Applications+aims+scope+instructions+for+authors+APC
1636,4-Q3,0,Lung Cancer Management,LUNG CANCER MANAG,1758-1966,1758-1974,2.1,2.7,Q3,68/107,Q4,Q4,0.36,36.9,6.0,194.0,RESPIRATORY SYSTEM,RESPIRATORY SYSTEM(JIF Q3/JCI Q4),TAYLOR & FRANCIS LTD,Taylor & Francis,否,ESCI,混合为主,"订阅路线通常无APC；Open Select常见 USD 2,500-3,500",中,https://authorservices.taylorandfrancis.com/publishing-open-access/,https://www.google.com/search?q=Lung+Cancer+Management+aims+scope+instructions+for+authors+APC
1637,4-Q3,0,INTERVIROLOGY,INTERVIROLOGY,0300-5526,1423-0100,1.8,1.8,Q3,33/44,Q4,Q4,0.39,26.1,6.0,1036.0,VIROLOGY,VIROLOGY(JIF Q3/JCI Q4),KARGER,Karger,是,SCIE,混合/OA,"因刊而异，常见 USD 2,500-3,800",中,https://karger.com/pages/Open-Access,https://www.google.com/search?q=INTERVIROLOGY+aims+scope+instructions+for+authors+APC
1638,4-Q3,0,SPORTS MEDICINE AND ARTHROSCOPY REVIEW,SPORTS MED ARTHROSC,1062-8592,1538-1951,1.5,3.1,Q3,91/136,Q4,Q4,0.37,33.5,6.0,1506.0,SPORT SCIENCES,SPORT SCIENCES(JIF Q3/JCI Q4),LIPPINCOTT WILLIAMS & WILKINS,Wolters Kluwer/LWW,是,SCIE,混合为主,"订阅路线通常无APC；OA常见 USD 2,000-4,000；MEDICINE已拉黑",中,https://wkauthorservices.editage.com/open-access/,https://www.google.com/search?q=SPORTS+MEDICINE+AND+ARTHROSCOPY+REVIEW+aims+scope+instructions+for+authors+APC
1639,4-Q3,0,Kidney Cancer,KIDNEY CANCER,2468-4562,2468-4570,1.4,1.0,Q3,93/134,Q4,Q4,0.17,31.0,6.0,171.0,ONCOLOGY; UROLOGY & NEPHROLOGY,ONCOLOGY(JIF Q4/JCI Q4) | UROLOGY & NEPHROLOGY(JIF Q3/JCI Q4),SAGE PUBLICATIONS INC,SAGE,否,ESCI,混合为主,"订阅路线通常无APC；SAGE Choice常见 USD 2,000-4,000",中,https://us.sagepub.com/en-us/nam/sage-choice,https://www.google.com/search?q=Kidney+Cancer+aims+scope+instructions+for+authors+APC
1640,4-Q3,0,Cell Stress,CELL STRESS,,2523-0204,3.4,6.0,Q3,124/207,Q4,Q4,0.4,40.3,5.0,808.0,CELL BIOLOGY,CELL BIOLOGY(JIF Q3/JCI Q4),SHARED SCIENCE PUBLISHERS OG,其他,否,ESCI,需核实,请查期刊官网 Author / Open Access 页面,未知,,https://www.google.com/search?q=Cell+Stress+aims+scope+instructions+for+authors+APC
1641,4-Q3,0,Current Research in Neurobiology,CURR RES NEUROBIOL,,2665-945X,2.9,,Q3,193/330,Q3,Q3,0.66,41.7,5.0,461.0,NEUROSCIENCES,NEUROSCIENCES(JIF Q3/JCI Q3),ELSEVIER,Elsevier,否,ESCI,混合为主,"订阅路线通常无APC；Gold OA常见 USD 2,200-4,200",中,https://www.elsevier.com/open-access/agreements,https://www.google.com/search?q=Current+Research+in+Neurobiology+aims+scope+instructions+for+authors+APC
1642,4-Q3,0,Neurology Research International,NEUROL RES INT,2090-1852,2090-1860,2.4,2.6,Q3,225/330,Q4,Q4,0.52,32.0,5.0,577.0,NEUROSCIENCES,NEUROSCIENCES(JIF Q3/JCI Q4),WILEY,Wiley,否,ESCI,混合为主,"订阅路线通常无APC；OnlineOpen常见 USD 3,200-4,700",中,https://authorservices.wiley.com/author-resources/Journal-Authors/open-access/article-publication-charges.html,https://www.google.com/search?q=Neurology+Research+International+aims+scope+instructions+for+authors+APC
1643,4-Q3,0,BIORHEOLOGY,BIORHEOLOGY,0006-355X,1878-5034,2.3,1.5,Q3,56/103,Q3,Q3,0.46,46.1,5.0,1214.0,"ENGINEERING, BIOMEDICAL; HEMATOLOGY","ENGINEERING, BIOMEDICAL(JIF Q3/JCI Q3) | HEMATOLOGY(JIF Q3/JCI Q3)",SAGE PUBLICATIONS INC,SAGE,是,SCIE,混合为主,"订阅路线通常无APC；SAGE Choice常见 USD 2,000-4,000",中,https://us.sagepub.com/en-us/nam/sage-choice,https://www.google.com/search?q=BIORHEOLOGY+aims+scope+instructions+for+authors+APC
1644,4-Q3,0,AMERICAN JOURNAL OF PSYCHOTHERAPY,AM J PSYCHOTHER,0002-9564,2575-6559,1.7,2.8,Q3,108/184,Q1,Q1,1.2,41.6,5.0,978.0,"PSYCHOLOGY, CLINICAL","PSYCHOLOGY, CLINICAL(JIF Q3/JCI Q1)","AMER PSYCHIATRIC PUBLISHING, INC",其他,否,ESCI,需核实,请查期刊官网 Author / Open Access 页面,未知,,https://www.google.com/search?q=AMERICAN+JOURNAL+OF+PSYCHOTHERAPY+aims+scope+instructions+for+authors+APC
1645,4-Q3,0,Journal of Oral and Maxillofacial Anesthesia,J ORAL MAXIL ANESTH,,2790-8852,0.9,0.9,Q3,53/72,Q4,Q4,0.14,27.1,5.0,69.0,"ANESTHESIOLOGY; DENTISTRY, ORAL SURGERY & MEDICINE","ANESTHESIOLOGY(JIF Q3/JCI Q4) | DENTISTRY, ORAL SURGERY & MEDICINE(JIF Q4/JCI Q4)",AME PUBLISHING COMPANY,其他,否,ESCI,需核实,请查期刊官网 Author / Open Access 页面,未知,,https://www.google.com/search?q=Journal+of+Oral+and+Maxillofacial+Anesthesia+aims+scope+instructions+for+authors+APC
1646,4-Q3,0,International Journal of Academic Medicine,INT J ACAD MED,,2455-5568,0.6,0.5,Q3,227/336,Q3,Q3,0.16,32.6,5.0,221.0,"MEDICINE, GENERAL & INTERNAL","MEDICINE, GENERAL & INTERNAL(JIF Q3/JCI Q3)",WOLTERS KLUWER MEDKNOW PUBLICATIONS,Wolters Kluwer/LWW,否,ESCI,混合为主,"订阅路线通常无APC；OA常见 USD 2,000-4,000；MEDICINE已拉黑",中,https://wkauthorservices.editage.com/open-access/,https://www.google.com/search?q=International+Journal+of+Academic+Medicine+aims+scope+instructions+for+authors+APC
1647,4-Q3,0,University of Toronto Medical Journal,UNIV TOR MED J,0833-2207,1913-5440,0.5,0.3,Q3,241/336,Q4,Q4,0.04,28.4,5.0,49.0,"MEDICINE, GENERAL & INTERNAL","MEDICINE, GENERAL & INTERNAL(JIF Q3/JCI Q4)","UNIV TORONTO, MEDICAL SOC",其他,否,ESCI,需核实,请查期刊官网 Author / Open Access 页面,未知,,https://www.google.com/search?q=University+of+Toronto+Medical+Journal+aims+scope+instructions+for+authors+APC
1648,4-Q3,0,Biomolecular Concepts,BIOMOL CONCEPTS,1868-5021,1868-503X,3.2,,Q3,185/328,Q3,Q3,0.54,43.8,4.0,1097.0,BIOCHEMISTRY & MOLECULAR BIOLOGY,BIOCHEMISTRY & MOLECULAR BIOLOGY(JIF Q3/JCI Q3),WALTER DE GRUYTER GMBH,De Gruyter,否,ESCI,混合/OA,因刊而异,中,https://www.degruyter.com/publishing/publications/openaccess,https://www.google.com/search?q=Biomolecular+Concepts+aims+scope+instructions+for+authors+APC
1649,4-Q3,0,Redox Experimental Medicine,REDOX EXP MED,,2755-158X,2.4,2.5,Q3,117/191,Q4,Q4,0.25,39.0,4.0,120.0,"BIOCHEMISTRY & MOLECULAR BIOLOGY; MEDICINE, RESEARCH & EXPERIMENTAL","BIOCHEMISTRY & MOLECULAR BIOLOGY(JIF Q3/JCI Q4) | MEDICINE, RESEARCH & EXPERIMENTAL(JIF Q3/JCI Q4)",BIOSCIENTIFICA LTD,其他,否,ESCI,需核实,请查期刊官网 Author / Open Access 页面,未知,,https://www.google.com/search?q=Redox+Experimental+Medicine+aims+scope+instructions+for+authors+APC
1650,4-Q3,0,Current Reviews in Clinical and Experimental Pharmacology,CURR REV CLIN EXP PH,2772-4328,2772-4336,2.2,1.7,Q3,231/356,Q4,Q4,0.36,35.3,4.0,243.0,PHARMACOLOGY & PHARMACY,PHARMACOLOGY & PHARMACY(JIF Q3/JCI Q4),BENTHAM SCIENCE PUBL LTD,其他,否,ESCI,需核实,请查期刊官网 Author / Open Access 页面,未知,,https://www.google.com/search?q=Current+Reviews+in+Clinical+and+Experimental+Pharmacology+aims+scope+instructions+for+authors+APC
1651,4-Q3,0,Molecular Imaging,MOL IMAGING,,1536-0121,2.2,2.2,Q3,112/217,Q3,Q3,0.5,48.6,3.0,807.0,"RADIOLOGY, NUCLEAR MEDICINE & MEDICAL IMAGING","RADIOLOGY, NUCLEAR MEDICINE & MEDICAL IMAGING(JIF Q3/JCI Q3)",SAGE PUBLICATIONS INC,SAGE,是,SCIE,混合为主,"订阅路线通常无APC；SAGE Choice常见 USD 2,000-4,000",中,https://us.sagepub.com/en-us/nam/sage-choice,https://www.google.com/search?q=Molecular+Imaging+aims+scope+instructions+for+authors+APC
1652,4-Q3,0,AIDS REVIEWS,AIDS REV,1139-6121,1698-6997,2.0,2.0,Q3,100/141,Q4,Q4,0.39,29.4,3.0,526.0,IMMUNOLOGY; INFECTIOUS DISEASES,IMMUNOLOGY(JIF Q4/JCI Q4) | INFECTIOUS DISEASES(JIF Q3/JCI Q4),PERMANYER PUBL,其他,是,SCIE,需核实,请查期刊官网 Author / Open Access 页面,未知,,https://www.google.com/search?q=AIDS+REVIEWS+aims+scope+instructions+for+authors+APC
1653,4-Q3,0,Evolutionary Bioinformatics,EVOL BIOINFORM,1176-9343,1176-9343,1.6,1.7,Q3,50/67,Q4,Q4,0.37,26.1,3.0,1058.0,MATHEMATICAL & COMPUTATIONAL BIOLOGY,MATHEMATICAL & COMPUTATIONAL BIOLOGY(JIF Q3/JCI Q4),SAGE PUBLICATIONS LTD,SAGE,是,SCIE,混合为主,"订阅路线通常无APC；SAGE Choice常见 USD 2,000-4,000",中,https://us.sagepub.com/en-us/nam/sage-choice,https://www.google.com/search?q=Evolutionary+Bioinformatics+aims+scope+instructions+for+authors+APC
1654,4-Q3,0,Current Sports Medicine Reports,CURR SPORT MED REP,1537-890X,1537-8918,1.4,2.2,Q3,94/136,Q4,Q4,0.22,31.3,3.0,2758.0,SPORT SCIENCES,SPORT SCIENCES(JIF Q3/JCI Q4),LIPPINCOTT WILLIAMS & WILKINS,Wolters Kluwer/LWW,是,SCIE,混合为主,"订阅路线通常无APC；OA常见 USD 2,000-4,000；MEDICINE已拉黑",中,https://wkauthorservices.editage.com/open-access/,https://www.google.com/search?q=Current+Sports+Medicine+Reports+aims+scope+instructions+for+authors+APC
1655,4-Q3,0,INTERDISCIPLINARY SCIENCE REVIEWS,INTERDISCIPL SCI REV,0308-0188,1743-2790,1.3,1.9,Q3,113/275,Q2,Q2,0.51,43.9,3.0,755.0,MULTIDISCIPLINARY SCIENCES,MULTIDISCIPLINARY SCIENCES(JIF Q3/JCI Q2),SAGE PUBLICATIONS INC,SAGE,是,SCIE; SSCI,混合为主,"订阅路线通常无APC；SAGE Choice常见 USD 2,000-4,000",中,https://us.sagepub.com/en-us/nam/sage-choice,https://www.google.com/search?q=INTERDISCIPLINARY+SCIENCE+REVIEWS+aims+scope+instructions+for+authors+APC
1656,4-Q3,0,BIOLOGICAL BULLETIN,BIOL BULL-US,0006-3185,1939-8697,1.1,2.2,Q3,85/124,Q3,Q3,0.48,31.6,3.0,4378.0,BIOLOGY,BIOLOGY(JIF Q3/JCI Q3),UNIV CHICAGO PRESS,其他,是,SCIE,需核实,请查期刊官网 Author / Open Access 页面,未知,,https://www.google.com/search?q=BIOLOGICAL+BULLETIN+aims+scope+instructions+for+authors+APC
1657,4-Q3,0,Journal of Nucleic Acids,J NUCLEIC ACIDS,2090-0201,2090-021X,2.7,2.4,Q3,218/328,Q4,Q4,0.46,33.7,2.0,478.0,BIOCHEMISTRY & MOLECULAR BIOLOGY,BIOCHEMISTRY & MOLECULAR BIOLOGY(JIF Q3/JCI Q4),WILEY,Wiley,否,ESCI,混合为主,"订阅路线通常无APC；OnlineOpen常见 USD 3,200-4,700",中,https://authorservices.wiley.com/author-resources/Journal-Authors/open-access/article-publication-charges.html,https://www.google.com/search?q=Journal+of+Nucleic+Acids+aims+scope+instructions+for+authors+APC
1658,4-Q3,0,Current Opinion in Endocrine and Metabolic Research,CURR OPIN ENDOCR MET,,2451-9650,2.1,,Q3,148/198,Q4,Q4,0.25,25.5,1.0,805.0,ENDOCRINOLOGY & METABOLISM,ENDOCRINOLOGY & METABOLISM(JIF Q3/JCI Q4),ELSEVIER,Elsevier,否,ESCI,混合为主,"订阅路线通常无APC；Gold OA常见 USD 2,200-4,200",中,https://www.elsevier.com/open-access/agreements,https://www.google.com/search?q=Current+Opinion+in+Endocrine+and+Metabolic+Research+aims+scope+instructions+for+authors+APC
1659,4-Q3,0,Current Behavioral Neuroscience Reports,CURR BEHAV NEUROSCI,,2196-2979,1.6,2.2,Q3,213/293,Q4,Q4,0.24,27.5,1.0,651.0,NEUROSCIENCES; PSYCHIATRY,NEUROSCIENCES(JIF Q4/JCI Q4) | PSYCHIATRY(JIF Q3/JCI Q4),SPRINGERNATURE,Springer Nature,否,ESCI,混合/全OA,"全OA约 USD 2,090-3,490；Nature系更高；Scientific Reports已拉黑",中高,https://www.springernature.com/gp/open-research/journals-books/journals,https://www.google.com/search?q=Current+Behavioral+Neuroscience+Reports+aims+scope+instructions+for+authors+APC
1660,4-Q3,0,Current Transplantation Reports,CURR TRANSPLANT REP,,2196-3029,1.5,1.8,Q3,189/321,Q2,Q2,0.63,41.3,1.0,583.0,SURGERY; TRANSPLANTATION,SURGERY(JIF Q3/JCI Q3) | TRANSPLANTATION(JIF Q3/JCI Q2),SPRINGERNATURE,Springer Nature,否,ESCI,混合/全OA,"全OA约 USD 2,090-3,490；Nature系更高；Scientific Reports已拉黑",中高,https://www.springernature.com/gp/open-research/journals-books/journals,https://www.google.com/search?q=Current+Transplantation+Reports+aims+scope+instructions+for+authors+APC
1661,4-Q3,0,INTERNATIONAL ANESTHESIOLOGY CLINICS,INT ANESTHESIOL CLIN,0020-5907,1537-1913,1.3,1.0,Q3,43/72,Q3,Q3,0.44,41.0,1.0,764.0,ANESTHESIOLOGY,ANESTHESIOLOGY(JIF Q3/JCI Q3),LIPPINCOTT WILLIAMS & WILKINS,Wolters Kluwer/LWW,否,ESCI,混合为主,"订阅路线通常无APC；OA常见 USD 2,000-4,000；MEDICINE已拉黑",中,https://wkauthorservices.editage.com/open-access/,https://www.google.com/search?q=INTERNATIONAL+ANESTHESIOLOGY+CLINICS+aims+scope+instructions+for+authors+APC
1662,4-Q3,0,JOURNAL OF CHEMICAL NEUROANATOMY,J CHEM NEUROANAT,0891-0618,1873-6300,2.6,2.9,Q3,216/330,Q3,Q3,0.56,34.7,0.0,3208.0,BIOCHEMISTRY & MOLECULAR BIOLOGY; NEUROSCIENCES,BIOCHEMISTRY & MOLECULAR BIOLOGY(JIF Q3/JCI Q3) | NEUROSCIENCES(JIF Q3/JCI Q3),ELSEVIER,Elsevier,是,SCIE,混合为主,"订阅路线通常无APC；Gold OA常见 USD 2,200-4,200",中,https://www.elsevier.com/open-access/agreements,https://www.google.com/search?q=JOURNAL+OF+CHEMICAL+NEUROANATOMY+aims+scope+instructions+for+authors+APC
1663,4-Q3,0,Brain-Computer Interfaces,BRAIN-COMPUT INTERFA,2326-263X,2326-2621,2.6,2.0,Q3,79/130,Q3,Q3,0.51,39.6,0.0,397.0,"ENGINEERING, BIOMEDICAL; NEUROSCIENCES","ENGINEERING, BIOMEDICAL(JIF Q3/JCI Q3) | NEUROSCIENCES(JIF Q3/JCI Q4)",TAYLOR & FRANCIS LTD,Taylor & Francis,否,ESCI,混合为主,"订阅路线通常无APC；Open Select常见 USD 2,500-3,500",中,https://authorservices.taylorandfrancis.com/publishing-open-access/,https://www.google.com/search?q=Brain-Computer+Interfaces+aims+scope+instructions+for+authors+APC
1664,4-Q3,0,Current Trauma Reports,CURR TRAUMA REP,2198-6096,2198-6096,2.5,2.4,Q3,34/66,Q3,Q3,0.55,49.2,0.0,402.0,CRITICAL CARE MEDICINE,CRITICAL CARE MEDICINE(JIF Q3/JCI Q3),SPRINGER,Springer,否,ESCI,混合为主,"订阅路线通常无APC；选OA约 USD 2,790-4,290",中,https://www.springer.com/gp/open-access,https://www.google.com/search?q=Current+Trauma+Reports+aims+scope+instructions+for+authors+APC
1665,4-Q3,0,CRITICAL REVIEWS IN THERAPEUTIC DRUG CARRIER SYSTEMS,CRIT REV THER DRUG,0743-4863,2162-660X,2.5,2.7,Q3,205/356,Q4,Q4,0.39,42.6,0.0,1190.0,PHARMACOLOGY & PHARMACY,PHARMACOLOGY & PHARMACY(JIF Q3/JCI Q4),BEGELL HOUSE INC,其他,是,SCIE,需核实,请查期刊官网 Author / Open Access 页面,未知,,https://www.google.com/search?q=CRITICAL+REVIEWS+IN+THERAPEUTIC+DRUG+CARRIER+SYSTEMS+aims+scope+instructions+for+authors+APC
1666,4-Q3,0,Current Infectious Disease Reports,CURR INFECT DIS REP,1523-3847,1534-3146,2.4,3.6,Q3,80/141,Q4,Q4,0.39,43.6,0.0,1826.0,INFECTIOUS DISEASES,INFECTIOUS DISEASES(JIF Q3/JCI Q4),SPRINGER,Springer,是,SCIE,混合为主,"订阅路线通常无APC；选OA约 USD 2,790-4,290",中,https://www.springer.com/gp/open-access,https://www.google.com/search?q=Current+Infectious+Disease+Reports+aims+scope+instructions+for+authors+APC
1667,4-Q3,0,Biotechnology and Genetic Engineering Reviews,BIOTECHNOL GENET ENG,0264-8725,2046-5556,2.4,3.1,Q3,107/192,Q4,Q4,0.38,44.5,0.0,1635.0,BIOTECHNOLOGY & APPLIED MICROBIOLOGY; GENETICS & HEREDITY,BIOTECHNOLOGY & APPLIED MICROBIOLOGY(JIF Q3/JCI Q4) | GENETICS & HEREDITY(JIF Q3/JCI Q4),TAYLOR & FRANCIS LTD,Taylor & Francis,是,SCIE,混合为主,"订阅路线通常无APC；Open Select常见 USD 2,500-3,500",中,https://authorservices.taylorandfrancis.com/publishing-open-access/,https://www.google.com/search?q=Biotechnology+and+Genetic+Engineering+Reviews+aims+scope+instructions+for+authors+APC
1668,4-Q3,0,CURRENT OPINION IN ONCOLOGY,CURR OPIN ONCOL,1040-8746,1531-703X,2.4,2.7,Q3,214/333,Q4,Q4,0.34,35.9,0.0,2892.0,ONCOLOGY,ONCOLOGY(JIF Q3/JCI Q4),LIPPINCOTT WILLIAMS & WILKINS,Wolters Kluwer/LWW,是,SCIE,混合为主,"订阅路线通常无APC；OA常见 USD 2,000-4,000；MEDICINE已拉黑",中,https://wkauthorservices.editage.com/open-access/,https://www.google.com/search?q=CURRENT+OPINION+IN+ONCOLOGY+aims+scope+instructions+for+authors+APC
1669,4-Q3,0,CURRENT PROTEIN & PEPTIDE SCIENCE,CURR PROTEIN PEPT SC,1389-2037,1875-5550,2.4,2.8,Q3,244/328,Q4,Q4,0.21,25.8,0.0,3702.0,BIOCHEMISTRY & MOLECULAR BIOLOGY,BIOCHEMISTRY & MOLECULAR BIOLOGY(JIF Q3/JCI Q4),BENTHAM SCIENCE PUBL LTD,其他,是,SCIE,需核实,请查期刊官网 Author / Open Access 页面,未知,,https://www.google.com/search?q=CURRENT+PROTEIN+&+PEPTIDE+SCIENCE+aims+scope+instructions+for+authors+APC
1670,4-Q3,0,Gerontology and Geriatric Medicine,GERONTOL GERIATR MED,,2333-7214,2.1,2.5,Q3,53/72,Q4,Q4,0.42,27.1,0.0,1800.0,GERIATRICS & GERONTOLOGY,GERIATRICS & GERONTOLOGY(JIF Q3/JCI Q4),SAGE PUBLICATIONS INC,SAGE,否,ESCI,混合为主,"订阅路线通常无APC；SAGE Choice常见 USD 2,000-4,000",中,https://us.sagepub.com/en-us/nam/sage-choice,https://www.google.com/search?q=Gerontology+and+Geriatric+Medicine+aims+scope+instructions+for+authors+APC
1671,4-Q3,0,REVUE D EPIDEMIOLOGIE ET DE SANTE PUBLIQUE,REV EPIDEMIOL SANTE,0398-7620,1773-0627,2.1,1.2,Q3,231/443,Q4,Q4,0.39,48.0,0.0,833.0,"PUBLIC, ENVIRONMENTAL & OCCUPATIONAL HEALTH","PUBLIC, ENVIRONMENTAL & OCCUPATIONAL HEALTH(JIF Q3/JCI Q4)",MASSON EDITEUR,其他,是,SCIE,需核实,请查期刊官网 Author / Open Access 页面,未知,,https://www.google.com/search?q=REVUE+D+EPIDEMIOLOGIE+ET+DE+SANTE+PUBLIQUE+aims+scope+instructions+for+authors+APC
1672,4-Q3,0,Current Cardiovascular Risk Reports,CURR CARDIOVASC RISK,1932-9520,1932-9563,2.0,2.5,Q3,143/237,Q3,Q3,0.44,39.9,0.0,663.0,CARDIAC & CARDIOVASCULAR SYSTEMS,CARDIAC & CARDIOVASCULAR SYSTEMS(JIF Q3/JCI Q3),SPRINGER,Springer,否,ESCI,混合为主,"订阅路线通常无APC；选OA约 USD 2,790-4,290",中,https://www.springer.com/gp/open-access,https://www.google.com/search?q=Current+Cardiovascular+Risk+Reports+aims+scope+instructions+for+authors+APC
1673,4-Q3,0,Journal of Gambling Issues,J GAMBL ISSUES,1910-7595,1910-7595,2.0,1.5,Q3,40/61,Q4,Q4,0.43,35.2,0.0,391.0,SUBSTANCE ABUSE,SUBSTANCE ABUSE(JIF Q3/JCI Q4),CENTRE ADDICTION & MENTAL HEALTH-CAMH,其他,否,ESCI,需核实,请查期刊官网 Author / Open Access 页面,未知,,https://www.google.com/search?q=Journal+of+Gambling+Issues+aims+scope+instructions+for+authors+APC
1674,4-Q3,0,CURRENT OPINION IN CARDIOLOGY,CURR OPIN CARDIOL,0268-4705,1531-7080,1.9,2.0,Q3,151/237,Q3,Q3,0.34,36.5,0.0,2482.0,CARDIAC & CARDIOVASCULAR SYSTEMS,CARDIAC & CARDIOVASCULAR SYSTEMS(JIF Q3/JCI Q3),LIPPINCOTT WILLIAMS & WILKINS,Wolters Kluwer/LWW,是,SCIE,混合为主,"订阅路线通常无APC；OA常见 USD 2,000-4,000；MEDICINE已拉黑",中,https://wkauthorservices.editage.com/open-access/,https://www.google.com/search?q=CURRENT+OPINION+IN+CARDIOLOGY+aims+scope+instructions+for+authors+APC
1675,4-Q3,0,European Journal of Hybrid Imaging,EUR J HYBRID IMAG,,2510-3636,1.8,2.0,Q3,131/217,Q3,Q3,0.41,39.9,0.0,308.0,"RADIOLOGY, NUCLEAR MEDICINE & MEDICAL IMAGING","RADIOLOGY, NUCLEAR MEDICINE & MEDICAL IMAGING(JIF Q3/JCI Q3)",SPRINGERNATURE,Springer Nature,否,ESCI,混合/全OA,"全OA约 USD 2,090-3,490；Nature系更高；Scientific Reports已拉黑",中高,https://www.springernature.com/gp/open-research/journals-books/journals,https://www.google.com/search?q=European+Journal+of+Hybrid+Imaging+aims+scope+instructions+for+authors+APC
1676,4-Q3,0,Current Pharmacology Reports,CURR PHARMACOL REP,,2198-641X,1.8,,Q3,258/356,Q4,Q4,0.29,27.7,0.0,933.0,PHARMACOLOGY & PHARMACY,PHARMACOLOGY & PHARMACY(JIF Q3/JCI Q4),SPRINGERNATURE,Springer Nature,否,ESCI,混合/全OA,"全OA约 USD 2,090-3,490；Nature系更高；Scientific Reports已拉黑",中高,https://www.springernature.com/gp/open-research/journals-books/journals,https://www.google.com/search?q=Current+Pharmacology+Reports+aims+scope+instructions+for+authors+APC
1677,4-Q3,0,Current Treatment Options in Allergy,CURR TREAT OPTION AL,,2196-3053,1.7,1.7,Q3,28/40,Q3,Q3,0.4,31.3,0.0,350.0,ALLERGY,ALLERGY(JIF Q3/JCI Q3),SPRINGERNATURE,Springer Nature,否,ESCI,混合/全OA,"全OA约 USD 2,090-3,490；Nature系更高；Scientific Reports已拉黑",中高,https://www.springernature.com/gp/open-research/journals-books/journals,https://www.google.com/search?q=Current+Treatment+Options+in+Allergy+aims+scope+instructions+for+authors+APC
1678,4-Q3,0,Current Obstetrics and Gynecology Reports,CURR OBSTET GYNECOL,2161-3303,2161-3303,1.7,1.5,Q3,89/143,Q4,Q4,0.38,38.1,0.0,456.0,OBSTETRICS & GYNECOLOGY,OBSTETRICS & GYNECOLOGY(JIF Q3/JCI Q4),SPRINGER,Springer,否,ESCI,混合为主,"订阅路线通常无APC；选OA约 USD 2,790-4,290",中,https://www.springer.com/gp/open-access,https://www.google.com/search?q=Current+Obstetrics+and+Gynecology+Reports+aims+scope+instructions+for+authors+APC
1679,4-Q3,0,Current Ophthalmology Reports,CURR OPHTHALMOL REP,,2167-4868,1.5,1.5,Q3,67/98,Q4,Q4,0.39,32.1,0.0,349.0,OPHTHALMOLOGY,OPHTHALMOLOGY(JIF Q3/JCI Q4),SPRINGERNATURE,Springer Nature,否,ESCI,混合/全OA,"全OA约 USD 2,090-3,490；Nature系更高；Scientific Reports已拉黑",中高,https://www.springernature.com/gp/open-research/journals-books/journals,https://www.google.com/search?q=Current+Ophthalmology+Reports+aims+scope+instructions+for+authors+APC
1680,4-Q3,0,Current Otorhinolaryngology Reports,CURR OTORHINOL REP,,2167-583X,1.4,1.0,Q3,34/67,Q3,Q3,0.62,50.0,0.0,410.0,OTORHINOLARYNGOLOGY,OTORHINOLARYNGOLOGY(JIF Q3/JCI Q3),SPRINGERNATURE,Springer Nature,否,ESCI,混合/全OA,"全OA约 USD 2,090-3,490；Nature系更高；Scientific Reports已拉黑",中高,https://www.springernature.com/gp/open-research/journals-books/journals,https://www.google.com/search?q=Current+Otorhinolaryngology+Reports+aims+scope+instructions+for+authors+APC
1681,4-Q3,0,Current Dermatology Reports,CURR DERMATOL REP,2162-4933,2162-4933,1.4,2.2,Q3,69/99,Q3,Q3,0.45,30.8,0.0,730.0,DERMATOLOGY,DERMATOLOGY(JIF Q3/JCI Q3),SPRINGER,Springer,否,ESCI,混合为主,"订阅路线通常无APC；选OA约 USD 2,790-4,290",中,https://www.springer.com/gp/open-access,https://www.google.com/search?q=Current+Dermatology+Reports+aims+scope+instructions+for+authors+APC
1682,4-Q3,0,ORIGINS OF LIFE AND EVOLUTION OF BIOSPHERES,ORIGINS LIFE EVOL B,0169-6149,1573-0875,1.4,1.6,Q3,68/106,Q3,Q3,0.35,36.3,0.0,1505.0,BIOLOGY,BIOLOGY(JIF Q3/JCI Q3),SPRINGER,Springer,是,SCIE,混合为主,"订阅路线通常无APC；选OA约 USD 2,790-4,290",中,https://www.springer.com/gp/open-access,https://www.google.com/search?q=ORIGINS+OF+LIFE+AND+EVOLUTION+OF+BIOSPHERES+aims+scope+instructions+for+authors+APC
1683,4-Q3,0,Journal of Acupuncture and Meridian Studies,J ACUPUNCT MERIDIAN,2005-2901,2093-8152,1.3,1.6,Q3,34/48,Q4,Q4,0.29,30.2,0.0,810.0,INTEGRATIVE & COMPLEMENTARY MEDICINE,INTEGRATIVE & COMPLEMENTARY MEDICINE(JIF Q3/JCI Q4),MEDICAL ASSOC PHARMACOPUNCTURE INST-MAPI,其他,否,ESCI,需核实,请查期刊官网 Author / Open Access 页面,未知,,https://www.google.com/search?q=Journal+of+Acupuncture+and+Meridian+Studies+aims+scope+instructions+for+authors+APC
1684,4-Q3,0,Global Pediatric Health,GLOBAL PEDIATR HLTH,,2333-794X,1.1,2.0,Q3,131/190,Q3,Q3,0.53,31.3,0.0,1458.0,PEDIATRICS,PEDIATRICS(JIF Q3/JCI Q3),SAGE PUBLICATIONS INC,SAGE,否,ESCI,混合为主,"订阅路线通常无APC；SAGE Choice常见 USD 2,000-4,000",中,https://us.sagepub.com/en-us/nam/sage-choice,https://www.google.com/search?q=Global+Pediatric+Health+aims+scope+instructions+for+authors+APC
1685,4-Q3,0,University of Toronto Journal of Undergraduate Life Sciences,UNIV TOR J UNDERGRAD,1911-8899,1911-8899,1.0,0.5,Q3,75/106,Q4,Q4,0.06,29.7,0.0,12.0,BIOLOGY,BIOLOGY(JIF Q3/JCI Q4),UNIV TORONTO JOURNAL UNDERGRADUATE LIFE SCIENCES,其他,否,ESCI,需核实,请查期刊官网 Author / Open Access 页面,未知,,https://www.google.com/search?q=University+of+Toronto+Journal+of+Undergraduate+Life+Sciences+aims+scope+instructions+for+authors+APC
1686,4-Q3,0,Current Anesthesiology Reports,CURR ANESTHESIOL REP,,2167-6275,0.9,1.8,Q3,53/72,Q3,Q3,0.45,27.1,0.0,713.0,ANESTHESIOLOGY,ANESTHESIOLOGY(JIF Q3/JCI Q3),SPRINGERNATURE,Springer Nature,否,ESCI,混合/全OA,"全OA约 USD 2,090-3,490；Nature系更高；Scientific Reports已拉黑",中高,https://www.springernature.com/gp/open-research/journals-books/journals,https://www.google.com/search?q=Current+Anesthesiology+Reports+aims+scope+instructions+for+authors+APC
