序号,分层,易投指数0-5,期刊全称,ISO缩写,ISSN,eISSN,2025 JIF,5年JIF,最佳JIF分区,JIF排名(主表),最佳JCI分区,主表JCI分区,JCI,最高JIF百分位,年发文量,总被引,医学相关学科,学科及分区明细,出版商,出版商分组,是否SCIE,Web of Science版本,常见OA模式,版面费参考(须官网核实),OA付费可能性,版面费查询入口,AIM作者须知检索
1,2补-Q1且IF5到10,5,INTERNATIONAL JOURNAL OF MOLECULAR SCIENCES,INT J MOL SCI,1661-6596,1422-0067,5.6,6.3,Q1,72/328,Q2,Q2,0.68,78.2,8795.0,565688.0,BIOCHEMISTRY & MOLECULAR BIOLOGY,BIOCHEMISTRY & MOLECULAR BIOLOGY(JIF Q1/JCI Q2),MDPI,MDPI,是,SCIE,全OA,"约 CHF 1,600-2,900（如 JCM=CHF 2,600）",高,https://www.mdpi.com/about/apc,https://www.google.com/search?q=INTERNATIONAL+JOURNAL+OF+MOLECULAR+SCIENCES+aims+scope+instructions+for+authors+APC
2,2补-Q1且IF5到10,5,International Journal of Biological Macromolecules,INT J BIOL MACROMOL,0141-8130,1879-0003,8.7,8.7,Q1,6/96,Q1,Q1,1.45,89.8,8384.0,294329.0,BIOCHEMISTRY & MOLECULAR BIOLOGY,BIOCHEMISTRY & MOLECULAR BIOLOGY(JIF Q1/JCI Q1),ELSEVIER,Elsevier,是,SCIE,混合为主,"订阅路线通常无APC；Gold OA常见 USD 2,200-4,200",中,https://www.elsevier.com/open-access/agreements,https://www.google.com/search?q=International+Journal+of+Biological+Macromolecules+aims+scope+instructions+for+authors+APC
3,2补-Q1且IF5到10,5,Frontiers in Immunology,FRONT IMMUNOL,1664-3224,1664-3224,7.0,7.4,Q1,29/183,Q1,Q1,1.06,84.4,4585.0,284485.0,IMMUNOLOGY,IMMUNOLOGY(JIF Q1/JCI Q1),FRONTIERS MEDIA SA,Frontiers,是,SCIE,全OA,"约 CHF 1,495-3,150（Frontiers in Medicine A类=CHF 3,150）",高,https://www.frontiersin.org/about/fee-policy,https://www.google.com/search?q=Frontiers+in+Immunology+aims+scope+instructions+for+authors+APC
4,2补-Q1且IF5到10,5,PROCEEDINGS OF THE NATIONAL ACADEMY OF SCIENCES OF THE UNITED STATES OF AMERICA,P NATL ACAD SCI USA,0027-8424,1091-6490,9.5,10.6,Q1,14/140,Q1,Q1,2.15,90.4,3701.0,766549.0,MULTIDISCIPLINARY SCIENCES,MULTIDISCIPLINARY SCIENCES(JIF Q1/JCI Q1),NATL ACAD SCIENCES,其他,是,SCIE,需核实,请查期刊官网 Author / Open Access 页面,未知,,https://www.google.com/search?q=PROCEEDINGS+OF+THE+NATIONAL+ACADEMY+OF+SCIENCES+OF+THE+UNITED+STATES+OF+AMERICA+aims+scope+instructions+for+authors+APC
5,2补-Q1且IF5到10,5,Nutrients,NUTRIENTS,,2072-6643,5.8,6.5,Q1,19/114,Q1,Q1,0.95,83.8,2905.0,207048.0,NUTRITION & DIETETICS,NUTRITION & DIETETICS(JIF Q1/JCI Q1),MDPI,MDPI,是,SCIE,全OA,"约 CHF 1,600-2,900（如 JCM=CHF 2,600）",高,https://www.mdpi.com/about/apc,https://www.google.com/search?q=Nutrients+aims+scope+instructions+for+authors+APC
6,2补-Q1且IF5到10,5,Frontiers in Pharmacology,FRONT PHARMACOL,,1663-9812,5.4,5.8,Q1,60/356,Q1,Q1,1.07,83.3,2660.0,133302.0,PHARMACOLOGY & PHARMACY,PHARMACOLOGY & PHARMACY(JIF Q1/JCI Q1),FRONTIERS MEDIA SA,Frontiers,是,SCIE,全OA,"约 CHF 1,495-3,150（Frontiers in Medicine A类=CHF 3,150）",高,https://www.frontiersin.org/about/fee-policy,https://www.google.com/search?q=Frontiers+in+Pharmacology+aims+scope+instructions+for+authors+APC
7,2补-Q1且IF5到10,5,Frontiers in Microbiology,FRONT MICROBIOL,,1664-302X,5.8,5.9,Q1,33/167,Q2,Q2,1.04,80.5,2563.0,199597.0,MICROBIOLOGY,MICROBIOLOGY(JIF Q1/JCI Q2),FRONTIERS MEDIA SA,Frontiers,是,SCIE,全OA,"约 CHF 1,495-3,150（Frontiers in Medicine A类=CHF 3,150）",高,https://www.frontiersin.org/about/fee-policy,https://www.google.com/search?q=Frontiers+in+Microbiology+aims+scope+instructions+for+authors+APC
8,2补-Q1且IF5到10,5,ENVIRONMENTAL RESEARCH,ENVIRON RES,0013-9351,1096-0953,8.2,8.0,Q1,20/443,Q1,Q1,1.96,95.6,2274.0,110166.0,"PUBLIC, ENVIRONMENTAL & OCCUPATIONAL HEALTH","PUBLIC, ENVIRONMENTAL & OCCUPATIONAL HEALTH(JIF Q1/JCI Q1)",ACADEMIC PRESS INC ELSEVIER SCIENCE,Elsevier,是,SCIE,混合为主,"订阅路线通常无APC；Gold OA常见 USD 2,200-4,200",中,https://www.elsevier.com/open-access/agreements,https://www.google.com/search?q=ENVIRONMENTAL+RESEARCH+aims+scope+instructions+for+authors+APC
9,2补-Q1且IF5到10,5,Scientific Data,SCI DATA,,2052-4463,7.2,9.3,Q1,17/140,Q1,Q1,1.62,88.2,2122.0,55822.0,MULTIDISCIPLINARY SCIENCES,MULTIDISCIPLINARY SCIENCES(JIF Q1/JCI Q1),NATURE PORTFOLIO,Springer Nature,是,SCIE,混合/全OA,"全OA约 USD 2,090-3,490；Nature系更高；Scientific Reports已拉黑",中高,https://www.springernature.com/gp/open-research/journals-books/journals,https://www.google.com/search?q=Scientific+Data+aims+scope+instructions+for+authors+APC
10,2补-Q1且IF5到10,5,Frontiers in Nutrition,FRONT NUTR,2296-861X,2296-861X,5.5,6.1,Q1,23/114,Q1,Q1,0.95,80.3,2107.0,56304.0,NUTRITION & DIETETICS,NUTRITION & DIETETICS(JIF Q1/JCI Q1),FRONTIERS MEDIA SA,Frontiers,是,SCIE,全OA,"约 CHF 1,495-3,150（Frontiers in Medicine A类=CHF 3,150）",高,https://www.frontiersin.org/about/fee-policy,https://www.google.com/search?q=Frontiers+in+Nutrition+aims+scope+instructions+for+authors+APC
11,2补-Q1且IF5到10,5,Frontiers in Endocrinology,FRONT ENDOCRINOL,1664-2392,1664-2392,5.7,6.0,Q1,35/198,Q1,Q1,0.97,82.6,1936.0,86545.0,ENDOCRINOLOGY & METABOLISM,ENDOCRINOLOGY & METABOLISM(JIF Q1/JCI Q1),FRONTIERS MEDIA SA,Frontiers,是,SCIE,全OA,"约 CHF 1,495-3,150（Frontiers in Medicine A类=CHF 3,150）",高,https://www.frontiersin.org/about/fee-policy,https://www.google.com/search?q=Frontiers+in+Endocrinology+aims+scope+instructions+for+authors+APC
12,2补-Q1且IF5到10,5,Communications Biology,COMMUN BIOL,,2399-3642,5.8,6.3,Q1,9/106,Q1,Q1,1.66,92.0,1886.0,46196.0,BIOLOGY,BIOLOGY(JIF Q1/JCI Q1),NATURE PORTFOLIO,Springer Nature,是,SCIE,混合/全OA,"全OA约 USD 2,090-3,490；Nature系更高；Scientific Reports已拉黑",中高,https://www.springernature.com/gp/open-research/journals-books/journals,https://www.google.com/search?q=Communications+Biology+aims+scope+instructions+for+authors+APC
13,2补-Q1且IF5到10,5,ECOTOXICOLOGY AND ENVIRONMENTAL SAFETY,ECOTOX ENVIRON SAFE,0147-6513,1090-2414,6.6,6.8,Q1,9/106,Q1,Q1,1.37,92.0,1827.0,80594.0,TOXICOLOGY,TOXICOLOGY(JIF Q1/JCI Q1),ACADEMIC PRESS INC ELSEVIER SCIENCE,Elsevier,是,SCIE,混合为主,"订阅路线通常无APC；Gold OA常见 USD 2,200-4,200",中,https://www.elsevier.com/open-access/agreements,https://www.google.com/search?q=ECOTOXICOLOGY+AND+ENVIRONMENTAL+SAFETY+aims+scope+instructions+for+authors+APC
14,2补-Q1且IF5到10,5,JOURNAL OF AFFECTIVE DISORDERS,J AFFECT DISORDERS,0165-0327,1573-2517,5.7,6.3,Q1,31/296,Q1,Q1,1.51,89.7,1802.0,85558.0,CLINICAL NEUROLOGY; PSYCHIATRY,CLINICAL NEUROLOGY(JIF Q1/JCI Q1) | PSYCHIATRY(JIF Q1/JCI Q1),ELSEVIER,Elsevier,是,"SCIE; SCIE, SSCI",混合为主,"订阅路线通常无APC；Gold OA常见 USD 2,200-4,200",中,https://www.elsevier.com/open-access/agreements,https://www.google.com/search?q=JOURNAL+OF+AFFECTIVE+DISORDERS+aims+scope+instructions+for+authors+APC
15,2补-Q1且IF5到10,5,International Immunopharmacology,INT IMMUNOPHARMACOL,1567-5769,1878-1705,5.6,5.7,Q1,55/356,Q1,Q1,1.28,84.7,1707.0,56435.0,IMMUNOLOGY; PHARMACOLOGY & PHARMACY,IMMUNOLOGY(JIF Q1/JCI Q1) | PHARMACOLOGY & PHARMACY(JIF Q1/JCI Q1),ELSEVIER,Elsevier,是,SCIE,混合为主,"订阅路线通常无APC；Gold OA常见 USD 2,200-4,200",中,https://www.elsevier.com/open-access/agreements,https://www.google.com/search?q=International+Immunopharmacology+aims+scope+instructions+for+authors+APC
16,2补-Q1且IF5到10,5,BMC NURSING,BMC NURS,1472-6955,1472-6955,5.2,5.6,Q1,5/194,Q1,Q1,2.18,97.7,1588.0,15582.0,NURSING,NURSING(JIF Q1/JCI Q1),BMC,BMC,是,"SCIE, SSCI",全OA,"约 USD 1,990-2,890（旗舰刊更高）",高,https://www.biomedcentral.com/getpublished/article-processing-charges,https://www.google.com/search?q=BMC+NURSING+aims+scope+instructions+for+authors+APC
17,2补-Q1且IF5到10,5,Pharmaceuticals,PHARMACEUTICALS-BASE,,1424-8247,5.7,5.5,Q1,52/356,Q1,Q1,1.05,85.5,1349.0,44567.0,"CHEMISTRY, MEDICINAL; PHARMACOLOGY & PHARMACY","CHEMISTRY, MEDICINAL(JIF Q1/JCI Q1) | PHARMACOLOGY & PHARMACY(JIF Q1/JCI Q1)",MDPI,MDPI,是,SCIE,全OA,"约 CHF 1,600-2,900（如 JCM=CHF 2,600）",高,https://www.mdpi.com/about/apc,https://www.google.com/search?q=Pharmaceuticals+aims+scope+instructions+for+authors+APC
18,2补-Q1且IF5到10,5,Journal of Translational Medicine,J TRANSL MED,,1479-5876,9.7,8.8,Q1,20/191,Q1,Q1,1.8,89.8,1158.0,45171.0,"MEDICINE, RESEARCH & EXPERIMENTAL","MEDICINE, RESEARCH & EXPERIMENTAL(JIF Q1/JCI Q1)",BMC,BMC,是,SCIE,全OA,"约 USD 1,990-2,890（旗舰刊更高）",高,https://www.biomedcentral.com/getpublished/article-processing-charges,https://www.google.com/search?q=Journal+of+Translational+Medicine+aims+scope+instructions+for+authors+APC
19,2补-Q1且IF5到10,5,Pharmaceutics,PHARMACEUTICS,,1999-4923,6.9,6.7,Q1,34/356,Q1,Q1,1.26,90.6,1146.0,82501.0,PHARMACOLOGY & PHARMACY,PHARMACOLOGY & PHARMACY(JIF Q1/JCI Q1),MDPI,MDPI,是,SCIE,全OA,"约 CHF 1,600-2,900（如 JCM=CHF 2,600）",高,https://www.mdpi.com/about/apc,https://www.google.com/search?q=Pharmaceutics+aims+scope+instructions+for+authors+APC
20,2补-Q1且IF5到10,5,Frontiers in Cellular and Infection Microbiology,FRONT CELL INFECT MI,2235-2988,2235-2988,5.5,6.1,Q1,36/167,Q2,Q2,0.94,78.7,1146.0,52581.0,IMMUNOLOGY; MICROBIOLOGY,IMMUNOLOGY(JIF Q1/JCI Q2) | MICROBIOLOGY(JIF Q1/JCI Q2),FRONTIERS MEDIA SA,Frontiers,是,SCIE,全OA,"约 CHF 1,495-3,150（Frontiers in Medicine A类=CHF 3,150）",高,https://www.frontiersin.org/about/fee-policy,https://www.google.com/search?q=Frontiers+in+Cellular+and+Infection+Microbiology+aims+scope+instructions+for+authors+APC
21,2补-Q1且IF5到10,5,Antioxidants,ANTIOXIDANTS-BASEL,,2076-3921,8.2,8.5,Q1,5/72,Q1,Q1,1.22,93.8,1139.0,91446.0,"BIOCHEMISTRY & MOLECULAR BIOLOGY; CHEMISTRY, MEDICINAL","BIOCHEMISTRY & MOLECULAR BIOLOGY(JIF Q1/JCI Q1) | CHEMISTRY, MEDICINAL(JIF Q1/JCI Q1)",MDPI,MDPI,是,SCIE,全OA,"约 CHF 1,600-2,900（如 JCM=CHF 2,600）",高,https://www.mdpi.com/about/apc,https://www.google.com/search?q=Antioxidants+aims+scope+instructions+for+authors+APC
22,2补-Q1且IF5到10,5,Biomolecules,BIOMOLECULES,,2218-273X,5.6,6.2,Q1,72/328,Q2,Q2,0.71,78.2,1087.0,65970.0,BIOCHEMISTRY & MOLECULAR BIOLOGY,BIOCHEMISTRY & MOLECULAR BIOLOGY(JIF Q1/JCI Q2),MDPI,MDPI,是,SCIE,全OA,"约 CHF 1,600-2,900（如 JCM=CHF 2,600）",高,https://www.mdpi.com/about/apc,https://www.google.com/search?q=Biomolecules+aims+scope+instructions+for+authors+APC
23,2补-Q1且IF5到10,5,Antibiotics-Basel,ANTIBIOTICS-BASEL,2079-6382,2079-6382,5.5,5.7,Q1,18/141,Q1,Q1,1.16,87.6,1045.0,45630.0,INFECTIOUS DISEASES; PHARMACOLOGY & PHARMACY,INFECTIOUS DISEASES(JIF Q1/JCI Q1) | PHARMACOLOGY & PHARMACY(JIF Q1/JCI Q1),MDPI,MDPI,是,SCIE,全OA,"约 CHF 1,600-2,900（如 JCM=CHF 2,600）",高,https://www.mdpi.com/about/apc,https://www.google.com/search?q=Antibiotics-Basel+aims+scope+instructions+for+authors+APC
24,2补-Q1且IF5到10,5,BMC MICROBIOLOGY,BMC MICROBIOL,1471-2180,1471-2180,5.4,5.6,Q1,37/167,Q1,Q1,1.22,78.1,888.0,23342.0,MICROBIOLOGY,MICROBIOLOGY(JIF Q1/JCI Q1),BMC,BMC,是,SCIE,全OA,"约 USD 1,990-2,890（旗舰刊更高）",高,https://www.biomedcentral.com/getpublished/article-processing-charges,https://www.google.com/search?q=BMC+MICROBIOLOGY+aims+scope+instructions+for+authors+APC
25,2补-Q1且IF5到10,5,Frontiers in Bioengineering and Biotechnology,FRONT BIOENG BIOTECH,2296-4185,2296-4185,5.8,6.2,Q1,35/180,Q2,Q2,0.82,80.8,842.0,56245.0,"BIOTECHNOLOGY & APPLIED MICROBIOLOGY; ENGINEERING, BIOMEDICAL","BIOTECHNOLOGY & APPLIED MICROBIOLOGY(JIF Q1/JCI Q2) | ENGINEERING, BIOMEDICAL(JIF Q1/JCI Q2)",FRONTIERS MEDIA SA,Frontiers,是,SCIE,全OA,"约 CHF 1,495-3,150（Frontiers in Medicine A类=CHF 3,150）",高,https://www.frontiersin.org/about/fee-policy,https://www.google.com/search?q=Frontiers+in+Bioengineering+and+Biotechnology+aims+scope+instructions+for+authors+APC
26,2补-Q1且IF5到10,5,BMC Medicine,BMC MED,1741-7015,1741-7015,8.7,9.1,Q1,21/336,Q1,Q1,2.24,93.9,712.0,38473.0,"MEDICINE, GENERAL & INTERNAL","MEDICINE, GENERAL & INTERNAL(JIF Q1/JCI Q1)",BMC,BMC,是,SCIE,全OA,"约 USD 1,990-2,890（旗舰刊更高）",高,https://www.biomedcentral.com/getpublished/article-processing-charges,https://www.google.com/search?q=BMC+Medicine+aims+scope+instructions+for+authors+APC
27,2补-Q1且IF5到10,5,Stem Cell Research & Therapy,STEM CELL RES THER,,1757-6512,7.8,8.4,Q1,4/32,Q1,Q1,1.3,89.1,557.0,31355.0,"CELL & TISSUE ENGINEERING; CELL BIOLOGY; MEDICINE, RESEARCH & EXPERIMENTAL","CELL & TISSUE ENGINEERING(JIF Q1/JCI Q1) | CELL BIOLOGY(JIF Q1/JCI Q1) | MEDICINE, RESEARCH & EXPERIMENTAL(JIF Q1/JCI Q1)",BMC,BMC,是,SCIE,全OA,"约 USD 1,990-2,890（旗舰刊更高）",高,https://www.biomedcentral.com/getpublished/article-processing-charges,https://www.google.com/search?q=Stem+Cell+Research+&+Therapy+aims+scope+instructions+for+authors+APC
28,2补-Q1且IF5到10,5,Frontiers in Aging Neuroscience,FRONT AGING NEUROSCI,1663-4365,1663-4365,5.2,5.6,Q1,65/330,Q2,Q2,0.99,80.5,525.0,35971.0,GERIATRICS & GERONTOLOGY; NEUROSCIENCES,GERIATRICS & GERONTOLOGY(JIF Q1/JCI Q2) | NEUROSCIENCES(JIF Q1/JCI Q2),FRONTIERS MEDIA SA,Frontiers,是,SCIE,全OA,"约 CHF 1,495-3,150（Frontiers in Medicine A类=CHF 3,150）",高,https://www.frontiersin.org/about/fee-policy,https://www.google.com/search?q=Frontiers+in+Aging+Neuroscience+aims+scope+instructions+for+authors+APC
29,2补-Q1且IF5到10,4,BIORESOURCE TECHNOLOGY,BIORESOURCE TECHNOL,0960-8524,1873-2976,8.2,9.4,Q1,1/22,Q1,Q1,1.5,90.8,1480.0,174669.0,BIOTECHNOLOGY & APPLIED MICROBIOLOGY,BIOTECHNOLOGY & APPLIED MICROBIOLOGY(JIF Q1/JCI Q1),ELSEVIER SCI LTD,Elsevier,是,SCIE,混合为主,"订阅路线通常无APC；Gold OA常见 USD 2,200-4,200",中,https://www.elsevier.com/open-access/agreements,https://www.google.com/search?q=BIORESOURCE+TECHNOLOGY+aims+scope+instructions+for+authors+APC
30,2补-Q1且IF5到10,4,Cell Reports,CELL REP,2639-1856,2211-1247,7.7,8.4,Q1,44/207,Q1,Q1,1.14,79.0,1429.0,115058.0,CELL BIOLOGY,CELL BIOLOGY(JIF Q1/JCI Q1),CELL PRESS,其他,是,SCIE,需核实,请查期刊官网 Author / Open Access 页面,未知,,https://www.google.com/search?q=Cell+Reports+aims+scope+instructions+for+authors+APC
31,2补-Q1且IF5到10,4,JOURNAL OF ETHNOPHARMACOLOGY,J ETHNOPHARMACOL,0378-8741,1872-7573,6.8,6.4,Q1,24/285,Q1,Q1,1.52,89.7,1411.0,72710.0,"CHEMISTRY, MEDICINAL; INTEGRATIVE & COMPLEMENTARY MEDICINE; PHARMACOLOGY & PHARMACY","CHEMISTRY, MEDICINAL(JIF Q1/JCI Q1) | INTEGRATIVE & COMPLEMENTARY MEDICINE(JIF Q1/JCI Q1) | PHARMACOLOGY & PHARMACY(JIF Q1/JCI Q1)",ELSEVIER IRELAND LTD,Elsevier,是,SCIE,混合为主,"订阅路线通常无APC；Gold OA常见 USD 2,200-4,200",中,https://www.elsevier.com/open-access/agreements,https://www.google.com/search?q=JOURNAL+OF+ETHNOPHARMACOLOGY+aims+scope+instructions+for+authors+APC
32,2补-Q1且IF5到10,4,JOURNAL OF MEDICINAL CHEMISTRY,J MED CHEM,0022-2623,1520-4804,7.3,7.6,Q1,9/72,Q1,Q1,1.77,88.2,1244.0,100697.0,"CHEMISTRY, MEDICINAL","CHEMISTRY, MEDICINAL(JIF Q1/JCI Q1)",AMER CHEMICAL SOC,其他,是,SCIE,需核实,请查期刊官网 Author / Open Access 页面,未知,,https://www.google.com/search?q=JOURNAL+OF+MEDICINAL+CHEMISTRY+aims+scope+instructions+for+authors+APC
33,2补-Q1且IF5到10,4,JOURNAL OF MEDICAL INTERNET RESEARCH,J MED INTERNET RES,1439-4456,1438-8871,8.2,8.1,Q1,8/194,Q1,Q1,1.59,96.1,1233.0,66779.0,HEALTH CARE SCIENCES & SERVICES; MEDICAL INFORMATICS,HEALTH CARE SCIENCES & SERVICES(JIF Q1/JCI Q1) | MEDICAL INFORMATICS(JIF Q1/JCI Q1),"JMIR PUBLICATIONS, INC",其他,是,SCIE,需核实,请查期刊官网 Author / Open Access 页面,未知,,https://www.google.com/search?q=JOURNAL+OF+MEDICAL+INTERNET+RESEARCH+aims+scope+instructions+for+authors+APC
34,2补-Q1且IF5到10,4,NEURAL NETWORKS,NEURAL NETWORKS,0893-6080,1879-2782,7.2,7.4,Q1,37/330,Q1,Q1,1.42,88.9,1215.0,37463.0,NEUROSCIENCES,NEUROSCIENCES(JIF Q1/JCI Q1),PERGAMON-ELSEVIER SCIENCE LTD,Elsevier,是,SCIE,混合为主,"订阅路线通常无APC；Gold OA常见 USD 2,200-4,200",中,https://www.elsevier.com/open-access/agreements,https://www.google.com/search?q=NEURAL+NETWORKS+aims+scope+instructions+for+authors+APC
35,2补-Q1且IF5到10,4,BIOMASS & BIOENERGY,BIOMASS BIOENERG,0961-9534,1873-2909,7.0,6.5,Q1,22/180,Q1,Q1,1.18,88.1,1131.0,26239.0,BIOTECHNOLOGY & APPLIED MICROBIOLOGY,BIOTECHNOLOGY & APPLIED MICROBIOLOGY(JIF Q1/JCI Q1),PERGAMON-ELSEVIER SCIENCE LTD,Elsevier,是,SCIE,混合为主,"订阅路线通常无APC；Gold OA常见 USD 2,200-4,200",中,https://www.elsevier.com/open-access/agreements,https://www.google.com/search?q=BIOMASS+&+BIOENERGY+aims+scope+instructions+for+authors+APC
36,2补-Q1且IF5到10,4,Journal of the American Heart Association,J AM HEART ASSOC,,2047-9980,6.0,6.2,Q1,40/237,Q1,Q1,1.38,83.3,1107.0,52552.0,CARDIAC & CARDIOVASCULAR SYSTEMS,CARDIAC & CARDIOVASCULAR SYSTEMS(JIF Q1/JCI Q1),WILEY,Wiley,是,SCIE,混合为主,"订阅路线通常无APC；OnlineOpen常见 USD 3,200-4,700",中,https://authorservices.wiley.com/author-resources/Journal-Authors/open-access/article-publication-charges.html,https://www.google.com/search?q=Journal+of+the+American+Heart+Association+aims+scope+instructions+for+authors+APC
37,2补-Q1且IF5到10,4,Journal of Chemical Information and Modeling,J CHEM INF MODEL,1549-9596,1549-960X,6.4,6.9,Q1,41/266,Q1,Q1,1.17,82.6,1046.0,46598.0,"CHEMISTRY, MEDICINAL","CHEMISTRY, MEDICINAL(JIF Q1/JCI Q1)",AMER CHEMICAL SOC,其他,是,SCIE,需核实,请查期刊官网 Author / Open Access 页面,未知,,https://www.google.com/search?q=Journal+of+Chemical+Information+and+Modeling+aims+scope+instructions+for+authors+APC
38,2补-Q1且IF5到10,4,European Journal of Pharmacology,EUR J PHARMACOL,0014-2999,1879-0712,5.7,5.4,Q1,52/356,Q1,Q1,1.45,85.5,999.0,43626.0,PHARMACOLOGY & PHARMACY,PHARMACOLOGY & PHARMACY(JIF Q1/JCI Q1),ELSEVIER,Elsevier,是,SCIE,混合为主,"订阅路线通常无APC；Gold OA常见 USD 2,200-4,200",中,https://www.elsevier.com/open-access/agreements,https://www.google.com/search?q=European+Journal+of+Pharmacology+aims+scope+instructions+for+authors+APC
39,2补-Q1且IF5到10,4,International Journal of Pharmaceutics,INT J PHARMACEUT,0378-5173,1873-3476,6.0,6.2,Q1,46/356,Q1,Q1,1.58,87.2,991.0,74091.0,PHARMACOLOGY & PHARMACY,PHARMACOLOGY & PHARMACY(JIF Q1/JCI Q1),ELSEVIER,Elsevier,是,SCIE,混合为主,"订阅路线通常无APC；Gold OA常见 USD 2,200-4,200",中,https://www.elsevier.com/open-access/agreements,https://www.google.com/search?q=International+Journal+of+Pharmaceutics+aims+scope+instructions+for+authors+APC
40,2补-Q1且IF5到10,4,JOURNAL OF DRUG DELIVERY SCIENCE AND TECHNOLOGY,J DRUG DELIV SCI TEC,1773-2247,2588-8943,5.2,5.3,Q1,62/356,Q1,Q1,1.22,82.7,956.0,30864.0,PHARMACOLOGY & PHARMACY,PHARMACOLOGY & PHARMACY(JIF Q1/JCI Q1),ELSEVIER,Elsevier,是,SCIE,混合为主,"订阅路线通常无APC；Gold OA常见 USD 2,200-4,200",中,https://www.elsevier.com/open-access/agreements,https://www.google.com/search?q=JOURNAL+OF+DRUG+DELIVERY+SCIENCE+AND+TECHNOLOGY+aims+scope+instructions+for+authors+APC
41,2补-Q1且IF5到10,4,EUROPEAN JOURNAL OF MEDICINAL CHEMISTRY,EUR J MED CHEM,0223-5234,1768-3254,6.7,6.6,Q1,11/72,Q1,Q1,1.32,85.4,846.0,62317.0,"CHEMISTRY, MEDICINAL","CHEMISTRY, MEDICINAL(JIF Q1/JCI Q1)",ELSEVIER FRANCE-EDITIONS SCIENTIFIQUES MEDICALES ELSEVIER,Elsevier,是,SCIE,混合为主,"订阅路线通常无APC；Gold OA常见 USD 2,200-4,200",中,https://www.elsevier.com/open-access/agreements,https://www.google.com/search?q=EUROPEAN+JOURNAL+OF+MEDICINAL+CHEMISTRY+aims+scope+instructions+for+authors+APC
42,2补-Q1且IF5到10,4,IEEE Journal of Biomedical and Health Informatics,IEEE J BIOMED HEALTH,2168-2194,2168-2208,7.7,8.0,Q1,5/67,Q1,Q1,1.77,93.3,778.0,27151.0,MATHEMATICAL & COMPUTATIONAL BIOLOGY; MEDICAL INFORMATICS,MATHEMATICAL & COMPUTATIONAL BIOLOGY(JIF Q1/JCI Q1) | MEDICAL INFORMATICS(JIF Q1/JCI Q1),IEEE-INST ELECTRICAL ELECTRONICS ENGINEERS INC,IEEE,是,SCIE,混合/OA,因刊而异,中,https://open.ieee.org/,https://www.google.com/search?q=IEEE+Journal+of+Biomedical+and+Health+Informatics+aims+scope+instructions+for+authors+APC
43,2补-Q1且IF5到10,4,International Journal of Surgery,INT J SURG,1743-9191,1743-9159,9.0,9.4,Q1,5/321,Q1,Q1,3.62,98.6,770.0,27155.0,SURGERY,SURGERY(JIF Q1/JCI Q1),LIPPINCOTT WILLIAMS & WILKINS,Wolters Kluwer/LWW,是,SCIE,混合为主,"订阅路线通常无APC；OA常见 USD 2,000-4,000；MEDICINE已拉黑",中,https://wkauthorservices.editage.com/open-access/,https://www.google.com/search?q=International+Journal+of+Surgery+aims+scope+instructions+for+authors+APC
44,2补-Q1且IF5到10,4,INVESTIGATIVE OPHTHALMOLOGY & VISUAL SCIENCE,INVEST OPHTH VIS SCI,0146-0404,1552-5783,5.5,5.5,Q1,10/98,Q1,Q1,1.74,90.3,770.0,58332.0,OPHTHALMOLOGY,OPHTHALMOLOGY(JIF Q1/JCI Q1),ASSOC RESEARCH VISION OPHTHALMOLOGY INC,其他,是,SCIE,需核实,请查期刊官网 Author / Open Access 页面,未知,,https://www.google.com/search?q=INVESTIGATIVE+OPHTHALMOLOGY+&+VISUAL+SCIENCE+aims+scope+instructions+for+authors+APC
45,2补-Q1且IF5到10,4,mBio,MBIO,,2150-7511,5.4,5.9,Q1,37/167,Q1,Q1,1.26,78.1,730.0,43100.0,MICROBIOLOGY,MICROBIOLOGY(JIF Q1/JCI Q1),AMER SOC MICROBIOLOGY,其他,是,SCIE,需核实,请查期刊官网 Author / Open Access 页面,未知,,https://www.google.com/search?q=mBio+aims+scope+instructions+for+authors+APC
46,2补-Q1且IF5到10,4,MOLECULAR NEUROBIOLOGY,MOL NEUROBIOL,0893-7648,1559-1182,5.5,5.5,Q1,59/330,Q1,Q1,1.19,82.3,681.0,30073.0,NEUROSCIENCES,NEUROSCIENCES(JIF Q1/JCI Q1),SPRINGER,Springer,是,SCIE,混合为主,"订阅路线通常无APC；选OA约 USD 2,790-4,290",中,https://www.springer.com/gp/open-access,https://www.google.com/search?q=MOLECULAR+NEUROBIOLOGY+aims+scope+instructions+for+authors+APC
47,2补-Q1且IF5到10,4,Environmental Technology & Innovation,ENVIRON TECHNOL INNO,2352-1864,2352-1864,7.3,7.2,Q1,19/180,Q1,Q1,1.29,89.7,674.0,22886.0,BIOTECHNOLOGY & APPLIED MICROBIOLOGY,BIOTECHNOLOGY & APPLIED MICROBIOLOGY(JIF Q1/JCI Q1),ELSEVIER,Elsevier,是,SCIE,混合为主,"订阅路线通常无APC；Gold OA常见 USD 2,200-4,200",中,https://www.elsevier.com/open-access/agreements,https://www.google.com/search?q=Environmental+Technology+&+Innovation+aims+scope+instructions+for+authors+APC
48,2补-Q1且IF5到10,4,DIABETES OBESITY & METABOLISM,DIABETES OBES METAB,1462-8902,1463-1326,6.1,6.1,Q1,32/198,Q1,Q1,1.3,84.1,673.0,21072.0,ENDOCRINOLOGY & METABOLISM,ENDOCRINOLOGY & METABOLISM(JIF Q1/JCI Q1),WILEY,Wiley,是,SCIE,混合为主,"订阅路线通常无APC；OnlineOpen常见 USD 3,200-4,700",中,https://authorservices.wiley.com/author-resources/Journal-Authors/open-access/article-publication-charges.html,https://www.google.com/search?q=DIABETES+OBESITY+&+METABOLISM+aims+scope+instructions+for+authors+APC
49,2补-Q1且IF5到10,4,BIOMACROMOLECULES,BIOMACROMOLECULES,1525-7797,1526-4602,5.9,6.0,Q1,3/58,Q1,Q1,1.27,80.0,664.0,41799.0,BIOCHEMISTRY & MOLECULAR BIOLOGY,BIOCHEMISTRY & MOLECULAR BIOLOGY(JIF Q1/JCI Q1),AMER CHEMICAL SOC,其他,是,SCIE,需核实,请查期刊官网 Author / Open Access 页面,未知,,https://www.google.com/search?q=BIOMACROMOLECULES+aims+scope+instructions+for+authors+APC
50,2补-Q1且IF5到10,4,EUROPEAN RADIOLOGY,EUR RADIOL,0938-7994,1432-1084,6.0,5.7,Q1,22/217,Q1,Q1,1.55,90.1,644.0,42314.0,"RADIOLOGY, NUCLEAR MEDICINE & MEDICAL IMAGING","RADIOLOGY, NUCLEAR MEDICINE & MEDICAL IMAGING(JIF Q1/JCI Q1)",SPRINGER,Springer,是,SCIE,混合为主,"订阅路线通常无APC；选OA约 USD 2,790-4,290",中,https://www.springer.com/gp/open-access,https://www.google.com/search?q=EUROPEAN+RADIOLOGY+aims+scope+instructions+for+authors+APC
51,2补-Q1且IF5到10,4,BIOINFORMATICS,BIOINFORMATICS,1367-4803,1367-4811,5.5,7.5,Q1,7/67,Q1,Q1,1.59,90.3,644.0,194389.0,BIOTECHNOLOGY & APPLIED MICROBIOLOGY; MATHEMATICAL & COMPUTATIONAL BIOLOGY,BIOTECHNOLOGY & APPLIED MICROBIOLOGY(JIF Q1/JCI Q1) | MATHEMATICAL & COMPUTATIONAL BIOLOGY(JIF Q1/JCI Q1),OXFORD UNIV PRESS,Oxford UP,是,SCIE,混合为主,订阅路线通常无APC；可选OA，费用因刊而异,中,https://academic.oup.com/pages/open-research/open-access,https://www.google.com/search?q=BIOINFORMATICS+aims+scope+instructions+for+authors+APC
52,2补-Q1且IF5到10,4,NEUROIMAGE,NEUROIMAGE,1053-8119,1095-9572,5.3,6.6,Q1,2/18,Q1,Q1,1.41,91.7,622.0,122818.0,"NEUROIMAGING; NEUROSCIENCES; RADIOLOGY, NUCLEAR MEDICINE & MEDICAL IMAGING","NEUROIMAGING(JIF Q1/JCI Q1) | NEUROSCIENCES(JIF Q1/JCI Q1) | RADIOLOGY, NUCLEAR MEDICINE & MEDICAL IMAGING(JIF Q1/JCI Q1)",ACADEMIC PRESS INC ELSEVIER SCIENCE,Elsevier,是,SCIE,混合为主,"订阅路线通常无APC；Gold OA常见 USD 2,200-4,200",中,https://www.elsevier.com/open-access/agreements,https://www.google.com/search?q=NEUROIMAGE+aims+scope+instructions+for+authors+APC
53,2补-Q1且IF5到10,4,BRIEFINGS IN BIOINFORMATICS,BRIEF BIOINFORM,1467-5463,1477-4054,7.3,8.1,Q1,4/85,Q1,Q1,1.79,91.8,616.0,33255.0,MATHEMATICAL & COMPUTATIONAL BIOLOGY,MATHEMATICAL & COMPUTATIONAL BIOLOGY(JIF Q1/JCI Q1),OXFORD UNIV PRESS,Oxford UP,是,SCIE,混合为主,订阅路线通常无APC；可选OA，费用因刊而异,中,https://academic.oup.com/pages/open-research/open-access,https://www.google.com/search?q=BRIEFINGS+IN+BIOINFORMATICS+aims+scope+instructions+for+authors+APC
54,2补-Q1且IF5到10,4,FREE RADICAL BIOLOGY AND MEDICINE,FREE RADICAL BIO MED,0891-5849,1873-4596,8.0,8.8,Q1,17/198,Q1,Q1,1.74,91.7,598.0,58154.0,BIOCHEMISTRY & MOLECULAR BIOLOGY; ENDOCRINOLOGY & METABOLISM,BIOCHEMISTRY & MOLECULAR BIOLOGY(JIF Q1/JCI Q1) | ENDOCRINOLOGY & METABOLISM(JIF Q1/JCI Q1),ELSEVIER SCIENCE INC,Elsevier,是,SCIE,混合为主,"订阅路线通常无APC；Gold OA常见 USD 2,200-4,200",中,https://www.elsevier.com/open-access/agreements,https://www.google.com/search?q=FREE+RADICAL+BIOLOGY+AND+MEDICINE+aims+scope+instructions+for+authors+APC
55,2补-Q1且IF5到10,4,JOURNAL OF PROSTHETIC DENTISTRY,J PROSTHET DENT,0022-3913,1097-6841,5.6,5.3,Q1,11/165,Q1,Q1,2.14,93.6,590.0,23515.0,"DENTISTRY, ORAL SURGERY & MEDICINE","DENTISTRY, ORAL SURGERY & MEDICINE(JIF Q1/JCI Q1)",MOSBY-ELSEVIER,Elsevier,是,SCIE,混合为主,"订阅路线通常无APC；Gold OA常见 USD 2,200-4,200",中,https://www.elsevier.com/open-access/agreements,https://www.google.com/search?q=JOURNAL+OF+PROSTHETIC+DENTISTRY+aims+scope+instructions+for+authors+APC
56,2补-Q1且IF5到10,4,Drug Design Development and Therapy,DRUG DES DEV THER,1177-8881,,6.1,6.2,Q1,43/356,Q1,Q1,1.2,88.1,582.0,19401.0,"CHEMISTRY, MEDICINAL; PHARMACOLOGY & PHARMACY","CHEMISTRY, MEDICINAL(JIF Q1/JCI Q1) | PHARMACOLOGY & PHARMACY(JIF Q1/JCI Q1)",DOVE MEDICAL PRESS LTD,其他,是,SCIE,需核实,请查期刊官网 Author / Open Access 页面,未知,,https://www.google.com/search?q=Drug+Design+Development+and+Therapy+aims+scope+instructions+for+authors+APC
57,2补-Q1且IF5到10,4,Algal Research-Biomass Biofuels and Bioproducts,ALGAL RES,2211-9264,2211-9264,5.0,5.4,Q1,44/180,Q1,Q1,1.04,75.8,573.0,19504.0,BIOTECHNOLOGY & APPLIED MICROBIOLOGY,BIOTECHNOLOGY & APPLIED MICROBIOLOGY(JIF Q1/JCI Q1),ELSEVIER,Elsevier,是,SCIE,混合为主,"订阅路线通常无APC；Gold OA常见 USD 2,200-4,200",中,https://www.elsevier.com/open-access/agreements,https://www.google.com/search?q=Algal+Research-Biomass+Biofuels+and+Bioproducts+aims+scope+instructions+for+authors+APC
58,2补-Q1且IF5到10,4,NEUROLOGY,NEUROLOGY,0028-3878,1526-632X,8.9,9.5,Q1,13/296,Q1,Q1,2.34,95.8,571.0,103094.0,CLINICAL NEUROLOGY,CLINICAL NEUROLOGY(JIF Q1/JCI Q1),LIPPINCOTT WILLIAMS & WILKINS,Wolters Kluwer/LWW,是,SCIE,混合为主,"订阅路线通常无APC；OA常见 USD 2,000-4,000；MEDICINE已拉黑",中,https://wkauthorservices.editage.com/open-access/,https://www.google.com/search?q=NEUROLOGY+aims+scope+instructions+for+authors+APC
59,2补-Q1且IF5到10,4,BIOCHEMICAL PHARMACOLOGY,BIOCHEM PHARMACOL,0006-2952,1873-2968,6.5,6.5,Q1,41/356,Q1,Q1,1.27,88.6,571.0,36714.0,PHARMACOLOGY & PHARMACY,PHARMACOLOGY & PHARMACY(JIF Q1/JCI Q1),PERGAMON-ELSEVIER SCIENCE LTD,Elsevier,是,SCIE,混合为主,"订阅路线通常无APC；Gold OA常见 USD 2,200-4,200",中,https://www.elsevier.com/open-access/agreements,https://www.google.com/search?q=BIOCHEMICAL+PHARMACOLOGY+aims+scope+instructions+for+authors+APC
60,2补-Q1且IF5到10,4,LIFE SCIENCES,LIFE SCI,0024-3205,1879-0631,6.4,5.9,Q1,42/356,Q1,Q1,1.39,88.3,569.0,51400.0,"MEDICINE, RESEARCH & EXPERIMENTAL; PHARMACOLOGY & PHARMACY","MEDICINE, RESEARCH & EXPERIMENTAL(JIF Q1/JCI Q1) | PHARMACOLOGY & PHARMACY(JIF Q1/JCI Q1)",PERGAMON-ELSEVIER SCIENCE LTD,Elsevier,是,SCIE,混合为主,"订阅路线通常无APC；Gold OA常见 USD 2,200-4,200",中,https://www.elsevier.com/open-access/agreements,https://www.google.com/search?q=LIFE+SCIENCES+aims+scope+instructions+for+authors+APC
61,2补-Q1且IF5到10,4,Food & Function,FOOD FUNCT,2042-6496,2042-650X,6.3,6.5,Q1,33/187,Q1,Q1,1.08,81.9,534.0,45712.0,BIOCHEMISTRY & MOLECULAR BIOLOGY,BIOCHEMISTRY & MOLECULAR BIOLOGY(JIF Q1/JCI Q1),ROYAL SOC CHEMISTRY,其他,是,SCIE,需核实,请查期刊官网 Author / Open Access 页面,未知,,https://www.google.com/search?q=Food+&+Function+aims+scope+instructions+for+authors+APC
62,2补-Q1且IF5到10,4,Communications Medicine,COMMUN MED-LONDON,2730-664X,2730-664X,7.4,7.5,Q1,31/191,Q1,Q1,1.57,84.0,530.0,5278.0,"MEDICINE, RESEARCH & EXPERIMENTAL","MEDICINE, RESEARCH & EXPERIMENTAL(JIF Q1/JCI Q1)",SPRINGERNATURE,Springer Nature,否,ESCI,混合/全OA,"全OA约 USD 2,090-3,490；Nature系更高；Scientific Reports已拉黑",中高,https://www.springernature.com/gp/open-research/journals-books/journals,https://www.google.com/search?q=Communications+Medicine+aims+scope+instructions+for+authors+APC
63,2补-Q1且IF5到10,4,CURRENT BIOLOGY,CURR BIOL,0960-9822,1879-0445,7.7,9.5,Q1,5/106,Q1,Q1,1.46,95.8,528.0,85734.0,BIOCHEMISTRY & MOLECULAR BIOLOGY; BIOLOGY; CELL BIOLOGY,BIOCHEMISTRY & MOLECULAR BIOLOGY(JIF Q1/JCI Q1) | BIOLOGY(JIF Q1/JCI Q1) | CELL BIOLOGY(JIF Q1/JCI Q1),CELL PRESS,其他,是,SCIE,需核实,请查期刊官网 Author / Open Access 页面,未知,,https://www.google.com/search?q=CURRENT+BIOLOGY+aims+scope+instructions+for+authors+APC
64,2补-Q1且IF5到10,4,EUROPEAN JOURNAL OF NUCLEAR MEDICINE AND MOLECULAR IMAGING,EUR J NUCL MED MOL I,1619-7070,1619-7089,7.6,7.9,Q1,12/217,Q1,Q1,2.14,94.7,518.0,25181.0,"RADIOLOGY, NUCLEAR MEDICINE & MEDICAL IMAGING","RADIOLOGY, NUCLEAR MEDICINE & MEDICAL IMAGING(JIF Q1/JCI Q1)",SPRINGER,Springer,是,SCIE,混合为主,"订阅路线通常无APC；选OA约 USD 2,790-4,290",中,https://www.springer.com/gp/open-access,https://www.google.com/search?q=EUROPEAN+JOURNAL+OF+NUCLEAR+MEDICINE+AND+MOLECULAR+IMAGING+aims+scope+instructions+for+authors+APC
65,2补-Q1且IF5到10,4,JCI Insight,JCI INSIGHT,,2379-3708,6.8,7.5,Q1,36/191,Q1,Q1,1.62,81.4,517.0,32354.0,"MEDICINE, RESEARCH & EXPERIMENTAL","MEDICINE, RESEARCH & EXPERIMENTAL(JIF Q1/JCI Q1)",AMER SOC CLINICAL INVESTIGATION INC,其他,是,SCIE,需核实,请查期刊官网 Author / Open Access 页面,未知,,https://www.google.com/search?q=JCI+Insight+aims+scope+instructions+for+authors+APC
66,2补-Q1且IF5到10,4,GeroScience,GEROSCIENCE,2509-2715,2509-2723,6.0,6.2,Q1,12/72,Q1,Q1,1.34,84.0,511.0,9507.0,GERIATRICS & GERONTOLOGY,GERIATRICS & GERONTOLOGY(JIF Q1/JCI Q1),SPRINGER,Springer,是,SCIE,混合为主,"订阅路线通常无APC；选OA约 USD 2,790-4,290",中,https://www.springer.com/gp/open-access,https://www.google.com/search?q=GeroScience+aims+scope+instructions+for+authors+APC
67,2补-Q1且IF5到10,4,JOURNAL OF DENTISTRY,J DENT,0300-5712,1879-176X,5.8,6.3,Q1,10/165,Q1,Q1,2.17,94.2,505.0,20410.0,"DENTISTRY, ORAL SURGERY & MEDICINE","DENTISTRY, ORAL SURGERY & MEDICINE(JIF Q1/JCI Q1)",ELSEVIER SCI LTD,Elsevier,是,SCIE,混合为主,"订阅路线通常无APC；Gold OA常见 USD 2,200-4,200",中,https://www.elsevier.com/open-access/agreements,https://www.google.com/search?q=JOURNAL+OF+DENTISTRY+aims+scope+instructions+for+authors+APC
68,2补-Q1且IF5到10,4,JACC-Advances,JACC-ADV,,2772-963X,5.5,5.5,Q1,45/237,Q1,Q1,0.98,81.2,505.0,3590.0,CARDIAC & CARDIOVASCULAR SYSTEMS,CARDIAC & CARDIOVASCULAR SYSTEMS(JIF Q1/JCI Q1),ELSEVIER,Elsevier,否,ESCI,混合为主,"订阅路线通常无APC；Gold OA常见 USD 2,200-4,200",中,https://www.elsevier.com/open-access/agreements,https://www.google.com/search?q=JACC-Advances+aims+scope+instructions+for+authors+APC
69,2补-Q1且IF5到10,4,Translational Psychiatry,TRANSL PSYCHIAT,2158-3188,2158-3188,7.5,7.8,Q1,17/293,Q1,Q1,1.82,94.4,500.0,29253.0,PSYCHIATRY,PSYCHIATRY(JIF Q1/JCI Q1),SPRINGERNATURE,Springer Nature,是,SCIE,混合/全OA,"全OA约 USD 2,090-3,490；Nature系更高；Scientific Reports已拉黑",中高,https://www.springernature.com/gp/open-research/journals-books/journals,https://www.google.com/search?q=Translational+Psychiatry+aims+scope+instructions+for+authors+APC
70,2补-Q1且IF5到10,4,BMJ Global Health,BMJ GLOB HEALTH,2059-7908,2059-7908,5.8,7.8,Q1,37/443,Q1,Q1,1.58,91.8,455.0,20039.0,"PUBLIC, ENVIRONMENTAL & OCCUPATIONAL HEALTH","PUBLIC, ENVIRONMENTAL & OCCUPATIONAL HEALTH(JIF Q1/JCI Q1)",BMJ PUBLISHING GROUP,BMJ,是,"SCIE, SSCI",混合/全OA,"BMJ Open约GBP 2,175；旗舰刊更高",高,https://authors.bmj.com/open-access/,https://www.google.com/search?q=BMJ+Global+Health+aims+scope+instructions+for+authors+APC
71,2补-Q1且IF5到10,4,PLOS BIOLOGY,PLOS BIOL,1544-9173,1545-7885,6.9,8.1,Q1,6/106,Q1,Q1,1.49,94.8,445.0,42592.0,BIOCHEMISTRY & MOLECULAR BIOLOGY; BIOLOGY,BIOCHEMISTRY & MOLECULAR BIOLOGY(JIF Q1/JCI Q1) | BIOLOGY(JIF Q1/JCI Q1),PUBLIC LIBRARY SCIENCE,PLOS,是,SCIE,全OA,专科刊费用因刊而异或走CAP；PLoS One已拉黑,高,https://plos.org/publish/fees/,https://www.google.com/search?q=PLOS+BIOLOGY+aims+scope+instructions+for+authors+APC
72,2补-Q1且IF5到10,4,GENOME BIOLOGY,GENOME BIOL,1474-760X,1474-760X,9.2,13.7,Q1,10/192,Q1,Q1,2.38,95.1,414.0,80904.0,BIOTECHNOLOGY & APPLIED MICROBIOLOGY; GENETICS & HEREDITY,BIOTECHNOLOGY & APPLIED MICROBIOLOGY(JIF Q1/JCI Q1) | GENETICS & HEREDITY(JIF Q1/JCI Q1),BMC,BMC,是,SCIE,全OA,"约 USD 1,990-2,890（旗舰刊更高）",高,https://www.biomedcentral.com/getpublished/article-processing-charges,https://www.google.com/search?q=GENOME+BIOLOGY+aims+scope+instructions+for+authors+APC
73,2补-Q1且IF5到10,4,Frontiers in Digital Health,FRONT DIGIT HEALTH,,2673-253X,5.2,5.5,Q1,24/194,Q2,Q2,1.02,87.9,374.0,5534.0,HEALTH CARE SCIENCES & SERVICES; MEDICAL INFORMATICS,HEALTH CARE SCIENCES & SERVICES(JIF Q1/JCI Q2) | MEDICAL INFORMATICS(JIF Q2/JCI Q2),FRONTIERS MEDIA SA,Frontiers,否,ESCI,全OA,"约 CHF 1,495-3,150（Frontiers in Medicine A类=CHF 3,150）",高,https://www.frontiersin.org/about/fee-policy,https://www.google.com/search?q=Frontiers+in+Digital+Health+aims+scope+instructions+for+authors+APC
74,2补-Q1且IF5到10,4,BMC BIOLOGY,BMC BIOL,,1741-7007,5.4,5.7,Q1,12/106,Q1,Q1,1.42,89.2,369.0,14355.0,BIOLOGY,BIOLOGY(JIF Q1/JCI Q1),BMC,BMC,是,SCIE,全OA,"约 USD 1,990-2,890（旗舰刊更高）",高,https://www.biomedcentral.com/getpublished/article-processing-charges,https://www.google.com/search?q=BMC+BIOLOGY+aims+scope+instructions+for+authors+APC
75,2补-Q1且IF5到10,4,Lipids in Health and Disease,LIPIDS HEALTH DIS,,1476-511X,6.9,6.4,Q1,15/114,Q1,Q1,1.21,87.3,366.0,14903.0,BIOCHEMISTRY & MOLECULAR BIOLOGY; NUTRITION & DIETETICS,BIOCHEMISTRY & MOLECULAR BIOLOGY(JIF Q1/JCI Q1) | NUTRITION & DIETETICS(JIF Q1/JCI Q1),BMC,BMC,是,SCIE,全OA,"约 USD 1,990-2,890（旗舰刊更高）",高,https://www.biomedcentral.com/getpublished/article-processing-charges,https://www.google.com/search?q=Lipids+in+Health+and+Disease+aims+scope+instructions+for+authors+APC
76,2补-Q1且IF5到10,4,Marine Drugs,MAR DRUGS,,1660-3397,5.7,6.3,Q1,52/356,Q1,Q1,1.22,85.5,364.0,37572.0,"CHEMISTRY, MEDICINAL; PHARMACOLOGY & PHARMACY","CHEMISTRY, MEDICINAL(JIF Q1/JCI Q1) | PHARMACOLOGY & PHARMACY(JIF Q1/JCI Q1)",MDPI,MDPI,是,SCIE,全OA,"约 CHF 1,600-2,900（如 JCM=CHF 2,600）",高,https://www.mdpi.com/about/apc,https://www.google.com/search?q=Marine+Drugs+aims+scope+instructions+for+authors+APC
77,2补-Q1且IF5到10,4,Journal of Functional Biomaterials,J FUNCT BIOMATER,,2079-4983,5.9,6.2,Q1,30/130,Q2,Q2,0.78,77.3,361.0,10974.0,"ENGINEERING, BIOMEDICAL; MATERIALS SCIENCE, BIOMATERIALS","ENGINEERING, BIOMEDICAL(JIF Q1/JCI Q2) | MATERIALS SCIENCE, BIOMATERIALS(JIF Q2/JCI Q2)",MDPI,MDPI,是,SCIE,全OA,"约 CHF 1,600-2,900（如 JCM=CHF 2,600）",高,https://www.mdpi.com/about/apc,https://www.google.com/search?q=Journal+of+Functional+Biomaterials+aims+scope+instructions+for+authors+APC
78,2补-Q1且IF5到10,4,Cancer Cell International,CANCER CELL INT,,1475-2867,7.0,6.1,Q1,54/333,Q1,Q1,1.16,83.9,341.0,18851.0,ONCOLOGY,ONCOLOGY(JIF Q1/JCI Q1),BMC,BMC,是,SCIE,全OA,"约 USD 1,990-2,890（旗舰刊更高）",高,https://www.biomedcentral.com/getpublished/article-processing-charges,https://www.google.com/search?q=Cancer+Cell+International+aims+scope+instructions+for+authors+APC
79,2补-Q1且IF5到10,4,RESPIRATORY RESEARCH,RESP RES,,1465-993X,5.7,5.9,Q1,13/107,Q1,Q1,1.43,88.3,332.0,17956.0,RESPIRATORY SYSTEM,RESPIRATORY SYSTEM(JIF Q1/JCI Q1),BMC,BMC,是,SCIE,全OA,"约 USD 1,990-2,890（旗舰刊更高）",高,https://www.biomedcentral.com/getpublished/article-processing-charges,https://www.google.com/search?q=RESPIRATORY+RESEARCH+aims+scope+instructions+for+authors+APC
80,2补-Q1且IF5到10,4,Journal of Ovarian Research,J OVARIAN RES,,1757-2215,5.3,4.8,Q1,6/44,Q1,Q1,1.48,87.5,290.0,6927.0,REPRODUCTIVE BIOLOGY,REPRODUCTIVE BIOLOGY(JIF Q1/JCI Q1),BMC,BMC,是,SCIE,全OA,"约 USD 1,990-2,890（旗舰刊更高）",高,https://www.biomedcentral.com/getpublished/article-processing-charges,https://www.google.com/search?q=Journal+of+Ovarian+Research+aims+scope+instructions+for+authors+APC
81,2补-Q1且IF5到10,4,International Journal for Equity in Health,INT J EQUITY HEALTH,,1475-9276,5.2,5.6,Q1,46/443,Q1,Q1,1.32,89.7,282.0,12880.0,"PUBLIC, ENVIRONMENTAL & OCCUPATIONAL HEALTH","PUBLIC, ENVIRONMENTAL & OCCUPATIONAL HEALTH(JIF Q1/JCI Q1)",BMC,BMC,否,SSCI,全OA,"约 USD 1,990-2,890（旗舰刊更高）",高,https://www.biomedcentral.com/getpublished/article-processing-charges,https://www.google.com/search?q=International+Journal+for+Equity+in+Health+aims+scope+instructions+for+authors+APC
82,2补-Q1且IF5到10,4,PLOS Digital Health,PLOS DIGIT HEALTH,,2767-3170,7.7,7.7,Q1,9/194,Q1,Q1,1.72,95.6,281.0,4455.0,HEALTH CARE SCIENCES & SERVICES; MEDICAL INFORMATICS,HEALTH CARE SCIENCES & SERVICES(JIF Q1/JCI Q1) | MEDICAL INFORMATICS(JIF Q1/JCI Q1),PUBLIC LIBRARY SCIENCE,PLOS,否,ESCI,全OA,专科刊费用因刊而异或走CAP；PLoS One已拉黑,高,https://plos.org/publish/fees/,https://www.google.com/search?q=PLOS+Digital+Health+aims+scope+instructions+for+authors+APC
83,2补-Q1且IF5到10,4,Alzheimers Research & Therapy,ALZHEIMERS RES THER,,1758-9193,8.9,9.8,Q1,13/296,Q1,Q1,2.31,95.8,268.0,15362.0,CLINICAL NEUROLOGY; NEUROSCIENCES,CLINICAL NEUROLOGY(JIF Q1/JCI Q1) | NEUROSCIENCES(JIF Q1/JCI Q1),BMC,BMC,是,SCIE,全OA,"约 USD 1,990-2,890（旗舰刊更高）",高,https://www.biomedcentral.com/getpublished/article-processing-charges,https://www.google.com/search?q=Alzheimers+Research+&+Therapy+aims+scope+instructions+for+authors+APC
84,2补-Q1且IF5到10,4,Acta Neuropathologica Communications,ACTA NEUROPATHOL COM,2051-5960,2051-5960,6.5,7.0,Q1,45/330,Q1,Q1,1.51,86.5,260.0,11791.0,NEUROSCIENCES,NEUROSCIENCES(JIF Q1/JCI Q1),BMC,BMC,是,SCIE,全OA,"约 USD 1,990-2,890（旗舰刊更高）",高,https://www.biomedcentral.com/getpublished/article-processing-charges,https://www.google.com/search?q=Acta+Neuropathologica+Communications+aims+scope+instructions+for+authors+APC
85,2补-Q1且IF5到10,4,Journal of Eating Disorders,J EAT DISORD,2050-2974,2050-2974,5.7,5.6,Q1,11/184,Q1,Q1,1.17,94.3,259.0,6157.0,"NUTRITION & DIETETICS; PSYCHIATRY; PSYCHOLOGY, CLINICAL","NUTRITION & DIETETICS(JIF Q1/JCI Q1) | PSYCHIATRY(JIF Q1/JCI Q1) | PSYCHOLOGY, CLINICAL(JIF Q1/JCI Q1)",BMC,BMC,是,SCIE; SSCI,全OA,"约 USD 1,990-2,890（旗舰刊更高）",高,https://www.biomedcentral.com/getpublished/article-processing-charges,https://www.google.com/search?q=Journal+of+Eating+Disorders+aims+scope+instructions+for+authors+APC
86,2补-Q1且IF5到10,4,Systematic Reviews,SYST REV-LONDON,,2046-4053,5.7,12.5,Q1,35/336,Q1,Q1,1.03,89.7,255.0,30659.0,"MEDICINE, GENERAL & INTERNAL","MEDICINE, GENERAL & INTERNAL(JIF Q1/JCI Q1)",BMC,BMC,是,SCIE,全OA,"约 USD 1,990-2,890（旗舰刊更高）",高,https://www.biomedcentral.com/getpublished/article-processing-charges,https://www.google.com/search?q=Systematic+Reviews+aims+scope+instructions+for+authors+APC
87,2补-Q1且IF5到10,4,Journal of NeuroEngineering and Rehabilitation,J NEUROENG REHABIL,,1743-0003,6.0,6.9,Q1,4/175,Q1,Q1,1.54,98.0,254.0,12887.0,"ENGINEERING, BIOMEDICAL; NEUROSCIENCES; REHABILITATION","ENGINEERING, BIOMEDICAL(JIF Q1/JCI Q1) | NEUROSCIENCES(JIF Q1/JCI Q1) | REHABILITATION(JIF Q1/JCI Q1)",BMC,BMC,是,SCIE,全OA,"约 USD 1,990-2,890（旗舰刊更高）",高,https://www.biomedcentral.com/getpublished/article-processing-charges,https://www.google.com/search?q=Journal+of+NeuroEngineering+and+Rehabilitation+aims+scope+instructions+for+authors+APC
88,2补-Q1且IF5到10,4,Microbial Cell Factories,MICROB CELL FACT,,1475-2859,5.8,6.7,Q1,35/180,Q1,Q1,1.11,80.8,252.0,18560.0,BIOTECHNOLOGY & APPLIED MICROBIOLOGY,BIOTECHNOLOGY & APPLIED MICROBIOLOGY(JIF Q1/JCI Q1),BMC,BMC,是,SCIE,全OA,"约 USD 1,990-2,890（旗舰刊更高）",高,https://www.biomedcentral.com/getpublished/article-processing-charges,https://www.google.com/search?q=Microbial+Cell+Factories+aims+scope+instructions+for+authors+APC
89,2补-Q1且IF5到10,4,JOURNAL OF HEADACHE AND PAIN,J HEADACHE PAIN,1129-2369,1129-2377,8.7,8.1,Q1,15/296,Q1,Q1,2.07,95.1,240.0,11304.0,CLINICAL NEUROLOGY; NEUROSCIENCES,CLINICAL NEUROLOGY(JIF Q1/JCI Q1) | NEUROSCIENCES(JIF Q1/JCI Q1),BMC,BMC,是,SCIE,全OA,"约 USD 1,990-2,890（旗舰刊更高）",高,https://www.biomedcentral.com/getpublished/article-processing-charges,https://www.google.com/search?q=JOURNAL+OF+HEADACHE+AND+PAIN+aims+scope+instructions+for+authors+APC
90,2补-Q1且IF5到10,4,ARTHRITIS RESEARCH & THERAPY,ARTHRITIS RES THER,1478-6354,1478-6362,5.4,5.1,Q1,7/58,Q1,Q1,1.51,88.8,240.0,21535.0,RHEUMATOLOGY,RHEUMATOLOGY(JIF Q1/JCI Q1),BMC,BMC,是,SCIE,全OA,"约 USD 1,990-2,890（旗舰刊更高）",高,https://www.biomedcentral.com/getpublished/article-processing-charges,https://www.google.com/search?q=ARTHRITIS+RESEARCH+&+THERAPY+aims+scope+instructions+for+authors+APC
91,2补-Q1且IF5到10,4,BREAST CANCER RESEARCH,BREAST CANCER RES,1465-5411,1465-542X,6.2,7.3,Q1,60/333,Q1,Q1,1.26,82.1,230.0,13359.0,ONCOLOGY,ONCOLOGY(JIF Q1/JCI Q1),BMC,BMC,是,SCIE,全OA,"约 USD 1,990-2,890（旗舰刊更高）",高,https://www.biomedcentral.com/getpublished/article-processing-charges,https://www.google.com/search?q=BREAST+CANCER+RESEARCH+aims+scope+instructions+for+authors+APC
92,2补-Q1且IF5到10,4,Medical Sciences,MED SCI-BASEL,,2076-3271,5.9,,Q1,33/336,Q3,Q3,0.23,90.3,225.0,3390.0,"MEDICINE, GENERAL & INTERNAL","MEDICINE, GENERAL & INTERNAL(JIF Q1/JCI Q3)",MDPI,MDPI,否,ESCI,全OA,"约 CHF 1,600-2,900（如 JCM=CHF 2,600）",高,https://www.mdpi.com/about/apc,https://www.google.com/search?q=Medical+Sciences+aims+scope+instructions+for+authors+APC
93,2补-Q1且IF5到10,4,RMD Open,RMD OPEN,2056-5933,2056-5933,5.3,5.2,Q1,9/58,Q1,Q1,1.48,85.3,216.0,7458.0,RHEUMATOLOGY,RHEUMATOLOGY(JIF Q1/JCI Q1),BMJ PUBLISHING GROUP,BMJ,是,SCIE,混合/全OA,"BMJ Open约GBP 2,175；旗舰刊更高",高,https://authors.bmj.com/open-access/,https://www.google.com/search?q=RMD+Open+aims+scope+instructions+for+authors+APC
94,2补-Q1且IF5到10,3,Computer Methods and Programs in Biomedicine,COMPUT METH PROG BIO,0169-2607,1872-7565,6.4,6.2,Q1,14/146,Q1,Q1,1.09,82.4,498.0,24674.0,"ENGINEERING, BIOMEDICAL; MEDICAL INFORMATICS","ENGINEERING, BIOMEDICAL(JIF Q1/JCI Q1) | MEDICAL INFORMATICS(JIF Q1/JCI Q2)",ELSEVIER IRELAND LTD,Elsevier,是,SCIE,混合为主,"订阅路线通常无APC；Gold OA常见 USD 2,200-4,200",中,https://www.elsevier.com/open-access/agreements,https://www.google.com/search?q=Computer+Methods+and+Programs+in+Biomedicine+aims+scope+instructions+for+authors+APC
95,2补-Q1且IF5到10,3,International Journal of Nanomedicine,INT J NANOMED,1176-9114,1178-2013,8.7,8.8,Q1,17/356,Q1,Q1,1.28,95.4,484.0,49046.0,PHARMACOLOGY & PHARMACY,PHARMACOLOGY & PHARMACY(JIF Q1/JCI Q1),DOVE MEDICAL PRESS LTD,其他,是,SCIE,需核实,请查期刊官网 Author / Open Access 页面,未知,,https://www.google.com/search?q=International+Journal+of+Nanomedicine+aims+scope+instructions+for+authors+APC
96,2补-Q1且IF5到10,3,JOURNAL OF NEUROLOGY,J NEUROL,0340-5354,1432-1459,5.4,5.3,Q1,33/296,Q1,Q1,1.32,89.0,483.0,28149.0,CLINICAL NEUROLOGY,CLINICAL NEUROLOGY(JIF Q1/JCI Q1),SPRINGER HEIDELBERG,Springer,是,SCIE,混合为主,"订阅路线通常无APC；选OA约 USD 2,790-4,290",中,https://www.springer.com/gp/open-access,https://www.google.com/search?q=JOURNAL+OF+NEUROLOGY+aims+scope+instructions+for+authors+APC
97,2补-Q1且IF5到10,3,INTERNATIONAL DENTAL JOURNAL,INT DENT J,0020-6539,1875-595X,5.2,5.7,Q1,14/165,Q1,Q1,1.65,91.8,475.0,6465.0,"DENTISTRY, ORAL SURGERY & MEDICINE","DENTISTRY, ORAL SURGERY & MEDICINE(JIF Q1/JCI Q1)",ELSEVIER,Elsevier,是,SCIE,混合为主,"订阅路线通常无APC；Gold OA常见 USD 2,200-4,200",中,https://www.elsevier.com/open-access/agreements,https://www.google.com/search?q=INTERNATIONAL+DENTAL+JOURNAL+aims+scope+instructions+for+authors+APC
98,2补-Q1且IF5到10,3,Blood Advances,BLOOD ADV,2473-9529,2473-9537,7.7,7.4,Q1,13/103,Q1,Q1,1.87,87.9,469.0,26750.0,HEMATOLOGY,HEMATOLOGY(JIF Q1/JCI Q1),ELSEVIER,Elsevier,是,SCIE,混合为主,"订阅路线通常无APC；Gold OA常见 USD 2,200-4,200",中,https://www.elsevier.com/open-access/agreements,https://www.google.com/search?q=Blood+Advances+aims+scope+instructions+for+authors+APC
99,2补-Q1且IF5到10,3,JOURNAL OF CLINICAL ENDOCRINOLOGY & METABOLISM,J CLIN ENDOCR METAB,0021-972X,1945-7197,5.4,5.9,Q1,40/198,Q1,Q1,1.18,80.1,469.0,83159.0,ENDOCRINOLOGY & METABOLISM,ENDOCRINOLOGY & METABOLISM(JIF Q1/JCI Q1),ENDOCRINE SOC,其他,是,SCIE,需核实,请查期刊官网 Author / Open Access 页面,未知,,https://www.google.com/search?q=JOURNAL+OF+CLINICAL+ENDOCRINOLOGY+&+METABOLISM+aims+scope+instructions+for+authors+APC
100,2补-Q1且IF5到10,3,CNS Neuroscience & Therapeutics,CNS NEUROSCI THER,1755-5930,1755-5949,6.6,6.9,Q1,40/356,Q1,Q1,1.38,88.9,435.0,14945.0,NEUROSCIENCES; PHARMACOLOGY & PHARMACY,NEUROSCIENCES(JIF Q1/JCI Q1) | PHARMACOLOGY & PHARMACY(JIF Q1/JCI Q1),WILEY,Wiley,是,SCIE,混合为主,"订阅路线通常无APC；OnlineOpen常见 USD 3,200-4,700",中,https://authorservices.wiley.com/author-resources/Journal-Authors/open-access/article-publication-charges.html,https://www.google.com/search?q=CNS+Neuroscience+&+Therapeutics+aims+scope+instructions+for+authors+APC
101,2补-Q1且IF5到10,3,Bioresource Technology Reports,BIORESOUR TECH REP,2589-014X,2589-014X,5.0,,Q1,44/180,Q2,Q2,0.85,75.8,435.0,8799.0,BIOTECHNOLOGY & APPLIED MICROBIOLOGY,BIOTECHNOLOGY & APPLIED MICROBIOLOGY(JIF Q1/JCI Q2),ELSEVIER,Elsevier,否,ESCI,混合为主,"订阅路线通常无APC；Gold OA常见 USD 2,200-4,200",中,https://www.elsevier.com/open-access/agreements,https://www.google.com/search?q=Bioresource+Technology+Reports+aims+scope+instructions+for+authors+APC
102,2补-Q1且IF5到10,3,HEART RHYTHM,HEART RHYTHM,1547-5271,1556-3871,7.0,5.5,Q1,34/237,Q1,Q1,1.51,85.9,431.0,16881.0,CARDIAC & CARDIOVASCULAR SYSTEMS,CARDIAC & CARDIOVASCULAR SYSTEMS(JIF Q1/JCI Q1),ELSEVIER SCIENCE INC,Elsevier,是,SCIE,混合为主,"订阅路线通常无APC；Gold OA常见 USD 2,200-4,200",中,https://www.elsevier.com/open-access/agreements,https://www.google.com/search?q=HEART+RHYTHM+aims+scope+instructions+for+authors+APC
103,2补-Q1且IF5到10,3,IEEE TRANSACTIONS ON NEURAL SYSTEMS AND REHABILITATION ENGINEERING,IEEE T NEUR SYS REH,1534-4320,1558-0210,6.6,6.7,Q1,3/175,Q1,Q1,2.02,98.6,423.0,20154.0,"ENGINEERING, BIOMEDICAL; REHABILITATION","ENGINEERING, BIOMEDICAL(JIF Q1/JCI Q1) | REHABILITATION(JIF Q1/JCI Q1)",IEEE-INST ELECTRICAL ELECTRONICS ENGINEERS INC,IEEE,是,SCIE,混合/OA,因刊而异,中,https://open.ieee.org/,https://www.google.com/search?q=IEEE+TRANSACTIONS+ON+NEURAL+SYSTEMS+AND+REHABILITATION+ENGINEERING+aims+scope+instructions+for+authors+APC
104,2补-Q1且IF5到10,3,EPILEPSIA,EPILEPSIA,0013-9580,1528-1167,5.6,6.6,Q1,32/296,Q1,Q1,1.77,89.4,414.0,35143.0,CLINICAL NEUROLOGY,CLINICAL NEUROLOGY(JIF Q1/JCI Q1),WILEY,Wiley,是,SCIE,混合为主,"订阅路线通常无APC；OnlineOpen常见 USD 3,200-4,700",中,https://authorservices.wiley.com/author-resources/Journal-Authors/open-access/article-publication-charges.html,https://www.google.com/search?q=EPILEPSIA+aims+scope+instructions+for+authors+APC
105,2补-Q1且IF5到10,3,npj Precision Oncology,NPJ PRECIS ONCOL,,2397-768X,9.9,9.6,Q1,37/333,Q1,Q1,1.88,89.0,407.0,7704.0,ONCOLOGY,ONCOLOGY(JIF Q1/JCI Q1),NATURE PORTFOLIO,Springer Nature,是,SCIE,混合/全OA,"全OA约 USD 2,090-3,490；Nature系更高；Scientific Reports已拉黑",中高,https://www.springernature.com/gp/open-research/journals-books/journals,https://www.google.com/search?q=npj+Precision+Oncology+aims+scope+instructions+for+authors+APC
106,2补-Q1且IF5到10,3,PROTEIN SCIENCE,PROTEIN SCI,0961-8368,1469-896X,5.6,7.9,Q1,72/328,Q1,Q1,0.96,78.2,393.0,25403.0,BIOCHEMISTRY & MOLECULAR BIOLOGY,BIOCHEMISTRY & MOLECULAR BIOLOGY(JIF Q1/JCI Q1),WILEY,Wiley,是,SCIE,混合为主,"订阅路线通常无APC；OnlineOpen常见 USD 3,200-4,700",中,https://authorservices.wiley.com/author-resources/Journal-Authors/open-access/article-publication-charges.html,https://www.google.com/search?q=PROTEIN+SCIENCE+aims+scope+instructions+for+authors+APC
107,2补-Q1且IF5到10,3,KNEE SURGERY SPORTS TRAUMATOLOGY ARTHROSCOPY,KNEE SURG SPORT TR A,0942-2056,1433-7347,5.5,5.1,Q1,6/147,Q1,Q1,1.94,96.3,389.0,28682.0,ORTHOPEDICS; SPORT SCIENCES; SURGERY,ORTHOPEDICS(JIF Q1/JCI Q1) | SPORT SCIENCES(JIF Q1/JCI Q1) | SURGERY(JIF Q1/JCI Q1),WILEY,Wiley,是,SCIE,混合为主,"订阅路线通常无APC；OnlineOpen常见 USD 3,200-4,700",中,https://authorservices.wiley.com/author-resources/Journal-Authors/open-access/article-publication-charges.html,https://www.google.com/search?q=KNEE+SURGERY+SPORTS+TRAUMATOLOGY+ARTHROSCOPY+aims+scope+instructions+for+authors+APC
108,2补-Q1且IF5到10,3,CLINICAL INFECTIOUS DISEASES,CLIN INFECT DIS,1058-4838,1537-6591,8.3,6.8,Q1,8/141,Q1,Q1,1.88,94.7,388.0,77853.0,IMMUNOLOGY; INFECTIOUS DISEASES; MICROBIOLOGY,IMMUNOLOGY(JIF Q1/JCI Q1) | INFECTIOUS DISEASES(JIF Q1/JCI Q1) | MICROBIOLOGY(JIF Q1/JCI Q1),OXFORD UNIV PRESS INC,Oxford UP,是,SCIE,混合为主,订阅路线通常无APC；可选OA，费用因刊而异,中,https://academic.oup.com/pages/open-research/open-access,https://www.google.com/search?q=CLINICAL+INFECTIOUS+DISEASES+aims+scope+instructions+for+authors+APC
109,2补-Q1且IF5到10,3,INTERNATIONAL JOURNAL OF FOOD MICROBIOLOGY,INT J FOOD MICROBIOL,0168-1605,1879-3460,5.7,6.0,Q1,34/167,Q1,Q1,1.18,79.9,381.0,30407.0,MICROBIOLOGY,MICROBIOLOGY(JIF Q1/JCI Q1),ELSEVIER,Elsevier,是,SCIE,混合为主,"订阅路线通常无APC；Gold OA常见 USD 2,200-4,200",中,https://www.elsevier.com/open-access/agreements,https://www.google.com/search?q=INTERNATIONAL+JOURNAL+OF+FOOD+MICROBIOLOGY+aims+scope+instructions+for+authors+APC
110,2补-Q1且IF5到10,3,CELLULAR AND MOLECULAR LIFE SCIENCES,CELL MOL LIFE SCI,1420-682X,1420-9071,6.5,7.9,Q1,54/328,Q1,Q1,0.98,83.7,373.0,44129.0,BIOCHEMISTRY & MOLECULAR BIOLOGY; CELL BIOLOGY,BIOCHEMISTRY & MOLECULAR BIOLOGY(JIF Q1/JCI Q1) | CELL BIOLOGY(JIF Q2/JCI Q2),SPRINGER BASEL AG,Springer,是,SCIE,混合为主,"订阅路线通常无APC；选OA约 USD 2,790-4,290",中,https://www.springer.com/gp/open-access,https://www.google.com/search?q=CELLULAR+AND+MOLECULAR+LIFE+SCIENCES+aims+scope+instructions+for+authors+APC
111,2补-Q1且IF5到10,3,Food Science and Human Wellness,FOOD SCI HUM WELL,,2213-4530,7.3,7.5,Q1,11/114,Q1,Q1,1.7,90.8,370.0,7986.0,NUTRITION & DIETETICS,NUTRITION & DIETETICS(JIF Q1/JCI Q1),TSINGHUA UNIV PRESS,其他,是,SCIE,需核实,请查期刊官网 Author / Open Access 页面,未知,,https://www.google.com/search?q=Food+Science+and+Human+Wellness+aims+scope+instructions+for+authors+APC
112,2补-Q1且IF5到10,3,WORLD JOURNAL OF GASTROENTEROLOGY,WORLD J GASTROENTERO,1007-9327,2219-2840,7.7,6.2,Q1,20/153,Q1,Q1,1.05,87.3,365.0,52367.0,GASTROENTEROLOGY & HEPATOLOGY,GASTROENTEROLOGY & HEPATOLOGY(JIF Q1/JCI Q1),BAISHIDENG PUBLISHING GROUP INC,其他,是,SCIE,需核实,请查期刊官网 Author / Open Access 页面,未知,,https://www.google.com/search?q=WORLD+JOURNAL+OF+GASTROENTEROLOGY+aims+scope+instructions+for+authors+APC
113,2补-Q1且IF5到10,3,NEUROBIOLOGY OF DISEASE,NEUROBIOL DIS,0969-9961,1095-953X,6.0,6.5,Q1,51/330,Q1,Q1,1.39,84.7,365.0,23767.0,NEUROSCIENCES,NEUROSCIENCES(JIF Q1/JCI Q1),ELSEVIER,Elsevier,是,SCIE,混合为主,"订阅路线通常无APC；Gold OA常见 USD 2,200-4,200",中,https://www.elsevier.com/open-access/agreements,https://www.google.com/search?q=NEUROBIOLOGY+OF+DISEASE+aims+scope+instructions+for+authors+APC
114,2补-Q1且IF5到10,3,European Journal of Preventive Cardiology,EUR J PREV CARDIOL,2047-4873,2047-4881,10.0,9.0,Q1,18/237,Q1,Q1,2.12,92.6,358.0,15227.0,CARDIAC & CARDIOVASCULAR SYSTEMS,CARDIAC & CARDIOVASCULAR SYSTEMS(JIF Q1/JCI Q1),OXFORD UNIV PRESS,Oxford UP,是,SCIE,混合为主,订阅路线通常无APC；可选OA，费用因刊而异,中,https://academic.oup.com/pages/open-research/open-access,https://www.google.com/search?q=European+Journal+of+Preventive+Cardiology+aims+scope+instructions+for+authors+APC
115,2补-Q1且IF5到10,3,PSYCHIATRY RESEARCH,PSYCHIAT RES,0165-1781,1872-7123,5.1,5.7,Q1,38/293,Q1,Q1,1.21,87.2,358.0,42131.0,PSYCHIATRY,PSYCHIATRY(JIF Q1/JCI Q1),ELSEVIER IRELAND LTD,Elsevier,是,"SCIE, SSCI",混合为主,"订阅路线通常无APC；Gold OA常见 USD 2,200-4,200",中,https://www.elsevier.com/open-access/agreements,https://www.google.com/search?q=PSYCHIATRY+RESEARCH+aims+scope+instructions+for+authors+APC
116,2补-Q1且IF5到10,3,EUROPEAN JOURNAL OF PHARMACEUTICAL SCIENCES,EUR J PHARM SCI,0928-0987,1879-0720,5.1,4.8,Q1,65/356,Q1,Q1,1.34,81.9,354.0,18948.0,PHARMACOLOGY & PHARMACY,PHARMACOLOGY & PHARMACY(JIF Q1/JCI Q1),ELSEVIER,Elsevier,是,SCIE,混合为主,"订阅路线通常无APC；Gold OA常见 USD 2,200-4,200",中,https://www.elsevier.com/open-access/agreements,https://www.google.com/search?q=EUROPEAN+JOURNAL+OF+PHARMACEUTICAL+SCIENCES+aims+scope+instructions+for+authors+APC
117,2补-Q1且IF5到10,3,PEDIATRICS,PEDIATRICS,0031-4005,1098-4275,6.1,6.8,Q1,5/190,Q1,Q1,2.95,97.6,352.0,77362.0,PEDIATRICS,PEDIATRICS(JIF Q1/JCI Q1),AMER ACAD PEDIATRICS,其他,是,SCIE,需核实,请查期刊官网 Author / Open Access 页面,未知,,https://www.google.com/search?q=PEDIATRICS+aims+scope+instructions+for+authors+APC
118,2补-Q1且IF5到10,3,BRAIN BEHAVIOR AND IMMUNITY,BRAIN BEHAV IMMUN,0889-1591,1090-2139,7.5,9.2,Q1,17/293,Q1,Q1,1.86,94.4,351.0,30942.0,IMMUNOLOGY; NEUROSCIENCES; PSYCHIATRY,IMMUNOLOGY(JIF Q1/JCI Q1) | NEUROSCIENCES(JIF Q1/JCI Q1) | PSYCHIATRY(JIF Q1/JCI Q1),ACADEMIC PRESS INC ELSEVIER SCIENCE,Elsevier,是,SCIE,混合为主,"订阅路线通常无APC；Gold OA常见 USD 2,200-4,200",中,https://www.elsevier.com/open-access/agreements,https://www.google.com/search?q=BRAIN+BEHAVIOR+AND+IMMUNITY+aims+scope+instructions+for+authors+APC
119,2补-Q1且IF5到10,3,RADIOTHERAPY AND ONCOLOGY,RADIOTHER ONCOL,0167-8140,1879-0887,5.8,5.8,Q1,23/217,Q1,Q1,1.35,89.6,347.0,25418.0,"ONCOLOGY; RADIOLOGY, NUCLEAR MEDICINE & MEDICAL IMAGING","ONCOLOGY(JIF Q1/JCI Q1) | RADIOLOGY, NUCLEAR MEDICINE & MEDICAL IMAGING(JIF Q1/JCI Q1)",ELSEVIER IRELAND LTD,Elsevier,是,SCIE,混合为主,"订阅路线通常无APC；Gold OA常见 USD 2,200-4,200",中,https://www.elsevier.com/open-access/agreements,https://www.google.com/search?q=RADIOTHERAPY+AND+ONCOLOGY+aims+scope+instructions+for+authors+APC
120,2补-Q1且IF5到10,3,npj Parkinsons Disease,NPJ PARKINSONS DIS,,2373-8057,8.5,9.3,Q1,20/330,Q1,Q1,2.1,94.1,345.0,7996.0,NEUROSCIENCES,NEUROSCIENCES(JIF Q1/JCI Q1),NATURE PORTFOLIO,Springer Nature,是,SCIE,混合/全OA,"全OA约 USD 2,090-3,490；Nature系更高；Scientific Reports已拉黑",中高,https://www.springernature.com/gp/open-research/journals-books/journals,https://www.google.com/search?q=npj+Parkinsons+Disease+aims+scope+instructions+for+authors+APC
121,2补-Q1且IF5到10,3,Journal of Global Health,J GLOB HEALTH,2047-2978,2047-2986,5.5,5.8,Q1,42/443,Q1,Q1,1.33,90.6,345.0,9104.0,"PUBLIC, ENVIRONMENTAL & OCCUPATIONAL HEALTH","PUBLIC, ENVIRONMENTAL & OCCUPATIONAL HEALTH(JIF Q1/JCI Q1)",INT SOC GLOBAL HEALTH,其他,是,"SCIE, SSCI",需核实,请查期刊官网 Author / Open Access 页面,未知,,https://www.google.com/search?q=Journal+of+Global+Health+aims+scope+instructions+for+authors+APC
122,2补-Q1且IF5到10,3,EUROPEAN JOURNAL OF CANCER,EUR J CANCER,0959-8049,1879-0852,7.9,7.8,Q1,45/333,Q1,Q1,1.57,86.6,343.0,39615.0,ONCOLOGY,ONCOLOGY(JIF Q1/JCI Q1),ELSEVIER SCI LTD,Elsevier,是,SCIE,混合为主,"订阅路线通常无APC；Gold OA常见 USD 2,200-4,200",中,https://www.elsevier.com/open-access/agreements,https://www.google.com/search?q=EUROPEAN+JOURNAL+OF+CANCER+aims+scope+instructions+for+authors+APC
123,2补-Q1且IF5到10,3,Biomaterials Advances,BIOMATER ADV,,2772-9508,6.7,6.9,Q1,14/58,Q2,Q2,0.99,76.7,343.0,9075.0,"MATERIALS SCIENCE, BIOMATERIALS","MATERIALS SCIENCE, BIOMATERIALS(JIF Q1/JCI Q2)",ELSEVIER,Elsevier,是,SCIE,混合为主,"订阅路线通常无APC；Gold OA常见 USD 2,200-4,200",中,https://www.elsevier.com/open-access/agreements,https://www.google.com/search?q=Biomaterials+Advances+aims+scope+instructions+for+authors+APC
124,2补-Q1且IF5到10,3,BRITISH JOURNAL OF DERMATOLOGY,BRIT J DERMATOL,0007-0963,1365-2133,8.2,9.7,Q1,6/99,Q1,Q1,2.68,94.4,336.0,31973.0,DERMATOLOGY,DERMATOLOGY(JIF Q1/JCI Q1),OXFORD UNIV PRESS,Oxford UP,是,SCIE,混合为主,订阅路线通常无APC；可选OA，费用因刊而异,中,https://academic.oup.com/pages/open-research/open-access,https://www.google.com/search?q=BRITISH+JOURNAL+OF+DERMATOLOGY+aims+scope+instructions+for+authors+APC
125,2补-Q1且IF5到10,3,CHEMICO-BIOLOGICAL INTERACTIONS,CHEM-BIOL INTERACT,0009-2797,1872-7786,5.2,5.5,Q1,16/106,Q1,Q1,1.18,85.4,336.0,20894.0,BIOCHEMISTRY & MOLECULAR BIOLOGY; PHARMACOLOGY & PHARMACY; TOXICOLOGY,BIOCHEMISTRY & MOLECULAR BIOLOGY(JIF Q1/JCI Q1) | PHARMACOLOGY & PHARMACY(JIF Q1/JCI Q1) | TOXICOLOGY(JIF Q1/JCI Q1),ELSEVIER IRELAND LTD,Elsevier,是,SCIE,混合为主,"订阅路线通常无APC；Gold OA常见 USD 2,200-4,200",中,https://www.elsevier.com/open-access/agreements,https://www.google.com/search?q=CHEMICO-BIOLOGICAL+INTERACTIONS+aims+scope+instructions+for+authors+APC
126,2补-Q1且IF5到10,3,ARTHROSCOPY-THE JOURNAL OF ARTHROSCOPIC AND RELATED SURGERY,ARTHROSCOPY,0749-8063,1526-3231,6.9,5.9,Q1,4/147,Q1,Q1,2.26,97.6,334.0,23271.0,ORTHOPEDICS; SPORT SCIENCES; SURGERY,ORTHOPEDICS(JIF Q1/JCI Q1) | SPORT SCIENCES(JIF Q1/JCI Q1) | SURGERY(JIF Q1/JCI Q1),WILEY,Wiley,是,SCIE,混合为主,"订阅路线通常无APC；OnlineOpen常见 USD 3,200-4,700",中,https://authorservices.wiley.com/author-resources/Journal-Authors/open-access/article-publication-charges.html,https://www.google.com/search?q=ARTHROSCOPY-THE+JOURNAL+OF+ARTHROSCOPIC+AND+RELATED+SURGERY+aims+scope+instructions+for+authors+APC
127,2补-Q1且IF5到10,3,AMERICAN JOURNAL OF SPORTS MEDICINE,AM J SPORT MED,0363-5465,1552-3365,5.4,6.1,Q1,8/147,Q1,Q1,2.0,94.9,332.0,45093.0,ORTHOPEDICS; SPORT SCIENCES,ORTHOPEDICS(JIF Q1/JCI Q1) | SPORT SCIENCES(JIF Q1/JCI Q1),SAGE PUBLICATIONS INC,SAGE,是,SCIE,混合为主,"订阅路线通常无APC；SAGE Choice常见 USD 2,000-4,000",中,https://us.sagepub.com/en-us/nam/sage-choice,https://www.google.com/search?q=AMERICAN+JOURNAL+OF+SPORTS+MEDICINE+aims+scope+instructions+for+authors+APC
128,2补-Q1且IF5到10,3,CANCER IMMUNOLOGY IMMUNOTHERAPY,CANCER IMMUNOL IMMUN,0340-7004,1432-0851,5.8,5.6,Q1,67/333,Q1,Q1,1.17,80.0,331.0,14876.0,IMMUNOLOGY; ONCOLOGY,IMMUNOLOGY(JIF Q1/JCI Q1) | ONCOLOGY(JIF Q1/JCI Q1),SPRINGER,Springer,是,SCIE,混合为主,"订阅路线通常无APC；选OA约 USD 2,790-4,290",中,https://www.springer.com/gp/open-access,https://www.google.com/search?q=CANCER+IMMUNOLOGY+IMMUNOTHERAPY+aims+scope+instructions+for+authors+APC
129,2补-Q1且IF5到10,3,AGING CELL,AGING CELL,1474-9718,1474-9726,7.7,9.1,Q1,8/72,Q1,Q1,1.46,89.6,330.0,22553.0,CELL BIOLOGY; GERIATRICS & GERONTOLOGY,CELL BIOLOGY(JIF Q1/JCI Q1) | GERIATRICS & GERONTOLOGY(JIF Q1/JCI Q1),WILEY,Wiley,是,SCIE,混合为主,"订阅路线通常无APC；OnlineOpen常见 USD 3,200-4,700",中,https://authorservices.wiley.com/author-resources/Journal-Authors/open-access/article-publication-charges.html,https://www.google.com/search?q=AGING+CELL+aims+scope+instructions+for+authors+APC
130,2补-Q1且IF5到10,3,Probiotics and Antimicrobial Proteins,PROBIOTICS ANTIMICRO,1867-1306,1867-1314,5.3,5.7,Q1,42/180,Q1,Q1,1.06,76.9,327.0,7953.0,BIOTECHNOLOGY & APPLIED MICROBIOLOGY; MICROBIOLOGY,BIOTECHNOLOGY & APPLIED MICROBIOLOGY(JIF Q1/JCI Q1) | MICROBIOLOGY(JIF Q1/JCI Q1),SPRINGER,Springer,是,SCIE,混合为主,"订阅路线通常无APC；选OA约 USD 2,790-4,290",中,https://www.springer.com/gp/open-access,https://www.google.com/search?q=Probiotics+and+Antimicrobial+Proteins+aims+scope+instructions+for+authors+APC
131,2补-Q1且IF5到10,3,PSYCHOLOGICAL MEDICINE,PSYCHOL MED,0033-2917,1469-8978,5.2,6.9,Q1,12/184,Q1,Q1,1.77,93.8,319.0,40682.0,"PSYCHIATRY; PSYCHOLOGY, CLINICAL","PSYCHIATRY(JIF Q1/JCI Q1) | PSYCHOLOGY, CLINICAL(JIF Q1/JCI Q1)",CAMBRIDGE UNIV PRESS,Cambridge UP,是,"SCIE, SSCI; SCIE; SSCI",混合为主,订阅路线通常无APC；Gold OA因刊而异,中,https://www.cambridge.org/core/open-research/open-access,https://www.google.com/search?q=PSYCHOLOGICAL+MEDICINE+aims+scope+instructions+for+authors+APC
132,2补-Q1且IF5到10,3,Horticulture Research,HORTIC RES-ENGLAND,2662-6810,2052-7276,9.5,10.2,Q1,2/45,Q1,Q1,2.32,95.6,318.0,17333.0,GENETICS & HEREDITY,GENETICS & HEREDITY(JIF Q1/JCI Q1),OXFORD UNIV PRESS INC,Oxford UP,是,SCIE,混合为主,订阅路线通常无APC；可选OA，费用因刊而异,中,https://academic.oup.com/pages/open-research/open-access,https://www.google.com/search?q=Horticulture+Research+aims+scope+instructions+for+authors+APC
133,2补-Q1且IF5到10,3,MOLECULAR BIOLOGY AND EVOLUTION,MOL BIOL EVOL,0737-4038,1537-1719,6.4,14.7,Q1,5/54,Q1,Q1,1.61,89.3,313.0,72786.0,BIOCHEMISTRY & MOLECULAR BIOLOGY; GENETICS & HEREDITY,BIOCHEMISTRY & MOLECULAR BIOLOGY(JIF Q1/JCI Q1) | GENETICS & HEREDITY(JIF Q1/JCI Q1),OXFORD UNIV PRESS,Oxford UP,是,SCIE,混合为主,订阅路线通常无APC；可选OA，费用因刊而异,中,https://academic.oup.com/pages/open-research/open-access,https://www.google.com/search?q=MOLECULAR+BIOLOGY+AND+EVOLUTION+aims+scope+instructions+for+authors+APC
134,2补-Q1且IF5到10,3,ACCIDENT ANALYSIS AND PREVENTION,ACCIDENT ANAL PREV,0001-4575,1879-2057,7.4,8.0,Q1,5/275,Q1,Q1,2.23,94.9,310.0,35448.0,"PUBLIC, ENVIRONMENTAL & OCCUPATIONAL HEALTH","PUBLIC, ENVIRONMENTAL & OCCUPATIONAL HEALTH(JIF Q1/JCI Q1)",PERGAMON-ELSEVIER SCIENCE LTD,Elsevier,否,SSCI,混合为主,"订阅路线通常无APC；Gold OA常见 USD 2,200-4,200",中,https://www.elsevier.com/open-access/agreements,https://www.google.com/search?q=ACCIDENT+ANALYSIS+AND+PREVENTION+aims+scope+instructions+for+authors+APC
135,2补-Q1且IF5到10,3,Ophthalmology Science,OPHTHALMOL SCI,2666-9145,2666-9145,5.0,5.2,Q1,13/98,Q1,Q1,2.03,87.2,302.0,2854.0,OPHTHALMOLOGY,OPHTHALMOLOGY(JIF Q1/JCI Q1),ELSEVIER,Elsevier,否,ESCI,混合为主,"订阅路线通常无APC；Gold OA常见 USD 2,200-4,200",中,https://www.elsevier.com/open-access/agreements,https://www.google.com/search?q=Ophthalmology+Science+aims+scope+instructions+for+authors+APC
136,2补-Q1且IF5到10,3,Kidney International Reports,KIDNEY INT REP,2468-0249,2468-0249,6.2,6.1,Q1,15/134,Q1,Q1,1.65,89.2,301.0,9820.0,UROLOGY & NEPHROLOGY,UROLOGY & NEPHROLOGY(JIF Q1/JCI Q1),ELSEVIER SCIENCE INC,Elsevier,是,SCIE,混合为主,"订阅路线通常无APC；Gold OA常见 USD 2,200-4,200",中,https://www.elsevier.com/open-access/agreements,https://www.google.com/search?q=Kidney+International+Reports+aims+scope+instructions+for+authors+APC
137,2补-Q1且IF5到10,3,INTERNATIONAL JOURNAL OF RADIATION ONCOLOGY BIOLOGY PHYSICS,INT J RADIAT ONCOL,0360-3016,1879-355X,7.4,7.1,Q1,13/217,Q1,Q1,1.52,94.2,300.0,42989.0,"ONCOLOGY; RADIOLOGY, NUCLEAR MEDICINE & MEDICAL IMAGING","ONCOLOGY(JIF Q1/JCI Q1) | RADIOLOGY, NUCLEAR MEDICINE & MEDICAL IMAGING(JIF Q1/JCI Q1)",ELSEVIER SCIENCE INC,Elsevier,是,SCIE,混合为主,"订阅路线通常无APC；Gold OA常见 USD 2,200-4,200",中,https://www.elsevier.com/open-access/agreements,https://www.google.com/search?q=INTERNATIONAL+JOURNAL+OF+RADIATION+ONCOLOGY+BIOLOGY+PHYSICS+aims+scope+instructions+for+authors+APC
138,2补-Q1且IF5到10,3,Clinical Kidney Journal,CLIN KIDNEY J,2048-8505,2048-8513,5.3,5.3,Q1,16/134,Q1,Q1,1.26,88.4,300.0,9429.0,UROLOGY & NEPHROLOGY,UROLOGY & NEPHROLOGY(JIF Q1/JCI Q1),OXFORD UNIV PRESS,Oxford UP,是,SCIE,混合为主,订阅路线通常无APC；可选OA，费用因刊而异,中,https://academic.oup.com/pages/open-research/open-access,https://www.google.com/search?q=Clinical+Kidney+Journal+aims+scope+instructions+for+authors+APC
139,2补-Q1且IF5到10,3,MOLECULAR MEDICINE,MOL MED,1076-1551,1528-3658,8.3,7.6,Q1,38/328,Q1,Q1,1.26,88.6,299.0,11517.0,"BIOCHEMISTRY & MOLECULAR BIOLOGY; CELL BIOLOGY; MEDICINE, RESEARCH & EXPERIMENTAL","BIOCHEMISTRY & MOLECULAR BIOLOGY(JIF Q1/JCI Q1) | CELL BIOLOGY(JIF Q1/JCI Q1) | MEDICINE, RESEARCH & EXPERIMENTAL(JIF Q1/JCI Q1)",SPRINGER,Springer,是,SCIE,混合为主,"订阅路线通常无APC；选OA约 USD 2,790-4,290",中,https://www.springer.com/gp/open-access,https://www.google.com/search?q=MOLECULAR+MEDICINE+aims+scope+instructions+for+authors+APC
140,2补-Q1且IF5到10,3,JOURNAL OF THROMBOSIS AND HAEMOSTASIS,J THROMB HAEMOST,1538-7933,1538-7836,5.2,5.5,Q1,16/103,Q1,Q1,1.31,85.0,297.0,23386.0,HEMATOLOGY; PERIPHERAL VASCULAR DISEASE,HEMATOLOGY(JIF Q1/JCI Q1) | PERIPHERAL VASCULAR DISEASE(JIF Q1/JCI Q1),ELSEVIER SCIENCE INC,Elsevier,是,SCIE,混合为主,"订阅路线通常无APC；Gold OA常见 USD 2,200-4,200",中,https://www.elsevier.com/open-access/agreements,https://www.google.com/search?q=JOURNAL+OF+THROMBOSIS+AND+HAEMOSTASIS+aims+scope+instructions+for+authors+APC
141,2补-Q1且IF5到10,3,AGE AND AGEING,AGE AGEING,0002-0729,1468-2834,7.4,8.3,Q1,9/72,Q1,Q1,1.51,88.2,296.0,24557.0,GERIATRICS & GERONTOLOGY,GERIATRICS & GERONTOLOGY(JIF Q1/JCI Q1),OXFORD UNIV PRESS,Oxford UP,是,SCIE,混合为主,订阅路线通常无APC；可选OA，费用因刊而异,中,https://academic.oup.com/pages/open-research/open-access,https://www.google.com/search?q=AGE+AND+AGEING+aims+scope+instructions+for+authors+APC
142,2补-Q1且IF5到10,3,BRITISH JOURNAL OF CANCER,BRIT J CANCER,0007-0920,1532-1827,7.8,8.9,Q1,48/333,Q1,Q1,1.43,85.7,294.0,51047.0,ONCOLOGY,ONCOLOGY(JIF Q1/JCI Q1),SPRINGERNATURE,Springer Nature,是,SCIE,混合/全OA,"全OA约 USD 2,090-3,490；Nature系更高；Scientific Reports已拉黑",中高,https://www.springernature.com/gp/open-research/journals-books/journals,https://www.google.com/search?q=BRITISH+JOURNAL+OF+CANCER+aims+scope+instructions+for+authors+APC
143,2补-Q1且IF5到10,3,LUNG CANCER,LUNG CANCER,0169-5002,1872-8332,5.3,5.1,Q1,16/107,Q1,Q1,1.15,85.5,294.0,15636.0,ONCOLOGY; RESPIRATORY SYSTEM,ONCOLOGY(JIF Q1/JCI Q1) | RESPIRATORY SYSTEM(JIF Q1/JCI Q1),ELSEVIER IRELAND LTD,Elsevier,是,SCIE,混合为主,"订阅路线通常无APC；Gold OA常见 USD 2,200-4,200",中,https://www.elsevier.com/open-access/agreements,https://www.google.com/search?q=LUNG+CANCER+aims+scope+instructions+for+authors+APC
144,2补-Q1且IF5到10,3,One Health,ONE HEALTH-AMSTERDAM,,2352-7714,5.3,5.1,Q1,45/443,Q1,Q1,1.4,90.0,293.0,4571.0,"INFECTIOUS DISEASES; PUBLIC, ENVIRONMENTAL & OCCUPATIONAL HEALTH","INFECTIOUS DISEASES(JIF Q1/JCI Q1) | PUBLIC, ENVIRONMENTAL & OCCUPATIONAL HEALTH(JIF Q1/JCI Q1)",ELSEVIER,Elsevier,是,SCIE,混合为主,"订阅路线通常无APC；Gold OA常见 USD 2,200-4,200",中,https://www.elsevier.com/open-access/agreements,https://www.google.com/search?q=One+Health+aims+scope+instructions+for+authors+APC
145,2补-Q1且IF5到10,3,Journal of Cachexia Sarcopenia and Muscle,J CACHEXIA SARCOPENI,2190-5991,2190-6009,9.9,12.0,Q1,16/336,Q1,Q1,2.07,95.4,292.0,17703.0,"GERIATRICS & GERONTOLOGY; MEDICINE, GENERAL & INTERNAL","GERIATRICS & GERONTOLOGY(JIF Q1/JCI Q1) | MEDICINE, GENERAL & INTERNAL(JIF Q1/JCI Q1)",WILEY,Wiley,是,SCIE,混合为主,"订阅路线通常无APC；OnlineOpen常见 USD 3,200-4,700",中,https://authorservices.wiley.com/author-resources/Journal-Authors/open-access/article-publication-charges.html,https://www.google.com/search?q=Journal+of+Cachexia+Sarcopenia+and+Muscle+aims+scope+instructions+for+authors+APC
146,2补-Q1且IF5到10,3,CANCER,CANCER-AM CANCER SOC,0008-543X,1097-0142,5.6,6.6,Q1,74/333,Q1,Q1,1.13,77.9,290.0,61762.0,ONCOLOGY,ONCOLOGY(JIF Q1/JCI Q1),WILEY,Wiley,是,SCIE,混合为主,"订阅路线通常无APC；OnlineOpen常见 USD 3,200-4,700",中,https://authorservices.wiley.com/author-resources/Journal-Authors/open-access/article-publication-charges.html,https://www.google.com/search?q=CANCER+aims+scope+instructions+for+authors+APC
147,2补-Q1且IF5到10,3,AMERICAN JOURNAL OF CLINICAL NUTRITION,AM J CLIN NUTR,0002-9165,1938-3207,7.1,7.7,Q1,12/114,Q1,Q1,1.55,89.9,289.0,55209.0,NUTRITION & DIETETICS,NUTRITION & DIETETICS(JIF Q1/JCI Q1),ELSEVIER SCIENCE INC,Elsevier,是,SCIE,混合为主,"订阅路线通常无APC；Gold OA常见 USD 2,200-4,200",中,https://www.elsevier.com/open-access/agreements,https://www.google.com/search?q=AMERICAN+JOURNAL+OF+CLINICAL+NUTRITION+aims+scope+instructions+for+authors+APC
148,2补-Q1且IF5到10,3,CLINICAL NUCLEAR MEDICINE,CLIN NUCL MED,0363-9762,1536-0229,9.6,8.4,Q1,8/217,Q1,Q1,1.17,96.5,283.0,7067.0,"RADIOLOGY, NUCLEAR MEDICINE & MEDICAL IMAGING","RADIOLOGY, NUCLEAR MEDICINE & MEDICAL IMAGING(JIF Q1/JCI Q1)",LIPPINCOTT WILLIAMS & WILKINS,Wolters Kluwer/LWW,是,SCIE,混合为主,"订阅路线通常无APC；OA常见 USD 2,000-4,000；MEDICINE已拉黑",中,https://wkauthorservices.editage.com/open-access/,https://www.google.com/search?q=CLINICAL+NUCLEAR+MEDICINE+aims+scope+instructions+for+authors+APC
149,2补-Q1且IF5到10,3,PAIN,PAIN,0304-3959,1872-6623,5.8,7.2,Q1,7/72,Q1,Q1,1.88,91.0,283.0,43560.0,ANESTHESIOLOGY; CLINICAL NEUROLOGY; NEUROSCIENCES,ANESTHESIOLOGY(JIF Q1/JCI Q1) | CLINICAL NEUROLOGY(JIF Q1/JCI Q1) | NEUROSCIENCES(JIF Q1/JCI Q1),LIPPINCOTT WILLIAMS & WILKINS,Wolters Kluwer/LWW,是,SCIE,混合为主,"订阅路线通常无APC；OA常见 USD 2,000-4,000；MEDICINE已拉黑",中,https://wkauthorservices.editage.com/open-access/,https://www.google.com/search?q=PAIN+aims+scope+instructions+for+authors+APC
150,2补-Q1且IF5到10,3,LIVER INTERNATIONAL,LIVER INT,1478-3223,1478-3231,6.2,5.9,Q1,23/153,Q1,Q1,1.31,85.3,280.0,16802.0,GASTROENTEROLOGY & HEPATOLOGY,GASTROENTEROLOGY & HEPATOLOGY(JIF Q1/JCI Q1),WILEY,Wiley,是,SCIE,混合为主,"订阅路线通常无APC；OnlineOpen常见 USD 3,200-4,700",中,https://authorservices.wiley.com/author-resources/Journal-Authors/open-access/article-publication-charges.html,https://www.google.com/search?q=LIVER+INTERNATIONAL+aims+scope+instructions+for+authors+APC
151,2补-Q1且IF5到10,3,ONCOGENE,ONCOGENE,0950-9232,1476-5594,9.1,8.1,Q1,11/192,Q1,Q1,1.57,94.5,279.0,59393.0,BIOCHEMISTRY & MOLECULAR BIOLOGY; CELL BIOLOGY; GENETICS & HEREDITY; ONCOLOGY,BIOCHEMISTRY & MOLECULAR BIOLOGY(JIF Q1/JCI Q1) | CELL BIOLOGY(JIF Q1/JCI Q1) | GENETICS & HEREDITY(JIF Q1/JCI Q1) | ONCOLOGY(JIF Q1/JCI Q1),SPRINGERNATURE,Springer Nature,是,SCIE,混合/全OA,"全OA约 USD 2,090-3,490；Nature系更高；Scientific Reports已拉黑",中高,https://www.springernature.com/gp/open-research/journals-books/journals,https://www.google.com/search?q=ONCOGENE+aims+scope+instructions+for+authors+APC
152,2补-Q1且IF5到10,3,MICROBIOLOGICAL RESEARCH,MICROBIOL RES,0944-5013,1618-0623,8.5,8.7,Q1,17/167,Q1,Q1,1.42,90.1,279.0,16931.0,MICROBIOLOGY,MICROBIOLOGY(JIF Q1/JCI Q1),ELSEVIER GMBH,Elsevier,是,SCIE,混合为主,"订阅路线通常无APC；Gold OA常见 USD 2,200-4,200",中,https://www.elsevier.com/open-access/agreements,https://www.google.com/search?q=MICROBIOLOGICAL+RESEARCH+aims+scope+instructions+for+authors+APC
153,2补-Q1且IF5到10,3,EMBO JOURNAL,EMBO J,0261-4189,1460-2075,8.4,10.1,Q1,37/328,Q1,Q1,1.44,88.9,277.0,63452.0,BIOCHEMISTRY & MOLECULAR BIOLOGY; CELL BIOLOGY,BIOCHEMISTRY & MOLECULAR BIOLOGY(JIF Q1/JCI Q1) | CELL BIOLOGY(JIF Q1/JCI Q1),SPRINGERNATURE,Springer Nature,是,SCIE,混合/全OA,"全OA约 USD 2,090-3,490；Nature系更高；Scientific Reports已拉黑",中高,https://www.springernature.com/gp/open-research/journals-books/journals,https://www.google.com/search?q=EMBO+JOURNAL+aims+scope+instructions+for+authors+APC
154,2补-Q1且IF5到10,3,Clinical and Translational Medicine,CLIN TRANSL MED,2001-1326,2001-1326,7.9,8.8,Q1,25/191,Q1,Q1,1.43,87.2,272.0,13400.0,"MEDICINE, RESEARCH & EXPERIMENTAL; ONCOLOGY","MEDICINE, RESEARCH & EXPERIMENTAL(JIF Q1/JCI Q1) | ONCOLOGY(JIF Q1/JCI Q1)",WILEY,Wiley,是,SCIE,混合为主,"订阅路线通常无APC；OnlineOpen常见 USD 3,200-4,700",中,https://authorservices.wiley.com/author-resources/Journal-Authors/open-access/article-publication-charges.html,https://www.google.com/search?q=Clinical+and+Translational+Medicine+aims+scope+instructions+for+authors+APC
155,2补-Q1且IF5到10,3,NEUROSCIENCE AND BIOBEHAVIORAL REVIEWS,NEUROSCI BIOBEHAV R,0149-7634,1873-7528,8.5,10.2,Q1,2/57,Q1,Q1,1.91,94.1,270.0,53277.0,NEUROSCIENCES,NEUROSCIENCES(JIF Q1/JCI Q1),PERGAMON-ELSEVIER SCIENCE LTD,Elsevier,是,SCIE,混合为主,"订阅路线通常无APC；Gold OA常见 USD 2,200-4,200",中,https://www.elsevier.com/open-access/agreements,https://www.google.com/search?q=NEUROSCIENCE+AND+BIOBEHAVIORAL+REVIEWS+aims+scope+instructions+for+authors+APC
156,2补-Q1且IF5到10,3,JOURNAL OF NUTRITIONAL BIOCHEMISTRY,J NUTR BIOCHEM,0955-2863,1873-4847,5.2,5.6,Q1,25/114,Q1,Q1,1.02,78.5,269.0,14951.0,BIOCHEMISTRY & MOLECULAR BIOLOGY; NUTRITION & DIETETICS,BIOCHEMISTRY & MOLECULAR BIOLOGY(JIF Q1/JCI Q1) | NUTRITION & DIETETICS(JIF Q1/JCI Q1),ELSEVIER SCIENCE INC,Elsevier,是,SCIE,混合为主,"订阅路线通常无APC；Gold OA常见 USD 2,200-4,200",中,https://www.elsevier.com/open-access/agreements,https://www.google.com/search?q=JOURNAL+OF+NUTRITIONAL+BIOCHEMISTRY+aims+scope+instructions+for+authors+APC
157,2补-Q1且IF5到10,3,BRITISH JOURNAL OF PHARMACOLOGY,BRIT J PHARMACOL,0007-1188,1476-5381,7.5,8.4,Q1,27/356,Q1,Q1,1.65,92.6,267.0,39682.0,PHARMACOLOGY & PHARMACY,PHARMACOLOGY & PHARMACY(JIF Q1/JCI Q1),WILEY,Wiley,是,SCIE,混合为主,"订阅路线通常无APC；OnlineOpen常见 USD 3,200-4,700",中,https://authorservices.wiley.com/author-resources/Journal-Authors/open-access/article-publication-charges.html,https://www.google.com/search?q=BRITISH+JOURNAL+OF+PHARMACOLOGY+aims+scope+instructions+for+authors+APC
158,2补-Q1且IF5到10,3,JOURNAL OF NUCLEAR MEDICINE,J NUCL MED,0161-5505,1535-5667,9.6,9.6,Q1,8/217,Q1,Q1,2.81,96.5,262.0,32569.0,"RADIOLOGY, NUCLEAR MEDICINE & MEDICAL IMAGING","RADIOLOGY, NUCLEAR MEDICINE & MEDICAL IMAGING(JIF Q1/JCI Q1)",SOC NUCLEAR MEDICINE INC,其他,是,SCIE,需核实,请查期刊官网 Author / Open Access 页面,未知,,https://www.google.com/search?q=JOURNAL+OF+NUCLEAR+MEDICINE+aims+scope+instructions+for+authors+APC
159,2补-Q1且IF5到10,3,npj Vaccines,NPJ VACCINES,,2059-0105,7.2,6.6,Q1,26/183,Q1,Q1,1.44,86.1,262.0,6659.0,"IMMUNOLOGY; MEDICINE, RESEARCH & EXPERIMENTAL","IMMUNOLOGY(JIF Q1/JCI Q1) | MEDICINE, RESEARCH & EXPERIMENTAL(JIF Q1/JCI Q1)",NATURE PORTFOLIO,Springer Nature,是,SCIE,混合/全OA,"全OA约 USD 2,090-3,490；Nature系更高；Scientific Reports已拉黑",中高,https://www.springernature.com/gp/open-research/journals-books/journals,https://www.google.com/search?q=npj+Vaccines+aims+scope+instructions+for+authors+APC
160,2补-Q1且IF5到10,3,EMBO REPORTS,EMBO REP,1469-221X,1469-3178,6.0,7.3,Q1,64/328,Q1,Q1,0.97,80.6,262.0,22822.0,BIOCHEMISTRY & MOLECULAR BIOLOGY; CELL BIOLOGY,BIOCHEMISTRY & MOLECULAR BIOLOGY(JIF Q1/JCI Q1) | CELL BIOLOGY(JIF Q2/JCI Q2),SPRINGERNATURE,Springer Nature,是,SCIE,混合/全OA,"全OA约 USD 2,090-3,490；Nature系更高；Scientific Reports已拉黑",中高,https://www.springernature.com/gp/open-research/journals-books/journals,https://www.google.com/search?q=EMBO+REPORTS+aims+scope+instructions+for+authors+APC
161,2补-Q1且IF5到10,3,TOXICOLOGY,TOXICOLOGY,0300-483X,1879-3185,5.2,5.5,Q1,16/106,Q1,Q1,1.38,85.4,258.0,16009.0,PHARMACOLOGY & PHARMACY; TOXICOLOGY,PHARMACOLOGY & PHARMACY(JIF Q1/JCI Q1) | TOXICOLOGY(JIF Q1/JCI Q1),ELSEVIER IRELAND LTD,Elsevier,是,SCIE,混合为主,"订阅路线通常无APC；Gold OA常见 USD 2,200-4,200",中,https://www.elsevier.com/open-access/agreements,https://www.google.com/search?q=TOXICOLOGY+aims+scope+instructions+for+authors+APC
162,2补-Q1且IF5到10,3,CLINICAL NUTRITION,CLIN NUTR,0261-5614,1532-1983,7.9,7.8,Q1,9/114,Q1,Q1,1.54,92.5,255.0,30445.0,NUTRITION & DIETETICS,NUTRITION & DIETETICS(JIF Q1/JCI Q1),CHURCHILL LIVINGSTONE,Elsevier,是,SCIE,混合为主,"订阅路线通常无APC；Gold OA常见 USD 2,200-4,200",中,https://www.elsevier.com/open-access/agreements,https://www.google.com/search?q=CLINICAL+NUTRITION+aims+scope+instructions+for+authors+APC
163,2补-Q1且IF5到10,3,CHEST,CHEST,0012-3692,1931-3543,9.8,10.1,Q1,6/107,Q1,Q1,2.21,94.9,253.0,52924.0,CRITICAL CARE MEDICINE; RESPIRATORY SYSTEM,CRITICAL CARE MEDICINE(JIF Q1/JCI Q1) | RESPIRATORY SYSTEM(JIF Q1/JCI Q1),ELSEVIER,Elsevier,是,SCIE,混合为主,"订阅路线通常无APC；Gold OA常见 USD 2,200-4,200",中,https://www.elsevier.com/open-access/agreements,https://www.google.com/search?q=CHEST+aims+scope+instructions+for+authors+APC
164,2补-Q1且IF5到10,3,GENETICS,GENETICS,0016-6731,1943-2631,6.5,5.0,Q1,19/192,Q1,Q1,1.46,90.4,250.0,37197.0,GENETICS & HEREDITY,GENETICS & HEREDITY(JIF Q1/JCI Q1),OXFORD UNIV PRESS INC,Oxford UP,是,SCIE,混合为主,订阅路线通常无APC；可选OA，费用因刊而异,中,https://academic.oup.com/pages/open-research/open-access,https://www.google.com/search?q=GENETICS+aims+scope+instructions+for+authors+APC
165,2补-Q1且IF5到10,3,EMERGING INFECTIOUS DISEASES,EMERG INFECT DIS,1080-6040,1080-6059,7.9,6.5,Q1,10/141,Q1,Q1,1.61,93.3,248.0,34822.0,IMMUNOLOGY; INFECTIOUS DISEASES,IMMUNOLOGY(JIF Q1/JCI Q1) | INFECTIOUS DISEASES(JIF Q1/JCI Q1),CENTERS DISEASE CONTROL & PREVENTION,其他,是,SCIE,需核实,请查期刊官网 Author / Open Access 页面,未知,,https://www.google.com/search?q=EMERGING+INFECTIOUS+DISEASES+aims+scope+instructions+for+authors+APC
166,2补-Q1且IF5到10,3,ISME Communications,ISME COMMUN,,2730-6151,6.4,7.3,Q1,19/205,Q1,Q1,1.58,84.1,248.0,3829.0,MICROBIOLOGY,MICROBIOLOGY(JIF Q1/JCI Q1),OXFORD UNIV PRESS,Oxford UP,否,ESCI,混合为主,订阅路线通常无APC；可选OA，费用因刊而异,中,https://academic.oup.com/pages/open-research/open-access,https://www.google.com/search?q=ISME+Communications+aims+scope+instructions+for+authors+APC
167,2补-Q1且IF5到10,3,EXPERIMENTAL GERONTOLOGY,EXP GERONTOL,0531-5565,1873-6815,5.1,4.8,Q1,16/72,Q2,Q2,0.94,78.5,248.0,16389.0,GERIATRICS & GERONTOLOGY,GERIATRICS & GERONTOLOGY(JIF Q1/JCI Q2),PERGAMON-ELSEVIER SCIENCE LTD,Elsevier,是,SCIE,混合为主,"订阅路线通常无APC；Gold OA常见 USD 2,200-4,200",中,https://www.elsevier.com/open-access/agreements,https://www.google.com/search?q=EXPERIMENTAL+GERONTOLOGY+aims+scope+instructions+for+authors+APC
168,2补-Q1且IF5到10,3,INTERNATIONAL JOURNAL OF MEDICAL INFORMATICS,INT J MED INFORM,1386-5056,1872-8243,5.0,5.2,Q1,25/194,Q2,Q2,0.98,87.4,247.0,12781.0,HEALTH CARE SCIENCES & SERVICES; MEDICAL INFORMATICS,HEALTH CARE SCIENCES & SERVICES(JIF Q1/JCI Q2) | MEDICAL INFORMATICS(JIF Q2/JCI Q2),ELSEVIER IRELAND LTD,Elsevier,是,SCIE,混合为主,"订阅路线通常无APC；Gold OA常见 USD 2,200-4,200",中,https://www.elsevier.com/open-access/agreements,https://www.google.com/search?q=INTERNATIONAL+JOURNAL+OF+MEDICAL+INFORMATICS+aims+scope+instructions+for+authors+APC
169,2补-Q1且IF5到10,3,HLA,HLA,2059-2302,2059-2310,5.0,3.8,Q1,7/89,Q3,Q3,0.63,92.7,247.0,2418.0,CELL BIOLOGY; IMMUNOLOGY; PATHOLOGY,CELL BIOLOGY(JIF Q2/JCI Q3) | IMMUNOLOGY(JIF Q2/JCI Q3) | PATHOLOGY(JIF Q1/JCI Q3),WILEY,Wiley,是,SCIE,混合为主,"订阅路线通常无APC；OnlineOpen常见 USD 3,200-4,700",中,https://authorservices.wiley.com/author-resources/Journal-Authors/open-access/article-publication-charges.html,https://www.google.com/search?q=HLA+aims+scope+instructions+for+authors+APC
170,2补-Q1且IF5到10,3,Virulence,VIRULENCE,2150-5594,2150-5608,6.8,6.9,Q1,13/141,Q1,Q1,1.12,91.1,246.0,10048.0,IMMUNOLOGY; INFECTIOUS DISEASES; MICROBIOLOGY,IMMUNOLOGY(JIF Q1/JCI Q1) | INFECTIOUS DISEASES(JIF Q1/JCI Q1) | MICROBIOLOGY(JIF Q1/JCI Q1),TAYLOR & FRANCIS INC,Taylor & Francis,是,SCIE,混合为主,"订阅路线通常无APC；Open Select常见 USD 2,500-3,500",中,https://authorservices.taylorandfrancis.com/publishing-open-access/,https://www.google.com/search?q=Virulence+aims+scope+instructions+for+authors+APC
171,2补-Q1且IF5到10,3,Insights into Imaging,INSIGHTS IMAGING,1869-4101,1869-4101,5.6,5.7,Q1,24/217,Q1,Q1,1.47,89.2,240.0,9354.0,"RADIOLOGY, NUCLEAR MEDICINE & MEDICAL IMAGING","RADIOLOGY, NUCLEAR MEDICINE & MEDICAL IMAGING(JIF Q1/JCI Q1)",SPRINGER WIEN,Springer,是,SCIE,混合为主,"订阅路线通常无APC；选OA约 USD 2,790-4,290",中,https://www.springer.com/gp/open-access,https://www.google.com/search?q=Insights+into+Imaging+aims+scope+instructions+for+authors+APC
172,2补-Q1且IF5到10,3,Molecular Therapy Nucleic Acids,MOL THER NUCL ACIDS,2162-2531,2162-2531,6.5,6.2,Q1,37/191,Q1,Q1,1.4,80.9,237.0,14299.0,"MEDICINE, RESEARCH & EXPERIMENTAL","MEDICINE, RESEARCH & EXPERIMENTAL(JIF Q1/JCI Q1)",CELL PRESS,其他,是,SCIE,需核实,请查期刊官网 Author / Open Access 页面,未知,,https://www.google.com/search?q=Molecular+Therapy+Nucleic+Acids+aims+scope+instructions+for+authors+APC
173,2补-Q1且IF5到10,3,JHEP Reports,JHEP REP,,2589-5559,8.7,9.8,Q1,14/153,Q1,Q1,1.92,91.2,235.0,7614.0,GASTROENTEROLOGY & HEPATOLOGY,GASTROENTEROLOGY & HEPATOLOGY(JIF Q1/JCI Q1),ELSEVIER,Elsevier,是,SCIE,混合为主,"订阅路线通常无APC；Gold OA常见 USD 2,200-4,200",中,https://www.elsevier.com/open-access/agreements,https://www.google.com/search?q=JHEP+Reports+aims+scope+instructions+for+authors+APC
174,2补-Q1且IF5到10,3,ANNALS OF SURGERY,ANN SURG,0003-4932,1528-1140,7.4,8.1,Q1,12/321,Q1,Q1,3.52,96.4,232.0,55777.0,SURGERY,SURGERY(JIF Q1/JCI Q1),LIPPINCOTT WILLIAMS & WILKINS,Wolters Kluwer/LWW,是,SCIE,混合为主,"订阅路线通常无APC；OA常见 USD 2,000-4,000；MEDICINE已拉黑",中,https://wkauthorservices.editage.com/open-access/,https://www.google.com/search?q=ANNALS+OF+SURGERY+aims+scope+instructions+for+authors+APC
175,2补-Q1且IF5到10,3,AMERICAN JOURNAL OF OBSTETRICS AND GYNECOLOGY,AM J OBSTET GYNECOL,0002-9378,1097-6868,7.9,8.5,Q1,4/143,Q1,Q1,2.77,97.6,231.0,47085.0,OBSTETRICS & GYNECOLOGY,OBSTETRICS & GYNECOLOGY(JIF Q1/JCI Q1),MOSBY-ELSEVIER,Elsevier,是,SCIE,混合为主,"订阅路线通常无APC；Gold OA常见 USD 2,200-4,200",中,https://www.elsevier.com/open-access/agreements,https://www.google.com/search?q=AMERICAN+JOURNAL+OF+OBSTETRICS+AND+GYNECOLOGY+aims+scope+instructions+for+authors+APC
176,2补-Q1且IF5到10,3,MOVEMENT DISORDERS,MOVEMENT DISORD,0885-3185,1531-8257,7.7,8.0,Q1,18/296,Q1,Q1,1.91,94.1,231.0,36832.0,CLINICAL NEUROLOGY,CLINICAL NEUROLOGY(JIF Q1/JCI Q1),WILEY,Wiley,是,SCIE,混合为主,"订阅路线通常无APC；OnlineOpen常见 USD 3,200-4,700",中,https://authorservices.wiley.com/author-resources/Journal-Authors/open-access/article-publication-charges.html,https://www.google.com/search?q=MOVEMENT+DISORDERS+aims+scope+instructions+for+authors+APC
177,2补-Q1且IF5到10,3,Journal of Allergy and Clinical Immunology-In Practice,J ALLER CL IMM-PRACT,2213-2198,2213-2201,7.2,7.7,Q1,4/40,Q1,Q1,1.44,91.3,231.0,18872.0,ALLERGY; IMMUNOLOGY,ALLERGY(JIF Q1/JCI Q1) | IMMUNOLOGY(JIF Q1/JCI Q1),ELSEVIER,Elsevier,是,SCIE,混合为主,"订阅路线通常无APC；Gold OA常见 USD 2,200-4,200",中,https://www.elsevier.com/open-access/agreements,https://www.google.com/search?q=Journal+of+Allergy+and+Clinical+Immunology-In+Practice+aims+scope+instructions+for+authors+APC
178,2补-Q1且IF5到10,3,SLEEP,SLEEP,0161-8105,1550-9109,7.0,6.6,Q1,24/296,Q1,Q1,1.37,92.1,230.0,31454.0,CLINICAL NEUROLOGY; NEUROSCIENCES,CLINICAL NEUROLOGY(JIF Q1/JCI Q1) | NEUROSCIENCES(JIF Q1/JCI Q1),OXFORD UNIV PRESS INC,Oxford UP,是,SCIE,混合为主,订阅路线通常无APC；可选OA，费用因刊而异,中,https://academic.oup.com/pages/open-research/open-access,https://www.google.com/search?q=SLEEP+aims+scope+instructions+for+authors+APC
179,2补-Q1且IF5到10,3,INTERNATIONAL JOURNAL OF GYNECOLOGICAL CANCER,INT J GYNECOL CANCER,1048-891X,1525-1438,5.4,5.2,Q1,7/143,Q1,Q1,1.54,95.5,230.0,12237.0,OBSTETRICS & GYNECOLOGY; ONCOLOGY,OBSTETRICS & GYNECOLOGY(JIF Q1/JCI Q1) | ONCOLOGY(JIF Q1/JCI Q1),ELSEVIER,Elsevier,是,SCIE,混合为主,"订阅路线通常无APC；Gold OA常见 USD 2,200-4,200",中,https://www.elsevier.com/open-access/agreements,https://www.google.com/search?q=INTERNATIONAL+JOURNAL+OF+GYNECOLOGICAL+CANCER+aims+scope+instructions+for+authors+APC
180,2补-Q1且IF5到10,3,PHILOSOPHICAL TRANSACTIONS OF THE ROYAL SOCIETY B-BIOLOGICAL SCIENCES,PHILOS T R SOC B,0962-8436,1471-2970,5.3,6.2,Q1,14/106,Q1,Q1,1.29,87.3,230.0,60491.0,BIOLOGY,BIOLOGY(JIF Q1/JCI Q1),ROYAL SOC,其他,是,SCIE,需核实,请查期刊官网 Author / Open Access 页面,未知,,https://www.google.com/search?q=PHILOSOPHICAL+TRANSACTIONS+OF+THE+ROYAL+SOCIETY+B-BIOLOGICAL+SCIENCES+aims+scope+instructions+for+authors+APC
181,2补-Q1且IF5到10,3,AMERICAN JOURNAL OF TRANSPLANTATION,AM J TRANSPLANT,1600-6135,1600-6143,8.1,6.4,Q1,7/321,Q1,Q1,3.19,98.0,223.0,26190.0,SURGERY; TRANSPLANTATION,SURGERY(JIF Q1/JCI Q1) | TRANSPLANTATION(JIF Q1/JCI Q1),ELSEVIER SCIENCE INC,Elsevier,是,SCIE,混合为主,"订阅路线通常无APC；Gold OA常见 USD 2,200-4,200",中,https://www.elsevier.com/open-access/agreements,https://www.google.com/search?q=AMERICAN+JOURNAL+OF+TRANSPLANTATION+aims+scope+instructions+for+authors+APC
182,2补-Q1且IF5到10,3,ATHEROSCLEROSIS,ATHEROSCLEROSIS,0021-9150,1879-1484,7.1,6.2,Q1,10/100,Q1,Q1,1.5,90.5,223.0,25027.0,CARDIAC & CARDIOVASCULAR SYSTEMS; PERIPHERAL VASCULAR DISEASE,CARDIAC & CARDIOVASCULAR SYSTEMS(JIF Q1/JCI Q1) | PERIPHERAL VASCULAR DISEASE(JIF Q1/JCI Q1),ELSEVIER IRELAND LTD,Elsevier,是,SCIE,混合为主,"订阅路线通常无APC；Gold OA常见 USD 2,200-4,200",中,https://www.elsevier.com/open-access/agreements,https://www.google.com/search?q=ATHEROSCLEROSIS+aims+scope+instructions+for+authors+APC
183,2补-Q1且IF5到10,3,Emerging Microbes & Infections,EMERG MICROBES INFEC,,2222-1751,7.0,6.8,Q1,12/141,Q1,Q1,1.93,91.8,222.0,11908.0,IMMUNOLOGY; INFECTIOUS DISEASES; MICROBIOLOGY,IMMUNOLOGY(JIF Q1/JCI Q1) | INFECTIOUS DISEASES(JIF Q1/JCI Q1) | MICROBIOLOGY(JIF Q1/JCI Q1),TAYLOR & FRANCIS LTD,Taylor & Francis,是,SCIE,混合为主,"订阅路线通常无APC；Open Select常见 USD 2,500-3,500",中,https://authorservices.taylorandfrancis.com/publishing-open-access/,https://www.google.com/search?q=Emerging+Microbes+&+Infections+aims+scope+instructions+for+authors+APC
184,2补-Q1且IF5到10,3,Drug Delivery and Translational Research,DRUG DELIV TRANSL RE,2190-393X,2190-3948,6.9,7.5,Q1,34/356,Q1,Q1,1.38,90.6,221.0,10319.0,"MEDICINE, RESEARCH & EXPERIMENTAL; PHARMACOLOGY & PHARMACY","MEDICINE, RESEARCH & EXPERIMENTAL(JIF Q1/JCI Q1) | PHARMACOLOGY & PHARMACY(JIF Q1/JCI Q1)",SPRINGER HEIDELBERG,Springer,是,SCIE,混合为主,"订阅路线通常无APC；选OA约 USD 2,790-4,290",中,https://www.springer.com/gp/open-access,https://www.google.com/search?q=Drug+Delivery+and+Translational+Research+aims+scope+instructions+for+authors+APC
185,2补-Q1且IF5到10,3,Lancet Regional Health-Americas,LANCET REG HEALTH-AM,2667-193X,2667-193X,9.1,8.4,Q1,6/194,Q1,Q1,2.44,97.2,219.0,5339.0,"HEALTH CARE SCIENCES & SERVICES; PUBLIC, ENVIRONMENTAL & OCCUPATIONAL HEALTH","HEALTH CARE SCIENCES & SERVICES(JIF Q1/JCI Q1) | PUBLIC, ENVIRONMENTAL & OCCUPATIONAL HEALTH(JIF Q1/JCI Q1)",ELSEVIER,Elsevier,否,ESCI,混合为主,"订阅路线通常无APC；Gold OA常见 USD 2,200-4,200",中,https://www.elsevier.com/open-access/agreements,https://www.google.com/search?q=Lancet+Regional+Health-Americas+aims+scope+instructions+for+authors+APC
186,2补-Q1且IF5到10,3,Spine Journal,SPINE J,1529-9430,1878-1632,5.1,5.8,Q1,9/147,Q1,Q1,1.78,94.2,219.0,16410.0,CLINICAL NEUROLOGY; ORTHOPEDICS,CLINICAL NEUROLOGY(JIF Q1/JCI Q1) | ORTHOPEDICS(JIF Q1/JCI Q1),ELSEVIER SCIENCE INC,Elsevier,是,SCIE,混合为主,"订阅路线通常无APC；Gold OA常见 USD 2,200-4,200",中,https://www.elsevier.com/open-access/agreements,https://www.google.com/search?q=Spine+Journal+aims+scope+instructions+for+authors+APC
187,2补-Q1且IF5到10,3,INFLAMMOPHARMACOLOGY,INFLAMMOPHARMACOLOGY,0925-4692,1568-5608,6.3,6.0,Q1,11/106,Q1,Q1,1.14,90.1,217.0,8675.0,IMMUNOLOGY; TOXICOLOGY,IMMUNOLOGY(JIF Q1/JCI Q1) | TOXICOLOGY(JIF Q1/JCI Q1),SPRINGER BASEL AG,Springer,是,SCIE,混合为主,"订阅路线通常无APC；选OA约 USD 2,790-4,290",中,https://www.springer.com/gp/open-access,https://www.google.com/search?q=INFLAMMOPHARMACOLOGY+aims+scope+instructions+for+authors+APC
188,2补-Q1且IF5到10,3,AMERICAN JOURNAL OF GASTROENTEROLOGY,AM J GASTROENTEROL,0002-9270,1572-0241,8.5,9.4,Q1,15/153,Q1,Q1,1.8,90.5,216.0,35562.0,GASTROENTEROLOGY & HEPATOLOGY,GASTROENTEROLOGY & HEPATOLOGY(JIF Q1/JCI Q1),LIPPINCOTT WILLIAMS & WILKINS,Wolters Kluwer/LWW,是,SCIE,混合为主,"订阅路线通常无APC；OA常见 USD 2,000-4,000；MEDICINE已拉黑",中,https://wkauthorservices.editage.com/open-access/,https://www.google.com/search?q=AMERICAN+JOURNAL+OF+GASTROENTEROLOGY+aims+scope+instructions+for+authors+APC
189,2补-Q1且IF5到10,3,JNCI-Journal of the National Cancer Institute,JNCI-J NATL CANCER I,0027-8874,1460-2105,7.7,9.3,Q1,49/333,Q1,Q1,1.52,85.4,216.0,33971.0,ONCOLOGY,ONCOLOGY(JIF Q1/JCI Q1),OXFORD UNIV PRESS INC,Oxford UP,是,SCIE,混合为主,订阅路线通常无APC；可选OA，费用因刊而异,中,https://academic.oup.com/pages/open-research/open-access,https://www.google.com/search?q=JNCI-Journal+of+the+National+Cancer+Institute+aims+scope+instructions+for+authors+APC
190,2补-Q1且IF5到10,3,ANNALS OF THORACIC SURGERY,ANN THORAC SURG,0003-4975,1552-6259,5.3,4.1,Q1,17/321,Q1,Q1,1.62,94.9,216.0,34197.0,CARDIAC & CARDIOVASCULAR SYSTEMS; RESPIRATORY SYSTEM; SURGERY,CARDIAC & CARDIOVASCULAR SYSTEMS(JIF Q1/JCI Q1) | RESPIRATORY SYSTEM(JIF Q1/JCI Q1) | SURGERY(JIF Q1/JCI Q1),ELSEVIER SCIENCE INC,Elsevier,是,SCIE,混合为主,"订阅路线通常无APC；Gold OA常见 USD 2,200-4,200",中,https://www.elsevier.com/open-access/agreements,https://www.google.com/search?q=ANNALS+OF+THORACIC+SURGERY+aims+scope+instructions+for+authors+APC
191,2补-Q1且IF5到10,3,EUROPEAN JOURNAL OF PHARMACEUTICS AND BIOPHARMACEUTICS,EUR J PHARM BIOPHARM,0939-6411,1873-3441,5.0,5.1,Q1,70/356,Q1,Q1,1.27,80.5,216.0,20068.0,PHARMACOLOGY & PHARMACY,PHARMACOLOGY & PHARMACY(JIF Q1/JCI Q1),ELSEVIER,Elsevier,是,SCIE,混合为主,"订阅路线通常无APC；Gold OA常见 USD 2,200-4,200",中,https://www.elsevier.com/open-access/agreements,https://www.google.com/search?q=EUROPEAN+JOURNAL+OF+PHARMACEUTICS+AND+BIOPHARMACEUTICS+aims+scope+instructions+for+authors+APC
192,2补-Q1且IF5到10,3,EUROPEAN JOURNAL OF PUBLIC HEALTH,EUR J PUBLIC HEALTH,1101-1262,1464-360X,5.2,5.0,Q1,46/443,Q2,Q2,0.91,89.7,210.0,11910.0,"PUBLIC, ENVIRONMENTAL & OCCUPATIONAL HEALTH","PUBLIC, ENVIRONMENTAL & OCCUPATIONAL HEALTH(JIF Q1/JCI Q2)",OXFORD UNIV PRESS,Oxford UP,是,"SCIE, SSCI",混合为主,订阅路线通常无APC；可选OA，费用因刊而异,中,https://academic.oup.com/pages/open-research/open-access,https://www.google.com/search?q=EUROPEAN+JOURNAL+OF+PUBLIC+HEALTH+aims+scope+instructions+for+authors+APC
193,2补-Q1且IF5到10,3,DEVELOPMENTAL CELL,DEV CELL,1534-5807,1878-1551,9.2,11.9,Q1,2/39,Q1,Q1,2.24,84.8,209.0,37205.0,CELL BIOLOGY,CELL BIOLOGY(JIF Q1/JCI Q1),CELL PRESS,其他,是,SCIE,需核实,请查期刊官网 Author / Open Access 页面,未知,,https://www.google.com/search?q=DEVELOPMENTAL+CELL+aims+scope+instructions+for+authors+APC
194,2补-Q1且IF5到10,3,CIRCULATION JOURNAL,CIRC J,1346-9843,1347-4820,5.8,4.4,Q1,41/237,Q1,Q1,1.16,82.9,208.0,11553.0,CARDIAC & CARDIOVASCULAR SYSTEMS,CARDIAC & CARDIOVASCULAR SYSTEMS(JIF Q1/JCI Q1),JAPANESE CIRCULATION SOC,其他,是,SCIE,需核实,请查期刊官网 Author / Open Access 页面,未知,,https://www.google.com/search?q=CIRCULATION+JOURNAL+aims+scope+instructions+for+authors+APC
195,2补-Q1且IF5到10,3,JOURNAL OF CLINICAL EPIDEMIOLOGY,J CLIN EPIDEMIOL,0895-4356,1878-5921,5.8,8.2,Q1,37/443,Q1,Q1,1.45,91.8,207.0,47404.0,"HEALTH CARE SCIENCES & SERVICES; PUBLIC, ENVIRONMENTAL & OCCUPATIONAL HEALTH","HEALTH CARE SCIENCES & SERVICES(JIF Q1/JCI Q1) | PUBLIC, ENVIRONMENTAL & OCCUPATIONAL HEALTH(JIF Q1/JCI Q1)",ELSEVIER SCIENCE INC,Elsevier,是,SCIE,混合为主,"订阅路线通常无APC；Gold OA常见 USD 2,200-4,200",中,https://www.elsevier.com/open-access/agreements,https://www.google.com/search?q=JOURNAL+OF+CLINICAL+EPIDEMIOLOGY+aims+scope+instructions+for+authors+APC
196,2补-Q1且IF5到10,3,FOOD MICROBIOLOGY,FOOD MICROBIOL,0740-0020,1095-9998,5.4,5.5,Q1,37/167,Q1,Q1,1.14,78.1,207.0,15812.0,BIOTECHNOLOGY & APPLIED MICROBIOLOGY; MICROBIOLOGY,BIOTECHNOLOGY & APPLIED MICROBIOLOGY(JIF Q1/JCI Q1) | MICROBIOLOGY(JIF Q1/JCI Q1),ACADEMIC PRESS LTD- ELSEVIER SCIENCE LTD,Elsevier,是,SCIE,混合为主,"订阅路线通常无APC；Gold OA常见 USD 2,200-4,200",中,https://www.elsevier.com/open-access/agreements,https://www.google.com/search?q=FOOD+MICROBIOLOGY+aims+scope+instructions+for+authors+APC
197,2补-Q1且IF5到10,3,JOURNAL OF DENTAL RESEARCH,J DENT RES,0022-0345,1544-0591,6.6,7.8,Q1,5/165,Q1,Q1,2.3,97.3,205.0,26196.0,"DENTISTRY, ORAL SURGERY & MEDICINE","DENTISTRY, ORAL SURGERY & MEDICINE(JIF Q1/JCI Q1)",SAGE PUBLICATIONS INC,SAGE,是,SCIE,混合为主,"订阅路线通常无APC；SAGE Choice常见 USD 2,000-4,000",中,https://us.sagepub.com/en-us/nam/sage-choice,https://www.google.com/search?q=JOURNAL+OF+DENTAL+RESEARCH+aims+scope+instructions+for+authors+APC
198,2补-Q1且IF5到10,3,GENOME RESEARCH,GENOME RES,1088-9051,1549-5469,6.3,7.2,Q1,23/192,Q1,Q1,1.35,88.3,203.0,43894.0,BIOCHEMISTRY & MOLECULAR BIOLOGY; BIOTECHNOLOGY & APPLIED MICROBIOLOGY; GENETICS & HEREDITY,BIOCHEMISTRY & MOLECULAR BIOLOGY(JIF Q1/JCI Q1) | BIOTECHNOLOGY & APPLIED MICROBIOLOGY(JIF Q1/JCI Q1) | GENETICS & HEREDITY(JIF Q1/JCI Q1),"COLD SPRING HARBOR LAB PRESS, PUBLICATIONS DEPT",其他,是,SCIE,需核实,请查期刊官网 Author / Open Access 页面,未知,,https://www.google.com/search?q=GENOME+RESEARCH+aims+scope+instructions+for+authors+APC
199,2补-Q1且IF5到10,3,ADDICTION,ADDICTION,0965-2140,1360-0443,5.9,6.1,Q1,2/61,Q1,Q1,1.57,97.5,203.0,21047.0,PSYCHIATRY; SUBSTANCE ABUSE,PSYCHIATRY(JIF Q1/JCI Q1) | SUBSTANCE ABUSE(JIF Q1/JCI Q1),WILEY,Wiley,是,"SCIE, SSCI",混合为主,"订阅路线通常无APC；OnlineOpen常见 USD 3,200-4,700",中,https://authorservices.wiley.com/author-resources/Journal-Authors/open-access/article-publication-charges.html,https://www.google.com/search?q=ADDICTION+aims+scope+instructions+for+authors+APC
200,2补-Q1且IF5到10,3,AAPS PHARMSCITECH,AAPS PHARMSCITECH,1530-9932,1530-9932,5.1,4.4,Q1,65/356,Q1,Q1,1.03,81.9,203.0,14229.0,PHARMACOLOGY & PHARMACY,PHARMACOLOGY & PHARMACY(JIF Q1/JCI Q1),SPRINGER,Springer,是,SCIE,混合为主,"订阅路线通常无APC；选OA约 USD 2,790-4,290",中,https://www.springer.com/gp/open-access,https://www.google.com/search?q=AAPS+PHARMSCITECH+aims+scope+instructions+for+authors+APC
201,2补-Q1且IF5到10,3,World Journal of Diabetes,WORLD J DIABETES,,1948-9358,5.1,5.9,Q1,46/198,Q2,Q2,0.75,77.0,203.0,6498.0,ENDOCRINOLOGY & METABOLISM,ENDOCRINOLOGY & METABOLISM(JIF Q1/JCI Q2),BAISHIDENG PUBLISHING GROUP INC,其他,是,SCIE,需核实,请查期刊官网 Author / Open Access 页面,未知,,https://www.google.com/search?q=World+Journal+of+Diabetes+aims+scope+instructions+for+authors+APC
202,2补-Q1且IF5到10,3,Hepatology Communications,HEPATOL COMMUN,,2471-254X,6.0,5.9,Q1,26/153,Q1,Q1,1.26,83.3,200.0,8254.0,GASTROENTEROLOGY & HEPATOLOGY,GASTROENTEROLOGY & HEPATOLOGY(JIF Q1/JCI Q1),LIPPINCOTT WILLIAMS & WILKINS,Wolters Kluwer/LWW,是,SCIE,混合为主,"订阅路线通常无APC；OA常见 USD 2,000-4,000；MEDICINE已拉黑",中,https://wkauthorservices.editage.com/open-access/,https://www.google.com/search?q=Hepatology+Communications+aims+scope+instructions+for+authors+APC
203,2补-Q1且IF5到10,3,Clinical Epigenetics,CLIN EPIGENETICS,1868-7075,1868-7083,5.7,6.0,Q1,30/192,Q1,Q1,1.12,84.6,198.0,10152.0,GENETICS & HEREDITY; ONCOLOGY,GENETICS & HEREDITY(JIF Q1/JCI Q1) | ONCOLOGY(JIF Q1/JCI Q1),BMC,BMC,是,SCIE,全OA,"约 USD 1,990-2,890（旗舰刊更高）",高,https://www.biomedcentral.com/getpublished/article-processing-charges,https://www.google.com/search?q=Clinical+Epigenetics+aims+scope+instructions+for+authors+APC
204,2补-Q1且IF5到10,3,Nutrition Journal,NUTR J,,1475-2891,5.7,5.7,Q1,20/114,Q1,Q1,0.98,82.9,186.0,8424.0,NUTRITION & DIETETICS,NUTRITION & DIETETICS(JIF Q1/JCI Q1),BMC,BMC,是,SCIE,全OA,"约 USD 1,990-2,890（旗舰刊更高）",高,https://www.biomedcentral.com/getpublished/article-processing-charges,https://www.google.com/search?q=Nutrition+Journal+aims+scope+instructions+for+authors+APC
205,2补-Q1且IF5到10,3,Environmental Microbiome,ENVIRON MICROBIOME,,2524-6372,6.2,7.3,Q1,24/192,Q1,Q1,1.54,87.8,179.0,2421.0,GENETICS & HEREDITY; MICROBIOLOGY,GENETICS & HEREDITY(JIF Q1/JCI Q1) | MICROBIOLOGY(JIF Q1/JCI Q1),BMC,BMC,是,SCIE,全OA,"约 USD 1,990-2,890（旗舰刊更高）",高,https://www.biomedcentral.com/getpublished/article-processing-charges,https://www.google.com/search?q=Environmental+Microbiome+aims+scope+instructions+for+authors+APC
206,2补-Q1且IF5到10,3,Chinese Medicine,CHIN MED-UK,1749-8546,1749-8546,7.4,7.2,Q1,29/356,Q1,Q1,1.49,92.0,168.0,7865.0,INTEGRATIVE & COMPLEMENTARY MEDICINE; PHARMACOLOGY & PHARMACY,INTEGRATIVE & COMPLEMENTARY MEDICINE(JIF Q1/JCI Q1) | PHARMACOLOGY & PHARMACY(JIF Q1/JCI Q1),BMC,BMC,是,SCIE,全OA,"约 USD 1,990-2,890（旗舰刊更高）",高,https://www.biomedcentral.com/getpublished/article-processing-charges,https://www.google.com/search?q=Chinese+Medicine+aims+scope+instructions+for+authors+APC
207,2补-Q1且IF5到10,3,PLOS MEDICINE,PLOS MED,1549-1277,1549-1676,9.9,11.6,Q1,16/336,Q1,Q1,2.82,95.4,153.0,46452.0,"MEDICINE, GENERAL & INTERNAL","MEDICINE, GENERAL & INTERNAL(JIF Q1/JCI Q1)",PUBLIC LIBRARY SCIENCE,PLOS,是,SCIE,全OA,专科刊费用因刊而异或走CAP；PLoS One已拉黑,高,https://plos.org/publish/fees/,https://www.google.com/search?q=PLOS+MEDICINE+aims+scope+instructions+for+authors+APC
208,2补-Q1且IF5到10,3,Antimicrobial Resistance and Infection Control,ANTIMICROB RESIST IN,2047-2994,2047-2994,5.2,5.7,Q1,46/443,Q1,Q1,1.15,89.7,147.0,8017.0,"INFECTIOUS DISEASES; MICROBIOLOGY; PUBLIC, ENVIRONMENTAL & OCCUPATIONAL HEALTH","INFECTIOUS DISEASES(JIF Q1/JCI Q1) | MICROBIOLOGY(JIF Q2/JCI Q1) | PUBLIC, ENVIRONMENTAL & OCCUPATIONAL HEALTH(JIF Q1/JCI Q1)",BMC,BMC,是,SCIE,全OA,"约 USD 1,990-2,890（旗舰刊更高）",高,https://www.biomedcentral.com/getpublished/article-processing-charges,https://www.google.com/search?q=Antimicrobial+Resistance+and+Infection+Control+aims+scope+instructions+for+authors+APC
209,2补-Q1且IF5到10,3,Cell and Bioscience,CELL BIOSCI,,2045-3701,6.5,7.1,Q1,54/328,Q1,Q1,1.02,83.7,130.0,9038.0,BIOCHEMISTRY & MOLECULAR BIOLOGY,BIOCHEMISTRY & MOLECULAR BIOLOGY(JIF Q1/JCI Q1),BMC,BMC,是,SCIE,全OA,"约 USD 1,990-2,890（旗舰刊更高）",高,https://www.biomedcentral.com/getpublished/article-processing-charges,https://www.google.com/search?q=Cell+and+Bioscience+aims+scope+instructions+for+authors+APC
210,2补-Q1且IF5到10,3,Reproductive Biology and Endocrinology,REPROD BIOL ENDOCRIN,,1477-7827,5.7,5.6,Q1,5/44,Q1,Q1,1.23,89.8,127.0,10103.0,ENDOCRINOLOGY & METABOLISM; REPRODUCTIVE BIOLOGY,ENDOCRINOLOGY & METABOLISM(JIF Q1/JCI Q1) | REPRODUCTIVE BIOLOGY(JIF Q1/JCI Q1),BMC,BMC,是,SCIE,全OA,"约 USD 1,990-2,890（旗舰刊更高）",高,https://www.biomedcentral.com/getpublished/article-processing-charges,https://www.google.com/search?q=Reproductive+Biology+and+Endocrinology+aims+scope+instructions+for+authors+APC
211,2补-Q1且IF5到10,3,International Journal of Behavioral Nutrition and Physical Activity,INT J BEHAV NUTR PHY,,1479-5868,7.1,9.0,Q1,5/89,Q1,Q1,1.52,89.9,123.0,18657.0,NUTRITION & DIETETICS,NUTRITION & DIETETICS(JIF Q1/JCI Q1),BMC,BMC,是,SCIE,全OA,"约 USD 1,990-2,890（旗舰刊更高）",高,https://www.biomedcentral.com/getpublished/article-processing-charges,https://www.google.com/search?q=International+Journal+of+Behavioral+Nutrition+and+Physical+Activity+aims+scope+instructions+for+authors+APC
212,2补-Q1且IF5到10,3,BMJ Mental Health,BMJ MENTAL HEALTH,,2755-9734,6.6,6.6,Q1,23/293,Q1,Q1,1.44,92.3,118.0,1012.0,PSYCHIATRY,PSYCHIATRY(JIF Q1/JCI Q1),BMJ PUBLISHING GROUP,BMJ,是,SCIE,混合/全OA,"BMJ Open约GBP 2,175；旗舰刊更高",高,https://authors.bmj.com/open-access/,https://www.google.com/search?q=BMJ+Mental+Health+aims+scope+instructions+for+authors+APC
213,2补-Q1且IF5到10,3,Journal of Biological Engineering,J BIOL ENG,1754-1611,1754-1611,6.3,7.2,Q1,6/85,Q1,Q1,1.17,84.7,113.0,3274.0,BIOTECHNOLOGY & APPLIED MICROBIOLOGY,BIOTECHNOLOGY & APPLIED MICROBIOLOGY(JIF Q1/JCI Q1),BMC,BMC,是,SCIE,全OA,"约 USD 1,990-2,890（旗舰刊更高）",高,https://www.biomedcentral.com/getpublished/article-processing-charges,https://www.google.com/search?q=Journal+of+Biological+Engineering+aims+scope+instructions+for+authors+APC
214,2补-Q1且IF5到10,3,Frontiers in Toxicology,FRONT TOXICOL,,2673-3080,5.1,5.9,Q1,19/106,Q1,Q1,0.97,82.5,110.0,2453.0,TOXICOLOGY,TOXICOLOGY(JIF Q1/JCI Q1),FRONTIERS MEDIA SA,Frontiers,否,ESCI,全OA,"约 CHF 1,495-3,150（Frontiers in Medicine A类=CHF 3,150）",高,https://www.frontiersin.org/about/fee-policy,https://www.google.com/search?q=Frontiers+in+Toxicology+aims+scope+instructions+for+authors+APC
215,2补-Q1且IF5到10,3,Biology Direct,BIOL DIRECT,,1745-6150,5.5,5.7,Q1,10/106,Q1,Q1,1.43,91.0,109.0,3522.0,BIOLOGY,BIOLOGY(JIF Q1/JCI Q1),BMC,BMC,是,SCIE,全OA,"约 USD 1,990-2,890（旗舰刊更高）",高,https://www.biomedcentral.com/getpublished/article-processing-charges,https://www.google.com/search?q=Biology+Direct+aims+scope+instructions+for+authors+APC
216,2补-Q1且IF5到10,3,Biotechnology for Biofuels and Bioproducts,BIOTECHNOL BIOF BIOP,,2731-3654,6.0,6.1,Q1,32/180,Q2,Q2,0.89,82.5,107.0,3255.0,BIOTECHNOLOGY & APPLIED MICROBIOLOGY,BIOTECHNOLOGY & APPLIED MICROBIOLOGY(JIF Q1/JCI Q2),BMC,BMC,是,SCIE,全OA,"约 USD 1,990-2,890（旗舰刊更高）",高,https://www.biomedcentral.com/getpublished/article-processing-charges,https://www.google.com/search?q=Biotechnology+for+Biofuels+and+Bioproducts+aims+scope+instructions+for+authors+APC
217,2补-Q1且IF5到10,3,Infectious Diseases of Poverty,INFECT DIS POVERTY,2095-5162,2049-9957,7.4,5.7,Q1,1/27,Q1,Q1,1.71,98.1,106.0,5415.0,INFECTIOUS DISEASES; PARASITOLOGY; TROPICAL MEDICINE,INFECTIOUS DISEASES(JIF Q1/JCI Q1) | PARASITOLOGY(JIF Q1/JCI Q1) | TROPICAL MEDICINE(JIF Q1/JCI Q1),BMC,BMC,是,SCIE,全OA,"约 USD 1,990-2,890（旗舰刊更高）",高,https://www.biomedcentral.com/getpublished/article-processing-charges,https://www.google.com/search?q=Infectious+Diseases+of+Poverty+aims+scope+instructions+for+authors+APC
218,2补-Q1且IF5到10,3,THORAX,THORAX,0040-6376,1468-3296,9.1,9.2,Q1,7/107,Q1,Q1,1.95,93.9,105.0,22043.0,RESPIRATORY SYSTEM,RESPIRATORY SYSTEM(JIF Q1/JCI Q1),BMJ PUBLISHING GROUP,BMJ,是,SCIE,混合/全OA,"BMJ Open约GBP 2,175；旗舰刊更高",高,https://authors.bmj.com/open-access/,https://www.google.com/search?q=THORAX+aims+scope+instructions+for+authors+APC
219,2补-Q1且IF5到10,3,Fluids and Barriers of the CNS,FLUIDS BARRIERS CNS,2045-8118,2045-8118,7.2,8.8,Q1,37/330,Q1,Q1,1.61,88.9,105.0,5562.0,NEUROSCIENCES,NEUROSCIENCES(JIF Q1/JCI Q1),BMC,BMC,是,SCIE,全OA,"约 USD 1,990-2,890（旗舰刊更高）",高,https://www.biomedcentral.com/getpublished/article-processing-charges,https://www.google.com/search?q=Fluids+and+Barriers+of+the+CNS+aims+scope+instructions+for+authors+APC
220,2补-Q1且IF5到10,3,Biology of Sex Differences,BIOL SEX DIFFER,,2042-6410,5.3,6.6,Q1,34/192,Q1,Q1,1.28,82.6,104.0,4609.0,ENDOCRINOLOGY & METABOLISM; GENETICS & HEREDITY,ENDOCRINOLOGY & METABOLISM(JIF Q1/JCI Q1) | GENETICS & HEREDITY(JIF Q1/JCI Q1),BMC,BMC,是,SCIE,全OA,"约 USD 1,990-2,890（旗舰刊更高）",高,https://www.biomedcentral.com/getpublished/article-processing-charges,https://www.google.com/search?q=Biology+of+Sex+Differences+aims+scope+instructions+for+authors+APC
221,2补-Q1且IF5到10,2,ALIMENTARY PHARMACOLOGY & THERAPEUTICS,ALIMENT PHARM THER,0269-2813,1365-2036,6.8,7.0,Q1,37/356,Q1,Q1,1.69,89.7,197.0,24989.0,GASTROENTEROLOGY & HEPATOLOGY; PHARMACOLOGY & PHARMACY,GASTROENTEROLOGY & HEPATOLOGY(JIF Q1/JCI Q1) | PHARMACOLOGY & PHARMACY(JIF Q1/JCI Q1),WILEY,Wiley,是,SCIE,混合为主,"订阅路线通常无APC；OnlineOpen常见 USD 3,200-4,700",中,https://authorservices.wiley.com/author-resources/Journal-Authors/open-access/article-publication-charges.html,https://www.google.com/search?q=ALIMENTARY+PHARMACOLOGY+&+THERAPEUTICS+aims+scope+instructions+for+authors+APC
222,2补-Q1且IF5到10,2,American Journal of Preventive Cardiology,AM J PREVENT CARDIOL,2666-6677,2666-6677,5.4,6.3,Q1,47/237,Q1,Q1,1.33,80.4,197.0,2148.0,CARDIAC & CARDIOVASCULAR SYSTEMS,CARDIAC & CARDIOVASCULAR SYSTEMS(JIF Q1/JCI Q1),ELSEVIER,Elsevier,否,ESCI,混合为主,"订阅路线通常无APC；Gold OA常见 USD 2,200-4,200",中,https://www.elsevier.com/open-access/agreements,https://www.google.com/search?q=American+Journal+of+Preventive+Cardiology+aims+scope+instructions+for+authors+APC
223,2补-Q1且IF5到10,2,Lancet Regional Health-Western Pacific,LANCET REG HEALTH-W,,2666-6065,9.4,8.9,Q1,5/194,Q1,Q1,2.65,97.7,195.0,7348.0,"HEALTH CARE SCIENCES & SERVICES; PUBLIC, ENVIRONMENTAL & OCCUPATIONAL HEALTH","HEALTH CARE SCIENCES & SERVICES(JIF Q1/JCI Q1) | PUBLIC, ENVIRONMENTAL & OCCUPATIONAL HEALTH(JIF Q1/JCI Q1)",ELSEVIER,Elsevier,是,"SCIE; SCIE, SSCI",混合为主,"订阅路线通常无APC；Gold OA常见 USD 2,200-4,200",中,https://www.elsevier.com/open-access/agreements,https://www.google.com/search?q=Lancet+Regional+Health-Western+Pacific+aims+scope+instructions+for+authors+APC
224,2补-Q1且IF5到10,2,COMPUTERIZED MEDICAL IMAGING AND GRAPHICS,COMPUT MED IMAG GRAP,0895-6111,1879-0771,5.5,6.2,Q1,25/217,Q1,Q1,1.38,88.7,195.0,5970.0,"ENGINEERING, BIOMEDICAL; RADIOLOGY, NUCLEAR MEDICINE & MEDICAL IMAGING","ENGINEERING, BIOMEDICAL(JIF Q2/JCI Q1) | RADIOLOGY, NUCLEAR MEDICINE & MEDICAL IMAGING(JIF Q1/JCI Q1)",PERGAMON-ELSEVIER SCIENCE LTD,Elsevier,是,SCIE,混合为主,"订阅路线通常无APC；Gold OA常见 USD 2,200-4,200",中,https://www.elsevier.com/open-access/agreements,https://www.google.com/search?q=COMPUTERIZED+MEDICAL+IMAGING+AND+GRAPHICS+aims+scope+instructions+for+authors+APC
225,2补-Q1且IF5到10,2,INFLAMMATORY BOWEL DISEASES,INFLAMM BOWEL DIS,1078-0998,1536-4844,5.5,5.7,Q1,30/153,Q1,Q1,1.0,80.7,195.0,21643.0,GASTROENTEROLOGY & HEPATOLOGY,GASTROENTEROLOGY & HEPATOLOGY(JIF Q1/JCI Q1),OXFORD UNIV PRESS INC,Oxford UP,是,SCIE,混合为主,订阅路线通常无APC；可选OA，费用因刊而异,中,https://academic.oup.com/pages/open-research/open-access,https://www.google.com/search?q=INFLAMMATORY+BOWEL+DISEASES+aims+scope+instructions+for+authors+APC
226,2补-Q1且IF5到10,2,RESUSCITATION,RESUSCITATION,0300-9572,1873-1570,6.0,6.3,Q1,5/55,Q1,Q1,1.79,91.8,194.0,19671.0,CRITICAL CARE MEDICINE; EMERGENCY MEDICINE,CRITICAL CARE MEDICINE(JIF Q1/JCI Q1) | EMERGENCY MEDICINE(JIF Q1/JCI Q1),ELSEVIER IRELAND LTD,Elsevier,是,SCIE,混合为主,"订阅路线通常无APC；Gold OA常见 USD 2,200-4,200",中,https://www.elsevier.com/open-access/agreements,https://www.google.com/search?q=RESUSCITATION+aims+scope+instructions+for+authors+APC
227,2补-Q1且IF5到10,2,INTERNATIONAL JOURNAL OF OBESITY,INT J OBESITY,0307-0565,1476-5497,5.4,5.0,Q1,40/198,Q1,Q1,0.9,80.1,194.0,21811.0,ENDOCRINOLOGY & METABOLISM; NUTRITION & DIETETICS,ENDOCRINOLOGY & METABOLISM(JIF Q1/JCI Q2) | NUTRITION & DIETETICS(JIF Q1/JCI Q1),SPRINGERNATURE,Springer Nature,是,SCIE,混合/全OA,"全OA约 USD 2,090-3,490；Nature系更高；Scientific Reports已拉黑",中高,https://www.springernature.com/gp/open-research/journals-books/journals,https://www.google.com/search?q=INTERNATIONAL+JOURNAL+OF+OBESITY+aims+scope+instructions+for+authors+APC
228,2补-Q1且IF5到10,2,ANNALS OF NEUROLOGY,ANN NEUROL,0364-5134,1531-8249,7.5,8.8,Q1,20/296,Q1,Q1,2.09,93.4,193.0,37743.0,CLINICAL NEUROLOGY; NEUROSCIENCES,CLINICAL NEUROLOGY(JIF Q1/JCI Q1) | NEUROSCIENCES(JIF Q1/JCI Q1),WILEY,Wiley,是,SCIE,混合为主,"订阅路线通常无APC；OnlineOpen常见 USD 3,200-4,700",中,https://authorservices.wiley.com/author-resources/Journal-Authors/open-access/article-publication-charges.html,https://www.google.com/search?q=ANNALS+OF+NEUROLOGY+aims+scope+instructions+for+authors+APC
229,2补-Q1且IF5到10,2,JPAD-Journal of Prevention of Alzheimers Disease,JPAD-J PREV ALZHEIM,2274-5807,2426-0266,6.7,8.4,Q1,27/296,Q1,Q1,1.91,91.0,193.0,5063.0,CLINICAL NEUROLOGY,CLINICAL NEUROLOGY(JIF Q1/JCI Q1),ELSEVIER,Elsevier,是,SCIE,混合为主,"订阅路线通常无APC；Gold OA常见 USD 2,200-4,200",中,https://www.elsevier.com/open-access/agreements,https://www.google.com/search?q=JPAD-Journal+of+Prevention+of+Alzheimers+Disease+aims+scope+instructions+for+authors+APC
230,2补-Q1且IF5到10,2,MODERN PATHOLOGY,MODERN PATHOL,0893-3952,1530-0285,6.6,7.2,Q1,4/89,Q1,Q1,2.52,96.1,193.0,19778.0,PATHOLOGY,PATHOLOGY(JIF Q1/JCI Q1),ELSEVIER SCIENCE INC,Elsevier,是,SCIE,混合为主,"订阅路线通常无APC；Gold OA常见 USD 2,200-4,200",中,https://www.elsevier.com/open-access/agreements,https://www.google.com/search?q=MODERN+PATHOLOGY+aims+scope+instructions+for+authors+APC
231,2补-Q1且IF5到10,2,JOURNAL OF HEART AND LUNG TRANSPLANTATION,J HEART LUNG TRANSPL,1053-2498,1557-3117,6.7,6.8,Q1,15/321,Q1,Q1,1.91,95.5,191.0,14069.0,CARDIAC & CARDIOVASCULAR SYSTEMS; RESPIRATORY SYSTEM; SURGERY; TRANSPLANTATION,CARDIAC & CARDIOVASCULAR SYSTEMS(JIF Q1/JCI Q1) | RESPIRATORY SYSTEM(JIF Q1/JCI Q1) | SURGERY(JIF Q1/JCI Q1) | TRANSPLANTATION(JIF Q1/JCI Q1),ELSEVIER SCIENCE INC,Elsevier,是,SCIE,混合为主,"订阅路线通常无APC；Gold OA常见 USD 2,200-4,200",中,https://www.elsevier.com/open-access/agreements,https://www.google.com/search?q=JOURNAL+OF+HEART+AND+LUNG+TRANSPLANTATION+aims+scope+instructions+for+authors+APC
232,2补-Q1且IF5到10,2,HYPERTENSION RESEARCH,HYPERTENS RES,0916-9636,1348-4214,5.0,4.4,Q1,21/100,Q1,Q1,1.01,79.5,191.0,9640.0,PERIPHERAL VASCULAR DISEASE,PERIPHERAL VASCULAR DISEASE(JIF Q1/JCI Q1),SPRINGERNATURE,Springer Nature,是,SCIE,混合/全OA,"全OA约 USD 2,090-3,490；Nature系更高；Scientific Reports已拉黑",中高,https://www.springernature.com/gp/open-research/journals-books/journals,https://www.google.com/search?q=HYPERTENSION+RESEARCH+aims+scope+instructions+for+authors+APC
233,2补-Q1且IF5到10,2,LEUKEMIA,LEUKEMIA,0887-6924,1476-5551,8.8,10.7,Q1,10/103,Q1,Q1,2.09,90.8,190.0,31482.0,HEMATOLOGY; ONCOLOGY,HEMATOLOGY(JIF Q1/JCI Q1) | ONCOLOGY(JIF Q1/JCI Q1),SPRINGERNATURE,Springer Nature,是,SCIE,混合/全OA,"全OA约 USD 2,090-3,490；Nature系更高；Scientific Reports已拉黑",中高,https://www.springernature.com/gp/open-research/journals-books/journals,https://www.google.com/search?q=LEUKEMIA+aims+scope+instructions+for+authors+APC
234,2补-Q1且IF5到10,2,Fundamental Research,FUND RES-CHINA,2096-9457,2667-3258,7.0,7.1,Q1,19/140,Q1,Q1,1.49,86.8,190.0,4481.0,MULTIDISCIPLINARY SCIENCES,MULTIDISCIPLINARY SCIENCES(JIF Q1/JCI Q1),KEAI PUBLISHING LTD,其他,否,ESCI,需核实,请查期刊官网 Author / Open Access 页面,未知,,https://www.google.com/search?q=Fundamental+Research+aims+scope+instructions+for+authors+APC
235,2补-Q1且IF5到10,2,EUROPEAN JOURNAL OF ENDOCRINOLOGY,EUR J ENDOCRINOL,0804-4643,1479-683X,6.7,5.8,Q1,27/198,Q1,Q1,1.31,86.6,190.0,16421.0,ENDOCRINOLOGY & METABOLISM,ENDOCRINOLOGY & METABOLISM(JIF Q1/JCI Q1),OXFORD UNIV PRESS,Oxford UP,是,SCIE,混合为主,订阅路线通常无APC；可选OA，费用因刊而异,中,https://academic.oup.com/pages/open-research/open-access,https://www.google.com/search?q=EUROPEAN+JOURNAL+OF+ENDOCRINOLOGY+aims+scope+instructions+for+authors+APC
236,2补-Q1且IF5到10,2,JOURNAL OF HYPERTENSION,J HYPERTENS,0263-6352,1473-5598,5.6,4.9,Q1,16/100,Q1,Q1,0.88,84.5,190.0,17328.0,PERIPHERAL VASCULAR DISEASE,PERIPHERAL VASCULAR DISEASE(JIF Q1/JCI Q1),LIPPINCOTT WILLIAMS & WILKINS,Wolters Kluwer/LWW,是,SCIE,混合为主,"订阅路线通常无APC；OA常见 USD 2,000-4,000；MEDICINE已拉黑",中,https://wkauthorservices.editage.com/open-access/,https://www.google.com/search?q=JOURNAL+OF+HYPERTENSION+aims+scope+instructions+for+authors+APC
237,2补-Q1且IF5到10,2,BREAST,BREAST,0960-9776,1532-3080,5.2,6.8,Q1,9/143,Q1,Q1,2.08,94.1,190.0,9315.0,OBSTETRICS & GYNECOLOGY; ONCOLOGY,OBSTETRICS & GYNECOLOGY(JIF Q1/JCI Q1) | ONCOLOGY(JIF Q1/JCI Q1),CHURCHILL LIVINGSTONE,Elsevier,是,SCIE,混合为主,"订阅路线通常无APC；Gold OA常见 USD 2,200-4,200",中,https://www.elsevier.com/open-access/agreements,https://www.google.com/search?q=BREAST+aims+scope+instructions+for+authors+APC
238,2补-Q1且IF5到10,2,Science China-Life Sciences,SCI CHINA LIFE SCI,1674-7305,1869-1889,9.6,8.8,Q1,3/106,Q1,Q1,1.89,97.6,189.0,11122.0,BIOLOGY,BIOLOGY(JIF Q1/JCI Q1),SCIENCE PRESS,其他,是,SCIE,需核实,请查期刊官网 Author / Open Access 页面,未知,,https://www.google.com/search?q=Science+China-Life+Sciences+aims+scope+instructions+for+authors+APC
239,2补-Q1且IF5到10,2,Journal of Clinical Lipidology,J CLIN LIPIDOL,1933-2874,1876-4789,6.9,5.5,Q1,34/356,Q1,Q1,1.43,90.6,189.0,5163.0,PHARMACOLOGY & PHARMACY,PHARMACOLOGY & PHARMACY(JIF Q1/JCI Q1),ELSEVIER SCIENCE INC,Elsevier,是,SCIE,混合为主,"订阅路线通常无APC；Gold OA常见 USD 2,200-4,200",中,https://www.elsevier.com/open-access/agreements,https://www.google.com/search?q=Journal+of+Clinical+Lipidology+aims+scope+instructions+for+authors+APC
240,2补-Q1且IF5到10,2,OSTEOPOROSIS INTERNATIONAL,OSTEOPOROSIS INT,0937-941X,1433-2965,5.4,5.5,Q1,40/198,Q1,Q1,1.13,80.1,189.0,20671.0,ENDOCRINOLOGY & METABOLISM,ENDOCRINOLOGY & METABOLISM(JIF Q1/JCI Q1),SPRINGER LONDON LTD,Springer,是,SCIE,混合为主,"订阅路线通常无APC；选OA约 USD 2,790-4,290",中,https://www.springer.com/gp/open-access,https://www.google.com/search?q=OSTEOPOROSIS+INTERNATIONAL+aims+scope+instructions+for+authors+APC
241,2补-Q1且IF5到10,2,AMERICAN JOURNAL OF PUBLIC HEALTH,AM J PUBLIC HEALTH,0090-0036,1541-0048,7.8,9.6,Q1,22/443,Q1,Q1,1.69,95.1,184.0,41993.0,"PUBLIC, ENVIRONMENTAL & OCCUPATIONAL HEALTH","PUBLIC, ENVIRONMENTAL & OCCUPATIONAL HEALTH(JIF Q1/JCI Q1)",AMER PUBLIC HEALTH ASSOC INC,其他,是,"SCIE, SSCI",需核实,请查期刊官网 Author / Open Access 页面,未知,,https://www.google.com/search?q=AMERICAN+JOURNAL+OF+PUBLIC+HEALTH+aims+scope+instructions+for+authors+APC
242,2补-Q1且IF5到10,2,JOURNAL OF CLINICAL MICROBIOLOGY,J CLIN MICROBIOL,0095-1137,1098-660X,5.9,6.0,Q1,31/167,Q1,Q1,1.14,81.7,184.0,42831.0,MICROBIOLOGY,MICROBIOLOGY(JIF Q1/JCI Q1),AMER SOC MICROBIOLOGY,其他,是,SCIE,需核实,请查期刊官网 Author / Open Access 页面,未知,,https://www.google.com/search?q=JOURNAL+OF+CLINICAL+MICROBIOLOGY+aims+scope+instructions+for+authors+APC
243,2补-Q1且IF5到10,2,CANADIAN JOURNAL OF CARDIOLOGY,CAN J CARDIOL,0828-282X,1916-7075,5.7,6.6,Q1,42/237,Q1,Q1,1.17,82.5,184.0,10788.0,CARDIAC & CARDIOVASCULAR SYSTEMS,CARDIAC & CARDIOVASCULAR SYSTEMS(JIF Q1/JCI Q1),ELSEVIER SCIENCE INC,Elsevier,是,SCIE,混合为主,"订阅路线通常无APC；Gold OA常见 USD 2,200-4,200",中,https://www.elsevier.com/open-access/agreements,https://www.google.com/search?q=CANADIAN+JOURNAL+OF+CARDIOLOGY+aims+scope+instructions+for+authors+APC
244,2补-Q1且IF5到10,2,JOURNAL OF THE AMERICAN MEDICAL INFORMATICS ASSOCIATION,J AM MED INFORM ASSN,1067-5027,1527-974X,7.1,6.9,Q1,10/194,Q1,Q1,1.48,95.1,183.0,18887.0,HEALTH CARE SCIENCES & SERVICES; MEDICAL INFORMATICS,HEALTH CARE SCIENCES & SERVICES(JIF Q1/JCI Q1) | MEDICAL INFORMATICS(JIF Q1/JCI Q1),OXFORD UNIV PRESS,Oxford UP,是,SCIE; SSCI,混合为主,订阅路线通常无APC；可选OA，费用因刊而异,中,https://academic.oup.com/pages/open-research/open-access,https://www.google.com/search?q=JOURNAL+OF+THE+AMERICAN+MEDICAL+INFORMATICS+ASSOCIATION+aims+scope+instructions+for+authors+APC
245,2补-Q1且IF5到10,2,Molecular Metabolism,MOL METAB,2212-8778,2212-8778,6.3,9.0,Q1,30/198,Q1,Q1,1.45,85.1,183.0,14612.0,ENDOCRINOLOGY & METABOLISM,ENDOCRINOLOGY & METABOLISM(JIF Q1/JCI Q1),ELSEVIER,Elsevier,是,SCIE,混合为主,"订阅路线通常无APC；Gold OA常见 USD 2,200-4,200",中,https://www.elsevier.com/open-access/agreements,https://www.google.com/search?q=Molecular+Metabolism+aims+scope+instructions+for+authors+APC
246,2补-Q1且IF5到10,2,Eurosurveillance,EUROSURVEILLANCE,1025-496X,1560-7917,8.3,6.7,Q1,8/141,Q1,Q1,2.4,94.7,182.0,12192.0,INFECTIOUS DISEASES,INFECTIOUS DISEASES(JIF Q1/JCI Q1),EUR CENTRE DIS PREVENTION & CONTROL,其他,是,SCIE,需核实,请查期刊官网 Author / Open Access 页面,未知,,https://www.google.com/search?q=Eurosurveillance+aims+scope+instructions+for+authors+APC
247,2补-Q1且IF5到10,2,HUMAN REPRODUCTION,HUM REPROD,0268-1161,1460-2350,6.8,6.8,Q1,5/143,Q1,Q1,2.13,96.9,181.0,36998.0,OBSTETRICS & GYNECOLOGY; REPRODUCTIVE BIOLOGY,OBSTETRICS & GYNECOLOGY(JIF Q1/JCI Q1) | REPRODUCTIVE BIOLOGY(JIF Q1/JCI Q1),OXFORD UNIV PRESS,Oxford UP,是,SCIE,混合为主,订阅路线通常无APC；可选OA，费用因刊而异,中,https://academic.oup.com/pages/open-research/open-access,https://www.google.com/search?q=HUMAN+REPRODUCTION+aims+scope+instructions+for+authors+APC
248,2补-Q1且IF5到10,2,JOURNAL OF INFECTION,J INFECTION,0163-4453,1532-2742,10.0,9.1,Q1,5/141,Q1,Q1,1.85,96.8,179.0,13105.0,INFECTIOUS DISEASES,INFECTIOUS DISEASES(JIF Q1/JCI Q1),W B SAUNDERS CO LTD,Elsevier,是,SCIE,混合为主,"订阅路线通常无APC；Gold OA常见 USD 2,200-4,200",中,https://www.elsevier.com/open-access/agreements,https://www.google.com/search?q=JOURNAL+OF+INFECTION+aims+scope+instructions+for+authors+APC
249,2补-Q1且IF5到10,2,JMIR mHealth and uHealth,JMIR MHEALTH UHEALTH,2291-5222,2291-5222,6.3,7.2,Q1,16/194,Q1,Q1,1.31,92.0,178.0,16615.0,HEALTH CARE SCIENCES & SERVICES; MEDICAL INFORMATICS,HEALTH CARE SCIENCES & SERVICES(JIF Q1/JCI Q1) | MEDICAL INFORMATICS(JIF Q1/JCI Q1),"JMIR PUBLICATIONS, INC",其他,是,SCIE,需核实,请查期刊官网 Author / Open Access 页面,未知,,https://www.google.com/search?q=JMIR+mHealth+and+uHealth+aims+scope+instructions+for+authors+APC
250,2补-Q1且IF5到10,2,Current Research in Microbial Sciences,CURR RES MICROB SCI,2666-5174,2666-5174,5.6,6.3,Q1,35/167,Q1,Q1,1.32,79.3,177.0,2197.0,MICROBIOLOGY,MICROBIOLOGY(JIF Q1/JCI Q1),ELSEVIER,Elsevier,否,ESCI,混合为主,"订阅路线通常无APC；Gold OA常见 USD 2,200-4,200",中,https://www.elsevier.com/open-access/agreements,https://www.google.com/search?q=Current+Research+in+Microbial+Sciences+aims+scope+instructions+for+authors+APC
251,2补-Q1且IF5到10,2,Neural Regeneration Research,NEURAL REGEN RES,1673-5374,1876-7958,8.5,7.1,Q1,20/330,Q1,Q1,1.17,94.1,176.0,18350.0,CELL BIOLOGY; NEUROSCIENCES,CELL BIOLOGY(JIF Q1/JCI Q1) | NEUROSCIENCES(JIF Q1/JCI Q1),WOLTERS KLUWER MEDKNOW PUBLICATIONS,Wolters Kluwer/LWW,是,SCIE,混合为主,"订阅路线通常无APC；OA常见 USD 2,000-4,000；MEDICINE已拉黑",中,https://wkauthorservices.editage.com/open-access/,https://www.google.com/search?q=Neural+Regeneration+Research+aims+scope+instructions+for+authors+APC
252,2补-Q1且IF5到10,2,CRITICAL CARE MEDICINE,CRIT CARE MED,0090-3493,1530-0293,7.5,8.1,Q1,8/66,Q1,Q1,1.72,88.6,175.0,41086.0,CRITICAL CARE MEDICINE,CRITICAL CARE MEDICINE(JIF Q1/JCI Q1),LIPPINCOTT WILLIAMS & WILKINS,Wolters Kluwer/LWW,是,SCIE,混合为主,"订阅路线通常无APC；OA常见 USD 2,000-4,000；MEDICINE已拉黑",中,https://wkauthorservices.editage.com/open-access/,https://www.google.com/search?q=CRITICAL+CARE+MEDICINE+aims+scope+instructions+for+authors+APC
253,2补-Q1且IF5到10,2,HYPERTENSION,HYPERTENSION,0194-911X,1524-4563,9.8,9.2,Q1,7/100,Q1,Q1,2.01,93.5,174.0,42233.0,PERIPHERAL VASCULAR DISEASE,PERIPHERAL VASCULAR DISEASE(JIF Q1/JCI Q1),LIPPINCOTT WILLIAMS & WILKINS,Wolters Kluwer/LWW,是,SCIE,混合为主,"订阅路线通常无APC；OA常见 USD 2,000-4,000；MEDICINE已拉黑",中,https://wkauthorservices.editage.com/open-access/,https://www.google.com/search?q=HYPERTENSION+aims+scope+instructions+for+authors+APC
254,2补-Q1且IF5到10,2,Aging and Disease,AGING DIS,2152-5250,2152-5250,9.6,9.6,Q1,6/72,Q1,Q1,1.44,92.4,173.0,10660.0,GERIATRICS & GERONTOLOGY,GERIATRICS & GERONTOLOGY(JIF Q1/JCI Q1),INT SOC AGING & DISEASE,其他,是,SCIE,需核实,请查期刊官网 Author / Open Access 页面,未知,,https://www.google.com/search?q=Aging+and+Disease+aims+scope+instructions+for+authors+APC
255,2补-Q1且IF5到10,2,AMERICAN JOURNAL OF HUMAN GENETICS,AM J HUM GENET,0002-9297,1537-6605,7.7,9.3,Q1,16/192,Q1,Q1,2.04,91.9,171.0,38769.0,GENETICS & HEREDITY,GENETICS & HEREDITY(JIF Q1/JCI Q1),CELL PRESS,其他,是,SCIE,需核实,请查期刊官网 Author / Open Access 页面,未知,,https://www.google.com/search?q=AMERICAN+JOURNAL+OF+HUMAN+GENETICS+aims+scope+instructions+for+authors+APC
256,2补-Q1且IF5到10,2,Microbial Biotechnology,MICROB BIOTECHNOL,1751-7915,1751-7915,6.7,6.5,Q1,24/180,Q1,Q1,1.11,86.9,171.0,10793.0,BIOTECHNOLOGY & APPLIED MICROBIOLOGY; MICROBIOLOGY,BIOTECHNOLOGY & APPLIED MICROBIOLOGY(JIF Q1/JCI Q1) | MICROBIOLOGY(JIF Q1/JCI Q1),WILEY,Wiley,是,SCIE,混合为主,"订阅路线通常无APC；OnlineOpen常见 USD 3,200-4,700",中,https://authorservices.wiley.com/author-resources/Journal-Authors/open-access/article-publication-charges.html,https://www.google.com/search?q=Microbial+Biotechnology+aims+scope+instructions+for+authors+APC
257,2补-Q1且IF5到10,2,JACC-Clinical Electrophysiology,JACC-CLIN ELECTROPHY,2405-500X,2405-5018,7.2,7.6,Q1,31/237,Q1,Q1,1.84,87.1,170.0,8478.0,CARDIAC & CARDIOVASCULAR SYSTEMS,CARDIAC & CARDIOVASCULAR SYSTEMS(JIF Q1/JCI Q1),ELSEVIER,Elsevier,是,SCIE,混合为主,"订阅路线通常无APC；Gold OA常见 USD 2,200-4,200",中,https://www.elsevier.com/open-access/agreements,https://www.google.com/search?q=JACC-Clinical+Electrophysiology+aims+scope+instructions+for+authors+APC
258,2补-Q1且IF5到10,2,JOURNAL OF INVESTIGATIVE DERMATOLOGY,J INVEST DERMATOL,0022-202X,1523-1747,7.0,7.2,Q1,7/99,Q1,Q1,2.18,93.4,170.0,34529.0,DERMATOLOGY,DERMATOLOGY(JIF Q1/JCI Q1),ELSEVIER SCIENCE INC,Elsevier,是,SCIE,混合为主,"订阅路线通常无APC；Gold OA常见 USD 2,200-4,200",中,https://www.elsevier.com/open-access/agreements,https://www.google.com/search?q=JOURNAL+OF+INVESTIGATIVE+DERMATOLOGY+aims+scope+instructions+for+authors+APC
259,2补-Q1且IF5到10,2,SCHIZOPHRENIA BULLETIN,SCHIZOPHRENIA BULL,0586-7614,1745-1701,5.7,6.4,Q1,32/293,Q1,Q1,1.46,89.2,170.0,19698.0,PSYCHIATRY,PSYCHIATRY(JIF Q1/JCI Q1),OXFORD UNIV PRESS,Oxford UP,是,"SCIE, SSCI",混合为主,订阅路线通常无APC；可选OA，费用因刊而异,中,https://academic.oup.com/pages/open-research/open-access,https://www.google.com/search?q=SCHIZOPHRENIA+BULLETIN+aims+scope+instructions+for+authors+APC
260,2补-Q1且IF5到10,2,DIABETES,DIABETES,0012-1797,1939-327X,9.3,7.9,Q1,13/198,Q1,Q1,1.47,93.7,168.0,46512.0,ENDOCRINOLOGY & METABOLISM,ENDOCRINOLOGY & METABOLISM(JIF Q1/JCI Q1),AMER DIABETES ASSOC,其他,是,SCIE,需核实,请查期刊官网 Author / Open Access 页面,未知,,https://www.google.com/search?q=DIABETES+aims+scope+instructions+for+authors+APC
261,2补-Q1且IF5到10,2,FERTILITY AND STERILITY,FERTIL STERIL,0015-0282,1556-5653,8.1,8.0,Q1,3/143,Q1,Q1,2.4,98.3,167.0,44012.0,OBSTETRICS & GYNECOLOGY; REPRODUCTIVE BIOLOGY,OBSTETRICS & GYNECOLOGY(JIF Q1/JCI Q1) | REPRODUCTIVE BIOLOGY(JIF Q1/JCI Q1),ELSEVIER SCIENCE INC,Elsevier,是,SCIE,混合为主,"订阅路线通常无APC；Gold OA常见 USD 2,200-4,200",中,https://www.elsevier.com/open-access/agreements,https://www.google.com/search?q=FERTILITY+AND+STERILITY+aims+scope+instructions+for+authors+APC
262,2补-Q1且IF5到10,2,International Journal of Antimicrobial Agents,INT J ANTIMICROB AG,0924-8579,1872-7913,5.0,4.9,Q1,23/141,Q1,Q1,1.24,84.0,167.0,14903.0,INFECTIOUS DISEASES; MICROBIOLOGY; PHARMACOLOGY & PHARMACY,INFECTIOUS DISEASES(JIF Q1/JCI Q1) | MICROBIOLOGY(JIF Q2/JCI Q1) | PHARMACOLOGY & PHARMACY(JIF Q1/JCI Q1),ELSEVIER,Elsevier,是,SCIE,混合为主,"订阅路线通常无APC；Gold OA常见 USD 2,200-4,200",中,https://www.elsevier.com/open-access/agreements,https://www.google.com/search?q=International+Journal+of+Antimicrobial+Agents+aims+scope+instructions+for+authors+APC
263,2补-Q1且IF5到10,2,VALUE IN HEALTH,VALUE HEALTH,1098-3015,1524-4733,6.2,6.5,Q1,5/125,Q1,Q1,1.58,96.4,166.0,17374.0,HEALTH CARE SCIENCES & SERVICES; HEALTH POLICY & SERVICES,HEALTH CARE SCIENCES & SERVICES(JIF Q1/JCI Q1) | HEALTH POLICY & SERVICES(JIF Q1/JCI Q1),ELSEVIER SCIENCE INC,Elsevier,是,SSCI; SCIE,混合为主,"订阅路线通常无APC；Gold OA常见 USD 2,200-4,200",中,https://www.elsevier.com/open-access/agreements,https://www.google.com/search?q=VALUE+IN+HEALTH+aims+scope+instructions+for+authors+APC
264,2补-Q1且IF5到10,2,OBSTETRICS AND GYNECOLOGY,OBSTET GYNECOL,0029-7844,0029-7844,5.1,6.1,Q1,10/143,Q1,Q1,1.84,93.4,166.0,34826.0,OBSTETRICS & GYNECOLOGY,OBSTETRICS & GYNECOLOGY(JIF Q1/JCI Q1),LIPPINCOTT WILLIAMS & WILKINS,Wolters Kluwer/LWW,是,SCIE,混合为主,"订阅路线通常无APC；OA常见 USD 2,000-4,000；MEDICINE已拉黑",中,https://wkauthorservices.editage.com/open-access/,https://www.google.com/search?q=OBSTETRICS+AND+GYNECOLOGY+aims+scope+instructions+for+authors+APC
265,2补-Q1且IF5到10,2,NEUROPSYCHOPHARMACOLOGY,NEUROPSYCHOPHARMACOL,0893-133X,1740-634X,7.6,9.1,Q1,16/293,Q1,Q1,1.63,94.7,165.0,32107.0,NEUROSCIENCES; PHARMACOLOGY & PHARMACY; PSYCHIATRY,NEUROSCIENCES(JIF Q1/JCI Q1) | PHARMACOLOGY & PHARMACY(JIF Q1/JCI Q1) | PSYCHIATRY(JIF Q1/JCI Q1),SPRINGERNATURE,Springer Nature,是,SCIE,混合/全OA,"全OA约 USD 2,090-3,490；Nature系更高；Scientific Reports已拉黑",中高,https://www.springernature.com/gp/open-research/journals-books/journals,https://www.google.com/search?q=NEUROPSYCHOPHARMACOLOGY+aims+scope+instructions+for+authors+APC
266,2补-Q1且IF5到10,2,Journal of the American College of Radiology,J AM COLL RADIOL,1546-1440,1558-349X,5.3,4.7,Q1,27/217,Q1,Q1,1.35,87.8,165.0,8348.0,"RADIOLOGY, NUCLEAR MEDICINE & MEDICAL IMAGING","RADIOLOGY, NUCLEAR MEDICINE & MEDICAL IMAGING(JIF Q1/JCI Q1)",ELSEVIER SCIENCE INC,Elsevier,是,SCIE,混合为主,"订阅路线通常无APC；Gold OA常见 USD 2,200-4,200",中,https://www.elsevier.com/open-access/agreements,https://www.google.com/search?q=Journal+of+the+American+College+of+Radiology+aims+scope+instructions+for+authors+APC
267,2补-Q1且IF5到10,2,INTERNATIONAL JOURNAL OF EPIDEMIOLOGY,INT J EPIDEMIOL,0300-5771,1464-3685,5.7,7.8,Q1,39/443,Q1,Q1,1.84,91.3,160.0,40010.0,"PUBLIC, ENVIRONMENTAL & OCCUPATIONAL HEALTH","PUBLIC, ENVIRONMENTAL & OCCUPATIONAL HEALTH(JIF Q1/JCI Q1)",OXFORD UNIV PRESS,Oxford UP,是,SCIE,混合为主,订阅路线通常无APC；可选OA，费用因刊而异,中,https://academic.oup.com/pages/open-research/open-access,https://www.google.com/search?q=INTERNATIONAL+JOURNAL+OF+EPIDEMIOLOGY+aims+scope+instructions+for+authors+APC
268,2补-Q1且IF5到10,2,GENETICS IN MEDICINE,GENET MED,1098-3600,1530-0366,6.2,7.3,Q1,24/192,Q1,Q1,1.59,87.8,159.0,21466.0,GENETICS & HEREDITY,GENETICS & HEREDITY(JIF Q1/JCI Q1),ELSEVIER SCIENCE INC,Elsevier,是,SCIE,混合为主,"订阅路线通常无APC；Gold OA常见 USD 2,200-4,200",中,https://www.elsevier.com/open-access/agreements,https://www.google.com/search?q=GENETICS+IN+MEDICINE+aims+scope+instructions+for+authors+APC
269,2补-Q1且IF5到10,2,Radiologia Medica,RADIOL MED,0033-8362,1826-6983,5.3,4.5,Q1,27/217,Q1,Q1,1.51,87.8,159.0,5412.0,"RADIOLOGY, NUCLEAR MEDICINE & MEDICAL IMAGING","RADIOLOGY, NUCLEAR MEDICINE & MEDICAL IMAGING(JIF Q1/JCI Q1)",SPRINGER-VERLAG ITALIA SRL,Springer,是,SCIE,混合为主,"订阅路线通常无APC；选OA约 USD 2,790-4,290",中,https://www.springer.com/gp/open-access,https://www.google.com/search?q=Radiologia+Medica+aims+scope+instructions+for+authors+APC
270,2补-Q1且IF5到10,2,CURRENT OPINION IN STRUCTURAL BIOLOGY,CURR OPIN STRUC BIOL,0959-440X,1879-033X,7.8,7.1,Q1,43/328,Q1,Q1,1.35,87.0,158.0,13672.0,BIOCHEMISTRY & MOLECULAR BIOLOGY; CELL BIOLOGY,BIOCHEMISTRY & MOLECULAR BIOLOGY(JIF Q1/JCI Q1) | CELL BIOLOGY(JIF Q1/JCI Q1),CURRENT BIOLOGY LTD,其他,是,SCIE,需核实,请查期刊官网 Author / Open Access 页面,未知,,https://www.google.com/search?q=CURRENT+OPINION+IN+STRUCTURAL+BIOLOGY+aims+scope+instructions+for+authors+APC
271,2补-Q1且IF5到10,2,Artificial Intelligence in Medicine,ARTIF INTELL MED,0933-3657,1873-2860,7.8,7.9,Q1,5/54,Q1,Q1,1.28,91.7,157.0,9654.0,"ENGINEERING, BIOMEDICAL; MEDICAL INFORMATICS","ENGINEERING, BIOMEDICAL(JIF Q1/JCI Q1) | MEDICAL INFORMATICS(JIF Q1/JCI Q1)",ELSEVIER,Elsevier,是,SCIE,混合为主,"订阅路线通常无APC；Gold OA常见 USD 2,200-4,200",中,https://www.elsevier.com/open-access/agreements,https://www.google.com/search?q=Artificial+Intelligence+in+Medicine+aims+scope+instructions+for+authors+APC
272,2补-Q1且IF5到10,2,Annals of the American Thoracic Society,ANN AM THORAC SOC,2329-6933,2325-6621,6.0,6.4,Q1,12/107,Q1,Q1,1.5,89.3,157.0,12195.0,RESPIRATORY SYSTEM,RESPIRATORY SYSTEM(JIF Q1/JCI Q1),OXFORD UNIV PRESS,Oxford UP,是,SCIE,混合为主,订阅路线通常无APC；可选OA，费用因刊而异,中,https://academic.oup.com/pages/open-research/open-access,https://www.google.com/search?q=Annals+of+the+American+Thoracic+Society+aims+scope+instructions+for+authors+APC
273,2补-Q1且IF5到10,2,HEALTH AFFAIRS,HEALTH AFFAIR,0278-2715,0278-2715,6.7,8.1,Q1,4/125,Q1,Q1,2.53,97.2,156.0,20492.0,HEALTH CARE SCIENCES & SERVICES; HEALTH POLICY & SERVICES,HEALTH CARE SCIENCES & SERVICES(JIF Q1/JCI Q1) | HEALTH POLICY & SERVICES(JIF Q1/JCI Q1),Health Affairs Publishing LLC,其他,是,SCIE; SSCI,需核实,请查期刊官网 Author / Open Access 页面,未知,,https://www.google.com/search?q=HEALTH+AFFAIRS+aims+scope+instructions+for+authors+APC
274,2补-Q1且IF5到10,2,Clinical Journal of the American Society of Nephrology,CLIN J AM SOC NEPHRO,1555-9041,1555-905X,7.0,8.6,Q1,12/134,Q1,Q1,2.22,91.4,155.0,22103.0,UROLOGY & NEPHROLOGY,UROLOGY & NEPHROLOGY(JIF Q1/JCI Q1),AMER SOC NEPHROLOGY,其他,是,SCIE,需核实,请查期刊官网 Author / Open Access 页面,未知,,https://www.google.com/search?q=Clinical+Journal+of+the+American+Society+of+Nephrology+aims+scope+instructions+for+authors+APC
275,2补-Q1且IF5到10,2,Arthritis & Rheumatology,ARTHRITIS RHEUMATOL,2326-5191,2326-5205,9.9,10.8,Q1,4/58,Q1,Q1,2.99,94.0,154.0,22770.0,RHEUMATOLOGY,RHEUMATOLOGY(JIF Q1/JCI Q1),WILEY,Wiley,是,SCIE,混合为主,"订阅路线通常无APC；OnlineOpen常见 USD 3,200-4,700",中,https://authorservices.wiley.com/author-resources/Journal-Authors/open-access/article-publication-charges.html,https://www.google.com/search?q=Arthritis+&+Rheumatology+aims+scope+instructions+for+authors+APC
276,2补-Q1且IF5到10,2,GigaScience,GIGASCIENCE,2047-217X,2047-217X,5.0,12.2,Q1,20/140,Q1,Q1,1.27,86.1,154.0,13837.0,MULTIDISCIPLINARY SCIENCES,MULTIDISCIPLINARY SCIENCES(JIF Q1/JCI Q1),OXFORD UNIV PRESS,Oxford UP,是,SCIE,混合为主,订阅路线通常无APC；可选OA，费用因刊而异,中,https://academic.oup.com/pages/open-research/open-access,https://www.google.com/search?q=GigaScience+aims+scope+instructions+for+authors+APC
277,2补-Q1且IF5到10,2,International Journal of Transgender Health,INT J TRANSGEND HEAL,2689-5269,2689-5277,8.4,10.1,Q1,2/275,Q1,Q1,1.96,98.1,153.0,3422.0,"PSYCHOLOGY, CLINICAL; PUBLIC, ENVIRONMENTAL & OCCUPATIONAL HEALTH; SOCIAL SCIENCES, BIOMEDICAL","PSYCHOLOGY, CLINICAL(JIF Q1/JCI Q1) | PUBLIC, ENVIRONMENTAL & OCCUPATIONAL HEALTH(JIF Q1/JCI Q1) | SOCIAL SCIENCES, BIOMEDICAL(JIF Q1/JCI Q1)",TAYLOR & FRANCIS INC,Taylor & Francis,是,"SSCI; SCIE, SSCI",混合为主,"订阅路线通常无APC；Open Select常见 USD 2,500-3,500",中,https://authorservices.taylorandfrancis.com/publishing-open-access/,https://www.google.com/search?q=International+Journal+of+Transgender+Health+aims+scope+instructions+for+authors+APC
278,2补-Q1且IF5到10,2,Diabetes Technology & Therapeutics,DIABETES TECHNOL THE,1520-9156,1557-8593,7.4,5.8,Q1,21/198,Q1,Q1,1.66,89.6,153.0,7849.0,ENDOCRINOLOGY & METABOLISM,ENDOCRINOLOGY & METABOLISM(JIF Q1/JCI Q1),SAGE PUBLICATIONS INC,SAGE,是,SCIE,混合为主,"订阅路线通常无APC；SAGE Choice常见 USD 2,000-4,000",中,https://us.sagepub.com/en-us/nam/sage-choice,https://www.google.com/search?q=Diabetes+Technology+&+Therapeutics+aims+scope+instructions+for+authors+APC
279,2补-Q1且IF5到10,2,Journal of Cystic Fibrosis,J CYST FIBROS,1569-1993,1873-5010,5.5,4.7,Q1,14/107,Q1,Q1,1.59,87.4,153.0,7197.0,RESPIRATORY SYSTEM,RESPIRATORY SYSTEM(JIF Q1/JCI Q1),ELSEVIER,Elsevier,是,SCIE,混合为主,"订阅路线通常无APC；Gold OA常见 USD 2,200-4,200",中,https://www.elsevier.com/open-access/agreements,https://www.google.com/search?q=Journal+of+Cystic+Fibrosis+aims+scope+instructions+for+authors+APC
280,2补-Q1且IF5到10,2,ARTERIOSCLEROSIS THROMBOSIS AND VASCULAR BIOLOGY,ARTERIOSCL THROM VAS,1079-5642,1524-4636,8.8,9.3,Q1,8/100,Q1,Q1,1.93,92.5,152.0,36197.0,HEMATOLOGY; PERIPHERAL VASCULAR DISEASE,HEMATOLOGY(JIF Q1/JCI Q1) | PERIPHERAL VASCULAR DISEASE(JIF Q1/JCI Q1),LIPPINCOTT WILLIAMS & WILKINS,Wolters Kluwer/LWW,是,SCIE,混合为主,"订阅路线通常无APC；OA常见 USD 2,000-4,000；MEDICINE已拉黑",中,https://wkauthorservices.editage.com/open-access/,https://www.google.com/search?q=ARTERIOSCLEROSIS+THROMBOSIS+AND+VASCULAR+BIOLOGY+aims+scope+instructions+for+authors+APC
281,2补-Q1且IF5到10,2,PHYTOTHERAPY RESEARCH,PHYTOTHER RES,0951-418X,1099-1573,8.1,7.9,Q1,22/356,Q1,Q1,1.41,94.0,151.0,27544.0,"CHEMISTRY, MEDICINAL; PHARMACOLOGY & PHARMACY","CHEMISTRY, MEDICINAL(JIF Q1/JCI Q1) | PHARMACOLOGY & PHARMACY(JIF Q1/JCI Q1)",WILEY,Wiley,是,SCIE,混合为主,"订阅路线通常无APC；OnlineOpen常见 USD 3,200-4,700",中,https://authorservices.wiley.com/author-resources/Journal-Authors/open-access/article-publication-charges.html,https://www.google.com/search?q=PHYTOTHERAPY+RESEARCH+aims+scope+instructions+for+authors+APC
282,2补-Q1且IF5到10,2,INTERNATIONAL ENDODONTIC JOURNAL,INT ENDOD J,0143-2885,1365-2591,6.4,7.2,Q1,6/165,Q1,Q1,2.21,96.7,151.0,14409.0,"DENTISTRY, ORAL SURGERY & MEDICINE","DENTISTRY, ORAL SURGERY & MEDICINE(JIF Q1/JCI Q1)",WILEY,Wiley,是,SCIE,混合为主,"订阅路线通常无APC；OnlineOpen常见 USD 3,200-4,700",中,https://authorservices.wiley.com/author-resources/Journal-Authors/open-access/article-publication-charges.html,https://www.google.com/search?q=INTERNATIONAL+ENDODONTIC+JOURNAL+aims+scope+instructions+for+authors+APC
283,2补-Q1且IF5到10,2,DENTAL MATERIALS,DENT MATER,0109-5641,1879-0097,6.3,6.1,Q1,7/165,Q1,Q1,1.77,96.1,151.0,20097.0,"DENTISTRY, ORAL SURGERY & MEDICINE; MATERIALS SCIENCE, BIOMATERIALS","DENTISTRY, ORAL SURGERY & MEDICINE(JIF Q1/JCI Q1) | MATERIALS SCIENCE, BIOMATERIALS(JIF Q2/JCI Q1)",ELSEVIER SCI LTD,Elsevier,是,SCIE,混合为主,"订阅路线通常无APC；Gold OA常见 USD 2,200-4,200",中,https://www.elsevier.com/open-access/agreements,https://www.google.com/search?q=DENTAL+MATERIALS+aims+scope+instructions+for+authors+APC
284,2补-Q1且IF5到10,2,Environment & Health,ENVIRON HEALTH-WASH,2833-8278,2833-8278,8.8,8.8,Q1,18/443,Q1,Q1,1.54,96.0,150.0,1443.0,"PUBLIC, ENVIRONMENTAL & OCCUPATIONAL HEALTH","PUBLIC, ENVIRONMENTAL & OCCUPATIONAL HEALTH(JIF Q1/JCI Q1)",AMER CHEMICAL SOC,其他,否,ESCI,需核实,请查期刊官网 Author / Open Access 页面,未知,,https://www.google.com/search?q=Environment+&+Health+aims+scope+instructions+for+authors+APC
285,2补-Q1且IF5到10,2,CLINICAL MICROBIOLOGY AND INFECTION,CLIN MICROBIOL INFEC,1198-743X,1469-0691,8.7,8.2,Q1,7/141,Q1,Q1,1.93,95.4,150.0,27908.0,INFECTIOUS DISEASES; MICROBIOLOGY,INFECTIOUS DISEASES(JIF Q1/JCI Q1) | MICROBIOLOGY(JIF Q1/JCI Q1),ELSEVIER SCI LTD,Elsevier,是,SCIE,混合为主,"订阅路线通常无APC；Gold OA常见 USD 2,200-4,200",中,https://www.elsevier.com/open-access/agreements,https://www.google.com/search?q=CLINICAL+MICROBIOLOGY+AND+INFECTION+aims+scope+instructions+for+authors+APC
286,2补-Q1且IF5到10,2,JOURNAL OF CLINICAL PERIODONTOLOGY,J CLIN PERIODONTOL,0303-6979,1600-051X,8.3,9.0,Q1,3/165,Q1,Q1,2.65,98.5,150.0,23972.0,"DENTISTRY, ORAL SURGERY & MEDICINE","DENTISTRY, ORAL SURGERY & MEDICINE(JIF Q1/JCI Q1)",WILEY,Wiley,是,SCIE,混合为主,"订阅路线通常无APC；OnlineOpen常见 USD 3,200-4,700",中,https://authorservices.wiley.com/author-resources/Journal-Authors/open-access/article-publication-charges.html,https://www.google.com/search?q=JOURNAL+OF+CLINICAL+PERIODONTOLOGY+aims+scope+instructions+for+authors+APC
287,2补-Q1且IF5到10,2,GASTROINTESTINAL ENDOSCOPY,GASTROINTEST ENDOSC,0016-5107,1097-6779,8.0,7.7,Q1,18/153,Q1,Q1,1.52,88.6,148.0,26254.0,GASTROENTEROLOGY & HEPATOLOGY,GASTROENTEROLOGY & HEPATOLOGY(JIF Q1/JCI Q1),MOSBY-ELSEVIER,Elsevier,是,SCIE,混合为主,"订阅路线通常无APC；Gold OA常见 USD 2,200-4,200",中,https://www.elsevier.com/open-access/agreements,https://www.google.com/search?q=GASTROINTESTINAL+ENDOSCOPY+aims+scope+instructions+for+authors+APC
288,2补-Q1且IF5到10,2,Journal of Nutrition Health & Aging,J NUTR HEALTH AGING,1279-7707,1760-4788,5.0,5.5,Q1,27/114,Q1,Q1,1.19,76.8,148.0,11325.0,GERIATRICS & GERONTOLOGY; NUTRITION & DIETETICS,GERIATRICS & GERONTOLOGY(JIF Q1/JCI Q1) | NUTRITION & DIETETICS(JIF Q1/JCI Q1),ELSEVIER SCIENCE INC,Elsevier,是,SCIE,混合为主,"订阅路线通常无APC；Gold OA常见 USD 2,200-4,200",中,https://www.elsevier.com/open-access/agreements,https://www.google.com/search?q=Journal+of+Nutrition+Health+&+Aging+aims+scope+instructions+for+authors+APC
289,2补-Q1且IF5到10,2,International Journal of Pharmaceutics-X,INT J PHARM-X,,2590-1567,7.9,7.0,Q1,25/356,Q1,Q1,2.06,93.1,147.0,2180.0,PHARMACOLOGY & PHARMACY,PHARMACOLOGY & PHARMACY(JIF Q1/JCI Q1),ELSEVIER,Elsevier,是,SCIE,混合为主,"订阅路线通常无APC；Gold OA常见 USD 2,200-4,200",中,https://www.elsevier.com/open-access/agreements,https://www.google.com/search?q=International+Journal+of+Pharmaceutics-X+aims+scope+instructions+for+authors+APC
290,2补-Q1且IF5到10,2,TOXICOLOGICAL SCIENCES,TOXICOL SCI,1096-6080,1096-0929,5.2,4.6,Q1,16/106,Q1,Q1,1.2,85.4,146.0,16504.0,TOXICOLOGY,TOXICOLOGY(JIF Q1/JCI Q1),OXFORD UNIV PRESS,Oxford UP,是,SCIE,混合为主,订阅路线通常无APC；可选OA，费用因刊而异,中,https://academic.oup.com/pages/open-research/open-access,https://www.google.com/search?q=TOXICOLOGICAL+SCIENCES+aims+scope+instructions+for+authors+APC
291,2补-Q1且IF5到10,2,JOURNAL OF THE AMERICAN SOCIETY OF NEPHROLOGY,J AM SOC NEPHROL,1046-6673,1533-3450,9.7,10.5,Q1,5/134,Q1,Q1,3.04,96.6,145.0,40268.0,UROLOGY & NEPHROLOGY,UROLOGY & NEPHROLOGY(JIF Q1/JCI Q1),AMER SOC NEPHROLOGY,其他,是,SCIE,需核实,请查期刊官网 Author / Open Access 页面,未知,,https://www.google.com/search?q=JOURNAL+OF+THE+AMERICAN+SOCIETY+OF+NEPHROLOGY+aims+scope+instructions+for+authors+APC
292,2补-Q1且IF5到10,2,EMBO Molecular Medicine,EMBO MOL MED,1757-4676,1757-4684,7.9,9.6,Q1,25/191,Q1,Q1,1.85,87.2,145.0,13981.0,"MEDICINE, RESEARCH & EXPERIMENTAL","MEDICINE, RESEARCH & EXPERIMENTAL(JIF Q1/JCI Q1)",SPRINGERNATURE,Springer Nature,是,SCIE,混合/全OA,"全OA约 USD 2,090-3,490；Nature系更高；Scientific Reports已拉黑",中高,https://www.springernature.com/gp/open-research/journals-books/journals,https://www.google.com/search?q=EMBO+Molecular+Medicine+aims+scope+instructions+for+authors+APC
293,2补-Q1且IF5到10,2,JBI Evidence Synthesis,JBI EVID SYNTH,,2689-8381,6.8,6.8,Q1,11/194,Q1,Q1,1.15,94.6,145.0,6521.0,HEALTH CARE SCIENCES & SERVICES,HEALTH CARE SCIENCES & SERVICES(JIF Q1/JCI Q1),LIPPINCOTT WILLIAMS & WILKINS,Wolters Kluwer/LWW,否,ESCI,混合为主,"订阅路线通常无APC；OA常见 USD 2,000-4,000；MEDICINE已拉黑",中,https://wkauthorservices.editage.com/open-access/,https://www.google.com/search?q=JBI+Evidence+Synthesis+aims+scope+instructions+for+authors+APC
294,2补-Q1且IF5到10,2,Molecular Ecology Resources,MOL ECOL RESOUR,1755-098X,1755-0998,5.9,8.9,Q1,22/205,Q1,Q1,1.5,80.0,145.0,18571.0,BIOCHEMISTRY & MOLECULAR BIOLOGY,BIOCHEMISTRY & MOLECULAR BIOLOGY(JIF Q1/JCI Q1),WILEY,Wiley,是,SCIE,混合为主,"订阅路线通常无APC；OnlineOpen常见 USD 3,200-4,700",中,https://authorservices.wiley.com/author-resources/Journal-Authors/open-access/article-publication-charges.html,https://www.google.com/search?q=Molecular+Ecology+Resources+aims+scope+instructions+for+authors+APC
295,2补-Q1且IF5到10,2,European Urology Oncology,EUR UROL ONCOL,,2588-9311,8.5,8.3,Q1,8/134,Q1,Q1,2.43,94.4,144.0,5187.0,ONCOLOGY; UROLOGY & NEPHROLOGY,ONCOLOGY(JIF Q1/JCI Q1) | UROLOGY & NEPHROLOGY(JIF Q1/JCI Q1),ELSEVIER,Elsevier,是,SCIE,混合为主,"订阅路线通常无APC；Gold OA常见 USD 2,200-4,200",中,https://www.elsevier.com/open-access/agreements,https://www.google.com/search?q=European+Urology+Oncology+aims+scope+instructions+for+authors+APC
296,2补-Q1且IF5到10,2,CHINESE MEDICAL JOURNAL,CHINESE MED J-PEKING,0366-6999,2542-5641,9.1,8.1,Q1,19/336,Q1,Q1,1.51,94.5,143.0,18009.0,"MEDICINE, GENERAL & INTERNAL","MEDICINE, GENERAL & INTERNAL(JIF Q1/JCI Q1)",LIPPINCOTT WILLIAMS & WILKINS,Wolters Kluwer/LWW,是,SCIE,混合为主,"订阅路线通常无APC；OA常见 USD 2,000-4,000；MEDICINE已拉黑",中,https://wkauthorservices.editage.com/open-access/,https://www.google.com/search?q=CHINESE+MEDICAL+JOURNAL+aims+scope+instructions+for+authors+APC
297,2补-Q1且IF5到10,2,Neuroscience Bulletin,NEUROSCI BULL,1673-7067,1995-8218,6.8,7.2,Q1,42/330,Q1,Q1,1.05,87.4,143.0,6594.0,NEUROSCIENCES,NEUROSCIENCES(JIF Q1/JCI Q1),SPRINGER,Springer,是,SCIE,混合为主,"订阅路线通常无APC；选OA约 USD 2,790-4,290",中,https://www.springer.com/gp/open-access,https://www.google.com/search?q=Neuroscience+Bulletin+aims+scope+instructions+for+authors+APC
298,2补-Q1且IF5到10,2,METABOLIC ENGINEERING,METAB ENG,1096-7176,1096-7184,7.3,8.3,Q1,19/180,Q1,Q1,1.71,89.7,142.0,13071.0,BIOTECHNOLOGY & APPLIED MICROBIOLOGY,BIOTECHNOLOGY & APPLIED MICROBIOLOGY(JIF Q1/JCI Q1),ACADEMIC PRESS INC ELSEVIER SCIENCE,Elsevier,是,SCIE,混合为主,"订阅路线通常无APC；Gold OA常见 USD 2,200-4,200",中,https://www.elsevier.com/open-access/agreements,https://www.google.com/search?q=METABOLIC+ENGINEERING+aims+scope+instructions+for+authors+APC
299,2补-Q1且IF5到10,2,MOLECULAR CANCER THERAPEUTICS,MOL CANCER THER,1535-7163,1538-8514,6.9,6.4,Q1,55/333,Q1,Q1,1.23,83.6,141.0,20008.0,ONCOLOGY,ONCOLOGY(JIF Q1/JCI Q1),AMER ASSOC CANCER RESEARCH,其他,是,SCIE,需核实,请查期刊官网 Author / Open Access 页面,未知,,https://www.google.com/search?q=MOLECULAR+CANCER+THERAPEUTICS+aims+scope+instructions+for+authors+APC
300,2补-Q1且IF5到10,2,FOOD POLICY,FOOD POLICY,0306-9192,1873-5657,6.8,8.1,Q1,2/45,Q1,Q1,1.76,86.4,141.0,13083.0,NUTRITION & DIETETICS,NUTRITION & DIETETICS(JIF Q1/JCI Q1),ELSEVIER SCI LTD,Elsevier,是,SCIE; SSCI,混合为主,"订阅路线通常无APC；Gold OA常见 USD 2,200-4,200",中,https://www.elsevier.com/open-access/agreements,https://www.google.com/search?q=FOOD+POLICY+aims+scope+instructions+for+authors+APC
301,2补-Q1且IF5到10,2,Infectious Diseases and Therapy,INFECT DIS THER,2193-8229,2193-6382,5.6,5.2,Q1,16/141,Q1,Q1,1.32,89.0,141.0,4670.0,INFECTIOUS DISEASES,INFECTIOUS DISEASES(JIF Q1/JCI Q1),SPRINGER LONDON LTD,Springer,是,SCIE,混合为主,"订阅路线通常无APC；选OA约 USD 2,790-4,290",中,https://www.springer.com/gp/open-access,https://www.google.com/search?q=Infectious+Diseases+and+Therapy+aims+scope+instructions+for+authors+APC
302,2补-Q1且IF5到10,2,npj Breast Cancer,NPJ BREAST CANCER,,2374-4677,8.4,8.4,Q1,44/333,Q1,Q1,1.61,86.9,140.0,5678.0,ONCOLOGY,ONCOLOGY(JIF Q1/JCI Q1),NATURE PORTFOLIO,Springer Nature,是,SCIE,混合/全OA,"全OA约 USD 2,090-3,490；Nature系更高；Scientific Reports已拉黑",中高,https://www.springernature.com/gp/open-research/journals-books/journals,https://www.google.com/search?q=npj+Breast+Cancer+aims+scope+instructions+for+authors+APC
303,2补-Q1且IF5到10,2,International Journal of Nursing Studies Advances,INT J NURS STUD ADV,2666-142X,2666-142X,5.2,5.2,Q1,5/194,Q1,Q1,1.84,97.7,140.0,1468.0,NURSING,NURSING(JIF Q1/JCI Q1),ELSEVIER,Elsevier,否,ESCI,混合为主,"订阅路线通常无APC；Gold OA常见 USD 2,200-4,200",中,https://www.elsevier.com/open-access/agreements,https://www.google.com/search?q=International+Journal+of+Nursing+Studies+Advances+aims+scope+instructions+for+authors+APC
304,2补-Q1且IF5到10,2,Biofabrication,BIOFABRICATION,1758-5082,1758-5090,8.2,8.9,Q1,18/130,Q1,Q1,1.41,86.5,139.0,10551.0,"ENGINEERING, BIOMEDICAL; MATERIALS SCIENCE, BIOMATERIALS","ENGINEERING, BIOMEDICAL(JIF Q1/JCI Q1) | MATERIALS SCIENCE, BIOMATERIALS(JIF Q1/JCI Q1)",IOP Publishing Ltd,其他,是,SCIE,需核实,请查期刊官网 Author / Open Access 页面,未知,,https://www.google.com/search?q=Biofabrication+aims+scope+instructions+for+authors+APC
305,2补-Q1且IF5到10,2,NEPHROLOGY DIALYSIS TRANSPLANTATION,NEPHROL DIAL TRANSPL,0931-0509,1460-2385,8.3,6.4,Q1,1/30,Q1,Q1,2.08,98.3,138.0,27653.0,TRANSPLANTATION; UROLOGY & NEPHROLOGY,TRANSPLANTATION(JIF Q1/JCI Q1) | UROLOGY & NEPHROLOGY(JIF Q1/JCI Q1),OXFORD UNIV PRESS,Oxford UP,是,SCIE,混合为主,订阅路线通常无APC；可选OA，费用因刊而异,中,https://academic.oup.com/pages/open-research/open-access,https://www.google.com/search?q=NEPHROLOGY+DIALYSIS+TRANSPLANTATION+aims+scope+instructions+for+authors+APC
306,2补-Q1且IF5到10,2,EUROPEAN PSYCHIATRY,EUR PSYCHIAT,0924-9338,1778-3585,7.9,8.4,Q1,14/293,Q1,Q1,1.2,95.4,138.0,9913.0,PSYCHIATRY,PSYCHIATRY(JIF Q1/JCI Q1),CAMBRIDGE UNIV PRESS,Cambridge UP,是,"SCIE, SSCI",混合为主,订阅路线通常无APC；Gold OA因刊而异,中,https://www.cambridge.org/core/open-research/open-access,https://www.google.com/search?q=EUROPEAN+PSYCHIATRY+aims+scope+instructions+for+authors+APC
307,2补-Q1且IF5到10,2,Stem Cell Reports,STEM CELL REP,2213-6711,2213-6711,5.6,5.8,Q1,7/32,Q1,Q1,1.0,79.7,138.0,11538.0,CELL & TISSUE ENGINEERING; CELL BIOLOGY,CELL & TISSUE ENGINEERING(JIF Q1/JCI Q1) | CELL BIOLOGY(JIF Q2/JCI Q2),CELL PRESS,其他,是,SCIE,需核实,请查期刊官网 Author / Open Access 页面,未知,,https://www.google.com/search?q=Stem+Cell+Reports+aims+scope+instructions+for+authors+APC
308,2补-Q1且IF5到10,2,JOURNAL OF MEDICAL SYSTEMS,J MED SYST,0148-5598,1573-689X,8.8,6.0,Q1,7/194,Q1,Q1,1.69,96.6,137.0,8300.0,HEALTH CARE SCIENCES & SERVICES; MEDICAL INFORMATICS,HEALTH CARE SCIENCES & SERVICES(JIF Q1/JCI Q1) | MEDICAL INFORMATICS(JIF Q1/JCI Q1),SPRINGER,Springer,是,SCIE,混合为主,"订阅路线通常无APC；选OA约 USD 2,790-4,290",中,https://www.springer.com/gp/open-access,https://www.google.com/search?q=JOURNAL+OF+MEDICAL+SYSTEMS+aims+scope+instructions+for+authors+APC
309,2补-Q1且IF5到10,2,Alzheimers & Dementia-Translational Research & Clinical Interventions,ALZH DEMENT-TRCI,,2352-8737,7.4,6.2,Q1,21/296,Q1,Q1,1.57,93.1,136.0,4462.0,CLINICAL NEUROLOGY; NEUROSCIENCES,CLINICAL NEUROLOGY(JIF Q1/JCI Q1) | NEUROSCIENCES(JIF Q1/JCI Q1),WILEY,Wiley,否,ESCI,混合为主,"订阅路线通常无APC；OnlineOpen常见 USD 3,200-4,700",中,https://authorservices.wiley.com/author-resources/Journal-Authors/open-access/article-publication-charges.html,https://www.google.com/search?q=Alzheimers+&+Dementia-Translational+Research+&+Clinical+Interventions+aims+scope+instructions+for+authors+APC
310,2补-Q1且IF5到10,2,ULTRASOUND IN OBSTETRICS & GYNECOLOGY,ULTRASOUND OBST GYN,0960-7692,1469-0705,5.3,6.3,Q1,8/143,Q1,Q1,1.75,94.8,136.0,18500.0,"OBSTETRICS & GYNECOLOGY; RADIOLOGY, NUCLEAR MEDICINE & MEDICAL IMAGING","OBSTETRICS & GYNECOLOGY(JIF Q1/JCI Q1) | RADIOLOGY, NUCLEAR MEDICINE & MEDICAL IMAGING(JIF Q1/JCI Q1)",WILEY,Wiley,是,SCIE,混合为主,"订阅路线通常无APC；OnlineOpen常见 USD 3,200-4,700",中,https://authorservices.wiley.com/author-resources/Journal-Authors/open-access/article-publication-charges.html,https://www.google.com/search?q=ULTRASOUND+IN+OBSTETRICS+&+GYNECOLOGY+aims+scope+instructions+for+authors+APC
311,2补-Q1且IF5到10,2,Biomaterials Research,BIOMATER RES,1226-4601,2055-7124,9.8,10.8,Q1,15/130,Q1,Q1,1.26,88.8,135.0,6095.0,"ENGINEERING, BIOMEDICAL; MATERIALS SCIENCE, BIOMATERIALS","ENGINEERING, BIOMEDICAL(JIF Q1/JCI Q1) | MATERIALS SCIENCE, BIOMATERIALS(JIF Q1/JCI Q1)",AMER ASSOC ADVANCEMENT SCIENCE,其他,是,SCIE,需核实,请查期刊官网 Author / Open Access 页面,未知,,https://www.google.com/search?q=Biomaterials+Research+aims+scope+instructions+for+authors+APC
312,2补-Q1且IF5到10,2,CURRENT OPINION IN NEUROBIOLOGY,CURR OPIN NEUROBIOL,0959-4388,1873-6882,5.6,6.2,Q1,58/330,Q1,Q1,1.42,82.6,135.0,16556.0,NEUROSCIENCES,NEUROSCIENCES(JIF Q1/JCI Q1),CURRENT BIOLOGY LTD,其他,是,SCIE,需核实,请查期刊官网 Author / Open Access 页面,未知,,https://www.google.com/search?q=CURRENT+OPINION+IN+NEUROBIOLOGY+aims+scope+instructions+for+authors+APC
313,2补-Q1且IF5到10,2,Brain Stimulation,BRAIN STIMUL,1935-861X,1876-4754,9.7,10.0,Q1,12/296,Q1,Q1,2.03,96.1,134.0,14284.0,CLINICAL NEUROLOGY; NEUROSCIENCES,CLINICAL NEUROLOGY(JIF Q1/JCI Q1) | NEUROSCIENCES(JIF Q1/JCI Q1),ELSEVIER SCIENCE INC,Elsevier,是,SCIE,混合为主,"订阅路线通常无APC；Gold OA常见 USD 2,200-4,200",中,https://www.elsevier.com/open-access/agreements,https://www.google.com/search?q=Brain+Stimulation+aims+scope+instructions+for+authors+APC
314,2补-Q1且IF5到10,2,ANESTHESIOLOGY,ANESTHESIOLOGY,0003-3022,1528-1175,9.4,9.9,Q1,2/72,Q1,Q1,3.41,97.9,134.0,30423.0,ANESTHESIOLOGY,ANESTHESIOLOGY(JIF Q1/JCI Q1),LIPPINCOTT WILLIAMS & WILKINS,Wolters Kluwer/LWW,是,SCIE,混合为主,"订阅路线通常无APC；OA常见 USD 2,000-4,000；MEDICINE已拉黑",中,https://wkauthorservices.editage.com/open-access/,https://www.google.com/search?q=ANESTHESIOLOGY+aims+scope+instructions+for+authors+APC
315,2补-Q1且IF5到10,2,Cognitive Computation,COGN COMPUT,1866-9956,1866-9964,7.4,5.4,Q1,32/330,Q2,Q1,1.0,90.5,134.0,4941.0,NEUROSCIENCES,NEUROSCIENCES(JIF Q1/JCI Q2),SPRINGER,Springer,是,SCIE,混合为主,"订阅路线通常无APC；选OA约 USD 2,790-4,290",中,https://www.springer.com/gp/open-access,https://www.google.com/search?q=Cognitive+Computation+aims+scope+instructions+for+authors+APC
316,2补-Q1且IF5到10,2,JOURNAL OF CARDIOVASCULAR MAGNETIC RESONANCE,J CARDIOVASC MAGN R,1097-6647,1532-429X,5.0,6.0,Q1,32/217,Q1,Q1,1.38,85.5,134.0,7481.0,"CARDIAC & CARDIOVASCULAR SYSTEMS; RADIOLOGY, NUCLEAR MEDICINE & MEDICAL IMAGING","CARDIAC & CARDIOVASCULAR SYSTEMS(JIF Q1/JCI Q1) | RADIOLOGY, NUCLEAR MEDICINE & MEDICAL IMAGING(JIF Q1/JCI Q1)",ELSEVIER SCIENCE INC,Elsevier,是,SCIE,混合为主,"订阅路线通常无APC；Gold OA常见 USD 2,200-4,200",中,https://www.elsevier.com/open-access/agreements,https://www.google.com/search?q=JOURNAL+OF+CARDIOVASCULAR+MAGNETIC+RESONANCE+aims+scope+instructions+for+authors+APC
317,2补-Q1且IF5到10,2,BJS-British Journal of Surgery,BJS-BRIT J SURG,0007-1323,1365-2168,9.4,9.2,Q1,4/321,Q1,Q1,2.73,98.9,133.0,24336.0,SURGERY,SURGERY(JIF Q1/JCI Q1),OXFORD UNIV PRESS,Oxford UP,是,SCIE,混合为主,订阅路线通常无APC；可选OA，费用因刊而异,中,https://academic.oup.com/pages/open-research/open-access,https://www.google.com/search?q=BJS-British+Journal+of+Surgery+aims+scope+instructions+for+authors+APC
318,2补-Q1且IF5到10,2,INTERNATIONAL JOURNAL OF NURSING STUDIES,INT J NURS STUD,0020-7489,1873-491X,8.7,10.6,Q1,1/194,Q1,Q1,2.93,99.7,133.0,21008.0,NURSING,NURSING(JIF Q1/JCI Q1),PERGAMON-ELSEVIER SCIENCE LTD,Elsevier,是,"SCIE, SSCI",混合为主,"订阅路线通常无APC；Gold OA常见 USD 2,200-4,200",中,https://www.elsevier.com/open-access/agreements,https://www.google.com/search?q=INTERNATIONAL+JOURNAL+OF+NURSING+STUDIES+aims+scope+instructions+for+authors+APC
319,2补-Q1且IF5到10,2,International Journal of Stroke,INT J STROKE,1747-4930,1747-4949,6.9,8.0,Q1,26/296,Q1,Q1,1.78,91.4,133.0,9802.0,CLINICAL NEUROLOGY; PERIPHERAL VASCULAR DISEASE,CLINICAL NEUROLOGY(JIF Q1/JCI Q1) | PERIPHERAL VASCULAR DISEASE(JIF Q1/JCI Q1),SAGE PUBLICATIONS LTD,SAGE,是,SCIE,混合为主,"订阅路线通常无APC；SAGE Choice常见 USD 2,000-4,000",中,https://us.sagepub.com/en-us/nam/sage-choice,https://www.google.com/search?q=International+Journal+of+Stroke+aims+scope+instructions+for+authors+APC
320,2补-Q1且IF5到10,2,JOURNAL OF BONE AND MINERAL RESEARCH,J BONE MINER RES,0884-0431,1523-4681,6.5,6.7,Q1,29/198,Q1,Q1,1.36,85.6,133.0,26771.0,ENDOCRINOLOGY & METABOLISM,ENDOCRINOLOGY & METABOLISM(JIF Q1/JCI Q1),OXFORD UNIV PRESS,Oxford UP,是,SCIE,混合为主,订阅路线通常无APC；可选OA，费用因刊而异,中,https://academic.oup.com/pages/open-research/open-access,https://www.google.com/search?q=JOURNAL+OF+BONE+AND+MINERAL+RESEARCH+aims+scope+instructions+for+authors+APC
321,2补-Q1且IF5到10,2,NEUROCHEMISTRY INTERNATIONAL,NEUROCHEM INT,0197-0186,1872-9754,5.5,5.1,Q1,59/330,Q1,Q1,1.14,82.3,133.0,11562.0,BIOCHEMISTRY & MOLECULAR BIOLOGY; NEUROSCIENCES,BIOCHEMISTRY & MOLECULAR BIOLOGY(JIF Q1/JCI Q1) | NEUROSCIENCES(JIF Q1/JCI Q1),PERGAMON-ELSEVIER SCIENCE LTD,Elsevier,是,SCIE,混合为主,"订阅路线通常无APC；Gold OA常见 USD 2,200-4,200",中,https://www.elsevier.com/open-access/agreements,https://www.google.com/search?q=NEUROCHEMISTRY+INTERNATIONAL+aims+scope+instructions+for+authors+APC
322,2补-Q1且IF5到10,2,BONE MARROW TRANSPLANTATION,BONE MARROW TRANSPL,0268-3369,1476-5365,5.1,4.7,Q1,4/30,Q1,Q1,1.08,88.3,131.0,14738.0,HEMATOLOGY; IMMUNOLOGY; ONCOLOGY; TRANSPLANTATION,HEMATOLOGY(JIF Q1/JCI Q1) | IMMUNOLOGY(JIF Q2/JCI Q1) | ONCOLOGY(JIF Q1/JCI Q1) | TRANSPLANTATION(JIF Q1/JCI Q2),SPRINGERNATURE,Springer Nature,是,SCIE,混合/全OA,"全OA约 USD 2,090-3,490；Nature系更高；Scientific Reports已拉黑",中高,https://www.springernature.com/gp/open-research/journals-books/journals,https://www.google.com/search?q=BONE+MARROW+TRANSPLANTATION+aims+scope+instructions+for+authors+APC
323,2补-Q1且IF5到10,2,European Journal of Internal Medicine,EUR J INTERN MED,0953-6205,1879-0828,8.1,6.9,Q1,24/336,Q1,Q1,1.52,93.0,130.0,10443.0,"MEDICINE, GENERAL & INTERNAL","MEDICINE, GENERAL & INTERNAL(JIF Q1/JCI Q1)",ELSEVIER,Elsevier,是,SCIE,混合为主,"订阅路线通常无APC；Gold OA常见 USD 2,200-4,200",中,https://www.elsevier.com/open-access/agreements,https://www.google.com/search?q=European+Journal+of+Internal+Medicine+aims+scope+instructions+for+authors+APC
324,2补-Q1且IF5到10,2,HAEMATOLOGICA,HAEMATOLOGICA,0390-6078,1592-8721,8.2,8.5,Q1,12/103,Q1,Q1,1.77,88.8,129.0,23477.0,HEMATOLOGY,HEMATOLOGY(JIF Q1/JCI Q1),FERRATA STORTI FOUNDATION,其他,是,SCIE,需核实,请查期刊官网 Author / Open Access 页面,未知,,https://www.google.com/search?q=HAEMATOLOGICA+aims+scope+instructions+for+authors+APC
325,2补-Q1且IF5到10,2,Sensors and Actuators Reports,SENSOR ACTUATOR REP,2666-0539,2666-0539,6.9,7.6,Q1,6/81,Q1,Q1,1.31,87.5,128.0,2275.0,BIOTECHNOLOGY & APPLIED MICROBIOLOGY,BIOTECHNOLOGY & APPLIED MICROBIOLOGY(JIF Q1/JCI Q1),ELSEVIER,Elsevier,是,SCIE,混合为主,"订阅路线通常无APC；Gold OA常见 USD 2,200-4,200",中,https://www.elsevier.com/open-access/agreements,https://www.google.com/search?q=Sensors+and+Actuators+Reports+aims+scope+instructions+for+authors+APC
326,2补-Q1且IF5到10,2,Journal of Clinical Anesthesia,J CLIN ANESTH,0952-8180,1873-4529,6.0,6.6,Q1,6/72,Q1,Q1,1.97,92.4,128.0,8242.0,ANESTHESIOLOGY,ANESTHESIOLOGY(JIF Q1/JCI Q1),ELSEVIER SCIENCE INC,Elsevier,是,SCIE,混合为主,"订阅路线通常无APC；Gold OA常见 USD 2,200-4,200",中,https://www.elsevier.com/open-access/agreements,https://www.google.com/search?q=Journal+of+Clinical+Anesthesia+aims+scope+instructions+for+authors+APC
327,2补-Q1且IF5到10,2,JCO Oncology Practice,JCO ONCOL PRACT,2688-1527,2688-1535,5.5,4.7,Q1,76/333,Q2,Q2,0.9,77.3,128.0,5546.0,ONCOLOGY,ONCOLOGY(JIF Q1/JCI Q2),LIPPINCOTT WILLIAMS & WILKINS,Wolters Kluwer/LWW,是,SCIE,混合为主,"订阅路线通常无APC；OA常见 USD 2,000-4,000；MEDICINE已拉黑",中,https://wkauthorservices.editage.com/open-access/,https://www.google.com/search?q=JCO+Oncology+Practice+aims+scope+instructions+for+authors+APC
328,2补-Q1且IF5到10,2,Bioresources and Bioprocessing,BIORESOUR BIOPROCESS,,2197-4365,6.3,6.5,Q1,28/180,Q1,Q1,1.02,84.7,127.0,5099.0,BIOTECHNOLOGY & APPLIED MICROBIOLOGY,BIOTECHNOLOGY & APPLIED MICROBIOLOGY(JIF Q1/JCI Q1),SPRINGER HEIDELBERG,Springer,是,SCIE,混合为主,"订阅路线通常无APC；选OA约 USD 2,790-4,290",中,https://www.springer.com/gp/open-access,https://www.google.com/search?q=Bioresources+and+Bioprocessing+aims+scope+instructions+for+authors+APC
329,2补-Q1且IF5到10,2,Cell Genomics,CELL GENOM,2666-979X,2666-979X,8.4,10.7,Q1,13/192,Q1,Q1,1.92,93.5,126.0,3832.0,CELL BIOLOGY; GENETICS & HEREDITY,CELL BIOLOGY(JIF Q1/JCI Q1) | GENETICS & HEREDITY(JIF Q1/JCI Q1),CELL PRESS,其他,否,ESCI,需核实,请查期刊官网 Author / Open Access 页面,未知,,https://www.google.com/search?q=Cell+Genomics+aims+scope+instructions+for+authors+APC
330,2补-Q1且IF5到10,2,Neurotherapeutics,NEUROTHERAPEUTICS,1933-7213,1878-7479,7.4,8.1,Q1,21/296,Q1,Q1,1.94,93.1,126.0,11851.0,CLINICAL NEUROLOGY; NEUROSCIENCES; PHARMACOLOGY & PHARMACY,CLINICAL NEUROLOGY(JIF Q1/JCI Q1) | NEUROSCIENCES(JIF Q1/JCI Q1) | PHARMACOLOGY & PHARMACY(JIF Q1/JCI Q1),ELSEVIER SCIENCE INC,Elsevier,是,SCIE,混合为主,"订阅路线通常无APC；Gold OA常见 USD 2,200-4,200",中,https://www.elsevier.com/open-access/agreements,https://www.google.com/search?q=Neurotherapeutics+aims+scope+instructions+for+authors+APC
331,2补-Q1且IF5到10,2,INFLAMMATION RESEARCH,INFLAMM RES,1023-3830,1420-908X,6.2,6.2,Q1,36/183,Q2,Q2,0.86,80.6,125.0,8155.0,CELL BIOLOGY; IMMUNOLOGY,CELL BIOLOGY(JIF Q2/JCI Q2) | IMMUNOLOGY(JIF Q1/JCI Q2),SPRINGER BASEL AG,Springer,是,SCIE,混合为主,"订阅路线通常无APC；选OA约 USD 2,790-4,290",中,https://www.springer.com/gp/open-access,https://www.google.com/search?q=INFLAMMATION+RESEARCH+aims+scope+instructions+for+authors+APC
332,2补-Q1且IF5到10,2,European Heart Journal-Cardiovascular Imaging,EUR HEART J-CARD IMG,2047-2404,2047-2412,6.1,6.5,Q1,20/217,Q1,Q1,1.63,91.0,125.0,12031.0,"CARDIAC & CARDIOVASCULAR SYSTEMS; RADIOLOGY, NUCLEAR MEDICINE & MEDICAL IMAGING","CARDIAC & CARDIOVASCULAR SYSTEMS(JIF Q1/JCI Q1) | RADIOLOGY, NUCLEAR MEDICINE & MEDICAL IMAGING(JIF Q1/JCI Q1)",OXFORD UNIV PRESS,Oxford UP,是,SCIE,混合为主,订阅路线通常无APC；可选OA，费用因刊而异,中,https://academic.oup.com/pages/open-research/open-access,https://www.google.com/search?q=European+Heart+Journal-Cardiovascular+Imaging+aims+scope+instructions+for+authors+APC
333,2补-Q1且IF5到10,2,Body Image,BODY IMAGE,1740-1445,1873-6807,6.0,7.1,Q1,8/184,Q1,Q1,1.84,95.9,125.0,10740.0,"PSYCHIATRY; PSYCHOLOGY, CLINICAL","PSYCHIATRY(JIF Q1/JCI Q1) | PSYCHOLOGY, CLINICAL(JIF Q1/JCI Q1)",ELSEVIER,Elsevier,否,SSCI,混合为主,"订阅路线通常无APC；Gold OA常见 USD 2,200-4,200",中,https://www.elsevier.com/open-access/agreements,https://www.google.com/search?q=Body+Image+aims+scope+instructions+for+authors+APC
334,2补-Q1且IF5到10,2,Cancer Immunology Research,CANCER IMMUNOL RES,2326-6066,2326-6074,7.9,10.0,Q1,22/183,Q1,Q1,1.85,88.3,124.0,13610.0,IMMUNOLOGY; ONCOLOGY,IMMUNOLOGY(JIF Q1/JCI Q1) | ONCOLOGY(JIF Q1/JCI Q1),AMER ASSOC CANCER RESEARCH,其他,是,SCIE,需核实,请查期刊官网 Author / Open Access 页面,未知,,https://www.google.com/search?q=Cancer+Immunology+Research+aims+scope+instructions+for+authors+APC
335,2补-Q1且IF5到10,2,JOURNAL OF CHILD PSYCHOLOGY AND PSYCHIATRY,J CHILD PSYCHOL PSYC,0021-9630,1469-7610,6.6,9.3,Q1,4/95,Q1,Q1,1.62,92.3,123.0,24510.0,PSYCHIATRY,PSYCHIATRY(JIF Q1/JCI Q1),WILEY,Wiley,是,"SCIE, SSCI; SCIE; SSCI",混合为主,"订阅路线通常无APC；OnlineOpen常见 USD 3,200-4,700",中,https://authorservices.wiley.com/author-resources/Journal-Authors/open-access/article-publication-charges.html,https://www.google.com/search?q=JOURNAL+OF+CHILD+PSYCHOLOGY+AND+PSYCHIATRY+aims+scope+instructions+for+authors+APC
336,2补-Q1且IF5到10,2,CELL BIOLOGY AND TOXICOLOGY,CELL BIOL TOXICOL,0742-2091,1573-6822,5.7,6.6,Q1,14/106,Q1,Q1,1.1,87.3,122.0,4619.0,CELL BIOLOGY; TOXICOLOGY,CELL BIOLOGY(JIF Q2/JCI Q1) | TOXICOLOGY(JIF Q1/JCI Q1),SPRINGER,Springer,是,SCIE,混合为主,"订阅路线通常无APC；选OA约 USD 2,790-4,290",中,https://www.springer.com/gp/open-access,https://www.google.com/search?q=CELL+BIOLOGY+AND+TOXICOLOGY+aims+scope+instructions+for+authors+APC
337,2补-Q1且IF5到10,2,American Journal of Medicine,AM J MED,0002-9343,1555-7162,6.0,6.1,Q1,32/336,Q1,Q1,1.15,90.6,121.0,24244.0,"MEDICINE, GENERAL & INTERNAL","MEDICINE, GENERAL & INTERNAL(JIF Q1/JCI Q1)",ELSEVIER SCIENCE INC,Elsevier,是,SCIE,混合为主,"订阅路线通常无APC；Gold OA常见 USD 2,200-4,200",中,https://www.elsevier.com/open-access/agreements,https://www.google.com/search?q=American+Journal+of+Medicine+aims+scope+instructions+for+authors+APC
338,2补-Q1且IF5到10,2,AMERICAN JOURNAL OF HEMATOLOGY,AM J HEMATOL,0361-8609,1096-8652,9.4,9.5,Q1,9/103,Q1,Q1,2.12,91.7,120.0,17614.0,HEMATOLOGY,HEMATOLOGY(JIF Q1/JCI Q1),WILEY,Wiley,是,SCIE,混合为主,"订阅路线通常无APC；OnlineOpen常见 USD 3,200-4,700",中,https://authorservices.wiley.com/author-resources/Journal-Authors/open-access/article-publication-charges.html,https://www.google.com/search?q=AMERICAN+JOURNAL+OF+HEMATOLOGY+aims+scope+instructions+for+authors+APC
339,2补-Q1且IF5到10,2,BRITISH JOURNAL OF PSYCHIATRY,BRIT J PSYCHIAT,0007-1250,1472-1465,8.5,8.9,Q1,12/293,Q1,Q1,1.71,96.1,120.0,24973.0,PSYCHIATRY,PSYCHIATRY(JIF Q1/JCI Q1),CAMBRIDGE UNIV PRESS,Cambridge UP,是,"SCIE, SSCI",混合为主,订阅路线通常无APC；Gold OA因刊而异,中,https://www.cambridge.org/core/open-research/open-access,https://www.google.com/search?q=BRITISH+JOURNAL+OF+PSYCHIATRY+aims+scope+instructions+for+authors+APC
340,2补-Q1且IF5到10,2,Innovation in Aging,INNOV AGING,,2399-5300,6.2,7.5,Q1,1/49,Q2,Q1,0.95,85.4,120.0,4257.0,GERIATRICS & GERONTOLOGY,GERIATRICS & GERONTOLOGY(JIF Q1/JCI Q2),OXFORD UNIV PRESS,Oxford UP,是,SCIE; SSCI,混合为主,订阅路线通常无APC；可选OA，费用因刊而异,中,https://academic.oup.com/pages/open-research/open-access,https://www.google.com/search?q=Innovation+in+Aging+aims+scope+instructions+for+authors+APC
341,2补-Q1且IF5到10,2,BIOGERONTOLOGY,BIOGERONTOLOGY,1389-5729,1573-6768,5.3,5.2,Q1,14/72,Q2,Q2,0.82,81.3,120.0,4325.0,GERIATRICS & GERONTOLOGY,GERIATRICS & GERONTOLOGY(JIF Q1/JCI Q2),SPRINGER,Springer,是,SCIE,混合为主,"订阅路线通常无APC；选OA约 USD 2,790-4,290",中,https://www.springer.com/gp/open-access,https://www.google.com/search?q=BIOGERONTOLOGY+aims+scope+instructions+for+authors+APC
342,2补-Q1且IF5到10,2,AMERICAN JOURNAL OF KIDNEY DISEASES,AM J KIDNEY DIS,0272-6386,1523-6838,9.4,11.5,Q1,7/134,Q1,Q1,2.89,95.1,119.0,26994.0,UROLOGY & NEPHROLOGY,UROLOGY & NEPHROLOGY(JIF Q1/JCI Q1),W B SAUNDERS CO-ELSEVIER INC,Elsevier,是,SCIE,混合为主,"订阅路线通常无APC；Gold OA常见 USD 2,200-4,200",中,https://www.elsevier.com/open-access/agreements,https://www.google.com/search?q=AMERICAN+JOURNAL+OF+KIDNEY+DISEASES+aims+scope+instructions+for+authors+APC
343,2补-Q1且IF5到10,2,Cellular and Molecular Gastroenterology and Hepatology,CELL MOL GASTROENTER,2352-345X,2352-345X,8.2,8.6,Q1,16/153,Q1,Q1,1.63,89.9,119.0,7982.0,GASTROENTEROLOGY & HEPATOLOGY,GASTROENTEROLOGY & HEPATOLOGY(JIF Q1/JCI Q1),ELSEVIER INC,Elsevier,是,SCIE,混合为主,"订阅路线通常无APC；Gold OA常见 USD 2,200-4,200",中,https://www.elsevier.com/open-access/agreements,https://www.google.com/search?q=Cellular+and+Molecular+Gastroenterology+and+Hepatology+aims+scope+instructions+for+authors+APC
344,2补-Q1且IF5到10,2,GLIA,GLIA,0894-1491,1098-1136,5.5,6.4,Q1,59/330,Q1,Q1,1.36,82.3,119.0,16348.0,NEUROSCIENCES,NEUROSCIENCES(JIF Q1/JCI Q1),WILEY,Wiley,是,SCIE,混合为主,"订阅路线通常无APC；OnlineOpen常见 USD 3,200-4,700",中,https://authorservices.wiley.com/author-resources/Journal-Authors/open-access/article-publication-charges.html,https://www.google.com/search?q=GLIA+aims+scope+instructions+for+authors+APC
345,2补-Q1且IF5到10,2,Asian Journal of Surgery,ASIAN J SURG,1015-9584,0219-3108,5.2,4.3,Q1,18/321,Q2,Q2,0.92,94.5,119.0,5389.0,SURGERY,SURGERY(JIF Q1/JCI Q2),ELSEVIER SINGAPORE PTE LTD,Elsevier,是,SCIE,混合为主,"订阅路线通常无APC；Gold OA常见 USD 2,200-4,200",中,https://www.elsevier.com/open-access/agreements,https://www.google.com/search?q=Asian+Journal+of+Surgery+aims+scope+instructions+for+authors+APC
346,2补-Q1且IF5到10,2,EUROPEAN JOURNAL OF VASCULAR AND ENDOVASCULAR SURGERY,EUR J VASC ENDOVASC,1078-5884,1532-2165,8.5,6.6,Q1,6/321,Q1,Q1,2.71,98.3,118.0,13217.0,PERIPHERAL VASCULAR DISEASE; SURGERY,PERIPHERAL VASCULAR DISEASE(JIF Q1/JCI Q1) | SURGERY(JIF Q1/JCI Q1),W B SAUNDERS CO LTD,Elsevier,是,SCIE,混合为主,"订阅路线通常无APC；Gold OA常见 USD 2,200-4,200",中,https://www.elsevier.com/open-access/agreements,https://www.google.com/search?q=EUROPEAN+JOURNAL+OF+VASCULAR+AND+ENDOVASCULAR+SURGERY+aims+scope+instructions+for+authors+APC
347,2补-Q1且IF5到10,2,AMERICAN JOURNAL OF RESPIRATORY CELL AND MOLECULAR BIOLOGY,AM J RESP CELL MOL,1044-1549,1535-4989,5.4,6.4,Q1,15/107,Q1,Q1,1.1,86.4,118.0,13377.0,BIOCHEMISTRY & MOLECULAR BIOLOGY; CELL BIOLOGY; RESPIRATORY SYSTEM,BIOCHEMISTRY & MOLECULAR BIOLOGY(JIF Q1/JCI Q1) | CELL BIOLOGY(JIF Q2/JCI Q1) | RESPIRATORY SYSTEM(JIF Q1/JCI Q1),OXFORD UNIV PRESS,Oxford UP,是,SCIE,混合为主,订阅路线通常无APC；可选OA，费用因刊而异,中,https://academic.oup.com/pages/open-research/open-access,https://www.google.com/search?q=AMERICAN+JOURNAL+OF+RESPIRATORY+CELL+AND+MOLECULAR+BIOLOGY+aims+scope+instructions+for+authors+APC
348,2补-Q1且IF5到10,2,Molecular Therapy Oncology,MOL THER ONCOL,,2950-3299,8.5,32.2,Q1,22/191,Q2,Q2,0.94,88.7,117.0,4866.0,"MEDICINE, RESEARCH & EXPERIMENTAL; ONCOLOGY","MEDICINE, RESEARCH & EXPERIMENTAL(JIF Q1/JCI Q2) | ONCOLOGY(JIF Q1/JCI Q2)",CELL PRESS,其他,是,SCIE,需核实,请查期刊官网 Author / Open Access 页面,未知,,https://www.google.com/search?q=Molecular+Therapy+Oncology+aims+scope+instructions+for+authors+APC
349,2补-Q1且IF5到10,2,European Heart Journal - Digital Health,EUR HEART J-DIGIT HL,,2634-3916,5.3,5.3,Q1,50/237,Q1,Q1,1.13,79.1,117.0,1563.0,CARDIAC & CARDIOVASCULAR SYSTEMS,CARDIAC & CARDIOVASCULAR SYSTEMS(JIF Q1/JCI Q1),OXFORD UNIV PRESS,Oxford UP,否,ESCI,混合为主,订阅路线通常无APC；可选OA，费用因刊而异,中,https://academic.oup.com/pages/open-research/open-access,https://www.google.com/search?q=European+Heart+Journal+-+Digital+Health+aims+scope+instructions+for+authors+APC
350,2补-Q1且IF5到10,2,Journal of the International AIDS Society,J INT AIDS SOC,,1758-2652,5.2,5.6,Q1,21/141,Q1,Q1,1.0,85.5,117.0,7940.0,IMMUNOLOGY; INFECTIOUS DISEASES,IMMUNOLOGY(JIF Q2/JCI Q2) | INFECTIOUS DISEASES(JIF Q1/JCI Q1),WILEY,Wiley,是,SCIE,混合为主,"订阅路线通常无APC；OnlineOpen常见 USD 3,200-4,700",中,https://authorservices.wiley.com/author-resources/Journal-Authors/open-access/article-publication-charges.html,https://www.google.com/search?q=Journal+of+the+International+AIDS+Society+aims+scope+instructions+for+authors+APC
351,2补-Q1且IF5到10,2,CELL PROLIFERATION,CELL PROLIFERAT,0960-7722,1365-2184,7.6,8.2,Q1,47/207,Q2,Q2,0.8,77.5,116.0,10862.0,CELL BIOLOGY,CELL BIOLOGY(JIF Q1/JCI Q2),WILEY,Wiley,是,SCIE,混合为主,"订阅路线通常无APC；OnlineOpen常见 USD 3,200-4,700",中,https://authorservices.wiley.com/author-resources/Journal-Authors/open-access/article-publication-charges.html,https://www.google.com/search?q=CELL+PROLIFERATION+aims+scope+instructions+for+authors+APC
352,2补-Q1且IF5到10,2,United European Gastroenterology Journal,UNITED EUR GASTROENT,2050-6406,2050-6414,6.4,6.7,Q1,22/153,Q1,Q1,1.24,85.9,116.0,5953.0,GASTROENTEROLOGY & HEPATOLOGY,GASTROENTEROLOGY & HEPATOLOGY(JIF Q1/JCI Q1),WILEY,Wiley,是,SCIE,混合为主,"订阅路线通常无APC；OnlineOpen常见 USD 3,200-4,700",中,https://authorservices.wiley.com/author-resources/Journal-Authors/open-access/article-publication-charges.html,https://www.google.com/search?q=United+European+Gastroenterology+Journal+aims+scope+instructions+for+authors+APC
353,2补-Q1且IF5到10,2,CEPHALALGIA,CEPHALALGIA,0333-1024,1468-2982,5.8,5.1,Q1,29/296,Q1,Q1,1.29,90.4,116.0,13119.0,CLINICAL NEUROLOGY; NEUROSCIENCES,CLINICAL NEUROLOGY(JIF Q1/JCI Q1) | NEUROSCIENCES(JIF Q1/JCI Q1),SAGE PUBLICATIONS LTD,SAGE,是,SCIE,混合为主,"订阅路线通常无APC；SAGE Choice常见 USD 2,000-4,000",中,https://us.sagepub.com/en-us/nam/sage-choice,https://www.google.com/search?q=CEPHALALGIA+aims+scope+instructions+for+authors+APC
354,2补-Q1且IF5到10,2,THROMBOSIS AND HAEMOSTASIS,THROMB HAEMOSTASIS,0340-6245,2567-689X,5.2,4.5,Q1,16/103,Q1,Q1,1.19,85.0,116.0,13733.0,HEMATOLOGY; PERIPHERAL VASCULAR DISEASE,HEMATOLOGY(JIF Q1/JCI Q1) | PERIPHERAL VASCULAR DISEASE(JIF Q1/JCI Q1),GEORG THIEME VERLAG KG,Thieme,是,SCIE,混合为主,订阅路线通常无APC；OA另计,中低,https://www.thieme.com/en-us/open-access,https://www.google.com/search?q=THROMBOSIS+AND+HAEMOSTASIS+aims+scope+instructions+for+authors+APC
355,2补-Q1且IF5到10,2,RADIOGRAPHICS,RADIOGRAPHICS,0271-5333,,6.2,7.7,Q1,19/217,Q1,Q1,1.59,91.5,115.0,15527.0,"RADIOLOGY, NUCLEAR MEDICINE & MEDICAL IMAGING","RADIOLOGY, NUCLEAR MEDICINE & MEDICAL IMAGING(JIF Q1/JCI Q1)",RADIOLOGICAL SOC NORTH AMERICA (RSNA),其他,是,SCIE,需核实,请查期刊官网 Author / Open Access 页面,未知,,https://www.google.com/search?q=RADIOGRAPHICS+aims+scope+instructions+for+authors+APC
356,2补-Q1且IF5到10,2,Interdisciplinary Sciences-Computational Life Sciences,INTERDISCIP SCI,1913-2751,1867-1462,5.2,3.8,Q1,8/67,Q1,Q1,1.19,88.8,115.0,1841.0,MATHEMATICAL & COMPUTATIONAL BIOLOGY,MATHEMATICAL & COMPUTATIONAL BIOLOGY(JIF Q1/JCI Q1),SPRINGER HEIDELBERG,Springer,是,SCIE,混合为主,"订阅路线通常无APC；选OA约 USD 2,790-4,290",中,https://www.springer.com/gp/open-access,https://www.google.com/search?q=Interdisciplinary+Sciences-Computational+Life+Sciences+aims+scope+instructions+for+authors+APC
357,2补-Q1且IF5到10,2,Nature Mental Health,NAT MENT HEALTH,,2731-6076,9.3,9.3,Q1,9/293,Q1,Q1,2.3,97.1,114.0,2179.0,PSYCHIATRY,PSYCHIATRY(JIF Q1/JCI Q1),SPRINGERNATURE,Springer Nature,否,ESCI,混合/全OA,"全OA约 USD 2,090-3,490；Nature系更高；Scientific Reports已拉黑",中高,https://www.springernature.com/gp/open-research/journals-books/journals,https://www.google.com/search?q=Nature+Mental+Health+aims+scope+instructions+for+authors+APC
358,2补-Q1且IF5到10,2,EUROPEAN JOURNAL OF EPIDEMIOLOGY,EUR J EPIDEMIOL,0393-2990,1573-7284,6.6,8.8,Q1,27/443,Q1,Q1,2.01,94.0,114.0,16920.0,"PUBLIC, ENVIRONMENTAL & OCCUPATIONAL HEALTH","PUBLIC, ENVIRONMENTAL & OCCUPATIONAL HEALTH(JIF Q1/JCI Q1)",SPRINGER,Springer,是,SCIE,混合为主,"订阅路线通常无APC；选OA约 USD 2,790-4,290",中,https://www.springer.com/gp/open-access,https://www.google.com/search?q=EUROPEAN+JOURNAL+OF+EPIDEMIOLOGY+aims+scope+instructions+for+authors+APC
359,2补-Q1且IF5到10,2,Journal of Parkinsons Disease,J PARKINSON DIS,1877-7171,1877-718X,5.9,5.7,Q1,53/330,Q1,Q1,1.11,84.1,114.0,7891.0,NEUROSCIENCES,NEUROSCIENCES(JIF Q1/JCI Q1),SAGE PUBLICATIONS INC,SAGE,是,SCIE,混合为主,"订阅路线通常无APC；SAGE Choice常见 USD 2,000-4,000",中,https://us.sagepub.com/en-us/nam/sage-choice,https://www.google.com/search?q=Journal+of+Parkinsons+Disease+aims+scope+instructions+for+authors+APC
360,2补-Q1且IF5到10,2,Annals of Intensive Care,ANN INTENSIVE CARE,2110-5820,2110-5820,6.9,6.4,Q1,10/66,Q1,Q1,1.38,85.6,113.0,7709.0,CRITICAL CARE MEDICINE,CRITICAL CARE MEDICINE(JIF Q1/JCI Q1),ELSEVIER,Elsevier,是,SCIE,混合为主,"订阅路线通常无APC；Gold OA常见 USD 2,200-4,200",中,https://www.elsevier.com/open-access/agreements,https://www.google.com/search?q=Annals+of+Intensive+Care+aims+scope+instructions+for+authors+APC
361,2补-Q1且IF5到10,2,THYROID,THYROID,1050-7256,1557-9077,6.6,6.5,Q1,28/198,Q1,Q1,1.5,86.1,113.0,16685.0,ENDOCRINOLOGY & METABOLISM,ENDOCRINOLOGY & METABOLISM(JIF Q1/JCI Q1),SAGE PUBLICATIONS INC,SAGE,是,SCIE,混合为主,"订阅路线通常无APC；SAGE Choice常见 USD 2,000-4,000",中,https://us.sagepub.com/en-us/nam/sage-choice,https://www.google.com/search?q=THYROID+aims+scope+instructions+for+authors+APC
362,2补-Q1且IF5到10,2,BIOLOGY OF SPORT,BIOL SPORT,0860-021X,2083-1862,6.4,5.7,Q1,6/136,Q1,Q1,2.24,96.0,113.0,4180.0,SPORT SCIENCES,SPORT SCIENCES(JIF Q1/JCI Q1),TERMEDIA PUBLISHING HOUSE LTD,其他,是,SCIE,需核实,请查期刊官网 Author / Open Access 页面,未知,,https://www.google.com/search?q=BIOLOGY+OF+SPORT+aims+scope+instructions+for+authors+APC
363,2补-Q1且IF5到10,2,Ophthalmology Retina,OPHTHALMOL RETINA,2468-6530,,5.9,5.7,Q1,9/98,Q1,Q1,2.57,91.3,113.0,5010.0,OPHTHALMOLOGY,OPHTHALMOLOGY(JIF Q1/JCI Q1),ELSEVIER INC,Elsevier,否,ESCI,混合为主,"订阅路线通常无APC；Gold OA常见 USD 2,200-4,200",中,https://www.elsevier.com/open-access/agreements,https://www.google.com/search?q=Ophthalmology+Retina+aims+scope+instructions+for+authors+APC
364,2补-Q1且IF5到10,2,Journal of the Academy of Nutrition and Dietetics,J ACAD NUTR DIET,2212-2672,2212-2680,5.2,5.0,Q1,25/114,Q2,Q2,0.81,78.5,113.0,8908.0,NUTRITION & DIETETICS,NUTRITION & DIETETICS(JIF Q1/JCI Q2),ELSEVIER SCIENCE INC,Elsevier,是,SCIE,混合为主,"订阅路线通常无APC；Gold OA常见 USD 2,200-4,200",中,https://www.elsevier.com/open-access/agreements,https://www.google.com/search?q=Journal+of+the+Academy+of+Nutrition+and+Dietetics+aims+scope+instructions+for+authors+APC
365,2补-Q1且IF5到10,2,Regenerative Biomaterials,REGEN BIOMATER,2056-3418,2056-3426,8.7,8.1,Q1,11/58,Q1,Q1,1.16,81.9,112.0,5337.0,"MATERIALS SCIENCE, BIOMATERIALS","MATERIALS SCIENCE, BIOMATERIALS(JIF Q1/JCI Q1)",OXFORD UNIV PRESS,Oxford UP,是,SCIE,混合为主,订阅路线通常无APC；可选OA，费用因刊而异,中,https://academic.oup.com/pages/open-research/open-access,https://www.google.com/search?q=Regenerative+Biomaterials+aims+scope+instructions+for+authors+APC
366,2补-Q1且IF5到10,2,JMIR Mental Health,JMIR MENT HEALTH,2368-7959,2368-7959,7.4,7.4,Q1,20/293,Q1,Q1,1.68,93.3,111.0,7638.0,PSYCHIATRY,PSYCHIATRY(JIF Q1/JCI Q1),"JMIR PUBLICATIONS, INC",其他,是,SCIE,需核实,请查期刊官网 Author / Open Access 页面,未知,,https://www.google.com/search?q=JMIR+Mental+Health+aims+scope+instructions+for+authors+APC
367,2补-Q1且IF5到10,2,JAMA Otolaryngology-Head & Neck Surgery,JAMA OTOLARYNGOL,2168-6181,2168-619X,7.0,7.3,Q1,1/67,Q1,Q1,2.94,99.3,111.0,8391.0,OTORHINOLARYNGOLOGY; SURGERY,OTORHINOLARYNGOLOGY(JIF Q1/JCI Q1) | SURGERY(JIF Q1/JCI Q1),AMER MEDICAL ASSOC,其他,是,SCIE,需核实,请查期刊官网 Author / Open Access 页面,未知,,https://www.google.com/search?q=JAMA+Otolaryngology-Head+&+Neck+Surgery+aims+scope+instructions+for+authors+APC
368,2补-Q1且IF5到10,2,OncoImmunology,ONCOIMMUNOLOGY,2162-402X,2162-402X,6.2,6.5,Q1,60/333,Q1,Q1,1.39,82.1,111.0,15185.0,IMMUNOLOGY; ONCOLOGY,IMMUNOLOGY(JIF Q1/JCI Q1) | ONCOLOGY(JIF Q1/JCI Q1),TAYLOR & FRANCIS INC,Taylor & Francis,是,SCIE,混合为主,"订阅路线通常无APC；Open Select常见 USD 2,500-3,500",中,https://authorservices.taylorandfrancis.com/publishing-open-access/,https://www.google.com/search?q=OncoImmunology+aims+scope+instructions+for+authors+APC
369,2补-Q1且IF5到10,2,Travel Medicine and Infectious Disease,TRAVEL MED INFECT DI,1477-8939,1873-0442,5.6,4.4,Q1,40/443,Q1,Q1,1.23,91.1,110.0,3506.0,"INFECTIOUS DISEASES; PUBLIC, ENVIRONMENTAL & OCCUPATIONAL HEALTH","INFECTIOUS DISEASES(JIF Q1/JCI Q1) | PUBLIC, ENVIRONMENTAL & OCCUPATIONAL HEALTH(JIF Q1/JCI Q1)",ELSEVIER SCI LTD,Elsevier,是,SCIE,混合为主,"订阅路线通常无APC；Gold OA常见 USD 2,200-4,200",中,https://www.elsevier.com/open-access/agreements,https://www.google.com/search?q=Travel+Medicine+and+Infectious+Disease+aims+scope+instructions+for+authors+APC
370,2补-Q1且IF5到10,2,Chemical & Biomedical Imaging,CHEM BIOMED IMAGING,2832-3637,2832-3637,6.7,6.7,Q1,15/110,Q1,Q1,1.0,81.9,109.0,1221.0,"ENGINEERING, BIOMEDICAL","ENGINEERING, BIOMEDICAL(JIF Q1/JCI Q1)",AMER CHEMICAL SOC,其他,否,ESCI,需核实,请查期刊官网 Author / Open Access 页面,未知,,https://www.google.com/search?q=Chemical+&+Biomedical+Imaging+aims+scope+instructions+for+authors+APC
371,2补-Q1且IF5到10,2,European Stroke Journal,EUR STROKE J,2396-9873,2396-9881,5.2,5.7,Q1,36/296,Q1,Q1,1.25,88.0,109.0,3511.0,CLINICAL NEUROLOGY; PERIPHERAL VASCULAR DISEASE,CLINICAL NEUROLOGY(JIF Q1/JCI Q1) | PERIPHERAL VASCULAR DISEASE(JIF Q1/JCI Q1),OXFORD UNIV PRESS,Oxford UP,是,SCIE,混合为主,订阅路线通常无APC；可选OA，费用因刊而异,中,https://academic.oup.com/pages/open-research/open-access,https://www.google.com/search?q=European+Stroke+Journal+aims+scope+instructions+for+authors+APC
372,2补-Q1且IF5到10,2,Journal of Orthopaedic Translation,J ORTHOP TRANSL,2214-031X,2214-031X,9.8,8.9,Q1,1/147,Q1,Q1,3.75,99.7,108.0,6071.0,ORTHOPEDICS,ORTHOPEDICS(JIF Q1/JCI Q1),ELSEVIER,Elsevier,是,SCIE,混合为主,"订阅路线通常无APC；Gold OA常见 USD 2,200-4,200",中,https://www.elsevier.com/open-access/agreements,https://www.google.com/search?q=Journal+of+Orthopaedic+Translation+aims+scope+instructions+for+authors+APC
373,2补-Q1且IF5到10,2,mAbs,MABS-AUSTIN,1942-0862,1942-0870,7.9,6.2,Q1,25/191,Q1,Q1,1.62,87.2,108.0,7267.0,"MEDICINE, RESEARCH & EXPERIMENTAL","MEDICINE, RESEARCH & EXPERIMENTAL(JIF Q1/JCI Q1)",TAYLOR & FRANCIS INC,Taylor & Francis,是,SCIE,混合为主,"订阅路线通常无APC；Open Select常见 USD 2,500-3,500",中,https://authorservices.taylorandfrancis.com/publishing-open-access/,https://www.google.com/search?q=mAbs+aims+scope+instructions+for+authors+APC
374,2补-Q1且IF5到10,2,CLINICAL ORAL IMPLANTS RESEARCH,CLIN ORAL IMPLAN RES,0905-7161,1600-0501,5.9,6.1,Q1,9/165,Q1,Q1,1.41,94.8,107.0,16256.0,"DENTISTRY, ORAL SURGERY & MEDICINE; ENGINEERING, BIOMEDICAL","DENTISTRY, ORAL SURGERY & MEDICINE(JIF Q1/JCI Q1) | ENGINEERING, BIOMEDICAL(JIF Q1/JCI Q1)",WILEY,Wiley,是,SCIE,混合为主,"订阅路线通常无APC；OnlineOpen常见 USD 3,200-4,700",中,https://authorservices.wiley.com/author-resources/Journal-Authors/open-access/article-publication-charges.html,https://www.google.com/search?q=CLINICAL+ORAL+IMPLANTS+RESEARCH+aims+scope+instructions+for+authors+APC
375,2补-Q1且IF5到10,2,JOURNAL OF PATHOLOGY,J PATHOL,0022-3417,1096-9896,5.4,6.5,Q1,6/89,Q1,Q1,1.6,93.8,107.0,16590.0,ONCOLOGY; PATHOLOGY,ONCOLOGY(JIF Q1/JCI Q1) | PATHOLOGY(JIF Q1/JCI Q1),WILEY,Wiley,是,SCIE,混合为主,"订阅路线通常无APC；OnlineOpen常见 USD 3,200-4,700",中,https://authorservices.wiley.com/author-resources/Journal-Authors/open-access/article-publication-charges.html,https://www.google.com/search?q=JOURNAL+OF+PATHOLOGY+aims+scope+instructions+for+authors+APC
376,2补-Q1且IF5到10,2,JOURNAL OF PSYCHOPHARMACOLOGY,J PSYCHOPHARMACOL,0269-8811,1461-7285,5.3,5.5,Q1,34/296,Q1,Q1,1.41,88.7,107.0,10348.0,CLINICAL NEUROLOGY; NEUROSCIENCES; PHARMACOLOGY & PHARMACY; PSYCHIATRY,CLINICAL NEUROLOGY(JIF Q1/JCI Q1) | NEUROSCIENCES(JIF Q1/JCI Q1) | PHARMACOLOGY & PHARMACY(JIF Q1/JCI Q1) | PSYCHIATRY(JIF Q1/JCI Q1),SAGE PUBLICATIONS LTD,SAGE,是,SCIE,混合为主,"订阅路线通常无APC；SAGE Choice常见 USD 2,000-4,000",中,https://us.sagepub.com/en-us/nam/sage-choice,https://www.google.com/search?q=JOURNAL+OF+PSYCHOPHARMACOLOGY+aims+scope+instructions+for+authors+APC
377,2补-Q1且IF5到10,2,JOURNAL OF GASTROENTEROLOGY,J GASTROENTEROL,0944-1174,1435-5922,5.7,6.7,Q1,29/153,Q1,Q1,1.2,81.4,106.0,9063.0,GASTROENTEROLOGY & HEPATOLOGY,GASTROENTEROLOGY & HEPATOLOGY(JIF Q1/JCI Q1),SPRINGER JAPAN KK,Springer,是,SCIE,混合为主,"订阅路线通常无APC；选OA约 USD 2,790-4,290",中,https://www.springer.com/gp/open-access,https://www.google.com/search?q=JOURNAL+OF+GASTROENTEROLOGY+aims+scope+instructions+for+authors+APC
378,2补-Q1且IF5到10,2,JOURNAL OF UROLOGY,J UROLOGY,0022-5347,1527-3792,9.7,7.4,Q1,5/134,Q1,Q1,3.08,96.6,104.0,40836.0,UROLOGY & NEPHROLOGY,UROLOGY & NEPHROLOGY(JIF Q1/JCI Q1),LIPPINCOTT WILLIAMS & WILKINS,Wolters Kluwer/LWW,是,SCIE,混合为主,"订阅路线通常无APC；OA常见 USD 2,000-4,000；MEDICINE已拉黑",中,https://wkauthorservices.editage.com/open-access/,https://www.google.com/search?q=JOURNAL+OF+UROLOGY+aims+scope+instructions+for+authors+APC
379,2补-Q1且IF5到10,2,Mucosal Immunology,MUCOSAL IMMUNOL,1933-0219,1935-3456,5.5,8.3,Q1,45/183,Q1,Q1,1.33,75.7,104.0,11384.0,IMMUNOLOGY,IMMUNOLOGY(JIF Q1/JCI Q1),ELSEVIER SCIENCE INC,Elsevier,是,SCIE,混合为主,"订阅路线通常无APC；Gold OA常见 USD 2,200-4,200",中,https://www.elsevier.com/open-access/agreements,https://www.google.com/search?q=Mucosal+Immunology+aims+scope+instructions+for+authors+APC
380,2补-Q1且IF5到10,2,Neurology-Neuroimmunology & Neuroinflammation,NEUROL-NEUROIMMUNOL,2332-7812,2332-7812,8.0,8.0,Q1,17/296,Q1,Q1,2.28,94.4,103.0,7069.0,CLINICAL NEUROLOGY; NEUROSCIENCES,CLINICAL NEUROLOGY(JIF Q1/JCI Q1) | NEUROSCIENCES(JIF Q1/JCI Q1),LIPPINCOTT WILLIAMS & WILKINS,Wolters Kluwer/LWW,是,SCIE,混合为主,"订阅路线通常无APC；OA常见 USD 2,000-4,000；MEDICINE已拉黑",中,https://wkauthorservices.editage.com/open-access/,https://www.google.com/search?q=Neurology-Neuroimmunology+&+Neuroinflammation+aims+scope+instructions+for+authors+APC
381,2补-Q1且IF5到10,2,Cell Systems,CELL SYST,2405-4712,2405-4720,7.5,9.2,Q1,45/328,Q1,Q1,1.27,86.4,103.0,12040.0,BIOCHEMISTRY & MOLECULAR BIOLOGY; CELL BIOLOGY,BIOCHEMISTRY & MOLECULAR BIOLOGY(JIF Q1/JCI Q1) | CELL BIOLOGY(JIF Q1/JCI Q1),CELL PRESS,其他,是,SCIE,需核实,请查期刊官网 Author / Open Access 页面,未知,,https://www.google.com/search?q=Cell+Systems+aims+scope+instructions+for+authors+APC
382,2补-Q1且IF5到10,2,JACC-Basic to Translational Science,JACC-BASIC TRANSL SC,2452-302X,2452-302X,8.4,8.7,Q1,25/237,Q1,Q1,1.88,89.7,102.0,5274.0,CARDIAC & CARDIOVASCULAR SYSTEMS,CARDIAC & CARDIOVASCULAR SYSTEMS(JIF Q1/JCI Q1),ELSEVIER SCIENCE INC,Elsevier,是,SCIE,混合为主,"订阅路线通常无APC；Gold OA常见 USD 2,200-4,200",中,https://www.elsevier.com/open-access/agreements,https://www.google.com/search?q=JACC-Basic+to+Translational+Science+aims+scope+instructions+for+authors+APC
383,2补-Q1且IF5到10,2,Photoacoustics,PHOTOACOUSTICS,2213-5979,2213-5979,6.9,6.5,Q1,6/81,Q1,Q1,1.9,92.4,102.0,4068.0,"ENGINEERING, BIOMEDICAL; RADIOLOGY, NUCLEAR MEDICINE & MEDICAL IMAGING","ENGINEERING, BIOMEDICAL(JIF Q1/JCI Q1) | RADIOLOGY, NUCLEAR MEDICINE & MEDICAL IMAGING(JIF Q1/JCI Q1)",ELSEVIER GMBH,Elsevier,是,SCIE,混合为主,"订阅路线通常无APC；Gold OA常见 USD 2,200-4,200",中,https://www.elsevier.com/open-access/agreements,https://www.google.com/search?q=Photoacoustics+aims+scope+instructions+for+authors+APC
384,2补-Q1且IF5到10,2,AMERICAN JOURNAL OF GERIATRIC PSYCHIATRY,AM J GERIAT PSYCHIAT,1064-7481,1545-7214,5.1,5.4,Q1,3/49,Q1,Q1,1.27,87.2,102.0,9677.0,GERIATRICS & GERONTOLOGY; PSYCHIATRY,GERIATRICS & GERONTOLOGY(JIF Q1/JCI Q1) | PSYCHIATRY(JIF Q1/JCI Q1),ELSEVIER SCIENCE INC,Elsevier,是,"SCIE; SSCI; SCIE, SSCI",混合为主,"订阅路线通常无APC；Gold OA常见 USD 2,200-4,200",中,https://www.elsevier.com/open-access/agreements,https://www.google.com/search?q=AMERICAN+JOURNAL+OF+GERIATRIC+PSYCHIATRY+aims+scope+instructions+for+authors+APC
385,2补-Q1且IF5到10,2,Gastric Cancer,GASTRIC CANCER,1436-3291,1436-3305,6.1,7.4,Q1,25/153,Q1,Q1,1.38,84.0,101.0,8378.0,GASTROENTEROLOGY & HEPATOLOGY; ONCOLOGY,GASTROENTEROLOGY & HEPATOLOGY(JIF Q1/JCI Q1) | ONCOLOGY(JIF Q1/JCI Q1),SPRINGER,Springer,是,SCIE,混合为主,"订阅路线通常无APC；选OA约 USD 2,790-4,290",中,https://www.springer.com/gp/open-access,https://www.google.com/search?q=Gastric+Cancer+aims+scope+instructions+for+authors+APC
386,2补-Q1且IF5到10,2,JOURNAL OF THE EUROPEAN ACADEMY OF DERMATOLOGY AND VENEREOLOGY,J EUR ACAD DERMATOL,0926-9959,1468-3083,9.2,7.8,Q1,5/99,Q1,Q1,2.32,95.5,100.0,22858.0,DERMATOLOGY,DERMATOLOGY(JIF Q1/JCI Q1),WILEY,Wiley,是,SCIE,混合为主,"订阅路线通常无APC；OnlineOpen常见 USD 3,200-4,700",中,https://authorservices.wiley.com/author-resources/Journal-Authors/open-access/article-publication-charges.html,https://www.google.com/search?q=JOURNAL+OF+THE+EUROPEAN+ACADEMY+OF+DERMATOLOGY+AND+VENEREOLOGY+aims+scope+instructions+for+authors+APC
387,2补-Q1且IF5到10,2,MEDICAL JOURNAL OF AUSTRALIA,MED J AUSTRALIA,0025-729X,1326-5377,6.8,7.2,Q1,28/336,Q1,Q1,1.44,91.8,100.0,12934.0,"MEDICINE, GENERAL & INTERNAL","MEDICINE, GENERAL & INTERNAL(JIF Q1/JCI Q1)",WILEY,Wiley,是,SCIE,混合为主,"订阅路线通常无APC；OnlineOpen常见 USD 3,200-4,700",中,https://authorservices.wiley.com/author-resources/Journal-Authors/open-access/article-publication-charges.html,https://www.google.com/search?q=MEDICAL+JOURNAL+OF+AUSTRALIA+aims+scope+instructions+for+authors+APC
388,2补-Q1且IF5到10,2,Journal of Oral Microbiology,J ORAL MICROBIOL,,2000-2297,6.7,5.8,Q1,23/167,Q1,Q1,1.11,86.5,100.0,2992.0,MICROBIOLOGY,MICROBIOLOGY(JIF Q1/JCI Q1),TAYLOR & FRANCIS LTD,Taylor & Francis,是,SCIE,混合为主,"订阅路线通常无APC；Open Select常见 USD 2,500-3,500",中,https://authorservices.taylorandfrancis.com/publishing-open-access/,https://www.google.com/search?q=Journal+of+Oral+Microbiology+aims+scope+instructions+for+authors+APC
389,2补-Q1且IF5到10,2,JOURNAL OF NEUROLOGY NEUROSURGERY AND PSYCHIATRY,J NEUROL NEUROSUR PS,0022-3050,1468-330X,7.7,9.5,Q1,9/321,Q1,Q1,2.44,97.4,98.0,32201.0,CLINICAL NEUROLOGY; PSYCHIATRY; SURGERY,CLINICAL NEUROLOGY(JIF Q1/JCI Q1) | PSYCHIATRY(JIF Q1/JCI Q1) | SURGERY(JIF Q1/JCI Q1),BMJ PUBLISHING GROUP,BMJ,是,SCIE,混合/全OA,"BMJ Open约GBP 2,175；旗舰刊更高",高,https://authors.bmj.com/open-access/,https://www.google.com/search?q=JOURNAL+OF+NEUROLOGY+NEUROSURGERY+AND+PSYCHIATRY+aims+scope+instructions+for+authors+APC
390,2补-Q1且IF5到10,2,BMJ Health & Care Informatics,BMJ HEALTH CARE INFO,,2632-1009,6.2,5.8,Q1,17/194,Q1,Q1,1.09,91.5,96.0,1626.0,HEALTH CARE SCIENCES & SERVICES; MEDICAL INFORMATICS,HEALTH CARE SCIENCES & SERVICES(JIF Q1/JCI Q1) | MEDICAL INFORMATICS(JIF Q1/JCI Q2),BMJ PUBLISHING GROUP,BMJ,否,ESCI,混合/全OA,"BMJ Open约GBP 2,175；旗舰刊更高",高,https://authors.bmj.com/open-access/,https://www.google.com/search?q=BMJ+Health+&+Care+Informatics+aims+scope+instructions+for+authors+APC
391,2补-Q1且IF5到10,2,Gut Pathogens,GUT PATHOG,1757-4749,1757-4749,5.0,4.9,Q1,33/153,Q1,Q1,1.03,78.8,90.0,3057.0,GASTROENTEROLOGY & HEPATOLOGY; MICROBIOLOGY,GASTROENTEROLOGY & HEPATOLOGY(JIF Q1/JCI Q1) | MICROBIOLOGY(JIF Q2/JCI Q2),BMC,BMC,是,SCIE,全OA,"约 USD 1,990-2,890（旗舰刊更高）",高,https://www.biomedcentral.com/getpublished/article-processing-charges,https://www.google.com/search?q=Gut+Pathogens+aims+scope+instructions+for+authors+APC
392,2补-Q1且IF5到10,2,Journal of Ethnobiology and Ethnomedicine,J ETHNOBIOL ETHNOMED,,1746-4269,5.1,4.9,Q1,10/77,Q1,Q1,1.23,81.9,88.0,5368.0,PHARMACOLOGY & PHARMACY,PHARMACOLOGY & PHARMACY(JIF Q1/JCI Q1),BMC,BMC,是,SCIE,全OA,"约 USD 1,990-2,890（旗舰刊更高）",高,https://www.biomedcentral.com/getpublished/article-processing-charges,https://www.google.com/search?q=Journal+of+Ethnobiology+and+Ethnomedicine+aims+scope+instructions+for+authors+APC
393,2补-Q1且IF5到10,2,Environmental Health,ENVIRON HEALTH-GLOB,,1476-069X,7.3,7.2,Q1,24/443,Q1,Q1,1.48,94.7,85.0,9905.0,"PUBLIC, ENVIRONMENTAL & OCCUPATIONAL HEALTH","PUBLIC, ENVIRONMENTAL & OCCUPATIONAL HEALTH(JIF Q1/JCI Q1)",BMC,BMC,是,SCIE,全OA,"约 USD 1,990-2,890（旗舰刊更高）",高,https://www.biomedcentral.com/getpublished/article-processing-charges,https://www.google.com/search?q=Environmental+Health+aims+scope+instructions+for+authors+APC
394,2补-Q1且IF5到10,2,BioData Mining,BIODATA MIN,1756-0381,1756-0381,7.9,6.5,Q1,4/67,Q1,Q1,1.22,94.8,84.0,2020.0,MATHEMATICAL & COMPUTATIONAL BIOLOGY,MATHEMATICAL & COMPUTATIONAL BIOLOGY(JIF Q1/JCI Q1),BMC,BMC,是,SCIE,全OA,"约 USD 1,990-2,890（旗舰刊更高）",高,https://www.biomedcentral.com/getpublished/article-processing-charges,https://www.google.com/search?q=BioData+Mining+aims+scope+instructions+for+authors+APC
395,2补-Q1且IF5到10,2,Conflict and Health,CONFL HEALTH,1752-1505,1752-1505,6.4,5.6,Q1,28/443,Q1,Q1,1.38,93.8,82.0,2984.0,"PUBLIC, ENVIRONMENTAL & OCCUPATIONAL HEALTH","PUBLIC, ENVIRONMENTAL & OCCUPATIONAL HEALTH(JIF Q1/JCI Q1)",BMC,BMC,是,"SCIE, SSCI",全OA,"约 USD 1,990-2,890（旗舰刊更高）",高,https://www.biomedcentral.com/getpublished/article-processing-charges,https://www.google.com/search?q=Conflict+and+Health+aims+scope+instructions+for+authors+APC
396,2补-Q1且IF5到10,1,JOURNAL OF CARDIAC FAILURE,J CARD FAIL,1071-9164,1532-8414,9.9,7.6,Q1,19/237,Q1,Q1,1.6,92.2,98.0,8578.0,CARDIAC & CARDIOVASCULAR SYSTEMS,CARDIAC & CARDIOVASCULAR SYSTEMS(JIF Q1/JCI Q1),CHURCHILL LIVINGSTONE INC MEDICAL PUBLISHERS,Elsevier,是,SCIE,混合为主,"订阅路线通常无APC；Gold OA常见 USD 2,200-4,200",中,https://www.elsevier.com/open-access/agreements,https://www.google.com/search?q=JOURNAL+OF+CARDIAC+FAILURE+aims+scope+instructions+for+authors+APC
397,2补-Q1且IF5到10,1,European Heart Journal-Quality of Care and Clinical Outcomes,EUR HEART J-QUAL CAR,2058-5225,2058-1742,5.6,5.2,Q1,44/237,Q1,Q1,1.26,81.6,98.0,2725.0,CARDIAC & CARDIOVASCULAR SYSTEMS,CARDIAC & CARDIOVASCULAR SYSTEMS(JIF Q1/JCI Q1),OXFORD UNIV PRESS,Oxford UP,是,SCIE,混合为主,订阅路线通常无APC；可选OA，费用因刊而异,中,https://academic.oup.com/pages/open-research/open-access,https://www.google.com/search?q=European+Heart+Journal-Quality+of+Care+and+Clinical+Outcomes+aims+scope+instructions+for+authors+APC
398,2补-Q1且IF5到10,1,JOURNAL OF AUTOIMMUNITY,J AUTOIMMUN,0896-8411,1095-9157,6.8,7.8,Q1,31/183,Q1,Q1,1.59,83.3,97.0,10950.0,IMMUNOLOGY,IMMUNOLOGY(JIF Q1/JCI Q1),ACADEMIC PRESS LTD- ELSEVIER SCIENCE LTD,Elsevier,是,SCIE,混合为主,"订阅路线通常无APC；Gold OA常见 USD 2,200-4,200",中,https://www.elsevier.com/open-access/agreements,https://www.google.com/search?q=JOURNAL+OF+AUTOIMMUNITY+aims+scope+instructions+for+authors+APC
399,2补-Q1且IF5到10,1,MAYO CLINIC PROCEEDINGS,MAYO CLIN PROC,0025-6196,1942-5546,6.5,7.5,Q1,29/336,Q1,Q1,1.66,91.5,97.0,21169.0,"MEDICINE, GENERAL & INTERNAL","MEDICINE, GENERAL & INTERNAL(JIF Q1/JCI Q1)",ELSEVIER SCIENCE INC,Elsevier,是,SCIE,混合为主,"订阅路线通常无APC；Gold OA常见 USD 2,200-4,200",中,https://www.elsevier.com/open-access/agreements,https://www.google.com/search?q=MAYO+CLINIC+PROCEEDINGS+aims+scope+instructions+for+authors+APC
400,2补-Q1且IF5到10,1,Global Heart,GLOB HEART,2211-8160,2211-8179,5.7,4.9,Q1,42/237,Q1,Q1,1.13,82.5,97.0,2848.0,CARDIAC & CARDIOVASCULAR SYSTEMS,CARDIAC & CARDIOVASCULAR SYSTEMS(JIF Q1/JCI Q1),UBIQUITY PRESS LTD,其他,是,SCIE,需核实,请查期刊官网 Author / Open Access 页面,未知,,https://www.google.com/search?q=Global+Heart+aims+scope+instructions+for+authors+APC
401,2补-Q1且IF5到10,1,Osteoarthritis and Cartilage,OSTEOARTHR CARTILAGE,1063-4584,1522-9653,9.2,9.8,Q1,3/147,Q1,Q1,2.8,98.3,96.0,23892.0,ORTHOPEDICS; RHEUMATOLOGY,ORTHOPEDICS(JIF Q1/JCI Q1) | RHEUMATOLOGY(JIF Q1/JCI Q1),ELSEVIER SCI LTD,Elsevier,是,SCIE,混合为主,"订阅路线通常无APC；Gold OA常见 USD 2,200-4,200",中,https://www.elsevier.com/open-access/agreements,https://www.google.com/search?q=Osteoarthritis+and+Cartilage+aims+scope+instructions+for+authors+APC
402,2补-Q1且IF5到10,1,CANCER GENE THERAPY,CANCER GENE THER,0929-1903,1476-5500,6.4,5.9,Q1,21/192,Q1,Q1,1.11,89.3,96.0,5943.0,"BIOTECHNOLOGY & APPLIED MICROBIOLOGY; GENETICS & HEREDITY; MEDICINE, RESEARCH & EXPERIMENTAL; ONCOLOGY","BIOTECHNOLOGY & APPLIED MICROBIOLOGY(JIF Q1/JCI Q1) | GENETICS & HEREDITY(JIF Q1/JCI Q1) | MEDICINE, RESEARCH & EXPERIMENTAL(JIF Q1/JCI Q1) | ONCOLOGY(JIF Q1/JCI Q1)",SPRINGERNATURE,Springer Nature,是,SCIE,混合/全OA,"全OA约 USD 2,090-3,490；Nature系更高；Scientific Reports已拉黑",中高,https://www.springernature.com/gp/open-research/journals-books/journals,https://www.google.com/search?q=CANCER+GENE+THERAPY+aims+scope+instructions+for+authors+APC
403,2补-Q1且IF5到10,1,New Biotechnology,NEW BIOTECHNOL,1871-6784,1876-4347,5.6,5.3,Q1,10/85,Q1,Q1,1.22,79.2,96.0,4728.0,BIOTECHNOLOGY & APPLIED MICROBIOLOGY,BIOTECHNOLOGY & APPLIED MICROBIOLOGY(JIF Q1/JCI Q1),ELSEVIER,Elsevier,是,SCIE,混合为主,"订阅路线通常无APC；Gold OA常见 USD 2,200-4,200",中,https://www.elsevier.com/open-access/agreements,https://www.google.com/search?q=New+Biotechnology+aims+scope+instructions+for+authors+APC
404,2补-Q1且IF5到10,1,Intensive and Critical Care Nursing,INTENS CRIT CARE NUR,0964-3397,1532-4036,5.1,5.2,Q1,7/194,Q1,Q1,1.61,96.6,96.0,4845.0,CRITICAL CARE MEDICINE; NURSING,CRITICAL CARE MEDICINE(JIF Q1/JCI Q1) | NURSING(JIF Q1/JCI Q1),ELSEVIER SCI LTD,Elsevier,是,"SCIE; SCIE, SSCI",混合为主,"订阅路线通常无APC；Gold OA常见 USD 2,200-4,200",中,https://www.elsevier.com/open-access/agreements,https://www.google.com/search?q=Intensive+and+Critical+Care+Nursing+aims+scope+instructions+for+authors+APC
405,2补-Q1且IF5到10,1,AMERICAN JOURNAL OF CHINESE MEDICINE,AM J CHINESE MED,0192-415X,1793-6853,7.8,6.9,Q1,2/48,Q1,Q1,1.67,96.9,95.0,6797.0,"INTEGRATIVE & COMPLEMENTARY MEDICINE; MEDICINE, GENERAL & INTERNAL","INTEGRATIVE & COMPLEMENTARY MEDICINE(JIF Q1/JCI Q1) | MEDICINE, GENERAL & INTERNAL(JIF Q1/JCI Q1)",WORLD SCIENTIFIC PUBL CO PTE LTD,其他,是,SCIE,需核实,请查期刊官网 Author / Open Access 页面,未知,,https://www.google.com/search?q=AMERICAN+JOURNAL+OF+CHINESE+MEDICINE+aims+scope+instructions+for+authors+APC
406,2补-Q1且IF5到10,1,Chinese Journal of Natural Medicines,CHIN J NAT MEDICINES,2095-6975,1875-5364,7.5,5.7,Q1,3/48,Q1,Q1,1.39,94.8,95.0,5085.0,INTEGRATIVE & COMPLEMENTARY MEDICINE; PHARMACOLOGY & PHARMACY,INTEGRATIVE & COMPLEMENTARY MEDICINE(JIF Q1/JCI Q1) | PHARMACOLOGY & PHARMACY(JIF Q1/JCI Q1),CHINESE JOURNAL NATURAL MEDICINES,其他,是,SCIE,需核实,请查期刊官网 Author / Open Access 页面,未知,,https://www.google.com/search?q=Chinese+Journal+of+Natural+Medicines+aims+scope+instructions+for+authors+APC
407,2补-Q1且IF5到10,1,ANNALS OF ALLERGY ASTHMA & IMMUNOLOGY,ANN ALLERG ASTHMA IM,1081-1206,1534-4436,7.1,6.0,Q1,5/40,Q1,Q1,1.14,88.8,95.0,11542.0,ALLERGY; IMMUNOLOGY,ALLERGY(JIF Q1/JCI Q1) | IMMUNOLOGY(JIF Q1/JCI Q1),ELSEVIER SCIENCE INC,Elsevier,是,SCIE,混合为主,"订阅路线通常无APC；Gold OA常见 USD 2,200-4,200",中,https://www.elsevier.com/open-access/agreements,https://www.google.com/search?q=ANNALS+OF+ALLERGY+ASTHMA+&+IMMUNOLOGY+aims+scope+instructions+for+authors+APC
408,2补-Q1且IF5到10,1,JACC-Asia,JACC-ASIA,2772-3747,2772-3747,6.1,6.2,Q1,37/237,Q1,Q1,1.36,84.6,95.0,1647.0,CARDIAC & CARDIOVASCULAR SYSTEMS,CARDIAC & CARDIOVASCULAR SYSTEMS(JIF Q1/JCI Q1),ELSEVIER,Elsevier,否,ESCI,混合为主,"订阅路线通常无APC；Gold OA常见 USD 2,200-4,200",中,https://www.elsevier.com/open-access/agreements,https://www.google.com/search?q=JACC-Asia+aims+scope+instructions+for+authors+APC
409,2补-Q1且IF5到10,1,JOURNAL OF NEUROENDOCRINOLOGY,J NEUROENDOCRINOL,0953-8194,1365-2826,5.0,4.1,Q1,67/330,Q2,Q2,0.88,79.8,95.0,6489.0,ENDOCRINOLOGY & METABOLISM; NEUROSCIENCES,ENDOCRINOLOGY & METABOLISM(JIF Q1/JCI Q2) | NEUROSCIENCES(JIF Q1/JCI Q2),WILEY,Wiley,是,SCIE,混合为主,"订阅路线通常无APC；OnlineOpen常见 USD 3,200-4,700",中,https://authorservices.wiley.com/author-resources/Journal-Authors/open-access/article-publication-charges.html,https://www.google.com/search?q=JOURNAL+OF+NEUROENDOCRINOLOGY+aims+scope+instructions+for+authors+APC
410,2补-Q1且IF5到10,1,Polish Heart Journal-Kardiologia Polska,POLISH HEART J,0022-9032,1897-4279,7.4,13.6,Q1,30/237,Q2,Q2,0.64,87.6,94.0,3542.0,CARDIAC & CARDIOVASCULAR SYSTEMS,CARDIAC & CARDIOVASCULAR SYSTEMS(JIF Q1/JCI Q2),POLISH CARDIAC SOC,其他,是,SCIE,需核实,请查期刊官网 Author / Open Access 页面,未知,,https://www.google.com/search?q=Polish+Heart+Journal-Kardiologia+Polska+aims+scope+instructions+for+authors+APC
411,2补-Q1且IF5到10,1,ANAESTHESIA,ANAESTHESIA,0003-2409,1365-2044,7.4,8.4,Q1,5/72,Q1,Q1,2.48,93.8,93.0,14932.0,ANESTHESIOLOGY,ANESTHESIOLOGY(JIF Q1/JCI Q1),WILEY,Wiley,是,SCIE,混合为主,"订阅路线通常无APC；OnlineOpen常见 USD 3,200-4,700",中,https://authorservices.wiley.com/author-resources/Journal-Authors/open-access/article-publication-charges.html,https://www.google.com/search?q=ANAESTHESIA+aims+scope+instructions+for+authors+APC
412,2补-Q1且IF5到10,1,Lancet Regional Health - Southeast Asia,LANCET REG HLTH-SE A,2772-3682,2772-3682,6.4,6.6,Q1,28/443,Q1,Q1,1.81,93.8,93.0,1947.0,"HEALTH CARE SCIENCES & SERVICES; PUBLIC, ENVIRONMENTAL & OCCUPATIONAL HEALTH","HEALTH CARE SCIENCES & SERVICES(JIF Q1/JCI Q1) | PUBLIC, ENVIRONMENTAL & OCCUPATIONAL HEALTH(JIF Q1/JCI Q1)",ELSEVIER,Elsevier,否,ESCI,混合为主,"订阅路线通常无APC；Gold OA常见 USD 2,200-4,200",中,https://www.elsevier.com/open-access/agreements,https://www.google.com/search?q=Lancet+Regional+Health+-+Southeast+Asia+aims+scope+instructions+for+authors+APC
413,2补-Q1且IF5到10,1,JMIR AI,JMIR AI,,2817-1705,6.1,6.0,Q1,21/194,Q1,Q1,1.26,89.4,93.0,789.0,HEALTH CARE SCIENCES & SERVICES; MEDICAL INFORMATICS,HEALTH CARE SCIENCES & SERVICES(JIF Q1/JCI Q1) | MEDICAL INFORMATICS(JIF Q1/JCI Q1),"JMIR PUBLICATIONS, INC",其他,否,ESCI,需核实,请查期刊官网 Author / Open Access 页面,未知,,https://www.google.com/search?q=JMIR+AI+aims+scope+instructions+for+authors+APC
414,2补-Q1且IF5到10,1,Bone & Joint Research,BONE JOINT RES,2046-3758,2046-3758,5.5,5.0,Q1,6/147,Q1,Q1,1.59,96.3,93.0,3431.0,CELL & TISSUE ENGINEERING; ORTHOPEDICS,CELL & TISSUE ENGINEERING(JIF Q2/JCI Q1) | ORTHOPEDICS(JIF Q1/JCI Q1),BRITISH EDITORIAL SOC BONE & JOINT SURGERY,其他,是,SCIE,需核实,请查期刊官网 Author / Open Access 页面,未知,,https://www.google.com/search?q=Bone+&+Joint+Research+aims+scope+instructions+for+authors+APC
415,2补-Q1且IF5到10,1,Anaesthesia Critical Care & Pain Medicine,ANAESTH CRIT CARE PA,2352-5568,2352-5568,5.4,4.6,Q1,8/72,Q1,Q1,1.29,89.6,93.0,2498.0,ANESTHESIOLOGY; CRITICAL CARE MEDICINE,ANESTHESIOLOGY(JIF Q1/JCI Q1) | CRITICAL CARE MEDICINE(JIF Q1/JCI Q1),ELSEVIER FRANCE-EDITIONS SCIENTIFIQUES MEDICALES ELSEVIER,Elsevier,是,SCIE,混合为主,"订阅路线通常无APC；Gold OA常见 USD 2,200-4,200",中,https://www.elsevier.com/open-access/agreements,https://www.google.com/search?q=Anaesthesia+Critical+Care+&+Pain+Medicine+aims+scope+instructions+for+authors+APC
416,2补-Q1且IF5到10,1,JOURNAL OF ENZYME INHIBITION AND MEDICINAL CHEMISTRY,J ENZYM INHIB MED CH,1475-6366,1475-6374,5.3,4.8,Q1,79/328,Q1,Q1,1.25,76.1,93.0,9047.0,"BIOCHEMISTRY & MOLECULAR BIOLOGY; CHEMISTRY, MEDICINAL","BIOCHEMISTRY & MOLECULAR BIOLOGY(JIF Q1/JCI Q1) | CHEMISTRY, MEDICINAL(JIF Q2/JCI Q1)",TAYLOR & FRANCIS LTD,Taylor & Francis,是,SCIE,混合为主,"订阅路线通常无APC；Open Select常见 USD 2,500-3,500",中,https://authorservices.taylorandfrancis.com/publishing-open-access/,https://www.google.com/search?q=JOURNAL+OF+ENZYME+INHIBITION+AND+MEDICINAL+CHEMISTRY+aims+scope+instructions+for+authors+APC
417,2补-Q1且IF5到10,1,INVESTIGATIVE RADIOLOGY,INVEST RADIOL,0020-9996,1536-0210,7.9,6.6,Q1,11/217,Q1,Q1,2.35,95.2,92.0,7265.0,"RADIOLOGY, NUCLEAR MEDICINE & MEDICAL IMAGING","RADIOLOGY, NUCLEAR MEDICINE & MEDICAL IMAGING(JIF Q1/JCI Q1)",LIPPINCOTT WILLIAMS & WILKINS,Wolters Kluwer/LWW,是,SCIE,混合为主,"订阅路线通常无APC；OA常见 USD 2,000-4,000；MEDICINE已拉黑",中,https://wkauthorservices.editage.com/open-access/,https://www.google.com/search?q=INVESTIGATIVE+RADIOLOGY+aims+scope+instructions+for+authors+APC
418,2补-Q1且IF5到10,1,EUROPEAN JOURNAL OF ANAESTHESIOLOGY,EUR J ANAESTH,0265-0215,1365-2346,7.8,5.8,Q1,3/72,Q1,Q1,2.44,96.5,91.0,7011.0,ANESTHESIOLOGY,ANESTHESIOLOGY(JIF Q1/JCI Q1),LIPPINCOTT WILLIAMS & WILKINS,Wolters Kluwer/LWW,是,SCIE,混合为主,"订阅路线通常无APC；OA常见 USD 2,000-4,000；MEDICINE已拉黑",中,https://wkauthorservices.editage.com/open-access/,https://www.google.com/search?q=EUROPEAN+JOURNAL+OF+ANAESTHESIOLOGY+aims+scope+instructions+for+authors+APC
419,2补-Q1且IF5到10,1,Science Signaling,SCI SIGNAL,1945-0877,1937-9145,7.0,7.6,Q1,48/328,Q1,Q1,1.23,85.5,90.0,14775.0,BIOCHEMISTRY & MOLECULAR BIOLOGY; CELL BIOLOGY,BIOCHEMISTRY & MOLECULAR BIOLOGY(JIF Q1/JCI Q1) | CELL BIOLOGY(JIF Q1/JCI Q1),AMER ASSOC ADVANCEMENT SCIENCE,其他,是,SCIE,需核实,请查期刊官网 Author / Open Access 页面,未知,,https://www.google.com/search?q=Science+Signaling+aims+scope+instructions+for+authors+APC
420,2补-Q1且IF5到10,1,Journal of Behavioral Addictions,J BEHAV ADDICT,2062-5871,2063-5303,6.3,8.3,Q1,25/293,Q1,Q1,1.72,91.6,90.0,7222.0,PSYCHIATRY,PSYCHIATRY(JIF Q1/JCI Q1),AKADEMIAI KIADO ZRT,其他,是,"SCIE, SSCI",需核实,请查期刊官网 Author / Open Access 页面,未知,,https://www.google.com/search?q=Journal+of+Behavioral+Addictions+aims+scope+instructions+for+authors+APC
421,2补-Q1且IF5到10,1,Bioengineering & Translational Medicine,BIOENG TRANSL MED,,2380-6761,6.2,7.6,Q1,28/130,Q1,Q1,1.09,78.8,90.0,5075.0,"ENGINEERING, BIOMEDICAL","ENGINEERING, BIOMEDICAL(JIF Q1/JCI Q1)",WILEY,Wiley,是,SCIE,混合为主,"订阅路线通常无APC；OnlineOpen常见 USD 3,200-4,700",中,https://authorservices.wiley.com/author-resources/Journal-Authors/open-access/article-publication-charges.html,https://www.google.com/search?q=Bioengineering+&+Translational+Medicine+aims+scope+instructions+for+authors+APC
422,2补-Q1且IF5到10,1,Journal of Neuroimmune Pharmacology,J NEUROIMMUNE PHARM,1557-1890,1557-1904,6.1,5.7,Q1,43/356,Q1,Q1,1.3,88.1,90.0,3663.0,NEUROSCIENCES; PHARMACOLOGY & PHARMACY,NEUROSCIENCES(JIF Q1/JCI Q1) | PHARMACOLOGY & PHARMACY(JIF Q1/JCI Q1),SPRINGER,Springer,是,SCIE,混合为主,"订阅路线通常无APC；选OA约 USD 2,790-4,290",中,https://www.springer.com/gp/open-access,https://www.google.com/search?q=Journal+of+Neuroimmune+Pharmacology+aims+scope+instructions+for+authors+APC
423,2补-Q1且IF5到10,1,BRITISH JOURNAL OF GENERAL PRACTICE,BRIT J GEN PRACT,0960-1643,1478-5242,5.1,6.0,Q1,2/29,Q1,Q1,2.19,94.8,90.0,10475.0,"MEDICINE, GENERAL & INTERNAL; PRIMARY HEALTH CARE","MEDICINE, GENERAL & INTERNAL(JIF Q1/JCI Q1) | PRIMARY HEALTH CARE(JIF Q1/JCI Q1)",ROYAL COLL GENERAL PRACTITIONERS,其他,是,SCIE,需核实,请查期刊官网 Author / Open Access 页面,未知,,https://www.google.com/search?q=BRITISH+JOURNAL+OF+GENERAL+PRACTICE+aims+scope+instructions+for+authors+APC
424,2补-Q1且IF5到10,1,DRUG SAFETY,DRUG SAFETY,0114-5916,1179-1942,5.9,5.0,Q1,34/443,Q1,Q1,1.32,92.4,89.0,7886.0,"PHARMACOLOGY & PHARMACY; PUBLIC, ENVIRONMENTAL & OCCUPATIONAL HEALTH; TOXICOLOGY","PHARMACOLOGY & PHARMACY(JIF Q1/JCI Q1) | PUBLIC, ENVIRONMENTAL & OCCUPATIONAL HEALTH(JIF Q1/JCI Q1) | TOXICOLOGY(JIF Q1/JCI Q1)",ADIS INT LTD,其他,是,SCIE,需核实,请查期刊官网 Author / Open Access 页面,未知,,https://www.google.com/search?q=DRUG+SAFETY+aims+scope+instructions+for+authors+APC
425,2补-Q1且IF5到10,1,Non-coding RNA Research,NON-CODING RNA RES,2468-2160,2468-0540,5.6,5.2,Q1,72/328,Q2,Q2,0.93,78.2,89.0,1901.0,BIOCHEMISTRY & MOLECULAR BIOLOGY,BIOCHEMISTRY & MOLECULAR BIOLOGY(JIF Q1/JCI Q2),KEAI PUBLISHING LTD,其他,否,ESCI,需核实,请查期刊官网 Author / Open Access 页面,未知,,https://www.google.com/search?q=Non-coding+RNA+Research+aims+scope+instructions+for+authors+APC
426,2补-Q1且IF5到10,1,Biofilm,BIOFILM,2590-2075,2590-2075,6.7,7.0,Q1,23/167,Q1,Q1,1.59,86.5,88.0,1835.0,MICROBIOLOGY,MICROBIOLOGY(JIF Q1/JCI Q1),ELSEVIER,Elsevier,否,ESCI,混合为主,"订阅路线通常无APC；Gold OA常见 USD 2,200-4,200",中,https://www.elsevier.com/open-access/agreements,https://www.google.com/search?q=Biofilm+aims+scope+instructions+for+authors+APC
427,2补-Q1且IF5到10,1,Sports Medicine-Open,SPORTS MED-OPEN,2199-1170,2198-9761,6.2,6.9,Q1,7/136,Q1,Q1,1.59,95.2,88.0,5424.0,SPORT SCIENCES,SPORT SCIENCES(JIF Q1/JCI Q1),SPRINGER,Springer,是,SCIE,混合为主,"订阅路线通常无APC；选OA约 USD 2,790-4,290",中,https://www.springer.com/gp/open-access,https://www.google.com/search?q=Sports+Medicine-Open+aims+scope+instructions+for+authors+APC
428,2补-Q1且IF5到10,1,Cell Chemical Biology,CELL CHEM BIOL,2451-9456,2451-9448,9.0,9.2,Q1,32/328,Q1,Q1,1.57,90.4,87.0,10508.0,BIOCHEMISTRY & MOLECULAR BIOLOGY,BIOCHEMISTRY & MOLECULAR BIOLOGY(JIF Q1/JCI Q1),CELL PRESS,其他,是,SCIE,需核实,请查期刊官网 Author / Open Access 页面,未知,,https://www.google.com/search?q=Cell+Chemical+Biology+aims+scope+instructions+for+authors+APC
429,2补-Q1且IF5到10,1,Circulation-Cardiovascular Interventions,CIRC-CARDIOVASC INTE,1941-7640,1941-7632,7.2,7.2,Q1,31/237,Q1,Q1,1.69,87.1,87.0,7948.0,CARDIAC & CARDIOVASCULAR SYSTEMS,CARDIAC & CARDIOVASCULAR SYSTEMS(JIF Q1/JCI Q1),LIPPINCOTT WILLIAMS & WILKINS,Wolters Kluwer/LWW,是,SCIE,混合为主,"订阅路线通常无APC；OA常见 USD 2,000-4,000；MEDICINE已拉黑",中,https://wkauthorservices.editage.com/open-access/,https://www.google.com/search?q=Circulation-Cardiovascular+Interventions+aims+scope+instructions+for+authors+APC
430,2补-Q1且IF5到10,1,Journal of Genetics and Genomics,J GENET GENOMICS,1673-8527,1873-5533,7.9,7.7,Q1,15/192,Q1,Q1,1.33,92.4,86.0,5807.0,BIOCHEMISTRY & MOLECULAR BIOLOGY; GENETICS & HEREDITY,BIOCHEMISTRY & MOLECULAR BIOLOGY(JIF Q1/JCI Q1) | GENETICS & HEREDITY(JIF Q1/JCI Q1),SCIENCE PRESS,其他,是,SCIE,需核实,请查期刊官网 Author / Open Access 页面,未知,,https://www.google.com/search?q=Journal+of+Genetics+and+Genomics+aims+scope+instructions+for+authors+APC
431,2补-Q1且IF5到10,1,ANNALS OF EMERGENCY MEDICINE,ANN EMERG MED,0196-0644,1097-6760,6.5,6.1,Q1,4/55,Q1,Q1,2.28,93.6,86.0,12936.0,EMERGENCY MEDICINE,EMERGENCY MEDICINE(JIF Q1/JCI Q1),MOSBY-ELSEVIER,Elsevier,是,SCIE,混合为主,"订阅路线通常无APC；Gold OA常见 USD 2,200-4,200",中,https://www.elsevier.com/open-access/agreements,https://www.google.com/search?q=ANNALS+OF+EMERGENCY+MEDICINE+aims+scope+instructions+for+authors+APC
432,2补-Q1且IF5到10,1,GeoHealth,GEOHEALTH,2471-1403,2471-1403,5.0,5.2,Q1,53/443,Q1,Q1,1.04,88.1,86.0,2519.0,"PUBLIC, ENVIRONMENTAL & OCCUPATIONAL HEALTH","PUBLIC, ENVIRONMENTAL & OCCUPATIONAL HEALTH(JIF Q1/JCI Q1)",AMER GEOPHYSICAL UNION,其他,是,SCIE,需核实,请查期刊官网 Author / Open Access 页面,未知,,https://www.google.com/search?q=GeoHealth+aims+scope+instructions+for+authors+APC
433,2补-Q1且IF5到10,1,RESPIROLOGY,RESPIROLOGY,1323-7799,1440-1843,7.2,7.3,Q1,10/107,Q1,Q1,1.65,91.1,85.0,8802.0,RESPIRATORY SYSTEM,RESPIRATORY SYSTEM(JIF Q1/JCI Q1),WILEY,Wiley,是,SCIE,混合为主,"订阅路线通常无APC；OnlineOpen常见 USD 3,200-4,700",中,https://authorservices.wiley.com/author-resources/Journal-Authors/open-access/article-publication-charges.html,https://www.google.com/search?q=RESPIROLOGY+aims+scope+instructions+for+authors+APC
434,2补-Q1且IF5到10,1,VIEW,VIEW-CHINA,2688-3988,2688-268X,8.1,7.9,Q1,13/58,Q2,Q2,0.72,78.4,84.0,2065.0,"MATERIALS SCIENCE, BIOMATERIALS","MATERIALS SCIENCE, BIOMATERIALS(JIF Q1/JCI Q2)",WILEY,Wiley,否,ESCI,混合为主,"订阅路线通常无APC；OnlineOpen常见 USD 3,200-4,700",中,https://authorservices.wiley.com/author-resources/Journal-Authors/open-access/article-publication-charges.html,https://www.google.com/search?q=VIEW+aims+scope+instructions+for+authors+APC
435,2补-Q1且IF5到10,1,Cardiovascular Intervention and Therapeutics,CARDIOVASC INTERV TH,1868-4300,1868-4297,5.5,3.6,Q1,45/237,Q1,Q1,1.16,81.2,84.0,1451.0,CARDIAC & CARDIOVASCULAR SYSTEMS,CARDIAC & CARDIOVASCULAR SYSTEMS(JIF Q1/JCI Q1),SPRINGER JAPAN KK,Springer,否,ESCI,混合为主,"订阅路线通常无APC；选OA约 USD 2,790-4,290",中,https://www.springer.com/gp/open-access,https://www.google.com/search?q=Cardiovascular+Intervention+and+Therapeutics+aims+scope+instructions+for+authors+APC
436,2补-Q1且IF5到10,1,EuroIntervention,EUROINTERVENTION,1774-024X,1969-6213,9.2,8.4,Q1,21/237,Q1,Q1,2.19,91.4,83.0,9470.0,CARDIAC & CARDIOVASCULAR SYSTEMS,CARDIAC & CARDIOVASCULAR SYSTEMS(JIF Q1/JCI Q1),EUROPA EDITION,其他,是,SCIE,需核实,请查期刊官网 Author / Open Access 页面,未知,,https://www.google.com/search?q=EuroIntervention+aims+scope+instructions+for+authors+APC
437,2补-Q1且IF5到10,1,Ocular Surface,OCUL SURF,1542-0124,1937-5913,6.6,6.9,Q1,6/98,Q1,Q1,2.51,94.4,83.0,8028.0,OPHTHALMOLOGY,OPHTHALMOLOGY(JIF Q1/JCI Q1),ELSEVIER,Elsevier,是,SCIE,混合为主,"订阅路线通常无APC；Gold OA常见 USD 2,200-4,200",中,https://www.elsevier.com/open-access/agreements,https://www.google.com/search?q=Ocular+Surface+aims+scope+instructions+for+authors+APC
438,2补-Q1且IF5到10,1,JOURNAL DER DEUTSCHEN DERMATOLOGISCHEN GESELLSCHAFT,J DTSCH DERMATOL GES,1610-0379,1610-0387,5.0,4.8,Q1,10/99,Q1,Q1,1.48,90.4,83.0,4319.0,DERMATOLOGY,DERMATOLOGY(JIF Q1/JCI Q1),WILEY,Wiley,是,SCIE,混合为主,"订阅路线通常无APC；OnlineOpen常见 USD 3,200-4,700",中,https://authorservices.wiley.com/author-resources/Journal-Authors/open-access/article-publication-charges.html,https://www.google.com/search?q=JOURNAL+DER+DEUTSCHEN+DERMATOLOGISCHEN+GESELLSCHAFT+aims+scope+instructions+for+authors+APC
439,2补-Q1且IF5到10,1,Annals of Hepatology,ANN HEPATOL,1665-2681,1665-2681,6.2,4.7,Q1,23/153,Q1,Q1,1.17,85.3,82.0,4653.0,GASTROENTEROLOGY & HEPATOLOGY,GASTROENTEROLOGY & HEPATOLOGY(JIF Q1/JCI Q1),ELSEVIER ESPANA,Elsevier,是,SCIE,混合为主,"订阅路线通常无APC；Gold OA常见 USD 2,200-4,200",中,https://www.elsevier.com/open-access/agreements,https://www.google.com/search?q=Annals+of+Hepatology+aims+scope+instructions+for+authors+APC
440,2补-Q1且IF5到10,1,RSC Pharmaceutics,RSC PHARM,,2976-8713,5.5,5.5,Q1,56/356,Q1,Q1,1.15,84.4,82.0,667.0,PHARMACOLOGY & PHARMACY,PHARMACOLOGY & PHARMACY(JIF Q1/JCI Q1),ROYAL SOC CHEMISTRY,其他,否,ESCI,需核实,请查期刊官网 Author / Open Access 页面,未知,,https://www.google.com/search?q=RSC+Pharmaceutics+aims+scope+instructions+for+authors+APC
441,2补-Q1且IF5到10,1,Circulation-Heart Failure,CIRC-HEART FAIL,1941-3289,1941-3297,8.3,9.8,Q1,26/237,Q1,Q1,2.1,89.2,81.0,11196.0,CARDIAC & CARDIOVASCULAR SYSTEMS,CARDIAC & CARDIOVASCULAR SYSTEMS(JIF Q1/JCI Q1),LIPPINCOTT WILLIAMS & WILKINS,Wolters Kluwer/LWW,是,SCIE,混合为主,"订阅路线通常无APC；OA常见 USD 2,000-4,000；MEDICINE已拉黑",中,https://wkauthorservices.editage.com/open-access/,https://www.google.com/search?q=Circulation-Heart+Failure+aims+scope+instructions+for+authors+APC
442,2补-Q1且IF5到10,1,PSYCHIATRY AND CLINICAL NEUROSCIENCES,PSYCHIAT CLIN NEUROS,1323-1316,1440-1819,5.9,6.8,Q1,28/296,Q1,Q1,1.25,90.7,81.0,6027.0,CLINICAL NEUROLOGY; NEUROSCIENCES; PSYCHIATRY,CLINICAL NEUROLOGY(JIF Q1/JCI Q1) | NEUROSCIENCES(JIF Q1/JCI Q1) | PSYCHIATRY(JIF Q1/JCI Q1),WILEY,Wiley,是,SCIE,混合为主,"订阅路线通常无APC；OnlineOpen常见 USD 3,200-4,700",中,https://authorservices.wiley.com/author-resources/Journal-Authors/open-access/article-publication-charges.html,https://www.google.com/search?q=PSYCHIATRY+AND+CLINICAL+NEUROSCIENCES+aims+scope+instructions+for+authors+APC
443,2补-Q1且IF5到10,1,Current Neuropharmacology,CURR NEUROPHARMACOL,1570-159X,1875-6190,6.1,7.7,Q1,43/356,Q2,Q2,0.89,88.1,80.0,10789.0,NEUROSCIENCES; PHARMACOLOGY & PHARMACY,NEUROSCIENCES(JIF Q1/JCI Q2) | PHARMACOLOGY & PHARMACY(JIF Q1/JCI Q2),BENTHAM SCIENCE PUBL LTD,其他,是,SCIE,需核实,请查期刊官网 Author / Open Access 页面,未知,,https://www.google.com/search?q=Current+Neuropharmacology+aims+scope+instructions+for+authors+APC
444,2补-Q1且IF5到10,1,Hepatology International,HEPATOL INT,1936-0533,1936-0541,7.8,7.1,Q1,19/153,Q1,Q1,1.49,87.9,79.0,6964.0,GASTROENTEROLOGY & HEPATOLOGY,GASTROENTEROLOGY & HEPATOLOGY(JIF Q1/JCI Q1),SPRINGER,Springer,是,SCIE,混合为主,"订阅路线通常无APC；选OA约 USD 2,790-4,290",中,https://www.springer.com/gp/open-access,https://www.google.com/search?q=Hepatology+International+aims+scope+instructions+for+authors+APC
445,2补-Q1且IF5到10,1,Molecular Systems Biology,MOL SYST BIOL,1744-4292,1744-4292,6.7,8.8,Q1,53/328,Q1,Q1,1.42,84.0,79.0,10364.0,BIOCHEMISTRY & MOLECULAR BIOLOGY,BIOCHEMISTRY & MOLECULAR BIOLOGY(JIF Q1/JCI Q1),SPRINGERNATURE,Springer Nature,是,SCIE,混合/全OA,"全OA约 USD 2,090-3,490；Nature系更高；Scientific Reports已拉黑",中高,https://www.springernature.com/gp/open-research/journals-books/journals,https://www.google.com/search?q=Molecular+Systems+Biology+aims+scope+instructions+for+authors+APC
446,2补-Q1且IF5到10,1,Journal of Diabetes,J DIABETES,1753-0393,1753-0407,5.9,4.9,Q1,33/198,Q1,Q1,0.95,83.6,79.0,3925.0,ENDOCRINOLOGY & METABOLISM,ENDOCRINOLOGY & METABOLISM(JIF Q1/JCI Q1),WILEY,Wiley,是,SCIE,混合为主,"订阅路线通常无APC；OnlineOpen常见 USD 3,200-4,700",中,https://authorservices.wiley.com/author-resources/Journal-Authors/open-access/article-publication-charges.html,https://www.google.com/search?q=Journal+of+Diabetes+aims+scope+instructions+for+authors+APC
447,2补-Q1且IF5到10,1,CELLULAR ONCOLOGY,CELL ONCOL,2211-3428,2211-3436,5.6,5.8,Q1,5/89,Q1,Q1,1.12,94.9,79.0,4465.0,CELL BIOLOGY; ONCOLOGY; PATHOLOGY,CELL BIOLOGY(JIF Q2/JCI Q1) | ONCOLOGY(JIF Q1/JCI Q1) | PATHOLOGY(JIF Q1/JCI Q1),SPRINGER,Springer,是,SCIE,混合为主,"订阅路线通常无APC；选OA约 USD 2,790-4,290",中,https://www.springer.com/gp/open-access,https://www.google.com/search?q=CELLULAR+ONCOLOGY+aims+scope+instructions+for+authors+APC
448,2补-Q1且IF5到10,1,European Journal of Cardiovascular Nursing,EUR J CARDIOVASC NUR,1474-5151,1873-1953,5.4,4.7,Q1,3/194,Q1,Q1,1.3,98.7,79.0,4224.0,CARDIAC & CARDIOVASCULAR SYSTEMS; NURSING,CARDIAC & CARDIOVASCULAR SYSTEMS(JIF Q1/JCI Q1) | NURSING(JIF Q1/JCI Q1),OXFORD UNIV PRESS,Oxford UP,是,"SCIE; SCIE, SSCI",混合为主,订阅路线通常无APC；可选OA，费用因刊而异,中,https://academic.oup.com/pages/open-research/open-access,https://www.google.com/search?q=European+Journal+of+Cardiovascular+Nursing+aims+scope+instructions+for+authors+APC
449,2补-Q1且IF5到10,1,npj Genomic Medicine,NPJ GENOM MED,,2056-7944,5.3,5.5,Q1,34/192,Q1,Q1,1.28,82.6,79.0,2454.0,GENETICS & HEREDITY,GENETICS & HEREDITY(JIF Q1/JCI Q1),NATURE PORTFOLIO,Springer Nature,是,SCIE,混合/全OA,"全OA约 USD 2,090-3,490；Nature系更高；Scientific Reports已拉黑",中高,https://www.springernature.com/gp/open-research/journals-books/journals,https://www.google.com/search?q=npj+Genomic+Medicine+aims+scope+instructions+for+authors+APC
450,2补-Q1且IF5到10,1,Annals of Global Health,ANN GLOB HEALTH,2214-9996,2214-9996,5.1,4.1,Q1,51/443,Q1,Q1,1.08,88.6,79.0,3799.0,"PUBLIC, ENVIRONMENTAL & OCCUPATIONAL HEALTH","PUBLIC, ENVIRONMENTAL & OCCUPATIONAL HEALTH(JIF Q1/JCI Q1)",UBIQUITY PRESS LTD,其他,是,SCIE,需核实,请查期刊官网 Author / Open Access 页面,未知,,https://www.google.com/search?q=Annals+of+Global+Health+aims+scope+instructions+for+authors+APC
451,2补-Q1且IF5到10,1,JOURNAL OF MOLECULAR MEDICINE-JMM,J MOL MED,0946-2716,1432-1440,5.0,5.3,Q1,36/192,Q2,Q2,0.89,81.5,79.0,9084.0,"GENETICS & HEREDITY; MEDICINE, RESEARCH & EXPERIMENTAL","GENETICS & HEREDITY(JIF Q1/JCI Q2) | MEDICINE, RESEARCH & EXPERIMENTAL(JIF Q2/JCI Q2)",SPRINGER HEIDELBERG,Springer,是,SCIE,混合为主,"订阅路线通常无APC；选OA约 USD 2,790-4,290",中,https://www.springer.com/gp/open-access,https://www.google.com/search?q=JOURNAL+OF+MOLECULAR+MEDICINE-JMM+aims+scope+instructions+for+authors+APC
452,2补-Q1且IF5到10,1,APOPTOSIS,APOPTOSIS,1360-8185,1573-675X,9.0,9.2,Q1,32/328,Q1,Q1,1.16,90.4,78.0,8879.0,BIOCHEMISTRY & MOLECULAR BIOLOGY; CELL BIOLOGY,BIOCHEMISTRY & MOLECULAR BIOLOGY(JIF Q1/JCI Q1) | CELL BIOLOGY(JIF Q1/JCI Q1),SPRINGER,Springer,是,SCIE,混合为主,"订阅路线通常无APC；选OA约 USD 2,790-4,290",中,https://www.springer.com/gp/open-access,https://www.google.com/search?q=APOPTOSIS+aims+scope+instructions+for+authors+APC
453,2补-Q1且IF5到10,1,Journal of Exposure Science and Environmental Epidemiology,J EXPO SCI ENV EPID,1559-0631,1559-064X,5.9,5.4,Q1,34/443,Q1,Q1,1.2,92.4,78.0,6825.0,"PUBLIC, ENVIRONMENTAL & OCCUPATIONAL HEALTH; TOXICOLOGY","PUBLIC, ENVIRONMENTAL & OCCUPATIONAL HEALTH(JIF Q1/JCI Q1) | TOXICOLOGY(JIF Q1/JCI Q1)",SPRINGERNATURE,Springer Nature,是,SCIE,混合/全OA,"全OA约 USD 2,090-3,490；Nature系更高；Scientific Reports已拉黑",中高,https://www.springernature.com/gp/open-research/journals-books/journals,https://www.google.com/search?q=Journal+of+Exposure+Science+and+Environmental+Epidemiology+aims+scope+instructions+for+authors+APC
454,2补-Q1且IF5到10,1,BIOSCIENCE,BIOSCIENCE,0006-3568,1525-3244,9.5,12.2,Q1,4/106,Q1,Q1,2.15,96.7,76.0,22849.0,BIOLOGY,BIOLOGY(JIF Q1/JCI Q1),OXFORD UNIV PRESS,Oxford UP,是,SCIE,混合为主,订阅路线通常无APC；可选OA，费用因刊而异,中,https://academic.oup.com/pages/open-research/open-access,https://www.google.com/search?q=BIOSCIENCE+aims+scope+instructions+for+authors+APC
455,2补-Q1且IF5到10,1,Circulation-Arrhythmia and Electrophysiology,CIRC-ARRHYTHMIA ELEC,1941-3149,1941-3084,9.3,9.3,Q1,20/237,Q1,Q1,2.24,91.8,76.0,9848.0,CARDIAC & CARDIOVASCULAR SYSTEMS,CARDIAC & CARDIOVASCULAR SYSTEMS(JIF Q1/JCI Q1),LIPPINCOTT WILLIAMS & WILKINS,Wolters Kluwer/LWW,是,SCIE,混合为主,"订阅路线通常无APC；OA常见 USD 2,000-4,000；MEDICINE已拉黑",中,https://wkauthorservices.editage.com/open-access/,https://www.google.com/search?q=Circulation-Arrhythmia+and+Electrophysiology+aims+scope+instructions+for+authors+APC
456,2补-Q1且IF5到10,1,INTERNATIONAL JOURNAL OF MOLECULAR MEDICINE,INT J MOL MED,1107-3756,1791-244X,8.5,6.2,Q1,22/191,Q1,Q1,1.26,88.7,75.0,17861.0,"MEDICINE, RESEARCH & EXPERIMENTAL","MEDICINE, RESEARCH & EXPERIMENTAL(JIF Q1/JCI Q1)",SPANDIDOS PUBL LTD,其他,是,SCIE,需核实,请查期刊官网 Author / Open Access 页面,未知,,https://www.google.com/search?q=INTERNATIONAL+JOURNAL+OF+MOLECULAR+MEDICINE+aims+scope+instructions+for+authors+APC
457,2补-Q1且IF5到10,1,JOURNAL OF THE AMERICAN SOCIETY OF ECHOCARDIOGRAPHY,J AM SOC ECHOCARDIOG,0894-7317,,8.3,6.6,Q1,26/237,Q1,Q1,1.78,89.2,75.0,13120.0,CARDIAC & CARDIOVASCULAR SYSTEMS,CARDIAC & CARDIOVASCULAR SYSTEMS(JIF Q1/JCI Q1),MOSBY-ELSEVIER,Elsevier,是,SCIE,混合为主,"订阅路线通常无APC；Gold OA常见 USD 2,200-4,200",中,https://www.elsevier.com/open-access/agreements,https://www.google.com/search?q=JOURNAL+OF+THE+AMERICAN+SOCIETY+OF+ECHOCARDIOGRAPHY+aims+scope+instructions+for+authors+APC
458,2补-Q1且IF5到10,1,Diabetes & Metabolism Journal,DIABETES METAB J,2233-6079,2233-6087,8.2,9.3,Q1,16/198,Q1,Q1,1.61,92.2,74.0,5793.0,ENDOCRINOLOGY & METABOLISM,ENDOCRINOLOGY & METABOLISM(JIF Q1/JCI Q1),KOREAN DIABETES ASSOC,其他,是,SCIE,需核实,请查期刊官网 Author / Open Access 页面,未知,,https://www.google.com/search?q=Diabetes+&+Metabolism+Journal+aims+scope+instructions+for+authors+APC
459,2补-Q1且IF5到10,1,GLOBAL CHALLENGES,GLOB CHALL,,2056-6646,7.4,6.5,Q1,16/140,Q1,Q1,0.86,88.9,74.0,3488.0,MULTIDISCIPLINARY SCIENCES,MULTIDISCIPLINARY SCIENCES(JIF Q1/JCI Q1),WILEY-V C H VERLAG GMBH,Wiley,是,SCIE,混合为主,"订阅路线通常无APC；OnlineOpen常见 USD 3,200-4,700",中,https://authorservices.wiley.com/author-resources/Journal-Authors/open-access/article-publication-charges.html,https://www.google.com/search?q=GLOBAL+CHALLENGES+aims+scope+instructions+for+authors+APC
460,2补-Q1且IF5到10,1,GENOMICS PROTEOMICS & BIOINFORMATICS,GENOM PROTEOM BIOINF,1672-0229,2210-3244,7.2,11.1,Q1,18/192,Q1,Q1,2.09,90.9,74.0,7402.0,GENETICS & HEREDITY,GENETICS & HEREDITY(JIF Q1/JCI Q1),OXFORD UNIV PRESS,Oxford UP,是,SCIE,混合为主,订阅路线通常无APC；可选OA，费用因刊而异,中,https://academic.oup.com/pages/open-research/open-access,https://www.google.com/search?q=GENOMICS+PROTEOMICS+&+BIOINFORMATICS+aims+scope+instructions+for+authors+APC
461,2补-Q1且IF5到10,1,European Urology Focus,EUR UROL FOCUS,,2405-4569,6.3,5.4,Q1,14/134,Q1,Q1,1.74,89.9,74.0,6221.0,UROLOGY & NEPHROLOGY,UROLOGY & NEPHROLOGY(JIF Q1/JCI Q1),ELSEVIER,Elsevier,是,SCIE,混合为主,"订阅路线通常无APC；Gold OA常见 USD 2,200-4,200",中,https://www.elsevier.com/open-access/agreements,https://www.google.com/search?q=European+Urology+Focus+aims+scope+instructions+for+authors+APC
462,2补-Q1且IF5到10,1,JOURNAL OF INTERNAL MEDICINE,J INTERN MED,0954-6820,1365-2796,7.6,10.3,Q1,26/336,Q1,Q1,1.75,92.4,73.0,16193.0,"MEDICINE, GENERAL & INTERNAL","MEDICINE, GENERAL & INTERNAL(JIF Q1/JCI Q1)",WILEY,Wiley,是,SCIE,混合为主,"订阅路线通常无APC；OnlineOpen常见 USD 3,200-4,700",中,https://authorservices.wiley.com/author-resources/Journal-Authors/open-access/article-publication-charges.html,https://www.google.com/search?q=JOURNAL+OF+INTERNAL+MEDICINE+aims+scope+instructions+for+authors+APC
463,2补-Q1且IF5到10,1,BMJ Quality & Safety,BMJ QUAL SAF,2044-5415,2044-5423,6.8,6.9,Q1,3/125,Q1,Q1,1.72,98.0,73.0,8430.0,HEALTH CARE SCIENCES & SERVICES; HEALTH POLICY & SERVICES,HEALTH CARE SCIENCES & SERVICES(JIF Q1/JCI Q1) | HEALTH POLICY & SERVICES(JIF Q1/JCI Q1),BMJ PUBLISHING GROUP,BMJ,是,SCIE; SSCI,混合/全OA,"BMJ Open约GBP 2,175；旗舰刊更高",高,https://authors.bmj.com/open-access/,https://www.google.com/search?q=BMJ+Quality+&+Safety+aims+scope+instructions+for+authors+APC
464,2补-Q1且IF5到10,1,KOREAN JOURNAL OF RADIOLOGY,KOREAN J RADIOL,1229-6929,2005-8330,6.1,5.2,Q1,20/217,Q1,Q1,1.31,91.0,73.0,6309.0,"RADIOLOGY, NUCLEAR MEDICINE & MEDICAL IMAGING","RADIOLOGY, NUCLEAR MEDICINE & MEDICAL IMAGING(JIF Q1/JCI Q1)",KOREAN SOCIETY OF RADIOLOGY,其他,是,SCIE,需核实,请查期刊官网 Author / Open Access 页面,未知,,https://www.google.com/search?q=KOREAN+JOURNAL+OF+RADIOLOGY+aims+scope+instructions+for+authors+APC
465,2补-Q1且IF5到10,1,BIOLOGICAL RESEARCH,BIOL RES,0716-9760,0717-6287,5.4,6.6,Q1,12/106,Q1,Q1,1.34,89.2,73.0,4197.0,BIOLOGY,BIOLOGY(JIF Q1/JCI Q1),SOC BIOLGIA CHILE,其他,是,SCIE,需核实,请查期刊官网 Author / Open Access 页面,未知,,https://www.google.com/search?q=BIOLOGICAL+RESEARCH+aims+scope+instructions+for+authors+APC
466,2补-Q1且IF5到10,1,Endocrinology and Metabolism,ENDOCRINOL METAB,2093-596X,2093-5978,5.1,5.1,Q1,46/198,Q2,Q2,0.88,77.0,73.0,3676.0,ENDOCRINOLOGY & METABOLISM,ENDOCRINOLOGY & METABOLISM(JIF Q1/JCI Q2),KOREAN ENDOCRINE SOC,其他,是,SCIE,需核实,请查期刊官网 Author / Open Access 页面,未知,,https://www.google.com/search?q=Endocrinology+and+Metabolism+aims+scope+instructions+for+authors+APC
467,2补-Q1且IF5到10,1,Research Synthesis Methods,RES SYNTH METHODS,1759-2879,1759-2887,8.0,14.3,Q1,3/67,Q1,Q1,1.83,96.3,72.0,10861.0,MATHEMATICAL & COMPUTATIONAL BIOLOGY; MULTIDISCIPLINARY SCIENCES,MATHEMATICAL & COMPUTATIONAL BIOLOGY(JIF Q1/JCI Q1) | MULTIDISCIPLINARY SCIENCES(JIF Q1/JCI Q1),CAMBRIDGE UNIV PRESS,Cambridge UP,是,SCIE,混合为主,订阅路线通常无APC；Gold OA因刊而异,中,https://www.cambridge.org/core/open-research/open-access,https://www.google.com/search?q=Research+Synthesis+Methods+aims+scope+instructions+for+authors+APC
468,2补-Q1且IF5到10,1,European Journal of Medicinal Chemistry Reports,EUR J MED CHEM REP,2772-4174,2772-4174,6.7,6.3,Q1,11/72,Q1,Q1,1.36,85.4,72.0,1529.0,"CHEMISTRY, MEDICINAL","CHEMISTRY, MEDICINAL(JIF Q1/JCI Q1)",ELSEVIER,Elsevier,否,ESCI,混合为主,"订阅路线通常无APC；Gold OA常见 USD 2,200-4,200",中,https://www.elsevier.com/open-access/agreements,https://www.google.com/search?q=European+Journal+of+Medicinal+Chemistry+Reports+aims+scope+instructions+for+authors+APC
469,2补-Q1且IF5到10,1,BRAIN TOPOGRAPHY,BRAIN TOPOGR,0896-0267,1573-6792,5.3,4.2,Q1,34/296,Q2,Q2,0.98,88.7,72.0,4234.0,CLINICAL NEUROLOGY; NEUROSCIENCES,CLINICAL NEUROLOGY(JIF Q1/JCI Q2) | NEUROSCIENCES(JIF Q1/JCI Q2),SPRINGER,Springer,是,SCIE,混合为主,"订阅路线通常无APC；选OA约 USD 2,790-4,290",中,https://www.springer.com/gp/open-access,https://www.google.com/search?q=BRAIN+TOPOGRAPHY+aims+scope+instructions+for+authors+APC
470,2补-Q1且IF5到10,1,Obesity Pillars,OBES PILLARS,,2667-3681,5.3,5.3,Q1,38/336,Q1,Q1,0.87,88.8,72.0,727.0,"ENDOCRINOLOGY & METABOLISM; MEDICINE, GENERAL & INTERNAL","ENDOCRINOLOGY & METABOLISM(JIF Q1/JCI Q2) | MEDICINE, GENERAL & INTERNAL(JIF Q1/JCI Q1)",ELSEVIER,Elsevier,否,ESCI,混合为主,"订阅路线通常无APC；Gold OA常见 USD 2,200-4,200",中,https://www.elsevier.com/open-access/agreements,https://www.google.com/search?q=Obesity+Pillars+aims+scope+instructions+for+authors+APC
471,2补-Q1且IF5到10,1,Globalization and Health,GLOBALIZATION HEALTH,,1744-8603,6.1,6.3,Q1,32/443,Q1,Q1,1.5,92.9,71.0,5948.0,"PUBLIC, ENVIRONMENTAL & OCCUPATIONAL HEALTH","PUBLIC, ENVIRONMENTAL & OCCUPATIONAL HEALTH(JIF Q1/JCI Q1)",BMC,BMC,是,"SCIE, SSCI",全OA,"约 USD 1,990-2,890（旗舰刊更高）",高,https://www.biomedcentral.com/getpublished/article-processing-charges,https://www.google.com/search?q=Globalization+and+Health+aims+scope+instructions+for+authors+APC
472,2补-Q1且IF5到10,1,Expert Review of Vaccines,EXPERT REV VACCINES,1476-0584,1744-8395,5.6,4.6,Q1,42/183,Q2,Q2,0.77,77.3,71.0,6168.0,IMMUNOLOGY,IMMUNOLOGY(JIF Q1/JCI Q2),TAYLOR & FRANCIS LTD,Taylor & Francis,是,SCIE,混合为主,"订阅路线通常无APC；Open Select常见 USD 2,500-3,500",中,https://authorservices.taylorandfrancis.com/publishing-open-access/,https://www.google.com/search?q=Expert+Review+of+Vaccines+aims+scope+instructions+for+authors+APC
473,2补-Q1且IF5到10,1,Current Research in Biotechnology,CURR RES BIOTECHNOL,2590-2628,2590-2628,6.7,5.9,Q1,24/180,Q1,Q1,1.1,86.9,69.0,1589.0,BIOTECHNOLOGY & APPLIED MICROBIOLOGY,BIOTECHNOLOGY & APPLIED MICROBIOLOGY(JIF Q1/JCI Q1),ELSEVIER,Elsevier,否,ESCI,混合为主,"订阅路线通常无APC；Gold OA常见 USD 2,200-4,200",中,https://www.elsevier.com/open-access/agreements,https://www.google.com/search?q=Current+Research+in+Biotechnology+aims+scope+instructions+for+authors+APC
474,2补-Q1且IF5到10,1,MECHANISMS OF AGEING AND DEVELOPMENT,MECH AGEING DEV,0047-6374,1872-6216,6.5,6.7,Q1,10/72,Q1,Q1,1.17,86.8,69.0,8612.0,CELL BIOLOGY; GERIATRICS & GERONTOLOGY,CELL BIOLOGY(JIF Q2/JCI Q1) | GERIATRICS & GERONTOLOGY(JIF Q1/JCI Q1),ELSEVIER IRELAND LTD,Elsevier,是,SCIE,混合为主,"订阅路线通常无APC；Gold OA常见 USD 2,200-4,200",中,https://www.elsevier.com/open-access/agreements,https://www.google.com/search?q=MECHANISMS+OF+AGEING+AND+DEVELOPMENT+aims+scope+instructions+for+authors+APC
475,2补-Q1且IF5到10,1,ANNALS OF FAMILY MEDICINE,ANN FAM MED,1544-1709,1544-1717,5.3,5.5,Q1,1/29,Q1,Q1,2.31,98.3,69.0,6900.0,"MEDICINE, GENERAL & INTERNAL; PRIMARY HEALTH CARE","MEDICINE, GENERAL & INTERNAL(JIF Q1/JCI Q1) | PRIMARY HEALTH CARE(JIF Q1/JCI Q1)",ANNALS FAMILY MEDICINE,其他,是,SCIE,需核实,请查期刊官网 Author / Open Access 页面,未知,,https://www.google.com/search?q=ANNALS+OF+FAMILY+MEDICINE+aims+scope+instructions+for+authors+APC
476,2补-Q1且IF5到10,1,Circulation-Cardiovascular Imaging,CIRC-CARDIOVASC IMAG,1941-9651,1942-0080,9.1,8.8,Q1,10/217,Q1,Q1,1.98,95.6,68.0,8392.0,"CARDIAC & CARDIOVASCULAR SYSTEMS; RADIOLOGY, NUCLEAR MEDICINE & MEDICAL IMAGING","CARDIAC & CARDIOVASCULAR SYSTEMS(JIF Q1/JCI Q1) | RADIOLOGY, NUCLEAR MEDICINE & MEDICAL IMAGING(JIF Q1/JCI Q1)",LIPPINCOTT WILLIAMS & WILKINS,Wolters Kluwer/LWW,是,SCIE,混合为主,"订阅路线通常无APC；OA常见 USD 2,000-4,000；MEDICINE已拉黑",中,https://wkauthorservices.editage.com/open-access/,https://www.google.com/search?q=Circulation-Cardiovascular+Imaging+aims+scope+instructions+for+authors+APC
477,2补-Q1且IF5到10,1,Journal of Cardiovascular Computed Tomography,J CARDIOVASC COMPUT,1934-5925,1934-5925,5.4,5.8,Q1,26/217,Q1,Q1,1.35,88.2,68.0,3777.0,"CARDIAC & CARDIOVASCULAR SYSTEMS; RADIOLOGY, NUCLEAR MEDICINE & MEDICAL IMAGING","CARDIAC & CARDIOVASCULAR SYSTEMS(JIF Q1/JCI Q1) | RADIOLOGY, NUCLEAR MEDICINE & MEDICAL IMAGING(JIF Q1/JCI Q1)",ELSEVIER SCIENCE INC,Elsevier,是,SCIE,混合为主,"订阅路线通常无APC；Gold OA常见 USD 2,200-4,200",中,https://www.elsevier.com/open-access/agreements,https://www.google.com/search?q=Journal+of+Cardiovascular+Computed+Tomography+aims+scope+instructions+for+authors+APC
478,2补-Q1且IF5到10,1,CELLULAR AND MOLECULAR NEUROBIOLOGY,CELL MOL NEUROBIOL,0272-4340,1573-6830,7.4,5.3,Q1,32/330,Q2,Q2,0.78,90.5,67.0,8134.0,CELL BIOLOGY; NEUROSCIENCES,CELL BIOLOGY(JIF Q1/JCI Q2) | NEUROSCIENCES(JIF Q1/JCI Q2),SPRINGER/PLENUM PUBLISHERS,Springer,是,SCIE,混合为主,"订阅路线通常无APC；选OA约 USD 2,790-4,290",中,https://www.springer.com/gp/open-access,https://www.google.com/search?q=CELLULAR+AND+MOLECULAR+NEUROBIOLOGY+aims+scope+instructions+for+authors+APC
479,2补-Q1且IF5到10,1,Circulation-Cardiovascular Quality and Outcomes,CIRC-CARDIOVASC QUAL,1941-7705,1941-7713,6.9,7.4,Q1,35/237,Q1,Q1,1.57,85.4,67.0,8355.0,CARDIAC & CARDIOVASCULAR SYSTEMS,CARDIAC & CARDIOVASCULAR SYSTEMS(JIF Q1/JCI Q1),LIPPINCOTT WILLIAMS & WILKINS,Wolters Kluwer/LWW,是,SCIE,混合为主,"订阅路线通常无APC；OA常见 USD 2,000-4,000；MEDICINE已拉黑",中,https://wkauthorservices.editage.com/open-access/,https://www.google.com/search?q=Circulation-Cardiovascular+Quality+and+Outcomes+aims+scope+instructions+for+authors+APC
480,2补-Q1且IF5到10,1,CANCER BIOLOGY & THERAPY,CANCER BIOL THER,1538-4047,1555-8576,5.7,4.5,Q1,72/333,Q1,Q1,1.18,78.5,67.0,7506.0,ONCOLOGY,ONCOLOGY(JIF Q1/JCI Q1),TAYLOR & FRANCIS INC,Taylor & Francis,是,SCIE,混合为主,"订阅路线通常无APC；Open Select常见 USD 2,500-3,500",中,https://authorservices.taylorandfrancis.com/publishing-open-access/,https://www.google.com/search?q=CANCER+BIOLOGY+&+THERAPY+aims+scope+instructions+for+authors+APC
481,2补-Q1且IF5到10,1,CLINICAL SCIENCE,CLIN SCI,0143-5221,1470-8736,7.3,7.5,Q1,32/191,Q1,Q1,1.19,83.5,66.0,13268.0,"MEDICINE, RESEARCH & EXPERIMENTAL","MEDICINE, RESEARCH & EXPERIMENTAL(JIF Q1/JCI Q1)",PORTLAND PRESS LTD,其他,是,SCIE,需核实,请查期刊官网 Author / Open Access 页面,未知,,https://www.google.com/search?q=CLINICAL+SCIENCE+aims+scope+instructions+for+authors+APC
482,2补-Q1且IF5到10,1,MEDICAL EDUCATION,MED EDUC,0308-0110,1365-2923,6.2,7.2,Q1,4/89,Q1,Q1,1.47,91.5,66.0,13985.0,HEALTH CARE SCIENCES & SERVICES,HEALTH CARE SCIENCES & SERVICES(JIF Q1/JCI Q1),WILEY,Wiley,是,SCIE,混合为主,"订阅路线通常无APC；OnlineOpen常见 USD 3,200-4,700",中,https://authorservices.wiley.com/author-resources/Journal-Authors/open-access/article-publication-charges.html,https://www.google.com/search?q=MEDICAL+EDUCATION+aims+scope+instructions+for+authors+APC
483,2补-Q1且IF5到10,1,Annals of General Psychiatry,ANN GEN PSYCHIATR,,1744-859X,5.8,5.7,Q1,31/293,Q1,Q1,1.15,89.6,66.0,2820.0,PSYCHIATRY,PSYCHIATRY(JIF Q1/JCI Q1),BMC,BMC,是,"SCIE, SSCI",全OA,"约 USD 1,990-2,890（旗舰刊更高）",高,https://www.biomedcentral.com/getpublished/article-processing-charges,https://www.google.com/search?q=Annals+of+General+Psychiatry+aims+scope+instructions+for+authors+APC
484,2补-Q1且IF5到10,1,MOLECULAR CANCER RESEARCH,MOL CANCER RES,1541-7786,1557-3125,5.8,5.2,Q1,67/333,Q2,Q2,0.83,80.0,66.0,10183.0,CELL BIOLOGY; ONCOLOGY,CELL BIOLOGY(JIF Q2/JCI Q2) | ONCOLOGY(JIF Q1/JCI Q2),AMER ASSOC CANCER RESEARCH,其他,是,SCIE,需核实,请查期刊官网 Author / Open Access 页面,未知,,https://www.google.com/search?q=MOLECULAR+CANCER+RESEARCH+aims+scope+instructions+for+authors+APC
485,2补-Q1且IF5到10,1,PROSTATE CANCER AND PROSTATIC DISEASES,PROSTATE CANCER P D,1365-7852,1476-5608,6.9,5.6,Q1,13/134,Q1,Q1,1.39,90.7,65.0,5241.0,ONCOLOGY; UROLOGY & NEPHROLOGY,ONCOLOGY(JIF Q1/JCI Q1) | UROLOGY & NEPHROLOGY(JIF Q1/JCI Q1),SPRINGERNATURE,Springer Nature,是,SCIE,混合/全OA,"全OA约 USD 2,090-3,490；Nature系更高；Scientific Reports已拉黑",中高,https://www.springernature.com/gp/open-research/journals-books/journals,https://www.google.com/search?q=PROSTATE+CANCER+AND+PROSTATIC+DISEASES+aims+scope+instructions+for+authors+APC
486,2补-Q1且IF5到10,1,ANTIOXIDANTS & REDOX SIGNALING,ANTIOXID REDOX SIGN,1523-0864,1557-7716,6.8,7.7,Q1,26/198,Q1,Q1,1.04,87.1,65.0,25052.0,BIOCHEMISTRY & MOLECULAR BIOLOGY; ENDOCRINOLOGY & METABOLISM,BIOCHEMISTRY & MOLECULAR BIOLOGY(JIF Q1/JCI Q1) | ENDOCRINOLOGY & METABOLISM(JIF Q1/JCI Q1),SAGE PUBLICATIONS INC,SAGE,是,SCIE,混合为主,"订阅路线通常无APC；SAGE Choice常见 USD 2,000-4,000",中,https://us.sagepub.com/en-us/nam/sage-choice,https://www.google.com/search?q=ANTIOXIDANTS+&+REDOX+SIGNALING+aims+scope+instructions+for+authors+APC
487,2补-Q1且IF5到10,1,DIABETES & METABOLISM,DIABETES METAB,1262-3636,1878-1780,5.8,5.5,Q1,34/198,Q1,Q1,1.04,83.1,65.0,4403.0,ENDOCRINOLOGY & METABOLISM,ENDOCRINOLOGY & METABOLISM(JIF Q1/JCI Q1),MASSON EDITEUR,其他,是,SCIE,需核实,请查期刊官网 Author / Open Access 页面,未知,,https://www.google.com/search?q=DIABETES+&+METABOLISM+aims+scope+instructions+for+authors+APC
488,2补-Q1且IF5到10,1,Pulmonology,PULMONOLOGY,2531-0429,2531-0437,5.3,5.6,Q1,16/107,Q1,Q1,1.37,85.5,65.0,1849.0,RESPIRATORY SYSTEM,RESPIRATORY SYSTEM(JIF Q1/JCI Q1),TAYLOR & FRANCIS LTD,Taylor & Francis,是,SCIE,混合为主,"订阅路线通常无APC；Open Select常见 USD 2,500-3,500",中,https://authorservices.taylorandfrancis.com/publishing-open-access/,https://www.google.com/search?q=Pulmonology+aims+scope+instructions+for+authors+APC
489,2补-Q1且IF5到10,1,JOURNAL OF ANXIETY DISORDERS,J ANXIETY DISORD,0887-6185,1873-7897,5.0,6.3,Q1,15/184,Q1,Q1,1.36,92.1,65.0,10671.0,"PSYCHIATRY; PSYCHOLOGY, CLINICAL","PSYCHIATRY(JIF Q1/JCI Q1) | PSYCHOLOGY, CLINICAL(JIF Q1/JCI Q1)",PERGAMON-ELSEVIER SCIENCE LTD,Elsevier,否,SSCI,混合为主,"订阅路线通常无APC；Gold OA常见 USD 2,200-4,200",中,https://www.elsevier.com/open-access/agreements,https://www.google.com/search?q=JOURNAL+OF+ANXIETY+DISORDERS+aims+scope+instructions+for+authors+APC
490,2补-Q1且IF5到10,1,European Heart Journal-Acute Cardiovascular Care,EUR HEART J-ACUTE CA,2048-8726,2048-8734,7.8,5.2,Q1,7/66,Q1,Q1,1.33,90.2,64.0,3810.0,CARDIAC & CARDIOVASCULAR SYSTEMS; CRITICAL CARE MEDICINE,CARDIAC & CARDIOVASCULAR SYSTEMS(JIF Q1/JCI Q1) | CRITICAL CARE MEDICINE(JIF Q1/JCI Q1),OXFORD UNIV PRESS,Oxford UP,是,SCIE,混合为主,订阅路线通常无APC；可选OA，费用因刊而异,中,https://academic.oup.com/pages/open-research/open-access,https://www.google.com/search?q=European+Heart+Journal-Acute+Cardiovascular+Care+aims+scope+instructions+for+authors+APC
491,2补-Q1且IF5到10,1,PALLIATIVE MEDICINE,PALLIATIVE MED,0269-2163,1477-030X,6.4,5.5,Q1,28/443,Q1,Q1,1.45,93.8,64.0,9020.0,"HEALTH CARE SCIENCES & SERVICES; MEDICINE, GENERAL & INTERNAL; PUBLIC, ENVIRONMENTAL & OCCUPATIONAL HEALTH","HEALTH CARE SCIENCES & SERVICES(JIF Q1/JCI Q1) | MEDICINE, GENERAL & INTERNAL(JIF Q1/JCI Q1) | PUBLIC, ENVIRONMENTAL & OCCUPATIONAL HEALTH(JIF Q1/JCI Q1)",SAGE PUBLICATIONS LTD,SAGE,是,SCIE,混合为主,"订阅路线通常无APC；SAGE Choice常见 USD 2,000-4,000",中,https://us.sagepub.com/en-us/nam/sage-choice,https://www.google.com/search?q=PALLIATIVE+MEDICINE+aims+scope+instructions+for+authors+APC
492,2补-Q1且IF5到10,1,CLINICAL AND EXPERIMENTAL OPHTHALMOLOGY,CLIN EXP OPHTHALMOL,1442-6404,1442-9071,5.1,5.4,Q1,12/98,Q1,Q1,1.62,88.3,64.0,5357.0,OPHTHALMOLOGY,OPHTHALMOLOGY(JIF Q1/JCI Q1),WILEY,Wiley,是,SCIE,混合为主,"订阅路线通常无APC；OnlineOpen常见 USD 3,200-4,700",中,https://authorservices.wiley.com/author-resources/Journal-Authors/open-access/article-publication-charges.html,https://www.google.com/search?q=CLINICAL+AND+EXPERIMENTAL+OPHTHALMOLOGY+aims+scope+instructions+for+authors+APC
493,2补-Q1且IF5到10,1,BMC Global and Public Health,BMC GLOB PUBLIC HEAL,,2731-913X,5.1,5.1,Q1,51/443,Q1,Q1,1.1,88.6,64.0,549.0,"PUBLIC, ENVIRONMENTAL & OCCUPATIONAL HEALTH","PUBLIC, ENVIRONMENTAL & OCCUPATIONAL HEALTH(JIF Q1/JCI Q1)",SPRINGERNATURE,Springer Nature,否,ESCI,混合/全OA,"全OA约 USD 2,090-3,490；Nature系更高；Scientific Reports已拉黑",中高,https://www.springernature.com/gp/open-research/journals-books/journals,https://www.google.com/search?q=BMC+Global+and+Public+Health+aims+scope+instructions+for+authors+APC
494,2补-Q1且IF5到10,1,Journal of Clinical and Translational Hepatology,J CLIN TRANSL HEPATO,2225-0719,2310-8819,6.0,4.9,Q1,26/153,Q2,Q2,0.91,83.3,63.0,3643.0,GASTROENTEROLOGY & HEPATOLOGY,GASTROENTEROLOGY & HEPATOLOGY(JIF Q1/JCI Q2),XIA & HE PUBLISHING INC,其他,是,SCIE,需核实,请查期刊官网 Author / Open Access 页面,未知,,https://www.google.com/search?q=Journal+of+Clinical+and+Translational+Hepatology+aims+scope+instructions+for+authors+APC
495,2补-Q1且IF5到10,1,Esophagus,ESOPHAGUS-TOKYO,1612-9059,1612-9067,5.8,3.4,Q1,28/153,Q1,Q1,0.98,82.0,63.0,1912.0,GASTROENTEROLOGY & HEPATOLOGY,GASTROENTEROLOGY & HEPATOLOGY(JIF Q1/JCI Q1),SPRINGER JAPAN KK,Springer,是,SCIE,混合为主,"订阅路线通常无APC；选OA约 USD 2,790-4,290",中,https://www.springer.com/gp/open-access,https://www.google.com/search?q=Esophagus+aims+scope+instructions+for+authors+APC
496,2补-Q1且IF5到10,1,Neurospine,NEUROSPINE,2586-6583,2586-6591,5.0,4.7,Q1,19/321,Q1,Q1,1.56,94.2,63.0,3054.0,CLINICAL NEUROLOGY; SURGERY,CLINICAL NEUROLOGY(JIF Q1/JCI Q1) | SURGERY(JIF Q1/JCI Q1),KOREAN SPINAL NEUROSURGERY SOC,其他,是,SCIE,需核实,请查期刊官网 Author / Open Access 页面,未知,,https://www.google.com/search?q=Neurospine+aims+scope+instructions+for+authors+APC
497,2补-Q1且IF5到10,1,CLINICAL CHEMISTRY,CLIN CHEM,0009-9147,1530-8561,8.3,7.7,Q1,2/33,Q1,Q1,2.43,95.5,62.0,22922.0,MEDICAL LABORATORY TECHNOLOGY,MEDICAL LABORATORY TECHNOLOGY(JIF Q1/JCI Q1),OXFORD UNIV PRESS INC,Oxford UP,是,SCIE,混合为主,订阅路线通常无APC；可选OA，费用因刊而异,中,https://academic.oup.com/pages/open-research/open-access,https://www.google.com/search?q=CLINICAL+CHEMISTRY+aims+scope+instructions+for+authors+APC
498,2补-Q1且IF5到10,1,JOURNAL OF THE AMERICAN ACADEMY OF CHILD AND ADOLESCENT PSYCHIATRY,J AM ACAD CHILD PSY,0890-8567,1527-5418,9.6,11.3,Q1,1/95,Q1,Q1,3.05,98.7,61.0,21250.0,PEDIATRICS; PSYCHIATRY,PEDIATRICS(JIF Q1/JCI Q1) | PSYCHIATRY(JIF Q1/JCI Q1),ELSEVIER SCIENCE INC,Elsevier,是,"SCIE; SCIE, SSCI; SSCI",混合为主,"订阅路线通常无APC；Gold OA常见 USD 2,200-4,200",中,https://www.elsevier.com/open-access/agreements,https://www.google.com/search?q=JOURNAL+OF+THE+AMERICAN+ACADEMY+OF+CHILD+AND+ADOLESCENT+PSYCHIATRY+aims+scope+instructions+for+authors+APC
499,2补-Q1且IF5到10,1,Molecular Autism,MOL AUTISM,2040-2392,2040-2392,5.7,7.0,Q1,30/192,Q1,Q1,1.44,84.6,61.0,5034.0,GENETICS & HEREDITY; NEUROSCIENCES,GENETICS & HEREDITY(JIF Q1/JCI Q1) | NEUROSCIENCES(JIF Q1/JCI Q1),BMC,BMC,是,SCIE,全OA,"约 USD 1,990-2,890（旗舰刊更高）",高,https://www.biomedcentral.com/getpublished/article-processing-charges,https://www.google.com/search?q=Molecular+Autism+aims+scope+instructions+for+authors+APC
500,2补-Q1且IF5到10,1,Human Resources for Health,HUM RESOUR HEALTH,,1478-4491,5.4,6.1,Q1,2/54,Q1,Q1,1.48,94.8,61.0,5928.0,HEALTH POLICY & SERVICES,HEALTH POLICY & SERVICES(JIF Q1/JCI Q1),BMC,BMC,否,SSCI,全OA,"约 USD 1,990-2,890（旗舰刊更高）",高,https://www.biomedcentral.com/getpublished/article-processing-charges,https://www.google.com/search?q=Human+Resources+for+Health+aims+scope+instructions+for+authors+APC
501,2补-Q1且IF5到10,1,npj Mental Health Research,NPJ MENT HEALTH RES,,2731-4251,9.1,8.3,Q1,10/293,Q1,Q1,1.95,96.8,60.0,845.0,PSYCHIATRY,PSYCHIATRY(JIF Q1/JCI Q1),SPRINGERNATURE,Springer Nature,否,ESCI,混合/全OA,"全OA约 USD 2,090-3,490；Nature系更高；Scientific Reports已拉黑",中高,https://www.springernature.com/gp/open-research/journals-books/journals,https://www.google.com/search?q=npj+Mental+Health+Research+aims+scope+instructions+for+authors+APC
502,2补-Q1且IF5到10,1,DIABETES-METABOLISM RESEARCH AND REVIEWS,DIABETES-METAB RES,1520-7552,1520-7560,8.3,7.2,Q1,15/198,Q1,Q1,1.36,92.7,60.0,8455.0,ENDOCRINOLOGY & METABOLISM,ENDOCRINOLOGY & METABOLISM(JIF Q1/JCI Q1),WILEY,Wiley,是,SCIE,混合为主,"订阅路线通常无APC；OnlineOpen常见 USD 3,200-4,700",中,https://authorservices.wiley.com/author-resources/Journal-Authors/open-access/article-publication-charges.html,https://www.google.com/search?q=DIABETES-METABOLISM+RESEARCH+AND+REVIEWS+aims+scope+instructions+for+authors+APC
503,2补-Q1且IF5到10,1,DRUG DELIVERY,DRUG DELIV,1071-7544,1521-0464,8.0,8.3,Q1,24/356,Q1,Q1,2.33,93.4,60.0,13146.0,PHARMACOLOGY & PHARMACY,PHARMACOLOGY & PHARMACY(JIF Q1/JCI Q1),TAYLOR & FRANCIS LTD,Taylor & Francis,是,SCIE,混合为主,"订阅路线通常无APC；Open Select常见 USD 2,500-3,500",中,https://authorservices.taylorandfrancis.com/publishing-open-access/,https://www.google.com/search?q=DRUG+DELIVERY+aims+scope+instructions+for+authors+APC
504,2补-Q1且IF5到10,1,JOURNAL OF PINEAL RESEARCH,J PINEAL RES,0742-3098,1600-079X,7.5,8.5,Q1,4/89,Q1,Q1,1.97,91.4,60.0,10034.0,ENDOCRINOLOGY & METABOLISM; NEUROSCIENCES,ENDOCRINOLOGY & METABOLISM(JIF Q1/JCI Q1) | NEUROSCIENCES(JIF Q1/JCI Q1),WILEY,Wiley,是,SCIE,混合为主,"订阅路线通常无APC；OnlineOpen常见 USD 3,200-4,700",中,https://authorservices.wiley.com/author-resources/Journal-Authors/open-access/article-publication-charges.html,https://www.google.com/search?q=JOURNAL+OF+PINEAL+RESEARCH+aims+scope+instructions+for+authors+APC
505,2补-Q1且IF5到10,1,BULLETIN OF THE WORLD HEALTH ORGANIZATION,B WORLD HEALTH ORGAN,0042-9686,1564-0604,6.9,8.8,Q1,25/443,Q1,Q1,1.53,94.5,60.0,16149.0,"PUBLIC, ENVIRONMENTAL & OCCUPATIONAL HEALTH","PUBLIC, ENVIRONMENTAL & OCCUPATIONAL HEALTH(JIF Q1/JCI Q1)",WORLD HEALTH ORGANIZATION,其他,是,SCIE,需核实,请查期刊官网 Author / Open Access 页面,未知,,https://www.google.com/search?q=BULLETIN+OF+THE+WORLD+HEALTH+ORGANIZATION+aims+scope+instructions+for+authors+APC
506,2补-Q1且IF5到10,1,Stem Cells Translational Medicine,STEM CELL TRANSL MED,2157-6564,2157-6580,5.9,5.8,Q1,6/32,Q1,Q1,1.08,82.8,60.0,7584.0,CELL & TISSUE ENGINEERING,CELL & TISSUE ENGINEERING(JIF Q1/JCI Q1),OXFORD UNIV PRESS,Oxford UP,是,SCIE,混合为主,订阅路线通常无APC；可选OA，费用因刊而异,中,https://academic.oup.com/pages/open-research/open-access,https://www.google.com/search?q=Stem+Cells+Translational+Medicine+aims+scope+instructions+for+authors+APC
507,2补-Q1且IF5到10,1,Journal of Ginseng Research,J GINSENG RES,1226-8453,2093-4947,7.5,6.6,Q1,3/48,Q1,Q1,1.48,94.8,59.0,4705.0,"CHEMISTRY, MEDICINAL; INTEGRATIVE & COMPLEMENTARY MEDICINE","CHEMISTRY, MEDICINAL(JIF Q1/JCI Q1) | INTEGRATIVE & COMPLEMENTARY MEDICINE(JIF Q1/JCI Q1)",KOREAN SOC GINSENG,其他,是,SCIE,需核实,请查期刊官网 Author / Open Access 页面,未知,,https://www.google.com/search?q=Journal+of+Ginseng+Research+aims+scope+instructions+for+authors+APC
508,2补-Q1且IF5到10,1,New Microbes and New Infections,NEW MICROB NEW INFEC,,2052-2975,6.0,3.2,Q1,14/141,Q3,Q3,0.6,90.4,59.0,2291.0,INFECTIOUS DISEASES; MICROBIOLOGY,INFECTIOUS DISEASES(JIF Q1/JCI Q3) | MICROBIOLOGY(JIF Q1/JCI Q3),ELSEVIER SCI LTD,Elsevier,否,ESCI,混合为主,"订阅路线通常无APC；Gold OA常见 USD 2,200-4,200",中,https://www.elsevier.com/open-access/agreements,https://www.google.com/search?q=New+Microbes+and+New+Infections+aims+scope+instructions+for+authors+APC
509,2补-Q1且IF5到10,1,Worldviews on Evidence-Based Nursing,WORLDV EVID-BASED NU,1545-102X,1741-6787,5.3,6.0,Q1,4/194,Q1,Q1,1.38,98.2,59.0,3444.0,NURSING,NURSING(JIF Q1/JCI Q1),WILEY,Wiley,是,"SCIE, SSCI",混合为主,"订阅路线通常无APC；OnlineOpen常见 USD 3,200-4,700",中,https://authorservices.wiley.com/author-resources/Journal-Authors/open-access/article-publication-charges.html,https://www.google.com/search?q=Worldviews+on+Evidence-Based+Nursing+aims+scope+instructions+for+authors+APC
510,2补-Q1且IF5到10,1,World Journal of Emergency Surgery,WORLD J EMERG SURG,1749-7922,1749-7922,7.7,8.3,Q1,9/321,Q1,Q1,2.42,97.4,58.0,4268.0,EMERGENCY MEDICINE; SURGERY,EMERGENCY MEDICINE(JIF Q1/JCI Q1) | SURGERY(JIF Q1/JCI Q1),BMC,BMC,是,SCIE,全OA,"约 USD 1,990-2,890（旗舰刊更高）",高,https://www.biomedcentral.com/getpublished/article-processing-charges,https://www.google.com/search?q=World+Journal+of+Emergency+Surgery+aims+scope+instructions+for+authors+APC
511,2补-Q1且IF5到10,1,MILBANK QUARTERLY,MILBANK Q,0887-378X,1468-0009,6.2,6.7,Q1,5/125,Q1,Q1,1.85,96.4,58.0,5495.0,HEALTH CARE SCIENCES & SERVICES; HEALTH POLICY & SERVICES,HEALTH CARE SCIENCES & SERVICES(JIF Q1/JCI Q1) | HEALTH POLICY & SERVICES(JIF Q1/JCI Q1),WILEY,Wiley,是,SCIE; SSCI,混合为主,"订阅路线通常无APC；OnlineOpen常见 USD 3,200-4,700",中,https://authorservices.wiley.com/author-resources/Journal-Authors/open-access/article-publication-charges.html,https://www.google.com/search?q=MILBANK+QUARTERLY+aims+scope+instructions+for+authors+APC
512,2补-Q1且IF5到10,1,BEST PRACTICE & RESEARCH CLINICAL OBSTETRICS & GYNAECOLOGY,BEST PRACT RES CL OB,1521-6934,1532-1932,5.9,6.0,Q1,6/143,Q1,Q1,1.88,96.2,58.0,6608.0,OBSTETRICS & GYNECOLOGY,OBSTETRICS & GYNECOLOGY(JIF Q1/JCI Q1),ELSEVIER SCI LTD,Elsevier,是,SCIE,混合为主,"订阅路线通常无APC；Gold OA常见 USD 2,200-4,200",中,https://www.elsevier.com/open-access/agreements,https://www.google.com/search?q=BEST+PRACTICE+&+RESEARCH+CLINICAL+OBSTETRICS+&+GYNAECOLOGY+aims+scope+instructions+for+authors+APC
513,2补-Q1且IF5到10,1,AUTOIMMUNITY REVIEWS,AUTOIMMUN REV,1568-9972,1873-0183,9.8,10.6,Q1,18/183,Q1,Q1,1.61,90.4,57.0,15742.0,IMMUNOLOGY,IMMUNOLOGY(JIF Q1/JCI Q1),ELSEVIER,Elsevier,是,SCIE,混合为主,"订阅路线通常无APC；Gold OA常见 USD 2,200-4,200",中,https://www.elsevier.com/open-access/agreements,https://www.google.com/search?q=AUTOIMMUNITY+REVIEWS+aims+scope+instructions+for+authors+APC
514,2补-Q1且IF5到10,1,Journal of Intensive Care,J INTENSIVE CARE,2052-0492,2052-0492,7.5,6.1,Q1,8/66,Q1,Q1,1.19,88.6,57.0,3341.0,CRITICAL CARE MEDICINE,CRITICAL CARE MEDICINE(JIF Q1/JCI Q1),BMC,BMC,是,SCIE,全OA,"约 USD 1,990-2,890（旗舰刊更高）",高,https://www.biomedcentral.com/getpublished/article-processing-charges,https://www.google.com/search?q=Journal+of+Intensive+Care+aims+scope+instructions+for+authors+APC
515,2补-Q1且IF5到10,1,Radiology-Imaging Cancer,RADIOL-IMAG CANCER,2638-616X,2638-616X,7.2,6.2,Q1,16/217,Q1,Q1,1.26,92.9,57.0,1036.0,"ONCOLOGY; RADIOLOGY, NUCLEAR MEDICINE & MEDICAL IMAGING","ONCOLOGY(JIF Q1/JCI Q1) | RADIOLOGY, NUCLEAR MEDICINE & MEDICAL IMAGING(JIF Q1/JCI Q1)",RADIOLOGICAL SOC NORTH AMERICA (RSNA),其他,否,ESCI,需核实,请查期刊官网 Author / Open Access 页面,未知,,https://www.google.com/search?q=Radiology-Imaging+Cancer+aims+scope+instructions+for+authors+APC
516,2补-Q1且IF5到10,1,npj Regenerative Medicine,NPJ REGEN MED,,2057-3995,7.0,8.1,Q1,5/32,Q1,Q1,1.37,85.9,57.0,3206.0,"CELL & TISSUE ENGINEERING; ENGINEERING, BIOMEDICAL","CELL & TISSUE ENGINEERING(JIF Q1/JCI Q1) | ENGINEERING, BIOMEDICAL(JIF Q1/JCI Q1)",NATURE PORTFOLIO,Springer Nature,是,SCIE,混合/全OA,"全OA约 USD 2,090-3,490；Nature系更高；Scientific Reports已拉黑",中高,https://www.springernature.com/gp/open-research/journals-books/journals,https://www.google.com/search?q=npj+Regenerative+Medicine+aims+scope+instructions+for+authors+APC
517,2补-Q1且IF5到10,1,REDOX REPORT,REDOX REP,1351-0002,1743-2928,6.9,6.7,Q1,49/328,Q1,Q1,1.39,85.2,57.0,2765.0,BIOCHEMISTRY & MOLECULAR BIOLOGY,BIOCHEMISTRY & MOLECULAR BIOLOGY(JIF Q1/JCI Q1),TAYLOR & FRANCIS LTD,Taylor & Francis,是,SCIE,混合为主,"订阅路线通常无APC；Open Select常见 USD 2,500-3,500",中,https://authorservices.taylorandfrancis.com/publishing-open-access/,https://www.google.com/search?q=REDOX+REPORT+aims+scope+instructions+for+authors+APC
518,2补-Q1且IF5到10,1,Journal of Safety Science and Resilience,J SAF SCI RESIL,2096-7527,2666-4496,6.3,5.8,Q1,31/443,Q1,Q1,1.66,93.1,57.0,976.0,"PUBLIC, ENVIRONMENTAL & OCCUPATIONAL HEALTH","PUBLIC, ENVIRONMENTAL & OCCUPATIONAL HEALTH(JIF Q1/JCI Q1)",KEAI PUBLISHING LTD,其他,否,ESCI,需核实,请查期刊官网 Author / Open Access 页面,未知,,https://www.google.com/search?q=Journal+of+Safety+Science+and+Resilience+aims+scope+instructions+for+authors+APC
519,2补-Q1且IF5到10,1,GENES & DEVELOPMENT,GENE DEV,0890-9369,1549-5477,7.4,9.7,Q1,3/39,Q1,Q1,1.37,91.4,56.0,42641.0,CELL BIOLOGY; GENETICS & HEREDITY,CELL BIOLOGY(JIF Q1/JCI Q1) | GENETICS & HEREDITY(JIF Q1/JCI Q1),"COLD SPRING HARBOR LAB PRESS, PUBLICATIONS DEPT",其他,是,SCIE,需核实,请查期刊官网 Author / Open Access 页面,未知,,https://www.google.com/search?q=GENES+&+DEVELOPMENT+aims+scope+instructions+for+authors+APC
520,2补-Q1且IF5到10,1,World Journal of Pediatrics,WORLD J PEDIATR,1708-8569,1867-0687,7.3,5.7,Q1,4/190,Q1,Q1,1.87,98.2,56.0,3496.0,PEDIATRICS,PEDIATRICS(JIF Q1/JCI Q1),ZHEJIANG UNIV PRESS,其他,是,SCIE,需核实,请查期刊官网 Author / Open Access 页面,未知,,https://www.google.com/search?q=World+Journal+of+Pediatrics+aims+scope+instructions+for+authors+APC
521,2补-Q1且IF5到10,1,GENE THERAPY,GENE THER,0969-7128,1476-5462,5.9,5.4,Q1,27/192,Q1,Q1,1.05,86.2,56.0,6613.0,"BIOCHEMISTRY & MOLECULAR BIOLOGY; BIOTECHNOLOGY & APPLIED MICROBIOLOGY; GENETICS & HEREDITY; MEDICINE, RESEARCH & EXPERIMENTAL","BIOCHEMISTRY & MOLECULAR BIOLOGY(JIF Q1/JCI Q1) | BIOTECHNOLOGY & APPLIED MICROBIOLOGY(JIF Q1/JCI Q1) | GENETICS & HEREDITY(JIF Q1/JCI Q1) | MEDICINE, RESEARCH & EXPERIMENTAL(JIF Q1/JCI Q1)",SPRINGERNATURE,Springer Nature,是,SCIE,混合/全OA,"全OA约 USD 2,090-3,490；Nature系更高；Scientific Reports已拉黑",中高,https://www.springernature.com/gp/open-research/journals-books/journals,https://www.google.com/search?q=GENE+THERAPY+aims+scope+instructions+for+authors+APC
522,2补-Q1且IF5到10,1,MATRIX BIOLOGY,MATRIX BIOL,0945-053X,1569-1802,5.9,6.5,Q1,66/328,Q2,Q2,0.92,80.0,56.0,8942.0,BIOCHEMISTRY & MOLECULAR BIOLOGY; CELL BIOLOGY,BIOCHEMISTRY & MOLECULAR BIOLOGY(JIF Q1/JCI Q2) | CELL BIOLOGY(JIF Q2/JCI Q2),ELSEVIER,Elsevier,是,SCIE,混合为主,"订阅路线通常无APC；Gold OA常见 USD 2,200-4,200",中,https://www.elsevier.com/open-access/agreements,https://www.google.com/search?q=MATRIX+BIOLOGY+aims+scope+instructions+for+authors+APC
523,2补-Q1且IF5到10,1,Best Practice & Research Clinical Gastroenterology,BEST PRACT RES CL GA,1521-6918,1532-1916,5.2,4.7,Q1,31/153,Q1,Q1,1.03,80.1,56.0,3623.0,GASTROENTEROLOGY & HEPATOLOGY,GASTROENTEROLOGY & HEPATOLOGY(JIF Q1/JCI Q1),ELSEVIER SCI LTD,Elsevier,是,SCIE,混合为主,"订阅路线通常无APC；Gold OA常见 USD 2,200-4,200",中,https://www.elsevier.com/open-access/agreements,https://www.google.com/search?q=Best+Practice+&+Research+Clinical+Gastroenterology+aims+scope+instructions+for+authors+APC
524,2补-Q1且IF5到10,1,Minerva Urology and Nephrology,MINERVA UROL NEPHROL,2724-6051,2724-6442,5.1,4.6,Q1,17/134,Q1,Q1,1.41,87.7,56.0,2048.0,UROLOGY & NEPHROLOGY,UROLOGY & NEPHROLOGY(JIF Q1/JCI Q1),EDIZIONI MINERVA MEDICA,其他,是,SCIE,需核实,请查期刊官网 Author / Open Access 页面,未知,,https://www.google.com/search?q=Minerva+Urology+and+Nephrology+aims+scope+instructions+for+authors+APC
525,2补-Q1且IF5到10,1,CLINICAL AND EXPERIMENTAL ALLERGY,CLIN EXP ALLERGY,0954-7894,1365-2222,5.0,5.4,Q1,10/40,Q2,Q2,0.83,76.3,56.0,10030.0,ALLERGY; IMMUNOLOGY,ALLERGY(JIF Q1/JCI Q2) | IMMUNOLOGY(JIF Q2/JCI Q2),WILEY,Wiley,是,SCIE,混合为主,"订阅路线通常无APC；OnlineOpen常见 USD 3,200-4,700",中,https://authorservices.wiley.com/author-resources/Journal-Authors/open-access/article-publication-charges.html,https://www.google.com/search?q=CLINICAL+AND+EXPERIMENTAL+ALLERGY+aims+scope+instructions+for+authors+APC
526,2补-Q1且IF5到10,1,Asia-Pacific Journal of Ophthalmology,ASIA-PAC J OPHTHALMO,,2162-0989,7.0,5.8,Q1,4/98,Q1,Q1,2.12,96.4,55.0,3070.0,OPHTHALMOLOGY,OPHTHALMOLOGY(JIF Q1/JCI Q1),ELSEVIER SCIENCE INC,Elsevier,是,SCIE,混合为主,"订阅路线通常无APC；Gold OA常见 USD 2,200-4,200",中,https://www.elsevier.com/open-access/agreements,https://www.google.com/search?q=Asia-Pacific+Journal+of+Ophthalmology+aims+scope+instructions+for+authors+APC
527,2补-Q1且IF5到10,1,Human Reproduction Open,HUM REPROD OPEN,,2399-3529,8.6,10.9,Q1,2/143,Q1,Q1,3.43,99.0,54.0,3367.0,OBSTETRICS & GYNECOLOGY; REPRODUCTIVE BIOLOGY,OBSTETRICS & GYNECOLOGY(JIF Q1/JCI Q1) | REPRODUCTIVE BIOLOGY(JIF Q1/JCI Q1),OXFORD UNIV PRESS,Oxford UP,是,SCIE,混合为主,订阅路线通常无APC；可选OA，费用因刊而异,中,https://academic.oup.com/pages/open-research/open-access,https://www.google.com/search?q=Human+Reproduction+Open+aims+scope+instructions+for+authors+APC
528,2补-Q1且IF5到10,1,AMERICAN JOURNAL OF ROENTGENOLOGY,AM J ROENTGENOL,0361-803X,1546-3141,7.4,5.1,Q1,13/217,Q1,Q1,1.83,94.2,54.0,31027.0,"RADIOLOGY, NUCLEAR MEDICINE & MEDICAL IMAGING","RADIOLOGY, NUCLEAR MEDICINE & MEDICAL IMAGING(JIF Q1/JCI Q1)",AMER ROENTGEN RAY SOC,其他,是,SCIE,需核实,请查期刊官网 Author / Open Access 页面,未知,,https://www.google.com/search?q=AMERICAN+JOURNAL+OF+ROENTGENOLOGY+aims+scope+instructions+for+authors+APC
529,2补-Q1且IF5到10,1,BEST PRACTICE & RESEARCH CLINICAL ENDOCRINOLOGY & METABOLISM,BEST PRACT RES CL EN,1521-690X,1532-1908,6.9,7.6,Q1,25/198,Q1,Q1,1.66,87.6,54.0,6197.0,ENDOCRINOLOGY & METABOLISM,ENDOCRINOLOGY & METABOLISM(JIF Q1/JCI Q1),ELSEVIER SCI LTD,Elsevier,是,SCIE,混合为主,"订阅路线通常无APC；Gold OA常见 USD 2,200-4,200",中,https://www.elsevier.com/open-access/agreements,https://www.google.com/search?q=BEST+PRACTICE+&+RESEARCH+CLINICAL+ENDOCRINOLOGY+&+METABOLISM+aims+scope+instructions+for+authors+APC
530,2补-Q1且IF5到10,1,JOURNAL OF CONSULTING AND CLINICAL PSYCHOLOGY,J CONSULT CLIN PSYCH,0022-006X,1939-2117,6.0,7.2,Q1,8/184,Q1,Q1,1.9,95.9,54.0,21382.0,"PSYCHOLOGY, CLINICAL","PSYCHOLOGY, CLINICAL(JIF Q1/JCI Q1)",AMER PSYCHOLOGICAL ASSOC,其他,否,SSCI,需核实,请查期刊官网 Author / Open Access 页面,未知,,https://www.google.com/search?q=JOURNAL+OF+CONSULTING+AND+CLINICAL+PSYCHOLOGY+aims+scope+instructions+for+authors+APC
531,2补-Q1且IF5到10,1,CRANIO-The Journal of Craniomandibular & Sleep Practice,CRANIO,0886-9634,2151-0903,5.4,2.7,Q1,12/165,Q1,Q1,1.16,93.0,54.0,2359.0,"DENTISTRY, ORAL SURGERY & MEDICINE","DENTISTRY, ORAL SURGERY & MEDICINE(JIF Q1/JCI Q1)",TAYLOR & FRANCIS LTD,Taylor & Francis,是,SCIE,混合为主,"订阅路线通常无APC；Open Select常见 USD 2,500-3,500",中,https://authorservices.taylorandfrancis.com/publishing-open-access/,https://www.google.com/search?q=CRANIO-The+Journal+of+Craniomandibular+&+Sleep+Practice+aims+scope+instructions+for+authors+APC
532,2补-Q1且IF5到10,1,ADMET and DMPK,ADMET DMPK,1848-7718,1848-7718,5.1,5.0,Q1,65/356,Q1,Q1,0.98,81.9,54.0,1067.0,"CHEMISTRY, MEDICINAL; PHARMACOLOGY & PHARMACY","CHEMISTRY, MEDICINAL(JIF Q2/JCI Q2) | PHARMACOLOGY & PHARMACY(JIF Q1/JCI Q1)",IAPC PUBLISHING,其他,否,ESCI,需核实,请查期刊官网 Author / Open Access 页面,未知,,https://www.google.com/search?q=ADMET+and+DMPK+aims+scope+instructions+for+authors+APC
533,2补-Q1且IF5到10,1,Chinese Journal of Cancer Research,CHINESE J CANCER RES,1000-9604,1993-0631,6.7,6.2,Q1,58/333,Q1,Q1,1.08,82.7,53.0,3393.0,ONCOLOGY,ONCOLOGY(JIF Q1/JCI Q1),CHINESE JOURNAL CANCER RESEARCH CO,其他,是,SCIE,需核实,请查期刊官网 Author / Open Access 页面,未知,,https://www.google.com/search?q=Chinese+Journal+of+Cancer+Research+aims+scope+instructions+for+authors+APC
534,2补-Q1且IF5到10,1,Global Health Research and Policy,GLOB HEALTH RES POL,,2397-0642,6.0,5.5,Q1,33/443,Q1,Q1,1.38,92.7,53.0,1658.0,"PUBLIC, ENVIRONMENTAL & OCCUPATIONAL HEALTH","PUBLIC, ENVIRONMENTAL & OCCUPATIONAL HEALTH(JIF Q1/JCI Q1)",KEAI PUBLISHING LTD,其他,否,ESCI,需核实,请查期刊官网 Author / Open Access 页面,未知,,https://www.google.com/search?q=Global+Health+Research+and+Policy+aims+scope+instructions+for+authors+APC
535,2补-Q1且IF5到10,1,BIOFACTORS,BIOFACTORS,0951-6433,1872-8081,5.2,5.9,Q1,45/198,Q1,Q1,0.95,77.5,53.0,5999.0,BIOCHEMISTRY & MOLECULAR BIOLOGY; ENDOCRINOLOGY & METABOLISM,BIOCHEMISTRY & MOLECULAR BIOLOGY(JIF Q1/JCI Q1) | ENDOCRINOLOGY & METABOLISM(JIF Q1/JCI Q1),WILEY,Wiley,是,SCIE,混合为主,"订阅路线通常无APC；OnlineOpen常见 USD 3,200-4,700",中,https://authorservices.wiley.com/author-resources/Journal-Authors/open-access/article-publication-charges.html,https://www.google.com/search?q=BIOFACTORS+aims+scope+instructions+for+authors+APC
536,2补-Q1且IF5到10,1,JOINT BONE SPINE,JOINT BONE SPINE,1297-319X,1778-7254,5.0,4.6,Q1,10/58,Q1,Q1,1.02,83.6,53.0,5059.0,RHEUMATOLOGY,RHEUMATOLOGY(JIF Q1/JCI Q1),ELSEVIER FRANCE-EDITIONS SCIENTIFIQUES MEDICALES ELSEVIER,Elsevier,是,SCIE,混合为主,"订阅路线通常无APC；Gold OA常见 USD 2,200-4,200",中,https://www.elsevier.com/open-access/agreements,https://www.google.com/search?q=JOINT+BONE+SPINE+aims+scope+instructions+for+authors+APC
537,2补-Q1且IF5到10,1,EUROPEAN NEUROPSYCHOPHARMACOLOGY,EUR NEUROPSYCHOPHARM,0924-977X,1873-7862,8.1,6.4,Q1,13/293,Q1,Q1,1.37,95.7,52.0,9428.0,CLINICAL NEUROLOGY; NEUROSCIENCES; PHARMACOLOGY & PHARMACY; PSYCHIATRY,CLINICAL NEUROLOGY(JIF Q1/JCI Q1) | NEUROSCIENCES(JIF Q1/JCI Q1) | PHARMACOLOGY & PHARMACY(JIF Q1/JCI Q1) | PSYCHIATRY(JIF Q1/JCI Q1),ELSEVIER,Elsevier,是,SCIE,混合为主,"订阅路线通常无APC；Gold OA常见 USD 2,200-4,200",中,https://www.elsevier.com/open-access/agreements,https://www.google.com/search?q=EUROPEAN+NEUROPSYCHOPHARMACOLOGY+aims+scope+instructions+for+authors+APC
538,2补-Q1且IF5到10,1,RHINOLOGY,RHINOLOGY,0300-0729,0300-0729,5.7,4.9,Q1,2/67,Q1,Q1,3.17,97.8,52.0,4078.0,OTORHINOLARYNGOLOGY,OTORHINOLARYNGOLOGY(JIF Q1/JCI Q1),INT RHINOLOGIC SOC,其他,是,SCIE,需核实,请查期刊官网 Author / Open Access 页面,未知,,https://www.google.com/search?q=RHINOLOGY+aims+scope+instructions+for+authors+APC
539,2补-Q1且IF5到10,1,MITOCHONDRION,MITOCHONDRION,1567-7249,1872-8278,5.7,5.3,Q1,30/192,Q2,Q2,0.84,84.6,52.0,6358.0,CELL BIOLOGY; GENETICS & HEREDITY,CELL BIOLOGY(JIF Q2/JCI Q2) | GENETICS & HEREDITY(JIF Q1/JCI Q2),ELSEVIER SCI LTD,Elsevier,是,SCIE,混合为主,"订阅路线通常无APC；Gold OA常见 USD 2,200-4,200",中,https://www.elsevier.com/open-access/agreements,https://www.google.com/search?q=MITOCHONDRION+aims+scope+instructions+for+authors+APC
540,2补-Q1且IF5到10,1,Epidemiology and Psychiatric Sciences,EPIDEMIOL PSYCH SCI,2045-7960,2045-7979,5.4,8.5,Q1,35/293,Q1,Q1,1.51,88.2,52.0,5834.0,PSYCHIATRY,PSYCHIATRY(JIF Q1/JCI Q1),CAMBRIDGE UNIV PRESS,Cambridge UP,是,"SCIE, SSCI",混合为主,订阅路线通常无APC；Gold OA因刊而异,中,https://www.cambridge.org/core/open-research/open-access,https://www.google.com/search?q=Epidemiology+and+Psychiatric+Sciences+aims+scope+instructions+for+authors+APC
541,2补-Q1且IF5到10,1,Deutsches Arzteblatt International,DTSCH ARZTEBL INT,1866-0452,1866-0452,8.7,9.0,Q1,21/336,Q1,Q1,1.82,93.9,51.0,10470.0,"MEDICINE, GENERAL & INTERNAL","MEDICINE, GENERAL & INTERNAL(JIF Q1/JCI Q1)",DEUTSCHER AERZTE-VERLAG GMBH,其他,是,SCIE,需核实,请查期刊官网 Author / Open Access 页面,未知,,https://www.google.com/search?q=Deutsches+Arzteblatt+International+aims+scope+instructions+for+authors+APC
542,2补-Q1且IF5到10,1,Hepatobiliary Surgery and Nutrition,HEPATOBIL SURG NUTR,2304-3881,2304-389X,8.1,7.9,Q1,7/321,Q1,Q1,1.05,98.0,51.0,2755.0,GASTROENTEROLOGY & HEPATOLOGY; NUTRITION & DIETETICS; SURGERY,GASTROENTEROLOGY & HEPATOLOGY(JIF Q1/JCI Q1) | NUTRITION & DIETETICS(JIF Q1/JCI Q1) | SURGERY(JIF Q1/JCI Q1),AME PUBLISHING COMPANY,其他,是,SCIE,需核实,请查期刊官网 Author / Open Access 页面,未知,,https://www.google.com/search?q=Hepatobiliary+Surgery+and+Nutrition+aims+scope+instructions+for+authors+APC
543,2补-Q1且IF5到10,1,Stress Biology,STRESS BIOL,,2731-0450,6.4,8.4,Q1,57/328,Q2,Q2,0.85,82.8,51.0,1465.0,BIOCHEMISTRY & MOLECULAR BIOLOGY,BIOCHEMISTRY & MOLECULAR BIOLOGY(JIF Q1/JCI Q2),SPRINGERNATURE,Springer Nature,否,ESCI,混合/全OA,"全OA约 USD 2,090-3,490；Nature系更高；Scientific Reports已拉黑",中高,https://www.springernature.com/gp/open-research/journals-books/journals,https://www.google.com/search?q=Stress+Biology+aims+scope+instructions+for+authors+APC
544,2补-Q1且IF5到10,1,CURRENT OPINION IN PSYCHIATRY,CURR OPIN PSYCHIATR,0951-7367,1473-6578,5.9,7.7,Q1,28/293,Q1,Q1,1.24,90.6,51.0,6551.0,PSYCHIATRY,PSYCHIATRY(JIF Q1/JCI Q1),LIPPINCOTT WILLIAMS & WILKINS,Wolters Kluwer/LWW,是,"SCIE, SSCI",混合为主,"订阅路线通常无APC；OA常见 USD 2,000-4,000；MEDICINE已拉黑",中,https://wkauthorservices.editage.com/open-access/,https://www.google.com/search?q=CURRENT+OPINION+IN+PSYCHIATRY+aims+scope+instructions+for+authors+APC
545,2补-Q1且IF5到10,1,Natural Products and Bioprospecting,NAT PRODUCT BIOPROSP,2192-2195,2192-2209,5.8,5.7,Q1,15/72,Q2,Q2,0.96,79.9,51.0,2096.0,"CHEMISTRY, MEDICINAL","CHEMISTRY, MEDICINAL(JIF Q1/JCI Q2)",SPRINGERNATURE,Springer Nature,否,ESCI,混合/全OA,"全OA约 USD 2,090-3,490；Nature系更高；Scientific Reports已拉黑",中高,https://www.springernature.com/gp/open-research/journals-books/journals,https://www.google.com/search?q=Natural+Products+and+Bioprospecting+aims+scope+instructions+for+authors+APC
546,2补-Q1且IF5到10,1,BASIC RESEARCH IN CARDIOLOGY,BASIC RES CARDIOL,0300-8428,1435-1803,9.2,8.5,Q1,21/237,Q1,Q1,2.03,91.4,50.0,5689.0,CARDIAC & CARDIOVASCULAR SYSTEMS,CARDIAC & CARDIOVASCULAR SYSTEMS(JIF Q1/JCI Q1),SPRINGER HEIDELBERG,Springer,是,SCIE,混合为主,"订阅路线通常无APC；选OA约 USD 2,790-4,290",中,https://www.springer.com/gp/open-access,https://www.google.com/search?q=BASIC+RESEARCH+IN+CARDIOLOGY+aims+scope+instructions+for+authors+APC
547,2补-Q1且IF5到10,1,CANADIAN MEDICAL ASSOCIATION JOURNAL,CAN MED ASSOC J,0820-3946,1488-2329,8.6,10.3,Q1,23/336,Q1,Q1,1.95,93.3,50.0,18542.0,"MEDICINE, GENERAL & INTERNAL","MEDICINE, GENERAL & INTERNAL(JIF Q1/JCI Q1)",CMA-CANADIAN MEDICAL ASSOC,其他,是,SCIE,需核实,请查期刊官网 Author / Open Access 页面,未知,,https://www.google.com/search?q=CANADIAN+MEDICAL+ASSOCIATION+JOURNAL+aims+scope+instructions+for+authors+APC
548,2补-Q1且IF5到10,1,Bio-Design and Manufacturing,BIO-DES MANUF,2096-5524,2522-8552,7.9,8.0,Q1,19/130,Q1,Q1,1.17,85.8,50.0,2245.0,"ENGINEERING, BIOMEDICAL","ENGINEERING, BIOMEDICAL(JIF Q1/JCI Q1)",SPRINGER HEIDELBERG,Springer,是,SCIE,混合为主,"订阅路线通常无APC；选OA约 USD 2,790-4,290",中,https://www.springer.com/gp/open-access,https://www.google.com/search?q=Bio-Design+and+Manufacturing+aims+scope+instructions+for+authors+APC
549,2补-Q1且IF5到10,1,Current Opinion in Insect Science,CURR OPIN INSECT SCI,2214-5745,2214-5753,5.5,6.6,Q1,2/110,Q1,Q1,1.66,91.0,50.0,6918.0,BIOLOGY,BIOLOGY(JIF Q1/JCI Q1),ELSEVIER,Elsevier,是,SCIE,混合为主,"订阅路线通常无APC；Gold OA常见 USD 2,200-4,200",中,https://www.elsevier.com/open-access/agreements,https://www.google.com/search?q=Current+Opinion+in+Insect+Science+aims+scope+instructions+for+authors+APC
550,2补-Q1且IF5到10,0,MOLECULES AND CELLS,MOL CELLS,1016-8478,0219-1032,8.2,5.6,Q1,39/328,Q2,Q2,0.71,88.3,49.0,6812.0,BIOCHEMISTRY & MOLECULAR BIOLOGY; CELL BIOLOGY,BIOCHEMISTRY & MOLECULAR BIOLOGY(JIF Q1/JCI Q2) | CELL BIOLOGY(JIF Q1/JCI Q2),KOREAN SOC MOLECULAR & CELLULAR BIOLOGY,其他,是,SCIE,需核实,请查期刊官网 Author / Open Access 页面,未知,,https://www.google.com/search?q=MOLECULES+AND+CELLS+aims+scope+instructions+for+authors+APC
551,2补-Q1且IF5到10,0,PSYCHOTHERAPY AND PSYCHOSOMATICS,PSYCHOTHER PSYCHOSOM,0033-3190,1423-0348,9.0,17.5,Q1,11/293,Q1,Q1,2.83,96.4,48.0,6961.0,PSYCHIATRY,PSYCHIATRY(JIF Q1/JCI Q1),KARGER,Karger,是,"SCIE, SSCI; SCIE",混合/OA,"因刊而异，常见 USD 2,500-3,800",中,https://karger.com/pages/Open-Access,https://www.google.com/search?q=PSYCHOTHERAPY+AND+PSYCHOSOMATICS+aims+scope+instructions+for+authors+APC
552,2补-Q1且IF5到10,0,CNS DRUGS,CNS DRUGS,1172-7047,1179-1934,7.0,7.9,Q1,22/293,Q1,Q1,1.64,92.7,48.0,7910.0,CLINICAL NEUROLOGY; PHARMACOLOGY & PHARMACY; PSYCHIATRY,CLINICAL NEUROLOGY(JIF Q1/JCI Q1) | PHARMACOLOGY & PHARMACY(JIF Q1/JCI Q1) | PSYCHIATRY(JIF Q1/JCI Q1),ADIS INT LTD,其他,是,SCIE,需核实,请查期刊官网 Author / Open Access 页面,未知,,https://www.google.com/search?q=CNS+DRUGS+aims+scope+instructions+for+authors+APC
553,2补-Q1且IF5到10,0,JOURNAL OF ENDOCRINOLOGY,J ENDOCRINOL,0022-0795,1479-6805,5.7,4.4,Q1,35/198,Q2,Q2,0.81,82.6,48.0,10628.0,ENDOCRINOLOGY & METABOLISM,ENDOCRINOLOGY & METABOLISM(JIF Q1/JCI Q2),BIOSCIENTIFICA LTD,其他,是,SCIE,需核实,请查期刊官网 Author / Open Access 页面,未知,,https://www.google.com/search?q=JOURNAL+OF+ENDOCRINOLOGY+aims+scope+instructions+for+authors+APC
554,2补-Q1且IF5到10,0,JOURNAL OF PERIODONTAL RESEARCH,J PERIODONTAL RES,0022-3484,1600-0765,5.4,4.7,Q1,12/165,Q1,Q1,1.64,93.0,48.0,6869.0,"DENTISTRY, ORAL SURGERY & MEDICINE","DENTISTRY, ORAL SURGERY & MEDICINE(JIF Q1/JCI Q1)",WILEY,Wiley,是,SCIE,混合为主,"订阅路线通常无APC；OnlineOpen常见 USD 3,200-4,700",中,https://authorservices.wiley.com/author-resources/Journal-Authors/open-access/article-publication-charges.html,https://www.google.com/search?q=JOURNAL+OF+PERIODONTAL+RESEARCH+aims+scope+instructions+for+authors+APC
555,2补-Q1且IF5到10,0,BEST PRACTICE & RESEARCH IN CLINICAL RHEUMATOLOGY,BEST PRACT RES CL RH,1521-6942,1532-1770,7.0,6.9,Q1,6/58,Q1,Q1,1.78,90.5,47.0,5560.0,RHEUMATOLOGY,RHEUMATOLOGY(JIF Q1/JCI Q1),ELSEVIER SCI LTD,Elsevier,是,SCIE,混合为主,"订阅路线通常无APC；Gold OA常见 USD 2,200-4,200",中,https://www.elsevier.com/open-access/agreements,https://www.google.com/search?q=BEST+PRACTICE+&+RESEARCH+IN+CLINICAL+RHEUMATOLOGY+aims+scope+instructions+for+authors+APC
556,2补-Q1且IF5到10,0,Circulation-Genomic and Precision Medicine,CIRC-GENOM PRECIS ME,2574-8300,2574-8300,6.1,6.9,Q1,26/192,Q1,Q1,1.34,86.7,47.0,2655.0,CARDIAC & CARDIOVASCULAR SYSTEMS; GENETICS & HEREDITY,CARDIAC & CARDIOVASCULAR SYSTEMS(JIF Q1/JCI Q1) | GENETICS & HEREDITY(JIF Q1/JCI Q1),LIPPINCOTT WILLIAMS & WILKINS,Wolters Kluwer/LWW,是,SCIE,混合为主,"订阅路线通常无APC；OA常见 USD 2,000-4,000；MEDICINE已拉黑",中,https://wkauthorservices.editage.com/open-access/,https://www.google.com/search?q=Circulation-Genomic+and+Precision+Medicine+aims+scope+instructions+for+authors+APC
557,2补-Q1且IF5到10,0,Mayo Clinic Proceedings: Digital Health,MAYO CLIN P DIGIT H,,2949-7612,5.0,5.0,Q1,25/194,Q2,Q2,0.88,87.4,47.0,745.0,HEALTH CARE SCIENCES & SERVICES; MEDICAL INFORMATICS,HEALTH CARE SCIENCES & SERVICES(JIF Q1/JCI Q2) | MEDICAL INFORMATICS(JIF Q2/JCI Q3),ELSEVIER,Elsevier,否,ESCI,混合为主,"订阅路线通常无APC；Gold OA常见 USD 2,200-4,200",中,https://www.elsevier.com/open-access/agreements,https://www.google.com/search?q=Mayo+Clinic+Proceedings:+Digital+Health+aims+scope+instructions+for+authors+APC
558,2补-Q1且IF5到10,0,QJM-AN INTERNATIONAL JOURNAL OF MEDICINE,QJM-INT J MED,1460-2725,1460-2393,8.9,6.9,Q1,20/336,Q1,Q1,1.04,94.2,46.0,6592.0,"MEDICINE, GENERAL & INTERNAL","MEDICINE, GENERAL & INTERNAL(JIF Q1/JCI Q1)",OXFORD UNIV PRESS,Oxford UP,是,SCIE,混合为主,订阅路线通常无APC；可选OA，费用因刊而异,中,https://academic.oup.com/pages/open-research/open-access,https://www.google.com/search?q=QJM-AN+INTERNATIONAL+JOURNAL+OF+MEDICINE+aims+scope+instructions+for+authors+APC
559,2补-Q1且IF5到10,0,Oncogenesis,ONCOGENESIS,2157-9024,2157-9024,6.0,6.3,Q1,64/333,Q1,Q1,1.22,80.9,46.0,4592.0,ONCOLOGY,ONCOLOGY(JIF Q1/JCI Q1),SPRINGERNATURE,Springer Nature,是,SCIE,混合/全OA,"全OA约 USD 2,090-3,490；Nature系更高；Scientific Reports已拉黑",中高,https://www.springernature.com/gp/open-research/journals-books/journals,https://www.google.com/search?q=Oncogenesis+aims+scope+instructions+for+authors+APC
560,2补-Q1且IF5到10,0,Clinical Psychological Science,CLIN PSYCHOL SCI,2167-7026,2167-7034,5.1,5.6,Q1,14/184,Q1,Q1,1.4,92.7,46.0,5509.0,"PSYCHIATRY; PSYCHOLOGY, CLINICAL","PSYCHIATRY(JIF Q1/JCI Q1) | PSYCHOLOGY, CLINICAL(JIF Q1/JCI Q1)",SAGE PUBLICATIONS INC,SAGE,是,SCIE; SSCI,混合为主,"订阅路线通常无APC；SAGE Choice常见 USD 2,000-4,000",中,https://us.sagepub.com/en-us/nam/sage-choice,https://www.google.com/search?q=Clinical+Psychological+Science+aims+scope+instructions+for+authors+APC
561,2补-Q1且IF5到10,0,Cancer & Metabolism,CANCER METAB,,2049-3002,5.9,6.8,Q1,65/333,Q1,Q1,1.07,80.6,45.0,1980.0,CELL BIOLOGY; ONCOLOGY,CELL BIOLOGY(JIF Q2/JCI Q2) | ONCOLOGY(JIF Q1/JCI Q1),BMC,BMC,是,SCIE,全OA,"约 USD 1,990-2,890（旗舰刊更高）",高,https://www.biomedcentral.com/getpublished/article-processing-charges,https://www.google.com/search?q=Cancer+&+Metabolism+aims+scope+instructions+for+authors+APC
562,2补-Q1且IF5到10,0,TRENDS IN CARDIOVASCULAR MEDICINE,TRENDS CARDIOVAS MED,1050-1738,1873-2615,8.6,8.0,Q1,24/237,Q1,Q1,2.47,90.1,43.0,4641.0,CARDIAC & CARDIOVASCULAR SYSTEMS,CARDIAC & CARDIOVASCULAR SYSTEMS(JIF Q1/JCI Q1),ELSEVIER SCIENCE LONDON,Elsevier,是,SCIE,混合为主,"订阅路线通常无APC；Gold OA常见 USD 2,200-4,200",中,https://www.elsevier.com/open-access/agreements,https://www.google.com/search?q=TRENDS+IN+CARDIOVASCULAR+MEDICINE+aims+scope+instructions+for+authors+APC
563,2补-Q1且IF5到10,0,Immunity & Ageing,IMMUN AGEING,1742-4933,1742-4933,8.3,7.9,Q1,7/72,Q1,Q1,1.33,91.0,43.0,3583.0,GERIATRICS & GERONTOLOGY; IMMUNOLOGY,GERIATRICS & GERONTOLOGY(JIF Q1/JCI Q1) | IMMUNOLOGY(JIF Q1/JCI Q1),BMC,BMC,是,SCIE,全OA,"约 USD 1,990-2,890（旗舰刊更高）",高,https://www.biomedcentral.com/getpublished/article-processing-charges,https://www.google.com/search?q=Immunity+&+Ageing+aims+scope+instructions+for+authors+APC
564,2补-Q1且IF5到10,0,Translational Research,TRANSL RES,1931-5244,1878-1810,6.1,6.9,Q1,31/336,Q1,Q1,1.85,90.9,43.0,7610.0,"MEDICAL LABORATORY TECHNOLOGY; MEDICINE, GENERAL & INTERNAL; MEDICINE, RESEARCH & EXPERIMENTAL","MEDICAL LABORATORY TECHNOLOGY(JIF Q1/JCI Q1) | MEDICINE, GENERAL & INTERNAL(JIF Q1/JCI Q1) | MEDICINE, RESEARCH & EXPERIMENTAL(JIF Q1/JCI Q1)",ELSEVIER SCIENCE INC,Elsevier,是,SCIE,混合为主,"订阅路线通常无APC；Gold OA常见 USD 2,200-4,200",中,https://www.elsevier.com/open-access/agreements,https://www.google.com/search?q=Translational+Research+aims+scope+instructions+for+authors+APC
565,2补-Q1且IF5到10,0,PHARMACEUTICAL BIOLOGY,PHARM BIOL,1388-0209,1744-5116,6.0,5.0,Q1,32/285,Q1,Q1,1.7,87.2,43.0,10407.0,MEDICAL LABORATORY TECHNOLOGY; PHARMACOLOGY & PHARMACY,MEDICAL LABORATORY TECHNOLOGY(JIF Q1/JCI Q1) | PHARMACOLOGY & PHARMACY(JIF Q1/JCI Q1),TAYLOR & FRANCIS LTD,Taylor & Francis,是,SCIE,混合为主,"订阅路线通常无APC；Open Select常见 USD 2,500-3,500",中,https://authorservices.taylorandfrancis.com/publishing-open-access/,https://www.google.com/search?q=PHARMACEUTICAL+BIOLOGY+aims+scope+instructions+for+authors+APC
566,2补-Q1且IF5到10,0,One Health Outlook,ONE HEALTH OUTLOOK,2524-4655,2524-4655,5.9,6.6,Q1,34/443,Q2,Q2,0.81,92.4,43.0,738.0,"INFECTIOUS DISEASES; MICROBIOLOGY; PUBLIC, ENVIRONMENTAL & OCCUPATIONAL HEALTH","INFECTIOUS DISEASES(JIF Q1/JCI Q2) | MICROBIOLOGY(JIF Q1/JCI Q2) | PUBLIC, ENVIRONMENTAL & OCCUPATIONAL HEALTH(JIF Q1/JCI Q2)",BMC,BMC,否,ESCI,全OA,"约 USD 1,990-2,890（旗舰刊更高）",高,https://www.biomedcentral.com/getpublished/article-processing-charges,https://www.google.com/search?q=One+Health+Outlook+aims+scope+instructions+for+authors+APC
567,2补-Q1且IF5到10,0,Journal of Inflammation-London,J INFLAMM-LOND,1476-9255,1476-9255,5.8,5.1,Q1,40/183,Q2,Q2,0.89,78.4,43.0,2258.0,IMMUNOLOGY,IMMUNOLOGY(JIF Q1/JCI Q2),BMC,BMC,是,SCIE,全OA,"约 USD 1,990-2,890（旗舰刊更高）",高,https://www.biomedcentral.com/getpublished/article-processing-charges,https://www.google.com/search?q=Journal+of+Inflammation-London+aims+scope+instructions+for+authors+APC
568,2补-Q1且IF5到10,0,Phenomics,PHENOMICS,2730-583X,2730-5848,5.5,5.8,Q1,33/192,Q1,Q1,1.2,83.1,43.0,956.0,GENETICS & HEREDITY,GENETICS & HEREDITY(JIF Q1/JCI Q1),SPRINGERNATURE,Springer Nature,否,ESCI,混合/全OA,"全OA约 USD 2,090-3,490；Nature系更高；Scientific Reports已拉黑",中高,https://www.springernature.com/gp/open-research/journals-books/journals,https://www.google.com/search?q=Phenomics+aims+scope+instructions+for+authors+APC
569,2补-Q1且IF5到10,0,BRAIN PATHOLOGY,BRAIN PATHOL,1015-6305,1750-3639,5.0,5.7,Q1,7/89,Q1,Q1,1.45,92.7,43.0,6585.0,CLINICAL NEUROLOGY; NEUROSCIENCES; PATHOLOGY,CLINICAL NEUROLOGY(JIF Q1/JCI Q1) | NEUROSCIENCES(JIF Q1/JCI Q1) | PATHOLOGY(JIF Q1/JCI Q1),WILEY,Wiley,是,SCIE,混合为主,"订阅路线通常无APC；OnlineOpen常见 USD 3,200-4,700",中,https://authorservices.wiley.com/author-resources/Journal-Authors/open-access/article-publication-charges.html,https://www.google.com/search?q=BRAIN+PATHOLOGY+aims+scope+instructions+for+authors+APC
570,2补-Q1且IF5到10,0,ALLERGOLOGY INTERNATIONAL,ALLERGOL INT,1323-8930,1440-1592,6.2,7.3,Q1,8/40,Q1,Q1,1.33,81.3,42.0,4272.0,ALLERGY; IMMUNOLOGY,ALLERGY(JIF Q1/JCI Q1) | IMMUNOLOGY(JIF Q1/JCI Q1),JAPANESE SOC ALLERGOLOGY,其他,是,SCIE,需核实,请查期刊官网 Author / Open Access 页面,未知,,https://www.google.com/search?q=ALLERGOLOGY+INTERNATIONAL+aims+scope+instructions+for+authors+APC
571,2补-Q1且IF5到10,0,Journal of Zhejiang University-SCIENCE B,J ZHEJIANG UNIV-SC B,1673-1581,1862-1783,5.7,5.7,Q1,37/180,Q2,Q2,0.86,79.7,42.0,5163.0,"BIOCHEMISTRY & MOLECULAR BIOLOGY; BIOTECHNOLOGY & APPLIED MICROBIOLOGY; MEDICINE, RESEARCH & EXPERIMENTAL","BIOCHEMISTRY & MOLECULAR BIOLOGY(JIF Q1/JCI Q2) | BIOTECHNOLOGY & APPLIED MICROBIOLOGY(JIF Q1/JCI Q2) | MEDICINE, RESEARCH & EXPERIMENTAL(JIF Q1/JCI Q2)",ZHEJIANG UNIV PRESS,其他,是,SCIE,需核实,请查期刊官网 Author / Open Access 页面,未知,,https://www.google.com/search?q=Journal+of+Zhejiang+University-SCIENCE+B+aims+scope+instructions+for+authors+APC
572,2补-Q1且IF5到10,0,JMIR Nursing,JMIR NURS,,2562-7600,5.0,,Q1,8/194,Q1,Q1,1.82,96.1,42.0,613.0,NURSING,NURSING(JIF Q1/JCI Q1),"JMIR PUBLICATIONS, INC",其他,否,ESCI,需核实,请查期刊官网 Author / Open Access 页面,未知,,https://www.google.com/search?q=JMIR+Nursing+aims+scope+instructions+for+authors+APC
573,2补-Q1且IF5到10,0,Journal of Integrative Medicine-JIM,J INTEGR MED-JIM,2095-4964,2095-4964,5.2,4.6,Q1,9/48,Q1,Q1,1.11,82.3,41.0,2271.0,INTEGRATIVE & COMPLEMENTARY MEDICINE,INTEGRATIVE & COMPLEMENTARY MEDICINE(JIF Q1/JCI Q1),ELSEVIER,Elsevier,是,SCIE,混合为主,"订阅路线通常无APC；Gold OA常见 USD 2,200-4,200",中,https://www.elsevier.com/open-access/agreements,https://www.google.com/search?q=Journal+of+Integrative+Medicine-JIM+aims+scope+instructions+for+authors+APC
574,2补-Q1且IF5到10,0,European Heart Journal-Cardiovascular Pharmacotherapy,EUR HEART J-CARD PHA,2055-6837,2055-6845,8.2,6.1,Q1,20/356,Q1,Q1,1.43,94.5,40.0,2494.0,CARDIAC & CARDIOVASCULAR SYSTEMS; PHARMACOLOGY & PHARMACY,CARDIAC & CARDIOVASCULAR SYSTEMS(JIF Q1/JCI Q1) | PHARMACOLOGY & PHARMACY(JIF Q1/JCI Q1),OXFORD UNIV PRESS,Oxford UP,是,SCIE,混合为主,订阅路线通常无APC；可选OA，费用因刊而异,中,https://academic.oup.com/pages/open-research/open-access,https://www.google.com/search?q=European+Heart+Journal-Cardiovascular+Pharmacotherapy+aims+scope+instructions+for+authors+APC
575,2补-Q1且IF5到10,0,INTERNATIONAL PSYCHOGERIATRICS,INT PSYCHOGERIATR,1041-6102,1741-203X,6.0,6.3,Q1,2/49,Q1,Q1,1.49,95.9,40.0,10223.0,"GERIATRICS & GERONTOLOGY; PSYCHIATRY; PSYCHOLOGY, CLINICAL","GERIATRICS & GERONTOLOGY(JIF Q1/JCI Q1) | PSYCHIATRY(JIF Q1/JCI Q1) | PSYCHOLOGY, CLINICAL(JIF Q1/JCI Q1)",ELSEVIER,Elsevier,是,SCIE; SSCI,混合为主,"订阅路线通常无APC；Gold OA常见 USD 2,200-4,200",中,https://www.elsevier.com/open-access/agreements,https://www.google.com/search?q=INTERNATIONAL+PSYCHOGERIATRICS+aims+scope+instructions+for+authors+APC
576,2补-Q1且IF5到10,0,Advances in Wound Care,ADV WOUND CARE,2162-1918,2162-1934,5.7,8.3,Q1,9/99,Q1,Q1,1.53,91.4,40.0,6313.0,DERMATOLOGY,DERMATOLOGY(JIF Q1/JCI Q1),SAGE PUBLICATIONS INC,SAGE,是,SCIE,混合为主,"订阅路线通常无APC；SAGE Choice常见 USD 2,000-4,000",中,https://us.sagepub.com/en-us/nam/sage-choice,https://www.google.com/search?q=Advances+in+Wound+Care+aims+scope+instructions+for+authors+APC
577,2补-Q1且IF5到10,0,Nutrition & Diabetes,NUTR DIABETES,2044-4052,2044-4052,5.7,6.2,Q1,20/114,Q1,Q1,1.21,82.9,40.0,2991.0,ENDOCRINOLOGY & METABOLISM; NUTRITION & DIETETICS,ENDOCRINOLOGY & METABOLISM(JIF Q1/JCI Q1) | NUTRITION & DIETETICS(JIF Q1/JCI Q1),SPRINGERNATURE,Springer Nature,是,SCIE,混合/全OA,"全OA约 USD 2,090-3,490；Nature系更高；Scientific Reports已拉黑",中高,https://www.springernature.com/gp/open-research/journals-books/journals,https://www.google.com/search?q=Nutrition+&+Diabetes+aims+scope+instructions+for+authors+APC
578,2补-Q1且IF5到10,0,Preventing Chronic Disease,PREV CHRONIC DIS,1545-1151,1545-1151,5.6,5.6,Q1,40/443,Q1,Q1,1.37,91.1,40.0,7032.0,"PUBLIC, ENVIRONMENTAL & OCCUPATIONAL HEALTH","PUBLIC, ENVIRONMENTAL & OCCUPATIONAL HEALTH(JIF Q1/JCI Q1)",CENTERS DISEASE CONTROL & PREVENTION,其他,是,"SCIE, SSCI",需核实,请查期刊官网 Author / Open Access 页面,未知,,https://www.google.com/search?q=Preventing+Chronic+Disease+aims+scope+instructions+for+authors+APC
579,2补-Q1且IF5到10,0,ALTEX-Alternatives to Animal Experimentation,ALTEX-ALTERN ANIM EX,1868-596X,1868-8551,5.5,5.5,Q1,46/191,Q1,Q1,1.41,76.2,40.0,2408.0,"MEDICINE, RESEARCH & EXPERIMENTAL","MEDICINE, RESEARCH & EXPERIMENTAL(JIF Q1/JCI Q1)",SPEKTRUM AKADEMISCHER VERLAG-SPRINGER-VERLAG GMBH,Springer,是,SCIE,混合为主,"订阅路线通常无APC；选OA约 USD 2,790-4,290",中,https://www.springer.com/gp/open-access,https://www.google.com/search?q=ALTEX-Alternatives+to+Animal+Experimentation+aims+scope+instructions+for+authors+APC
580,2补-Q1且IF5到10,0,Eye and Vision,EYE VISION,,2326-0254,5.2,5.4,Q1,11/98,Q1,Q1,1.77,89.3,40.0,2024.0,OPHTHALMOLOGY,OPHTHALMOLOGY(JIF Q1/JCI Q1),BMC,BMC,是,SCIE,全OA,"约 USD 1,990-2,890（旗舰刊更高）",高,https://www.biomedcentral.com/getpublished/article-processing-charges,https://www.google.com/search?q=Eye+and+Vision+aims+scope+instructions+for+authors+APC
581,2补-Q1且IF5到10,0,CLINICAL AND EXPERIMENTAL HYPERTENSION,CLIN EXP HYPERTENS,1064-1963,1525-6006,6.8,2.8,Q1,37/356,Q1,Q1,1.16,89.7,39.0,2448.0,PERIPHERAL VASCULAR DISEASE; PHARMACOLOGY & PHARMACY,PERIPHERAL VASCULAR DISEASE(JIF Q1/JCI Q1) | PHARMACOLOGY & PHARMACY(JIF Q1/JCI Q1),TAYLOR & FRANCIS INC,Taylor & Francis,是,SCIE,混合为主,"订阅路线通常无APC；Open Select常见 USD 2,500-3,500",中,https://authorservices.taylorandfrancis.com/publishing-open-access/,https://www.google.com/search?q=CLINICAL+AND+EXPERIMENTAL+HYPERTENSION+aims+scope+instructions+for+authors+APC
582,2补-Q1且IF5到10,0,mLife,MLIFE,2097-1699,2770-100X,6.7,6.8,Q1,23/167,Q2,Q2,1.04,86.5,39.0,761.0,MICROBIOLOGY,MICROBIOLOGY(JIF Q1/JCI Q2),WILEY,Wiley,否,ESCI,混合为主,"订阅路线通常无APC；OnlineOpen常见 USD 3,200-4,700",中,https://authorservices.wiley.com/author-resources/Journal-Authors/open-access/article-publication-charges.html,https://www.google.com/search?q=mLife+aims+scope+instructions+for+authors+APC
583,2补-Q1且IF5到10,0,Progress in Orthodontics,PROG ORTHOD,2196-1042,2196-1042,6.3,5.8,Q1,7/165,Q1,Q1,2.19,96.1,39.0,2870.0,"DENTISTRY, ORAL SURGERY & MEDICINE","DENTISTRY, ORAL SURGERY & MEDICINE(JIF Q1/JCI Q1)",SPRINGER,Springer,是,SCIE,混合为主,"订阅路线通常无APC；选OA约 USD 2,790-4,290",中,https://www.springer.com/gp/open-access,https://www.google.com/search?q=Progress+in+Orthodontics+aims+scope+instructions+for+authors+APC
584,2补-Q1且IF5到10,0,Cancer Nanotechnology,CANCER NANOTECHNOL,1868-6958,1868-6966,5.8,5.4,Q1,67/333,Q2,Q2,0.89,80.0,39.0,1698.0,ONCOLOGY,ONCOLOGY(JIF Q1/JCI Q2),SPRINGER WIEN,Springer,是,SCIE,混合为主,"订阅路线通常无APC；选OA约 USD 2,790-4,290",中,https://www.springer.com/gp/open-access,https://www.google.com/search?q=Cancer+Nanotechnology+aims+scope+instructions+for+authors+APC
585,2补-Q1且IF5到10,0,BMJ Medicine,BMJ MED,,2754-0413,9.3,10.6,Q1,18/336,Q1,Q1,2.81,94.8,38.0,1485.0,"MEDICINE, GENERAL & INTERNAL","MEDICINE, GENERAL & INTERNAL(JIF Q1/JCI Q1)",BMJ PUBLISHING GROUP,BMJ,否,ESCI,混合/全OA,"BMJ Open约GBP 2,175；旗舰刊更高",高,https://authors.bmj.com/open-access/,https://www.google.com/search?q=BMJ+Medicine+aims+scope+instructions+for+authors+APC
586,2补-Q1且IF5到10,0,ARCHIVOS DE BRONCONEUMOLOGIA,ARCH BRONCONEUMOL,0300-2896,1579-2129,8.7,6.6,Q1,8/107,Q1,Q1,1.62,93.0,37.0,3328.0,RESPIRATORY SYSTEM,RESPIRATORY SYSTEM(JIF Q1/JCI Q1),ELSEVIER ESPANA SLU,Elsevier,是,SCIE,混合为主,"订阅路线通常无APC；Gold OA常见 USD 2,200-4,200",中,https://www.elsevier.com/open-access/agreements,https://www.google.com/search?q=ARCHIVOS+DE+BRONCONEUMOLOGIA+aims+scope+instructions+for+authors+APC
587,2补-Q1且IF5到10,0,Brain Informatics,BRAIN INFORM,2198-4018,2198-4026,8.3,,Q1,23/330,Q1,Q1,1.05,93.2,37.0,1261.0,NEUROSCIENCES,NEUROSCIENCES(JIF Q1/JCI Q1),SPRINGERNATURE,Springer Nature,否,ESCI,混合/全OA,"全OA约 USD 2,090-3,490；Nature系更高；Scientific Reports已拉黑",中高,https://www.springernature.com/gp/open-research/journals-books/journals,https://www.google.com/search?q=Brain+Informatics+aims+scope+instructions+for+authors+APC
588,2补-Q1且IF5到10,0,Therapeutic Advances in Endocrinology and Metabolism,THER ADV ENDOCRINOL,2042-0188,2042-0196,7.8,5.9,Q1,18/198,Q2,Q2,0.93,91.2,37.0,2171.0,ENDOCRINOLOGY & METABOLISM,ENDOCRINOLOGY & METABOLISM(JIF Q1/JCI Q2),SAGE PUBLICATIONS LTD,SAGE,是,SCIE,混合为主,"订阅路线通常无APC；SAGE Choice常见 USD 2,000-4,000",中,https://us.sagepub.com/en-us/nam/sage-choice,https://www.google.com/search?q=Therapeutic+Advances+in+Endocrinology+and+Metabolism+aims+scope+instructions+for+authors+APC
589,2补-Q1且IF5到10,0,JOURNAL OF ORTHOPAEDIC & SPORTS PHYSICAL THERAPY,J ORTHOP SPORT PHYS,0190-6011,1938-1344,6.9,7.8,Q1,2/175,Q1,Q1,2.16,99.1,37.0,11724.0,ORTHOPEDICS; REHABILITATION; SPORT SCIENCES,ORTHOPEDICS(JIF Q1/JCI Q1) | REHABILITATION(JIF Q1/JCI Q1) | SPORT SCIENCES(JIF Q1/JCI Q1),J O S P T,其他,是,SCIE,需核实,请查期刊官网 Author / Open Access 页面,未知,,https://www.google.com/search?q=JOURNAL+OF+ORTHOPAEDIC+&+SPORTS+PHYSICAL+THERAPY+aims+scope+instructions+for+authors+APC
590,2补-Q1且IF5到10,0,CURRENT OPINION IN PHARMACOLOGY,CURR OPIN PHARMACOL,1471-4892,1471-4973,5.5,4.6,Q1,56/356,Q1,Q1,1.4,84.4,37.0,6901.0,PHARMACOLOGY & PHARMACY,PHARMACOLOGY & PHARMACY(JIF Q1/JCI Q1),ELSEVIER SCI LTD,Elsevier,是,SCIE,混合为主,"订阅路线通常无APC；Gold OA常见 USD 2,200-4,200",中,https://www.elsevier.com/open-access/agreements,https://www.google.com/search?q=CURRENT+OPINION+IN+PHARMACOLOGY+aims+scope+instructions+for+authors+APC
591,2补-Q1且IF5到10,0,Targeted Oncology,TARGET ONCOL,1776-2596,1776-260X,5.1,5.0,Q1,83/333,Q2,Q2,0.83,75.2,37.0,2877.0,ONCOLOGY,ONCOLOGY(JIF Q1/JCI Q2),SPRINGER,Springer,是,SCIE,混合为主,"订阅路线通常无APC；选OA约 USD 2,790-4,290",中,https://www.springer.com/gp/open-access,https://www.google.com/search?q=Targeted+Oncology+aims+scope+instructions+for+authors+APC
592,2补-Q1且IF5到10,0,Current Opinion in Chemical Engineering,CURR OPIN CHEM ENG,2211-3398,2211-3398,8.6,9.1,Q1,15/180,Q1,Q1,1.29,91.9,36.0,6037.0,BIOTECHNOLOGY & APPLIED MICROBIOLOGY,BIOTECHNOLOGY & APPLIED MICROBIOLOGY(JIF Q1/JCI Q1),ELSEVIER SCI LTD,Elsevier,是,SCIE,混合为主,"订阅路线通常无APC；Gold OA常见 USD 2,200-4,200",中,https://www.elsevier.com/open-access/agreements,https://www.google.com/search?q=Current+Opinion+in+Chemical+Engineering+aims+scope+instructions+for+authors+APC
593,2补-Q1且IF5到10,0,aBIOTECH,ABIOTECH,2096-6326,2662-1738,8.5,7.5,Q1,15/285,Q1,Q1,0.94,91.4,36.0,1151.0,BIOTECHNOLOGY & APPLIED MICROBIOLOGY,BIOTECHNOLOGY & APPLIED MICROBIOLOGY(JIF Q1/JCI Q1),ELSEVIER,Elsevier,否,ESCI,混合为主,"订阅路线通常无APC；Gold OA常见 USD 2,200-4,200",中,https://www.elsevier.com/open-access/agreements,https://www.google.com/search?q=aBIOTECH+aims+scope+instructions+for+authors+APC
594,2补-Q1且IF5到10,0,Turkish Journal of Emergency Medicine,TURK J EMERG MED,2452-2473,2452-2473,6.6,3.7,Q1,3/55,Q1,Q1,1.28,95.5,36.0,1967.0,EMERGENCY MEDICINE,EMERGENCY MEDICINE(JIF Q1/JCI Q1),WOLTERS KLUWER MEDKNOW PUBLICATIONS,Wolters Kluwer/LWW,否,ESCI,混合为主,"订阅路线通常无APC；OA常见 USD 2,000-4,000；MEDICINE已拉黑",中,https://wkauthorservices.editage.com/open-access/,https://www.google.com/search?q=Turkish+Journal+of+Emergency+Medicine+aims+scope+instructions+for+authors+APC
595,2补-Q1且IF5到10,0,General Psychiatry,GEN PSYCHIAT,2096-5923,2517-729X,9.9,8.0,Q1,7/293,Q1,Q1,2.05,97.8,35.0,2350.0,PSYCHIATRY,PSYCHIATRY(JIF Q1/JCI Q1),WILEY,Wiley,否,ESCI,混合为主,"订阅路线通常无APC；OnlineOpen常见 USD 3,200-4,700",中,https://authorservices.wiley.com/author-resources/Journal-Authors/open-access/article-publication-charges.html,https://www.google.com/search?q=General+Psychiatry+aims+scope+instructions+for+authors+APC
596,2补-Q1且IF5到10,0,JOURNAL OF CLINICAL CHILD AND ADOLESCENT PSYCHOLOGY,J CLIN CHILD ADOLESC,1537-4416,1537-4424,5.2,5.6,Q1,12/184,Q1,Q1,1.68,93.8,35.0,7368.0,"PSYCHOLOGY, CLINICAL","PSYCHOLOGY, CLINICAL(JIF Q1/JCI Q1)","ROUTLEDGE JOURNALS, TAYLOR & FRANCIS LTD",Taylor & Francis,否,SSCI,混合为主,"订阅路线通常无APC；Open Select常见 USD 2,500-3,500",中,https://authorservices.taylorandfrancis.com/publishing-open-access/,https://www.google.com/search?q=JOURNAL+OF+CLINICAL+CHILD+AND+ADOLESCENT+PSYCHOLOGY+aims+scope+instructions+for+authors+APC
597,2补-Q1且IF5到10,0,Health Care Science,HEALTH CARE SCI,2771-1749,2771-1757,6.0,5.5,Q1,22/194,Q2,Q2,1.0,88.9,34.0,493.0,HEALTH CARE SCIENCES & SERVICES,HEALTH CARE SCIENCES & SERVICES(JIF Q1/JCI Q2),WILEY,Wiley,否,ESCI,混合为主,"订阅路线通常无APC；OnlineOpen常见 USD 3,200-4,700",中,https://authorservices.wiley.com/author-resources/Journal-Authors/open-access/article-publication-charges.html,https://www.google.com/search?q=Health+Care+Science+aims+scope+instructions+for+authors+APC
598,2补-Q1且IF5到10,0,Artificial Cells Nanomedicine and Biotechnology,ARTIF CELL NANOMED B,2169-1401,2169-141X,5.6,4.3,Q1,38/180,Q2,Q2,0.87,79.2,34.0,7718.0,"BIOTECHNOLOGY & APPLIED MICROBIOLOGY; ENGINEERING, BIOMEDICAL; MATERIALS SCIENCE, BIOMATERIALS","BIOTECHNOLOGY & APPLIED MICROBIOLOGY(JIF Q1/JCI Q2) | ENGINEERING, BIOMEDICAL(JIF Q2/JCI Q2) | MATERIALS SCIENCE, BIOMATERIALS(JIF Q2/JCI Q2)",TAYLOR & FRANCIS LTD,Taylor & Francis,是,SCIE,混合为主,"订阅路线通常无APC；Open Select常见 USD 2,500-3,500",中,https://authorservices.taylorandfrancis.com/publishing-open-access/,https://www.google.com/search?q=Artificial+Cells+Nanomedicine+and+Biotechnology+aims+scope+instructions+for+authors+APC
599,2补-Q1且IF5到10,0,ANNALS OF MICROBIOLOGY,ANN MICROBIOL,1590-4261,1869-2044,5.1,4.8,Q1,43/180,Q2,Q2,0.87,76.4,34.0,4701.0,BIOTECHNOLOGY & APPLIED MICROBIOLOGY; MICROBIOLOGY,BIOTECHNOLOGY & APPLIED MICROBIOLOGY(JIF Q1/JCI Q2) | MICROBIOLOGY(JIF Q2/JCI Q2),BMC,BMC,是,SCIE,全OA,"约 USD 1,990-2,890（旗舰刊更高）",高,https://www.biomedcentral.com/getpublished/article-processing-charges,https://www.google.com/search?q=ANNALS+OF+MICROBIOLOGY+aims+scope+instructions+for+authors+APC
600,2补-Q1且IF5到10,0,Biomedical Journal,BIOMED J,2319-4170,2320-2890,6.3,5.6,Q1,60/328,Q1,Q1,0.96,81.9,33.0,3768.0,"BIOCHEMISTRY & MOLECULAR BIOLOGY; MEDICINE, RESEARCH & EXPERIMENTAL","BIOCHEMISTRY & MOLECULAR BIOLOGY(JIF Q1/JCI Q1) | MEDICINE, RESEARCH & EXPERIMENTAL(JIF Q1/JCI Q2)",ELSEVIER,Elsevier,是,SCIE,混合为主,"订阅路线通常无APC；Gold OA常见 USD 2,200-4,200",中,https://www.elsevier.com/open-access/agreements,https://www.google.com/search?q=Biomedical+Journal+aims+scope+instructions+for+authors+APC
601,2补-Q1且IF5到10,0,MIT Technology Review,MIT TECHNOL REV,1099-274X,,7.2,,Q1,17/140,Q4,Q4,0.02,88.2,32.0,1198.0,MULTIDISCIPLINARY SCIENCES,MULTIDISCIPLINARY SCIENCES(JIF Q1/JCI Q4),TECHNOL REV,其他,是,SCIE,需核实,请查期刊官网 Author / Open Access 页面,未知,,https://www.google.com/search?q=MIT+Technology+Review+aims+scope+instructions+for+authors+APC
602,2补-Q1且IF5到10,0,Emergencias,EMERGENCIAS,1137-6821,2386-5857,5.5,3.4,Q1,6/55,Q1,Q1,1.63,90.0,31.0,1022.0,EMERGENCY MEDICINE,EMERGENCY MEDICINE(JIF Q1/JCI Q1),Soc Espanola Medicina Urgencias & Emergencias-SEMES,其他,是,SCIE,需核实,请查期刊官网 Author / Open Access 页面,未知,,https://www.google.com/search?q=Emergencias+aims+scope+instructions+for+authors+APC
603,2补-Q1且IF5到10,0,ARCHIVES OF PHARMACAL RESEARCH,ARCH PHARM RES,0253-6269,1976-3786,8.2,8.0,Q1,20/356,Q1,Q1,1.37,94.5,30.0,8786.0,"CHEMISTRY, MEDICINAL; PHARMACOLOGY & PHARMACY","CHEMISTRY, MEDICINAL(JIF Q1/JCI Q1) | PHARMACOLOGY & PHARMACY(JIF Q1/JCI Q1)",PHARMACEUTICAL SOC KOREA,其他,是,SCIE,需核实,请查期刊官网 Author / Open Access 页面,未知,,https://www.google.com/search?q=ARCHIVES+OF+PHARMACAL+RESEARCH+aims+scope+instructions+for+authors+APC
604,2补-Q1且IF5到10,0,Journal of Nursing Regulation,J NURS REGUL,2155-8256,2155-8264,7.5,4.6,Q1,2/194,Q1,Q1,2.75,99.2,30.0,1051.0,NURSING,NURSING(JIF Q1/JCI Q1),ELSEVIER,Elsevier,是,"SCIE, SSCI",混合为主,"订阅路线通常无APC；Gold OA常见 USD 2,200-4,200",中,https://www.elsevier.com/open-access/agreements,https://www.google.com/search?q=Journal+of+Nursing+Regulation+aims+scope+instructions+for+authors+APC
605,2补-Q1且IF5到10,0,INTERNATIONAL JOURNAL OF ONCOLOGY,INT J ONCOL,1019-6439,1791-2423,7.3,6.0,Q1,52/333,Q2,Q2,1.03,84.5,30.0,16556.0,ONCOLOGY,ONCOLOGY(JIF Q1/JCI Q2),SPANDIDOS PUBL LTD,其他,是,SCIE,需核实,请查期刊官网 Author / Open Access 页面,未知,,https://www.google.com/search?q=INTERNATIONAL+JOURNAL+OF+ONCOLOGY+aims+scope+instructions+for+authors+APC
606,2补-Q1且IF5到10,0,JAAD International,JAAD INT,,2666-3287,6.5,6.3,Q1,8/99,Q1,Q1,1.6,92.4,30.0,1519.0,DERMATOLOGY,DERMATOLOGY(JIF Q1/JCI Q1),ELSEVIER,Elsevier,否,ESCI,混合为主,"订阅路线通常无APC；Gold OA常见 USD 2,200-4,200",中,https://www.elsevier.com/open-access/agreements,https://www.google.com/search?q=JAAD+International+aims+scope+instructions+for+authors+APC
607,2补-Q1且IF5到10,0,JOURNAL OF TRAVEL MEDICINE,J TRAVEL MED,1195-1982,1708-8305,5.5,6.4,Q1,42/443,Q1,Q1,1.18,90.6,30.0,4177.0,"INFECTIOUS DISEASES; MEDICINE, GENERAL & INTERNAL; PUBLIC, ENVIRONMENTAL & OCCUPATIONAL HEALTH","INFECTIOUS DISEASES(JIF Q1/JCI Q1) | MEDICINE, GENERAL & INTERNAL(JIF Q1/JCI Q1) | PUBLIC, ENVIRONMENTAL & OCCUPATIONAL HEALTH(JIF Q1/JCI Q1)",OXFORD UNIV PRESS INC,Oxford UP,是,SCIE,混合为主,订阅路线通常无APC；可选OA，费用因刊而异,中,https://academic.oup.com/pages/open-research/open-access,https://www.google.com/search?q=JOURNAL+OF+TRAVEL+MEDICINE+aims+scope+instructions+for+authors+APC
608,2补-Q1且IF5到10,0,BIODRUGS,BIODRUGS,1173-8804,1179-190X,8.5,7.6,Q1,19/356,Q1,Q1,1.3,94.8,29.0,4076.0,IMMUNOLOGY; ONCOLOGY; PHARMACOLOGY & PHARMACY,IMMUNOLOGY(JIF Q1/JCI Q1) | ONCOLOGY(JIF Q1/JCI Q1) | PHARMACOLOGY & PHARMACY(JIF Q1/JCI Q1),ADIS INT LTD,其他,是,SCIE,需核实,请查期刊官网 Author / Open Access 页面,未知,,https://www.google.com/search?q=BIODRUGS+aims+scope+instructions+for+authors+APC
609,2补-Q1且IF5到10,0,Molecular Diagnosis & Therapy,MOL DIAGN THER,1177-1062,1179-2000,5.8,5.2,Q1,50/356,Q1,Q1,1.06,86.1,29.0,2564.0,GENETICS & HEREDITY; PHARMACOLOGY & PHARMACY,GENETICS & HEREDITY(JIF Q1/JCI Q1) | PHARMACOLOGY & PHARMACY(JIF Q1/JCI Q1),ADIS INT LTD,其他,是,SCIE,需核实,请查期刊官网 Author / Open Access 页面,未知,,https://www.google.com/search?q=Molecular+Diagnosis+&+Therapy+aims+scope+instructions+for+authors+APC
610,2补-Q1且IF5到10,0,AMYLOID-JOURNAL OF PROTEIN FOLDING DISORDERS,AMYLOID,1350-6129,1744-2818,5.1,6.3,Q1,42/336,Q1,Q1,1.27,87.6,29.0,2531.0,"BIOCHEMISTRY & MOLECULAR BIOLOGY; MEDICINE, GENERAL & INTERNAL; MEDICINE, RESEARCH & EXPERIMENTAL","BIOCHEMISTRY & MOLECULAR BIOLOGY(JIF Q2/JCI Q1) | MEDICINE, GENERAL & INTERNAL(JIF Q1/JCI Q1) | MEDICINE, RESEARCH & EXPERIMENTAL(JIF Q2/JCI Q1)",TAYLOR & FRANCIS LTD,Taylor & Francis,是,SCIE,混合为主,"订阅路线通常无APC；Open Select常见 USD 2,500-3,500",中,https://authorservices.taylorandfrancis.com/publishing-open-access/,https://www.google.com/search?q=AMYLOID-JOURNAL+OF+PROTEIN+FOLDING+DISORDERS+aims+scope+instructions+for+authors+APC
611,2补-Q1且IF5到10,0,Psychedelic Medicine,PSYCHEDELIC MED,2831-4425,2831-4433,5.0,5.0,Q1,41/293,Q1,Q1,1.01,86.2,29.0,277.0,NEUROSCIENCES; PHARMACOLOGY & PHARMACY; PSYCHIATRY,NEUROSCIENCES(JIF Q1/JCI Q2) | PHARMACOLOGY & PHARMACY(JIF Q1/JCI Q1) | PSYCHIATRY(JIF Q1/JCI Q1),SAGE PUBLICATIONS INC,SAGE,否,ESCI,混合为主,"订阅路线通常无APC；SAGE Choice常见 USD 2,000-4,000",中,https://us.sagepub.com/en-us/nam/sage-choice,https://www.google.com/search?q=Psychedelic+Medicine+aims+scope+instructions+for+authors+APC
612,2补-Q1且IF5到10,0,Cancer Drug Resistance,CANCER DRUG RESIST,,2578-532X,7.6,6.5,Q1,50/333,Q2,Q2,0.9,85.1,28.0,2677.0,ONCOLOGY,ONCOLOGY(JIF Q1/JCI Q2),OAE PUBLISHING INC,其他,否,ESCI,需核实,请查期刊官网 Author / Open Access 页面,未知,,https://www.google.com/search?q=Cancer+Drug+Resistance+aims+scope+instructions+for+authors+APC
613,2补-Q1且IF5到10,0,Expert Opinion on Drug Discovery,EXPERT OPIN DRUG DIS,1746-0441,1746-045X,7.3,7.2,Q1,31/356,Q2,Q2,0.87,91.4,28.0,7648.0,PHARMACOLOGY & PHARMACY,PHARMACOLOGY & PHARMACY(JIF Q1/JCI Q2),TAYLOR & FRANCIS LTD,Taylor & Francis,是,SCIE,混合为主,"订阅路线通常无APC；Open Select常见 USD 2,500-3,500",中,https://authorservices.taylorandfrancis.com/publishing-open-access/,https://www.google.com/search?q=Expert+Opinion+on+Drug+Discovery+aims+scope+instructions+for+authors+APC
614,2补-Q1且IF5到10,0,JOURNAL OF INVESTIGATIONAL ALLERGOLOGY AND CLINICAL IMMUNOLOGY,J INVEST ALLERG CLIN,1018-9068,1698-0808,6.6,6.4,Q1,6/40,Q1,Q1,1.01,86.3,28.0,2538.0,ALLERGY; IMMUNOLOGY,ALLERGY(JIF Q1/JCI Q1) | IMMUNOLOGY(JIF Q1/JCI Q2),"ESMON PUBLICIDAD S A, DEPT ALLERGY & CLIN IMMUNOL, CLIN UNIV NAVARRA",其他,是,SCIE,需核实,请查期刊官网 Author / Open Access 页面,未知,,https://www.google.com/search?q=JOURNAL+OF+INVESTIGATIONAL+ALLERGOLOGY+AND+CLINICAL+IMMUNOLOGY+aims+scope+instructions+for+authors+APC
615,2补-Q1且IF5到10,0,Clinical Hypertension,CLIN HYPERTENS,,2056-5909,6.2,4.6,Q1,15/100,Q1,Q1,0.88,85.5,28.0,987.0,PERIPHERAL VASCULAR DISEASE,PERIPHERAL VASCULAR DISEASE(JIF Q1/JCI Q1),Korean Soc Hypertension,其他,否,ESCI,需核实,请查期刊官网 Author / Open Access 页面,未知,,https://www.google.com/search?q=Clinical+Hypertension+aims+scope+instructions+for+authors+APC
616,2补-Q1且IF5到10,0,EXCLI Journal,EXCLI J,1611-2156,1611-2156,6.2,5.4,Q1,7/106,Q1,Q1,0.81,93.9,28.0,4410.0,BIOLOGY,BIOLOGY(JIF Q1/JCI Q1),EXCLI JOURNAL MANAGING OFFICE,其他,是,SCIE,需核实,请查期刊官网 Author / Open Access 页面,未知,,https://www.google.com/search?q=EXCLI+Journal+aims+scope+instructions+for+authors+APC
617,2补-Q1且IF5到10,0,Frontiers in Genome Editing,FRONT GENOME EDIT,,2673-3439,5.9,6.1,Q1,27/192,Q2,Q2,0.88,86.2,28.0,1353.0,BIOTECHNOLOGY & APPLIED MICROBIOLOGY; GENETICS & HEREDITY,BIOTECHNOLOGY & APPLIED MICROBIOLOGY(JIF Q1/JCI Q2) | GENETICS & HEREDITY(JIF Q1/JCI Q2),FRONTIERS MEDIA SA,Frontiers,否,ESCI,全OA,"约 CHF 1,495-3,150（Frontiers in Medicine A类=CHF 3,150）",高,https://www.frontiersin.org/about/fee-policy,https://www.google.com/search?q=Frontiers+in+Genome+Editing+aims+scope+instructions+for+authors+APC
618,2补-Q1且IF5到10,0,Cancer Pathogenesis and Therapy,CANCER PATHOG THER,2097-2563,2949-7132,5.9,5.9,Q1,65/333,Q2,Q2,0.76,80.6,28.0,645.0,ONCOLOGY,ONCOLOGY(JIF Q1/JCI Q2),ELSEVIER,Elsevier,否,ESCI,混合为主,"订阅路线通常无APC；Gold OA常见 USD 2,200-4,200",中,https://www.elsevier.com/open-access/agreements,https://www.google.com/search?q=Cancer+Pathogenesis+and+Therapy+aims+scope+instructions+for+authors+APC
619,2补-Q1且IF5到10,0,Journal of Intensive Medicine,J INTENSIV MED,2097-0250,2667-100X,5.6,5.1,Q1,12/66,Q2,Q2,0.89,82.6,28.0,794.0,CRITICAL CARE MEDICINE,CRITICAL CARE MEDICINE(JIF Q1/JCI Q2),ELSEVIER,Elsevier,否,ESCI,混合为主,"订阅路线通常无APC；Gold OA常见 USD 2,200-4,200",中,https://www.elsevier.com/open-access/agreements,https://www.google.com/search?q=Journal+of+Intensive+Medicine+aims+scope+instructions+for+authors+APC
620,2补-Q1且IF5到10,0,European Journal of Emergency Medicine,EUR J EMERG MED,0969-9546,1473-5695,5.4,3.6,Q1,7/55,Q1,Q1,1.72,88.2,28.0,2213.0,EMERGENCY MEDICINE,EMERGENCY MEDICINE(JIF Q1/JCI Q1),LIPPINCOTT WILLIAMS & WILKINS,Wolters Kluwer/LWW,是,SCIE,混合为主,"订阅路线通常无APC；OA常见 USD 2,000-4,000；MEDICINE已拉黑",中,https://wkauthorservices.editage.com/open-access/,https://www.google.com/search?q=European+Journal+of+Emergency+Medicine+aims+scope+instructions+for+authors+APC
621,2补-Q1且IF5到10,0,Journal of Gastric Cancer,J GASTRIC CANCER,2093-582X,2093-5641,5.1,3.8,Q1,32/153,Q1,Q1,0.92,79.4,28.0,1347.0,GASTROENTEROLOGY & HEPATOLOGY; ONCOLOGY,GASTROENTEROLOGY & HEPATOLOGY(JIF Q1/JCI Q1) | ONCOLOGY(JIF Q1/JCI Q2),KOREAN GASTRIC CANCER ASSOC,其他,是,SCIE,需核实,请查期刊官网 Author / Open Access 页面,未知,,https://www.google.com/search?q=Journal+of+Gastric+Cancer+aims+scope+instructions+for+authors+APC
622,2补-Q1且IF5到10,0,EPMA Journal,EPMA J,1878-5077,1878-5085,7.0,6.5,Q1,34/191,Q1,Q1,1.35,82.5,27.0,2288.0,"MEDICINE, RESEARCH & EXPERIMENTAL","MEDICINE, RESEARCH & EXPERIMENTAL(JIF Q1/JCI Q1)",SPRINGER INT PUBL AG,Springer,是,SCIE,混合为主,"订阅路线通常无APC；选OA约 USD 2,790-4,290",中,https://www.springer.com/gp/open-access,https://www.google.com/search?q=EPMA+Journal+aims+scope+instructions+for+authors+APC
623,2补-Q1且IF5到10,0,Chemical Biology Letters,CHEM BIOL LETT,,2347-9825,5.6,2.6,Q1,72/328,Q3,Q3,0.49,78.2,27.0,382.0,"BIOCHEMISTRY & MOLECULAR BIOLOGY; CHEMISTRY, MEDICINAL","BIOCHEMISTRY & MOLECULAR BIOLOGY(JIF Q1/JCI Q3) | CHEMISTRY, MEDICINAL(JIF Q1/JCI Q3)",ScienceIn Publications,其他,否,ESCI,需核实,请查期刊官网 Author / Open Access 页面,未知,,https://www.google.com/search?q=Chemical+Biology+Letters+aims+scope+instructions+for+authors+APC
624,2补-Q1且IF5到10,0,Cell Surface,CELL SURF,2468-2330,2468-2330,9.3,,Q1,30/328,Q1,Q1,1.17,91.0,26.0,794.0,BIOCHEMISTRY & MOLECULAR BIOLOGY,BIOCHEMISTRY & MOLECULAR BIOLOGY(JIF Q1/JCI Q1),ELSEVIER,Elsevier,否,ESCI,混合为主,"订阅路线通常无APC；Gold OA常见 USD 2,200-4,200",中,https://www.elsevier.com/open-access/agreements,https://www.google.com/search?q=Cell+Surface+aims+scope+instructions+for+authors+APC
625,2补-Q1且IF5到10,0,Annual Review of Biomedical Data Science,ANNU REV BIOMED DA S,2574-3414,2574-3414,8.1,9.3,Q1,2/67,Q2,Q2,0.81,97.8,26.0,1071.0,MATHEMATICAL & COMPUTATIONAL BIOLOGY,MATHEMATICAL & COMPUTATIONAL BIOLOGY(JIF Q1/JCI Q2),ANNUAL REVIEWS,其他,是,SCIE,需核实,请查期刊官网 Author / Open Access 页面,未知,,https://www.google.com/search?q=Annual+Review+of+Biomedical+Data+Science+aims+scope+instructions+for+authors+APC
626,2补-Q1且IF5到10,0,Journal of Occupational Health Psychology,J OCCUP HEALTH PSYCH,1076-8998,1939-1307,6.7,7.2,Q1,26/443,Q1,Q1,1.86,94.2,26.0,9089.0,"PUBLIC, ENVIRONMENTAL & OCCUPATIONAL HEALTH","PUBLIC, ENVIRONMENTAL & OCCUPATIONAL HEALTH(JIF Q1/JCI Q1)",EDUCATIONAL PUBLISHING FOUNDATION-AMERICAN PSYCHOLOGICAL ASSOC,其他,否,SSCI,需核实,请查期刊官网 Author / Open Access 页面,未知,,https://www.google.com/search?q=Journal+of+Occupational+Health+Psychology+aims+scope+instructions+for+authors+APC
627,2补-Q1且IF5到10,0,AIMS Microbiology,AIMS MICROBIOL,2471-1888,2471-1888,5.4,6.2,Q1,37/167,Q2,Q2,0.71,78.1,26.0,2312.0,MICROBIOLOGY,MICROBIOLOGY(JIF Q1/JCI Q2),AMER INST MATHEMATICAL SCIENCES-AIMS,其他,否,ESCI,需核实,请查期刊官网 Author / Open Access 页面,未知,,https://www.google.com/search?q=AIMS+Microbiology+aims+scope+instructions+for+authors+APC
628,2补-Q1且IF5到10,0,BME Frontiers,BME FRONT,,2765-8031,9.1,7.6,Q1,16/130,Q1,Q1,1.04,88.1,25.0,841.0,"ENGINEERING, BIOMEDICAL","ENGINEERING, BIOMEDICAL(JIF Q1/JCI Q1)",AMER ASSOC ADVANCEMENT SCIENCE,其他,否,ESCI,需核实,请查期刊官网 Author / Open Access 页面,未知,,https://www.google.com/search?q=BME+Frontiers+aims+scope+instructions+for+authors+APC
629,2补-Q1且IF5到10,0,Extracellular Vesicles and Circulating Nucleic Acids,EXTRACELL VESICLES C,,2767-6641,8.5,8.4,Q1,36/328,Q3,Q3,0.61,89.2,25.0,865.0,BIOCHEMISTRY & MOLECULAR BIOLOGY; CELL BIOLOGY,BIOCHEMISTRY & MOLECULAR BIOLOGY(JIF Q1/JCI Q3) | CELL BIOLOGY(JIF Q1/JCI Q3),OAE PUBLISHING INC,其他,否,ESCI,需核实,请查期刊官网 Author / Open Access 页面,未知,,https://www.google.com/search?q=Extracellular+Vesicles+and+Circulating+Nucleic+Acids+aims+scope+instructions+for+authors+APC
630,2补-Q1且IF5到10,0,Anesthesiology and Perioperative Science,ANESTHES PERIOP SCI,,2731-8389,7.5,7.5,Q1,11/321,Q1,Q1,1.66,96.7,25.0,512.0,ANESTHESIOLOGY; SURGERY,ANESTHESIOLOGY(JIF Q1/JCI Q1) | SURGERY(JIF Q1/JCI Q1),SPRINGERNATURE,Springer Nature,否,ESCI,混合/全OA,"全OA约 USD 2,090-3,490；Nature系更高；Scientific Reports已拉黑",中高,https://www.springernature.com/gp/open-research/journals-books/journals,https://www.google.com/search?q=Anesthesiology+and+Perioperative+Science+aims+scope+instructions+for+authors+APC
631,2补-Q1且IF5到10,0,Engineering Microbiology,ENG MICROBIOL,2097-4280,2667-3703,6.1,6.4,Q1,31/180,Q2,Q2,0.74,83.1,25.0,680.0,BIOTECHNOLOGY & APPLIED MICROBIOLOGY; MICROBIOLOGY,BIOTECHNOLOGY & APPLIED MICROBIOLOGY(JIF Q1/JCI Q2) | MICROBIOLOGY(JIF Q1/JCI Q2),KEAI PUBLISHING LTD,其他,否,ESCI,需核实,请查期刊官网 Author / Open Access 页面,未知,,https://www.google.com/search?q=Engineering+Microbiology+aims+scope+instructions+for+authors+APC
632,2补-Q1且IF5到10,0,Immune Network,IMMUNE NETW,1598-2629,2092-6685,5.9,5.8,Q1,39/183,Q2,Q2,0.87,79.0,25.0,2699.0,IMMUNOLOGY,IMMUNOLOGY(JIF Q1/JCI Q2),KOREA ASSOC IMMUNOLOGISTS,其他,是,SCIE,需核实,请查期刊官网 Author / Open Access 页面,未知,,https://www.google.com/search?q=Immune+Network+aims+scope+instructions+for+authors+APC
633,2补-Q1且IF5到10,0,Cell Regeneration,CELL REGEN,,2045-9769,5.6,,Q1,7/32,Q3,Q3,0.61,79.7,25.0,921.0,CELL & TISSUE ENGINEERING; CELL BIOLOGY,CELL & TISSUE ENGINEERING(JIF Q1/JCI Q3) | CELL BIOLOGY(JIF Q2/JCI Q3),SPRINGERNATURE,Springer Nature,否,ESCI,混合/全OA,"全OA约 USD 2,090-3,490；Nature系更高；Scientific Reports已拉黑",中高,https://www.springernature.com/gp/open-research/journals-books/journals,https://www.google.com/search?q=Cell+Regeneration+aims+scope+instructions+for+authors+APC
634,2补-Q1且IF5到10,0,Intelligent Medicine,INTEL MED,2667-1026,2667-1026,7.8,7.0,Q1,5/54,Q2,Q2,0.95,91.7,24.0,732.0,MEDICAL INFORMATICS,MEDICAL INFORMATICS(JIF Q1/JCI Q2),ELSEVIER,Elsevier,否,ESCI,混合为主,"订阅路线通常无APC；Gold OA常见 USD 2,200-4,200",中,https://www.elsevier.com/open-access/agreements,https://www.google.com/search?q=Intelligent+Medicine+aims+scope+instructions+for+authors+APC
635,2补-Q1且IF5到10,0,Acupuncture and Herbal Medicine,ACUPUNCT HERB MED,2097-0226,2765-8619,7.3,6.0,Q1,7/48,Q1,Q1,1.19,86.5,24.0,745.0,INTEGRATIVE & COMPLEMENTARY MEDICINE,INTEGRATIVE & COMPLEMENTARY MEDICINE(JIF Q1/JCI Q1),LIPPINCOTT WILLIAMS & WILKINS,Wolters Kluwer/LWW,否,ESCI,混合为主,"订阅路线通常无APC；OA常见 USD 2,000-4,000；MEDICINE已拉黑",中,https://wkauthorservices.editage.com/open-access/,https://www.google.com/search?q=Acupuncture+and+Herbal+Medicine+aims+scope+instructions+for+authors+APC
636,2补-Q1且IF5到10,0,Medicine Advances,MED ADV,2834-4391,2834-4405,5.3,5.3,Q1,38/336,Q2,Q2,0.53,88.8,24.0,358.0,"MEDICINE, GENERAL & INTERNAL","MEDICINE, GENERAL & INTERNAL(JIF Q1/JCI Q2)",WILEY,Wiley,否,ESCI,混合为主,"订阅路线通常无APC；OnlineOpen常见 USD 3,200-4,700",中,https://authorservices.wiley.com/author-resources/Journal-Authors/open-access/article-publication-charges.html,https://www.google.com/search?q=Medicine+Advances+aims+scope+instructions+for+authors+APC
637,2补-Q1且IF5到10,0,Brain Circulation,BRAIN CIRC,2394-8108,2455-4626,5.2,3.5,Q1,36/296,Q1,Q1,0.91,88.0,24.0,1017.0,CLINICAL NEUROLOGY; PERIPHERAL VASCULAR DISEASE,CLINICAL NEUROLOGY(JIF Q1/JCI Q2) | PERIPHERAL VASCULAR DISEASE(JIF Q1/JCI Q1),WOLTERS KLUWER MEDKNOW PUBLICATIONS,Wolters Kluwer/LWW,否,ESCI,混合为主,"订阅路线通常无APC；OA常见 USD 2,000-4,000；MEDICINE已拉黑",中,https://wkauthorservices.editage.com/open-access/,https://www.google.com/search?q=Brain+Circulation+aims+scope+instructions+for+authors+APC
638,2补-Q1且IF5到10,0,One Health Advances,ONE HEALTH ADV,,2731-9970,5.0,5.0,Q1,53/443,Q1,Q1,1.17,88.1,24.0,332.0,"INFECTIOUS DISEASES; PUBLIC, ENVIRONMENTAL & OCCUPATIONAL HEALTH","INFECTIOUS DISEASES(JIF Q1/JCI Q1) | PUBLIC, ENVIRONMENTAL & OCCUPATIONAL HEALTH(JIF Q1/JCI Q1)",SPRINGERNATURE,Springer Nature,否,ESCI,混合/全OA,"全OA约 USD 2,090-3,490；Nature系更高；Scientific Reports已拉黑",中高,https://www.springernature.com/gp/open-research/journals-books/journals,https://www.google.com/search?q=One+Health+Advances+aims+scope+instructions+for+authors+APC
639,2补-Q1且IF5到10,0,Therapeutic Advances in Psychopharmacology,THER ADV PSYCHOPHARM,2045-1253,2045-1261,5.0,4.5,Q1,41/293,Q2,Q2,0.77,86.2,24.0,1679.0,PHARMACOLOGY & PHARMACY; PSYCHIATRY,PHARMACOLOGY & PHARMACY(JIF Q1/JCI Q2) | PSYCHIATRY(JIF Q1/JCI Q2),SAGE PUBLICATIONS LTD,SAGE,是,SCIE,混合为主,"订阅路线通常无APC；SAGE Choice常见 USD 2,000-4,000",中,https://us.sagepub.com/en-us/nam/sage-choice,https://www.google.com/search?q=Therapeutic+Advances+in+Psychopharmacology+aims+scope+instructions+for+authors+APC
640,2补-Q1且IF5到10,0,Advanced Biotechnology,ADV BIOTECHNOL-SING,,2948-2801,8.8,8.8,Q1,13/180,Q1,Q1,1.04,93.1,23.0,468.0,BIOTECHNOLOGY & APPLIED MICROBIOLOGY,BIOTECHNOLOGY & APPLIED MICROBIOLOGY(JIF Q1/JCI Q1),SPRINGERNATURE,Springer Nature,否,ESCI,混合/全OA,"全OA约 USD 2,090-3,490；Nature系更高；Scientific Reports已拉黑",中高,https://www.springernature.com/gp/open-research/journals-books/journals,https://www.google.com/search?q=Advanced+Biotechnology+aims+scope+instructions+for+authors+APC
641,2补-Q1且IF5到10,0,Life Metabolism,LIFE METAB,,2755-0230,6.3,6.4,Q1,30/198,Q2,Q2,0.92,85.1,22.0,459.0,ENDOCRINOLOGY & METABOLISM,ENDOCRINOLOGY & METABOLISM(JIF Q1/JCI Q2),OXFORD UNIV PRESS,Oxford UP,否,ESCI,混合为主,订阅路线通常无APC；可选OA，费用因刊而异,中,https://academic.oup.com/pages/open-research/open-access,https://www.google.com/search?q=Life+Metabolism+aims+scope+instructions+for+authors+APC
642,2补-Q1且IF5到10,0,Presse Medicale,PRESSE MED,0755-4982,2213-0276,5.0,4.4,Q1,44/336,Q2,Q2,0.69,87.1,22.0,2271.0,"MEDICINE, GENERAL & INTERNAL","MEDICINE, GENERAL & INTERNAL(JIF Q1/JCI Q2)",MASSON EDITEUR,其他,是,SCIE,需核实,请查期刊官网 Author / Open Access 页面,未知,,https://www.google.com/search?q=Presse+Medicale+aims+scope+instructions+for+authors+APC
643,2补-Q1且IF5到10,0,BioDesign Research,BIODESIGN RES,2693-1257,2693-1257,7.2,,Q1,21/180,Q2,Q2,0.85,88.6,21.0,578.0,BIOTECHNOLOGY & APPLIED MICROBIOLOGY,BIOTECHNOLOGY & APPLIED MICROBIOLOGY(JIF Q1/JCI Q2),ELSEVIER SCIENCE INC,Elsevier,否,ESCI,混合为主,"订阅路线通常无APC；Gold OA常见 USD 2,200-4,200",中,https://www.elsevier.com/open-access/agreements,https://www.google.com/search?q=BioDesign+Research+aims+scope+instructions+for+authors+APC
644,2补-Q1且IF5到10,0,Journal of Physiotherapy,J PHYSIOTHER,1836-9553,1836-9561,9.4,12.3,Q1,1/175,Q1,Q1,2.49,99.7,20.0,3831.0,ORTHOPEDICS; REHABILITATION,ORTHOPEDICS(JIF Q1/JCI Q1) | REHABILITATION(JIF Q1/JCI Q1),AUSTRALIAN PHYSIOTHERAPY ASSOC,其他,是,SCIE,需核实,请查期刊官网 Author / Open Access 页面,未知,,https://www.google.com/search?q=Journal+of+Physiotherapy+aims+scope+instructions+for+authors+APC
645,2补-Q1且IF5到10,0,VISUAL NEUROSCIENCE,VISUAL NEUROSCI,0952-5238,1469-8714,6.5,3.5,Q1,7/98,Q1,Q1,1.22,93.4,20.0,1840.0,NEUROSCIENCES; OPHTHALMOLOGY,NEUROSCIENCES(JIF Q1/JCI Q1) | OPHTHALMOLOGY(JIF Q1/JCI Q1),Maximum Academic Press,Elsevier,是,SCIE,混合为主,"订阅路线通常无APC；Gold OA常见 USD 2,200-4,200",中,https://www.elsevier.com/open-access/agreements,https://www.google.com/search?q=VISUAL+NEUROSCIENCE+aims+scope+instructions+for+authors+APC
646,2补-Q1且IF5到10,0,BEHAVIORAL AND BRAIN SCIENCES,BEHAV BRAIN SCI,0140-525X,1469-1825,8.2,15.6,Q1,1/17,Q1,Q1,2.25,92.9,18.0,13204.0,NEUROSCIENCES,NEUROSCIENCES(JIF Q1/JCI Q1),CAMBRIDGE UNIV PRESS,Cambridge UP,是,SCIE; SSCI,混合为主,订阅路线通常无APC；Gold OA因刊而异,中,https://www.cambridge.org/core/open-research/open-access,https://www.google.com/search?q=BEHAVIORAL+AND+BRAIN+SCIENCES+aims+scope+instructions+for+authors+APC
647,2补-Q1且IF5到10,0,Inflammation and Regeneration,INFLAMM REGEN,,1880-8190,7.7,7.7,Q1,24/183,Q1,Q1,1.08,87.2,18.0,2529.0,"IMMUNOLOGY; MEDICINE, RESEARCH & EXPERIMENTAL","IMMUNOLOGY(JIF Q1/JCI Q1) | MEDICINE, RESEARCH & EXPERIMENTAL(JIF Q1/JCI Q1)",BMC,BMC,是,SCIE,全OA,"约 USD 1,990-2,890（旗舰刊更高）",高,https://www.biomedcentral.com/getpublished/article-processing-charges,https://www.google.com/search?q=Inflammation+and+Regeneration+aims+scope+instructions+for+authors+APC
648,2补-Q1且IF5到10,0,Current Molecular Pharmacology,CURR MOL PHARMACOL,1874-4672,1874-4702,7.2,5.0,Q1,32/356,Q1,Q1,0.97,91.2,18.0,2562.0,BIOCHEMISTRY & MOLECULAR BIOLOGY; PHARMACOLOGY & PHARMACY,BIOCHEMISTRY & MOLECULAR BIOLOGY(JIF Q1/JCI Q1) | PHARMACOLOGY & PHARMACY(JIF Q1/JCI Q1),KEAI PUBLISHING LTD,其他,是,SCIE,需核实,请查期刊官网 Author / Open Access 页面,未知,,https://www.google.com/search?q=Current+Molecular+Pharmacology+aims+scope+instructions+for+authors+APC
649,2补-Q1且IF5到10,0,JOURNAL OF PHARMACY AND PHARMACEUTICAL SCIENCES,J PHARM PHARM SCI,,1482-1826,5.5,3.7,Q1,56/356,Q1,Q1,1.06,84.4,18.0,2384.0,PHARMACOLOGY & PHARMACY,PHARMACOLOGY & PHARMACY(JIF Q1/JCI Q1),FRONTIERS MEDIA SA,Frontiers,是,SCIE,全OA,"约 CHF 1,495-3,150（Frontiers in Medicine A类=CHF 3,150）",高,https://www.frontiersin.org/about/fee-policy,https://www.google.com/search?q=JOURNAL+OF+PHARMACY+AND+PHARMACEUTICAL+SCIENCES+aims+scope+instructions+for+authors+APC
650,2补-Q1且IF5到10,0,Psychoradiology,PSYCHORADIOLOGY,,2634-4416,7.4,6.6,Q1,1/18,Q1,Q1,1.04,97.2,17.0,582.0,"NEUROIMAGING; PSYCHIATRY; RADIOLOGY, NUCLEAR MEDICINE & MEDICAL IMAGING","NEUROIMAGING(JIF Q1/JCI Q2) | PSYCHIATRY(JIF Q1/JCI Q1) | RADIOLOGY, NUCLEAR MEDICINE & MEDICAL IMAGING(JIF Q1/JCI Q1)",OXFORD UNIV PRESS,Oxford UP,否,ESCI,混合为主,订阅路线通常无APC；可选OA，费用因刊而异,中,https://academic.oup.com/pages/open-research/open-access,https://www.google.com/search?q=Psychoradiology+aims+scope+instructions+for+authors+APC
651,2补-Q1且IF5到10,0,MUTATION RESEARCH-REVIEWS IN MUTATION RESEARCH,MUTAT RES-REV MUTAT,1383-5742,1388-2139,6.5,8.0,Q1,10/106,Q1,Q1,1.09,91.0,17.0,3773.0,BIOTECHNOLOGY & APPLIED MICROBIOLOGY; GENETICS & HEREDITY; TOXICOLOGY,BIOTECHNOLOGY & APPLIED MICROBIOLOGY(JIF Q1/JCI Q1) | GENETICS & HEREDITY(JIF Q1/JCI Q1) | TOXICOLOGY(JIF Q1/JCI Q1),ELSEVIER,Elsevier,是,SCIE,混合为主,"订阅路线通常无APC；Gold OA常见 USD 2,200-4,200",中,https://www.elsevier.com/open-access/agreements,https://www.google.com/search?q=MUTATION+RESEARCH-REVIEWS+IN+MUTATION+RESEARCH+aims+scope+instructions+for+authors+APC
652,2补-Q1且IF5到10,0,Precision Clinical Medicine,PRECIS CLIN MED,2096-5303,2516-1571,6.4,5.5,Q1,39/191,Q2,Q2,1.01,79.8,17.0,920.0,"MEDICINE, RESEARCH & EXPERIMENTAL","MEDICINE, RESEARCH & EXPERIMENTAL(JIF Q1/JCI Q2)",OXFORD UNIV PRESS,Oxford UP,否,ESCI,混合为主,订阅路线通常无APC；可选OA，费用因刊而异,中,https://academic.oup.com/pages/open-research/open-access,https://www.google.com/search?q=Precision+Clinical+Medicine+aims+scope+instructions+for+authors+APC
653,2补-Q1且IF5到10,0,Expert Opinion on Drug Delivery,EXPERT OPIN DRUG DEL,1742-5247,1744-7593,6.0,6.8,Q1,46/356,Q2,Q2,0.86,87.2,17.0,10389.0,PHARMACOLOGY & PHARMACY,PHARMACOLOGY & PHARMACY(JIF Q1/JCI Q2),TAYLOR & FRANCIS LTD,Taylor & Francis,是,SCIE,混合为主,"订阅路线通常无APC；Open Select常见 USD 2,500-3,500",中,https://authorservices.taylorandfrancis.com/publishing-open-access/,https://www.google.com/search?q=Expert+Opinion+on+Drug+Delivery+aims+scope+instructions+for+authors+APC
654,2补-Q1且IF5到10,0,Science in One Health,SCI ONE HEALTH,,2949-7043,9.3,8.2,Q1,15/443,Q1,Q1,1.54,96.7,16.0,578.0,"INFECTIOUS DISEASES; PUBLIC, ENVIRONMENTAL & OCCUPATIONAL HEALTH","INFECTIOUS DISEASES(JIF Q1/JCI Q1) | PUBLIC, ENVIRONMENTAL & OCCUPATIONAL HEALTH(JIF Q1/JCI Q1)",ELSEVIER,Elsevier,否,ESCI,混合为主,"订阅路线通常无APC；Gold OA常见 USD 2,200-4,200",中,https://www.elsevier.com/open-access/agreements,https://www.google.com/search?q=Science+in+One+Health+aims+scope+instructions+for+authors+APC
655,2补-Q1且IF5到10,0,Integrative Medicine in Nephrology and Andrology,INTEGR MED NEPHROL A,2773-0395,2773-0387,7.4,,Q1,11/134,Q1,Q1,0.94,92.2,16.0,440.0,INTEGRATIVE & COMPLEMENTARY MEDICINE; UROLOGY & NEPHROLOGY,INTEGRATIVE & COMPLEMENTARY MEDICINE(JIF Q1/JCI Q1) | UROLOGY & NEPHROLOGY(JIF Q1/JCI Q2),LIPPINCOTT WILLIAMS & WILKINS,Wolters Kluwer/LWW,否,ESCI,混合为主,"订阅路线通常无APC；OA常见 USD 2,000-4,000；MEDICINE已拉黑",中,https://wkauthorservices.editage.com/open-access/,https://www.google.com/search?q=Integrative+Medicine+in+Nephrology+and+Andrology+aims+scope+instructions+for+authors+APC
656,2补-Q1且IF5到10,0,DM DISEASE-A-MONTH,DM-DIS MON,0011-5029,1557-8194,5.7,6.1,Q1,35/336,Q1,Q1,1.29,89.7,16.0,1757.0,"MEDICINE, GENERAL & INTERNAL","MEDICINE, GENERAL & INTERNAL(JIF Q1/JCI Q1)",MOSBY-ELSEVIER,Elsevier,是,SCIE,混合为主,"订阅路线通常无APC；Gold OA常见 USD 2,200-4,200",中,https://www.elsevier.com/open-access/agreements,https://www.google.com/search?q=DM+DISEASE-A-MONTH+aims+scope+instructions+for+authors+APC
657,2补-Q1且IF5到10,0,Life Medicine,LIFE MED,,2755-1733,7.7,7.5,Q1,29/191,Q2,Q2,0.77,85.1,15.0,586.0,"MEDICINE, RESEARCH & EXPERIMENTAL","MEDICINE, RESEARCH & EXPERIMENTAL(JIF Q1/JCI Q2)",OXFORD UNIV PRESS,Oxford UP,否,ESCI,混合为主,订阅路线通常无APC；可选OA，费用因刊而异,中,https://academic.oup.com/pages/open-research/open-access,https://www.google.com/search?q=Life+Medicine+aims+scope+instructions+for+authors+APC
658,2补-Q1且IF5到10,0,Cell Insight,CELL INSIGHT,,2772-8927,6.4,6.3,Q1,57/328,Q2,Q2,0.64,82.8,15.0,649.0,BIOCHEMISTRY & MOLECULAR BIOLOGY; CELL BIOLOGY,BIOCHEMISTRY & MOLECULAR BIOLOGY(JIF Q1/JCI Q2) | CELL BIOLOGY(JIF Q2/JCI Q3),ELSEVIER,Elsevier,否,ESCI,混合为主,"订阅路线通常无APC；Gold OA常见 USD 2,200-4,200",中,https://www.elsevier.com/open-access/agreements,https://www.google.com/search?q=Cell+Insight+aims+scope+instructions+for+authors+APC
659,2补-Q1且IF5到10,0,MedComm-Oncology,MEDCOMM-ONCOL,2769-6448,2769-6448,8.5,8.1,Q1,40/333,Q2,Q2,0.89,88.1,14.0,571.0,ONCOLOGY,ONCOLOGY(JIF Q1/JCI Q2),WILEY,Wiley,否,ESCI,混合为主,"订阅路线通常无APC；OnlineOpen常见 USD 3,200-4,700",中,https://authorservices.wiley.com/author-resources/Journal-Authors/open-access/article-publication-charges.html,https://www.google.com/search?q=MedComm-Oncology+aims+scope+instructions+for+authors+APC
660,2补-Q1且IF5到10,0,BrainX,BRAIN-X,2835-3153,2835-3153,6.4,6.4,Q1,48/330,Q3,Q2,0.68,85.6,14.0,303.0,NEUROSCIENCES,NEUROSCIENCES(JIF Q1/JCI Q3),WILEY,Wiley,否,ESCI,混合为主,"订阅路线通常无APC；OnlineOpen常见 USD 3,200-4,700",中,https://authorservices.wiley.com/author-resources/Journal-Authors/open-access/article-publication-charges.html,https://www.google.com/search?q=BrainX+aims+scope+instructions+for+authors+APC
661,2补-Q1且IF5到10,0,Current Opinion in Virology,CURR OPIN VIROL,1879-6257,1879-6265,5.5,5.8,Q1,3/44,Q1,Q1,1.35,94.3,14.0,5183.0,VIROLOGY,VIROLOGY(JIF Q1/JCI Q1),ELSEVIER SCI LTD,Elsevier,是,SCIE,混合为主,"订阅路线通常无APC；Gold OA常见 USD 2,200-4,200",中,https://www.elsevier.com/open-access/agreements,https://www.google.com/search?q=Current+Opinion+in+Virology+aims+scope+instructions+for+authors+APC
662,2补-Q1且IF5到10,0,Dialogues in Clinical Neuroscience,DIALOGUES CLIN NEURO,1294-8322,1958-5969,5.1,16.6,Q1,66/330,Q2,Q2,0.94,80.2,14.0,6839.0,NEUROSCIENCES,NEUROSCIENCES(JIF Q1/JCI Q2),TAYLOR & FRANCIS LTD,Taylor & Francis,是,SCIE,混合为主,"订阅路线通常无APC；Open Select常见 USD 2,500-3,500",中,https://authorservices.taylorandfrancis.com/publishing-open-access/,https://www.google.com/search?q=Dialogues+in+Clinical+Neuroscience+aims+scope+instructions+for+authors+APC
663,2补-Q1且IF5到10,0,Bioelectronic Medicine,BIOELECTRON MED-US,,2332-8886,6.8,,Q1,42/330,Q1,Q1,1.06,87.4,13.0,703.0,"ENGINEERING, BIOMEDICAL; NEUROSCIENCES","ENGINEERING, BIOMEDICAL(JIF Q1/JCI Q1) | NEUROSCIENCES(JIF Q1/JCI Q1)",SPRINGERNATURE,Springer Nature,否,ESCI,混合/全OA,"全OA约 USD 2,090-3,490；Nature系更高；Scientific Reports已拉黑",中高,https://www.springernature.com/gp/open-research/journals-books/journals,https://www.google.com/search?q=Bioelectronic+Medicine+aims+scope+instructions+for+authors+APC
664,2补-Q1且IF5到10,0,Frontiers in Drug Discovery,FRONT DRUG DISCOV,,2674-0338,5.8,4.5,Q1,50/356,Q3,Q3,0.54,86.1,12.0,529.0,PHARMACOLOGY & PHARMACY,PHARMACOLOGY & PHARMACY(JIF Q1/JCI Q3),FRONTIERS MEDIA SA,Frontiers,否,ESCI,全OA,"约 CHF 1,495-3,150（Frontiers in Medicine A类=CHF 3,150）",高,https://www.frontiersin.org/about/fee-policy,https://www.google.com/search?q=Frontiers+in+Drug+Discovery+aims+scope+instructions+for+authors+APC
665,2补-Q1且IF5到10,0,HEART FAILURE REVIEWS,HEART FAIL REV,1382-4147,1573-7322,5.3,5.3,Q1,50/237,Q2,Q2,0.97,79.1,12.0,5988.0,CARDIAC & CARDIOVASCULAR SYSTEMS,CARDIAC & CARDIOVASCULAR SYSTEMS(JIF Q1/JCI Q2),SPRINGER,Springer,是,SCIE,混合为主,"订阅路线通常无APC；选OA约 USD 2,790-4,290",中,https://www.springer.com/gp/open-access,https://www.google.com/search?q=HEART+FAILURE+REVIEWS+aims+scope+instructions+for+authors+APC
666,2补-Q1且IF5到10,0,EPIDEMIOLOGIC REVIEWS,EPIDEMIOL REV,0193-936X,1478-6729,9.6,9.3,Q1,13/443,Q1,Q1,1.34,97.2,11.0,3177.0,"PUBLIC, ENVIRONMENTAL & OCCUPATIONAL HEALTH","PUBLIC, ENVIRONMENTAL & OCCUPATIONAL HEALTH(JIF Q1/JCI Q1)",OXFORD UNIV PRESS INC,Oxford UP,是,SCIE,混合为主,订阅路线通常无APC；可选OA，费用因刊而异,中,https://academic.oup.com/pages/open-research/open-access,https://www.google.com/search?q=EPIDEMIOLOGIC+REVIEWS+aims+scope+instructions+for+authors+APC
667,2补-Q1且IF5到10,0,Chinese Medical Journal Pulmonary and Critical Care Medicine,CHIN MED J PULM CRIT,2097-1982,2772-5588,7.9,8.0,Q1,9/107,Q1,Q1,1.33,92.1,11.0,516.0,CRITICAL CARE MEDICINE; RESPIRATORY SYSTEM,CRITICAL CARE MEDICINE(JIF Q1/JCI Q1) | RESPIRATORY SYSTEM(JIF Q1/JCI Q1),ELSEVIER,Elsevier,否,ESCI,混合为主,"订阅路线通常无APC；Gold OA常见 USD 2,200-4,200",中,https://www.elsevier.com/open-access/agreements,https://www.google.com/search?q=Chinese+Medical+Journal+Pulmonary+and+Critical+Care+Medicine+aims+scope+instructions+for+authors+APC
668,2补-Q1且IF5到10,0,Organogenesis,ORGANOGENESIS,1547-6278,1555-8592,6.3,3.9,Q1,5/39,Q2,Q2,0.68,81.9,11.0,1061.0,"BIOCHEMISTRY & MOLECULAR BIOLOGY; ENGINEERING, BIOMEDICAL","BIOCHEMISTRY & MOLECULAR BIOLOGY(JIF Q1/JCI Q2) | ENGINEERING, BIOMEDICAL(JIF Q1/JCI Q2)",TAYLOR & FRANCIS INC,Taylor & Francis,是,SCIE,混合为主,"订阅路线通常无APC；Open Select常见 USD 2,500-3,500",中,https://authorservices.taylorandfrancis.com/publishing-open-access/,https://www.google.com/search?q=Organogenesis+aims+scope+instructions+for+authors+APC
669,2补-Q1且IF5到10,0,JOURNAL OF THE ROYAL SOCIETY OF MEDICINE,J ROY SOC MED,0141-0768,1758-1095,5.9,10.7,Q1,33/336,Q1,Q1,1.47,90.3,11.0,5242.0,"MEDICINE, GENERAL & INTERNAL","MEDICINE, GENERAL & INTERNAL(JIF Q1/JCI Q1)",SAGE PUBLICATIONS LTD,SAGE,是,SCIE,混合为主,"订阅路线通常无APC；SAGE Choice常见 USD 2,000-4,000",中,https://us.sagepub.com/en-us/nam/sage-choice,https://www.google.com/search?q=JOURNAL+OF+THE+ROYAL+SOCIETY+OF+MEDICINE+aims+scope+instructions+for+authors+APC
670,2补-Q1且IF5到10,0,PUBLIC HEALTH REVIEWS,PUBLIC HEALTH REV,,2107-6952,5.2,7.1,Q1,46/443,Q2,Q2,0.8,89.7,11.0,2091.0,"PUBLIC, ENVIRONMENTAL & OCCUPATIONAL HEALTH","PUBLIC, ENVIRONMENTAL & OCCUPATIONAL HEALTH(JIF Q1/JCI Q2)",FRONTIERS MEDIA SA,Frontiers,否,ESCI,全OA,"约 CHF 1,495-3,150（Frontiers in Medicine A类=CHF 3,150）",高,https://www.frontiersin.org/about/fee-policy,https://www.google.com/search?q=PUBLIC+HEALTH+REVIEWS+aims+scope+instructions+for+authors+APC
671,2补-Q1且IF5到10,0,Japanese Dental Science Review,JPN DENT SCI REV,1882-7616,2213-6851,8.1,8.8,Q1,4/165,Q1,Q1,2.1,97.9,10.0,1969.0,"DENTISTRY, ORAL SURGERY & MEDICINE","DENTISTRY, ORAL SURGERY & MEDICINE(JIF Q1/JCI Q1)",ELSEVIER SCI LTD,Elsevier,是,SCIE,混合为主,"订阅路线通常无APC；Gold OA常见 USD 2,200-4,200",中,https://www.elsevier.com/open-access/agreements,https://www.google.com/search?q=Japanese+Dental+Science+Review+aims+scope+instructions+for+authors+APC
672,2补-Q1且IF5到10,0,EXPERT OPINION ON THERAPEUTIC TARGETS,EXPERT OPIN THER TAR,1472-8222,1744-7631,5.1,5.5,Q1,65/356,Q2,Q2,0.77,81.9,10.0,6301.0,PHARMACOLOGY & PHARMACY,PHARMACOLOGY & PHARMACY(JIF Q1/JCI Q2),TAYLOR & FRANCIS LTD,Taylor & Francis,是,SCIE,混合为主,"订阅路线通常无APC；Open Select常见 USD 2,500-3,500",中,https://authorservices.taylorandfrancis.com/publishing-open-access/,https://www.google.com/search?q=EXPERT+OPINION+ON+THERAPEUTIC+TARGETS+aims+scope+instructions+for+authors+APC
673,2补-Q1且IF5到10,0,CLINICAL PSYCHOLOGY-SCIENCE AND PRACTICE,CLIN PSYCHOL-SCI PR,0969-5893,1468-2850,7.8,8.6,Q1,7/184,Q1,Q1,1.63,96.5,9.0,5370.0,"PSYCHOLOGY, CLINICAL","PSYCHOLOGY, CLINICAL(JIF Q1/JCI Q1)",EDUCATIONAL PUBLISHING FOUNDATION-AMERICAN PSYCHOLOGICAL ASSOC,其他,否,SSCI,需核实,请查期刊官网 Author / Open Access 页面,未知,,https://www.google.com/search?q=CLINICAL+PSYCHOLOGY-SCIENCE+AND+PRACTICE+aims+scope+instructions+for+authors+APC
674,2补-Q1且IF5到10,0,Frontiers in Synaptic Neuroscience,FRONT SYNAPTIC NEURO,1663-3563,1663-3563,6.9,4.5,Q1,41/330,Q3,Q3,0.72,87.7,9.0,1817.0,NEUROSCIENCES,NEUROSCIENCES(JIF Q1/JCI Q3),FRONTIERS MEDIA SA,Frontiers,是,SCIE,全OA,"约 CHF 1,495-3,150（Frontiers in Medicine A类=CHF 3,150）",高,https://www.frontiersin.org/about/fee-policy,https://www.google.com/search?q=Frontiers+in+Synaptic+Neuroscience+aims+scope+instructions+for+authors+APC
675,2补-Q1且IF5到10,0,CLEVELAND CLINIC JOURNAL OF MEDICINE,CLEV CLIN J MED,0891-1150,1939-2869,5.2,5.2,Q1,41/336,Q1,Q1,0.74,87.9,9.0,2974.0,"MEDICINE, GENERAL & INTERNAL","MEDICINE, GENERAL & INTERNAL(JIF Q1/JCI Q1)",CLEVELAND CLINIC,其他,是,SCIE,需核实,请查期刊官网 Author / Open Access 页面,未知,,https://www.google.com/search?q=CLEVELAND+CLINIC+JOURNAL+OF+MEDICINE+aims+scope+instructions+for+authors+APC
676,2补-Q1且IF5到10,0,Allergologie select,ALLERGOL SEL,,2512-8957,5.1,,Q1,9/40,Q2,Q2,0.87,78.8,9.0,373.0,ALLERGY,ALLERGY(JIF Q1/JCI Q2),DUSTRI-VERLAG DR KARL FEISTLE,其他,否,ESCI,需核实,请查期刊官网 Author / Open Access 页面,未知,,https://www.google.com/search?q=Allergologie+select+aims+scope+instructions+for+authors+APC
677,2补-Q1且IF5到10,0,Emerging Topics in Life Sciences,EMERG TOP LIFE SCI,2397-8554,2397-8562,6.0,5.7,Q1,8/106,Q2,Q2,0.49,92.9,8.0,1763.0,BIOCHEMISTRY & MOLECULAR BIOLOGY; BIOLOGY,BIOCHEMISTRY & MOLECULAR BIOLOGY(JIF Q1/JCI Q3) | BIOLOGY(JIF Q1/JCI Q2),PORTLAND PRESS LTD,其他,否,ESCI,需核实,请查期刊官网 Author / Open Access 页面,未知,,https://www.google.com/search?q=Emerging+Topics+in+Life+Sciences+aims+scope+instructions+for+authors+APC
678,2补-Q1且IF5到10,0,Degenerative Neurological and Neuromuscular Disease,DEGENER NEUROL NEURO,,1179-9900,9.9,7.0,Q1,11/296,Q1,Q1,1.65,96.5,7.0,623.0,CLINICAL NEUROLOGY,CLINICAL NEUROLOGY(JIF Q1/JCI Q1),DOVE MEDICAL PRESS LTD,其他,否,ESCI,需核实,请查期刊官网 Author / Open Access 页面,未知,,https://www.google.com/search?q=Degenerative+Neurological+and+Neuromuscular+Disease+aims+scope+instructions+for+authors+APC
679,2补-Q1且IF5到10,0,BRITISH MEDICAL BULLETIN,BRIT MED BULL,0007-1420,1471-8391,7.5,12.6,Q1,27/336,Q1,Q1,1.41,92.1,7.0,6305.0,"MEDICINE, GENERAL & INTERNAL","MEDICINE, GENERAL & INTERNAL(JIF Q1/JCI Q1)",OXFORD UNIV PRESS,Oxford UP,是,SCIE,混合为主,订阅路线通常无APC；可选OA，费用因刊而异,中,https://academic.oup.com/pages/open-research/open-access,https://www.google.com/search?q=BRITISH+MEDICAL+BULLETIN+aims+scope+instructions+for+authors+APC
680,2补-Q1且IF5到10,0,Alcohol Research-Current Reviews,ALCOHOL RES-CURR REV,1535-7414,1930-0573,8.4,16.4,Q1,1/61,Q1,Q1,2.7,99.2,6.0,2700.0,SUBSTANCE ABUSE,SUBSTANCE ABUSE(JIF Q1/JCI Q1),NATL INST ALCOHOL ABUSE ALCOHOLISM,其他,否,SSCI,需核实,请查期刊官网 Author / Open Access 页面,未知,,https://www.google.com/search?q=Alcohol+Research-Current+Reviews+aims+scope+instructions+for+authors+APC
681,2补-Q1且IF5到10,0,Obesity Reviews,OBES REV,1467-7881,1467-789X,7.6,10.7,Q1,19/198,Q1,Q1,0.99,90.7,6.0,20750.0,ENDOCRINOLOGY & METABOLISM,ENDOCRINOLOGY & METABOLISM(JIF Q1/JCI Q1),WILEY,Wiley,是,SCIE,混合为主,"订阅路线通常无APC；OnlineOpen常见 USD 3,200-4,700",中,https://authorservices.wiley.com/author-resources/Journal-Authors/open-access/article-publication-charges.html,https://www.google.com/search?q=Obesity+Reviews+aims+scope+instructions+for+authors+APC
682,2补-Q1且IF5到10,0,Progress in Biomedical Engineering,PROG BIOMED ENG,,2516-1091,8.5,8.8,Q1,17/130,Q2,Q2,0.71,87.3,5.0,906.0,"ENGINEERING, BIOMEDICAL","ENGINEERING, BIOMEDICAL(JIF Q1/JCI Q2)",IOP Publishing Ltd,其他,否,ESCI,需核实,请查期刊官网 Author / Open Access 页面,未知,,https://www.google.com/search?q=Progress+in+Biomedical+Engineering+aims+scope+instructions+for+authors+APC
683,2补-Q1且IF5到10,0,SEMINARS IN ONCOLOGY,SEMIN ONCOL,0093-7754,1532-8708,6.8,4.4,Q1,57/333,Q3,Q3,0.51,83.0,4.0,4376.0,ONCOLOGY,ONCOLOGY(JIF Q1/JCI Q3),W B SAUNDERS CO-ELSEVIER INC,Elsevier,是,SCIE,混合为主,"订阅路线通常无APC；Gold OA常见 USD 2,200-4,200",中,https://www.elsevier.com/open-access/agreements,https://www.google.com/search?q=SEMINARS+IN+ONCOLOGY+aims+scope+instructions+for+authors+APC
684,2补-Q1且IF5到10,0,CLINICAL CHILD AND FAMILY PSYCHOLOGY REVIEW,CLIN CHILD FAM PSYCH,1096-4037,1573-2827,7.9,10.1,Q1,6/184,Q1,Q1,1.87,97.0,3.0,5204.0,"PSYCHOLOGY, CLINICAL","PSYCHOLOGY, CLINICAL(JIF Q1/JCI Q1)",SPRINGER/PLENUM PUBLISHERS,Springer,否,SSCI,混合为主,"订阅路线通常无APC；选OA约 USD 2,790-4,290",中,https://www.springer.com/gp/open-access,https://www.google.com/search?q=CLINICAL+CHILD+AND+FAMILY+PSYCHOLOGY+REVIEW+aims+scope+instructions+for+authors+APC
685,2补-Q1且IF5到10,0,Journal of Environmental Science and Health Part C-Toxicology and Carcinogenesis,J ENV SCI HEAL C-TOX,2689-6583,2689-6591,5.0,3.8,Q1,20/106,Q3,Q3,0.62,81.6,3.0,317.0,ONCOLOGY; TOXICOLOGY,ONCOLOGY(JIF Q2/JCI Q3) | TOXICOLOGY(JIF Q1/JCI Q3),TAYLOR & FRANCIS INC,Taylor & Francis,是,SCIE,混合为主,"订阅路线通常无APC；Open Select常见 USD 2,500-3,500",中,https://authorservices.taylorandfrancis.com/publishing-open-access/,https://www.google.com/search?q=Journal+of+Environmental+Science+and+Health+Part+C-Toxicology+and+Carcinogenesis+aims+scope+instructions+for+authors+APC
686,2补-Q1且IF5到10,0,REVIEWS IN ENDOCRINE & METABOLIC DISORDERS,REV ENDOCR METAB DIS,1389-9155,1573-2606,8.7,9.7,Q1,14/198,Q1,Q1,1.55,93.2,2.0,6555.0,ENDOCRINOLOGY & METABOLISM,ENDOCRINOLOGY & METABOLISM(JIF Q1/JCI Q1),SPRINGER,Springer,是,SCIE,混合为主,"订阅路线通常无APC；选OA约 USD 2,790-4,290",中,https://www.springer.com/gp/open-access,https://www.google.com/search?q=REVIEWS+IN+ENDOCRINE+&+METABOLIC+DISORDERS+aims+scope+instructions+for+authors+APC
687,2补-Q1且IF5到10,0,TRENDS IN PARASITOLOGY,TRENDS PARASITOL,1471-4922,1471-5007,7.6,8.7,Q1,2/47,Q1,Q1,1.07,96.8,2.0,8925.0,PARASITOLOGY,PARASITOLOGY(JIF Q1/JCI Q1),CELL PRESS,其他,是,SCIE,需核实,请查期刊官网 Author / Open Access 页面,未知,,https://www.google.com/search?q=TRENDS+IN+PARASITOLOGY+aims+scope+instructions+for+authors+APC
688,2补-Q1且IF5到10,0,Annual Review of Genomics and Human Genetics,ANNU REV GENOM HUM G,1527-8204,1545-293X,8.3,9.5,Q1,14/192,Q1,Q1,1.0,93.0,1.0,3481.0,GENETICS & HEREDITY,GENETICS & HEREDITY(JIF Q1/JCI Q1),ANNUAL REVIEWS,其他,是,SCIE,需核实,请查期刊官网 Author / Open Access 页面,未知,,https://www.google.com/search?q=Annual+Review+of+Genomics+and+Human+Genetics+aims+scope+instructions+for+authors+APC
689,2补-Q1且IF5到10,0,Annual Review of Virology,ANNU REV VIROL,2327-056X,2327-0578,7.4,10.9,Q1,2/44,Q1,Q1,1.07,96.6,1.0,3117.0,VIROLOGY,VIROLOGY(JIF Q1/JCI Q1),ANNUAL REVIEWS,其他,是,SCIE,需核实,请查期刊官网 Author / Open Access 页面,未知,,https://www.google.com/search?q=Annual+Review+of+Virology+aims+scope+instructions+for+authors+APC
690,2补-Q1且IF5到10,0,PROCEEDINGS OF THE NUTRITION SOCIETY,P NUTR SOC,0029-6651,1475-2719,7.1,9.7,Q1,12/114,Q2,Q2,0.83,89.9,1.0,8428.0,NUTRITION & DIETETICS,NUTRITION & DIETETICS(JIF Q1/JCI Q2),CAMBRIDGE UNIV PRESS,Cambridge UP,是,SCIE,混合为主,订阅路线通常无APC；Gold OA因刊而异,中,https://www.cambridge.org/core/open-research/open-access,https://www.google.com/search?q=PROCEEDINGS+OF+THE+NUTRITION+SOCIETY+aims+scope+instructions+for+authors+APC
691,2补-Q1且IF5到10,0,SURVEY OF OPHTHALMOLOGY,SURV OPHTHALMOL,0039-6257,1879-3304,6.8,7.2,Q1,5/98,Q1,Q1,1.41,95.4,1.0,8732.0,OPHTHALMOLOGY,OPHTHALMOLOGY(JIF Q1/JCI Q1),ELSEVIER SCIENCE INC,Elsevier,是,SCIE,混合为主,"订阅路线通常无APC；Gold OA常见 USD 2,200-4,200",中,https://www.elsevier.com/open-access/agreements,https://www.google.com/search?q=SURVEY+OF+OPHTHALMOLOGY+aims+scope+instructions+for+authors+APC
692,2补-Q1且IF5到10,0,Essays in Biochemistry,ESSAYS BIOCHEM,0071-1365,1744-1358,5.7,7.6,Q1,70/328,Q3,Q3,0.53,78.8,1.0,6166.0,BIOCHEMISTRY & MOLECULAR BIOLOGY,BIOCHEMISTRY & MOLECULAR BIOLOGY(JIF Q1/JCI Q3),PORTLAND PRESS LTD,其他,是,SCIE,需核实,请查期刊官网 Author / Open Access 页面,未知,,https://www.google.com/search?q=Essays+in+Biochemistry+aims+scope+instructions+for+authors+APC
693,2补-Q1且IF5到10,0,REVIEWS ON ENVIRONMENTAL HEALTH,REV ENVIRON HEALTH,0048-7554,2191-0308,5.2,5.5,Q1,46/443,Q3,Q3,0.55,89.7,1.0,3253.0,"PUBLIC, ENVIRONMENTAL & OCCUPATIONAL HEALTH","PUBLIC, ENVIRONMENTAL & OCCUPATIONAL HEALTH(JIF Q1/JCI Q3)",WALTER DE GRUYTER GMBH,De Gruyter,是,SCIE,混合/OA,因刊而异,中,https://www.degruyter.com/publishing/publications/openaccess,https://www.google.com/search?q=REVIEWS+ON+ENVIRONMENTAL+HEALTH+aims+scope+instructions+for+authors+APC
694,2补-Q1且IF5到10,0,Health Psychology Review,HEALTH PSYCHOL REV,1743-7199,1743-7202,9.8,13.8,Q1,3/184,Q1,Q1,1.82,98.6,0.0,5000.0,"PSYCHOLOGY, CLINICAL","PSYCHOLOGY, CLINICAL(JIF Q1/JCI Q1)","ROUTLEDGE JOURNALS, TAYLOR & FRANCIS LTD",Taylor & Francis,否,SSCI,混合为主,"订阅路线通常无APC；Open Select常见 USD 2,500-3,500",中,https://authorservices.taylorandfrancis.com/publishing-open-access/,https://www.google.com/search?q=Health+Psychology+Review+aims+scope+instructions+for+authors+APC
695,2补-Q1且IF5到10,0,Current Pollution Reports,CURR POLLUT REP,2198-6592,2198-6592,9.3,9.8,Q1,15/443,Q1,Q1,1.47,96.7,0.0,3523.0,"PUBLIC, ENVIRONMENTAL & OCCUPATIONAL HEALTH","PUBLIC, ENVIRONMENTAL & OCCUPATIONAL HEALTH(JIF Q1/JCI Q1)",SPRINGER HEIDELBERG,Springer,是,SCIE,混合为主,"订阅路线通常无APC；选OA约 USD 2,790-4,290",中,https://www.springer.com/gp/open-access,https://www.google.com/search?q=Current+Pollution+Reports+aims+scope+instructions+for+authors+APC
696,2补-Q1且IF5到10,0,Annual Review of Genetics,ANNU REV GENET,0066-4197,1545-2948,9.1,12.7,Q1,11/192,Q1,Q1,0.98,94.5,0.0,7895.0,GENETICS & HEREDITY,GENETICS & HEREDITY(JIF Q1/JCI Q1),ANNUAL REVIEWS,其他,是,SCIE,需核实,请查期刊官网 Author / Open Access 页面,未知,,https://www.google.com/search?q=Annual+Review+of+Genetics+aims+scope+instructions+for+authors+APC
697,2补-Q1且IF5到10,0,DRUG DISCOVERY TODAY,DRUG DISCOV TODAY,1359-6446,1878-5832,8.7,8.9,Q1,17/356,Q1,Q1,1.05,95.4,0.0,25524.0,PHARMACOLOGY & PHARMACY,PHARMACOLOGY & PHARMACY(JIF Q1/JCI Q1),ELSEVIER SCI LTD,Elsevier,是,SCIE,混合为主,"订阅路线通常无APC；Gold OA常见 USD 2,200-4,200",中,https://www.elsevier.com/open-access/agreements,https://www.google.com/search?q=DRUG+DISCOVERY+TODAY+aims+scope+instructions+for+authors+APC
698,2补-Q1且IF5到10,0,CRITICAL REVIEWS IN BIOTECHNOLOGY,CRIT REV BIOTECHNOL,0738-8551,1549-7801,8.7,11.3,Q1,14/180,Q2,Q2,0.85,92.5,0.0,9397.0,BIOTECHNOLOGY & APPLIED MICROBIOLOGY,BIOTECHNOLOGY & APPLIED MICROBIOLOGY(JIF Q1/JCI Q2),TAYLOR & FRANCIS LTD,Taylor & Francis,是,SCIE,混合为主,"订阅路线通常无APC；Open Select常见 USD 2,500-3,500",中,https://authorservices.taylorandfrancis.com/publishing-open-access/,https://www.google.com/search?q=CRITICAL+REVIEWS+IN+BIOTECHNOLOGY+aims+scope+instructions+for+authors+APC
699,2补-Q1且IF5到10,0,CRITICAL REVIEWS IN BIOCHEMISTRY AND MOLECULAR BIOLOGY,CRIT REV BIOCHEM MOL,1040-9238,1549-7798,8.7,8.5,Q1,34/328,Q2,Q2,0.66,89.8,0.0,4172.0,BIOCHEMISTRY & MOLECULAR BIOLOGY,BIOCHEMISTRY & MOLECULAR BIOLOGY(JIF Q1/JCI Q2),TAYLOR & FRANCIS LTD,Taylor & Francis,是,SCIE,混合为主,"订阅路线通常无APC；Open Select常见 USD 2,500-3,500",中,https://authorservices.taylorandfrancis.com/publishing-open-access/,https://www.google.com/search?q=CRITICAL+REVIEWS+IN+BIOCHEMISTRY+AND+MOLECULAR+BIOLOGY+aims+scope+instructions+for+authors+APC
700,2补-Q1且IF5到10,0,Wiley Interdisciplinary Reviews-Nanomedicine and Nanobiotechnology,WIRES NANOMED NANOBI,1939-5116,1939-0041,8.6,9.0,Q1,21/191,Q2,Q2,0.71,89.3,0.0,6230.0,"MEDICINE, RESEARCH & EXPERIMENTAL","MEDICINE, RESEARCH & EXPERIMENTAL(JIF Q1/JCI Q2)",WILEY,Wiley,是,SCIE,混合为主,"订阅路线通常无APC；OnlineOpen常见 USD 3,200-4,700",中,https://authorservices.wiley.com/author-resources/Journal-Authors/open-access/article-publication-charges.html,https://www.google.com/search?q=Wiley+Interdisciplinary+Reviews-Nanomedicine+and+Nanobiotechnology+aims+scope+instructions+for+authors+APC
701,2补-Q1且IF5到10,0,Cold Spring Harbor Perspectives in Biology,CSH PERSPECT BIOL,1943-0264,1943-0264,8.5,11.0,Q1,35/207,Q1,Q1,1.16,83.3,0.0,24266.0,CELL BIOLOGY,CELL BIOLOGY(JIF Q1/JCI Q1),"COLD SPRING HARBOR LAB PRESS, PUBLICATIONS DEPT",其他,是,SCIE,需核实,请查期刊官网 Author / Open Access 页面,未知,,https://www.google.com/search?q=Cold+Spring+Harbor+Perspectives+in+Biology+aims+scope+instructions+for+authors+APC
702,2补-Q1且IF5到10,0,Kidney International Supplements,KIDNEY INT SUPPL,2157-1724,2157-1716,8.3,25.4,Q1,9/134,Q1,Q1,8.38,93.7,0.0,2930.0,UROLOGY & NEPHROLOGY,UROLOGY & NEPHROLOGY(JIF Q1/JCI Q1),ELSEVIER SCIENCE INC,Elsevier,是,SCIE,混合为主,"订阅路线通常无APC；Gold OA常见 USD 2,200-4,200",中,https://www.elsevier.com/open-access/agreements,https://www.google.com/search?q=Kidney+International+Supplements+aims+scope+instructions+for+authors+APC
703,2补-Q1且IF5到10,0,Reviews of Environmental Contamination and Toxicology,REV ENVIRON CONTAM T,0179-5953,2197-6554,8.3,8.1,Q1,8/106,Q2,Q2,0.92,92.9,0.0,3300.0,TOXICOLOGY,TOXICOLOGY(JIF Q1/JCI Q2),SPRINGER,Springer,是,SCIE,混合为主,"订阅路线通常无APC；选OA约 USD 2,790-4,290",中,https://www.springer.com/gp/open-access,https://www.google.com/search?q=Reviews+of+Environmental+Contamination+and+Toxicology+aims+scope+instructions+for+authors+APC
704,2补-Q1且IF5到10,0,NEUROPSYCHOLOGY REVIEW,NEUROPSYCHOL REV,1040-7308,1573-6660,8.2,8.8,Q1,5/184,Q2,Q2,0.96,97.6,0.0,5362.0,"NEUROSCIENCES; PSYCHOLOGY, CLINICAL","NEUROSCIENCES(JIF Q1/JCI Q2) | PSYCHOLOGY, CLINICAL(JIF Q1/JCI Q2)",SPRINGER,Springer,是,SCIE; SSCI,混合为主,"订阅路线通常无APC；选OA约 USD 2,790-4,290",中,https://www.springer.com/gp/open-access,https://www.google.com/search?q=NEUROPSYCHOLOGY+REVIEW+aims+scope+instructions+for+authors+APC
705,2补-Q1且IF5到10,0,Current Nutrition Reports,CURR NUTR REP,,2161-3311,8.0,7.5,Q1,8/114,Q2,Q2,0.88,93.4,0.0,3439.0,NUTRITION & DIETETICS,NUTRITION & DIETETICS(JIF Q1/JCI Q2),SPRINGERNATURE,Springer Nature,是,SCIE,混合/全OA,"全OA约 USD 2,090-3,490；Nature系更高；Scientific Reports已拉黑",中高,https://www.springernature.com/gp/open-research/journals-books/journals,https://www.google.com/search?q=Current+Nutrition+Reports+aims+scope+instructions+for+authors+APC
706,2补-Q1且IF5到10,0,CURRENT OPINION IN MICROBIOLOGY,CURR OPIN MICROBIOL,1369-5274,1879-0364,8.0,7.8,Q1,19/167,Q2,Q2,0.75,88.9,0.0,13949.0,MICROBIOLOGY,MICROBIOLOGY(JIF Q1/JCI Q2),CURRENT BIOLOGY LTD,其他,是,SCIE,需核实,请查期刊官网 Author / Open Access 页面,未知,,https://www.google.com/search?q=CURRENT+OPINION+IN+MICROBIOLOGY+aims+scope+instructions+for+authors+APC
707,2补-Q1且IF5到10,0,Current Environmental Health Reports,CURR ENV HLTH REP,,2196-5412,7.9,11.7,Q1,21/443,Q1,Q1,1.84,95.4,0.0,4772.0,"PUBLIC, ENVIRONMENTAL & OCCUPATIONAL HEALTH","PUBLIC, ENVIRONMENTAL & OCCUPATIONAL HEALTH(JIF Q1/JCI Q1)",SPRINGERNATURE,Springer Nature,是,"SCIE, SSCI",混合/全OA,"全OA约 USD 2,090-3,490；Nature系更高；Scientific Reports已拉黑",中高,https://www.springernature.com/gp/open-research/journals-books/journals,https://www.google.com/search?q=Current+Environmental+Health+Reports+aims+scope+instructions+for+authors+APC
708,2补-Q1且IF5到10,0,CURRENT OPINION IN BIOTECHNOLOGY,CURR OPIN BIOTECH,0958-1669,1879-0429,7.8,8.7,Q1,3/85,Q2,Q2,0.87,90.3,0.0,19937.0,BIOTECHNOLOGY & APPLIED MICROBIOLOGY,BIOTECHNOLOGY & APPLIED MICROBIOLOGY(JIF Q1/JCI Q2),ELSEVIER SCI LTD,Elsevier,是,SCIE,混合为主,"订阅路线通常无APC；Gold OA常见 USD 2,200-4,200",中,https://www.elsevier.com/open-access/agreements,https://www.google.com/search?q=CURRENT+OPINION+IN+BIOTECHNOLOGY+aims+scope+instructions+for+authors+APC
709,2补-Q1且IF5到10,0,Current Psychiatry Reports,CURR PSYCHIAT REP,1523-3812,1535-1645,7.5,8.6,Q1,17/293,Q2,Q2,0.96,94.4,0.0,11361.0,PSYCHIATRY,PSYCHIATRY(JIF Q1/JCI Q2),SPRINGER,Springer,是,"SCIE, SSCI",混合为主,"订阅路线通常无APC；选OA约 USD 2,790-4,290",中,https://www.springer.com/gp/open-access,https://www.google.com/search?q=Current+Psychiatry+Reports+aims+scope+instructions+for+authors+APC
710,2补-Q1且IF5到10,0,NUTRITION RESEARCH REVIEWS,NUTR RES REV,0954-4224,1475-2700,7.5,8.3,Q1,10/114,Q2,Q2,0.66,91.7,0.0,4011.0,NUTRITION & DIETETICS,NUTRITION & DIETETICS(JIF Q1/JCI Q2),CAMBRIDGE UNIV PRESS,Cambridge UP,是,SCIE,混合为主,订阅路线通常无APC；Gold OA因刊而异,中,https://www.cambridge.org/core/open-research/open-access,https://www.google.com/search?q=NUTRITION+RESEARCH+REVIEWS+aims+scope+instructions+for+authors+APC
711,2补-Q1且IF5到10,0,Current Neurology and Neuroscience Reports,CURR NEUROL NEUROSCI,1528-4042,1534-6293,7.4,7.2,Q1,21/296,Q2,Q2,0.9,93.1,0.0,6435.0,CLINICAL NEUROLOGY; NEUROSCIENCES,CLINICAL NEUROLOGY(JIF Q1/JCI Q2) | NEUROSCIENCES(JIF Q1/JCI Q2),SPRINGER,Springer,是,SCIE,混合为主,"订阅路线通常无APC；选OA约 USD 2,790-4,290",中,https://www.springer.com/gp/open-access,https://www.google.com/search?q=Current+Neurology+and+Neuroscience+Reports+aims+scope+instructions+for+authors+APC
712,2补-Q1且IF5到10,0,Current Osteoporosis Reports,CURR OSTEOPOROS REP,1544-1873,1544-2241,7.4,6.8,Q1,21/198,Q2,Q2,0.83,89.6,0.0,4739.0,ENDOCRINOLOGY & METABOLISM,ENDOCRINOLOGY & METABOLISM(JIF Q1/JCI Q2),SPRINGER,Springer,是,SCIE,混合为主,"订阅路线通常无APC；选OA约 USD 2,790-4,290",中,https://www.springer.com/gp/open-access,https://www.google.com/search?q=Current+Osteoporosis+Reports+aims+scope+instructions+for+authors+APC
713,2补-Q1且IF5到10,0,BLOOD REVIEWS,BLOOD REV,0268-960X,1532-1681,7.2,7.3,Q1,14/103,Q1,Q1,1.04,86.9,0.0,5759.0,HEMATOLOGY,HEMATOLOGY(JIF Q1/JCI Q1),CHURCHILL LIVINGSTONE,Elsevier,是,SCIE,混合为主,"订阅路线通常无APC；Gold OA常见 USD 2,200-4,200",中,https://www.elsevier.com/open-access/agreements,https://www.google.com/search?q=BLOOD+REVIEWS+aims+scope+instructions+for+authors+APC
714,2补-Q1且IF5到10,0,CURRENT OPINION IN CHEMICAL BIOLOGY,CURR OPIN CHEM BIOL,1367-5931,1879-0402,7.2,7.1,Q1,6/81,Q2,Q1,0.88,86.1,0.0,11193.0,BIOCHEMISTRY & MOLECULAR BIOLOGY,BIOCHEMISTRY & MOLECULAR BIOLOGY(JIF Q1/JCI Q2),ELSEVIER SCI LTD,Elsevier,是,SCIE,混合为主,"订阅路线通常无APC；Gold OA常见 USD 2,200-4,200",中,https://www.elsevier.com/open-access/agreements,https://www.google.com/search?q=CURRENT+OPINION+IN+CHEMICAL+BIOLOGY+aims+scope+instructions+for+authors+APC
715,2补-Q1且IF5到10,0,Current Diabetes Reports,CURR DIABETES REP,1534-4827,1539-0829,7.2,7.1,Q1,23/198,Q2,Q2,0.82,88.6,0.0,7301.0,ENDOCRINOLOGY & METABOLISM,ENDOCRINOLOGY & METABOLISM(JIF Q1/JCI Q2),CURRENT MEDICINE GROUP,其他,是,SCIE,需核实,请查期刊官网 Author / Open Access 页面,未知,,https://www.google.com/search?q=Current+Diabetes+Reports+aims+scope+instructions+for+authors+APC
716,2补-Q1且IF5到10,0,FRONTIERS IN NEUROENDOCRINOLOGY,FRONT NEUROENDOCRIN,0091-3022,1095-6808,7.0,9.1,Q1,39/330,Q1,Q1,0.95,88.3,0.0,6208.0,ENDOCRINOLOGY & METABOLISM; NEUROSCIENCES,ENDOCRINOLOGY & METABOLISM(JIF Q1/JCI Q1) | NEUROSCIENCES(JIF Q1/JCI Q2),ACADEMIC PRESS INC ELSEVIER SCIENCE,Elsevier,是,SCIE,混合为主,"订阅路线通常无APC；Gold OA常见 USD 2,200-4,200",中,https://www.elsevier.com/open-access/agreements,https://www.google.com/search?q=FRONTIERS+IN+NEUROENDOCRINOLOGY+aims+scope+instructions+for+authors+APC
717,2补-Q1且IF5到10,0,CRITICAL REVIEWS IN MICROBIOLOGY,CRIT REV MICROBIOL,1040-841X,1549-7828,7.0,9.0,Q1,20/167,Q3,Q3,0.63,88.3,0.0,6021.0,MICROBIOLOGY,MICROBIOLOGY(JIF Q1/JCI Q3),TAYLOR & FRANCIS LTD,Taylor & Francis,是,SCIE,混合为主,"订阅路线通常无APC；Open Select常见 USD 2,500-3,500",中,https://authorservices.taylorandfrancis.com/publishing-open-access/,https://www.google.com/search?q=CRITICAL+REVIEWS+IN+MICROBIOLOGY+aims+scope+instructions+for+authors+APC
718,2补-Q1且IF5到10,0,FOOD REVIEWS INTERNATIONAL,FOOD REV INT,8755-9129,1525-6103,6.8,9.2,Q1,16/114,Q2,Q2,0.67,86.4,0.0,9464.0,NUTRITION & DIETETICS,NUTRITION & DIETETICS(JIF Q1/JCI Q2),TAYLOR & FRANCIS INC,Taylor & Francis,是,SCIE,混合为主,"订阅路线通常无APC；Open Select常见 USD 2,500-3,500",中,https://authorservices.taylorandfrancis.com/publishing-open-access/,https://www.google.com/search?q=FOOD+REVIEWS+INTERNATIONAL+aims+scope+instructions+for+authors+APC
719,2补-Q1且IF5到10,0,SEMINARS IN NUCLEAR MEDICINE,SEMIN NUCL MED,0001-2998,1558-4623,6.6,6.3,Q1,18/217,Q1,Q1,1.36,91.9,0.0,4102.0,"RADIOLOGY, NUCLEAR MEDICINE & MEDICAL IMAGING","RADIOLOGY, NUCLEAR MEDICINE & MEDICAL IMAGING(JIF Q1/JCI Q1)",W B SAUNDERS CO-ELSEVIER INC,Elsevier,是,SCIE,混合为主,"订阅路线通常无APC；Gold OA常见 USD 2,200-4,200",中,https://www.elsevier.com/open-access/agreements,https://www.google.com/search?q=SEMINARS+IN+NUCLEAR+MEDICINE+aims+scope+instructions+for+authors+APC
720,2补-Q1且IF5到10,0,Current Atherosclerosis Reports,CURR ATHEROSCLER REP,1523-3804,1534-6242,6.6,6.7,Q1,13/100,Q1,Q1,0.97,87.5,0.0,5434.0,PERIPHERAL VASCULAR DISEASE,PERIPHERAL VASCULAR DISEASE(JIF Q1/JCI Q1),CURRENT MEDICINE GROUP,其他,是,SCIE,需核实,请查期刊官网 Author / Open Access 页面,未知,,https://www.google.com/search?q=Current+Atherosclerosis+Reports+aims+scope+instructions+for+authors+APC
721,2补-Q1且IF5到10,0,Annual Review of Vision Science,ANNU REV VIS SCI,2374-4642,2374-4650,6.5,8.3,Q1,7/98,Q2,Q2,1.01,93.4,0.0,2295.0,NEUROSCIENCES; OPHTHALMOLOGY,NEUROSCIENCES(JIF Q1/JCI Q2) | OPHTHALMOLOGY(JIF Q1/JCI Q2),ANNUAL REVIEWS,其他,是,SCIE,需核实,请查期刊官网 Author / Open Access 页面,未知,,https://www.google.com/search?q=Annual+Review+of+Vision+Science+aims+scope+instructions+for+authors+APC
722,2补-Q1且IF5到10,0,EXPERT REVIEWS IN MOLECULAR MEDICINE,EXPERT REV MOL MED,1462-3994,1462-3994,6.5,6.9,Q1,54/328,Q3,Q3,0.57,83.7,0.0,2509.0,"BIOCHEMISTRY & MOLECULAR BIOLOGY; MEDICINE, RESEARCH & EXPERIMENTAL","BIOCHEMISTRY & MOLECULAR BIOLOGY(JIF Q1/JCI Q3) | MEDICINE, RESEARCH & EXPERIMENTAL(JIF Q1/JCI Q3)",CAMBRIDGE UNIV PRESS,Cambridge UP,是,SCIE,混合为主,订阅路线通常无APC；Gold OA因刊而异,中,https://www.cambridge.org/core/open-research/open-access,https://www.google.com/search?q=EXPERT+REVIEWS+IN+MOLECULAR+MEDICINE+aims+scope+instructions+for+authors+APC
723,2补-Q1且IF5到10,0,CURRENT HYPERTENSION REPORTS,CURR HYPERTENS REP,1522-6417,1534-3111,6.3,6.3,Q1,14/100,Q1,Q1,0.94,86.5,0.0,5349.0,PERIPHERAL VASCULAR DISEASE,PERIPHERAL VASCULAR DISEASE(JIF Q1/JCI Q1),SPRINGER,Springer,是,SCIE,混合为主,"订阅路线通常无APC；选OA约 USD 2,790-4,290",中,https://www.springer.com/gp/open-access,https://www.google.com/search?q=CURRENT+HYPERTENSION+REPORTS+aims+scope+instructions+for+authors+APC
724,2补-Q1且IF5到10,0,CURRENT ALLERGY AND ASTHMA REPORTS,CURR ALLERGY ASTHM R,1529-7322,1534-6315,6.3,6.5,Q1,7/40,Q2,Q2,0.77,83.8,0.0,4149.0,ALLERGY; IMMUNOLOGY,ALLERGY(JIF Q1/JCI Q2) | IMMUNOLOGY(JIF Q1/JCI Q2),CURRENT MEDICINE GROUP,其他,是,SCIE,需核实,请查期刊官网 Author / Open Access 页面,未知,,https://www.google.com/search?q=CURRENT+ALLERGY+AND+ASTHMA+REPORTS+aims+scope+instructions+for+authors+APC
725,2补-Q1且IF5到10,0,NUTRITION REVIEWS,NUTR REV,0029-6643,1753-4887,6.3,7.5,Q1,18/114,Q2,Q2,0.64,84.6,0.0,14072.0,NUTRITION & DIETETICS,NUTRITION & DIETETICS(JIF Q1/JCI Q2),OXFORD UNIV PRESS INC,Oxford UP,是,SCIE,混合为主,订阅路线通常无APC；可选OA，费用因刊而异,中,https://academic.oup.com/pages/open-research/open-access,https://www.google.com/search?q=NUTRITION+REVIEWS+aims+scope+instructions+for+authors+APC
726,2补-Q1且IF5到10,0,CRITICAL REVIEWS IN CLINICAL LABORATORY SCIENCES,CRIT REV CL LAB SCI,1040-8363,1549-781X,6.2,8.2,Q1,3/33,Q2,Q2,1.1,92.4,0.0,3605.0,MEDICAL LABORATORY TECHNOLOGY,MEDICAL LABORATORY TECHNOLOGY(JIF Q1/JCI Q2),TAYLOR & FRANCIS LTD,Taylor & Francis,是,SCIE,混合为主,"订阅路线通常无APC；Open Select常见 USD 2,500-3,500",中,https://authorservices.taylorandfrancis.com/publishing-open-access/,https://www.google.com/search?q=CRITICAL+REVIEWS+IN+CLINICAL+LABORATORY+SCIENCES+aims+scope+instructions+for+authors+APC
727,2补-Q1且IF5到10,0,CRITICAL REVIEWS IN ONCOLOGY HEMATOLOGY,CRIT REV ONCOL HEMAT,1040-8428,1879-0461,6.2,6.3,Q1,15/103,Q1,Q1,0.82,85.9,0.0,14331.0,HEMATOLOGY; ONCOLOGY,HEMATOLOGY(JIF Q1/JCI Q1) | ONCOLOGY(JIF Q1/JCI Q2),ELSEVIER SCIENCE INC,Elsevier,是,SCIE,混合为主,"订阅路线通常无APC；Gold OA常见 USD 2,200-4,200",中,https://www.elsevier.com/open-access/agreements,https://www.google.com/search?q=CRITICAL+REVIEWS+IN+ONCOLOGY+HEMATOLOGY+aims+scope+instructions+for+authors+APC
728,2补-Q1且IF5到10,0,CURRENT TREATMENT OPTIONS IN ONCOLOGY,CURR TREAT OPTION ON,1527-2729,1534-6277,5.8,5.1,Q1,67/333,Q2,Q2,0.65,80.0,0.0,4351.0,ONCOLOGY,ONCOLOGY(JIF Q1/JCI Q2),SPRINGER,Springer,是,SCIE,混合为主,"订阅路线通常无APC；选OA约 USD 2,790-4,290",中,https://www.springer.com/gp/open-access,https://www.google.com/search?q=CURRENT+TREATMENT+OPTIONS+IN+ONCOLOGY+aims+scope+instructions+for+authors+APC
729,2补-Q1且IF5到10,0,Clinical Reviews in Bone and Mineral Metabolism,CLIN REV BONE MINER,1534-8644,1559-0119,5.7,1.9,Q1,35/198,Q4,Q4,0.27,82.6,0.0,311.0,ENDOCRINOLOGY & METABOLISM,ENDOCRINOLOGY & METABOLISM(JIF Q1/JCI Q4),SPRINGER,Springer,否,ESCI,混合为主,"订阅路线通常无APC；选OA约 USD 2,790-4,290",中,https://www.springer.com/gp/open-access,https://www.google.com/search?q=Clinical+Reviews+in+Bone+and+Mineral+Metabolism+aims+scope+instructions+for+authors+APC
730,2补-Q1且IF5到10,0,CRITICAL REVIEWS IN TOXICOLOGY,CRIT REV TOXICOL,1040-8444,1547-6898,5.6,6.9,Q1,15/106,Q3,Q3,0.65,86.3,0.0,4711.0,TOXICOLOGY,TOXICOLOGY(JIF Q1/JCI Q3),TAYLOR & FRANCIS LTD,Taylor & Francis,是,SCIE,混合为主,"订阅路线通常无APC；Open Select常见 USD 2,500-3,500",中,https://authorservices.taylorandfrancis.com/publishing-open-access/,https://www.google.com/search?q=CRITICAL+REVIEWS+IN+TOXICOLOGY+aims+scope+instructions+for+authors+APC
731,2补-Q1且IF5到10,0,CURRENT OPINION IN IMMUNOLOGY,CURR OPIN IMMUNOL,0952-7915,1879-0372,5.6,6.8,Q1,42/183,Q3,Q3,0.61,77.3,0.0,9711.0,IMMUNOLOGY,IMMUNOLOGY(JIF Q1/JCI Q3),CURRENT BIOLOGY LTD,其他,是,SCIE,需核实,请查期刊官网 Author / Open Access 页面,未知,,https://www.google.com/search?q=CURRENT+OPINION+IN+IMMUNOLOGY+aims+scope+instructions+for+authors+APC
732,2补-Q1且IF5到10,0,Emerging Themes in Epidemiology,EMERG THEMES EPIDEMI,,1742-7622,5.5,4.2,Q1,42/443,Q2,Q2,0.94,90.6,0.0,599.0,"PUBLIC, ENVIRONMENTAL & OCCUPATIONAL HEALTH","PUBLIC, ENVIRONMENTAL & OCCUPATIONAL HEALTH(JIF Q1/JCI Q2)",BMC,BMC,否,ESCI,全OA,"约 USD 1,990-2,890（旗舰刊更高）",高,https://www.biomedcentral.com/getpublished/article-processing-charges,https://www.google.com/search?q=Emerging+Themes+in+Epidemiology+aims+scope+instructions+for+authors+APC
733,2补-Q1且IF5到10,0,REVIEWS IN MEDICAL VIROLOGY,REV MED VIROL,1052-9276,1099-1654,5.5,6.1,Q1,3/44,Q2,Q2,0.93,94.3,0.0,5073.0,VIROLOGY,VIROLOGY(JIF Q1/JCI Q2),WILEY,Wiley,是,SCIE,混合为主,"订阅路线通常无APC；OnlineOpen常见 USD 3,200-4,700",中,https://authorservices.wiley.com/author-resources/Journal-Authors/open-access/article-publication-charges.html,https://www.google.com/search?q=REVIEWS+IN+MEDICAL+VIROLOGY+aims+scope+instructions+for+authors+APC
734,2补-Q1且IF5到10,0,Annual Review of Cancer Biology,ANNU REV CANCER BIOL,2472-3428,2472-3428,5.5,5.7,Q1,76/333,Q2,Q2,0.69,77.3,0.0,1108.0,ONCOLOGY,ONCOLOGY(JIF Q1/JCI Q2),ANNUAL REVIEWS,其他,是,SCIE,需核实,请查期刊官网 Author / Open Access 页面,未知,,https://www.google.com/search?q=Annual+Review+of+Cancer+Biology+aims+scope+instructions+for+authors+APC
735,2补-Q1且IF5到10,0,CURRENT OPINION IN RHEUMATOLOGY,CURR OPIN RHEUMATOL,1040-8711,1531-6963,5.4,5.1,Q1,7/58,Q2,Q2,0.87,88.8,0.0,5454.0,RHEUMATOLOGY,RHEUMATOLOGY(JIF Q1/JCI Q2),LIPPINCOTT WILLIAMS & WILKINS,Wolters Kluwer/LWW,是,SCIE,混合为主,"订阅路线通常无APC；OA常见 USD 2,000-4,000；MEDICINE已拉黑",中,https://wkauthorservices.editage.com/open-access/,https://www.google.com/search?q=CURRENT+OPINION+IN+RHEUMATOLOGY+aims+scope+instructions+for+authors+APC
736,2补-Q1且IF5到10,0,WIREs Mechanisms of Disease,WIRES MECH DIS,2692-9368,2692-9368,5.4,7.7,Q1,47/191,Q2,Q2,0.78,75.7,0.0,838.0,"MEDICINE, RESEARCH & EXPERIMENTAL","MEDICINE, RESEARCH & EXPERIMENTAL(JIF Q1/JCI Q2)",WILEY,Wiley,是,SCIE,混合为主,"订阅路线通常无APC；OnlineOpen常见 USD 3,200-4,700",中,https://authorservices.wiley.com/author-resources/Journal-Authors/open-access/article-publication-charges.html,https://www.google.com/search?q=WIREs+Mechanisms+of+Disease+aims+scope+instructions+for+authors+APC
737,2补-Q1且IF5到10,0,EXERCISE AND SPORT SCIENCES REVIEWS,EXERC SPORT SCI REV,0091-6331,1538-3008,5.2,6.6,Q1,10/136,Q2,Q2,0.89,93.0,0.0,4182.0,SPORT SCIENCES,SPORT SCIENCES(JIF Q1/JCI Q2),LIPPINCOTT WILLIAMS & WILKINS,Wolters Kluwer/LWW,是,SCIE,混合为主,"订阅路线通常无APC；OA常见 USD 2,000-4,000；MEDICINE已拉黑",中,https://wkauthorservices.editage.com/open-access/,https://www.google.com/search?q=EXERCISE+AND+SPORT+SCIENCES+REVIEWS+aims+scope+instructions+for+authors+APC
738,2补-Q1且IF5到10,0,Current Oncology Reports,CURR ONCOL REP,1523-3790,1534-6269,5.2,5.6,Q1,81/333,Q2,Q2,0.65,75.8,0.0,6344.0,ONCOLOGY,ONCOLOGY(JIF Q1/JCI Q2),SPRINGER,Springer,是,SCIE,混合为主,"订阅路线通常无APC；选OA约 USD 2,790-4,290",中,https://www.springer.com/gp/open-access,https://www.google.com/search?q=Current+Oncology+Reports+aims+scope+instructions+for+authors+APC
739,2补-Q1且IF5到10,0,JOURNAL OF DIGITAL IMAGING,J DIGIT IMAGING,0897-1889,1618-727X,5.1,4.5,Q1,31/217,Q1,Q1,1.19,85.9,0.0,5681.0,"RADIOLOGY, NUCLEAR MEDICINE & MEDICAL IMAGING","RADIOLOGY, NUCLEAR MEDICINE & MEDICAL IMAGING(JIF Q1/JCI Q1)",SPRINGER,Springer,是,SCIE,混合为主,"订阅路线通常无APC；选OA约 USD 2,790-4,290",中,https://www.springer.com/gp/open-access,https://www.google.com/search?q=JOURNAL+OF+DIGITAL+IMAGING+aims+scope+instructions+for+authors+APC
740,2补-Q1且IF5到10,0,Current Reviews in Musculoskeletal Medicine,CURR REV MUSCULOSKE,1935-973X,1935-9748,5.0,5.8,Q1,10/147,Q1,Q1,1.47,93.5,0.0,4359.0,ORTHOPEDICS,ORTHOPEDICS(JIF Q1/JCI Q1),SPRINGER,Springer,是,SCIE,混合为主,"订阅路线通常无APC；选OA约 USD 2,790-4,290",中,https://www.springer.com/gp/open-access,https://www.google.com/search?q=Current+Reviews+in+Musculoskeletal+Medicine+aims+scope+instructions+for+authors+APC
