序号,分层,易投指数0-5,期刊全称,ISO缩写,ISSN,eISSN,2025 JIF,5年JIF,最佳JIF分区,JIF排名(主表),最佳JCI分区,主表JCI分区,JCI,最高JIF百分位,年发文量,总被引,医学相关学科,学科及分区明细,出版商,出版商分组,是否SCIE,Web of Science版本,常见OA模式,版面费参考(须官网核实),OA付费可能性,版面费查询入口,AIM作者须知检索
1,2-Q1且IF小于5,5,Journal of Clinical Medicine,J CLIN MED,,2077-0383,3.3,3.5,Q1,67/336,Q1,Q1,0.86,80.2,6640.0,132600.0,"MEDICINE, GENERAL & INTERNAL","MEDICINE, GENERAL & INTERNAL(JIF Q1/JCI Q1)",MDPI,MDPI,是,SCIE,全OA,"约 CHF 1,600-2,900（如 JCM=CHF 2,600）",高,https://www.mdpi.com/about/apc,https://www.google.com/search?q=Journal+of+Clinical+Medicine+aims+scope+instructions+for+authors+APC
2,2-Q1且IF小于5,5,Frontiers in Public Health,FRONT PUBLIC HEALTH,,2296-2565,4.1,4.3,Q1,75/443,Q1,Q1,1.1,83.2,4629.0,83487.0,"PUBLIC, ENVIRONMENTAL & OCCUPATIONAL HEALTH","PUBLIC, ENVIRONMENTAL & OCCUPATIONAL HEALTH(JIF Q1/JCI Q1)",FRONTIERS MEDIA SA,Frontiers,是,"SCIE, SSCI",全OA,"约 CHF 1,495-3,150（Frontiers in Medicine A类=CHF 3,150）",高,https://www.frontiersin.org/about/fee-policy,https://www.google.com/search?q=Frontiers+in+Public+Health+aims+scope+instructions+for+authors+APC
3,2-Q1且IF小于5,5,BMC PUBLIC HEALTH,BMC PUBLIC HEALTH,,1471-2458,4.4,4.8,Q1,60/443,Q1,Q1,1.33,86.6,4487.0,110078.0,"PUBLIC, ENVIRONMENTAL & OCCUPATIONAL HEALTH","PUBLIC, ENVIRONMENTAL & OCCUPATIONAL HEALTH(JIF Q1/JCI Q1)",BMC,BMC,是,SCIE,全OA,"约 USD 1,990-2,890（旗舰刊更高）",高,https://www.biomedcentral.com/getpublished/article-processing-charges,https://www.google.com/search?q=BMC+PUBLIC+HEALTH+aims+scope+instructions+for+authors+APC
4,2-Q1且IF小于5,5,Frontiers in Medicine,FRONT MED-LAUSANNE,,2296-858X,3.6,3.7,Q1,64/336,Q1,Q1,0.83,81.1,3733.0,54614.0,"MEDICINE, GENERAL & INTERNAL","MEDICINE, GENERAL & INTERNAL(JIF Q1/JCI Q1)",FRONTIERS MEDIA SA,Frontiers,是,SCIE,全OA,"约 CHF 1,495-3,150（Frontiers in Medicine A类=CHF 3,150）",高,https://www.frontiersin.org/about/fee-policy,https://www.google.com/search?q=Frontiers+in+Medicine+aims+scope+instructions+for+authors+APC
5,2-Q1且IF小于5,5,Healthcare,HEALTHCARE-BASEL,,2227-9032,3.4,3.3,Q1,23/125,Q2,Q2,0.9,82.0,2746.0,38753.0,HEALTH CARE SCIENCES & SERVICES; HEALTH POLICY & SERVICES,HEALTH CARE SCIENCES & SERVICES(JIF Q2/JCI Q2) | HEALTH POLICY & SERVICES(JIF Q1/JCI Q2),MDPI,MDPI,是,SCIE; SSCI,全OA,"约 CHF 1,600-2,900（如 JCM=CHF 2,600）",高,https://www.mdpi.com/about/apc,https://www.google.com/search?q=Healthcare+aims+scope+instructions+for+authors+APC
6,2-Q1且IF小于5,5,Diagnostics,DIAGNOSTICS,,2075-4418,3.8,3.6,Q1,61/336,Q1,Q1,0.89,82.0,2598.0,50959.0,"MEDICINE, GENERAL & INTERNAL","MEDICINE, GENERAL & INTERNAL(JIF Q1/JCI Q1)",MDPI,MDPI,是,SCIE,全OA,"约 CHF 1,600-2,900（如 JCM=CHF 2,600）",高,https://www.mdpi.com/about/apc,https://www.google.com/search?q=Diagnostics+aims+scope+instructions+for+authors+APC
7,2-Q1且IF小于5,5,iScience,ISCIENCE,,2589-0042,4.5,5.0,Q1,24/140,Q1,Q1,0.92,83.2,2407.0,57379.0,MULTIDISCIPLINARY SCIENCES,MULTIDISCIPLINARY SCIENCES(JIF Q1/JCI Q1),CELL PRESS,其他,是,SCIE,需核实,请查期刊官网 Author / Open Access 页面,未知,,https://www.google.com/search?q=iScience+aims+scope+instructions+for+authors+APC
8,2-Q1且IF小于5,5,BMC Oral Health,BMC ORAL HEALTH,1472-6831,1472-6831,3.8,4.0,Q1,27/165,Q1,Q1,1.44,83.9,2041.0,23829.0,"DENTISTRY, ORAL SURGERY & MEDICINE","DENTISTRY, ORAL SURGERY & MEDICINE(JIF Q1/JCI Q1)",BMC,BMC,是,SCIE,全OA,"约 USD 1,990-2,890（旗舰刊更高）",高,https://www.biomedcentral.com/getpublished/article-processing-charges,https://www.google.com/search?q=BMC+Oral+Health+aims+scope+instructions+for+authors+APC
9,2-Q1且IF小于5,5,Medicina-Lithuania,MEDICINA-LITHUANIA,1010-660X,1648-9144,2.9,3.0,Q1,75/336,Q1,Q1,0.75,77.8,1740.0,30609.0,"MEDICINE, GENERAL & INTERNAL","MEDICINE, GENERAL & INTERNAL(JIF Q1/JCI Q1)",MDPI,MDPI,是,SCIE,全OA,"约 CHF 1,600-2,900（如 JCM=CHF 2,600）",高,https://www.mdpi.com/about/apc,https://www.google.com/search?q=Medicina-Lithuania+aims+scope+instructions+for+authors+APC
10,2-Q1且IF小于5,5,Biology-Basel,BIOLOGY-BASEL,,2079-7737,4.3,4.6,Q1,19/106,Q1,Q1,0.89,82.5,1532.0,32407.0,BIOLOGY,BIOLOGY(JIF Q1/JCI Q1),MDPI,MDPI,是,SCIE,全OA,"约 CHF 1,600-2,900（如 JCM=CHF 2,600）",高,https://www.mdpi.com/about/apc,https://www.google.com/search?q=Biology-Basel+aims+scope+instructions+for+authors+APC
11,2-Q1且IF小于5,5,Life-Basel,LIFE-BASEL,,2075-1729,3.9,3.9,Q1,22/106,Q2,Q2,0.73,79.7,1441.0,33596.0,BIOLOGY,BIOLOGY(JIF Q1/JCI Q2),MDPI,MDPI,是,SCIE,全OA,"约 CHF 1,600-2,900（如 JCM=CHF 2,600）",高,https://www.mdpi.com/about/apc,https://www.google.com/search?q=Life-Basel+aims+scope+instructions+for+authors+APC
12,2-Q1且IF小于5,5,BMC Pregnancy and Childbirth,BMC PREGNANCY CHILDB,,1471-2393,3.1,3.6,Q1,33/143,Q1,Q1,1.18,77.3,1408.0,28186.0,OBSTETRICS & GYNECOLOGY,OBSTETRICS & GYNECOLOGY(JIF Q1/JCI Q1),BMC,BMC,是,SCIE,全OA,"约 USD 1,990-2,890（旗舰刊更高）",高,https://www.biomedcentral.com/getpublished/article-processing-charges,https://www.google.com/search?q=BMC+Pregnancy+and+Childbirth+aims+scope+instructions+for+authors+APC
13,2-Q1且IF小于5,5,Children-Basel,CHILDREN-BASEL,,2227-9067,2.6,2.7,Q1,39/190,Q1,Q1,1.04,79.7,1359.0,20960.0,PEDIATRICS,PEDIATRICS(JIF Q1/JCI Q1),MDPI,MDPI,是,SCIE,全OA,"约 CHF 1,600-2,900（如 JCM=CHF 2,600）",高,https://www.mdpi.com/about/apc,https://www.google.com/search?q=Children-Basel+aims+scope+instructions+for+authors+APC
14,2-Q1且IF小于5,5,BMC Psychiatry,BMC PSYCHIATRY,,1471-244X,4.6,5.1,Q1,52/293,Q1,Q1,1.22,82.4,1162.0,35871.0,PSYCHIATRY,PSYCHIATRY(JIF Q1/JCI Q1),BMC,BMC,是,SCIE,全OA,"约 USD 1,990-2,890（旗舰刊更高）",高,https://www.biomedcentral.com/getpublished/article-processing-charges,https://www.google.com/search?q=BMC+Psychiatry+aims+scope+instructions+for+authors+APC
15,2-Q1且IF小于5,5,Journal of Orthopaedic Surgery and Research,J ORTHOP SURG RES,1749-799X,1749-799X,3.8,3.8,Q1,21/147,Q1,Q1,1.39,86.1,947.0,19190.0,ORTHOPEDICS,ORTHOPEDICS(JIF Q1/JCI Q1),BMC,BMC,是,SCIE,全OA,"约 USD 1,990-2,890（旗舰刊更高）",高,https://www.biomedcentral.com/getpublished/article-processing-charges,https://www.google.com/search?q=Journal+of+Orthopaedic+Surgery+and+Research+aims+scope+instructions+for+authors+APC
16,2-Q1且IF小于5,5,Toxics,TOXICS,,2305-6304,4.9,5.3,Q1,21/106,Q2,Q2,0.87,80.7,935.0,19196.0,TOXICOLOGY,TOXICOLOGY(JIF Q1/JCI Q2),MDPI,MDPI,是,SCIE,全OA,"约 CHF 1,600-2,900（如 JCM=CHF 2,600）",高,https://www.mdpi.com/about/apc,https://www.google.com/search?q=Toxics+aims+scope+instructions+for+authors+APC
17,2-Q1且IF小于5,5,PLoS Computational Biology,PLOS COMPUT BIOL,1553-734X,1553-7358,3.7,4.4,Q1,12/67,Q1,Q1,0.96,82.8,848.0,47721.0,MATHEMATICAL & COMPUTATIONAL BIOLOGY,MATHEMATICAL & COMPUTATIONAL BIOLOGY(JIF Q1/JCI Q1),PUBLIC LIBRARY SCIENCE,PLOS,是,SCIE,全OA,专科刊费用因刊而异或走CAP；PLoS One已拉黑,高,https://plos.org/publish/fees/,https://www.google.com/search?q=PLoS+Computational+Biology+aims+scope+instructions+for+authors+APC
18,2-Q1且IF小于5,5,PLoS Neglected Tropical Diseases,PLOS NEGLECT TROP D,1935-2735,1935-2735,3.6,4.0,Q1,7/47,Q1,Q1,1.14,86.2,819.0,41211.0,PARASITOLOGY; TROPICAL MEDICINE,PARASITOLOGY(JIF Q1/JCI Q1) | TROPICAL MEDICINE(JIF Q1/JCI Q1),PUBLIC LIBRARY SCIENCE,PLOS,是,SCIE,全OA,专科刊费用因刊而异或走CAP；PLoS One已拉黑,高,https://plos.org/publish/fees/,https://www.google.com/search?q=PLoS+Neglected+Tropical+Diseases+aims+scope+instructions+for+authors+APC
19,2-Q1且IF小于5,5,PLoS Pathogens,PLOS PATHOG,1553-7366,1553-7374,4.9,5.5,Q1,4/47,Q1,Q1,1.39,92.6,669.0,55412.0,MICROBIOLOGY; PARASITOLOGY; VIROLOGY,MICROBIOLOGY(JIF Q2/JCI Q1) | PARASITOLOGY(JIF Q1/JCI Q1) | VIROLOGY(JIF Q1/JCI Q1),PUBLIC LIBRARY SCIENCE,PLOS,是,SCIE,全OA,专科刊费用因刊而异或走CAP；PLoS One已拉黑,高,https://plos.org/publish/fees/,https://www.google.com/search?q=PLoS+Pathogens+aims+scope+instructions+for+authors+APC
20,2-Q1且IF小于5,5,BMC Womens Health,BMC WOMENS HEALTH,,1472-6874,3.3,3.7,Q1,29/143,Q1,Q1,1.11,80.1,618.0,13555.0,"OBSTETRICS & GYNECOLOGY; PUBLIC, ENVIRONMENTAL & OCCUPATIONAL HEALTH","OBSTETRICS & GYNECOLOGY(JIF Q1/JCI Q1) | PUBLIC, ENVIRONMENTAL & OCCUPATIONAL HEALTH(JIF Q2/JCI Q1)",BMC,BMC,是,SCIE; SSCI,全OA,"约 USD 1,990-2,890（旗舰刊更高）",高,https://www.biomedcentral.com/getpublished/article-processing-charges,https://www.google.com/search?q=BMC+Womens+Health+aims+scope+instructions+for+authors+APC
21,2-Q1且IF小于5,5,BMC MEDICAL IMAGING,BMC MED IMAGING,1471-2342,1471-2342,3.9,3.9,Q1,46/217,Q1,Q1,1.15,79.0,562.0,5892.0,"RADIOLOGY, NUCLEAR MEDICINE & MEDICAL IMAGING","RADIOLOGY, NUCLEAR MEDICINE & MEDICAL IMAGING(JIF Q1/JCI Q1)",BMC,BMC,是,SCIE,全OA,"约 USD 1,990-2,890（旗舰刊更高）",高,https://www.biomedcentral.com/getpublished/article-processing-charges,https://www.google.com/search?q=BMC+MEDICAL+IMAGING+aims+scope+instructions+for+authors+APC
22,2-Q1且IF小于5,5,Parasites & Vectors,PARASITE VECTOR,1756-3305,1756-3305,3.7,3.9,Q1,3/27,Q1,Q1,1.25,90.7,520.0,26027.0,PARASITOLOGY; TROPICAL MEDICINE,PARASITOLOGY(JIF Q1/JCI Q1) | TROPICAL MEDICINE(JIF Q1/JCI Q1),BMC,BMC,是,SCIE,全OA,"约 USD 1,990-2,890（旗舰刊更高）",高,https://www.biomedcentral.com/getpublished/article-processing-charges,https://www.google.com/search?q=Parasites+&+Vectors+aims+scope+instructions+for+authors+APC
23,2-Q1且IF小于5,4,Discover Applied Sciences,DISCOV APPL SCI,,3004-9261,3.8,3.8,Q1,30/140,Q2,Q2,0.63,78.9,1242.0,4112.0,MULTIDISCIPLINARY SCIENCES,MULTIDISCIPLINARY SCIENCES(JIF Q1/JCI Q2),SPRINGER,Springer,否,ESCI,混合为主,"订阅路线通常无APC；选OA约 USD 2,790-4,290",中,https://www.springer.com/gp/open-access,https://www.google.com/search?q=Discover+Applied+Sciences+aims+scope+instructions+for+authors+APC
24,2-Q1且IF小于5,4,Health Science Reports,HEALTH SCI REP-US,,2398-8835,2.9,2.6,Q1,75/336,Q2,Q2,0.69,77.8,1060.0,6291.0,"MEDICINE, GENERAL & INTERNAL; PUBLIC, ENVIRONMENTAL & OCCUPATIONAL HEALTH","MEDICINE, GENERAL & INTERNAL(JIF Q1/JCI Q2) | PUBLIC, ENVIRONMENTAL & OCCUPATIONAL HEALTH(JIF Q2/JCI Q2)",WILEY,Wiley,否,ESCI,混合为主,"订阅路线通常无APC；OnlineOpen常见 USD 3,200-4,700",中,https://authorservices.wiley.com/author-resources/Journal-Authors/open-access/article-publication-charges.html,https://www.google.com/search?q=Health+Science+Reports+aims+scope+instructions+for+authors+APC
25,2-Q1且IF小于5,4,FASEB JOURNAL,FASEB J,0892-6638,1530-6860,4.3,4.7,Q1,19/106,Q1,Q1,0.85,82.5,947.0,52322.0,BIOCHEMISTRY & MOLECULAR BIOLOGY; BIOLOGY; CELL BIOLOGY,BIOCHEMISTRY & MOLECULAR BIOLOGY(JIF Q2/JCI Q2) | BIOLOGY(JIF Q1/JCI Q1) | CELL BIOLOGY(JIF Q2/JCI Q2),WILEY,Wiley,是,SCIE,混合为主,"订阅路线通常无APC；OnlineOpen常见 USD 3,200-4,700",中,https://authorservices.wiley.com/author-resources/Journal-Authors/open-access/article-publication-charges.html,https://www.google.com/search?q=FASEB+JOURNAL+aims+scope+instructions+for+authors+APC
26,2-Q1且IF小于5,4,ANNALS OF SURGICAL ONCOLOGY,ANN SURG ONCOL,1068-9265,1534-4681,3.8,3.8,Q1,38/321,Q1,Q1,1.23,88.3,915.0,36204.0,ONCOLOGY; SURGERY,ONCOLOGY(JIF Q2/JCI Q1) | SURGERY(JIF Q1/JCI Q1),SPRINGER,Springer,是,SCIE,混合为主,"订阅路线通常无APC；选OA约 USD 2,790-4,290",中,https://www.springer.com/gp/open-access,https://www.google.com/search?q=ANNALS+OF+SURGICAL+ONCOLOGY+aims+scope+instructions+for+authors+APC
27,2-Q1且IF小于5,4,SOCIAL SCIENCE & MEDICINE,SOC SCI MED,0277-9536,1873-5347,4.1,5.6,Q1,4/48,Q1,Q1,1.49,92.7,913.0,64963.0,"PUBLIC, ENVIRONMENTAL & OCCUPATIONAL HEALTH; SOCIAL SCIENCES, BIOMEDICAL","PUBLIC, ENVIRONMENTAL & OCCUPATIONAL HEALTH(JIF Q1/JCI Q1) | SOCIAL SCIENCES, BIOMEDICAL(JIF Q1/JCI Q1)",PERGAMON-ELSEVIER SCIENCE LTD,Elsevier,是,"SCIE, SSCI; SSCI",混合为主,"订阅路线通常无APC；Gold OA常见 USD 2,200-4,200",中,https://www.elsevier.com/open-access/agreements,https://www.google.com/search?q=SOCIAL+SCIENCE+&+MEDICINE+aims+scope+instructions+for+authors+APC
28,2-Q1且IF小于5,4,SURGICAL ENDOSCOPY AND OTHER INTERVENTIONAL TECHNIQUES,SURG ENDOSC,0930-2794,1432-2218,3.3,3.3,Q1,50/321,Q1,Q1,1.34,84.6,910.0,31968.0,SURGERY,SURGERY(JIF Q1/JCI Q1),SPRINGER,Springer,是,SCIE,混合为主,"订阅路线通常无APC；选OA约 USD 2,790-4,290",中,https://www.springer.com/gp/open-access,https://www.google.com/search?q=SURGICAL+ENDOSCOPY+AND+OTHER+INTERVENTIONAL+TECHNIQUES+aims+scope+instructions+for+authors+APC
29,2-Q1且IF小于5,4,SUPPORTIVE CARE IN CANCER,SUPPORT CARE CANCER,0941-4355,1433-7339,3.4,3.7,Q1,15/175,Q2,Q2,0.99,91.7,899.0,27891.0,HEALTH CARE SCIENCES & SERVICES; ONCOLOGY; REHABILITATION,HEALTH CARE SCIENCES & SERVICES(JIF Q2/JCI Q2) | ONCOLOGY(JIF Q2/JCI Q2) | REHABILITATION(JIF Q1/JCI Q2),SPRINGER,Springer,是,SCIE,混合为主,"订阅路线通常无APC；选OA约 USD 2,790-4,290",中,https://www.springer.com/gp/open-access,https://www.google.com/search?q=SUPPORTIVE+CARE+IN+CANCER+aims+scope+instructions+for+authors+APC
30,2-Q1且IF小于5,4,ANNALS OF MEDICINE,ANN MED,0785-3890,1365-2060,4.9,5.2,Q1,45/336,Q1,Q1,1.23,86.8,864.0,13491.0,"MEDICINE, GENERAL & INTERNAL","MEDICINE, GENERAL & INTERNAL(JIF Q1/JCI Q1)",TAYLOR & FRANCIS LTD,Taylor & Francis,是,SCIE,混合为主,"订阅路线通常无APC；Open Select常见 USD 2,500-3,500",中,https://authorservices.taylorandfrancis.com/publishing-open-access/,https://www.google.com/search?q=ANNALS+OF+MEDICINE+aims+scope+instructions+for+authors+APC
31,2-Q1且IF小于5,4,Journal of Radiation Research and Applied Sciences,J RADIAT RES APPL SC,1687-8507,1687-8507,3.5,3.2,Q1,35/140,Q1,Q1,1.07,75.4,810.0,5756.0,MULTIDISCIPLINARY SCIENCES,MULTIDISCIPLINARY SCIENCES(JIF Q1/JCI Q1),ELSEVIER,Elsevier,是,SCIE,混合为主,"订阅路线通常无APC；Gold OA常见 USD 2,200-4,200",中,https://www.elsevier.com/open-access/agreements,https://www.google.com/search?q=Journal+of+Radiation+Research+and+Applied+Sciences+aims+scope+instructions+for+authors+APC
32,2-Q1且IF小于5,4,JOURNAL OF ARTHROPLASTY,J ARTHROPLASTY,0883-5403,1532-8406,4.4,4.2,Q1,18/147,Q1,Q1,1.77,88.1,753.0,32784.0,ORTHOPEDICS,ORTHOPEDICS(JIF Q1/JCI Q1),CHURCHILL LIVINGSTONE INC MEDICAL PUBLISHERS,Elsevier,是,SCIE,混合为主,"订阅路线通常无APC；Gold OA常见 USD 2,200-4,200",中,https://www.elsevier.com/open-access/agreements,https://www.google.com/search?q=JOURNAL+OF+ARTHROPLASTY+aims+scope+instructions+for+authors+APC
33,2-Q1且IF小于5,4,JOURNAL OF THE ACOUSTICAL SOCIETY OF AMERICA,J ACOUST SOC AM,0001-4966,1520-8524,2.6,2.6,Q1,6/35,Q2,Q1,0.9,84.3,721.0,53946.0,AUDIOLOGY & SPEECH-LANGUAGE PATHOLOGY,AUDIOLOGY & SPEECH-LANGUAGE PATHOLOGY(JIF Q1/JCI Q2),ACOUSTICAL SOC AMER AMER INST PHYSICS,其他,是,SCIE,需核实,请查期刊官网 Author / Open Access 页面,未知,,https://www.google.com/search?q=JOURNAL+OF+THE+ACOUSTICAL+SOCIETY+OF+AMERICA+aims+scope+instructions+for+authors+APC
34,2-Q1且IF小于5,4,EUROPEAN SPINE JOURNAL,EUR SPINE J,0940-6719,1432-0932,3.2,3.4,Q1,30/147,Q1,Q1,1.01,79.9,717.0,23293.0,CLINICAL NEUROLOGY; ORTHOPEDICS,CLINICAL NEUROLOGY(JIF Q2/JCI Q1) | ORTHOPEDICS(JIF Q1/JCI Q2),SPRINGER,Springer,是,SCIE,混合为主,"订阅路线通常无APC；选OA约 USD 2,790-4,290",中,https://www.springer.com/gp/open-access,https://www.google.com/search?q=EUROPEAN+SPINE+JOURNAL+aims+scope+instructions+for+authors+APC
35,2-Q1且IF小于5,4,Digital Health,DIGIT HEALTH,2055-2076,2055-2076,3.9,4.2,Q1,15/125,Q1,Q1,1.02,88.4,708.0,9301.0,"HEALTH CARE SCIENCES & SERVICES; HEALTH POLICY & SERVICES; MEDICAL INFORMATICS; PUBLIC, ENVIRONMENTAL & OCCUPATIONAL HEALTH","HEALTH CARE SCIENCES & SERVICES(JIF Q1/JCI Q2) | HEALTH POLICY & SERVICES(JIF Q1/JCI Q1) | MEDICAL INFORMATICS(JIF Q2/JCI Q2) | PUBLIC, ENVIRONMENTAL & OCCUPATIONAL HEALTH(JIF Q1/JCI Q1)",SAGE PUBLICATIONS LTD,SAGE,是,"SCIE; SSCI; SCIE, SSCI",混合为主,"订阅路线通常无APC；SAGE Choice常见 USD 2,000-4,000",中,https://us.sagepub.com/en-us/nam/sage-choice,https://www.google.com/search?q=Digital+Health+aims+scope+instructions+for+authors+APC
36,2-Q1且IF小于5,4,Journal of Virology,J VIROL,0022-538X,1098-5514,4.1,4.1,Q1,8/44,Q1,Q1,1.09,83.0,660.0,77299.0,VIROLOGY,VIROLOGY(JIF Q1/JCI Q1),AMER SOC MICROBIOLOGY,其他,是,SCIE,需核实,请查期刊官网 Author / Open Access 页面,未知,,https://www.google.com/search?q=Journal+of+Virology+aims+scope+instructions+for+authors+APC
37,2-Q1且IF小于5,4,ACADEMIC RADIOLOGY,ACAD RADIOL,1076-6332,1878-4046,4.7,4.0,Q1,35/217,Q1,Q1,1.39,84.1,629.0,12494.0,"RADIOLOGY, NUCLEAR MEDICINE & MEDICAL IMAGING","RADIOLOGY, NUCLEAR MEDICINE & MEDICAL IMAGING(JIF Q1/JCI Q1)",ELSEVIER SCIENCE INC,Elsevier,是,SCIE,混合为主,"订阅路线通常无APC；Gold OA常见 USD 2,200-4,200",中,https://www.elsevier.com/open-access/agreements,https://www.google.com/search?q=ACADEMIC+RADIOLOGY+aims+scope+instructions+for+authors+APC
38,2-Q1且IF小于5,4,Scientific African,SCI AFR,2468-2276,2468-2276,3.7,3.7,Q1,32/140,Q2,Q2,0.73,77.5,582.0,8957.0,MULTIDISCIPLINARY SCIENCES,MULTIDISCIPLINARY SCIENCES(JIF Q1/JCI Q2),ELSEVIER,Elsevier,否,ESCI,混合为主,"订阅路线通常无APC；Gold OA常见 USD 2,200-4,200",中,https://www.elsevier.com/open-access/agreements,https://www.google.com/search?q=Scientific+African+aims+scope+instructions+for+authors+APC
39,2-Q1且IF小于5,4,EUROPEAN JOURNAL OF PEDIATRICS,EUR J PEDIATR,0340-6199,1432-1076,2.9,3.0,Q1,33/190,Q1,Q1,1.28,82.9,576.0,13647.0,PEDIATRICS,PEDIATRICS(JIF Q1/JCI Q1),SPRINGER,Springer,是,SCIE,混合为主,"订阅路线通常无APC；选OA约 USD 2,790-4,290",中,https://www.springer.com/gp/open-access,https://www.google.com/search?q=EUROPEAN+JOURNAL+OF+PEDIATRICS+aims+scope+instructions+for+authors+APC
40,2-Q1且IF小于5,4,Orthopaedic Journal of Sports Medicine,ORTHOP J SPORTS MED,,2325-9671,2.9,3.5,Q1,34/147,Q2,Q2,0.96,77.2,554.0,13228.0,ORTHOPEDICS; SPORT SCIENCES,ORTHOPEDICS(JIF Q1/JCI Q2) | SPORT SCIENCES(JIF Q2/JCI Q2),SAGE PUBLICATIONS INC,SAGE,是,SCIE,混合为主,"订阅路线通常无APC；SAGE Choice常见 USD 2,000-4,000",中,https://us.sagepub.com/en-us/nam/sage-choice,https://www.google.com/search?q=Orthopaedic+Journal+of+Sports+Medicine+aims+scope+instructions+for+authors+APC
41,2-Q1且IF小于5,4,ENVIRONMENTAL GEOCHEMISTRY AND HEALTH,ENVIRON GEOCHEM HLTH,0269-4042,1573-2983,4.3,4.2,Q1,66/443,Q2,Q2,0.83,85.2,546.0,12699.0,"PUBLIC, ENVIRONMENTAL & OCCUPATIONAL HEALTH","PUBLIC, ENVIRONMENTAL & OCCUPATIONAL HEALTH(JIF Q1/JCI Q2)",SPRINGER,Springer,是,SCIE,混合为主,"订阅路线通常无APC；选OA约 USD 2,790-4,290",中,https://www.springer.com/gp/open-access,https://www.google.com/search?q=ENVIRONMENTAL+GEOCHEMISTRY+AND+HEALTH+aims+scope+instructions+for+authors+APC
42,2-Q1且IF小于5,4,WORLD JOURNAL OF UROLOGY,WORLD J UROL,0724-4983,1433-8726,3.3,3.3,Q1,33/134,Q1,Q1,1.14,75.7,543.0,12943.0,UROLOGY & NEPHROLOGY,UROLOGY & NEPHROLOGY(JIF Q1/JCI Q1),SPRINGER,Springer,是,SCIE,混合为主,"订阅路线通常无APC；选OA约 USD 2,790-4,290",中,https://www.springer.com/gp/open-access,https://www.google.com/search?q=WORLD+JOURNAL+OF+UROLOGY+aims+scope+instructions+for+authors+APC
43,2-Q1且IF小于5,4,JOURNAL OF INFECTIOUS DISEASES,J INFECT DIS,0022-1899,1537-6613,4.1,4.5,Q1,34/141,Q1,Q1,1.1,76.2,540.0,44581.0,IMMUNOLOGY; INFECTIOUS DISEASES; MICROBIOLOGY,IMMUNOLOGY(JIF Q2/JCI Q1) | INFECTIOUS DISEASES(JIF Q1/JCI Q1) | MICROBIOLOGY(JIF Q2/JCI Q1),OXFORD UNIV PRESS INC,Oxford UP,是,SCIE,混合为主,订阅路线通常无APC；可选OA，费用因刊而异,中,https://academic.oup.com/pages/open-research/open-access,https://www.google.com/search?q=JOURNAL+OF+INFECTIOUS+DISEASES+aims+scope+instructions+for+authors+APC
44,2-Q1且IF小于5,4,JOURNAL OF ADVANCED NURSING,J ADV NURS,0309-2402,1365-2648,3.8,4.7,Q1,17/194,Q1,Q1,1.38,91.5,531.0,30366.0,NURSING,NURSING(JIF Q1/JCI Q1),WILEY,Wiley,是,"SCIE, SSCI",混合为主,"订阅路线通常无APC；OnlineOpen常见 USD 3,200-4,700",中,https://authorservices.wiley.com/author-resources/Journal-Authors/open-access/article-publication-charges.html,https://www.google.com/search?q=JOURNAL+OF+ADVANCED+NURSING+aims+scope+instructions+for+authors+APC
45,2-Q1且IF小于5,4,EUROPEAN JOURNAL OF RADIOLOGY,EUR J RADIOL,0720-048X,1872-7727,3.9,3.7,Q1,46/217,Q1,Q1,1.05,79.0,530.0,19085.0,"RADIOLOGY, NUCLEAR MEDICINE & MEDICAL IMAGING","RADIOLOGY, NUCLEAR MEDICINE & MEDICAL IMAGING(JIF Q1/JCI Q1)",ELSEVIER IRELAND LTD,Elsevier,是,SCIE,混合为主,"订阅路线通常无APC；Gold OA常见 USD 2,200-4,200",中,https://www.elsevier.com/open-access/agreements,https://www.google.com/search?q=EUROPEAN+JOURNAL+OF+RADIOLOGY+aims+scope+instructions+for+authors+APC
46,2-Q1且IF小于5,4,PROCEEDINGS OF THE ROYAL SOCIETY B-BIOLOGICAL SCIENCES,P ROY SOC B-BIOL SCI,0962-8452,1471-2954,3.6,4.4,Q1,23/106,Q1,Q1,1.02,78.8,526.0,61725.0,BIOLOGY,BIOLOGY(JIF Q1/JCI Q1),ROYAL SOC,其他,是,SCIE,需核实,请查期刊官网 Author / Open Access 页面,未知,,https://www.google.com/search?q=PROCEEDINGS+OF+THE+ROYAL+SOCIETY+B-BIOLOGICAL+SCIENCES+aims+scope+instructions+for+authors+APC
47,2-Q1且IF小于5,4,TISSUE & CELL,TISSUE CELL,0040-8166,,3.1,3.1,Q1,1/25,Q1,Q1,1.07,98.0,520.0,5552.0,ANATOMY & MORPHOLOGY; CELL BIOLOGY,ANATOMY & MORPHOLOGY(JIF Q1/JCI Q1) | CELL BIOLOGY(JIF Q3/JCI Q2),CHURCHILL LIVINGSTONE,Elsevier,是,SCIE,混合为主,"订阅路线通常无APC；Gold OA常见 USD 2,200-4,200",中,https://www.elsevier.com/open-access/agreements,https://www.google.com/search?q=TISSUE+&+CELL+aims+scope+instructions+for+authors+APC
48,2-Q1且IF小于5,4,EUROPEAN ARCHIVES OF OTO-RHINO-LARYNGOLOGY,EUR ARCH OTO-RHINO-L,0937-4477,1434-4726,2.4,2.3,Q1,12/67,Q1,Q1,1.24,82.8,520.0,15534.0,OTORHINOLARYNGOLOGY,OTORHINOLARYNGOLOGY(JIF Q1/JCI Q1),SPRINGER,Springer,是,SCIE,混合为主,"订阅路线通常无APC；选OA约 USD 2,790-4,290",中,https://www.springer.com/gp/open-access,https://www.google.com/search?q=EUROPEAN+ARCHIVES+OF+OTO-RHINO-LARYNGOLOGY+aims+scope+instructions+for+authors+APC
49,2-Q1且IF小于5,4,RENAL FAILURE,RENAL FAILURE,0886-022X,1525-6049,3.8,3.7,Q1,25/134,Q1,Q1,1.18,81.7,519.0,8420.0,UROLOGY & NEPHROLOGY,UROLOGY & NEPHROLOGY(JIF Q1/JCI Q1),TAYLOR & FRANCIS LTD,Taylor & Francis,是,SCIE,混合为主,"订阅路线通常无APC；Open Select常见 USD 2,500-3,500",中,https://authorservices.taylorandfrancis.com/publishing-open-access/,https://www.google.com/search?q=RENAL+FAILURE+aims+scope+instructions+for+authors+APC
50,2-Q1且IF小于5,4,Clinical Oral Investigations,CLIN ORAL INVEST,1432-6981,1436-3771,3.6,3.9,Q1,31/165,Q1,Q1,1.28,81.5,507.0,20258.0,"DENTISTRY, ORAL SURGERY & MEDICINE","DENTISTRY, ORAL SURGERY & MEDICINE(JIF Q1/JCI Q1)",SPRINGER HEIDELBERG,Springer,是,SCIE,混合为主,"订阅路线通常无APC；选OA约 USD 2,790-4,290",中,https://www.springer.com/gp/open-access,https://www.google.com/search?q=Clinical+Oral+Investigations+aims+scope+instructions+for+authors+APC
51,2-Q1且IF小于5,4,PEDIATRIC RESEARCH,PEDIATR RES,0031-3998,1530-0447,3.3,3.8,Q1,27/190,Q1,Q1,1.38,86.1,501.0,21362.0,PEDIATRICS,PEDIATRICS(JIF Q1/JCI Q1),SPRINGERNATURE,Springer Nature,是,SCIE,混合/全OA,"全OA约 USD 2,090-3,490；Nature系更高；Scientific Reports已拉黑",中高,https://www.springernature.com/gp/open-research/journals-books/journals,https://www.google.com/search?q=PEDIATRIC+RESEARCH+aims+scope+instructions+for+authors+APC
52,2-Q1且IF小于5,4,AESTHETIC PLASTIC SURGERY,AESTHET PLAST SURG,0364-216X,1432-5241,2.7,2.8,Q1,73/321,Q1,Q1,1.03,77.4,501.0,9822.0,SURGERY,SURGERY(JIF Q1/JCI Q1),SPRINGER,Springer,是,SCIE,混合为主,"订阅路线通常无APC；选OA约 USD 2,790-4,290",中,https://www.springer.com/gp/open-access,https://www.google.com/search?q=AESTHETIC+PLASTIC+SURGERY+aims+scope+instructions+for+authors+APC
53,2-Q1且IF小于5,4,Dentistry Journal,DENT J-BASEL,,2304-6767,3.4,3.5,Q1,36/165,Q1,Q1,1.07,78.5,470.0,5551.0,"DENTISTRY, ORAL SURGERY & MEDICINE","DENTISTRY, ORAL SURGERY & MEDICINE(JIF Q1/JCI Q1)",MDPI,MDPI,否,ESCI,全OA,"约 CHF 1,600-2,900（如 JCM=CHF 2,600）",高,https://www.mdpi.com/about/apc,https://www.google.com/search?q=Dentistry+Journal+aims+scope+instructions+for+authors+APC
54,2-Q1且IF小于5,4,MALARIA JOURNAL,MALARIA J,,1475-2875,3.7,3.6,Q1,3/27,Q1,Q1,1.07,90.7,453.0,19702.0,INFECTIOUS DISEASES; PARASITOLOGY; TROPICAL MEDICINE,INFECTIOUS DISEASES(JIF Q2/JCI Q1) | PARASITOLOGY(JIF Q1/JCI Q1) | TROPICAL MEDICINE(JIF Q1/JCI Q1),BMC,BMC,是,SCIE,全OA,"约 USD 1,990-2,890（旗舰刊更高）",高,https://www.biomedcentral.com/getpublished/article-processing-charges,https://www.google.com/search?q=MALARIA+JOURNAL+aims+scope+instructions+for+authors+APC
55,2-Q1且IF小于5,4,BMC Primary Care,BMC PRIM CARE,,2731-4553,2.9,3.1,Q1,75/336,Q1,Q1,1.52,77.8,443.0,3510.0,"MEDICINE, GENERAL & INTERNAL; PRIMARY HEALTH CARE","MEDICINE, GENERAL & INTERNAL(JIF Q1/JCI Q1) | PRIMARY HEALTH CARE(JIF Q2/JCI Q1)",BMC,BMC,是,SCIE,全OA,"约 USD 1,990-2,890（旗舰刊更高）",高,https://www.biomedcentral.com/getpublished/article-processing-charges,https://www.google.com/search?q=BMC+Primary+Care+aims+scope+instructions+for+authors+APC
56,2-Q1且IF小于5,4,BMC Complementary Medicine and Therapies,BMC COMPLEMENT MED,,2662-7671,4.4,4.5,Q1,11/48,Q1,Q1,0.98,78.1,441.0,8586.0,INTEGRATIVE & COMPLEMENTARY MEDICINE,INTEGRATIVE & COMPLEMENTARY MEDICINE(JIF Q1/JCI Q1),BMC,BMC,是,SCIE,全OA,"约 USD 1,990-2,890（旗舰刊更高）",高,https://www.biomedcentral.com/getpublished/article-processing-charges,https://www.google.com/search?q=BMC+Complementary+Medicine+and+Therapies+aims+scope+instructions+for+authors+APC
57,2-Q1且IF小于5,4,World Journal of Surgical Oncology,WORLD J SURG ONCOL,,1477-7819,2.8,2.9,Q1,67/321,Q2,Q2,0.89,79.3,436.0,9974.0,ONCOLOGY; SURGERY,ONCOLOGY(JIF Q3/JCI Q2) | SURGERY(JIF Q1/JCI Q2),BMC,BMC,是,SCIE,全OA,"约 USD 1,990-2,890（旗舰刊更高）",高,https://www.biomedcentral.com/getpublished/article-processing-charges,https://www.google.com/search?q=World+Journal+of+Surgical+Oncology+aims+scope+instructions+for+authors+APC
58,2-Q1且IF小于5,4,BMC Sports Science Medicine and Rehabilitation,BMC SPORTS SCI MED R,2052-1847,2052-1847,3.4,3.5,Q1,15/175,Q1,Q1,1.33,91.7,420.0,4220.0,REHABILITATION; SPORT SCIENCES,REHABILITATION(JIF Q1/JCI Q1) | SPORT SCIENCES(JIF Q1/JCI Q1),BMC,BMC,是,SCIE,全OA,"约 USD 1,990-2,890（旗舰刊更高）",高,https://www.biomedcentral.com/getpublished/article-processing-charges,https://www.google.com/search?q=BMC+Sports+Science+Medicine+and+Rehabilitation+aims+scope+instructions+for+authors+APC
59,2-Q1且IF小于5,4,JOURNAL OF HEALTH POPULATION AND NUTRITION,J HEALTH POPUL NUTR,1606-0997,2072-1315,3.7,3.7,Q1,89/443,Q2,Q2,0.79,80.0,404.0,4020.0,"PUBLIC, ENVIRONMENTAL & OCCUPATIONAL HEALTH","PUBLIC, ENVIRONMENTAL & OCCUPATIONAL HEALTH(JIF Q1/JCI Q2)",BMC,BMC,是,SCIE,全OA,"约 USD 1,990-2,890（旗舰刊更高）",高,https://www.biomedcentral.com/getpublished/article-processing-charges,https://www.google.com/search?q=JOURNAL+OF+HEALTH+POPULATION+AND+NUTRITION+aims+scope+instructions+for+authors+APC
60,2-Q1且IF小于5,4,Diabetology & Metabolic Syndrome,DIABETOL METAB SYNDR,,1758-5996,4.9,4.9,Q1,49/198,Q1,Q1,0.95,75.5,400.0,7986.0,ENDOCRINOLOGY & METABOLISM,ENDOCRINOLOGY & METABOLISM(JIF Q1/JCI Q1),BMC,BMC,是,SCIE,全OA,"约 USD 1,990-2,890（旗舰刊更高）",高,https://www.biomedcentral.com/getpublished/article-processing-charges,https://www.google.com/search?q=Diabetology+&+Metabolic+Syndrome+aims+scope+instructions+for+authors+APC
61,2-Q1且IF小于5,4,Sports,SPORTS,,2075-4663,3.2,3.5,Q1,32/136,Q1,Q1,1.04,76.8,383.0,6255.0,SPORT SCIENCES,SPORT SCIENCES(JIF Q1/JCI Q1),MDPI,MDPI,否,ESCI,全OA,"约 CHF 1,600-2,900（如 JCM=CHF 2,600）",高,https://www.mdpi.com/about/apc,https://www.google.com/search?q=Sports+aims+scope+instructions+for+authors+APC
62,2-Q1且IF小于5,4,Nursing Reports,NURS REP,2039-439X,2039-4403,3.1,3.1,Q1,28/194,Q1,Q1,1.1,85.8,380.0,2387.0,NURSING,NURSING(JIF Q1/JCI Q1),MDPI,MDPI,否,ESCI,全OA,"约 CHF 1,600-2,900（如 JCM=CHF 2,600）",高,https://www.mdpi.com/about/apc,https://www.google.com/search?q=Nursing+Reports+aims+scope+instructions+for+authors+APC
63,2-Q1且IF小于5,4,Virology Journal,VIROL J,,1743-422X,4.0,3.9,Q1,10/44,Q2,Q2,0.97,78.4,369.0,11457.0,VIROLOGY,VIROLOGY(JIF Q1/JCI Q2),BMC,BMC,是,SCIE,全OA,"约 USD 1,990-2,890（旗舰刊更高）",高,https://www.biomedcentral.com/getpublished/article-processing-charges,https://www.google.com/search?q=Virology+Journal+aims+scope+instructions+for+authors+APC
64,2-Q1且IF小于5,4,BMC BIOINFORMATICS,BMC BIOINFORMATICS,1471-2105,1471-2105,4.4,4.0,Q1,9/67,Q1,Q1,0.96,87.3,332.0,55978.0,BIOTECHNOLOGY & APPLIED MICROBIOLOGY; MATHEMATICAL & COMPUTATIONAL BIOLOGY,BIOTECHNOLOGY & APPLIED MICROBIOLOGY(JIF Q2/JCI Q1) | MATHEMATICAL & COMPUTATIONAL BIOLOGY(JIF Q1/JCI Q1),BMC,BMC,是,SCIE,全OA,"约 USD 1,990-2,890（旗舰刊更高）",高,https://www.biomedcentral.com/getpublished/article-processing-charges,https://www.google.com/search?q=BMC+BIOINFORMATICS+aims+scope+instructions+for+authors+APC
65,2-Q1且IF小于5,4,BMC Palliative Care,BMC PALLIAT CARE,1472-684X,1472-684X,3.7,4.2,Q1,19/125,Q1,Q1,1.18,85.2,329.0,7155.0,HEALTH CARE SCIENCES & SERVICES; HEALTH POLICY & SERVICES,HEALTH CARE SCIENCES & SERVICES(JIF Q2/JCI Q1) | HEALTH POLICY & SERVICES(JIF Q1/JCI Q1),BMC,BMC,是,SCIE; SSCI,全OA,"约 USD 1,990-2,890（旗舰刊更高）",高,https://www.biomedcentral.com/getpublished/article-processing-charges,https://www.google.com/search?q=BMC+Palliative+Care+aims+scope+instructions+for+authors+APC
66,2-Q1且IF小于5,4,Italian Journal of Pediatrics,ITAL J PEDIATR,1720-8424,1824-7288,3.5,3.4,Q1,20/190,Q1,Q1,1.39,89.7,303.0,5564.0,PEDIATRICS,PEDIATRICS(JIF Q1/JCI Q1),BMC,BMC,是,SCIE,全OA,"约 USD 1,990-2,890（旗舰刊更高）",高,https://www.biomedcentral.com/getpublished/article-processing-charges,https://www.google.com/search?q=Italian+Journal+of+Pediatrics+aims+scope+instructions+for+authors+APC
67,2-Q1且IF小于5,4,Archives of Public Health,ARCH PUBLIC HEALTH,0778-7367,2049-3258,3.4,3.9,Q1,101/443,Q1,Q1,0.99,77.3,296.0,5520.0,"PUBLIC, ENVIRONMENTAL & OCCUPATIONAL HEALTH","PUBLIC, ENVIRONMENTAL & OCCUPATIONAL HEALTH(JIF Q1/JCI Q1)",BMC,BMC,是,"SCIE, SSCI",全OA,"约 USD 1,990-2,890（旗舰刊更高）",高,https://www.biomedcentral.com/getpublished/article-processing-charges,https://www.google.com/search?q=Archives+of+Public+Health+aims+scope+instructions+for+authors+APC
68,2-Q1且IF小于5,4,Journal of NeuroInterventional Surgery,J NEUROINTERV SURG,1759-8478,1759-8486,4.4,4.8,Q1,27/321,Q1,Q1,1.56,91.7,286.0,11341.0,NEUROIMAGING; SURGERY,NEUROIMAGING(JIF Q1/JCI Q1) | SURGERY(JIF Q1/JCI Q1),BMJ PUBLISHING GROUP,BMJ,是,SCIE,混合/全OA,"BMJ Open约GBP 2,175；旗舰刊更高",高,https://authors.bmj.com/open-access/,https://www.google.com/search?q=Journal+of+NeuroInterventional+Surgery+aims+scope+instructions+for+authors+APC
69,2-Q1且IF小于5,4,Reproductive Health,REPROD HEALTH,,1742-4755,3.4,4.7,Q1,101/443,Q1,Q1,1.0,77.3,250.0,9559.0,"PUBLIC, ENVIRONMENTAL & OCCUPATIONAL HEALTH","PUBLIC, ENVIRONMENTAL & OCCUPATIONAL HEALTH(JIF Q1/JCI Q1)",BMC,BMC,是,"SCIE, SSCI",全OA,"约 USD 1,990-2,890（旗舰刊更高）",高,https://www.biomedcentral.com/getpublished/article-processing-charges,https://www.google.com/search?q=Reproductive+Health+aims+scope+instructions+for+authors+APC
70,2-Q1且IF小于5,4,Frontiers in Oral Health,FRONT ORAL HEALTH,,2673-4842,3.4,4.2,Q1,36/165,Q2,Q2,0.98,78.5,244.0,2266.0,"DENTISTRY, ORAL SURGERY & MEDICINE","DENTISTRY, ORAL SURGERY & MEDICINE(JIF Q1/JCI Q2)",FRONTIERS MEDIA SA,Frontiers,否,ESCI,全OA,"约 CHF 1,495-3,150（Frontiers in Medicine A类=CHF 3,150）",高,https://www.frontiersin.org/about/fee-policy,https://www.google.com/search?q=Frontiers+in+Oral+Health+aims+scope+instructions+for+authors+APC
71,2-Q1且IF小于5,4,European Journal of Investigation in Health Psychology and Education,EUR J INVEST HEALTH,,2254-9625,3.7,3.7,Q1,29/184,Q1,Q1,1.21,84.5,242.0,2953.0,"PSYCHOLOGY, CLINICAL","PSYCHOLOGY, CLINICAL(JIF Q1/JCI Q1)",MDPI,MDPI,否,ESCI,全OA,"约 CHF 1,600-2,900（如 JCM=CHF 2,600）",高,https://www.mdpi.com/about/apc,https://www.google.com/search?q=European+Journal+of+Investigation+in+Health+Psychology+and+Education+aims+scope+instructions+for+authors+APC
72,2-Q1且IF小于5,4,BMJ Paediatrics Open,BMJ PAEDIATR OPEN,,2399-9772,2.6,2.6,Q1,39/190,Q1,Q1,1.0,79.7,239.0,2651.0,PEDIATRICS,PEDIATRICS(JIF Q1/JCI Q1),BMJ PUBLISHING GROUP,BMJ,是,SCIE,混合/全OA,"BMJ Open约GBP 2,175；旗舰刊更高",高,https://authors.bmj.com/open-access/,https://www.google.com/search?q=BMJ+Paediatrics+Open+aims+scope+instructions+for+authors+APC
73,2-Q1且IF小于5,4,BRITISH JOURNAL OF OPHTHALMOLOGY,BRIT J OPHTHALMOL,0007-1161,1468-2079,4.5,4.6,Q1,15/98,Q1,Q1,1.74,85.2,213.0,24282.0,OPHTHALMOLOGY,OPHTHALMOLOGY(JIF Q1/JCI Q1),BMJ PUBLISHING GROUP,BMJ,是,SCIE,混合/全OA,"BMJ Open约GBP 2,175；旗舰刊更高",高,https://authors.bmj.com/open-access/,https://www.google.com/search?q=BRITISH+JOURNAL+OF+OPHTHALMOLOGY+aims+scope+instructions+for+authors+APC
74,2-Q1且IF小于5,4,Cosmetics,COSMETICS-BASEL,,2079-9284,4.1,4.6,Q1,17/99,Q2,Q2,0.91,83.3,212.0,4676.0,BIOCHEMISTRY & MOLECULAR BIOLOGY; DERMATOLOGY,BIOCHEMISTRY & MOLECULAR BIOLOGY(JIF Q2/JCI Q2) | DERMATOLOGY(JIF Q1/JCI Q2),MDPI,MDPI,否,ESCI,全OA,"约 CHF 1,600-2,900（如 JCM=CHF 2,600）",高,https://www.mdpi.com/about/apc,https://www.google.com/search?q=Cosmetics+aims+scope+instructions+for+authors+APC
75,2-Q1且IF小于5,3,MOLECULAR PHARMACEUTICS,MOL PHARMACEUT,1543-8384,1543-8392,4.9,5.1,Q1,74/356,Q1,Q1,1.16,79.4,497.0,26320.0,"MEDICINE, RESEARCH & EXPERIMENTAL; PHARMACOLOGY & PHARMACY","MEDICINE, RESEARCH & EXPERIMENTAL(JIF Q2/JCI Q1) | PHARMACOLOGY & PHARMACY(JIF Q1/JCI Q1)",AMER CHEMICAL SOC,其他,是,SCIE,需核实,请查期刊官网 Author / Open Access 页面,未知,,https://www.google.com/search?q=MOLECULAR+PHARMACEUTICS+aims+scope+instructions+for+authors+APC
76,2-Q1且IF小于5,3,EJSO,EJSO-EUR J SURG ONC,0748-7983,1532-2157,3.5,3.7,Q1,47/321,Q1,Q1,1.1,85.5,497.0,14666.0,ONCOLOGY; SURGERY,ONCOLOGY(JIF Q2/JCI Q1) | SURGERY(JIF Q1/JCI Q1),ELSEVIER SCI LTD,Elsevier,是,SCIE,混合为主,"订阅路线通常无APC；Gold OA常见 USD 2,200-4,200",中,https://www.elsevier.com/open-access/agreements,https://www.google.com/search?q=EJSO+aims+scope+instructions+for+authors+APC
77,2-Q1且IF小于5,3,RHEUMATOLOGY,RHEUMATOLOGY,1462-0324,1462-0332,4.7,5.1,Q1,12/58,Q1,Q1,1.26,80.2,496.0,31693.0,RHEUMATOLOGY,RHEUMATOLOGY(JIF Q1/JCI Q1),OXFORD UNIV PRESS,Oxford UP,是,SCIE,混合为主,订阅路线通常无APC；可选OA，费用因刊而异,中,https://academic.oup.com/pages/open-research/open-access,https://www.google.com/search?q=RHEUMATOLOGY+aims+scope+instructions+for+authors+APC
78,2-Q1且IF小于5,3,JOURNAL OF GENERAL INTERNAL MEDICINE,J GEN INTERN MED,0884-8734,1525-1497,4.1,5.2,Q1,53/336,Q1,Q1,1.11,84.4,488.0,35343.0,"HEALTH CARE SCIENCES & SERVICES; MEDICINE, GENERAL & INTERNAL","HEALTH CARE SCIENCES & SERVICES(JIF Q1/JCI Q1) | MEDICINE, GENERAL & INTERNAL(JIF Q1/JCI Q1)",SPRINGER,Springer,是,SCIE,混合为主,"订阅路线通常无APC；选OA约 USD 2,790-4,290",中,https://www.springer.com/gp/open-access,https://www.google.com/search?q=JOURNAL+OF+GENERAL+INTERNAL+MEDICINE+aims+scope+instructions+for+authors+APC
79,2-Q1且IF小于5,3,SURGERY,SURGERY,0039-6060,1532-7361,3.2,3.5,Q1,55/321,Q1,Q1,1.35,83.0,485.0,23116.0,SURGERY,SURGERY(JIF Q1/JCI Q1),MOSBY-ELSEVIER,Elsevier,是,SCIE,混合为主,"订阅路线通常无APC；Gold OA常见 USD 2,200-4,200",中,https://www.elsevier.com/open-access/agreements,https://www.google.com/search?q=SURGERY+aims+scope+instructions+for+authors+APC
80,2-Q1且IF小于5,3,Geriatric Nursing,GERIATR NURS,0197-4572,1528-3984,2.9,3.2,Q1,33/194,Q2,Q1,0.89,83.2,484.0,5752.0,GERIATRICS & GERONTOLOGY; NURSING,GERIATRICS & GERONTOLOGY(JIF Q3/JCI Q2) | NURSING(JIF Q1/JCI Q2),MOSBY-ELSEVIER,Elsevier,是,"SCIE; SSCI; SCIE, SSCI",混合为主,"订阅路线通常无APC；Gold OA常见 USD 2,200-4,200",中,https://www.elsevier.com/open-access/agreements,https://www.google.com/search?q=Geriatric+Nursing+aims+scope+instructions+for+authors+APC
81,2-Q1且IF小于5,3,OBESITY SURGERY,OBES SURG,0960-8923,1708-0428,3.4,3.2,Q1,48/321,Q1,Q1,1.45,85.2,472.0,18382.0,SURGERY,SURGERY(JIF Q1/JCI Q1),SPRINGER,Springer,是,SCIE,混合为主,"订阅路线通常无APC；选OA约 USD 2,790-4,290",中,https://www.springer.com/gp/open-access,https://www.google.com/search?q=OBESITY+SURGERY+aims+scope+instructions+for+authors+APC
82,2-Q1且IF小于5,3,NEUROSURGICAL REVIEW,NEUROSURG REV,0344-5607,1437-2320,2.8,3.2,Q1,67/321,Q2,Q2,0.87,79.3,469.0,7570.0,CLINICAL NEUROLOGY; SURGERY,CLINICAL NEUROLOGY(JIF Q2/JCI Q2) | SURGERY(JIF Q1/JCI Q2),SPRINGER,Springer,是,SCIE,混合为主,"订阅路线通常无APC；选OA约 USD 2,790-4,290",中,https://www.springer.com/gp/open-access,https://www.google.com/search?q=NEUROSURGICAL+REVIEW+aims+scope+instructions+for+authors+APC
83,2-Q1且IF小于5,3,Journal of Robotic Surgery,J ROBOT SURG,1863-2483,1863-2491,4.2,3.8,Q1,30/321,Q1,Q1,1.58,90.8,454.0,6169.0,SURGERY,SURGERY(JIF Q1/JCI Q1),SPRINGERNATURE,Springer Nature,是,SCIE,混合/全OA,"全OA约 USD 2,090-3,490；Nature系更高；Scientific Reports已拉黑",中高,https://www.springernature.com/gp/open-research/journals-books/journals,https://www.google.com/search?q=Journal+of+Robotic+Surgery+aims+scope+instructions+for+authors+APC
84,2-Q1且IF小于5,3,Brain Communications,BRAIN COMMUN,,2632-1297,4.5,5.1,Q1,53/296,Q1,Q1,1.18,82.3,450.0,8452.0,CLINICAL NEUROLOGY; NEUROSCIENCES,CLINICAL NEUROLOGY(JIF Q1/JCI Q1) | NEUROSCIENCES(JIF Q2/JCI Q1),OXFORD UNIV PRESS,Oxford UP,否,ESCI,混合为主,订阅路线通常无APC；可选OA，费用因刊而异,中,https://academic.oup.com/pages/open-research/open-access,https://www.google.com/search?q=Brain+Communications+aims+scope+instructions+for+authors+APC
85,2-Q1且IF小于5,3,COMPUTATIONAL BIOLOGY AND CHEMISTRY,COMPUT BIOL CHEM,1476-9271,1476-928X,3.4,3.0,Q1,25/106,Q1,Q1,0.78,76.9,448.0,4749.0,BIOLOGY,BIOLOGY(JIF Q1/JCI Q1),ELSEVIER SCI LTD,Elsevier,是,SCIE,混合为主,"订阅路线通常无APC；Gold OA常见 USD 2,200-4,200",中,https://www.elsevier.com/open-access/agreements,https://www.google.com/search?q=COMPUTATIONAL+BIOLOGY+AND+CHEMISTRY+aims+scope+instructions+for+authors+APC
86,2-Q1且IF小于5,3,SLEEP MEDICINE,SLEEP MED,1389-9457,1878-5506,4.1,4.5,Q1,65/296,Q1,Q1,1.12,78.2,445.0,21113.0,CLINICAL NEUROLOGY,CLINICAL NEUROLOGY(JIF Q1/JCI Q1),ELSEVIER,Elsevier,是,SCIE,混合为主,"订阅路线通常无APC；Gold OA常见 USD 2,200-4,200",中,https://www.elsevier.com/open-access/agreements,https://www.google.com/search?q=SLEEP+MEDICINE+aims+scope+instructions+for+authors+APC
87,2-Q1且IF小于5,3,Journal of Cosmetic Dermatology,J COSMET DERMATOL-US,1473-2130,1473-2165,3.5,3.1,Q1,22/99,Q2,Q2,0.97,78.3,439.0,12003.0,DERMATOLOGY,DERMATOLOGY(JIF Q1/JCI Q2),WILEY,Wiley,是,SCIE,混合为主,"订阅路线通常无APC；OnlineOpen常见 USD 3,200-4,700",中,https://authorservices.wiley.com/author-resources/Journal-Authors/open-access/article-publication-charges.html,https://www.google.com/search?q=Journal+of+Cosmetic+Dermatology+aims+scope+instructions+for+authors+APC
88,2-Q1且IF小于5,3,AMERICAN JOURNAL OF EPIDEMIOLOGY,AM J EPIDEMIOL,0002-9262,1476-6256,4.1,5.2,Q1,75/443,Q1,Q1,1.32,83.2,408.0,38482.0,"PUBLIC, ENVIRONMENTAL & OCCUPATIONAL HEALTH","PUBLIC, ENVIRONMENTAL & OCCUPATIONAL HEALTH(JIF Q1/JCI Q1)",OXFORD UNIV PRESS INC,Oxford UP,是,SCIE,混合为主,订阅路线通常无APC；可选OA，费用因刊而异,中,https://academic.oup.com/pages/open-research/open-access,https://www.google.com/search?q=AMERICAN+JOURNAL+OF+EPIDEMIOLOGY+aims+scope+instructions+for+authors+APC
89,2-Q1且IF小于5,3,LASERS IN MEDICAL SCIENCE,LASER MED SCI,0268-8921,1435-604X,2.7,2.8,Q1,73/321,Q2,Q2,0.77,77.4,401.0,8922.0,"ENGINEERING, BIOMEDICAL; SURGERY","ENGINEERING, BIOMEDICAL(JIF Q3/JCI Q2) | SURGERY(JIF Q1/JCI Q2)",SPRINGER LONDON LTD,Springer,是,SCIE,混合为主,"订阅路线通常无APC；选OA约 USD 2,790-4,290",中,https://www.springer.com/gp/open-access,https://www.google.com/search?q=LASERS+IN+MEDICAL+SCIENCE+aims+scope+instructions+for+authors+APC
90,2-Q1且IF小于5,3,JOURNAL OF SHOULDER AND ELBOW SURGERY,J SHOULDER ELB SURG,1058-2746,1532-6500,3.4,3.7,Q1,48/321,Q1,Q1,1.29,85.2,400.0,21500.0,ORTHOPEDICS; SPORT SCIENCES; SURGERY,ORTHOPEDICS(JIF Q1/JCI Q1) | SPORT SCIENCES(JIF Q1/JCI Q1) | SURGERY(JIF Q1/JCI Q1),MOSBY-ELSEVIER,Elsevier,是,SCIE,混合为主,"订阅路线通常无APC；Gold OA常见 USD 2,200-4,200",中,https://www.elsevier.com/open-access/agreements,https://www.google.com/search?q=JOURNAL+OF+SHOULDER+AND+ELBOW+SURGERY+aims+scope+instructions+for+authors+APC
91,2-Q1且IF小于5,3,PNAS Nexus,PNAS NEXUS,,2752-6542,4.8,4.8,Q1,9/275,Q1,Q1,2.02,83.9,396.0,6584.0,MULTIDISCIPLINARY SCIENCES,MULTIDISCIPLINARY SCIENCES(JIF Q1/JCI Q1),OXFORD UNIV PRESS,Oxford UP,否,ESCI,混合为主,订阅路线通常无APC；可选OA，费用因刊而异,中,https://academic.oup.com/pages/open-research/open-access,https://www.google.com/search?q=PNAS+Nexus+aims+scope+instructions+for+authors+APC
92,2-Q1且IF小于5,3,PUBLIC HEALTH,PUBLIC HEALTH,0033-3506,1476-5616,3.5,3.7,Q1,96/443,Q1,Q1,0.96,78.4,394.0,12386.0,"PUBLIC, ENVIRONMENTAL & OCCUPATIONAL HEALTH","PUBLIC, ENVIRONMENTAL & OCCUPATIONAL HEALTH(JIF Q1/JCI Q1)",W B SAUNDERS CO LTD,Elsevier,是,"SCIE, SSCI",混合为主,"订阅路线通常无APC；Gold OA常见 USD 2,200-4,200",中,https://www.elsevier.com/open-access/agreements,https://www.google.com/search?q=PUBLIC+HEALTH+aims+scope+instructions+for+authors+APC
93,2-Q1且IF小于5,3,CLINICA CHIMICA ACTA,CLIN CHIM ACTA,0009-8981,1873-3492,4.1,3.9,Q1,8/33,Q1,Q1,1.42,77.3,393.0,22473.0,MEDICAL LABORATORY TECHNOLOGY,MEDICAL LABORATORY TECHNOLOGY(JIF Q1/JCI Q1),ELSEVIER,Elsevier,是,SCIE,混合为主,"订阅路线通常无APC；Gold OA常见 USD 2,200-4,200",中,https://www.elsevier.com/open-access/agreements,https://www.google.com/search?q=CLINICA+CHIMICA+ACTA+aims+scope+instructions+for+authors+APC
94,2-Q1且IF小于5,3,JOURNAL OF ANTIMICROBIAL CHEMOTHERAPY,J ANTIMICROB CHEMOTH,0305-7453,1460-2091,4.1,4.4,Q1,34/141,Q1,Q1,0.99,76.2,384.0,33001.0,INFECTIOUS DISEASES; MICROBIOLOGY; PHARMACOLOGY & PHARMACY,INFECTIOUS DISEASES(JIF Q1/JCI Q1) | MICROBIOLOGY(JIF Q2/JCI Q2) | PHARMACOLOGY & PHARMACY(JIF Q2/JCI Q1),OXFORD UNIV PRESS,Oxford UP,是,SCIE,混合为主,订阅路线通常无APC；可选OA，费用因刊而异,中,https://academic.oup.com/pages/open-research/open-access,https://www.google.com/search?q=JOURNAL+OF+ANTIMICROBIAL+CHEMOTHERAPY+aims+scope+instructions+for+authors+APC
95,2-Q1且IF小于5,3,AMERICAN JOURNAL OF OPHTHALMOLOGY,AM J OPHTHALMOL,0002-9394,1879-1891,4.7,4.6,Q1,14/98,Q1,Q1,1.89,86.2,380.0,29837.0,OPHTHALMOLOGY,OPHTHALMOLOGY(JIF Q1/JCI Q1),ELSEVIER SCIENCE INC,Elsevier,是,SCIE,混合为主,"订阅路线通常无APC；Gold OA常见 USD 2,200-4,200",中,https://www.elsevier.com/open-access/agreements,https://www.google.com/search?q=AMERICAN+JOURNAL+OF+OPHTHALMOLOGY+aims+scope+instructions+for+authors+APC
96,2-Q1且IF小于5,3,JOURNAL OF PHYSIOLOGY-LONDON,J PHYSIOL-LONDON,0022-3751,1469-7793,4.6,5.3,Q1,14/89,Q1,Q1,1.22,75.6,380.0,50248.0,NEUROSCIENCES,NEUROSCIENCES(JIF Q1/JCI Q1),WILEY,Wiley,是,SCIE,混合为主,"订阅路线通常无APC；OnlineOpen常见 USD 3,200-4,700",中,https://authorservices.wiley.com/author-resources/Journal-Authors/open-access/article-publication-charges.html,https://www.google.com/search?q=JOURNAL+OF+PHYSIOLOGY-LONDON+aims+scope+instructions+for+authors+APC
97,2-Q1且IF小于5,3,Journal of Experimental Orthopaedics,J EXP ORTHOP,,2197-1153,3.2,3.2,Q1,55/321,Q1,Q1,1.1,83.0,378.0,3111.0,ORTHOPEDICS; SURGERY,ORTHOPEDICS(JIF Q1/JCI Q1) | SURGERY(JIF Q1/JCI Q1),WILEY,Wiley,否,ESCI,混合为主,"订阅路线通常无APC；OnlineOpen常见 USD 3,200-4,700",中,https://authorservices.wiley.com/author-resources/Journal-Authors/open-access/article-publication-charges.html,https://www.google.com/search?q=Journal+of+Experimental+Orthopaedics+aims+scope+instructions+for+authors+APC
98,2-Q1且IF小于5,3,INTERNATIONAL JOURNAL OF INFECTIOUS DISEASES,INT J INFECT DIS,1201-9712,1878-3511,4.6,3.7,Q1,26/141,Q1,Q1,1.17,81.9,373.0,18804.0,INFECTIOUS DISEASES,INFECTIOUS DISEASES(JIF Q1/JCI Q1),ELSEVIER SCI LTD,Elsevier,是,SCIE,混合为主,"订阅路线通常无APC；Gold OA常见 USD 2,200-4,200",中,https://www.elsevier.com/open-access/agreements,https://www.google.com/search?q=INTERNATIONAL+JOURNAL+OF+INFECTIOUS+DISEASES+aims+scope+instructions+for+authors+APC
99,2-Q1且IF小于5,3,JOURNAL OF VASCULAR SURGERY,J VASC SURG,0741-5214,1097-6809,3.9,4.2,Q1,34/321,Q1,Q1,1.32,89.6,373.0,29302.0,PERIPHERAL VASCULAR DISEASE; SURGERY,PERIPHERAL VASCULAR DISEASE(JIF Q1/JCI Q1) | SURGERY(JIF Q1/JCI Q1),MOSBY-ELSEVIER,Elsevier,是,SCIE,混合为主,"订阅路线通常无APC；Gold OA常见 USD 2,200-4,200",中,https://www.elsevier.com/open-access/agreements,https://www.google.com/search?q=JOURNAL+OF+VASCULAR+SURGERY+aims+scope+instructions+for+authors+APC
100,2-Q1且IF小于5,3,NEUROPHARMACOLOGY,NEUROPHARMACOLOGY,0028-3908,1873-7064,4.7,5.1,Q1,78/356,Q1,Q1,1.29,78.2,359.0,24274.0,NEUROSCIENCES; PHARMACOLOGY & PHARMACY,NEUROSCIENCES(JIF Q1/JCI Q1) | PHARMACOLOGY & PHARMACY(JIF Q1/JCI Q1),PERGAMON-ELSEVIER SCIENCE LTD,Elsevier,是,SCIE,混合为主,"订阅路线通常无APC；Gold OA常见 USD 2,200-4,200",中,https://www.elsevier.com/open-access/agreements,https://www.google.com/search?q=NEUROPHARMACOLOGY+aims+scope+instructions+for+authors+APC
101,2-Q1且IF小于5,3,ERJ Open Research,ERJ OPEN RES,,2312-0541,4.4,4.3,Q1,23/107,Q1,Q1,0.99,79.0,356.0,7156.0,RESPIRATORY SYSTEM,RESPIRATORY SYSTEM(JIF Q1/JCI Q1),EUROPEAN RESPIRATORY SOC JOURNALS LTD,其他,是,SCIE,需核实,请查期刊官网 Author / Open Access 页面,未知,,https://www.google.com/search?q=ERJ+Open+Research+aims+scope+instructions+for+authors+APC
102,2-Q1且IF小于5,3,PLASTIC AND RECONSTRUCTIVE SURGERY,PLAST RECONSTR SURG,0032-1052,1529-4242,3.6,3.9,Q1,43/321,Q1,Q1,1.64,86.8,355.0,41678.0,SURGERY,SURGERY(JIF Q1/JCI Q1),LIPPINCOTT WILLIAMS & WILKINS,Wolters Kluwer/LWW,是,SCIE,混合为主,"订阅路线通常无APC；OA常见 USD 2,000-4,000；MEDICINE已拉黑",中,https://wkauthorservices.editage.com/open-access/,https://www.google.com/search?q=PLASTIC+AND+RECONSTRUCTIVE+SURGERY+aims+scope+instructions+for+authors+APC
103,2-Q1且IF小于5,3,JOURNAL OF VOICE,J VOICE,0892-1997,1873-4588,2.3,2.4,Q1,13/67,Q1,Q1,1.36,81.3,354.0,10026.0,AUDIOLOGY & SPEECH-LANGUAGE PATHOLOGY; OTORHINOLARYNGOLOGY,AUDIOLOGY & SPEECH-LANGUAGE PATHOLOGY(JIF Q2/JCI Q1) | OTORHINOLARYNGOLOGY(JIF Q1/JCI Q1),MOSBY-ELSEVIER,Elsevier,是,SCIE,混合为主,"订阅路线通常无APC；Gold OA常见 USD 2,200-4,200",中,https://www.elsevier.com/open-access/agreements,https://www.google.com/search?q=JOURNAL+OF+VOICE+aims+scope+instructions+for+authors+APC
104,2-Q1且IF小于5,3,AQUATIC TOXICOLOGY,AQUAT TOXICOL,0166-445X,1879-1514,4.6,4.5,Q1,8/124,Q1,Q1,1.4,78.8,350.0,17988.0,TOXICOLOGY,TOXICOLOGY(JIF Q1/JCI Q1),ELSEVIER,Elsevier,是,SCIE,混合为主,"订阅路线通常无APC；Gold OA常见 USD 2,200-4,200",中,https://www.elsevier.com/open-access/agreements,https://www.google.com/search?q=AQUATIC+TOXICOLOGY+aims+scope+instructions+for+authors+APC
105,2-Q1且IF小于5,3,EUROPEAN JOURNAL OF NEUROLOGY,EUR J NEUROL,1351-5101,1468-1331,4.3,4.4,Q1,57/296,Q1,Q1,1.1,80.9,343.0,18833.0,CLINICAL NEUROLOGY; NEUROSCIENCES,CLINICAL NEUROLOGY(JIF Q1/JCI Q1) | NEUROSCIENCES(JIF Q2/JCI Q1),WILEY,Wiley,是,SCIE,混合为主,"订阅路线通常无APC；OnlineOpen常见 USD 3,200-4,700",中,https://authorservices.wiley.com/author-resources/Journal-Authors/open-access/article-publication-charges.html,https://www.google.com/search?q=EUROPEAN+JOURNAL+OF+NEUROLOGY+aims+scope+instructions+for+authors+APC
106,2-Q1且IF小于5,3,JOURNAL OF SPEECH LANGUAGE AND HEARING RESEARCH,J SPEECH LANG HEAR R,1092-4388,1558-9102,2.5,2.9,Q1,51/312,Q1,Q1,1.16,81.4,340.0,14223.0,AUDIOLOGY & SPEECH-LANGUAGE PATHOLOGY; REHABILITATION,AUDIOLOGY & SPEECH-LANGUAGE PATHOLOGY(JIF Q1/JCI Q1) | REHABILITATION(JIF Q1/JCI Q1),AMER SPEECH-LANGUAGE-HEARING ASSOC,其他,是,"SCIE; SSCI; SCIE, SSCI",需核实,请查期刊官网 Author / Open Access 页面,未知,,https://www.google.com/search?q=JOURNAL+OF+SPEECH+LANGUAGE+AND+HEARING+RESEARCH+aims+scope+instructions+for+authors+APC
107,2-Q1且IF小于5,3,Journal of Pediatric Nursing-Nursing Care of Children & Families,J PEDIATR NURS,0882-5963,,2.6,2.9,Q1,39/190,Q1,Q1,1.15,79.7,333.0,6926.0,NURSING; PEDIATRICS,NURSING(JIF Q1/JCI Q1) | PEDIATRICS(JIF Q1/JCI Q1),ELSEVIER SCIENCE INC,Elsevier,是,"SCIE, SSCI; SCIE",混合为主,"订阅路线通常无APC；Gold OA常见 USD 2,200-4,200",中,https://www.elsevier.com/open-access/agreements,https://www.google.com/search?q=Journal+of+Pediatric+Nursing-Nursing+Care+of+Children+&+Families+aims+scope+instructions+for+authors+APC
108,2-Q1且IF小于5,3,HEALTH EXPECTATIONS,HEALTH EXPECT,1369-6513,1369-7625,3.4,4.2,Q1,23/125,Q1,Q1,0.98,82.0,332.0,9821.0,"HEALTH CARE SCIENCES & SERVICES; HEALTH POLICY & SERVICES; PUBLIC, ENVIRONMENTAL & OCCUPATIONAL HEALTH","HEALTH CARE SCIENCES & SERVICES(JIF Q2/JCI Q2) | HEALTH POLICY & SERVICES(JIF Q1/JCI Q2) | PUBLIC, ENVIRONMENTAL & OCCUPATIONAL HEALTH(JIF Q1/JCI Q1)",WILEY,Wiley,是,"SCIE; SSCI; SCIE, SSCI",混合为主,"订阅路线通常无APC；OnlineOpen常见 USD 3,200-4,700",中,https://authorservices.wiley.com/author-resources/Journal-Authors/open-access/article-publication-charges.html,https://www.google.com/search?q=HEALTH+EXPECTATIONS+aims+scope+instructions+for+authors+APC
109,2-Q1且IF小于5,3,HUMAN BRAIN MAPPING,HUM BRAIN MAPP,1065-9471,1097-0193,4.0,4.8,Q1,42/217,Q1,Q1,1.08,80.9,322.0,30018.0,"NEUROIMAGING; NEUROSCIENCES; RADIOLOGY, NUCLEAR MEDICINE & MEDICAL IMAGING","NEUROIMAGING(JIF Q2/JCI Q1) | NEUROSCIENCES(JIF Q2/JCI Q1) | RADIOLOGY, NUCLEAR MEDICINE & MEDICAL IMAGING(JIF Q1/JCI Q1)",WILEY,Wiley,是,SCIE,混合为主,"订阅路线通常无APC；OnlineOpen常见 USD 3,200-4,700",中,https://authorservices.wiley.com/author-resources/Journal-Authors/open-access/article-publication-charges.html,https://www.google.com/search?q=HUMAN+BRAIN+MAPPING+aims+scope+instructions+for+authors+APC
110,2-Q1且IF小于5,3,HEAD AND NECK-JOURNAL FOR THE SCIENCES AND SPECIALTIES OF THE HEAD AND NECK,HEAD NECK-J SCI SPEC,1043-3074,1097-0347,2.2,2.5,Q1,15/67,Q1,Q1,1.07,78.4,316.0,14698.0,OTORHINOLARYNGOLOGY; SURGERY,OTORHINOLARYNGOLOGY(JIF Q1/JCI Q1) | SURGERY(JIF Q2/JCI Q1),WILEY,Wiley,是,SCIE,混合为主,"订阅路线通常无APC；OnlineOpen常见 USD 3,200-4,700",中,https://authorservices.wiley.com/author-resources/Journal-Authors/open-access/article-publication-charges.html,https://www.google.com/search?q=HEAD+AND+NECK-JOURNAL+FOR+THE+SCIENCES+AND+SPECIALTIES+OF+THE+HEAD+AND+NECK+aims+scope+instructions+for+authors+APC
111,2-Q1且IF小于5,3,Machine Learning-Science and Technology,MACH LEARN-SCI TECHN,,2632-2153,4.2,5.5,Q1,26/140,Q2,Q2,0.79,81.8,314.0,4910.0,MULTIDISCIPLINARY SCIENCES,MULTIDISCIPLINARY SCIENCES(JIF Q1/JCI Q2),IOP Publishing Ltd,其他,是,SCIE,需核实,请查期刊官网 Author / Open Access 页面,未知,,https://www.google.com/search?q=Machine+Learning-Science+and+Technology+aims+scope+instructions+for+authors+APC
112,2-Q1且IF小于5,3,International Journal of Medical Sciences,INT J MED SCI,1449-1907,1449-1907,3.7,3.7,Q1,63/336,Q1,Q1,0.8,81.4,309.0,9910.0,"MEDICINE, GENERAL & INTERNAL","MEDICINE, GENERAL & INTERNAL(JIF Q1/JCI Q1)",IVYSPRING INT PUBL,其他,是,SCIE,需核实,请查期刊官网 Author / Open Access 页面,未知,,https://www.google.com/search?q=International+Journal+of+Medical+Sciences+aims+scope+instructions+for+authors+APC
113,2-Q1且IF小于5,3,PEDIATRIC NEPHROLOGY,PEDIATR NEPHROL,0931-041X,1432-198X,2.5,3.1,Q1,43/190,Q1,Q1,0.95,77.6,309.0,12466.0,PEDIATRICS; UROLOGY & NEPHROLOGY,PEDIATRICS(JIF Q1/JCI Q2) | UROLOGY & NEPHROLOGY(JIF Q2/JCI Q1),SPRINGER,Springer,是,SCIE,混合为主,"订阅路线通常无APC；选OA约 USD 2,790-4,290",中,https://www.springer.com/gp/open-access,https://www.google.com/search?q=PEDIATRIC+NEPHROLOGY+aims+scope+instructions+for+authors+APC
114,2-Q1且IF小于5,3,Global Spine Journal,GLOB SPINE J,2192-5682,2192-5690,3.1,3.6,Q1,33/147,Q1,Q1,1.04,77.9,306.0,7661.0,CLINICAL NEUROLOGY; ORTHOPEDICS,CLINICAL NEUROLOGY(JIF Q2/JCI Q1) | ORTHOPEDICS(JIF Q1/JCI Q1),SAGE PUBLICATIONS LTD,SAGE,是,SCIE,混合为主,"订阅路线通常无APC；SAGE Choice常见 USD 2,000-4,000",中,https://us.sagepub.com/en-us/nam/sage-choice,https://www.google.com/search?q=Global+Spine+Journal+aims+scope+instructions+for+authors+APC
115,2-Q1且IF小于5,3,EXPERIMENTAL NEUROLOGY,EXP NEUROL,0014-4886,1090-2430,4.8,5.3,Q1,73/330,Q1,Q1,1.09,78.0,305.0,21858.0,NEUROSCIENCES,NEUROSCIENCES(JIF Q1/JCI Q1),ACADEMIC PRESS INC ELSEVIER SCIENCE,Elsevier,是,SCIE,混合为主,"订阅路线通常无APC；Gold OA常见 USD 2,200-4,200",中,https://www.elsevier.com/open-access/agreements,https://www.google.com/search?q=EXPERIMENTAL+NEUROLOGY+aims+scope+instructions+for+authors+APC
116,2-Q1且IF小于5,3,DRUG AND ALCOHOL DEPENDENCE,DRUG ALCOHOL DEPEN,0376-8716,1879-0046,3.5,4.2,Q1,9/61,Q1,Q1,1.16,86.1,305.0,25013.0,PSYCHIATRY; SUBSTANCE ABUSE,PSYCHIATRY(JIF Q2/JCI Q1) | SUBSTANCE ABUSE(JIF Q1/JCI Q1),ELSEVIER IRELAND LTD,Elsevier,是,"SCIE, SSCI",混合为主,"订阅路线通常无APC；Gold OA常见 USD 2,200-4,200",中,https://www.elsevier.com/open-access/agreements,https://www.google.com/search?q=DRUG+AND+ALCOHOL+DEPENDENCE+aims+scope+instructions+for+authors+APC
117,2-Q1且IF小于5,3,JOURNAL OF NEUROSURGERY,J NEUROSURG,0022-3085,1933-0693,3.8,3.9,Q1,38/321,Q1,Q1,1.54,88.3,301.0,35433.0,CLINICAL NEUROLOGY; SURGERY,CLINICAL NEUROLOGY(JIF Q2/JCI Q1) | SURGERY(JIF Q1/JCI Q1),AMER ASSOC NEUROLOGICAL SURGEONS,其他,是,SCIE,需核实,请查期刊官网 Author / Open Access 页面,未知,,https://www.google.com/search?q=JOURNAL+OF+NEUROSURGERY+aims+scope+instructions+for+authors+APC
118,2-Q1且IF小于5,3,EYE,EYE,0950-222X,1476-5454,4.4,4.5,Q1,17/98,Q1,Q1,1.24,83.2,300.0,19090.0,OPHTHALMOLOGY,OPHTHALMOLOGY(JIF Q1/JCI Q1),SPRINGERNATURE,Springer Nature,是,SCIE,混合/全OA,"全OA约 USD 2,090-3,490；Nature系更高；Scientific Reports已拉黑",中高,https://www.springernature.com/gp/open-research/journals-books/journals,https://www.google.com/search?q=EYE+aims+scope+instructions+for+authors+APC
119,2-Q1且IF小于5,3,JOURNAL OF THORACIC AND CARDIOVASCULAR SURGERY,J THORAC CARDIOV SUR,0022-5223,1097-685X,4.7,5.0,Q1,25/321,Q1,Q1,1.86,92.4,299.0,29498.0,CARDIAC & CARDIOVASCULAR SYSTEMS; RESPIRATORY SYSTEM; SURGERY,CARDIAC & CARDIOVASCULAR SYSTEMS(JIF Q1/JCI Q1) | RESPIRATORY SYSTEM(JIF Q1/JCI Q1) | SURGERY(JIF Q1/JCI Q1),MOSBY-ELSEVIER,Elsevier,是,SCIE,混合为主,"订阅路线通常无APC；Gold OA常见 USD 2,200-4,200",中,https://www.elsevier.com/open-access/agreements,https://www.google.com/search?q=JOURNAL+OF+THORACIC+AND+CARDIOVASCULAR+SURGERY+aims+scope+instructions+for+authors+APC
120,2-Q1且IF小于5,3,PROGRESS IN NEURO-PSYCHOPHARMACOLOGY & BIOLOGICAL PSYCHIATRY,PROG NEURO-PSYCHOPH,0278-5846,1878-4216,4.2,5.0,Q1,61/296,Q1,Q1,1.11,79.6,294.0,15762.0,CLINICAL NEUROLOGY; NEUROSCIENCES; PHARMACOLOGY & PHARMACY; PSYCHIATRY,CLINICAL NEUROLOGY(JIF Q1/JCI Q1) | NEUROSCIENCES(JIF Q2/JCI Q1) | PHARMACOLOGY & PHARMACY(JIF Q2/JCI Q1) | PSYCHIATRY(JIF Q1/JCI Q1),PERGAMON-ELSEVIER SCIENCE LTD,Elsevier,是,SCIE,混合为主,"订阅路线通常无APC；Gold OA常见 USD 2,200-4,200",中,https://www.elsevier.com/open-access/agreements,https://www.google.com/search?q=PROGRESS+IN+NEURO-PSYCHOPHARMACOLOGY+&+BIOLOGICAL+PSYCHIATRY+aims+scope+instructions+for+authors+APC
121,2-Q1且IF小于5,3,INTERNATIONAL JOURNAL OF DRUG POLICY,INT J DRUG POLICY,0955-3959,1873-4758,4.4,4.7,Q1,3/61,Q1,Q1,1.5,95.9,293.0,11890.0,SUBSTANCE ABUSE,SUBSTANCE ABUSE(JIF Q1/JCI Q1),ELSEVIER,Elsevier,否,SSCI,混合为主,"订阅路线通常无APC；Gold OA常见 USD 2,200-4,200",中,https://www.elsevier.com/open-access/agreements,https://www.google.com/search?q=INTERNATIONAL+JOURNAL+OF+DRUG+POLICY+aims+scope+instructions+for+authors+APC
122,2-Q1且IF小于5,3,OTOLARYNGOLOGY-HEAD AND NECK SURGERY,OTOLARYNG HEAD NECK,0194-5998,1097-6817,2.6,2.9,Q1,10/67,Q1,Q1,1.26,85.8,291.0,18609.0,OTORHINOLARYNGOLOGY; SURGERY,OTORHINOLARYNGOLOGY(JIF Q1/JCI Q1) | SURGERY(JIF Q2/JCI Q1),WILEY,Wiley,是,SCIE,混合为主,"订阅路线通常无APC；OnlineOpen常见 USD 3,200-4,700",中,https://authorservices.wiley.com/author-resources/Journal-Authors/open-access/article-publication-charges.html,https://www.google.com/search?q=OTOLARYNGOLOGY-HEAD+AND+NECK+SURGERY+aims+scope+instructions+for+authors+APC
123,2-Q1且IF小于5,3,ULTRASONICS,ULTRASONICS,0041-624X,1874-9968,4.8,4.7,Q1,5/41,Q1,Q1,1.34,85.0,289.0,12396.0,"RADIOLOGY, NUCLEAR MEDICINE & MEDICAL IMAGING","RADIOLOGY, NUCLEAR MEDICINE & MEDICAL IMAGING(JIF Q1/JCI Q1)",ELSEVIER,Elsevier,是,SCIE,混合为主,"订阅路线通常无APC；Gold OA常见 USD 2,200-4,200",中,https://www.elsevier.com/open-access/agreements,https://www.google.com/search?q=ULTRASONICS+aims+scope+instructions+for+authors+APC
124,2-Q1且IF小于5,3,Journal of Infection and Public Health,J INFECT PUBLIC HEAL,1876-0341,1876-035X,4.8,4.1,Q1,55/443,Q1,Q1,1.13,87.7,289.0,8036.0,"INFECTIOUS DISEASES; PUBLIC, ENVIRONMENTAL & OCCUPATIONAL HEALTH","INFECTIOUS DISEASES(JIF Q1/JCI Q1) | PUBLIC, ENVIRONMENTAL & OCCUPATIONAL HEALTH(JIF Q1/JCI Q1)",ELSEVIER SCIENCE LONDON,Elsevier,是,SCIE,混合为主,"订阅路线通常无APC；Gold OA常见 USD 2,200-4,200",中,https://www.elsevier.com/open-access/agreements,https://www.google.com/search?q=Journal+of+Infection+and+Public+Health+aims+scope+instructions+for+authors+APC
125,2-Q1且IF小于5,3,MEDICINE & SCIENCE IN SPORTS & EXERCISE,MED SCI SPORT EXER,0195-9131,1530-0315,4.0,4.8,Q1,17/136,Q1,Q1,1.64,87.9,287.0,41824.0,SPORT SCIENCES,SPORT SCIENCES(JIF Q1/JCI Q1),LIPPINCOTT WILLIAMS & WILKINS,Wolters Kluwer/LWW,是,SCIE,混合为主,"订阅路线通常无APC；OA常见 USD 2,000-4,000；MEDICINE已拉黑",中,https://wkauthorservices.editage.com/open-access/,https://www.google.com/search?q=MEDICINE+&+SCIENCE+IN+SPORTS+&+EXERCISE+aims+scope+instructions+for+authors+APC
126,2-Q1且IF小于5,3,International Journal of Chronic Obstructive Pulmonary Disease,INT J CHRONIC OBSTR,1178-2005,1178-2005,4.1,3.9,Q1,26/107,Q2,Q2,0.93,76.2,286.0,10725.0,RESPIRATORY SYSTEM,RESPIRATORY SYSTEM(JIF Q1/JCI Q2),DOVE MEDICAL PRESS LTD,其他,是,SCIE,需核实,请查期刊官网 Author / Open Access 页面,未知,,https://www.google.com/search?q=International+Journal+of+Chronic+Obstructive+Pulmonary+Disease+aims+scope+instructions+for+authors+APC
127,2-Q1且IF小于5,3,EUROPEAN JOURNAL OF CARDIO-THORACIC SURGERY,EUR J CARDIO-THORAC,1010-7940,1873-734X,3.3,3.6,Q1,50/321,Q1,Q1,1.0,84.6,277.0,18070.0,CARDIAC & CARDIOVASCULAR SYSTEMS; RESPIRATORY SYSTEM; SURGERY,CARDIAC & CARDIOVASCULAR SYSTEMS(JIF Q2/JCI Q1) | RESPIRATORY SYSTEM(JIF Q2/JCI Q1) | SURGERY(JIF Q1/JCI Q1),OXFORD UNIV PRESS INC,Oxford UP,是,SCIE,混合为主,订阅路线通常无APC；可选OA，费用因刊而异,中,https://academic.oup.com/pages/open-research/open-access,https://www.google.com/search?q=EUROPEAN+JOURNAL+OF+CARDIO-THORACIC+SURGERY+aims+scope+instructions+for+authors+APC
128,2-Q1且IF小于5,3,European Journal of Psychotraumatology,EUR J PSYCHOTRAUMATO,2000-8198,2000-8066,4.2,5.5,Q1,23/184,Q1,Q1,1.26,87.8,275.0,8733.0,"PSYCHIATRY; PSYCHOLOGY, CLINICAL","PSYCHIATRY(JIF Q1/JCI Q1) | PSYCHOLOGY, CLINICAL(JIF Q1/JCI Q1)",TAYLOR & FRANCIS LTD,Taylor & Francis,否,SSCI,混合为主,"订阅路线通常无APC；Open Select常见 USD 2,500-3,500",中,https://authorservices.taylorandfrancis.com/publishing-open-access/,https://www.google.com/search?q=European+Journal+of+Psychotraumatology+aims+scope+instructions+for+authors+APC
129,2-Q1且IF小于5,3,Journal of Trauma and Acute Care Surgery,J TRAUMA ACUTE CARE,2163-0755,2163-0763,3.9,3.7,Q1,34/321,Q1,Q1,1.09,89.6,275.0,14272.0,CRITICAL CARE MEDICINE; SURGERY,CRITICAL CARE MEDICINE(JIF Q2/JCI Q1) | SURGERY(JIF Q1/JCI Q1),LIPPINCOTT WILLIAMS & WILKINS,Wolters Kluwer/LWW,是,SCIE,混合为主,"订阅路线通常无APC；OA常见 USD 2,000-4,000；MEDICINE已拉黑",中,https://wkauthorservices.editage.com/open-access/,https://www.google.com/search?q=Journal+of+Trauma+and+Acute+Care+Surgery+aims+scope+instructions+for+authors+APC
130,2-Q1且IF小于5,3,PATHOLOGY RESEARCH AND PRACTICE,PATHOL RES PRACT,0344-0338,1618-0631,3.7,3.1,Q1,20/89,Q1,Q1,1.17,78.1,275.0,11657.0,PATHOLOGY,PATHOLOGY(JIF Q1/JCI Q1),ELSEVIER GMBH,Elsevier,是,SCIE,混合为主,"订阅路线通常无APC；Gold OA常见 USD 2,200-4,200",中,https://www.elsevier.com/open-access/agreements,https://www.google.com/search?q=PATHOLOGY+RESEARCH+AND+PRACTICE+aims+scope+instructions+for+authors+APC
131,2-Q1且IF小于5,3,Nursing in Critical Care,NURS CRIT CARE,1362-1017,1478-5153,2.8,3.8,Q1,36/194,Q1,Q1,1.27,81.7,275.0,3288.0,NURSING,NURSING(JIF Q1/JCI Q1),WILEY,Wiley,是,"SCIE, SSCI",混合为主,"订阅路线通常无APC；OnlineOpen常见 USD 3,200-4,700",中,https://authorservices.wiley.com/author-resources/Journal-Authors/open-access/article-publication-charges.html,https://www.google.com/search?q=Nursing+in+Critical+Care+aims+scope+instructions+for+authors+APC
132,2-Q1且IF小于5,3,Nurse Education in Practice,NURSE EDUC PRACT,1471-5953,1873-5223,4.5,4.8,Q1,11/194,Q1,Q1,1.67,94.6,274.0,8484.0,NURSING,NURSING(JIF Q1/JCI Q1),ELSEVIER SCI LTD,Elsevier,是,"SCIE, SSCI",混合为主,"订阅路线通常无APC；Gold OA常见 USD 2,200-4,200",中,https://www.elsevier.com/open-access/agreements,https://www.google.com/search?q=Nurse+Education+in+Practice+aims+scope+instructions+for+authors+APC
133,2-Q1且IF小于5,3,Gynecologic Oncology,GYNECOL ONCOL,0090-8258,1095-6859,4.5,4.7,Q1,13/143,Q1,Q1,1.29,91.3,272.0,25853.0,OBSTETRICS & GYNECOLOGY; ONCOLOGY,OBSTETRICS & GYNECOLOGY(JIF Q1/JCI Q1) | ONCOLOGY(JIF Q2/JCI Q1),ACADEMIC PRESS INC ELSEVIER SCIENCE,Elsevier,是,SCIE,混合为主,"订阅路线通常无APC；Gold OA常见 USD 2,200-4,200",中,https://www.elsevier.com/open-access/agreements,https://www.google.com/search?q=Gynecologic+Oncology+aims+scope+instructions+for+authors+APC
134,2-Q1且IF小于5,3,Journal of Applied Physiology,J APPL PHYSIOL,8750-7587,1522-1601,3.7,3.9,Q1,22/136,Q1,Q1,1.32,84.2,271.0,43048.0,SPORT SCIENCES,SPORT SCIENCES(JIF Q1/JCI Q1),AMER PHYSIOLOGICAL SOC,其他,是,SCIE,需核实,请查期刊官网 Author / Open Access 页面,未知,,https://www.google.com/search?q=Journal+of+Applied+Physiology+aims+scope+instructions+for+authors+APC
135,2-Q1且IF小于5,3,Forensic Science International,FORENSIC SCI INT,0379-0738,1872-6283,2.6,2.6,Q1,6/24,Q2,Q2,1.19,77.1,267.0,16748.0,"MEDICINE, LEGAL","MEDICINE, LEGAL(JIF Q1/JCI Q2)",ELSEVIER IRELAND LTD,Elsevier,是,SCIE,混合为主,"订阅路线通常无APC；Gold OA常见 USD 2,200-4,200",中,https://www.elsevier.com/open-access/agreements,https://www.google.com/search?q=Forensic+Science+International+aims+scope+instructions+for+authors+APC
136,2-Q1且IF小于5,3,ACS Infectious Diseases,ACS INFECT DIS,2373-8227,,4.5,4.3,Q1,28/141,Q1,Q1,1.05,80.5,261.0,8213.0,"CHEMISTRY, MEDICINAL; INFECTIOUS DISEASES","CHEMISTRY, MEDICINAL(JIF Q2/JCI Q1) | INFECTIOUS DISEASES(JIF Q1/JCI Q1)",AMER CHEMICAL SOC,其他,是,SCIE,需核实,请查期刊官网 Author / Open Access 页面,未知,,https://www.google.com/search?q=ACS+Infectious+Diseases+aims+scope+instructions+for+authors+APC
137,2-Q1且IF小于5,3,BIOELECTROCHEMISTRY,BIOELECTROCHEMISTRY,1567-5394,1878-562X,4.9,4.6,Q1,11/81,Q1,Q1,1.11,86.3,258.0,8368.0,BIOCHEMISTRY & MOLECULAR BIOLOGY; BIOLOGY,BIOCHEMISTRY & MOLECULAR BIOLOGY(JIF Q2/JCI Q1) | BIOLOGY(JIF Q1/JCI Q1),ELSEVIER SCIENCE SA,Elsevier,是,SCIE,混合为主,"订阅路线通常无APC；Gold OA常见 USD 2,200-4,200",中,https://www.elsevier.com/open-access/agreements,https://www.google.com/search?q=BIOELECTROCHEMISTRY+aims+scope+instructions+for+authors+APC
138,2-Q1且IF小于5,3,NEUROSURGERY,NEUROSURGERY,0148-396X,1524-4040,3.8,4.2,Q1,38/321,Q1,Q1,1.43,88.3,258.0,28090.0,CLINICAL NEUROLOGY; SURGERY,CLINICAL NEUROLOGY(JIF Q2/JCI Q1) | SURGERY(JIF Q1/JCI Q1),LIPPINCOTT WILLIAMS & WILKINS,Wolters Kluwer/LWW,是,SCIE,混合为主,"订阅路线通常无APC；OA常见 USD 2,000-4,000；MEDICINE已拉黑",中,https://wkauthorservices.editage.com/open-access/,https://www.google.com/search?q=NEUROSURGERY+aims+scope+instructions+for+authors+APC
139,2-Q1且IF小于5,3,JOURNAL OF KOREAN MEDICAL SCIENCE,J KOREAN MED SCI,1011-8934,1598-6357,3.2,2.8,Q1,68/336,Q1,Q1,0.84,79.9,258.0,10211.0,"MEDICINE, GENERAL & INTERNAL","MEDICINE, GENERAL & INTERNAL(JIF Q1/JCI Q1)",KOREAN ACAD MEDICAL SCIENCES,其他,是,SCIE,需核实,请查期刊官网 Author / Open Access 页面,未知,,https://www.google.com/search?q=JOURNAL+OF+KOREAN+MEDICAL+SCIENCE+aims+scope+instructions+for+authors+APC
140,2-Q1且IF小于5,3,JOURNAL OF BONE AND JOINT SURGERY-AMERICAN VOLUME,J BONE JOINT SURG AM,0021-9355,1535-1386,4.5,5.0,Q1,26/321,Q1,Q1,1.82,92.1,257.0,44262.0,ORTHOPEDICS; SURGERY,ORTHOPEDICS(JIF Q1/JCI Q1) | SURGERY(JIF Q1/JCI Q1),LIPPINCOTT WILLIAMS & WILKINS,Wolters Kluwer/LWW,是,SCIE,混合为主,"订阅路线通常无APC；OA常见 USD 2,000-4,000；MEDICINE已拉黑",中,https://wkauthorservices.editage.com/open-access/,https://www.google.com/search?q=JOURNAL+OF+BONE+AND+JOINT+SURGERY-AMERICAN+VOLUME+aims+scope+instructions+for+authors+APC
141,2-Q1且IF小于5,3,ADVANCES IN THERAPY,ADV THER,0741-238X,1865-8652,4.7,4.6,Q1,78/356,Q2,Q2,0.89,78.2,256.0,12070.0,"MEDICINE, RESEARCH & EXPERIMENTAL; PHARMACOLOGY & PHARMACY","MEDICINE, RESEARCH & EXPERIMENTAL(JIF Q2/JCI Q2) | PHARMACOLOGY & PHARMACY(JIF Q1/JCI Q2)",SPRINGER,Springer,是,SCIE,混合为主,"订阅路线通常无APC；选OA约 USD 2,790-4,290",中,https://www.springer.com/gp/open-access,https://www.google.com/search?q=ADVANCES+IN+THERAPY+aims+scope+instructions+for+authors+APC
142,2-Q1且IF小于5,3,Journal of Dental Sciences,J DENT SCI,1991-7902,2213-8862,3.6,3.7,Q1,31/165,Q1,Q1,1.32,81.5,254.0,4556.0,"DENTISTRY, ORAL SURGERY & MEDICINE","DENTISTRY, ORAL SURGERY & MEDICINE(JIF Q1/JCI Q1)",ELSEVIER TAIWAN,Elsevier,是,SCIE,混合为主,"订阅路线通常无APC；Gold OA常见 USD 2,200-4,200",中,https://www.elsevier.com/open-access/agreements,https://www.google.com/search?q=Journal+of+Dental+Sciences+aims+scope+instructions+for+authors+APC
143,2-Q1且IF小于5,3,JMIR Human Factors,JMIR HUM FACTORS,2292-9495,2292-9495,3.9,4.1,Q1,46/194,Q2,Q2,0.91,76.5,252.0,3291.0,HEALTH CARE SCIENCES & SERVICES; MEDICAL INFORMATICS,HEALTH CARE SCIENCES & SERVICES(JIF Q1/JCI Q2) | MEDICAL INFORMATICS(JIF Q2/JCI Q2),"JMIR PUBLICATIONS, INC",其他,否,ESCI,需核实,请查期刊官网 Author / Open Access 页面,未知,,https://www.google.com/search?q=JMIR+Human+Factors+aims+scope+instructions+for+authors+APC
144,2-Q1且IF小于5,3,SPINE,SPINE,0362-2436,1528-1159,3.7,3.6,Q1,22/147,Q1,Q1,1.34,85.4,251.0,45060.0,CLINICAL NEUROLOGY; ORTHOPEDICS,CLINICAL NEUROLOGY(JIF Q2/JCI Q1) | ORTHOPEDICS(JIF Q1/JCI Q1),LIPPINCOTT WILLIAMS & WILKINS,Wolters Kluwer/LWW,是,SCIE,混合为主,"订阅路线通常无APC；OA常见 USD 2,000-4,000；MEDICINE已拉黑",中,https://wkauthorservices.editage.com/open-access/,https://www.google.com/search?q=SPINE+aims+scope+instructions+for+authors+APC
145,2-Q1且IF小于5,3,JOURNAL OF PEDIATRIC GASTROENTEROLOGY AND NUTRITION,J PEDIATR GASTR NUTR,0277-2116,1536-4801,3.1,3.0,Q1,30/190,Q1,Q1,0.92,84.5,251.0,14403.0,GASTROENTEROLOGY & HEPATOLOGY; NUTRITION & DIETETICS; PEDIATRICS,GASTROENTEROLOGY & HEPATOLOGY(JIF Q2/JCI Q1) | NUTRITION & DIETETICS(JIF Q2/JCI Q1) | PEDIATRICS(JIF Q1/JCI Q2),WILEY,Wiley,是,SCIE,混合为主,"订阅路线通常无APC；OnlineOpen常见 USD 3,200-4,700",中,https://authorservices.wiley.com/author-resources/Journal-Authors/open-access/article-publication-charges.html,https://www.google.com/search?q=JOURNAL+OF+PEDIATRIC+GASTROENTEROLOGY+AND+NUTRITION+aims+scope+instructions+for+authors+APC
146,2-Q1且IF小于5,3,AMERICAN JOURNAL OF PREVENTIVE MEDICINE,AM J PREV MED,0749-3797,1873-2607,4.7,5.2,Q1,56/443,Q1,Q1,1.54,87.5,248.0,27112.0,"MEDICINE, GENERAL & INTERNAL; PUBLIC, ENVIRONMENTAL & OCCUPATIONAL HEALTH","MEDICINE, GENERAL & INTERNAL(JIF Q1/JCI Q1) | PUBLIC, ENVIRONMENTAL & OCCUPATIONAL HEALTH(JIF Q1/JCI Q1)",ELSEVIER SCIENCE INC,Elsevier,是,"SCIE; SCIE, SSCI",混合为主,"订阅路线通常无APC；Gold OA常见 USD 2,200-4,200",中,https://www.elsevier.com/open-access/agreements,https://www.google.com/search?q=AMERICAN+JOURNAL+OF+PREVENTIVE+MEDICINE+aims+scope+instructions+for+authors+APC
147,2-Q1且IF小于5,3,Journal of Nursing Management,J NURS MANAGE,0966-0429,1365-2834,4.4,5.7,Q1,13/194,Q1,Q1,1.24,93.6,247.0,11219.0,NURSING,NURSING(JIF Q1/JCI Q1),WILEY,Wiley,是,"SSCI; SCIE, SSCI",混合为主,"订阅路线通常无APC；OnlineOpen常见 USD 3,200-4,700",中,https://authorservices.wiley.com/author-resources/Journal-Authors/open-access/article-publication-charges.html,https://www.google.com/search?q=Journal+of+Nursing+Management+aims+scope+instructions+for+authors+APC
148,2-Q1且IF小于5,3,Microbial Genomics,MICROB GENOMICS,2057-5858,2057-5858,4.5,5.4,Q1,40/192,Q1,Q1,1.19,79.4,246.0,7495.0,GENETICS & HEREDITY; MICROBIOLOGY,GENETICS & HEREDITY(JIF Q1/JCI Q1) | MICROBIOLOGY(JIF Q2/JCI Q1),MICROBIOLOGY SOC,其他,是,SCIE,需核实,请查期刊官网 Author / Open Access 页面,未知,,https://www.google.com/search?q=Microbial+Genomics+aims+scope+instructions+for+authors+APC
149,2-Q1且IF小于5,3,International Journal of Computer Assisted Radiology and Surgery,INT J COMPUT ASS RAD,1861-6410,1861-6429,2.8,3.0,Q1,67/321,Q2,Q2,0.8,79.3,246.0,6638.0,"ENGINEERING, BIOMEDICAL; RADIOLOGY, NUCLEAR MEDICINE & MEDICAL IMAGING; SURGERY","ENGINEERING, BIOMEDICAL(JIF Q3/JCI Q2) | RADIOLOGY, NUCLEAR MEDICINE & MEDICAL IMAGING(JIF Q2/JCI Q2) | SURGERY(JIF Q1/JCI Q2)",SPRINGER HEIDELBERG,Springer,是,SCIE,混合为主,"订阅路线通常无APC；选OA约 USD 2,790-4,290",中,https://www.springer.com/gp/open-access,https://www.google.com/search?q=International+Journal+of+Computer+Assisted+Radiology+and+Surgery+aims+scope+instructions+for+authors+APC
150,2-Q1且IF小于5,3,JOURNAL OF SLEEP RESEARCH,J SLEEP RES,0962-1105,1365-2869,4.6,4.6,Q1,48/296,Q2,Q2,0.92,84.0,245.0,12151.0,CLINICAL NEUROLOGY; NEUROSCIENCES,CLINICAL NEUROLOGY(JIF Q1/JCI Q2) | NEUROSCIENCES(JIF Q1/JCI Q2),WILEY,Wiley,是,SCIE,混合为主,"订阅路线通常无APC；OnlineOpen常见 USD 3,200-4,700",中,https://authorservices.wiley.com/author-resources/Journal-Authors/open-access/article-publication-charges.html,https://www.google.com/search?q=JOURNAL+OF+SLEEP+RESEARCH+aims+scope+instructions+for+authors+APC
151,2-Q1且IF小于5,3,CLINICAL PHARMACOLOGY & THERAPEUTICS,CLIN PHARMACOL THER,0009-9236,1532-6535,4.9,6.1,Q1,74/356,Q1,Q1,1.24,79.4,241.0,20886.0,PHARMACOLOGY & PHARMACY,PHARMACOLOGY & PHARMACY(JIF Q1/JCI Q1),WILEY,Wiley,是,SCIE,混合为主,"订阅路线通常无APC；OnlineOpen常见 USD 3,200-4,700",中,https://authorservices.wiley.com/author-resources/Journal-Authors/open-access/article-publication-charges.html,https://www.google.com/search?q=CLINICAL+PHARMACOLOGY+&+THERAPEUTICS+aims+scope+instructions+for+authors+APC
152,2-Q1且IF小于5,3,CLINICAL CHEMISTRY AND LABORATORY MEDICINE,CLIN CHEM LAB MED,1434-6621,1437-4331,4.4,4.0,Q1,6/33,Q1,Q1,1.55,83.3,241.0,12111.0,MEDICAL LABORATORY TECHNOLOGY,MEDICAL LABORATORY TECHNOLOGY(JIF Q1/JCI Q1),WALTER DE GRUYTER GMBH,De Gruyter,是,SCIE,混合/OA,因刊而异,中,https://www.degruyter.com/publishing/publications/openaccess,https://www.google.com/search?q=CLINICAL+CHEMISTRY+AND+LABORATORY+MEDICINE+aims+scope+instructions+for+authors+APC
153,2-Q1且IF小于5,3,DIGESTIVE AND LIVER DISEASE,DIGEST LIVER DIS,1590-8658,1878-3562,4.9,4.2,Q1,34/153,Q1,Q1,1.03,78.1,240.0,9941.0,GASTROENTEROLOGY & HEPATOLOGY,GASTROENTEROLOGY & HEPATOLOGY(JIF Q1/JCI Q1),ELSEVIER SCIENCE INC,Elsevier,是,SCIE,混合为主,"订阅路线通常无APC；Gold OA常见 USD 2,200-4,200",中,https://www.elsevier.com/open-access/agreements,https://www.google.com/search?q=DIGESTIVE+AND+LIVER+DISEASE+aims+scope+instructions+for+authors+APC
154,2-Q1且IF小于5,3,PSYCHO-ONCOLOGY,PSYCHO-ONCOLOGY,1057-9249,1099-1611,3.9,4.7,Q1,5/48,Q2,Q1,0.99,90.6,239.0,15913.0,"ONCOLOGY; SOCIAL SCIENCES, BIOMEDICAL","ONCOLOGY(JIF Q2/JCI Q2) | SOCIAL SCIENCES, BIOMEDICAL(JIF Q1/JCI Q2)",WILEY,Wiley,是,SCIE; SSCI,混合为主,"订阅路线通常无APC；OnlineOpen常见 USD 3,200-4,700",中,https://authorservices.wiley.com/author-resources/Journal-Authors/open-access/article-publication-charges.html,https://www.google.com/search?q=PSYCHO-ONCOLOGY+aims+scope+instructions+for+authors+APC
155,2-Q1且IF小于5,3,ANNALS OF THE NEW YORK ACADEMY OF SCIENCES,ANN NY ACAD SCI,0077-8923,1749-6632,4.5,6.3,Q1,24/140,Q1,Q1,1.04,83.2,237.0,45077.0,MULTIDISCIPLINARY SCIENCES,MULTIDISCIPLINARY SCIENCES(JIF Q1/JCI Q1),WILEY,Wiley,是,SCIE,混合为主,"订阅路线通常无APC；OnlineOpen常见 USD 3,200-4,700",中,https://authorservices.wiley.com/author-resources/Journal-Authors/open-access/article-publication-charges.html,https://www.google.com/search?q=ANNALS+OF+THE+NEW+YORK+ACADEMY+OF+SCIENCES+aims+scope+instructions+for+authors+APC
156,2-Q1且IF小于5,3,Journal of Adolescent Health,J ADOLESCENT HEALTH,1054-139X,1879-1972,4.2,5.7,Q1,11/190,Q1,Q1,1.65,94.5,237.0,21149.0,"PEDIATRICS; PUBLIC, ENVIRONMENTAL & OCCUPATIONAL HEALTH","PEDIATRICS(JIF Q1/JCI Q1) | PUBLIC, ENVIRONMENTAL & OCCUPATIONAL HEALTH(JIF Q1/JCI Q1)",ELSEVIER SCIENCE INC,Elsevier,是,"SCIE; SSCI; SCIE, SSCI",混合为主,"订阅路线通常无APC；Gold OA常见 USD 2,200-4,200",中,https://www.elsevier.com/open-access/agreements,https://www.google.com/search?q=Journal+of+Adolescent+Health+aims+scope+instructions+for+authors+APC
157,2-Q1且IF小于5,3,INTERNATIONAL JOURNAL OF LEGAL MEDICINE,INT J LEGAL MED,0937-9827,1437-1596,2.6,2.6,Q1,6/24,Q1,Q1,1.22,77.1,237.0,7477.0,"MEDICINE, LEGAL","MEDICINE, LEGAL(JIF Q1/JCI Q1)",SPRINGER,Springer,是,SCIE,混合为主,"订阅路线通常无APC；选OA约 USD 2,790-4,290",中,https://www.springer.com/gp/open-access,https://www.google.com/search?q=INTERNATIONAL+JOURNAL+OF+LEGAL+MEDICINE+aims+scope+instructions+for+authors+APC
158,2-Q1且IF小于5,3,European Journal of Oncology Nursing,EUR J ONCOL NURS,1462-3889,1532-2122,3.6,4.1,Q1,20/194,Q1,Q1,1.11,89.9,235.0,5835.0,NURSING; ONCOLOGY,NURSING(JIF Q1/JCI Q1) | ONCOLOGY(JIF Q2/JCI Q1),ELSEVIER SCI LTD,Elsevier,是,"SCIE, SSCI; SCIE",混合为主,"订阅路线通常无APC；Gold OA常见 USD 2,200-4,200",中,https://www.elsevier.com/open-access/agreements,https://www.google.com/search?q=European+Journal+of+Oncology+Nursing+aims+scope+instructions+for+authors+APC
159,2-Q1且IF小于5,3,CANCER EPIDEMIOLOGY BIOMARKERS & PREVENTION,CANCER EPIDEM BIOMAR,1055-9965,1538-7755,3.7,4.4,Q1,89/443,Q2,Q2,0.91,80.0,230.0,19510.0,"ONCOLOGY; PUBLIC, ENVIRONMENTAL & OCCUPATIONAL HEALTH","ONCOLOGY(JIF Q2/JCI Q2) | PUBLIC, ENVIRONMENTAL & OCCUPATIONAL HEALTH(JIF Q1/JCI Q2)",AMER ASSOC CANCER RESEARCH,其他,是,SCIE,需核实,请查期刊官网 Author / Open Access 页面,未知,,https://www.google.com/search?q=CANCER+EPIDEMIOLOGY+BIOMARKERS+&+PREVENTION+aims+scope+instructions+for+authors+APC
160,2-Q1且IF小于5,3,ADDICTIVE BEHAVIORS,ADDICT BEHAV,0306-4603,1873-6327,4.1,4.8,Q1,7/61,Q1,Q1,1.4,89.3,229.0,18618.0,"PSYCHOLOGY, CLINICAL; SUBSTANCE ABUSE","PSYCHOLOGY, CLINICAL(JIF Q1/JCI Q1) | SUBSTANCE ABUSE(JIF Q1/JCI Q1)",PERGAMON-ELSEVIER SCIENCE LTD,Elsevier,是,"SSCI; SCIE, SSCI",混合为主,"订阅路线通常无APC；Gold OA常见 USD 2,200-4,200",中,https://www.elsevier.com/open-access/agreements,https://www.google.com/search?q=ADDICTIVE+BEHAVIORS+aims+scope+instructions+for+authors+APC
161,2-Q1且IF小于5,3,NURSE EDUCATION TODAY,NURS EDUC TODAY,0260-6917,1532-2793,4.7,5.5,Q1,10/194,Q1,Q1,1.67,95.1,227.0,19455.0,NURSING,NURSING(JIF Q1/JCI Q1),CHURCHILL LIVINGSTONE,Elsevier,是,"SCIE; SCIE, SSCI",混合为主,"订阅路线通常无APC；Gold OA常见 USD 2,200-4,200",中,https://www.elsevier.com/open-access/agreements,https://www.google.com/search?q=NURSE+EDUCATION+TODAY+aims+scope+instructions+for+authors+APC
162,2-Q1且IF小于5,3,PARKINSONISM & RELATED DISORDERS,PARKINSONISM RELAT D,1353-8020,1873-5126,4.3,4.4,Q1,57/296,Q1,Q1,1.03,80.9,226.0,15104.0,CLINICAL NEUROLOGY,CLINICAL NEUROLOGY(JIF Q1/JCI Q1),ELSEVIER SCI LTD,Elsevier,是,SCIE,混合为主,"订阅路线通常无APC；Gold OA常见 USD 2,200-4,200",中,https://www.elsevier.com/open-access/agreements,https://www.google.com/search?q=PARKINSONISM+&+RELATED+DISORDERS+aims+scope+instructions+for+authors+APC
163,2-Q1且IF小于5,3,BJOG-AN INTERNATIONAL JOURNAL OF OBSTETRICS AND GYNAECOLOGY,BJOG-INT J OBSTET GY,1470-0328,1471-0528,4.8,5.3,Q1,11/143,Q1,Q1,1.73,92.7,225.0,19214.0,OBSTETRICS & GYNECOLOGY,OBSTETRICS & GYNECOLOGY(JIF Q1/JCI Q1),WILEY,Wiley,是,SCIE,混合为主,"订阅路线通常无APC；OnlineOpen常见 USD 3,200-4,700",中,https://authorservices.wiley.com/author-resources/Journal-Authors/open-access/article-publication-charges.html,https://www.google.com/search?q=BJOG-AN+INTERNATIONAL+JOURNAL+OF+OBSTETRICS+AND+GYNAECOLOGY+aims+scope+instructions+for+authors+APC
164,2-Q1且IF小于5,3,JOURNAL OF ORAL REHABILITATION,J ORAL REHABIL,0305-182X,1365-2842,3.8,3.8,Q1,27/165,Q1,Q1,1.2,83.9,225.0,10169.0,"DENTISTRY, ORAL SURGERY & MEDICINE","DENTISTRY, ORAL SURGERY & MEDICINE(JIF Q1/JCI Q1)",WILEY,Wiley,是,SCIE,混合为主,"订阅路线通常无APC；OnlineOpen常见 USD 3,200-4,700",中,https://authorservices.wiley.com/author-resources/Journal-Authors/open-access/article-publication-charges.html,https://www.google.com/search?q=JOURNAL+OF+ORAL+REHABILITATION+aims+scope+instructions+for+authors+APC
165,2-Q1且IF小于5,3,JOURNAL OF CLINICAL NURSING,J CLIN NURS,0962-1067,1365-2702,3.6,4.7,Q1,20/194,Q1,Q1,1.25,89.9,224.0,23402.0,NURSING,NURSING(JIF Q1/JCI Q1),WILEY,Wiley,是,"SCIE, SSCI",混合为主,"订阅路线通常无APC；OnlineOpen常见 USD 3,200-4,700",中,https://authorservices.wiley.com/author-resources/Journal-Authors/open-access/article-publication-charges.html,https://www.google.com/search?q=JOURNAL+OF+CLINICAL+NURSING+aims+scope+instructions+for+authors+APC
166,2-Q1且IF小于5,3,Obesity,OBESITY,1930-7381,1930-739X,4.9,5.0,Q1,28/114,Q1,Q1,0.96,75.9,222.0,21567.0,ENDOCRINOLOGY & METABOLISM; NUTRITION & DIETETICS,ENDOCRINOLOGY & METABOLISM(JIF Q1/JCI Q1) | NUTRITION & DIETETICS(JIF Q1/JCI Q1),WILEY,Wiley,是,SCIE,混合为主,"订阅路线通常无APC；OnlineOpen常见 USD 3,200-4,700",中,https://authorservices.wiley.com/author-resources/Journal-Authors/open-access/article-publication-charges.html,https://www.google.com/search?q=Obesity+aims+scope+instructions+for+authors+APC
167,2-Q1且IF小于5,3,JOURNAL OF NEUROCHEMISTRY,J NEUROCHEM,0022-3042,1471-4159,4.6,4.7,Q1,81/330,Q2,Q2,0.78,75.6,222.0,29950.0,BIOCHEMISTRY & MOLECULAR BIOLOGY; NEUROSCIENCES,BIOCHEMISTRY & MOLECULAR BIOLOGY(JIF Q2/JCI Q2) | NEUROSCIENCES(JIF Q1/JCI Q2),WILEY,Wiley,是,SCIE,混合为主,"订阅路线通常无APC；OnlineOpen常见 USD 3,200-4,700",中,https://authorservices.wiley.com/author-resources/Journal-Authors/open-access/article-publication-charges.html,https://www.google.com/search?q=JOURNAL+OF+NEUROCHEMISTRY+aims+scope+instructions+for+authors+APC
168,2-Q1且IF小于5,3,Internal and Emergency Medicine,INTERN EMERG MED,1828-0447,1970-9366,4.1,3.3,Q1,53/336,Q1,Q1,0.81,84.4,222.0,5859.0,"MEDICINE, GENERAL & INTERNAL","MEDICINE, GENERAL & INTERNAL(JIF Q1/JCI Q1)",SPRINGER-VERLAG ITALIA SRL,Springer,是,SCIE,混合为主,"订阅路线通常无APC；选OA约 USD 2,790-4,290",中,https://www.springer.com/gp/open-access,https://www.google.com/search?q=Internal+and+Emergency+Medicine+aims+scope+instructions+for+authors+APC
169,2-Q1且IF小于5,3,Dermatology and Therapy,DERMATOLOGY THER,2193-8210,2190-9172,4.6,4.5,Q1,11/99,Q1,Q1,1.21,89.4,221.0,5295.0,DERMATOLOGY,DERMATOLOGY(JIF Q1/JCI Q1),ADIS INT LTD,其他,是,SCIE,需核实,请查期刊官网 Author / Open Access 页面,未知,,https://www.google.com/search?q=Dermatology+and+Therapy+aims+scope+instructions+for+authors+APC
170,2-Q1且IF小于5,3,PLACENTA,PLACENTA,0143-4004,1532-3102,3.1,3.3,Q1,33/143,Q1,Q1,1.03,77.3,220.0,10460.0,OBSTETRICS & GYNECOLOGY; REPRODUCTIVE BIOLOGY,OBSTETRICS & GYNECOLOGY(JIF Q1/JCI Q1) | REPRODUCTIVE BIOLOGY(JIF Q2/JCI Q2),W B SAUNDERS CO LTD,Elsevier,是,SCIE,混合为主,"订阅路线通常无APC；Gold OA常见 USD 2,200-4,200",中,https://www.elsevier.com/open-access/agreements,https://www.google.com/search?q=PLACENTA+aims+scope+instructions+for+authors+APC
171,2-Q1且IF小于5,3,MIDWIFERY,MIDWIFERY,0266-6138,1532-3099,2.7,3.3,Q1,41/194,Q1,Q1,1.1,79.1,220.0,8018.0,NURSING,NURSING(JIF Q1/JCI Q1),ELSEVIER SCI LTD,Elsevier,是,"SCIE, SSCI",混合为主,"订阅路线通常无APC；Gold OA常见 USD 2,200-4,200",中,https://www.elsevier.com/open-access/agreements,https://www.google.com/search?q=MIDWIFERY+aims+scope+instructions+for+authors+APC
172,2-Q1且IF小于5,3,BJPsych Open,BJPSYCH OPEN,2056-4724,2056-4724,4.0,4.6,Q1,69/293,Q2,Q2,0.94,76.6,219.0,5248.0,PSYCHIATRY,PSYCHIATRY(JIF Q1/JCI Q2),CAMBRIDGE UNIV PRESS,Cambridge UP,是,"SCIE, SSCI",混合为主,订阅路线通常无APC；Gold OA因刊而异,中,https://www.cambridge.org/core/open-research/open-access,https://www.google.com/search?q=BJPsych+Open+aims+scope+instructions+for+authors+APC
173,2-Q1且IF小于5,3,JOURNAL OF PEDIATRICS,J PEDIATR-US,0022-3476,1097-6833,3.6,4.0,Q1,19/190,Q1,Q1,1.57,90.3,219.0,32922.0,PEDIATRICS,PEDIATRICS(JIF Q1/JCI Q1),MOSBY-ELSEVIER,Elsevier,是,SCIE,混合为主,"订阅路线通常无APC；Gold OA常见 USD 2,200-4,200",中,https://www.elsevier.com/open-access/agreements,https://www.google.com/search?q=JOURNAL+OF+PEDIATRICS+aims+scope+instructions+for+authors+APC
174,2-Q1且IF小于5,3,ANESTHESIA AND ANALGESIA,ANESTH ANALG,0003-2999,1526-7598,4.7,5.6,Q1,9/72,Q1,Q1,1.73,88.2,217.0,31686.0,ANESTHESIOLOGY,ANESTHESIOLOGY(JIF Q1/JCI Q1),LIPPINCOTT WILLIAMS & WILKINS,Wolters Kluwer/LWW,是,SCIE,混合为主,"订阅路线通常无APC；OA常见 USD 2,000-4,000；MEDICINE已拉黑",中,https://wkauthorservices.editage.com/open-access/,https://www.google.com/search?q=ANESTHESIA+AND+ANALGESIA+aims+scope+instructions+for+authors+APC
175,2-Q1且IF小于5,3,Archives of Medical Science,ARCH MED SCI,1734-1922,1896-9151,3.6,3.3,Q1,64/336,Q1,Q1,0.82,81.1,217.0,5892.0,"MEDICINE, GENERAL & INTERNAL","MEDICINE, GENERAL & INTERNAL(JIF Q1/JCI Q1)",TERMEDIA PUBLISHING HOUSE LTD,其他,是,SCIE,需核实,请查期刊官网 Author / Open Access 页面,未知,,https://www.google.com/search?q=Archives+of+Medical+Science+aims+scope+instructions+for+authors+APC
176,2-Q1且IF小于5,3,JOURNAL OF GASTROINTESTINAL SURGERY,J GASTROINTEST SURG,1091-255X,1873-4626,2.8,2.9,Q1,67/321,Q1,Q1,1.06,79.3,216.0,11899.0,GASTROENTEROLOGY & HEPATOLOGY; SURGERY,GASTROENTEROLOGY & HEPATOLOGY(JIF Q2/JCI Q1) | SURGERY(JIF Q1/JCI Q1),ELSEVIER SCIENCE INC,Elsevier,是,SCIE,混合为主,"订阅路线通常无APC；Gold OA常见 USD 2,200-4,200",中,https://www.elsevier.com/open-access/agreements,https://www.google.com/search?q=JOURNAL+OF+GASTROINTESTINAL+SURGERY+aims+scope+instructions+for+authors+APC
177,2-Q1且IF小于5,3,ORAL ONCOLOGY,ORAL ONCOL,1368-8375,1879-0593,4.0,4.6,Q1,23/165,Q1,Q1,1.06,86.4,215.0,14171.0,"DENTISTRY, ORAL SURGERY & MEDICINE; ONCOLOGY","DENTISTRY, ORAL SURGERY & MEDICINE(JIF Q1/JCI Q2) | ONCOLOGY(JIF Q2/JCI Q1)",ELSEVIER,Elsevier,是,SCIE,混合为主,"订阅路线通常无APC；Gold OA常见 USD 2,200-4,200",中,https://www.elsevier.com/open-access/agreements,https://www.google.com/search?q=ORAL+ONCOLOGY+aims+scope+instructions+for+authors+APC
178,2-Q1且IF小于5,3,AMERICAN JOURNAL OF SPEECH-LANGUAGE PATHOLOGY,AM J SPEECH-LANG PAT,1058-0360,1558-9110,2.5,3.3,Q1,51/312,Q1,Q1,1.29,81.4,215.0,6689.0,AUDIOLOGY & SPEECH-LANGUAGE PATHOLOGY; REHABILITATION,AUDIOLOGY & SPEECH-LANGUAGE PATHOLOGY(JIF Q1/JCI Q1) | REHABILITATION(JIF Q1/JCI Q1),AMER SPEECH-LANGUAGE-HEARING ASSOC,其他,是,"SCIE; SSCI; SCIE, SSCI",需核实,请查期刊官网 Author / Open Access 页面,未知,,https://www.google.com/search?q=AMERICAN+JOURNAL+OF+SPEECH-LANGUAGE+PATHOLOGY+aims+scope+instructions+for+authors+APC
179,2-Q1且IF小于5,3,Environmental Toxicology and Pharmacology,ENVIRON TOXICOL PHAR,1382-6689,1872-7077,4.6,4.5,Q1,23/106,Q1,Q1,1.06,78.8,214.0,11288.0,PHARMACOLOGY & PHARMACY; TOXICOLOGY,PHARMACOLOGY & PHARMACY(JIF Q1/JCI Q1) | TOXICOLOGY(JIF Q1/JCI Q1),ELSEVIER,Elsevier,是,SCIE,混合为主,"订阅路线通常无APC；Gold OA常见 USD 2,200-4,200",中,https://www.elsevier.com/open-access/agreements,https://www.google.com/search?q=Environmental+Toxicology+and+Pharmacology+aims+scope+instructions+for+authors+APC
180,2-Q1且IF小于5,3,PHILOSOPHICAL TRANSACTIONS OF THE ROYAL SOCIETY A-MATHEMATICAL PHYSICAL AND ENGINEERING SCIENCES,PHILOS T R SOC A,1364-503X,1471-2962,3.7,4.8,Q1,32/140,Q1,Q1,0.93,77.5,214.0,29724.0,MULTIDISCIPLINARY SCIENCES,MULTIDISCIPLINARY SCIENCES(JIF Q1/JCI Q1),ROYAL SOC,其他,是,SCIE,需核实,请查期刊官网 Author / Open Access 页面,未知,,https://www.google.com/search?q=PHILOSOPHICAL+TRANSACTIONS+OF+THE+ROYAL+SOCIETY+A-MATHEMATICAL+PHYSICAL+AND+ENGINEERING+SCIENCES+aims+scope+instructions+for+authors+APC
181,2-Q1且IF小于5,3,Hernia,HERNIA,1265-4906,1248-9204,2.7,2.9,Q1,73/321,Q1,Q1,1.14,77.4,210.0,6423.0,SURGERY,SURGERY(JIF Q1/JCI Q1),SPRINGER,Springer,是,SCIE,混合为主,"订阅路线通常无APC；选OA约 USD 2,790-4,290",中,https://www.springer.com/gp/open-access,https://www.google.com/search?q=Hernia+aims+scope+instructions+for+authors+APC
182,2-Q1且IF小于5,3,PEDIATRIC RADIOLOGY,PEDIATR RADIOL,0301-0449,1432-1998,2.5,2.6,Q1,43/190,Q2,Q2,0.84,77.6,210.0,8359.0,"PEDIATRICS; RADIOLOGY, NUCLEAR MEDICINE & MEDICAL IMAGING","PEDIATRICS(JIF Q1/JCI Q2) | RADIOLOGY, NUCLEAR MEDICINE & MEDICAL IMAGING(JIF Q2/JCI Q2)",SPRINGER,Springer,是,SCIE,混合为主,"订阅路线通常无APC；选OA约 USD 2,790-4,290",中,https://www.springer.com/gp/open-access,https://www.google.com/search?q=PEDIATRIC+RADIOLOGY+aims+scope+instructions+for+authors+APC
183,2-Q1且IF小于5,3,ACADEMIC MEDICINE,ACAD MED,1040-2446,1938-808X,4.5,5.8,Q1,11/89,Q1,Q1,1.66,82.7,207.0,24475.0,HEALTH CARE SCIENCES & SERVICES,HEALTH CARE SCIENCES & SERVICES(JIF Q1/JCI Q1),OXFORD UNIV PRESS,Oxford UP,是,SCIE,混合为主,订阅路线通常无APC；可选OA，费用因刊而异,中,https://academic.oup.com/pages/open-research/open-access,https://www.google.com/search?q=ACADEMIC+MEDICINE+aims+scope+instructions+for+authors+APC
184,2-Q1且IF小于5,3,JOURNAL OF PAIN,J PAIN,1526-5900,1528-8447,4.4,4.9,Q1,54/296,Q1,Q1,1.14,81.9,207.0,15525.0,CLINICAL NEUROLOGY; NEUROSCIENCES,CLINICAL NEUROLOGY(JIF Q1/JCI Q1) | NEUROSCIENCES(JIF Q2/JCI Q1),CHURCHILL LIVINGSTONE,Elsevier,是,SCIE,混合为主,"订阅路线通常无APC；Gold OA常见 USD 2,200-4,200",中,https://www.elsevier.com/open-access/agreements,https://www.google.com/search?q=JOURNAL+OF+PAIN+aims+scope+instructions+for+authors+APC
185,2-Q1且IF小于5,3,HEARING RESEARCH,HEARING RES,0378-5955,1878-5891,3.0,3.2,Q1,3/35,Q1,Q1,1.23,92.9,206.0,10766.0,AUDIOLOGY & SPEECH-LANGUAGE PATHOLOGY; NEUROSCIENCES; OTORHINOLARYNGOLOGY,AUDIOLOGY & SPEECH-LANGUAGE PATHOLOGY(JIF Q1/JCI Q1) | NEUROSCIENCES(JIF Q3/JCI Q1) | OTORHINOLARYNGOLOGY(JIF Q1/JCI Q1),ELSEVIER,Elsevier,是,SCIE,混合为主,"订阅路线通常无APC；Gold OA常见 USD 2,200-4,200",中,https://www.elsevier.com/open-access/agreements,https://www.google.com/search?q=HEARING+RESEARCH+aims+scope+instructions+for+authors+APC
186,2-Q1且IF小于5,3,Nursing Open,NURS OPEN,2054-1058,2054-1058,3.1,3.6,Q1,28/194,Q1,Q1,1.1,85.8,204.0,7846.0,NURSING,NURSING(JIF Q1/JCI Q1),WILEY,Wiley,是,"SCIE, SSCI",混合为主,"订阅路线通常无APC；OnlineOpen常见 USD 3,200-4,700",中,https://authorservices.wiley.com/author-resources/Journal-Authors/open-access/article-publication-charges.html,https://www.google.com/search?q=Nursing+Open+aims+scope+instructions+for+authors+APC
187,2-Q1且IF小于5,3,EUROPEAN CHILD & ADOLESCENT PSYCHIATRY,EUR CHILD ADOLES PSY,1018-8827,1435-165X,4.4,6.3,Q1,9/190,Q1,Q1,1.46,95.5,200.0,12876.0,PEDIATRICS; PSYCHIATRY,PEDIATRICS(JIF Q1/JCI Q1) | PSYCHIATRY(JIF Q1/JCI Q1),SPRINGER,Springer,是,"SCIE; SCIE, SSCI; SSCI",混合为主,"订阅路线通常无APC；选OA约 USD 2,790-4,290",中,https://www.springer.com/gp/open-access,https://www.google.com/search?q=EUROPEAN+CHILD+&+ADOLESCENT+PSYCHIATRY+aims+scope+instructions+for+authors+APC
188,2-Q1且IF小于5,3,Harm Reduction Journal,HARM REDUCT J,,1477-7517,4.2,4.6,Q1,5/61,Q1,Q1,1.46,92.6,195.0,5191.0,SUBSTANCE ABUSE,SUBSTANCE ABUSE(JIF Q1/JCI Q1),BMC,BMC,否,SSCI,全OA,"约 USD 1,990-2,890（旗舰刊更高）",高,https://www.biomedcentral.com/getpublished/article-processing-charges,https://www.google.com/search?q=Harm+Reduction+Journal+aims+scope+instructions+for+authors+APC
189,2-Q1且IF小于5,3,HEART,HEART,1355-6037,1468-201X,4.4,5.1,Q1,57/237,Q1,Q1,1.09,76.2,192.0,19455.0,CARDIAC & CARDIOVASCULAR SYSTEMS,CARDIAC & CARDIOVASCULAR SYSTEMS(JIF Q1/JCI Q1),BMJ PUBLISHING GROUP,BMJ,是,SCIE,混合/全OA,"BMJ Open约GBP 2,175；旗舰刊更高",高,https://authors.bmj.com/open-access/,https://www.google.com/search?q=HEART+aims+scope+instructions+for+authors+APC
190,2-Q1且IF小于5,3,Radiation Oncology,RADIAT ONCOL,,1748-717X,3.6,3.9,Q1,51/217,Q2,Q2,0.85,76.7,183.0,9665.0,"ONCOLOGY; RADIOLOGY, NUCLEAR MEDICINE & MEDICAL IMAGING","ONCOLOGY(JIF Q2/JCI Q2) | RADIOLOGY, NUCLEAR MEDICINE & MEDICAL IMAGING(JIF Q1/JCI Q2)",BMC,BMC,是,SCIE,全OA,"约 USD 1,990-2,890（旗舰刊更高）",高,https://www.biomedcentral.com/getpublished/article-processing-charges,https://www.google.com/search?q=Radiation+Oncology+aims+scope+instructions+for+authors+APC
191,2-Q1且IF小于5,3,Tropical Medicine and Health,TROP MED HEALTH,1348-8945,1349-4147,3.9,3.8,Q1,2/27,Q1,Q1,1.26,94.4,179.0,2447.0,TROPICAL MEDICINE,TROPICAL MEDICINE(JIF Q1/JCI Q1),BMC,BMC,是,SCIE,全OA,"约 USD 1,990-2,890（旗舰刊更高）",高,https://www.biomedcentral.com/getpublished/article-processing-charges,https://www.google.com/search?q=Tropical+Medicine+and+Health+aims+scope+instructions+for+authors+APC
192,2-Q1且IF小于5,3,Clinics and Practice,CLINICS PRACT,2039-7275,2039-7283,2.8,2.4,Q1,80/336,Q2,Q2,0.68,76.3,179.0,1997.0,"MEDICINE, GENERAL & INTERNAL","MEDICINE, GENERAL & INTERNAL(JIF Q1/JCI Q2)",MDPI,MDPI,否,ESCI,全OA,"约 CHF 1,600-2,900（如 JCM=CHF 2,600）",高,https://www.mdpi.com/about/apc,https://www.google.com/search?q=Clinics+and+Practice+aims+scope+instructions+for+authors+APC
193,2-Q1且IF小于5,3,BMJ Open Sport & Exercise Medicine,BMJ OPEN SPORT EXERC,,2055-7647,3.2,4.0,Q1,32/136,Q1,Q1,1.0,76.8,174.0,4143.0,SPORT SCIENCES,SPORT SCIENCES(JIF Q1/JCI Q1),BMJ PUBLISHING GROUP,BMJ,否,ESCI,混合/全OA,"BMJ Open约GBP 2,175；旗舰刊更高",高,https://authors.bmj.com/open-access/,https://www.google.com/search?q=BMJ+Open+Sport+&+Exercise+Medicine+aims+scope+instructions+for+authors+APC
194,2-Q1且IF小于5,3,BMC Medical Ethics,BMC MED ETHICS,1472-6939,1472-6939,3.8,4.3,Q1,9/78,Q1,Q1,1.35,88.5,171.0,5317.0,"MEDICAL ETHICS; SOCIAL SCIENCES, BIOMEDICAL","MEDICAL ETHICS(JIF Q1/JCI Q1) | SOCIAL SCIENCES, BIOMEDICAL(JIF Q1/JCI Q1)",BMC,BMC,是,SSCI; SCIE,全OA,"约 USD 1,990-2,890（旗舰刊更高）",高,https://www.biomedcentral.com/getpublished/article-processing-charges,https://www.google.com/search?q=BMC+Medical+Ethics+aims+scope+instructions+for+authors+APC
195,2-Q1且IF小于5,3,TOBACCO CONTROL,TOB CONTROL,0964-4563,1468-3318,3.3,3.8,Q1,12/61,Q1,Q1,1.3,81.1,161.0,8517.0,"PUBLIC, ENVIRONMENTAL & OCCUPATIONAL HEALTH; SUBSTANCE ABUSE","PUBLIC, ENVIRONMENTAL & OCCUPATIONAL HEALTH(JIF Q2/JCI Q1) | SUBSTANCE ABUSE(JIF Q1/JCI Q1)",BMJ PUBLISHING GROUP,BMJ,是,"SCIE, SSCI",混合/全OA,"BMJ Open约GBP 2,175；旗舰刊更高",高,https://authors.bmj.com/open-access/,https://www.google.com/search?q=TOBACCO+CONTROL+aims+scope+instructions+for+authors+APC
196,2-Q1且IF小于5,3,Sci,SCI-BASEL,,2413-4155,4.1,,Q1,28/140,Q2,Q2,0.5,80.4,153.0,957.0,MULTIDISCIPLINARY SCIENCES,MULTIDISCIPLINARY SCIENCES(JIF Q1/JCI Q2),MDPI,MDPI,否,ESCI,全OA,"约 CHF 1,600-2,900（如 JCM=CHF 2,600）",高,https://www.mdpi.com/about/apc,https://www.google.com/search?q=Sci+aims+scope+instructions+for+authors+APC
197,2-Q1且IF小于5,3,Frontiers in Bioinformatics,FRONT BIOINFORM,,2673-7647,3.6,4.3,Q1,13/67,Q1,Q1,0.84,81.3,150.0,1615.0,MATHEMATICAL & COMPUTATIONAL BIOLOGY,MATHEMATICAL & COMPUTATIONAL BIOLOGY(JIF Q1/JCI Q1),FRONTIERS MEDIA SA,Frontiers,否,ESCI,全OA,"约 CHF 1,495-3,150（Frontiers in Medicine A类=CHF 3,150）",高,https://www.frontiersin.org/about/fee-policy,https://www.google.com/search?q=Frontiers+in+Bioinformatics+aims+scope+instructions+for+authors+APC
198,2-Q1且IF小于5,3,Journal of Xenobiotics,J XENOBIOTICS,2039-4705,2039-4713,4.6,5.8,Q1,23/106,Q2,Q2,0.93,78.8,147.0,1615.0,TOXICOLOGY,TOXICOLOGY(JIF Q1/JCI Q2),MDPI,MDPI,否,ESCI,全OA,"约 CHF 1,600-2,900（如 JCM=CHF 2,600）",高,https://www.mdpi.com/about/apc,https://www.google.com/search?q=Journal+of+Xenobiotics+aims+scope+instructions+for+authors+APC
199,2-Q1且IF小于5,3,CANCER IMAGING,CANCER IMAGING,1740-5025,1470-7330,4.8,4.8,Q1,33/217,Q1,Q1,1.1,85.0,146.0,4225.0,"ONCOLOGY; RADIOLOGY, NUCLEAR MEDICINE & MEDICAL IMAGING","ONCOLOGY(JIF Q2/JCI Q1) | RADIOLOGY, NUCLEAR MEDICINE & MEDICAL IMAGING(JIF Q1/JCI Q1)",BMC,BMC,是,SCIE,全OA,"约 USD 1,990-2,890（旗舰刊更高）",高,https://www.biomedcentral.com/getpublished/article-processing-charges,https://www.google.com/search?q=CANCER+IMAGING+aims+scope+instructions+for+authors+APC
200,2-Q1且IF小于5,3,Lupus Science & Medicine,LUPUS SCI MED,2053-8790,2053-8790,4.2,4.3,Q1,13/58,Q1,Q1,1.21,78.4,146.0,2492.0,RHEUMATOLOGY,RHEUMATOLOGY(JIF Q1/JCI Q1),BMJ PUBLISHING GROUP,BMJ,是,SCIE,混合/全OA,"BMJ Open约GBP 2,175；旗舰刊更高",高,https://authors.bmj.com/open-access/,https://www.google.com/search?q=Lupus+Science+&+Medicine+aims+scope+instructions+for+authors+APC
201,2-Q1且IF小于5,3,Scandinavian Journal of Trauma Resuscitation & Emergency Medicine,SCAND J TRAUMA RESUS,1757-7241,1757-7241,3.6,3.8,Q1,10/55,Q1,Q1,1.55,82.7,140.0,4859.0,EMERGENCY MEDICINE,EMERGENCY MEDICINE(JIF Q1/JCI Q1),BMC,BMC,是,SCIE,全OA,"约 USD 1,990-2,890（旗舰刊更高）",高,https://www.biomedcentral.com/getpublished/article-processing-charges,https://www.google.com/search?q=Scandinavian+Journal+of+Trauma+Resuscitation+&+Emergency+Medicine+aims+scope+instructions+for+authors+APC
202,2-Q1且IF小于5,3,Child and Adolescent Psychiatry and Mental Health,CHILD ADOL PSYCH MEN,,1753-2000,4.9,5.4,Q1,6/190,Q1,Q1,1.74,97.1,136.0,4715.0,PEDIATRICS; PSYCHIATRY,PEDIATRICS(JIF Q1/JCI Q1) | PSYCHIATRY(JIF Q1/JCI Q1),BMC,BMC,是,"SCIE; SCIE, SSCI",全OA,"约 USD 1,990-2,890（旗舰刊更高）",高,https://www.biomedcentral.com/getpublished/article-processing-charges,https://www.google.com/search?q=Child+and+Adolescent+Psychiatry+and+Mental+Health+aims+scope+instructions+for+authors+APC
203,2-Q1且IF小于5,3,Health Research Policy and Systems,HEALTH RES POLICY SY,1478-4505,1478-4505,3.8,5.2,Q1,17/125,Q1,Q1,1.18,86.8,132.0,6398.0,HEALTH POLICY & SERVICES,HEALTH POLICY & SERVICES(JIF Q1/JCI Q1),BMC,BMC,否,SSCI,全OA,"约 USD 1,990-2,890（旗舰刊更高）",高,https://www.biomedcentral.com/getpublished/article-processing-charges,https://www.google.com/search?q=Health+Research+Policy+and+Systems+aims+scope+instructions+for+authors+APC
204,2-Q1且IF小于5,3,International Journal of Retina and Vitreous,INT J RETINA VITR,,2056-9920,3.8,3.0,Q1,21/98,Q2,Q2,1.07,79.1,131.0,1729.0,OPHTHALMOLOGY,OPHTHALMOLOGY(JIF Q1/JCI Q2),BMC,BMC,否,ESCI,全OA,"约 USD 1,990-2,890（旗舰刊更高）",高,https://www.biomedcentral.com/getpublished/article-processing-charges,https://www.google.com/search?q=International+Journal+of+Retina+and+Vitreous+aims+scope+instructions+for+authors+APC
205,2-Q1且IF小于5,3,Diagnostic Pathology,DIAGN PATHOL,,1746-1596,3.5,3.0,Q1,22/89,Q2,Q2,1.05,75.8,129.0,6228.0,PATHOLOGY,PATHOLOGY(JIF Q1/JCI Q2),BMC,BMC,是,SCIE,全OA,"约 USD 1,990-2,890（旗舰刊更高）",高,https://www.biomedcentral.com/getpublished/article-processing-charges,https://www.google.com/search?q=Diagnostic+Pathology+aims+scope+instructions+for+authors+APC
206,2-Q1且IF小于5,3,REGIONAL ANESTHESIA AND PAIN MEDICINE,REGION ANESTH PAIN M,1098-7339,1532-8651,4.0,4.6,Q1,12/72,Q1,Q1,1.37,84.0,127.0,8824.0,ANESTHESIOLOGY,ANESTHESIOLOGY(JIF Q1/JCI Q1),BMJ PUBLISHING GROUP,BMJ,是,SCIE,混合/全OA,"BMJ Open约GBP 2,175；旗舰刊更高",高,https://authors.bmj.com/open-access/,https://www.google.com/search?q=REGIONAL+ANESTHESIA+AND+PAIN+MEDICINE+aims+scope+instructions+for+authors+APC
207,2-Q1且IF小于5,3,Frontiers in Rehabilitation Sciences,FRONT REHABIL SCI,,2673-6861,2.5,2.6,Q1,36/175,Q2,Q2,0.88,79.7,127.0,1925.0,REHABILITATION,REHABILITATION(JIF Q1/JCI Q2),FRONTIERS MEDIA SA,Frontiers,否,ESCI,全OA,"约 CHF 1,495-3,150（Frontiers in Medicine A类=CHF 3,150）",高,https://www.frontiersin.org/about/fee-policy,https://www.google.com/search?q=Frontiers+in+Rehabilitation+Sciences+aims+scope+instructions+for+authors+APC
208,2-Q1且IF小于5,3,ARCHIVES OF DISEASE IN CHILDHOOD,ARCH DIS CHILD,0003-9888,1468-2044,3.4,3.6,Q1,23/190,Q1,Q1,1.29,88.2,123.0,13807.0,PEDIATRICS,PEDIATRICS(JIF Q1/JCI Q1),BMJ PUBLISHING GROUP,BMJ,是,SCIE,混合/全OA,"BMJ Open约GBP 2,175；旗舰刊更高",高,https://authors.bmj.com/open-access/,https://www.google.com/search?q=ARCHIVES+OF+DISEASE+IN+CHILDHOOD+aims+scope+instructions+for+authors+APC
209,2-Q1且IF小于5,3,Health and Quality of Life Outcomes,HEALTH QUAL LIFE OUT,,1477-7525,3.9,4.9,Q1,15/125,Q1,Q1,1.16,88.4,118.0,16330.0,HEALTH CARE SCIENCES & SERVICES; HEALTH POLICY & SERVICES,HEALTH CARE SCIENCES & SERVICES(JIF Q1/JCI Q1) | HEALTH POLICY & SERVICES(JIF Q1/JCI Q1),BMC,BMC,是,SCIE; SSCI,全OA,"约 USD 1,990-2,890（旗舰刊更高）",高,https://www.biomedcentral.com/getpublished/article-processing-charges,https://www.google.com/search?q=Health+and+Quality+of+Life+Outcomes+aims+scope+instructions+for+authors+APC
210,2-Q1且IF小于5,3,JOURNAL OF EPIDEMIOLOGY AND COMMUNITY HEALTH,J EPIDEMIOL COMMUN H,0143-005X,1470-2738,3.4,4.4,Q1,101/443,Q1,Q1,1.09,77.3,117.0,16143.0,"PUBLIC, ENVIRONMENTAL & OCCUPATIONAL HEALTH","PUBLIC, ENVIRONMENTAL & OCCUPATIONAL HEALTH(JIF Q1/JCI Q1)",BMJ PUBLISHING GROUP,BMJ,是,"SCIE, SSCI",混合/全OA,"BMJ Open约GBP 2,175；旗舰刊更高",高,https://authors.bmj.com/open-access/,https://www.google.com/search?q=JOURNAL+OF+EPIDEMIOLOGY+AND+COMMUNITY+HEALTH+aims+scope+instructions+for+authors+APC
211,2-Q1且IF小于5,3,TRANSPLANT INTERNATIONAL,TRANSPL INT,0934-0874,1432-2277,3.6,3.3,Q1,43/321,Q1,Q1,1.23,86.8,112.0,6430.0,SURGERY; TRANSPLANTATION,SURGERY(JIF Q1/JCI Q1) | TRANSPLANTATION(JIF Q2/JCI Q1),FRONTIERS MEDIA SA,Frontiers,是,SCIE,全OA,"约 CHF 1,495-3,150（Frontiers in Medicine A类=CHF 3,150）",高,https://www.frontiersin.org/about/fee-policy,https://www.google.com/search?q=TRANSPLANT+INTERNATIONAL+aims+scope+instructions+for+authors+APC
212,2-Q1且IF小于5,3,JOURNAL OF MEDICAL ETHICS,J MED ETHICS,0306-6800,1473-4257,4.4,3.7,Q1,3/48,Q1,Q1,1.3,94.8,105.0,6753.0,"MEDICAL ETHICS; SOCIAL SCIENCES, BIOMEDICAL","MEDICAL ETHICS(JIF Q1/JCI Q2) | SOCIAL SCIENCES, BIOMEDICAL(JIF Q1/JCI Q1)",BMJ PUBLISHING GROUP,BMJ,是,SSCI; SCIE,混合/全OA,"BMJ Open约GBP 2,175；旗舰刊更高",高,https://authors.bmj.com/open-access/,https://www.google.com/search?q=JOURNAL+OF+MEDICAL+ETHICS+aims+scope+instructions+for+authors+APC
213,2-Q1且IF小于5,2,International Journal of Sports Physiology and Performance,INT J SPORT PHYSIOL,1555-0265,1555-0273,3.3,4.3,Q1,30/136,Q1,Q1,1.58,78.3,198.0,11397.0,SPORT SCIENCES,SPORT SCIENCES(JIF Q1/JCI Q1),HUMAN KINETICS PUBL INC,其他,是,SCIE,需核实,请查期刊官网 Author / Open Access 页面,未知,,https://www.google.com/search?q=International+Journal+of+Sports+Physiology+and+Performance+aims+scope+instructions+for+authors+APC
214,2-Q1且IF小于5,2,Transplantation and Cellular Therapy,TRANSPL CELL THER,2666-6375,2666-6367,4.7,4.3,Q1,6/30,Q1,Q1,1.22,81.7,195.0,5391.0,HEMATOLOGY; IMMUNOLOGY; TRANSPLANTATION,HEMATOLOGY(JIF Q1/JCI Q1) | IMMUNOLOGY(JIF Q2/JCI Q1) | TRANSPLANTATION(JIF Q1/JCI Q1),ELSEVIER SCIENCE INC,Elsevier,是,SCIE,混合为主,"订阅路线通常无APC；Gold OA常见 USD 2,200-4,200",中,https://www.elsevier.com/open-access/agreements,https://www.google.com/search?q=Transplantation+and+Cellular+Therapy+aims+scope+instructions+for+authors+APC
215,2-Q1且IF小于5,2,BJU INTERNATIONAL,BJU INT,1464-4096,1464-410X,4.1,4.4,Q1,21/134,Q1,Q1,1.19,84.7,193.0,17983.0,UROLOGY & NEPHROLOGY,UROLOGY & NEPHROLOGY(JIF Q1/JCI Q1),WILEY,Wiley,是,SCIE,混合为主,"订阅路线通常无APC；OnlineOpen常见 USD 3,200-4,700",中,https://authorservices.wiley.com/author-resources/Journal-Authors/open-access/article-publication-charges.html,https://www.google.com/search?q=BJU+INTERNATIONAL+aims+scope+instructions+for+authors+APC
216,2-Q1且IF小于5,2,HEALTH PROMOTION INTERNATIONAL,HEALTH PROMOT INT,0957-4824,1460-2245,3.6,3.3,Q1,20/125,Q2,Q2,0.9,84.4,193.0,7396.0,"HEALTH POLICY & SERVICES; PUBLIC, ENVIRONMENTAL & OCCUPATIONAL HEALTH","HEALTH POLICY & SERVICES(JIF Q1/JCI Q2) | PUBLIC, ENVIRONMENTAL & OCCUPATIONAL HEALTH(JIF Q1/JCI Q2)",OXFORD UNIV PRESS,Oxford UP,是,"SSCI; SCIE, SSCI",混合为主,订阅路线通常无APC；可选OA，费用因刊而异,中,https://academic.oup.com/pages/open-research/open-access,https://www.google.com/search?q=HEALTH+PROMOTION+INTERNATIONAL+aims+scope+instructions+for+authors+APC
217,2-Q1且IF小于5,2,Journal of Hospital Infection,J HOSP INFECT,0195-6701,1532-2939,3.4,3.4,Q1,101/443,Q2,Q2,0.9,77.3,193.0,10307.0,"INFECTIOUS DISEASES; PUBLIC, ENVIRONMENTAL & OCCUPATIONAL HEALTH","INFECTIOUS DISEASES(JIF Q2/JCI Q2) | PUBLIC, ENVIRONMENTAL & OCCUPATIONAL HEALTH(JIF Q1/JCI Q2)",W B SAUNDERS CO LTD,Elsevier,是,SCIE,混合为主,"订阅路线通常无APC；Gold OA常见 USD 2,200-4,200",中,https://www.elsevier.com/open-access/agreements,https://www.google.com/search?q=Journal+of+Hospital+Infection+aims+scope+instructions+for+authors+APC
218,2-Q1且IF小于5,2,AMERICAN JOURNAL OF PHYSIOLOGY-HEART AND CIRCULATORY PHYSIOLOGY,AM J PHYSIOL-HEART C,0363-6135,1522-1539,3.9,4.5,Q1,19/89,Q1,Q1,1.12,76.5,192.0,26449.0,CARDIAC & CARDIOVASCULAR SYSTEMS; PERIPHERAL VASCULAR DISEASE,CARDIAC & CARDIOVASCULAR SYSTEMS(JIF Q2/JCI Q1) | PERIPHERAL VASCULAR DISEASE(JIF Q1/JCI Q1),AMER PHYSIOLOGICAL SOC,其他,是,SCIE,需核实,请查期刊官网 Author / Open Access 页面,未知,,https://www.google.com/search?q=AMERICAN+JOURNAL+OF+PHYSIOLOGY-HEART+AND+CIRCULATORY+PHYSIOLOGY+aims+scope+instructions+for+authors+APC
219,2-Q1且IF小于5,2,INTERNATIONAL JOURNAL OF EATING DISORDERS,INT J EAT DISORDER,0276-3478,1098-108X,4.7,5.4,Q1,16/184,Q1,Q1,1.25,91.6,191.0,14790.0,"NUTRITION & DIETETICS; PSYCHIATRY; PSYCHOLOGY, CLINICAL","NUTRITION & DIETETICS(JIF Q2/JCI Q1) | PSYCHIATRY(JIF Q1/JCI Q1) | PSYCHOLOGY, CLINICAL(JIF Q1/JCI Q1)",WILEY,Wiley,是,"SCIE; SCIE, SSCI; SSCI",混合为主,"订阅路线通常无APC；OnlineOpen常见 USD 3,200-4,700",中,https://authorservices.wiley.com/author-resources/Journal-Authors/open-access/article-publication-charges.html,https://www.google.com/search?q=INTERNATIONAL+JOURNAL+OF+EATING+DISORDERS+aims+scope+instructions+for+authors+APC
220,2-Q1且IF小于5,2,JMIR Public Health and Surveillance,JMIR PUBLIC HLTH SUR,2369-2960,2369-2960,4.4,4.3,Q1,60/443,Q1,Q1,1.29,86.6,191.0,6077.0,"PUBLIC, ENVIRONMENTAL & OCCUPATIONAL HEALTH","PUBLIC, ENVIRONMENTAL & OCCUPATIONAL HEALTH(JIF Q1/JCI Q1)","JMIR PUBLICATIONS, INC",其他,是,"SCIE, SSCI",需核实,请查期刊官网 Author / Open Access 页面,未知,,https://www.google.com/search?q=JMIR+Public+Health+and+Surveillance+aims+scope+instructions+for+authors+APC
221,2-Q1且IF小于5,2,Journal of Sexual Medicine,J SEX MED,1743-6095,1743-6109,3.6,3.8,Q1,28/134,Q1,Q1,0.95,79.5,191.0,13727.0,UROLOGY & NEPHROLOGY,UROLOGY & NEPHROLOGY(JIF Q1/JCI Q1),OXFORD UNIV PRESS,Oxford UP,是,SCIE,混合为主,订阅路线通常无APC；可选OA，费用因刊而异,中,https://academic.oup.com/pages/open-research/open-access,https://www.google.com/search?q=Journal+of+Sexual+Medicine+aims+scope+instructions+for+authors+APC
222,2-Q1且IF小于5,2,China CDC Weekly,CHINA CDC WEEKLY,2096-7071,2097-3101,3.5,4.1,Q1,96/443,Q2,Q2,0.8,78.4,191.0,3308.0,"PUBLIC, ENVIRONMENTAL & OCCUPATIONAL HEALTH","PUBLIC, ENVIRONMENTAL & OCCUPATIONAL HEALTH(JIF Q1/JCI Q2)",Chinese Center for Disease Control and Prevention,其他,是,"SCIE, SSCI",需核实,请查期刊官网 Author / Open Access 页面,未知,,https://www.google.com/search?q=China+CDC+Weekly+aims+scope+instructions+for+authors+APC
223,2-Q1且IF小于5,2,Mindfulness,MINDFULNESS,1868-8527,1868-8535,4.1,4.9,Q1,25/184,Q1,Q1,1.14,86.7,190.0,11953.0,"PSYCHIATRY; PSYCHOLOGY, CLINICAL","PSYCHIATRY(JIF Q1/JCI Q1) | PSYCHOLOGY, CLINICAL(JIF Q1/JCI Q1)",SPRINGER,Springer,否,SSCI,混合为主,"订阅路线通常无APC；选OA约 USD 2,790-4,290",中,https://www.springer.com/gp/open-access,https://www.google.com/search?q=Mindfulness+aims+scope+instructions+for+authors+APC
224,2-Q1且IF小于5,2,JOURNAL OF PAIN AND SYMPTOM MANAGEMENT,J PAIN SYMPTOM MANAG,0885-3924,1873-6513,4.0,4.3,Q1,57/336,Q1,Q1,1.03,83.2,188.0,16803.0,"CLINICAL NEUROLOGY; HEALTH CARE SCIENCES & SERVICES; MEDICINE, GENERAL & INTERNAL","CLINICAL NEUROLOGY(JIF Q1/JCI Q1) | HEALTH CARE SCIENCES & SERVICES(JIF Q1/JCI Q2) | MEDICINE, GENERAL & INTERNAL(JIF Q1/JCI Q1)",ELSEVIER SCIENCE INC,Elsevier,是,SCIE,混合为主,"订阅路线通常无APC；Gold OA常见 USD 2,200-4,200",中,https://www.elsevier.com/open-access/agreements,https://www.google.com/search?q=JOURNAL+OF+PAIN+AND+SYMPTOM+MANAGEMENT+aims+scope+instructions+for+authors+APC
225,2-Q1且IF小于5,2,Endoscopy International Open,ENDOSC INT OPEN,2364-3722,2196-9736,2.9,2.9,Q1,63/321,Q2,Q2,0.85,80.5,188.0,4752.0,GASTROENTEROLOGY & HEPATOLOGY; SURGERY,GASTROENTEROLOGY & HEPATOLOGY(JIF Q2/JCI Q2) | SURGERY(JIF Q1/JCI Q2),GEORG THIEME VERLAG KG,Thieme,否,ESCI,混合为主,订阅路线通常无APC；OA另计,中低,https://www.thieme.com/en-us/open-access,https://www.google.com/search?q=Endoscopy+International+Open+aims+scope+instructions+for+authors+APC
226,2-Q1且IF小于5,2,INTERNATIONAL JOURNAL OF COLORECTAL DISEASE,INT J COLORECTAL DIS,0179-1958,1432-1262,2.9,2.9,Q1,63/321,Q2,Q2,0.83,80.5,187.0,8582.0,GASTROENTEROLOGY & HEPATOLOGY; SURGERY,GASTROENTEROLOGY & HEPATOLOGY(JIF Q2/JCI Q2) | SURGERY(JIF Q1/JCI Q2),SPRINGER,Springer,是,SCIE,混合为主,"订阅路线通常无APC；选OA约 USD 2,790-4,290",中,https://www.springer.com/gp/open-access,https://www.google.com/search?q=INTERNATIONAL+JOURNAL+OF+COLORECTAL+DISEASE+aims+scope+instructions+for+authors+APC
227,2-Q1且IF小于5,2,Neuro-Oncology Advances,NEURO-ONCOL ADV,,2632-2498,4.6,4.4,Q1,48/296,Q2,Q2,0.98,84.0,186.0,4099.0,CLINICAL NEUROLOGY; ONCOLOGY,CLINICAL NEUROLOGY(JIF Q1/JCI Q2) | ONCOLOGY(JIF Q2/JCI Q2),OXFORD UNIV PRESS,Oxford UP,否,ESCI,混合为主,订阅路线通常无APC；可选OA，费用因刊而异,中,https://academic.oup.com/pages/open-research/open-access,https://www.google.com/search?q=Neuro-Oncology+Advances+aims+scope+instructions+for+authors+APC
228,2-Q1且IF小于5,2,SAGE Open Nursing,SAGE OPEN NURS,2377-9608,2377-9608,2.9,3.2,Q1,33/194,Q1,Q1,1.15,83.2,186.0,2739.0,NURSING,NURSING(JIF Q1/JCI Q1),SAGE PUBLICATIONS INC,SAGE,否,ESCI,混合为主,"订阅路线通常无APC；SAGE Choice常见 USD 2,000-4,000",中,https://us.sagepub.com/en-us/nam/sage-choice,https://www.google.com/search?q=SAGE+Open+Nursing+aims+scope+instructions+for+authors+APC
229,2-Q1且IF小于5,2,REPRODUCTIVE BIOMEDICINE ONLINE,REPROD BIOMED ONLINE,1472-6483,1472-6491,3.9,4.1,Q1,18/143,Q1,Q1,1.31,87.8,185.0,11540.0,OBSTETRICS & GYNECOLOGY; REPRODUCTIVE BIOLOGY,OBSTETRICS & GYNECOLOGY(JIF Q1/JCI Q1) | REPRODUCTIVE BIOLOGY(JIF Q1/JCI Q1),ELSEVIER SCI LTD,Elsevier,是,SCIE,混合为主,"订阅路线通常无APC；Gold OA常见 USD 2,200-4,200",中,https://www.elsevier.com/open-access/agreements,https://www.google.com/search?q=REPRODUCTIVE+BIOMEDICINE+ONLINE+aims+scope+instructions+for+authors+APC
230,2-Q1且IF小于5,2,ORAL DISEASES,ORAL DIS,1354-523X,1601-0825,3.1,3.6,Q1,41/165,Q2,Q2,1.02,75.5,185.0,10518.0,"DENTISTRY, ORAL SURGERY & MEDICINE","DENTISTRY, ORAL SURGERY & MEDICINE(JIF Q1/JCI Q2)",WILEY,Wiley,是,SCIE,混合为主,"订阅路线通常无APC；OnlineOpen常见 USD 3,200-4,700",中,https://authorservices.wiley.com/author-resources/Journal-Authors/open-access/article-publication-charges.html,https://www.google.com/search?q=ORAL+DISEASES+aims+scope+instructions+for+authors+APC
231,2-Q1且IF小于5,2,JOURNAL OF THE AMERICAN ACADEMY OF ORTHOPAEDIC SURGEONS,J AM ACAD ORTHOP SUR,1067-151X,1940-5480,2.9,3.4,Q1,63/321,Q1,Q1,1.16,80.5,185.0,12038.0,ORTHOPEDICS; SURGERY,ORTHOPEDICS(JIF Q1/JCI Q1) | SURGERY(JIF Q1/JCI Q1),LIPPINCOTT WILLIAMS & WILKINS,Wolters Kluwer/LWW,是,SCIE,混合为主,"订阅路线通常无APC；OA常见 USD 2,000-4,000；MEDICINE已拉黑",中,https://wkauthorservices.editage.com/open-access/,https://www.google.com/search?q=JOURNAL+OF+THE+AMERICAN+ACADEMY+OF+ORTHOPAEDIC+SURGEONS+aims+scope+instructions+for+authors+APC
232,2-Q1且IF小于5,2,RISK ANALYSIS,RISK ANAL,0272-4332,1539-6924,4.0,4.3,Q1,16/137,Q1,Q1,1.17,82.3,184.0,13395.0,"PUBLIC, ENVIRONMENTAL & OCCUPATIONAL HEALTH","PUBLIC, ENVIRONMENTAL & OCCUPATIONAL HEALTH(JIF Q1/JCI Q1)",WILEY,Wiley,是,SCIE; SSCI,混合为主,"订阅路线通常无APC；OnlineOpen常见 USD 3,200-4,700",中,https://authorservices.wiley.com/author-resources/Journal-Authors/open-access/article-publication-charges.html,https://www.google.com/search?q=RISK+ANALYSIS+aims+scope+instructions+for+authors+APC
233,2-Q1且IF小于5,2,NeuroImage-Clinical,NEUROIMAGE-CLIN,2213-1582,2213-1582,4.2,4.6,Q1,4/18,Q1,Q1,1.07,80.6,183.0,16320.0,NEUROIMAGING,NEUROIMAGING(JIF Q1/JCI Q1),ELSEVIER SCI LTD,Elsevier,是,SCIE,混合为主,"订阅路线通常无APC；Gold OA常见 USD 2,200-4,200",中,https://www.elsevier.com/open-access/agreements,https://www.google.com/search?q=NeuroImage-Clinical+aims+scope+instructions+for+authors+APC
234,2-Q1且IF小于5,2,Journal of PeriAnesthesia Nursing,J PERIANESTH NURS,1089-9472,1532-8473,2.6,2.6,Q1,44/194,Q2,Q2,0.9,77.6,183.0,2693.0,NURSING,NURSING(JIF Q1/JCI Q2),ELSEVIER SCIENCE INC,Elsevier,是,"SCIE, SSCI",混合为主,"订阅路线通常无APC；Gold OA常见 USD 2,200-4,200",中,https://www.elsevier.com/open-access/agreements,https://www.google.com/search?q=Journal+of+PeriAnesthesia+Nursing+aims+scope+instructions+for+authors+APC
235,2-Q1且IF小于5,2,Aesthetic Surgery Journal,AESTHET SURG J,1090-820X,1527-330X,4.2,3.8,Q1,30/321,Q1,Q1,1.68,90.8,182.0,8899.0,SURGERY,SURGERY(JIF Q1/JCI Q1),OXFORD UNIV PRESS INC,Oxford UP,是,SCIE,混合为主,订阅路线通常无APC；可选OA，费用因刊而异,中,https://academic.oup.com/pages/open-research/open-access,https://www.google.com/search?q=Aesthetic+Surgery+Journal+aims+scope+instructions+for+authors+APC
236,2-Q1且IF小于5,2,Womens Health,WOMENS HEALTH,1745-5057,1745-5065,3.3,3.7,Q1,29/143,Q1,Q1,1.03,80.1,182.0,3700.0,OBSTETRICS & GYNECOLOGY,OBSTETRICS & GYNECOLOGY(JIF Q1/JCI Q1),SAGE PUBLICATIONS LTD,SAGE,否,ESCI,混合为主,"订阅路线通常无APC；SAGE Choice常见 USD 2,000-4,000",中,https://us.sagepub.com/en-us/nam/sage-choice,https://www.google.com/search?q=Womens+Health+aims+scope+instructions+for+authors+APC
237,2-Q1且IF小于5,2,HEALTH POLICY,HEALTH POLICY,0168-8510,1872-6054,4.7,4.1,Q1,9/125,Q1,Q1,1.36,93.2,178.0,9762.0,HEALTH CARE SCIENCES & SERVICES; HEALTH POLICY & SERVICES,HEALTH CARE SCIENCES & SERVICES(JIF Q1/JCI Q1) | HEALTH POLICY & SERVICES(JIF Q1/JCI Q1),ELSEVIER IRELAND LTD,Elsevier,是,SCIE; SSCI,混合为主,"订阅路线通常无APC；Gold OA常见 USD 2,200-4,200",中,https://www.elsevier.com/open-access/agreements,https://www.google.com/search?q=HEALTH+POLICY+aims+scope+instructions+for+authors+APC
238,2-Q1且IF小于5,2,Bone & Joint Open,BONE JOINT OPEN,2633-1462,2633-1462,3.3,3.2,Q1,28/147,Q1,Q1,1.29,81.3,178.0,2048.0,ORTHOPEDICS,ORTHOPEDICS(JIF Q1/JCI Q1),BRITISH EDITORIAL SOC BONE & JOINT SURGERY,其他,否,ESCI,需核实,请查期刊官网 Author / Open Access 页面,未知,,https://www.google.com/search?q=Bone+&+Joint+Open+aims+scope+instructions+for+authors+APC
239,2-Q1且IF小于5,2,Journal of Esthetic and Restorative Dentistry,J ESTHET RESTOR DENT,1496-4155,1708-8240,4.6,5.1,Q1,17/165,Q1,Q1,1.42,90.0,177.0,6486.0,"DENTISTRY, ORAL SURGERY & MEDICINE","DENTISTRY, ORAL SURGERY & MEDICINE(JIF Q1/JCI Q1)",WILEY,Wiley,是,SCIE,混合为主,"订阅路线通常无APC；OnlineOpen常见 USD 3,200-4,700",中,https://authorservices.wiley.com/author-resources/Journal-Authors/open-access/article-publication-charges.html,https://www.google.com/search?q=Journal+of+Esthetic+and+Restorative+Dentistry+aims+scope+instructions+for+authors+APC
240,2-Q1且IF小于5,2,QUALITY OF LIFE RESEARCH,QUAL LIFE RES,0962-9343,1573-2649,3.4,4.3,Q1,23/125,Q1,Q1,0.98,82.0,177.0,23835.0,"HEALTH CARE SCIENCES & SERVICES; HEALTH POLICY & SERVICES; PUBLIC, ENVIRONMENTAL & OCCUPATIONAL HEALTH","HEALTH CARE SCIENCES & SERVICES(JIF Q2/JCI Q2) | HEALTH POLICY & SERVICES(JIF Q1/JCI Q2) | PUBLIC, ENVIRONMENTAL & OCCUPATIONAL HEALTH(JIF Q1/JCI Q1)",SPRINGER,Springer,是,"SCIE; SSCI; SCIE, SSCI",混合为主,"订阅路线通常无APC；选OA约 USD 2,790-4,290",中,https://www.springer.com/gp/open-access,https://www.google.com/search?q=QUALITY+OF+LIFE+RESEARCH+aims+scope+instructions+for+authors+APC
241,2-Q1且IF小于5,2,JOURNAL OF MEDICAL ECONOMICS,J MED ECON,1369-6998,1941-837X,3.1,2.9,Q1,71/336,Q1,Q1,1.01,79.0,177.0,4043.0,"HEALTH CARE SCIENCES & SERVICES; MEDICINE, GENERAL & INTERNAL","HEALTH CARE SCIENCES & SERVICES(JIF Q2/JCI Q2) | MEDICINE, GENERAL & INTERNAL(JIF Q1/JCI Q1)",TAYLOR & FRANCIS LTD,Taylor & Francis,是,SCIE,混合为主,"订阅路线通常无APC；Open Select常见 USD 2,500-3,500",中,https://authorservices.taylorandfrancis.com/publishing-open-access/,https://www.google.com/search?q=JOURNAL+OF+MEDICAL+ECONOMICS+aims+scope+instructions+for+authors+APC
242,2-Q1且IF小于5,2,ANNALS OF EPIDEMIOLOGY,ANN EPIDEMIOL,1047-2797,1873-2585,3.6,3.5,Q1,93/443,Q2,Q2,0.79,79.1,176.0,8401.0,"PUBLIC, ENVIRONMENTAL & OCCUPATIONAL HEALTH","PUBLIC, ENVIRONMENTAL & OCCUPATIONAL HEALTH(JIF Q1/JCI Q2)",ELSEVIER SCIENCE INC,Elsevier,是,SCIE,混合为主,"订阅路线通常无APC；Gold OA常见 USD 2,200-4,200",中,https://www.elsevier.com/open-access/agreements,https://www.google.com/search?q=ANNALS+OF+EPIDEMIOLOGY+aims+scope+instructions+for+authors+APC
243,2-Q1且IF小于5,2,Kidney Medicine,KIDNEY MED,2590-0595,2590-0595,4.1,4.3,Q1,21/134,Q1,Q1,1.14,84.7,175.0,2606.0,UROLOGY & NEPHROLOGY,UROLOGY & NEPHROLOGY(JIF Q1/JCI Q1),ELSEVIER,Elsevier,否,ESCI,混合为主,"订阅路线通常无APC；Gold OA常见 USD 2,200-4,200",中,https://www.elsevier.com/open-access/agreements,https://www.google.com/search?q=Kidney+Medicine+aims+scope+instructions+for+authors+APC
244,2-Q1且IF小于5,2,QUALITATIVE HEALTH RESEARCH,QUAL HEALTH RES,1049-7323,1552-7557,3.1,4.2,Q1,28/275,Q2,Q1,0.98,80.2,175.0,20150.0,"SOCIAL SCIENCES, BIOMEDICAL","SOCIAL SCIENCES, BIOMEDICAL(JIF Q1/JCI Q2)",SAGE PUBLICATIONS INC,SAGE,否,SSCI,混合为主,"订阅路线通常无APC；SAGE Choice常见 USD 2,000-4,000",中,https://us.sagepub.com/en-us/nam/sage-choice,https://www.google.com/search?q=QUALITATIVE+HEALTH+RESEARCH+aims+scope+instructions+for+authors+APC
245,2-Q1且IF小于5,2,Bone & Joint Journal,BONE JOINT J,2049-4394,2049-4394,4.8,5.1,Q1,24/321,Q1,Q1,1.98,92.7,174.0,12895.0,ORTHOPEDICS; SURGERY,ORTHOPEDICS(JIF Q1/JCI Q1) | SURGERY(JIF Q1/JCI Q1),BRITISH EDITORIAL SOC BONE & JOINT SURGERY,其他,是,SCIE,需核实,请查期刊官网 Author / Open Access 页面,未知,,https://www.google.com/search?q=Bone+&+Joint+Journal+aims+scope+instructions+for+authors+APC
246,2-Q1且IF小于5,2,PSYCHOLOGY OF SPORT AND EXERCISE,PSYCHOL SPORT EXERC,1469-0292,1878-5476,3.9,4.6,Q1,13/93,Q1,Q1,1.15,84.9,174.0,11478.0,SPORT SCIENCES,SPORT SCIENCES(JIF Q1/JCI Q1),ELSEVIER,Elsevier,是,SSCI; SCIE,混合为主,"订阅路线通常无APC；Gold OA常见 USD 2,200-4,200",中,https://www.elsevier.com/open-access/agreements,https://www.google.com/search?q=PSYCHOLOGY+OF+SPORT+AND+EXERCISE+aims+scope+instructions+for+authors+APC
247,2-Q1且IF小于5,2,Research in Developmental Disabilities,RES DEV DISABIL,0891-4222,1873-3379,2.9,3.5,Q1,4/62,Q1,Q1,1.89,85.4,174.0,11114.0,REHABILITATION,REHABILITATION(JIF Q1/JCI Q1),PERGAMON-ELSEVIER SCIENCE LTD,Elsevier,否,SSCI,混合为主,"订阅路线通常无APC；Gold OA常见 USD 2,200-4,200",中,https://www.elsevier.com/open-access/agreements,https://www.google.com/search?q=Research+in+Developmental+Disabilities+aims+scope+instructions+for+authors+APC
248,2-Q1且IF小于5,2,Asian Journal of Psychiatry,ASIAN J PSYCHIATR,1876-2018,1876-2026,4.9,4.8,Q1,44/293,Q1,Q1,1.05,85.2,173.0,7765.0,PSYCHIATRY,PSYCHIATRY(JIF Q1/JCI Q1),ELSEVIER,Elsevier,是,SCIE,混合为主,"订阅路线通常无APC；Gold OA常见 USD 2,200-4,200",中,https://www.elsevier.com/open-access/agreements,https://www.google.com/search?q=Asian+Journal+of+Psychiatry+aims+scope+instructions+for+authors+APC
249,2-Q1且IF小于5,2,Plant Genome,PLANT GENOME-US,,1940-3372,4.3,4.5,Q1,54/285,Q1,Q1,1.0,77.9,173.0,4231.0,GENETICS & HEREDITY,GENETICS & HEREDITY(JIF Q1/JCI Q1),WILEY,Wiley,是,SCIE,混合为主,"订阅路线通常无APC；OnlineOpen常见 USD 3,200-4,700",中,https://authorservices.wiley.com/author-resources/Journal-Authors/open-access/article-publication-charges.html,https://www.google.com/search?q=Plant+Genome+aims+scope+instructions+for+authors+APC
250,2-Q1且IF小于5,2,MEDICAL TEACHER,MED TEACH,0142-159X,1466-187X,4.0,5.2,Q1,13/89,Q1,Q1,1.5,78.6,173.0,15537.0,HEALTH CARE SCIENCES & SERVICES,HEALTH CARE SCIENCES & SERVICES(JIF Q1/JCI Q1),TAYLOR & FRANCIS LTD,Taylor & Francis,是,SCIE,混合为主,"订阅路线通常无APC；Open Select常见 USD 2,500-3,500",中,https://authorservices.taylorandfrancis.com/publishing-open-access/,https://www.google.com/search?q=MEDICAL+TEACHER+aims+scope+instructions+for+authors+APC
251,2-Q1且IF小于5,2,ACTA OBSTETRICIA ET GYNECOLOGICA SCANDINAVICA,ACTA OBSTET GYN SCAN,0001-6349,1600-0412,3.5,3.7,Q1,25/143,Q1,Q1,1.18,82.9,173.0,10938.0,OBSTETRICS & GYNECOLOGY,OBSTETRICS & GYNECOLOGY(JIF Q1/JCI Q1),WILEY,Wiley,是,SCIE,混合为主,"订阅路线通常无APC；OnlineOpen常见 USD 3,200-4,700",中,https://authorservices.wiley.com/author-resources/Journal-Authors/open-access/article-publication-charges.html,https://www.google.com/search?q=ACTA+OBSTETRICIA+ET+GYNECOLOGICA+SCANDINAVICA+aims+scope+instructions+for+authors+APC
252,2-Q1且IF小于5,2,Health Affairs Scholar,HLTH AFF SCH,,2976-5390,4.1,4.1,Q1,12/125,Q1,Q1,1.2,90.8,172.0,1045.0,HEALTH CARE SCIENCES & SERVICES; HEALTH POLICY & SERVICES,HEALTH CARE SCIENCES & SERVICES(JIF Q1/JCI Q1) | HEALTH POLICY & SERVICES(JIF Q1/JCI Q1),OXFORD UNIV PRESS,Oxford UP,否,ESCI,混合为主,订阅路线通常无APC；可选OA，费用因刊而异,中,https://academic.oup.com/pages/open-research/open-access,https://www.google.com/search?q=Health+Affairs+Scholar+aims+scope+instructions+for+authors+APC
253,2-Q1且IF小于5,2,EUROPEAN ARCHIVES OF PSYCHIATRY AND CLINICAL NEUROSCIENCE,EUR ARCH PSY CLIN N,0940-1334,1433-8491,3.9,4.3,Q1,71/293,Q1,Q1,1.05,75.9,172.0,7120.0,CLINICAL NEUROLOGY; PSYCHIATRY,CLINICAL NEUROLOGY(JIF Q2/JCI Q1) | PSYCHIATRY(JIF Q1/JCI Q1),SPRINGER HEIDELBERG,Springer,是,SCIE,混合为主,"订阅路线通常无APC；选OA约 USD 2,790-4,290",中,https://www.springer.com/gp/open-access,https://www.google.com/search?q=EUROPEAN+ARCHIVES+OF+PSYCHIATRY+AND+CLINICAL+NEUROSCIENCE+aims+scope+instructions+for+authors+APC
254,2-Q1且IF小于5,2,Australian Critical Care,AUST CRIT CARE,1036-7314,1878-1721,3.6,3.6,Q1,20/194,Q1,Q1,1.19,89.9,171.0,3109.0,CRITICAL CARE MEDICINE; NURSING,CRITICAL CARE MEDICINE(JIF Q2/JCI Q1) | NURSING(JIF Q1/JCI Q1),ELSEVIER SCIENCE INC,Elsevier,是,"SCIE; SCIE, SSCI",混合为主,"订阅路线通常无APC；Gold OA常见 USD 2,200-4,200",中,https://www.elsevier.com/open-access/agreements,https://www.google.com/search?q=Australian+Critical+Care+aims+scope+instructions+for+authors+APC
255,2-Q1且IF小于5,2,Ophthalmology and Therapy,OPHTHALMOL THER,2193-8245,2193-6528,4.2,4.0,Q1,18/98,Q1,Q1,1.3,82.1,169.0,3724.0,OPHTHALMOLOGY,OPHTHALMOLOGY(JIF Q1/JCI Q1),SPRINGER INT PUBL AG,Springer,是,SCIE,混合为主,"订阅路线通常无APC；选OA约 USD 2,790-4,290",中,https://www.springer.com/gp/open-access,https://www.google.com/search?q=Ophthalmology+and+Therapy+aims+scope+instructions+for+authors+APC
256,2-Q1且IF小于5,2,TRANSPLANTATION,TRANSPLANTATION,0041-1337,1534-6080,4.9,4.6,Q1,20/321,Q1,Q1,1.57,93.9,168.0,23011.0,IMMUNOLOGY; SURGERY; TRANSPLANTATION,IMMUNOLOGY(JIF Q2/JCI Q1) | SURGERY(JIF Q1/JCI Q1) | TRANSPLANTATION(JIF Q1/JCI Q1),LIPPINCOTT WILLIAMS & WILKINS,Wolters Kluwer/LWW,是,SCIE,混合为主,"订阅路线通常无APC；OA常见 USD 2,000-4,000；MEDICINE已拉黑",中,https://wkauthorservices.editage.com/open-access/,https://www.google.com/search?q=TRANSPLANTATION+aims+scope+instructions+for+authors+APC
257,2-Q1且IF小于5,2,EUROPEAN JOURNAL OF HUMAN GENETICS,EUR J HUM GENET,1018-4813,1476-5438,4.6,4.9,Q1,38/192,Q1,Q1,0.99,80.5,168.0,13149.0,BIOCHEMISTRY & MOLECULAR BIOLOGY; GENETICS & HEREDITY,BIOCHEMISTRY & MOLECULAR BIOLOGY(JIF Q2/JCI Q1) | GENETICS & HEREDITY(JIF Q1/JCI Q1),SPRINGERNATURE,Springer Nature,是,SCIE,混合/全OA,"全OA约 USD 2,090-3,490；Nature系更高；Scientific Reports已拉黑",中高,https://www.springernature.com/gp/open-research/journals-books/journals,https://www.google.com/search?q=EUROPEAN+JOURNAL+OF+HUMAN+GENETICS+aims+scope+instructions+for+authors+APC
258,2-Q1且IF小于5,2,JOURNAL OF MAGNETIC RESONANCE IMAGING,J MAGN RESON IMAGING,1053-1807,1522-2586,4.3,4.6,Q1,40/217,Q1,Q1,1.1,81.8,168.0,21057.0,"RADIOLOGY, NUCLEAR MEDICINE & MEDICAL IMAGING","RADIOLOGY, NUCLEAR MEDICINE & MEDICAL IMAGING(JIF Q1/JCI Q1)",WILEY,Wiley,是,SCIE,混合为主,"订阅路线通常无APC；OnlineOpen常见 USD 3,200-4,700",中,https://authorservices.wiley.com/author-resources/Journal-Authors/open-access/article-publication-charges.html,https://www.google.com/search?q=JOURNAL+OF+MAGNETIC+RESONANCE+IMAGING+aims+scope+instructions+for+authors+APC
259,2-Q1且IF小于5,2,HEALTH & PLACE,HEALTH PLACE,1353-8292,1873-2054,4.2,4.8,Q1,71/443,Q1,Q1,1.3,84.1,168.0,12189.0,"PUBLIC, ENVIRONMENTAL & OCCUPATIONAL HEALTH","PUBLIC, ENVIRONMENTAL & OCCUPATIONAL HEALTH(JIF Q1/JCI Q1)",ELSEVIER SCI LTD,Elsevier,是,"SCIE, SSCI",混合为主,"订阅路线通常无APC；Gold OA常见 USD 2,200-4,200",中,https://www.elsevier.com/open-access/agreements,https://www.google.com/search?q=HEALTH+&+PLACE+aims+scope+instructions+for+authors+APC
260,2-Q1且IF小于5,2,Kidney360,KIDNEY360,2641-7650,2641-7650,3.6,3.8,Q1,28/134,Q1,Q1,0.96,79.5,168.0,3692.0,UROLOGY & NEPHROLOGY,UROLOGY & NEPHROLOGY(JIF Q1/JCI Q1),AMER SOC NEPHROLOGY,其他,否,ESCI,需核实,请查期刊官网 Author / Open Access 页面,未知,,https://www.google.com/search?q=Kidney360+aims+scope+instructions+for+authors+APC
261,2-Q1且IF小于5,2,"Alzheimer's & Dementia: Diagnosis, Assessment & Disease Monitoring",ALZH DEMENT-DADM,,2352-8729,4.9,5.6,Q1,41/296,Q1,Q1,1.25,86.3,167.0,4349.0,CLINICAL NEUROLOGY; NEUROSCIENCES,CLINICAL NEUROLOGY(JIF Q1/JCI Q1) | NEUROSCIENCES(JIF Q1/JCI Q1),WILEY,Wiley,否,ESCI,混合为主,"订阅路线通常无APC；OnlineOpen常见 USD 3,200-4,700",中,https://authorservices.wiley.com/author-resources/Journal-Authors/open-access/article-publication-charges.html,"https://www.google.com/search?q=Alzheimer's+&+Dementia:+Diagnosis,+Assessment+&+Disease+Monitoring+aims+scope+instructions+for+authors+APC"
262,2-Q1且IF小于5,2,SHOCK,SHOCK,1073-2322,1540-0514,2.7,3.0,Q1,73/321,Q1,Q1,0.9,77.4,166.0,8987.0,CRITICAL CARE MEDICINE; HEMATOLOGY; PERIPHERAL VASCULAR DISEASE; SURGERY,CRITICAL CARE MEDICINE(JIF Q2/JCI Q2) | HEMATOLOGY(JIF Q2/JCI Q1) | PERIPHERAL VASCULAR DISEASE(JIF Q2/JCI Q1) | SURGERY(JIF Q1/JCI Q2),LIPPINCOTT WILLIAMS & WILKINS,Wolters Kluwer/LWW,是,SCIE,混合为主,"订阅路线通常无APC；OA常见 USD 2,000-4,000；MEDICINE已拉黑",中,https://wkauthorservices.editage.com/open-access/,https://www.google.com/search?q=SHOCK+aims+scope+instructions+for+authors+APC
263,2-Q1且IF小于5,2,ANTIVIRAL RESEARCH,ANTIVIR RES,0166-3542,1872-9096,4.3,4.3,Q1,7/44,Q1,Q1,1.24,85.2,164.0,11391.0,PHARMACOLOGY & PHARMACY; VIROLOGY,PHARMACOLOGY & PHARMACY(JIF Q2/JCI Q1) | VIROLOGY(JIF Q1/JCI Q1),ELSEVIER,Elsevier,是,SCIE,混合为主,"订阅路线通常无APC；Gold OA常见 USD 2,200-4,200",中,https://www.elsevier.com/open-access/agreements,https://www.google.com/search?q=ANTIVIRAL+RESEARCH+aims+scope+instructions+for+authors+APC
264,2-Q1且IF小于5,2,Orthopaedics & Traumatology-Surgery & Research,ORTHOP TRAUMATOL-SUR,1877-0568,1877-0568,2.7,2.8,Q1,73/321,Q1,Q1,1.09,77.4,163.0,8608.0,ORTHOPEDICS; SURGERY,ORTHOPEDICS(JIF Q2/JCI Q1) | SURGERY(JIF Q1/JCI Q1),"ELSEVIER MASSON, CORP OFF",Elsevier,是,SCIE,混合为主,"订阅路线通常无APC；Gold OA常见 USD 2,200-4,200",中,https://www.elsevier.com/open-access/agreements,https://www.google.com/search?q=Orthopaedics+&+Traumatology-Surgery+&+Research+aims+scope+instructions+for+authors+APC
265,2-Q1且IF小于5,2,JOURNAL OF ENDODONTICS,J ENDODONT,0099-2399,1878-3554,3.9,4.5,Q1,25/165,Q1,Q1,1.67,85.2,162.0,21649.0,"DENTISTRY, ORAL SURGERY & MEDICINE","DENTISTRY, ORAL SURGERY & MEDICINE(JIF Q1/JCI Q1)",ELSEVIER SCIENCE INC,Elsevier,是,SCIE,混合为主,"订阅路线通常无APC；Gold OA常见 USD 2,200-4,200",中,https://www.elsevier.com/open-access/agreements,https://www.google.com/search?q=JOURNAL+OF+ENDODONTICS+aims+scope+instructions+for+authors+APC
266,2-Q1且IF小于5,2,BEHAVIOUR RESEARCH AND THERAPY,BEHAV RES THER,0005-7967,1873-622X,4.3,5.1,Q1,22/184,Q1,Q1,1.72,88.3,161.0,22512.0,"PSYCHOLOGY, CLINICAL","PSYCHOLOGY, CLINICAL(JIF Q1/JCI Q1)",PERGAMON-ELSEVIER SCIENCE LTD,Elsevier,否,SSCI,混合为主,"订阅路线通常无APC；Gold OA常见 USD 2,200-4,200",中,https://www.elsevier.com/open-access/agreements,https://www.google.com/search?q=BEHAVIOUR+RESEARCH+AND+THERAPY+aims+scope+instructions+for+authors+APC
267,2-Q1且IF小于5,2,REGULATORY TOXICOLOGY AND PHARMACOLOGY,REGUL TOXICOL PHARM,0273-2300,1096-0295,4.3,4.5,Q1,1/24,Q1,Q1,1.35,97.9,161.0,10942.0,"MEDICINE, LEGAL; PHARMACOLOGY & PHARMACY; TOXICOLOGY","MEDICINE, LEGAL(JIF Q1/JCI Q1) | PHARMACOLOGY & PHARMACY(JIF Q2/JCI Q1) | TOXICOLOGY(JIF Q2/JCI Q1)",ACADEMIC PRESS INC ELSEVIER SCIENCE,Elsevier,是,SCIE,混合为主,"订阅路线通常无APC；Gold OA常见 USD 2,200-4,200",中,https://www.elsevier.com/open-access/agreements,https://www.google.com/search?q=REGULATORY+TOXICOLOGY+AND+PHARMACOLOGY+aims+scope+instructions+for+authors+APC
268,2-Q1且IF小于5,2,Anatomical Record-Advances in Integrative Anatomy and Evolutionary Biology,ANAT REC,1932-8486,1932-8494,2.6,2.5,Q1,3/25,Q1,Q1,1.36,90.0,161.0,7878.0,ANATOMY & MORPHOLOGY,ANATOMY & MORPHOLOGY(JIF Q1/JCI Q1),WILEY,Wiley,是,SCIE,混合为主,"订阅路线通常无APC；OnlineOpen常见 USD 3,200-4,700",中,https://authorservices.wiley.com/author-resources/Journal-Authors/open-access/article-publication-charges.html,https://www.google.com/search?q=Anatomical+Record-Advances+in+Integrative+Anatomy+and+Evolutionary+Biology+aims+scope+instructions+for+authors+APC
269,2-Q1且IF小于5,2,NURSING OUTLOOK,NURS OUTLOOK,0029-6554,1528-3968,3.8,4.2,Q1,17/194,Q1,Q1,1.62,91.5,160.0,4086.0,NURSING,NURSING(JIF Q1/JCI Q1),ELSEVIER SCIENCE INC,Elsevier,是,"SCIE, SSCI",混合为主,"订阅路线通常无APC；Gold OA常见 USD 2,200-4,200",中,https://www.elsevier.com/open-access/agreements,https://www.google.com/search?q=NURSING+OUTLOOK+aims+scope+instructions+for+authors+APC
270,2-Q1且IF小于5,2,JOURNAL OF THE AMERICAN COLLEGE OF SURGEONS,J AM COLL SURGEONS,1072-7515,1879-1190,3.2,3.7,Q1,55/321,Q1,Q1,1.6,83.0,160.0,15190.0,SURGERY,SURGERY(JIF Q1/JCI Q1),LIPPINCOTT WILLIAMS & WILKINS,Wolters Kluwer/LWW,是,SCIE,混合为主,"订阅路线通常无APC；OA常见 USD 2,000-4,000；MEDICINE已拉黑",中,https://wkauthorservices.editage.com/open-access/,https://www.google.com/search?q=JOURNAL+OF+THE+AMERICAN+COLLEGE+OF+SURGEONS+aims+scope+instructions+for+authors+APC
271,2-Q1且IF小于5,2,Clinical Lymphoma Myeloma & Leukemia,CL LYMPH MYELOM LEUK,2152-2650,2152-2669,4.1,2.8,Q1,25/103,Q2,Q2,0.56,76.2,158.0,4812.0,HEMATOLOGY; ONCOLOGY,HEMATOLOGY(JIF Q1/JCI Q2) | ONCOLOGY(JIF Q2/JCI Q3),"CIG MEDIA GROUP, LP",其他,是,SCIE,需核实,请查期刊官网 Author / Open Access 页面,未知,,https://www.google.com/search?q=Clinical+Lymphoma+Myeloma+&+Leukemia+aims+scope+instructions+for+authors+APC
272,2-Q1且IF小于5,2,SSM-Mental Health,SSM-MENT HEALTH,2666-5603,2666-5603,3.4,3.9,Q1,101/443,Q2,Q2,0.86,77.3,158.0,1407.0,"PSYCHIATRY; PUBLIC, ENVIRONMENTAL & OCCUPATIONAL HEALTH","PSYCHIATRY(JIF Q2/JCI Q2) | PUBLIC, ENVIRONMENTAL & OCCUPATIONAL HEALTH(JIF Q1/JCI Q2)",ELSEVIER,Elsevier,否,ESCI,混合为主,"订阅路线通常无APC；Gold OA常见 USD 2,200-4,200",中,https://www.elsevier.com/open-access/agreements,https://www.google.com/search?q=SSM-Mental+Health+aims+scope+instructions+for+authors+APC
273,2-Q1且IF小于5,2,JOURNAL OF CEREBRAL BLOOD FLOW AND METABOLISM,J CEREBR BLOOD F MET,0271-678X,1559-7016,4.7,6.1,Q1,20/103,Q1,Q1,1.08,81.1,156.0,21191.0,ENDOCRINOLOGY & METABOLISM; HEMATOLOGY; NEUROSCIENCES,ENDOCRINOLOGY & METABOLISM(JIF Q2/JCI Q1) | HEMATOLOGY(JIF Q1/JCI Q1) | NEUROSCIENCES(JIF Q1/JCI Q1),SAGE PUBLICATIONS INC,SAGE,是,SCIE,混合为主,"订阅路线通常无APC；SAGE Choice常见 USD 2,000-4,000",中,https://us.sagepub.com/en-us/nam/sage-choice,https://www.google.com/search?q=JOURNAL+OF+CEREBRAL+BLOOD+FLOW+AND+METABOLISM+aims+scope+instructions+for+authors+APC
274,2-Q1且IF小于5,2,JAMIA Open,JAMIA OPEN,,2574-2531,4.7,3.9,Q1,29/194,Q2,Q2,0.98,85.3,156.0,2643.0,HEALTH CARE SCIENCES & SERVICES; MEDICAL INFORMATICS,HEALTH CARE SCIENCES & SERVICES(JIF Q1/JCI Q2) | MEDICAL INFORMATICS(JIF Q2/JCI Q2),OXFORD UNIV PRESS,Oxford UP,否,ESCI,混合为主,订阅路线通常无APC；可选OA，费用因刊而异,中,https://academic.oup.com/pages/open-research/open-access,https://www.google.com/search?q=JAMIA+Open+aims+scope+instructions+for+authors+APC
275,2-Q1且IF小于5,2,JOURNAL OF SAFETY RESEARCH,J SAFETY RES,0022-4375,1879-1247,4.3,4.8,Q1,16/275,Q1,Q1,1.26,85.2,156.0,7579.0,"PUBLIC, ENVIRONMENTAL & OCCUPATIONAL HEALTH","PUBLIC, ENVIRONMENTAL & OCCUPATIONAL HEALTH(JIF Q1/JCI Q1)",PERGAMON-ELSEVIER SCIENCE LTD,Elsevier,否,SSCI,混合为主,"订阅路线通常无APC；Gold OA常见 USD 2,200-4,200",中,https://www.elsevier.com/open-access/agreements,https://www.google.com/search?q=JOURNAL+OF+SAFETY+RESEARCH+aims+scope+instructions+for+authors+APC
276,2-Q1且IF小于5,2,MATURITAS,MATURITAS,0378-5122,1873-4111,4.2,5.3,Q1,15/143,Q1,Q1,1.03,89.9,155.0,12467.0,GERIATRICS & GERONTOLOGY; OBSTETRICS & GYNECOLOGY,GERIATRICS & GERONTOLOGY(JIF Q2/JCI Q2) | OBSTETRICS & GYNECOLOGY(JIF Q1/JCI Q1),ELSEVIER IRELAND LTD,Elsevier,是,SCIE,混合为主,"订阅路线通常无APC；Gold OA常见 USD 2,200-4,200",中,https://www.elsevier.com/open-access/agreements,https://www.google.com/search?q=MATURITAS+aims+scope+instructions+for+authors+APC
277,2-Q1且IF小于5,2,Neurocritical Care,NEUROCRIT CARE,1541-6933,1556-0961,4.2,3.7,Q1,61/296,Q2,Q2,0.94,79.6,155.0,7605.0,CLINICAL NEUROLOGY; CRITICAL CARE MEDICINE,CLINICAL NEUROLOGY(JIF Q1/JCI Q2) | CRITICAL CARE MEDICINE(JIF Q1/JCI Q2),HUMANA PRESS INC,其他,是,SCIE,需核实,请查期刊官网 Author / Open Access 页面,未知,,https://www.google.com/search?q=Neurocritical+Care+aims+scope+instructions+for+authors+APC
278,2-Q1且IF小于5,2,Psychology Research and Behavior Management,PSYCHOL RES BEHAV MA,1179-1578,1179-1578,4.5,4.5,Q1,18/184,Q1,Q1,1.3,90.5,154.0,7284.0,"PSYCHOLOGY, CLINICAL","PSYCHOLOGY, CLINICAL(JIF Q1/JCI Q1)",DOVE MEDICAL PRESS LTD,其他,否,SSCI,需核实,请查期刊官网 Author / Open Access 页面,未知,,https://www.google.com/search?q=Psychology+Research+and+Behavior+Management+aims+scope+instructions+for+authors+APC
279,2-Q1且IF小于5,2,JBJS Open Access,JBJS OPEN ACCESS,,2472-7245,4.9,,Q1,20/321,Q1,Q1,1.59,93.9,153.0,1790.0,ORTHOPEDICS; SURGERY,ORTHOPEDICS(JIF Q1/JCI Q1) | SURGERY(JIF Q1/JCI Q1),LIPPINCOTT WILLIAMS & WILKINS,Wolters Kluwer/LWW,否,ESCI,混合为主,"订阅路线通常无APC；OA常见 USD 2,000-4,000；MEDICINE已拉黑",中,https://wkauthorservices.editage.com/open-access/,https://www.google.com/search?q=JBJS+Open+Access+aims+scope+instructions+for+authors+APC
280,2-Q1且IF小于5,2,PRENATAL DIAGNOSIS,PRENATAL DIAG,0197-3851,1097-0223,3.1,3.0,Q1,33/143,Q2,Q2,0.82,77.3,153.0,6914.0,GENETICS & HEREDITY; OBSTETRICS & GYNECOLOGY,GENETICS & HEREDITY(JIF Q2/JCI Q2) | OBSTETRICS & GYNECOLOGY(JIF Q1/JCI Q2),WILEY,Wiley,是,SCIE,混合为主,"订阅路线通常无APC；OnlineOpen常见 USD 3,200-4,700",中,https://authorservices.wiley.com/author-resources/Journal-Authors/open-access/article-publication-charges.html,https://www.google.com/search?q=PRENATAL+DIAGNOSIS+aims+scope+instructions+for+authors+APC
281,2-Q1且IF小于5,2,Journal of Prosthodontics-Implant Esthetic and Reconstructive Dentistry,J PROSTHODONT,1059-941X,1532-849X,3.6,4.9,Q1,31/165,Q1,Q1,1.36,81.5,152.0,7727.0,"DENTISTRY, ORAL SURGERY & MEDICINE","DENTISTRY, ORAL SURGERY & MEDICINE(JIF Q1/JCI Q1)",WILEY,Wiley,是,SCIE,混合为主,"订阅路线通常无APC；OnlineOpen常见 USD 3,200-4,700",中,https://authorservices.wiley.com/author-resources/Journal-Authors/open-access/article-publication-charges.html,https://www.google.com/search?q=Journal+of+Prosthodontics-Implant+Esthetic+and+Reconstructive+Dentistry+aims+scope+instructions+for+authors+APC
282,2-Q1且IF小于5,2,JOURNAL OF PUBLIC HEALTH,J PUBLIC HEALTH-UK,1741-3842,1741-3850,3.5,3.3,Q1,96/443,Q2,Q2,0.88,78.4,152.0,5902.0,"PUBLIC, ENVIRONMENTAL & OCCUPATIONAL HEALTH","PUBLIC, ENVIRONMENTAL & OCCUPATIONAL HEALTH(JIF Q1/JCI Q2)",OXFORD UNIV PRESS,Oxford UP,是,"SCIE, SSCI",混合为主,订阅路线通常无APC；可选OA，费用因刊而异,中,https://academic.oup.com/pages/open-research/open-access,https://www.google.com/search?q=JOURNAL+OF+PUBLIC+HEALTH+aims+scope+instructions+for+authors+APC
283,2-Q1且IF小于5,2,HPB,HPB,1365-182X,1477-2574,3.3,3.3,Q1,50/321,Q2,Q2,0.9,84.6,150.0,7662.0,GASTROENTEROLOGY & HEPATOLOGY; SURGERY,GASTROENTEROLOGY & HEPATOLOGY(JIF Q2/JCI Q2) | SURGERY(JIF Q1/JCI Q2),ELSEVIER SCI LTD,Elsevier,是,SCIE,混合为主,"订阅路线通常无APC；Gold OA常见 USD 2,200-4,200",中,https://www.elsevier.com/open-access/agreements,https://www.google.com/search?q=HPB+aims+scope+instructions+for+authors+APC
284,2-Q1且IF小于5,2,Academic Pediatrics,ACAD PEDIATR,1876-2859,1876-2867,2.8,3.2,Q1,36/190,Q1,Q1,1.38,81.3,150.0,5946.0,PEDIATRICS,PEDIATRICS(JIF Q1/JCI Q1),ELSEVIER SCIENCE INC,Elsevier,是,SCIE,混合为主,"订阅路线通常无APC；Gold OA常见 USD 2,200-4,200",中,https://www.elsevier.com/open-access/agreements,https://www.google.com/search?q=Academic+Pediatrics+aims+scope+instructions+for+authors+APC
285,2-Q1且IF小于5,2,CURRENT MEDICAL RESEARCH AND OPINION,CURR MED RES OPIN,0300-7995,1473-4877,2.8,2.6,Q1,80/336,Q2,Q2,0.53,76.3,150.0,8194.0,"MEDICINE, GENERAL & INTERNAL; MEDICINE, RESEARCH & EXPERIMENTAL","MEDICINE, GENERAL & INTERNAL(JIF Q1/JCI Q2) | MEDICINE, RESEARCH & EXPERIMENTAL(JIF Q3/JCI Q3)",TAYLOR & FRANCIS LTD,Taylor & Francis,是,SCIE,混合为主,"订阅路线通常无APC；Open Select常见 USD 2,500-3,500",中,https://authorservices.taylorandfrancis.com/publishing-open-access/,https://www.google.com/search?q=CURRENT+MEDICAL+RESEARCH+AND+OPINION+aims+scope+instructions+for+authors+APC
286,2-Q1且IF小于5,2,INTERNATIONAL JOURNAL OF HYGIENE AND ENVIRONMENTAL HEALTH,INT J HYG ENVIR HEAL,1438-4639,1618-131X,4.3,4.9,Q1,66/443,Q1,Q1,1.38,85.2,149.0,8768.0,"INFECTIOUS DISEASES; PUBLIC, ENVIRONMENTAL & OCCUPATIONAL HEALTH","INFECTIOUS DISEASES(JIF Q1/JCI Q1) | PUBLIC, ENVIRONMENTAL & OCCUPATIONAL HEALTH(JIF Q1/JCI Q1)",ELSEVIER GMBH,Elsevier,是,SCIE,混合为主,"订阅路线通常无APC；Gold OA常见 USD 2,200-4,200",中,https://www.elsevier.com/open-access/agreements,https://www.google.com/search?q=INTERNATIONAL+JOURNAL+OF+HYGIENE+AND+ENVIRONMENTAL+HEALTH+aims+scope+instructions+for+authors+APC
287,2-Q1且IF小于5,2,Multiple Sclerosis Journal,MULT SCLER J,1352-4585,1477-0970,4.1,4.9,Q1,65/296,Q1,Q1,1.04,78.2,149.0,13601.0,CLINICAL NEUROLOGY; NEUROSCIENCES,CLINICAL NEUROLOGY(JIF Q1/JCI Q1) | NEUROSCIENCES(JIF Q2/JCI Q2),SAGE PUBLICATIONS LTD,SAGE,是,SCIE,混合为主,"订阅路线通常无APC；SAGE Choice常见 USD 2,000-4,000",中,https://us.sagepub.com/en-us/nam/sage-choice,https://www.google.com/search?q=Multiple+Sclerosis+Journal+aims+scope+instructions+for+authors+APC
288,2-Q1且IF小于5,2,Clinical and Translational Radiation Oncology,CLIN TRANSL RAD ONCO,,2405-6308,3.6,3.4,Q1,51/217,Q2,Q2,0.83,76.7,149.0,3055.0,"ONCOLOGY; RADIOLOGY, NUCLEAR MEDICINE & MEDICAL IMAGING","ONCOLOGY(JIF Q2/JCI Q2) | RADIOLOGY, NUCLEAR MEDICINE & MEDICAL IMAGING(JIF Q1/JCI Q2)",ELSEVIER IRELAND LTD,Elsevier,是,SCIE,混合为主,"订阅路线通常无APC；Gold OA常见 USD 2,200-4,200",中,https://www.elsevier.com/open-access/agreements,https://www.google.com/search?q=Clinical+and+Translational+Radiation+Oncology+aims+scope+instructions+for+authors+APC
289,2-Q1且IF小于5,2,SCANDINAVIAN JOURNAL OF MEDICINE & SCIENCE IN SPORTS,SCAND J MED SCI SPOR,0905-7188,1600-0838,4.0,4.8,Q1,17/136,Q1,Q1,1.41,87.9,147.0,15514.0,SPORT SCIENCES,SPORT SCIENCES(JIF Q1/JCI Q1),WILEY,Wiley,是,SCIE,混合为主,"订阅路线通常无APC；OnlineOpen常见 USD 3,200-4,700",中,https://authorservices.wiley.com/author-resources/Journal-Authors/open-access/article-publication-charges.html,https://www.google.com/search?q=SCANDINAVIAN+JOURNAL+OF+MEDICINE+&+SCIENCE+IN+SPORTS+aims+scope+instructions+for+authors+APC
290,2-Q1且IF小于5,2,Neurosurgical Focus,NEUROSURG FOCUS,1092-0684,1092-0684,3.3,4.0,Q1,50/321,Q1,Q1,1.09,84.6,147.0,10046.0,CLINICAL NEUROLOGY; SURGERY,CLINICAL NEUROLOGY(JIF Q2/JCI Q1) | SURGERY(JIF Q1/JCI Q1),AMER ASSOC NEUROLOGICAL SURGEONS,其他,是,SCIE,需核实,请查期刊官网 Author / Open Access 页面,未知,,https://www.google.com/search?q=Neurosurgical+Focus+aims+scope+instructions+for+authors+APC
291,2-Q1且IF小于5,2,EUROPEAN JOURNAL OF PAIN,EUR J PAIN,1090-3801,1532-2149,3.8,4.2,Q1,15/72,Q1,Q1,1.04,79.9,146.0,10263.0,ANESTHESIOLOGY; CLINICAL NEUROLOGY; NEUROSCIENCES,ANESTHESIOLOGY(JIF Q1/JCI Q2) | CLINICAL NEUROLOGY(JIF Q2/JCI Q1) | NEUROSCIENCES(JIF Q2/JCI Q2),WILEY,Wiley,是,SCIE,混合为主,"订阅路线通常无APC；OnlineOpen常见 USD 3,200-4,700",中,https://authorservices.wiley.com/author-resources/Journal-Authors/open-access/article-publication-charges.html,https://www.google.com/search?q=EUROPEAN+JOURNAL+OF+PAIN+aims+scope+instructions+for+authors+APC
292,2-Q1且IF小于5,2,Implementation Science Communications,IMPLEMENT SCI COMMUN,,2662-2211,3.5,4.1,Q1,21/125,Q1,Q1,1.11,83.6,145.0,2723.0,HEALTH CARE SCIENCES & SERVICES; HEALTH POLICY & SERVICES,HEALTH CARE SCIENCES & SERVICES(JIF Q2/JCI Q1) | HEALTH POLICY & SERVICES(JIF Q1/JCI Q1),SPRINGERNATURE,Springer Nature,否,ESCI,混合/全OA,"全OA约 USD 2,090-3,490；Nature系更高；Scientific Reports已拉黑",中高,https://www.springernature.com/gp/open-research/journals-books/journals,https://www.google.com/search?q=Implementation+Science+Communications+aims+scope+instructions+for+authors+APC
293,2-Q1且IF小于5,2,Asia-Pacific Journal of Oncology Nursing,ASIA-PAC J ONCOL NUR,2347-5625,2349-6673,3.3,3.4,Q1,24/194,Q1,Q1,1.13,87.9,144.0,2342.0,NURSING,NURSING(JIF Q1/JCI Q1),ELSEVIER SCIENCE INC,Elsevier,是,"SCIE, SSCI",混合为主,"订阅路线通常无APC；Gold OA常见 USD 2,200-4,200",中,https://www.elsevier.com/open-access/agreements,https://www.google.com/search?q=Asia-Pacific+Journal+of+Oncology+Nursing+aims+scope+instructions+for+authors+APC
294,2-Q1且IF小于5,2,Maternal and Child Nutrition,MATERN CHILD NUTR,1740-8695,1740-8709,2.5,3.5,Q1,43/190,Q2,Q2,0.86,77.6,144.0,6362.0,NUTRITION & DIETETICS; PEDIATRICS,NUTRITION & DIETETICS(JIF Q3/JCI Q2) | PEDIATRICS(JIF Q1/JCI Q2),WILEY,Wiley,是,SCIE,混合为主,"订阅路线通常无APC；OnlineOpen常见 USD 3,200-4,700",中,https://authorservices.wiley.com/author-resources/Journal-Authors/open-access/article-publication-charges.html,https://www.google.com/search?q=Maternal+and+Child+Nutrition+aims+scope+instructions+for+authors+APC
295,2-Q1且IF小于5,2,INTERNATIONAL JOURNAL OF LANGUAGE & COMMUNICATION DISORDERS,INT J LANG COMM DIS,1368-2822,1460-6984,2.5,3.0,Q1,51/312,Q2,Q2,0.97,81.4,143.0,4910.0,AUDIOLOGY & SPEECH-LANGUAGE PATHOLOGY; REHABILITATION,AUDIOLOGY & SPEECH-LANGUAGE PATHOLOGY(JIF Q1/JCI Q2) | REHABILITATION(JIF Q1/JCI Q2),WILEY,Wiley,是,"SCIE; SSCI; SCIE, SSCI",混合为主,"订阅路线通常无APC；OnlineOpen常见 USD 3,200-4,700",中,https://authorservices.wiley.com/author-resources/Journal-Authors/open-access/article-publication-charges.html,https://www.google.com/search?q=INTERNATIONAL+JOURNAL+OF+LANGUAGE+&+COMMUNICATION+DISORDERS+aims+scope+instructions+for+authors+APC
296,2-Q1且IF小于5,2,Japanese Journal of Radiology,JPN J RADIOL,1867-1071,1867-108X,4.6,3.6,Q1,38/217,Q1,Q1,1.09,82.7,142.0,4055.0,"RADIOLOGY, NUCLEAR MEDICINE & MEDICAL IMAGING","RADIOLOGY, NUCLEAR MEDICINE & MEDICAL IMAGING(JIF Q1/JCI Q1)",SPRINGER,Springer,是,SCIE,混合为主,"订阅路线通常无APC；选OA约 USD 2,790-4,290",中,https://www.springer.com/gp/open-access,https://www.google.com/search?q=Japanese+Journal+of+Radiology+aims+scope+instructions+for+authors+APC
297,2-Q1且IF小于5,2,CLINICAL ORTHOPAEDICS AND RELATED RESEARCH,CLIN ORTHOP RELAT R,0009-921X,1528-1132,4.3,4.7,Q1,28/321,Q1,Q1,2.03,91.4,142.0,35954.0,ORTHOPEDICS; SURGERY,ORTHOPEDICS(JIF Q1/JCI Q1) | SURGERY(JIF Q1/JCI Q1),LIPPINCOTT WILLIAMS & WILKINS,Wolters Kluwer/LWW,是,SCIE,混合为主,"订阅路线通常无APC；OA常见 USD 2,000-4,000；MEDICINE已拉黑",中,https://wkauthorservices.editage.com/open-access/,https://www.google.com/search?q=CLINICAL+ORTHOPAEDICS+AND+RELATED+RESEARCH+aims+scope+instructions+for+authors+APC
298,2-Q1且IF小于5,2,Biological Psychiatry: Global Open Science,BIOL PSYCHIAT-GLOB O,2667-1743,2667-1743,4.0,4.4,Q1,69/293,Q1,Q1,1.1,76.6,142.0,1447.0,NEUROSCIENCES; PSYCHIATRY,NEUROSCIENCES(JIF Q2/JCI Q1) | PSYCHIATRY(JIF Q1/JCI Q1),ELSEVIER,Elsevier,否,ESCI,混合为主,"订阅路线通常无APC；Gold OA常见 USD 2,200-4,200",中,https://www.elsevier.com/open-access/agreements,https://www.google.com/search?q=Biological+Psychiatry:+Global+Open+Science+aims+scope+instructions+for+authors+APC
299,2-Q1且IF小于5,2,International Journal of Mental Health Nursing,INT J MENT HEALTH NU,1445-8330,1447-0349,3.9,4.9,Q1,15/194,Q1,Q1,1.09,92.5,141.0,5943.0,NURSING; PSYCHIATRY,NURSING(JIF Q1/JCI Q1) | PSYCHIATRY(JIF Q1/JCI Q1),WILEY,Wiley,是,"SCIE, SSCI",混合为主,"订阅路线通常无APC；OnlineOpen常见 USD 3,200-4,700",中,https://authorservices.wiley.com/author-resources/Journal-Authors/open-access/article-publication-charges.html,https://www.google.com/search?q=International+Journal+of+Mental+Health+Nursing+aims+scope+instructions+for+authors+APC
300,2-Q1且IF小于5,2,CLINICAL REHABILITATION,CLIN REHABIL,0269-2155,1477-0873,2.9,4.1,Q1,26/175,Q1,Q1,1.19,85.4,141.0,9485.0,REHABILITATION,REHABILITATION(JIF Q1/JCI Q1),SAGE PUBLICATIONS LTD,SAGE,是,SCIE,混合为主,"订阅路线通常无APC；SAGE Choice常见 USD 2,000-4,000",中,https://us.sagepub.com/en-us/nam/sage-choice,https://www.google.com/search?q=CLINICAL+REHABILITATION+aims+scope+instructions+for+authors+APC
301,2-Q1且IF小于5,2,Schizophrenia,SCHIZOPHRENIA-UK,,2754-6993,4.5,4.7,Q1,55/293,Q1,Q1,1.17,81.4,140.0,1693.0,PSYCHIATRY,PSYCHIATRY(JIF Q1/JCI Q1),NATURE PORTFOLIO,Springer Nature,是,SCIE,混合/全OA,"全OA约 USD 2,090-3,490；Nature系更高；Scientific Reports已拉黑",中高,https://www.springernature.com/gp/open-research/journals-books/journals,https://www.google.com/search?q=Schizophrenia+aims+scope+instructions+for+authors+APC
302,2-Q1且IF小于5,2,ARCHIVES OF PHYSICAL MEDICINE AND REHABILITATION,ARCH PHYS MED REHAB,0003-9993,1532-821X,4.0,4.3,Q1,7/175,Q1,Q1,1.43,96.3,140.0,27293.0,REHABILITATION; SPORT SCIENCES,REHABILITATION(JIF Q1/JCI Q1) | SPORT SCIENCES(JIF Q1/JCI Q1),W B SAUNDERS CO-ELSEVIER INC,Elsevier,是,SCIE,混合为主,"订阅路线通常无APC；Gold OA常见 USD 2,200-4,200",中,https://www.elsevier.com/open-access/agreements,https://www.google.com/search?q=ARCHIVES+OF+PHYSICAL+MEDICINE+AND+REHABILITATION+aims+scope+instructions+for+authors+APC
303,2-Q1且IF小于5,2,SSM-Population Health,SSM-POPUL HLTH,2352-8273,2352-8273,3.7,5.0,Q1,89/443,Q1,Q1,1.12,80.0,139.0,8085.0,"PUBLIC, ENVIRONMENTAL & OCCUPATIONAL HEALTH","PUBLIC, ENVIRONMENTAL & OCCUPATIONAL HEALTH(JIF Q1/JCI Q1)",ELSEVIER SCI LTD,Elsevier,是,"SCIE, SSCI",混合为主,"订阅路线通常无APC；Gold OA常见 USD 2,200-4,200",中,https://www.elsevier.com/open-access/agreements,https://www.google.com/search?q=SSM-Population+Health+aims+scope+instructions+for+authors+APC
304,2-Q1且IF小于5,2,EAR AND HEARING,EAR HEARING,0196-0202,1538-4667,3.3,3.6,Q1,2/35,Q1,Q1,1.76,95.7,139.0,9490.0,AUDIOLOGY & SPEECH-LANGUAGE PATHOLOGY; OTORHINOLARYNGOLOGY,AUDIOLOGY & SPEECH-LANGUAGE PATHOLOGY(JIF Q1/JCI Q1) | OTORHINOLARYNGOLOGY(JIF Q1/JCI Q1),LIPPINCOTT WILLIAMS & WILKINS,Wolters Kluwer/LWW,是,SCIE,混合为主,"订阅路线通常无APC；OA常见 USD 2,000-4,000；MEDICINE已拉黑",中,https://wkauthorservices.editage.com/open-access/,https://www.google.com/search?q=EAR+AND+HEARING+aims+scope+instructions+for+authors+APC
305,2-Q1且IF小于5,2,MEDICINA CLINICA,MED CLIN-BARCELONA,0025-7753,1578-8989,2.8,2.5,Q1,80/336,Q2,Q2,0.56,76.3,139.0,3999.0,"MEDICINE, GENERAL & INTERNAL","MEDICINE, GENERAL & INTERNAL(JIF Q1/JCI Q2)",ELSEVIER ESPANA SLU,Elsevier,是,SCIE,混合为主,"订阅路线通常无APC；Gold OA常见 USD 2,200-4,200",中,https://www.elsevier.com/open-access/agreements,https://www.google.com/search?q=MEDICINA+CLINICA+aims+scope+instructions+for+authors+APC
306,2-Q1且IF小于5,2,npj Systems Biology and Applications,NPJ SYST BIOL APPL,,2056-7189,4.4,4.2,Q1,9/67,Q1,Q1,1.0,87.3,138.0,2070.0,MATHEMATICAL & COMPUTATIONAL BIOLOGY,MATHEMATICAL & COMPUTATIONAL BIOLOGY(JIF Q1/JCI Q1),NATURE PORTFOLIO,Springer Nature,是,SCIE,混合/全OA,"全OA约 USD 2,090-3,490；Nature系更高；Scientific Reports已拉黑",中高,https://www.springernature.com/gp/open-research/journals-books/journals,https://www.google.com/search?q=npj+Systems+Biology+and+Applications+aims+scope+instructions+for+authors+APC
307,2-Q1且IF小于5,2,JOURNAL OF DERMATOLOGICAL TREATMENT,J DERMATOL TREAT,0954-6634,1471-1753,4.3,3.3,Q1,14/99,Q1,Q1,1.36,86.4,138.0,5485.0,DERMATOLOGY,DERMATOLOGY(JIF Q1/JCI Q1),TAYLOR & FRANCIS LTD,Taylor & Francis,是,SCIE,混合为主,"订阅路线通常无APC；Open Select常见 USD 2,500-3,500",中,https://authorservices.taylorandfrancis.com/publishing-open-access/,https://www.google.com/search?q=JOURNAL+OF+DERMATOLOGICAL+TREATMENT+aims+scope+instructions+for+authors+APC
308,2-Q1且IF小于5,2,Neurology and Therapy,NEUROL THER,2193-8253,2193-6536,4.7,5.4,Q1,46/296,Q1,Q1,1.26,84.6,137.0,3130.0,CLINICAL NEUROLOGY,CLINICAL NEUROLOGY(JIF Q1/JCI Q1),SPRINGER LONDON LTD,Springer,是,SCIE,混合为主,"订阅路线通常无APC；选OA约 USD 2,790-4,290",中,https://www.springer.com/gp/open-access,https://www.google.com/search?q=Neurology+and+Therapy+aims+scope+instructions+for+authors+APC
309,2-Q1且IF小于5,2,HISTOPATHOLOGY,HISTOPATHOLOGY,0309-0167,1365-2559,3.8,5.0,Q1,18/89,Q2,Q2,0.92,80.3,137.0,12606.0,CELL BIOLOGY; PATHOLOGY,CELL BIOLOGY(JIF Q3/JCI Q2) | PATHOLOGY(JIF Q1/JCI Q2),WILEY,Wiley,是,SCIE,混合为主,"订阅路线通常无APC；OnlineOpen常见 USD 3,200-4,700",中,https://authorservices.wiley.com/author-resources/Journal-Authors/open-access/article-publication-charges.html,https://www.google.com/search?q=HISTOPATHOLOGY+aims+scope+instructions+for+authors+APC
310,2-Q1且IF小于5,2,OPHTHALMIC AND PHYSIOLOGICAL OPTICS,OPHTHAL PHYSL OPT,0275-5408,1475-1313,3.4,3.7,Q1,23/98,Q1,Q1,1.22,77.0,137.0,6244.0,OPHTHALMOLOGY,OPHTHALMOLOGY(JIF Q1/JCI Q1),SPRINGERNATURE,Springer Nature,是,SCIE,混合/全OA,"全OA约 USD 2,090-3,490；Nature系更高；Scientific Reports已拉黑",中高,https://www.springernature.com/gp/open-research/journals-books/journals,https://www.google.com/search?q=OPHTHALMIC+AND+PHYSIOLOGICAL+OPTICS+aims+scope+instructions+for+authors+APC
311,2-Q1且IF小于5,2,AMERICAN JOURNAL OF SURGICAL PATHOLOGY,AM J SURG PATHOL,0147-5185,1532-0979,4.2,4.5,Q1,30/321,Q1,Q1,1.93,90.8,136.0,20467.0,PATHOLOGY; SURGERY,PATHOLOGY(JIF Q1/JCI Q1) | SURGERY(JIF Q1/JCI Q1),LIPPINCOTT WILLIAMS & WILKINS,Wolters Kluwer/LWW,是,SCIE,混合为主,"订阅路线通常无APC；OA常见 USD 2,000-4,000；MEDICINE已拉黑",中,https://wkauthorservices.editage.com/open-access/,https://www.google.com/search?q=AMERICAN+JOURNAL+OF+SURGICAL+PATHOLOGY+aims+scope+instructions+for+authors+APC
312,2-Q1且IF小于5,2,PSYCHIATRIC SERVICES,PSYCHIAT SERV,1075-2730,1557-9700,3.3,3.6,Q1,28/125,Q1,Q1,1.01,78.0,135.0,12686.0,"HEALTH POLICY & SERVICES; PSYCHIATRY; PUBLIC, ENVIRONMENTAL & OCCUPATIONAL HEALTH","HEALTH POLICY & SERVICES(JIF Q1/JCI Q1) | PSYCHIATRY(JIF Q2/JCI Q1) | PUBLIC, ENVIRONMENTAL & OCCUPATIONAL HEALTH(JIF Q2/JCI Q1)","AMER PSYCHIATRIC PUBLISHING, INC",其他,是,"SSCI; SCIE; SCIE, SSCI",需核实,请查期刊官网 Author / Open Access 页面,未知,,https://www.google.com/search?q=PSYCHIATRIC+SERVICES+aims+scope+instructions+for+authors+APC
313,2-Q1且IF小于5,2,CYTOTHERAPY,CYTOTHERAPY,1465-3249,1477-2566,4.5,4.2,Q1,22/103,Q1,Q1,0.82,79.1,133.0,7413.0,"BIOTECHNOLOGY & APPLIED MICROBIOLOGY; CELL & TISSUE ENGINEERING; CELL BIOLOGY; HEMATOLOGY; MEDICINE, RESEARCH & EXPERIMENTAL","BIOTECHNOLOGY & APPLIED MICROBIOLOGY(JIF Q2/JCI Q2) | CELL & TISSUE ENGINEERING(JIF Q2/JCI Q2) | CELL BIOLOGY(JIF Q2/JCI Q2) | HEMATOLOGY(JIF Q1/JCI Q1) | MEDICINE, RESEARCH & EXPERIMENTAL(JIF Q2/JCI Q2)",ELSEVIER SCI LTD,Elsevier,是,SCIE,混合为主,"订阅路线通常无APC；Gold OA常见 USD 2,200-4,200",中,https://www.elsevier.com/open-access/agreements,https://www.google.com/search?q=CYTOTHERAPY+aims+scope+instructions+for+authors+APC
314,2-Q1且IF小于5,2,JOURNAL OF REFRACTIVE SURGERY,J REFRACT SURG,1081-597X,1938-2391,2.9,3.3,Q1,63/321,Q1,Q1,1.34,80.5,133.0,5379.0,OPHTHALMOLOGY; SURGERY,OPHTHALMOLOGY(JIF Q2/JCI Q1) | SURGERY(JIF Q1/JCI Q1),SLACK INC,其他,是,SCIE,需核实,请查期刊官网 Author / Open Access 页面,未知,,https://www.google.com/search?q=JOURNAL+OF+REFRACTIVE+SURGERY+aims+scope+instructions+for+authors+APC
315,2-Q1且IF小于5,2,JOURNAL OF THE FORMOSAN MEDICAL ASSOCIATION,J FORMOS MED ASSOC,0929-6646,1876-0821,2.8,2.6,Q1,80/336,Q1,Q1,0.83,76.3,133.0,6392.0,"MEDICINE, GENERAL & INTERNAL","MEDICINE, GENERAL & INTERNAL(JIF Q1/JCI Q1)",ELSEVIER TAIWAN,Elsevier,是,SCIE,混合为主,"订阅路线通常无APC；Gold OA常见 USD 2,200-4,200",中,https://www.elsevier.com/open-access/agreements,https://www.google.com/search?q=JOURNAL+OF+THE+FORMOSAN+MEDICAL+ASSOCIATION+aims+scope+instructions+for+authors+APC
316,2-Q1且IF小于5,2,Developmental Cognitive Neuroscience,DEV COGN NEUROS-NETH,1878-9293,1878-9307,4.6,5.5,Q1,10/95,Q1,Q1,1.53,75.6,132.0,8322.0,NEUROSCIENCES,NEUROSCIENCES(JIF Q1/JCI Q1),ELSEVIER SCI LTD,Elsevier,是,SCIE; SSCI,混合为主,"订阅路线通常无APC；Gold OA常见 USD 2,200-4,200",中,https://www.elsevier.com/open-access/agreements,https://www.google.com/search?q=Developmental+Cognitive+Neuroscience+aims+scope+instructions+for+authors+APC
317,2-Q1且IF小于5,2,ARTHRITIS CARE & RESEARCH,ARTHRIT CARE RES,2151-464X,2151-4658,4.1,4.2,Q1,14/58,Q1,Q1,1.18,76.7,132.0,18170.0,RHEUMATOLOGY,RHEUMATOLOGY(JIF Q1/JCI Q1),WILEY,Wiley,是,SCIE,混合为主,"订阅路线通常无APC；OnlineOpen常见 USD 3,200-4,700",中,https://authorservices.wiley.com/author-resources/Journal-Authors/open-access/article-publication-charges.html,https://www.google.com/search?q=ARTHRITIS+CARE+&+RESEARCH+aims+scope+instructions+for+authors+APC
318,2-Q1且IF小于5,2,Cambridge Prisms-Global Mental Health,CAMB PRISM-GLOB MENT,2054-4251,2054-4251,3.9,3.9,Q1,71/293,Q2,Q2,0.76,75.9,132.0,880.0,PSYCHIATRY,PSYCHIATRY(JIF Q1/JCI Q2),CAMBRIDGE UNIV PRESS,Cambridge UP,是,SCIE,混合为主,订阅路线通常无APC；Gold OA因刊而异,中,https://www.cambridge.org/core/open-research/open-access,https://www.google.com/search?q=Cambridge+Prisms-Global+Mental+Health+aims+scope+instructions+for+authors+APC
319,2-Q1且IF小于5,2,Scientifica,SCIENTIFICA,2090-908X,2090-908X,3.6,3.6,Q1,23/106,Q2,Q2,0.7,78.8,131.0,2754.0,BIOLOGY,BIOLOGY(JIF Q1/JCI Q2),WILEY,Wiley,否,ESCI,混合为主,"订阅路线通常无APC；OnlineOpen常见 USD 3,200-4,700",中,https://authorservices.wiley.com/author-resources/Journal-Authors/open-access/article-publication-charges.html,https://www.google.com/search?q=Scientifica+aims+scope+instructions+for+authors+APC
320,2-Q1且IF小于5,2,Global Health Action,GLOBAL HEALTH ACTION,,1654-9880,3.4,3.5,Q1,101/443,Q2,Q2,0.78,77.3,131.0,6185.0,"PUBLIC, ENVIRONMENTAL & OCCUPATIONAL HEALTH","PUBLIC, ENVIRONMENTAL & OCCUPATIONAL HEALTH(JIF Q1/JCI Q2)",TAYLOR & FRANCIS LTD,Taylor & Francis,是,"SCIE, SSCI",混合为主,"订阅路线通常无APC；Open Select常见 USD 2,500-3,500",中,https://authorservices.taylorandfrancis.com/publishing-open-access/,https://www.google.com/search?q=Global+Health+Action+aims+scope+instructions+for+authors+APC
321,2-Q1且IF小于5,2,Preventive Medicine,PREV MED,0091-7435,1096-0260,3.2,4.3,Q1,68/336,Q1,Q1,0.97,79.9,131.0,20853.0,"MEDICINE, GENERAL & INTERNAL; PUBLIC, ENVIRONMENTAL & OCCUPATIONAL HEALTH","MEDICINE, GENERAL & INTERNAL(JIF Q1/JCI Q1) | PUBLIC, ENVIRONMENTAL & OCCUPATIONAL HEALTH(JIF Q2/JCI Q1)",ACADEMIC PRESS INC ELSEVIER SCIENCE,Elsevier,是,SCIE,混合为主,"订阅路线通常无APC；Gold OA常见 USD 2,200-4,200",中,https://www.elsevier.com/open-access/agreements,https://www.google.com/search?q=Preventive+Medicine+aims+scope+instructions+for+authors+APC
322,2-Q1且IF小于5,2,JOURNAL OF NEURAL TRANSMISSION,J NEURAL TRANSM,0300-9564,1435-1463,4.4,4.3,Q1,54/296,Q2,Q2,0.86,81.9,130.0,9369.0,CLINICAL NEUROLOGY; NEUROSCIENCES,CLINICAL NEUROLOGY(JIF Q1/JCI Q2) | NEUROSCIENCES(JIF Q2/JCI Q2),SPRINGER WIEN,Springer,是,SCIE,混合为主,"订阅路线通常无APC；选OA约 USD 2,790-4,290",中,https://www.springer.com/gp/open-access,https://www.google.com/search?q=JOURNAL+OF+NEURAL+TRANSMISSION+aims+scope+instructions+for+authors+APC
323,2-Q1且IF小于5,2,Forensic Science International-Genetics,FORENSIC SCI INT-GEN,1872-4973,1878-0326,3.6,3.7,Q1,2/24,Q1,Q1,1.33,93.8,130.0,6581.0,"GENETICS & HEREDITY; MEDICINE, LEGAL","GENETICS & HEREDITY(JIF Q2/JCI Q1) | MEDICINE, LEGAL(JIF Q1/JCI Q1)",ELSEVIER IRELAND LTD,Elsevier,是,SCIE,混合为主,"订阅路线通常无APC；Gold OA常见 USD 2,200-4,200",中,https://www.elsevier.com/open-access/agreements,https://www.google.com/search?q=Forensic+Science+International-Genetics+aims+scope+instructions+for+authors+APC
324,2-Q1且IF小于5,2,Brain Structure & Function,BRAIN STRUCT FUNCT,1863-2653,1863-2661,3.0,3.4,Q1,2/25,Q1,Q1,1.17,94.0,129.0,8730.0,ANATOMY & MORPHOLOGY; NEUROSCIENCES,ANATOMY & MORPHOLOGY(JIF Q1/JCI Q1) | NEUROSCIENCES(JIF Q3/JCI Q1),SPRINGER HEIDELBERG,Springer,是,SCIE,混合为主,"订阅路线通常无APC；选OA约 USD 2,790-4,290",中,https://www.springer.com/gp/open-access,https://www.google.com/search?q=Brain+Structure+&+Function+aims+scope+instructions+for+authors+APC
325,2-Q1且IF小于5,2,ACTA DERMATO-VENEREOLOGICA,ACTA DERM-VENEREOL,0001-5555,1651-2057,3.8,4.5,Q1,20/99,Q1,Q1,1.16,80.3,128.0,8886.0,DERMATOLOGY,DERMATOLOGY(JIF Q1/JCI Q1),ACTA DERMATO-VENEREOLOGICA,其他,是,SCIE,需核实,请查期刊官网 Author / Open Access 页面,未知,,https://www.google.com/search?q=ACTA+DERMATO-VENEREOLOGICA+aims+scope+instructions+for+authors+APC
326,2-Q1且IF小于5,2,Andrology,ANDROLOGY-US,2047-2919,2047-2927,3.4,3.8,Q1,2/8,Q1,Q1,1.26,81.3,128.0,6406.0,ANDROLOGY,ANDROLOGY(JIF Q1/JCI Q1),WILEY,Wiley,是,SCIE,混合为主,"订阅路线通常无APC；OnlineOpen常见 USD 3,200-4,700",中,https://authorservices.wiley.com/author-resources/Journal-Authors/open-access/article-publication-charges.html,https://www.google.com/search?q=Andrology+aims+scope+instructions+for+authors+APC
327,2-Q1且IF小于5,2,Pediatric Critical Care Medicine,PEDIATR CRIT CARE ME,1529-7535,1947-3893,4.9,4.0,Q1,6/190,Q1,Q1,1.77,97.1,127.0,9202.0,CRITICAL CARE MEDICINE; PEDIATRICS,CRITICAL CARE MEDICINE(JIF Q1/JCI Q1) | PEDIATRICS(JIF Q1/JCI Q1),LIPPINCOTT WILLIAMS & WILKINS,Wolters Kluwer/LWW,是,SCIE,混合为主,"订阅路线通常无APC；OA常见 USD 2,000-4,000；MEDICINE已拉黑",中,https://wkauthorservices.editage.com/open-access/,https://www.google.com/search?q=Pediatric+Critical+Care+Medicine+aims+scope+instructions+for+authors+APC
328,2-Q1且IF小于5,2,AMERICAN JOURNAL OF PATHOLOGY,AM J PATHOL,0002-9440,1525-2191,4.9,5.5,Q1,9/89,Q1,Q1,1.64,90.4,127.0,31787.0,PATHOLOGY,PATHOLOGY(JIF Q1/JCI Q1),ELSEVIER SCIENCE INC,Elsevier,是,SCIE,混合为主,"订阅路线通常无APC；Gold OA常见 USD 2,200-4,200",中,https://www.elsevier.com/open-access/agreements,https://www.google.com/search?q=AMERICAN+JOURNAL+OF+PATHOLOGY+aims+scope+instructions+for+authors+APC
329,2-Q1且IF小于5,2,Contact Lens & Anterior Eye,CONTACT LENS ANTERIO,1367-0484,1476-5411,4.2,4.4,Q1,18/98,Q1,Q1,1.77,82.1,126.0,4003.0,OPHTHALMOLOGY,OPHTHALMOLOGY(JIF Q1/JCI Q1),ELSEVIER,Elsevier,是,SCIE,混合为主,"订阅路线通常无APC；Gold OA常见 USD 2,200-4,200",中,https://www.elsevier.com/open-access/agreements,https://www.google.com/search?q=Contact+Lens+&+Anterior+Eye+aims+scope+instructions+for+authors+APC
330,2-Q1且IF小于5,2,MENOPAUSE-The Journal of the Menopause Society,MENOPAUSE,1072-3714,1530-0374,3.9,3.8,Q1,18/143,Q1,Q1,1.3,87.8,126.0,8950.0,OBSTETRICS & GYNECOLOGY,OBSTETRICS & GYNECOLOGY(JIF Q1/JCI Q1),LIPPINCOTT WILLIAMS & WILKINS,Wolters Kluwer/LWW,是,SCIE,混合为主,"订阅路线通常无APC；OA常见 USD 2,000-4,000；MEDICINE已拉黑",中,https://wkauthorservices.editage.com/open-access/,https://www.google.com/search?q=MENOPAUSE-The+Journal+of+the+Menopause+Society+aims+scope+instructions+for+authors+APC
331,2-Q1且IF小于5,2,Disease Models & Mechanisms,DIS MODEL MECH,1754-8403,1754-8411,3.6,4.2,Q1,21/89,Q2,Q2,0.89,77.0,126.0,8327.0,"CELL BIOLOGY; MEDICINE, RESEARCH & EXPERIMENTAL; PATHOLOGY","CELL BIOLOGY(JIF Q3/JCI Q2) | MEDICINE, RESEARCH & EXPERIMENTAL(JIF Q2/JCI Q2) | PATHOLOGY(JIF Q1/JCI Q2)",COMPANY BIOLOGISTS LTD,其他,是,SCIE,需核实,请查期刊官网 Author / Open Access 页面,未知,,https://www.google.com/search?q=Disease+Models+&+Mechanisms+aims+scope+instructions+for+authors+APC
332,2-Q1且IF小于5,2,JOURNAL OF NEUROSURGERY-SPINE,J NEUROSURG-SPINE,1547-5654,1547-5646,3.9,3.7,Q1,34/321,Q1,Q1,1.33,89.6,125.0,11194.0,CLINICAL NEUROLOGY; SURGERY,CLINICAL NEUROLOGY(JIF Q2/JCI Q1) | SURGERY(JIF Q1/JCI Q1),AMER ASSOC NEUROLOGICAL SURGEONS,其他,是,SCIE,需核实,请查期刊官网 Author / Open Access 页面,未知,,https://www.google.com/search?q=JOURNAL+OF+NEUROSURGERY-SPINE+aims+scope+instructions+for+authors+APC
333,2-Q1且IF小于5,2,JOURNAL OF PERIODONTOLOGY,J PERIODONTOL,0022-3492,1943-3670,4.5,5.1,Q1,18/165,Q1,Q1,1.84,89.4,124.0,18878.0,"DENTISTRY, ORAL SURGERY & MEDICINE","DENTISTRY, ORAL SURGERY & MEDICINE(JIF Q1/JCI Q1)",WILEY,Wiley,是,SCIE,混合为主,"订阅路线通常无APC；OnlineOpen常见 USD 3,200-4,700",中,https://authorservices.wiley.com/author-resources/Journal-Authors/open-access/article-publication-charges.html,https://www.google.com/search?q=JOURNAL+OF+PERIODONTOLOGY+aims+scope+instructions+for+authors+APC
334,2-Q1且IF小于5,2,Research Involvement and Engagement,RES INVOLVE ENGAGEM,,2056-7529,4.1,,Q1,12/125,Q1,Q1,1.17,90.8,124.0,2678.0,HEALTH CARE SCIENCES & SERVICES; HEALTH POLICY & SERVICES,HEALTH CARE SCIENCES & SERVICES(JIF Q1/JCI Q1) | HEALTH POLICY & SERVICES(JIF Q1/JCI Q1),SPRINGERNATURE,Springer Nature,否,ESCI,混合/全OA,"全OA约 USD 2,090-3,490；Nature系更高；Scientific Reports已拉黑",中高,https://www.springernature.com/gp/open-research/journals-books/journals,https://www.google.com/search?q=Research+Involvement+and+Engagement+aims+scope+instructions+for+authors+APC
335,2-Q1且IF小于5,2,DISEASES OF THE COLON & RECTUM,DIS COLON RECTUM,0012-3706,1530-0358,3.1,3.5,Q1,59/321,Q1,Q1,1.17,81.8,123.0,12835.0,GASTROENTEROLOGY & HEPATOLOGY; SURGERY,GASTROENTEROLOGY & HEPATOLOGY(JIF Q2/JCI Q1) | SURGERY(JIF Q1/JCI Q1),LIPPINCOTT WILLIAMS & WILKINS,Wolters Kluwer/LWW,是,SCIE,混合为主,"订阅路线通常无APC；OA常见 USD 2,000-4,000；MEDICINE已拉黑",中,https://wkauthorservices.editage.com/open-access/,https://www.google.com/search?q=DISEASES+OF+THE+COLON+&+RECTUM+aims+scope+instructions+for+authors+APC
336,2-Q1且IF小于5,2,Journal of Vascular Surgery-Venous and Lymphatic Disorders,J VASC SURG-VENOUS L,2213-333X,2213-333X,3.1,3.0,Q1,59/321,Q1,Q1,1.05,81.8,123.0,3488.0,PERIPHERAL VASCULAR DISEASE; SURGERY,PERIPHERAL VASCULAR DISEASE(JIF Q2/JCI Q1) | SURGERY(JIF Q1/JCI Q1),ELSEVIER,Elsevier,是,SCIE,混合为主,"订阅路线通常无APC；Gold OA常见 USD 2,200-4,200",中,https://www.elsevier.com/open-access/agreements,https://www.google.com/search?q=Journal+of+Vascular+Surgery-Venous+and+Lymphatic+Disorders+aims+scope+instructions+for+authors+APC
337,2-Q1且IF小于5,2,Nurse Educator,NURS EDUC,0363-3624,1538-9855,2.8,3.0,Q1,36/194,Q1,Q1,1.13,81.7,123.0,2800.0,NURSING,NURSING(JIF Q1/JCI Q1),LIPPINCOTT WILLIAMS & WILKINS,Wolters Kluwer/LWW,是,"SCIE, SSCI",混合为主,"订阅路线通常无APC；OA常见 USD 2,000-4,000；MEDICINE已拉黑",中,https://wkauthorservices.editage.com/open-access/,https://www.google.com/search?q=Nurse+Educator+aims+scope+instructions+for+authors+APC
338,2-Q1且IF小于5,2,JOURNAL OF CATARACT AND REFRACTIVE SURGERY,J CATARACT REFR SURG,0886-3350,1873-4502,3.7,3.4,Q1,42/321,Q1,Q1,1.45,87.1,122.0,13657.0,OPHTHALMOLOGY; SURGERY,OPHTHALMOLOGY(JIF Q1/JCI Q1) | SURGERY(JIF Q1/JCI Q1),LIPPINCOTT WILLIAMS & WILKINS,Wolters Kluwer/LWW,是,SCIE,混合为主,"订阅路线通常无APC；OA常见 USD 2,000-4,000；MEDICINE已拉黑",中,https://wkauthorservices.editage.com/open-access/,https://www.google.com/search?q=JOURNAL+OF+CATARACT+AND+REFRACTIVE+SURGERY+aims+scope+instructions+for+authors+APC
339,2-Q1且IF小于5,2,European Journal of Health Economics,EUR J HEALTH ECON,1618-7598,1618-7601,3.1,4.1,Q1,135/626,Q1,Q1,0.99,75.6,122.0,4569.0,HEALTH POLICY & SERVICES,HEALTH POLICY & SERVICES(JIF Q1/JCI Q1),SPRINGER,Springer,否,SSCI,混合为主,"订阅路线通常无APC；选OA约 USD 2,790-4,290",中,https://www.springer.com/gp/open-access,https://www.google.com/search?q=European+Journal+of+Health+Economics+aims+scope+instructions+for+authors+APC
340,2-Q1且IF小于5,2,International Forum of Allergy & Rhinology,INT FORUM ALLERGY RH,2042-6976,2042-6984,4.9,4.9,Q1,3/67,Q1,Q1,2.24,96.3,121.0,6078.0,OTORHINOLARYNGOLOGY,OTORHINOLARYNGOLOGY(JIF Q1/JCI Q1),WILEY,Wiley,是,SCIE,混合为主,"订阅路线通常无APC；OnlineOpen常见 USD 3,200-4,700",中,https://authorservices.wiley.com/author-resources/Journal-Authors/open-access/article-publication-charges.html,https://www.google.com/search?q=International+Forum+of+Allergy+&+Rhinology+aims+scope+instructions+for+authors+APC
341,2-Q1且IF小于5,2,JOURNAL OF MOLECULAR AND CELLULAR CARDIOLOGY,J MOL CELL CARDIOL,0022-2828,1095-8584,4.9,5.4,Q1,54/237,Q2,Q2,0.93,77.4,121.0,14293.0,CARDIAC & CARDIOVASCULAR SYSTEMS; CELL BIOLOGY,CARDIAC & CARDIOVASCULAR SYSTEMS(JIF Q1/JCI Q2) | CELL BIOLOGY(JIF Q2/JCI Q2),ELSEVIER SCI LTD,Elsevier,是,SCIE,混合为主,"订阅路线通常无APC；Gold OA常见 USD 2,200-4,200",中,https://www.elsevier.com/open-access/agreements,https://www.google.com/search?q=JOURNAL+OF+MOLECULAR+AND+CELLULAR+CARDIOLOGY+aims+scope+instructions+for+authors+APC
342,2-Q1且IF小于5,2,AMERICAN JOURNAL OF ORTHODONTICS AND DENTOFACIAL ORTHOPEDICS,AM J ORTHOD DENTOFAC,0889-5406,1097-6752,4.4,4.1,Q1,19/165,Q1,Q1,1.39,88.8,121.0,18206.0,"DENTISTRY, ORAL SURGERY & MEDICINE","DENTISTRY, ORAL SURGERY & MEDICINE(JIF Q1/JCI Q1)",MOSBY-ELSEVIER,Elsevier,是,SCIE,混合为主,"订阅路线通常无APC；Gold OA常见 USD 2,200-4,200",中,https://www.elsevier.com/open-access/agreements,https://www.google.com/search?q=AMERICAN+JOURNAL+OF+ORTHODONTICS+AND+DENTOFACIAL+ORTHOPEDICS+aims+scope+instructions+for+authors+APC
343,2-Q1且IF小于5,2,Surgery for Obesity and Related Diseases,SURG OBES RELAT DIS,1550-7289,1878-7533,3.2,3.4,Q1,55/321,Q1,Q1,1.75,83.0,121.0,8110.0,SURGERY,SURGERY(JIF Q1/JCI Q1),ELSEVIER SCIENCE INC,Elsevier,是,SCIE,混合为主,"订阅路线通常无APC；Gold OA常见 USD 2,200-4,200",中,https://www.elsevier.com/open-access/agreements,https://www.google.com/search?q=Surgery+for+Obesity+and+Related+Diseases+aims+scope+instructions+for+authors+APC
344,2-Q1且IF小于5,2,POSTGRADUATE MEDICAL JOURNAL,POSTGRAD MED J,0032-5473,1469-0756,3.6,3.3,Q1,64/336,Q1,Q1,0.89,81.1,120.0,7343.0,"MEDICINE, GENERAL & INTERNAL","MEDICINE, GENERAL & INTERNAL(JIF Q1/JCI Q1)",OXFORD UNIV PRESS,Oxford UP,是,SCIE,混合为主,订阅路线通常无APC；可选OA，费用因刊而异,中,https://academic.oup.com/pages/open-research/open-access,https://www.google.com/search?q=POSTGRADUATE+MEDICAL+JOURNAL+aims+scope+instructions+for+authors+APC
345,2-Q1且IF小于5,2,JMIR Serious Games,JMIR SERIOUS GAMES,2291-9279,2291-9279,4.7,6.1,Q1,56/443,Q1,Q1,1.16,87.5,119.0,3631.0,"HEALTH CARE SCIENCES & SERVICES; MEDICAL INFORMATICS; PUBLIC, ENVIRONMENTAL & OCCUPATIONAL HEALTH","HEALTH CARE SCIENCES & SERVICES(JIF Q1/JCI Q1) | MEDICAL INFORMATICS(JIF Q2/JCI Q2) | PUBLIC, ENVIRONMENTAL & OCCUPATIONAL HEALTH(JIF Q1/JCI Q1)","JMIR PUBLICATIONS, INC",其他,是,SCIE,需核实,请查期刊官网 Author / Open Access 页面,未知,,https://www.google.com/search?q=JMIR+Serious+Games+aims+scope+instructions+for+authors+APC
346,2-Q1且IF小于5,2,European Urology Open Science,EUR UROL OPEN SCI,2666-1691,2666-1683,4.3,4.2,Q1,18/134,Q1,Q1,1.36,86.9,119.0,2618.0,UROLOGY & NEPHROLOGY,UROLOGY & NEPHROLOGY(JIF Q1/JCI Q1),ELSEVIER,Elsevier,是,SCIE,混合为主,"订阅路线通常无APC；Gold OA常见 USD 2,200-4,200",中,https://www.elsevier.com/open-access/agreements,https://www.google.com/search?q=European+Urology+Open+Science+aims+scope+instructions+for+authors+APC
347,2-Q1且IF小于5,2,JOURNAL OF CLINICAL PSYCHIATRY,J CLIN PSYCHIAT,0160-6689,1555-2101,4.2,5.6,Q1,23/184,Q1,Q1,1.18,87.8,119.0,18359.0,"PSYCHIATRY; PSYCHOLOGY, CLINICAL","PSYCHIATRY(JIF Q1/JCI Q1) | PSYCHOLOGY, CLINICAL(JIF Q1/JCI Q1)",PHYSICIANS POSTGRADUATE PRESS,其他,是,"SCIE, SSCI; SSCI",需核实,请查期刊官网 Author / Open Access 页面,未知,,https://www.google.com/search?q=JOURNAL+OF+CLINICAL+PSYCHIATRY+aims+scope+instructions+for+authors+APC
348,2-Q1且IF小于5,2,Journal of Epidemiology and Global Health,J EPIDEMIOL GLOB HEA,2210-6006,2210-6014,4.0,5.2,Q1,79/443,Q1,Q1,1.1,82.3,119.0,3226.0,"PUBLIC, ENVIRONMENTAL & OCCUPATIONAL HEALTH","PUBLIC, ENVIRONMENTAL & OCCUPATIONAL HEALTH(JIF Q1/JCI Q1)",SPRINGERNATURE,Springer Nature,是,"SCIE, SSCI",混合/全OA,"全OA约 USD 2,090-3,490；Nature系更高；Scientific Reports已拉黑",中高,https://www.springernature.com/gp/open-research/journals-books/journals,https://www.google.com/search?q=Journal+of+Epidemiology+and+Global+Health+aims+scope+instructions+for+authors+APC
349,2-Q1且IF小于5,2,Osteoarthritis and Cartilage Open,OSTEOARTHR CARTIL OP,,2665-9131,2.9,,Q1,34/147,Q2,Q2,0.97,77.2,119.0,1238.0,ORTHOPEDICS; RHEUMATOLOGY,ORTHOPEDICS(JIF Q1/JCI Q2) | RHEUMATOLOGY(JIF Q2/JCI Q2),ELSEVIER,Elsevier,否,ESCI,混合为主,"订阅路线通常无APC；Gold OA常见 USD 2,200-4,200",中,https://www.elsevier.com/open-access/agreements,https://www.google.com/search?q=Osteoarthritis+and+Cartilage+Open+aims+scope+instructions+for+authors+APC
350,2-Q1且IF小于5,2,JOURNAL OF SCIENCE AND MEDICINE IN SPORT,J SCI MED SPORT,1440-2440,1878-1861,4.5,4.4,Q1,14/136,Q1,Q1,1.39,90.1,118.0,11372.0,SPORT SCIENCES,SPORT SCIENCES(JIF Q1/JCI Q1),ELSEVIER SCI LTD,Elsevier,是,SCIE,混合为主,"订阅路线通常无APC；Gold OA常见 USD 2,200-4,200",中,https://www.elsevier.com/open-access/agreements,https://www.google.com/search?q=JOURNAL+OF+SCIENCE+AND+MEDICINE+IN+SPORT+aims+scope+instructions+for+authors+APC
351,2-Q1且IF小于5,2,Pain Reports,PAIN REP,,2471-2531,4.3,4.8,Q1,10/72,Q1,Q1,1.07,86.8,118.0,2727.0,ANESTHESIOLOGY; CLINICAL NEUROLOGY; NEUROSCIENCES,ANESTHESIOLOGY(JIF Q1/JCI Q1) | CLINICAL NEUROLOGY(JIF Q1/JCI Q1) | NEUROSCIENCES(JIF Q2/JCI Q1),LIPPINCOTT WILLIAMS & WILKINS,Wolters Kluwer/LWW,否,ESCI,混合为主,"订阅路线通常无APC；OA常见 USD 2,000-4,000；MEDICINE已拉黑",中,https://wkauthorservices.editage.com/open-access/,https://www.google.com/search?q=Pain+Reports+aims+scope+instructions+for+authors+APC
352,2-Q1且IF小于5,2,Disability and Health Journal,DISABIL HEALTH J,1936-6574,1876-7583,3.0,3.9,Q1,23/175,Q1,Q1,1.21,87.1,118.0,4352.0,"HEALTH CARE SCIENCES & SERVICES; HEALTH POLICY & SERVICES; PUBLIC, ENVIRONMENTAL & OCCUPATIONAL HEALTH; REHABILITATION","HEALTH CARE SCIENCES & SERVICES(JIF Q2/JCI Q1) | HEALTH POLICY & SERVICES(JIF Q2/JCI Q1) | PUBLIC, ENVIRONMENTAL & OCCUPATIONAL HEALTH(JIF Q2/JCI Q1) | REHABILITATION(JIF Q1/JCI Q1)",ELSEVIER SCIENCE INC,Elsevier,是,"SCIE; SSCI; SCIE, SSCI",混合为主,"订阅路线通常无APC；Gold OA常见 USD 2,200-4,200",中,https://www.elsevier.com/open-access/agreements,https://www.google.com/search?q=Disability+and+Health+Journal+aims+scope+instructions+for+authors+APC
353,2-Q1且IF小于5,2,IEEE Transactions on Cognitive and Developmental Systems,IEEE T COGN DEV SYST,2379-8920,2379-8939,4.7,5.1,Q1,77/330,Q1,Q1,1.11,76.8,117.0,4134.0,NEUROSCIENCES,NEUROSCIENCES(JIF Q1/JCI Q1),IEEE-INST ELECTRICAL ELECTRONICS ENGINEERS INC,IEEE,是,SCIE,混合/OA,因刊而异,中,https://open.ieee.org/,https://www.google.com/search?q=IEEE+Transactions+on+Cognitive+and+Developmental+Systems+aims+scope+instructions+for+authors+APC
354,2-Q1且IF小于5,2,International Journal of Clinical and Health Psychology,INT J CLIN HLTH PSYC,1697-2600,2174-0852,4.4,5.2,Q1,19/184,Q1,Q1,1.61,89.9,117.0,2920.0,"PSYCHOLOGY, CLINICAL","PSYCHOLOGY, CLINICAL(JIF Q1/JCI Q1)",ELSEVIER SCIENCE INC,Elsevier,否,SSCI,混合为主,"订阅路线通常无APC；Gold OA常见 USD 2,200-4,200",中,https://www.elsevier.com/open-access/agreements,https://www.google.com/search?q=International+Journal+of+Clinical+and+Health+Psychology+aims+scope+instructions+for+authors+APC
355,2-Q1且IF小于5,2,Breast Cancer,BREAST CANCER-TOKYO,1340-6868,1880-4233,3.7,3.6,Q1,21/143,Q2,Q2,0.96,85.7,117.0,3784.0,OBSTETRICS & GYNECOLOGY; ONCOLOGY,OBSTETRICS & GYNECOLOGY(JIF Q1/JCI Q2) | ONCOLOGY(JIF Q2/JCI Q2),SPRINGER JAPAN KK,Springer,是,SCIE,混合为主,"订阅路线通常无APC；选OA约 USD 2,790-4,290",中,https://www.springer.com/gp/open-access,https://www.google.com/search?q=Breast+Cancer+aims+scope+instructions+for+authors+APC
356,2-Q1且IF小于5,2,AMERICAN JOURNAL OF PHYSIOLOGY-RENAL PHYSIOLOGY,AM J PHYSIOL-RENAL,1931-857X,1522-1466,3.6,3.9,Q1,28/134,Q1,Q1,1.28,79.5,117.0,14668.0,UROLOGY & NEPHROLOGY,UROLOGY & NEPHROLOGY(JIF Q1/JCI Q1),AMER PHYSIOLOGICAL SOC,其他,是,SCIE,需核实,请查期刊官网 Author / Open Access 页面,未知,,https://www.google.com/search?q=AMERICAN+JOURNAL+OF+PHYSIOLOGY-RENAL+PHYSIOLOGY+aims+scope+instructions+for+authors+APC
357,2-Q1且IF小于5,2,CLINICS IN DERMATOLOGY,CLIN DERMATOL,0738-081X,1879-1131,3.5,2.7,Q1,22/99,Q1,Q1,1.28,78.3,117.0,5060.0,DERMATOLOGY,DERMATOLOGY(JIF Q1/JCI Q1),ELSEVIER SCIENCE INC,Elsevier,是,SCIE,混合为主,"订阅路线通常无APC；Gold OA常见 USD 2,200-4,200",中,https://www.elsevier.com/open-access/agreements,https://www.google.com/search?q=CLINICS+IN+DERMATOLOGY+aims+scope+instructions+for+authors+APC
358,2-Q1且IF小于5,2,NURSING ETHICS,NURS ETHICS,0969-7330,1477-0989,3.8,4.8,Q1,17/194,Q1,Q1,1.3,91.5,116.0,6469.0,NURSING,NURSING(JIF Q1/JCI Q1),SAGE PUBLICATIONS LTD,SAGE,是,"SSCI; SCIE, SSCI",混合为主,"订阅路线通常无APC；SAGE Choice常见 USD 2,000-4,000",中,https://us.sagepub.com/en-us/nam/sage-choice,https://www.google.com/search?q=NURSING+ETHICS+aims+scope+instructions+for+authors+APC
359,2-Q1且IF小于5,2,LIVER TRANSPLANTATION,LIVER TRANSPLANT,1527-6465,1527-6473,3.8,4.3,Q1,38/321,Q1,Q1,1.28,88.3,116.0,9804.0,GASTROENTEROLOGY & HEPATOLOGY; SURGERY; TRANSPLANTATION,GASTROENTEROLOGY & HEPATOLOGY(JIF Q2/JCI Q1) | SURGERY(JIF Q1/JCI Q1) | TRANSPLANTATION(JIF Q1/JCI Q1),LIPPINCOTT WILLIAMS & WILKINS,Wolters Kluwer/LWW,是,SCIE,混合为主,"订阅路线通常无APC；OA常见 USD 2,000-4,000；MEDICINE已拉黑",中,https://wkauthorservices.editage.com/open-access/,https://www.google.com/search?q=LIVER+TRANSPLANTATION+aims+scope+instructions+for+authors+APC
360,2-Q1且IF小于5,2,BJS Open,BJS OPEN,2474-9842,2474-9842,4.9,4.6,Q1,20/321,Q1,Q1,1.7,93.9,115.0,3986.0,SURGERY,SURGERY(JIF Q1/JCI Q1),OXFORD UNIV PRESS,Oxford UP,是,SCIE,混合为主,订阅路线通常无APC；可选OA，费用因刊而异,中,https://academic.oup.com/pages/open-research/open-access,https://www.google.com/search?q=BJS+Open+aims+scope+instructions+for+authors+APC
361,2-Q1且IF小于5,2,Journal of Diabetes Science and Technology,J DIABETES SCI TECHN,1932-2968,1932-2968,4.9,4.7,Q1,49/198,Q2,Q2,0.91,75.5,115.0,7841.0,ENDOCRINOLOGY & METABOLISM,ENDOCRINOLOGY & METABOLISM(JIF Q1/JCI Q2),SAGE PUBLICATIONS INC,SAGE,否,ESCI,混合为主,"订阅路线通常无APC；SAGE Choice常见 USD 2,000-4,000",中,https://us.sagepub.com/en-us/nam/sage-choice,https://www.google.com/search?q=Journal+of+Diabetes+Science+and+Technology+aims+scope+instructions+for+authors+APC
362,2-Q1且IF小于5,2,European Radiology Experimental,EUR RADIOL EXP,,2509-9280,4.7,4.6,Q1,35/217,Q1,Q1,1.28,84.1,115.0,2348.0,"RADIOLOGY, NUCLEAR MEDICINE & MEDICAL IMAGING","RADIOLOGY, NUCLEAR MEDICINE & MEDICAL IMAGING(JIF Q1/JCI Q1)",SPRINGER WIEN,Springer,否,ESCI,混合为主,"订阅路线通常无APC；选OA约 USD 2,790-4,290",中,https://www.springer.com/gp/open-access,https://www.google.com/search?q=European+Radiology+Experimental+aims+scope+instructions+for+authors+APC
363,2-Q1且IF小于5,2,JOURNAL OF REPRODUCTIVE IMMUNOLOGY,J REPROD IMMUNOL,0165-0378,1872-7603,3.5,3.5,Q1,25/143,Q1,Q1,1.05,82.9,115.0,4817.0,IMMUNOLOGY; OBSTETRICS & GYNECOLOGY; REPRODUCTIVE BIOLOGY,IMMUNOLOGY(JIF Q2/JCI Q1) | OBSTETRICS & GYNECOLOGY(JIF Q1/JCI Q1) | REPRODUCTIVE BIOLOGY(JIF Q1/JCI Q2),ELSEVIER IRELAND LTD,Elsevier,是,SCIE,混合为主,"订阅路线通常无APC；Gold OA常见 USD 2,200-4,200",中,https://www.elsevier.com/open-access/agreements,https://www.google.com/search?q=JOURNAL+OF+REPRODUCTIVE+IMMUNOLOGY+aims+scope+instructions+for+authors+APC
364,2-Q1且IF小于5,2,JOURNAL OF PROFESSIONAL NURSING,J PROF NURS,8755-7223,1532-8481,2.8,3.3,Q1,36/194,Q1,Q1,1.26,81.7,115.0,3740.0,NURSING,NURSING(JIF Q1/JCI Q1),W B SAUNDERS CO-ELSEVIER INC,Elsevier,是,"SCIE, SSCI",混合为主,"订阅路线通常无APC；Gold OA常见 USD 2,200-4,200",中,https://www.elsevier.com/open-access/agreements,https://www.google.com/search?q=JOURNAL+OF+PROFESSIONAL+NURSING+aims+scope+instructions+for+authors+APC
365,2-Q1且IF小于5,2,Jornal de Pediatria,J PEDIAT-BRAZIL,0021-7557,1678-4782,3.0,3.2,Q1,32/190,Q1,Q1,1.57,83.4,113.0,3517.0,PEDIATRICS,PEDIATRICS(JIF Q1/JCI Q1),SOC BRASIL PEDIATRIA,其他,是,SCIE,需核实,请查期刊官网 Author / Open Access 页面,未知,,https://www.google.com/search?q=Jornal+de+Pediatria+aims+scope+instructions+for+authors+APC
366,2-Q1且IF小于5,2,COMPLEMENTARY THERAPIES IN MEDICINE,COMPLEMENT THER MED,0965-2299,1873-6963,4.0,4.3,Q1,12/48,Q1,Q1,0.87,76.0,112.0,6820.0,INTEGRATIVE & COMPLEMENTARY MEDICINE,INTEGRATIVE & COMPLEMENTARY MEDICINE(JIF Q1/JCI Q1),CHURCHILL LIVINGSTONE,Elsevier,是,SCIE,混合为主,"订阅路线通常无APC；Gold OA常见 USD 2,200-4,200",中,https://www.elsevier.com/open-access/agreements,https://www.google.com/search?q=COMPLEMENTARY+THERAPIES+IN+MEDICINE+aims+scope+instructions+for+authors+APC
367,2-Q1且IF小于5,2,Influenza and Other Respiratory Viruses,INFLUENZA OTHER RESP,1750-2640,1750-2659,3.9,4.0,Q1,11/44,Q1,Q1,1.1,76.1,112.0,4428.0,INFECTIOUS DISEASES; VIROLOGY,INFECTIOUS DISEASES(JIF Q2/JCI Q1) | VIROLOGY(JIF Q1/JCI Q1),WILEY,Wiley,是,SCIE,混合为主,"订阅路线通常无APC；OnlineOpen常见 USD 3,200-4,700",中,https://authorservices.wiley.com/author-resources/Journal-Authors/open-access/article-publication-charges.html,https://www.google.com/search?q=Influenza+and+Other+Respiratory+Viruses+aims+scope+instructions+for+authors+APC
368,2-Q1且IF小于5,2,PSYCHOTHERAPY RESEARCH,PSYCHOTHER RES,1050-3307,1468-4381,3.8,4.1,Q1,27/184,Q1,Q1,1.13,85.6,112.0,4813.0,"PSYCHOLOGY, CLINICAL","PSYCHOLOGY, CLINICAL(JIF Q1/JCI Q1)","ROUTLEDGE JOURNALS, TAYLOR & FRANCIS LTD",Taylor & Francis,否,SSCI,混合为主,"订阅路线通常无APC；Open Select常见 USD 2,500-3,500",中,https://authorservices.taylorandfrancis.com/publishing-open-access/,https://www.google.com/search?q=PSYCHOTHERAPY+RESEARCH+aims+scope+instructions+for+authors+APC
369,2-Q1且IF小于5,2,Journal of Taibah University for Science,J TAIBAH UNIV SCI,1658-3655,1658-3655,3.6,3.1,Q1,34/140,Q1,Q1,0.95,76.1,112.0,3678.0,MULTIDISCIPLINARY SCIENCES,MULTIDISCIPLINARY SCIENCES(JIF Q1/JCI Q1),TAYLOR & FRANCIS LTD,Taylor & Francis,是,SCIE,混合为主,"订阅路线通常无APC；Open Select常见 USD 2,500-3,500",中,https://authorservices.taylorandfrancis.com/publishing-open-access/,https://www.google.com/search?q=Journal+of+Taibah+University+for+Science+aims+scope+instructions+for+authors+APC
370,2-Q1且IF小于5,2,Acta Orthopaedica,ACTA ORTHOP,1745-3674,1745-3682,3.4,3.5,Q1,26/147,Q1,Q1,1.2,82.7,112.0,8755.0,ORTHOPEDICS,ORTHOPEDICS(JIF Q1/JCI Q1),Medical Journal Sweden AB,其他,是,SCIE,需核实,请查期刊官网 Author / Open Access 页面,未知,,https://www.google.com/search?q=Acta+Orthopaedica+aims+scope+instructions+for+authors+APC
371,2-Q1且IF小于5,2,PEDIATRIC ALLERGY AND IMMUNOLOGY,PEDIAT ALLERG IMM-UK,0905-6157,1399-3038,4.5,4.3,Q1,8/190,Q1,Q1,1.24,96.1,111.0,6236.0,ALLERGY; IMMUNOLOGY; PEDIATRICS,ALLERGY(JIF Q2/JCI Q1) | IMMUNOLOGY(JIF Q2/JCI Q1) | PEDIATRICS(JIF Q1/JCI Q1),WILEY,Wiley,是,SCIE,混合为主,"订阅路线通常无APC；OnlineOpen常见 USD 3,200-4,700",中,https://authorservices.wiley.com/author-resources/Journal-Authors/open-access/article-publication-charges.html,https://www.google.com/search?q=PEDIATRIC+ALLERGY+AND+IMMUNOLOGY+aims+scope+instructions+for+authors+APC
372,2-Q1且IF小于5,2,Journal of the International Society of Sports Nutrition,J INT SOC SPORT NUTR,,1550-2783,4.9,5.5,Q1,11/136,Q1,Q1,1.22,92.3,110.0,4167.0,NUTRITION & DIETETICS; SPORT SCIENCES,NUTRITION & DIETETICS(JIF Q1/JCI Q1) | SPORT SCIENCES(JIF Q1/JCI Q1),TAYLOR & FRANCIS INC,Taylor & Francis,是,SCIE,混合为主,"订阅路线通常无APC；Open Select常见 USD 2,500-3,500",中,https://authorservices.taylorandfrancis.com/publishing-open-access/,https://www.google.com/search?q=Journal+of+the+International+Society+of+Sports+Nutrition+aims+scope+instructions+for+authors+APC
373,2-Q1且IF小于5,2,INTERNATIONAL NURSING REVIEW,INT NURS REV,0020-8132,1466-7657,4.8,4.8,Q1,9/194,Q1,Q1,1.84,95.6,109.0,4637.0,NURSING,NURSING(JIF Q1/JCI Q1),WILEY,Wiley,是,"SCIE, SSCI",混合为主,"订阅路线通常无APC；OnlineOpen常见 USD 3,200-4,700",中,https://authorservices.wiley.com/author-resources/Journal-Authors/open-access/article-publication-charges.html,https://www.google.com/search?q=INTERNATIONAL+NURSING+REVIEW+aims+scope+instructions+for+authors+APC
374,2-Q1且IF小于5,2,ACADEMIC EMERGENCY MEDICINE,ACAD EMERG MED,1069-6563,1553-2712,3.2,3.6,Q1,12/55,Q1,Q1,1.32,79.1,109.0,10374.0,EMERGENCY MEDICINE,EMERGENCY MEDICINE(JIF Q1/JCI Q1),WILEY,Wiley,是,SCIE,混合为主,"订阅路线通常无APC；OnlineOpen常见 USD 3,200-4,700",中,https://authorservices.wiley.com/author-resources/Journal-Authors/open-access/article-publication-charges.html,https://www.google.com/search?q=ACADEMIC+EMERGENCY+MEDICINE+aims+scope+instructions+for+authors+APC
375,2-Q1且IF小于5,2,LABORATORY INVESTIGATION,LAB INVEST,0023-6837,1530-0307,4.1,5.1,Q1,13/89,Q1,Q1,1.31,86.0,108.0,11875.0,"MEDICINE, RESEARCH & EXPERIMENTAL; PATHOLOGY","MEDICINE, RESEARCH & EXPERIMENTAL(JIF Q2/JCI Q1) | PATHOLOGY(JIF Q1/JCI Q1)",ELSEVIER SCIENCE INC,Elsevier,是,SCIE,混合为主,"订阅路线通常无APC；Gold OA常见 USD 2,200-4,200",中,https://www.elsevier.com/open-access/agreements,https://www.google.com/search?q=LABORATORY+INVESTIGATION+aims+scope+instructions+for+authors+APC
376,2-Q1且IF小于5,2,DEVELOPMENTAL MEDICINE AND CHILD NEUROLOGY,DEV MED CHILD NEUROL,0012-1622,1469-8749,3.7,4.8,Q1,16/190,Q1,Q1,1.39,91.8,108.0,16610.0,CLINICAL NEUROLOGY; PEDIATRICS,CLINICAL NEUROLOGY(JIF Q2/JCI Q1) | PEDIATRICS(JIF Q1/JCI Q1),WILEY,Wiley,是,SCIE,混合为主,"订阅路线通常无APC；OnlineOpen常见 USD 3,200-4,700",中,https://authorservices.wiley.com/author-resources/Journal-Authors/open-access/article-publication-charges.html,https://www.google.com/search?q=DEVELOPMENTAL+MEDICINE+AND+CHILD+NEUROLOGY+aims+scope+instructions+for+authors+APC
377,2-Q1且IF小于5,2,Women and Birth,WOMEN BIRTH,1871-5192,1878-1799,3.6,4.2,Q1,20/194,Q1,Q1,1.68,89.9,108.0,5135.0,NURSING; OBSTETRICS & GYNECOLOGY,NURSING(JIF Q1/JCI Q1) | OBSTETRICS & GYNECOLOGY(JIF Q1/JCI Q1),ELSEVIER,Elsevier,是,"SCIE, SSCI; SCIE",混合为主,"订阅路线通常无APC；Gold OA常见 USD 2,200-4,200",中,https://www.elsevier.com/open-access/agreements,https://www.google.com/search?q=Women+and+Birth+aims+scope+instructions+for+authors+APC
378,2-Q1且IF小于5,2,JOR Spine,JOR SPINE,2572-1143,2572-1143,3.9,4.6,Q1,20/147,Q1,Q1,1.47,86.7,107.0,1573.0,ORTHOPEDICS,ORTHOPEDICS(JIF Q1/JCI Q1),WILEY,Wiley,是,SCIE,混合为主,"订阅路线通常无APC；OnlineOpen常见 USD 3,200-4,700",中,https://authorservices.wiley.com/author-resources/Journal-Authors/open-access/article-publication-charges.html,https://www.google.com/search?q=JOR+Spine+aims+scope+instructions+for+authors+APC
379,2-Q1且IF小于5,2,Ticks and Tick-Borne Diseases,TICKS TICK-BORNE DIS,1877-959X,1877-9603,3.4,3.3,Q1,9/47,Q2,Q2,0.9,81.9,107.0,6299.0,INFECTIOUS DISEASES; MICROBIOLOGY; PARASITOLOGY,INFECTIOUS DISEASES(JIF Q2/JCI Q2) | MICROBIOLOGY(JIF Q3/JCI Q2) | PARASITOLOGY(JIF Q1/JCI Q2),ELSEVIER GMBH,Elsevier,是,SCIE,混合为主,"订阅路线通常无APC；Gold OA常见 USD 2,200-4,200",中,https://www.elsevier.com/open-access/agreements,https://www.google.com/search?q=Ticks+and+Tick-Borne+Diseases+aims+scope+instructions+for+authors+APC
380,2-Q1且IF小于5,2,Journal of Gynecologic Oncology,J GYNECOL ONCOL,2005-0380,2005-0399,4.2,3.9,Q1,15/143,Q1,Q1,1.28,89.9,106.0,3047.0,OBSTETRICS & GYNECOLOGY; ONCOLOGY,OBSTETRICS & GYNECOLOGY(JIF Q1/JCI Q1) | ONCOLOGY(JIF Q2/JCI Q1),KOREAN SOC GYNECOLOGY ONCOLOGY & COLPOSCOPY,其他,是,SCIE,需核实,请查期刊官网 Author / Open Access 页面,未知,,https://www.google.com/search?q=Journal+of+Gynecologic+Oncology+aims+scope+instructions+for+authors+APC
381,2-Q1且IF小于5,2,Clinical Implant Dentistry and Related Research,CLIN IMPLANT DENT R,1523-0899,1708-8208,3.9,4.7,Q1,25/165,Q1,Q1,1.49,85.2,106.0,6526.0,"DENTISTRY, ORAL SURGERY & MEDICINE","DENTISTRY, ORAL SURGERY & MEDICINE(JIF Q1/JCI Q1)",WILEY,Wiley,是,SCIE,混合为主,"订阅路线通常无APC；OnlineOpen常见 USD 3,200-4,700",中,https://authorservices.wiley.com/author-resources/Journal-Authors/open-access/article-publication-charges.html,https://www.google.com/search?q=Clinical+Implant+Dentistry+and+Related+Research+aims+scope+instructions+for+authors+APC
382,2-Q1且IF小于5,2,Sleep Health,SLEEP HEALTH,2352-7218,2352-7226,4.8,4.6,Q1,42/296,Q1,Q1,1.26,86.0,105.0,5144.0,CLINICAL NEUROLOGY,CLINICAL NEUROLOGY(JIF Q1/JCI Q1),ELSEVIER,Elsevier,是,SCIE,混合为主,"订阅路线通常无APC；Gold OA常见 USD 2,200-4,200",中,https://www.elsevier.com/open-access/agreements,https://www.google.com/search?q=Sleep+Health+aims+scope+instructions+for+authors+APC
383,2-Q1且IF小于5,2,Journal of ISAKOS Joint Disorders & Orthopaedic Sports Medicine,J ISAKOS,2059-7754,2059-7762,3.7,3.7,Q1,22/147,Q1,Q1,1.12,85.4,105.0,1847.0,ORTHOPEDICS; SPORT SCIENCES,ORTHOPEDICS(JIF Q1/JCI Q1) | SPORT SCIENCES(JIF Q1/JCI Q1),ELSEVIER,Elsevier,否,ESCI,混合为主,"订阅路线通常无APC；Gold OA常见 USD 2,200-4,200",中,https://www.elsevier.com/open-access/agreements,https://www.google.com/search?q=Journal+of+ISAKOS+Joint+Disorders+&+Orthopaedic+Sports+Medicine+aims+scope+instructions+for+authors+APC
384,2-Q1且IF小于5,2,EUROPEAN JOURNAL OF CLINICAL INVESTIGATION,EUR J CLIN INVEST,0014-2972,1365-2362,4.1,4.1,Q1,53/336,Q1,Q1,0.75,84.4,104.0,8955.0,"MEDICINE, GENERAL & INTERNAL; MEDICINE, RESEARCH & EXPERIMENTAL","MEDICINE, GENERAL & INTERNAL(JIF Q1/JCI Q1) | MEDICINE, RESEARCH & EXPERIMENTAL(JIF Q2/JCI Q2)",WILEY,Wiley,是,SCIE,混合为主,"订阅路线通常无APC；OnlineOpen常见 USD 3,200-4,700",中,https://authorservices.wiley.com/author-resources/Journal-Authors/open-access/article-publication-charges.html,https://www.google.com/search?q=EUROPEAN+JOURNAL+OF+CLINICAL+INVESTIGATION+aims+scope+instructions+for+authors+APC
385,2-Q1且IF小于5,2,JOURNAL OF MOLECULAR DIAGNOSTICS,J MOL DIAGN,1525-1578,1943-7811,3.9,3.7,Q1,16/89,Q1,Q1,1.62,82.6,104.0,5524.0,PATHOLOGY,PATHOLOGY(JIF Q1/JCI Q1),ELSEVIER SCIENCE INC,Elsevier,是,SCIE,混合为主,"订阅路线通常无APC；Gold OA常见 USD 2,200-4,200",中,https://www.elsevier.com/open-access/agreements,https://www.google.com/search?q=JOURNAL+OF+MOLECULAR+DIAGNOSTICS+aims+scope+instructions+for+authors+APC
386,2-Q1且IF小于5,2,JOURNAL OF RURAL HEALTH,J RURAL HEALTH,0890-765X,1748-0361,3.2,4.0,Q1,30/125,Q2,Q2,0.93,76.4,104.0,3956.0,"HEALTH CARE SCIENCES & SERVICES; HEALTH POLICY & SERVICES; PUBLIC, ENVIRONMENTAL & OCCUPATIONAL HEALTH","HEALTH CARE SCIENCES & SERVICES(JIF Q2/JCI Q2) | HEALTH POLICY & SERVICES(JIF Q1/JCI Q2) | PUBLIC, ENVIRONMENTAL & OCCUPATIONAL HEALTH(JIF Q2/JCI Q2)",WILEY,Wiley,是,"SCIE; SSCI; SCIE, SSCI",混合为主,"订阅路线通常无APC；OnlineOpen常见 USD 3,200-4,700",中,https://authorservices.wiley.com/author-resources/Journal-Authors/open-access/article-publication-charges.html,https://www.google.com/search?q=JOURNAL+OF+RURAL+HEALTH+aims+scope+instructions+for+authors+APC
387,2-Q1且IF小于5,2,Biological Psychiatry-Cognitive Neuroscience and Neuroimaging,BIOL PSYCHIAT-COGN N,2451-9022,2451-9030,4.9,5.8,Q1,44/293,Q1,Q1,1.33,85.2,103.0,5456.0,NEUROSCIENCES; PSYCHIATRY,NEUROSCIENCES(JIF Q1/JCI Q1) | PSYCHIATRY(JIF Q1/JCI Q1),ELSEVIER,Elsevier,是,SCIE,混合为主,"订阅路线通常无APC；Gold OA常见 USD 2,200-4,200",中,https://www.elsevier.com/open-access/agreements,https://www.google.com/search?q=Biological+Psychiatry-Cognitive+Neuroscience+and+Neuroimaging+aims+scope+instructions+for+authors+APC
388,2-Q1且IF小于5,2,IEEE Transactions on Radiation and Plasma Medical Sciences,IEEE T RADIAT PLASMA,2469-7311,2469-7303,3.8,4.1,Q1,49/217,Q1,Q1,1.25,77.6,103.0,2305.0,"RADIOLOGY, NUCLEAR MEDICINE & MEDICAL IMAGING","RADIOLOGY, NUCLEAR MEDICINE & MEDICAL IMAGING(JIF Q1/JCI Q1)",IEEE-INST ELECTRICAL ELECTRONICS ENGINEERS INC,IEEE,否,ESCI,混合/OA,因刊而异,中,https://open.ieee.org/,https://www.google.com/search?q=IEEE+Transactions+on+Radiation+and+Plasma+Medical+Sciences+aims+scope+instructions+for+authors+APC
389,2-Q1且IF小于5,2,Autism in Adulthood,AUTISM ADULTHOOD,2573-9581,2573-959X,4.2,8.3,Q1,6/175,Q1,Q1,1.91,96.9,101.0,2596.0,REHABILITATION,REHABILITATION(JIF Q1/JCI Q1),SAGE PUBLICATIONS INC,SAGE,否,SSCI,混合为主,"订阅路线通常无APC；SAGE Choice常见 USD 2,000-4,000",中,https://us.sagepub.com/en-us/nam/sage-choice,https://www.google.com/search?q=Autism+in+Adulthood+aims+scope+instructions+for+authors+APC
390,2-Q1且IF小于5,2,Therapeutic Advances in Neurological Disorders,THER ADV NEUROL DISO,1756-2856,1756-2864,4.0,4.5,Q1,68/296,Q1,Q1,1.03,77.2,101.0,3490.0,CLINICAL NEUROLOGY,CLINICAL NEUROLOGY(JIF Q1/JCI Q1),SAGE PUBLICATIONS LTD,SAGE,是,SCIE,混合为主,"订阅路线通常无APC；SAGE Choice常见 USD 2,000-4,000",中,https://us.sagepub.com/en-us/nam/sage-choice,https://www.google.com/search?q=Therapeutic+Advances+in+Neurological+Disorders+aims+scope+instructions+for+authors+APC
391,2-Q1且IF小于5,2,Physical Therapy,PHYS THER,0031-9023,1538-6724,3.3,4.3,Q1,17/175,Q1,Q1,1.5,90.6,101.0,16595.0,ORTHOPEDICS; REHABILITATION,ORTHOPEDICS(JIF Q1/JCI Q1) | REHABILITATION(JIF Q1/JCI Q1),OXFORD UNIV PRESS INC,Oxford UP,是,SCIE,混合为主,订阅路线通常无APC；可选OA，费用因刊而异,中,https://academic.oup.com/pages/open-research/open-access,https://www.google.com/search?q=Physical+Therapy+aims+scope+instructions+for+authors+APC
392,2-Q1且IF小于5,2,Practical Radiation Oncology,PRACT RADIAT ONCOL,1879-8500,1879-8500,3.9,3.6,Q1,46/217,Q1,Q1,1.04,79.0,100.0,3748.0,"ONCOLOGY; RADIOLOGY, NUCLEAR MEDICINE & MEDICAL IMAGING","ONCOLOGY(JIF Q2/JCI Q1) | RADIOLOGY, NUCLEAR MEDICINE & MEDICAL IMAGING(JIF Q1/JCI Q1)",ELSEVIER SCIENCE INC,Elsevier,是,SCIE,混合为主,"订阅路线通常无APC；Gold OA常见 USD 2,200-4,200",中,https://www.elsevier.com/open-access/agreements,https://www.google.com/search?q=Practical+Radiation+Oncology+aims+scope+instructions+for+authors+APC
393,2-Q1且IF小于5,2,Seminars in Oncology Nursing,SEMIN ONCOL NURS,0749-2081,1878-3449,3.2,3.1,Q1,25/194,Q2,Q2,0.9,87.4,100.0,3012.0,NURSING; ONCOLOGY,NURSING(JIF Q1/JCI Q2) | ONCOLOGY(JIF Q2/JCI Q2),ELSEVIER SCIENCE INC,Elsevier,是,"SCIE, SSCI; SCIE",混合为主,"订阅路线通常无APC；Gold OA常见 USD 2,200-4,200",中,https://www.elsevier.com/open-access/agreements,https://www.google.com/search?q=Seminars+in+Oncology+Nursing+aims+scope+instructions+for+authors+APC
394,2-Q1且IF小于5,2,AMERICAN JOURNAL OF OCCUPATIONAL THERAPY,AM J OCCUP THER,0272-9490,1943-7676,2.4,3.6,Q1,41/175,Q2,Q2,0.83,76.9,100.0,6777.0,REHABILITATION,REHABILITATION(JIF Q1/JCI Q2),"AMER OCCUPATIONAL THERAPY ASSOC, INC",其他,否,SSCI,需核实,请查期刊官网 Author / Open Access 页面,未知,,https://www.google.com/search?q=AMERICAN+JOURNAL+OF+OCCUPATIONAL+THERAPY+aims+scope+instructions+for+authors+APC
395,2-Q1且IF小于5,2,Health Economics Review,HEALTH ECON REV,2191-1991,2191-1991,3.4,3.6,Q1,23/125,Q2,Q1,0.9,82.0,99.0,1884.0,HEALTH POLICY & SERVICES,HEALTH POLICY & SERVICES(JIF Q1/JCI Q2),BMC,BMC,否,SSCI,全OA,"约 USD 1,990-2,890（旗舰刊更高）",高,https://www.biomedcentral.com/getpublished/article-processing-charges,https://www.google.com/search?q=Health+Economics+Review+aims+scope+instructions+for+authors+APC
396,2-Q1且IF小于5,2,International Journal of Neonatal Screening,INT J NEONAT SCREEN,,2409-515X,3.5,3.6,Q1,20/190,Q1,Q1,1.32,89.7,91.0,1622.0,GENETICS & HEREDITY; PEDIATRICS,GENETICS & HEREDITY(JIF Q2/JCI Q1) | PEDIATRICS(JIF Q1/JCI Q1),MDPI,MDPI,否,ESCI,全OA,"约 CHF 1,600-2,900（如 JCM=CHF 2,600）",高,https://www.mdpi.com/about/apc,https://www.google.com/search?q=International+Journal+of+Neonatal+Screening+aims+scope+instructions+for+authors+APC
397,2-Q1且IF小于5,2,International Breastfeeding Journal,INT BREASTFEED J,1746-4358,1746-4358,3.4,3.7,Q1,23/190,Q1,Q1,1.36,88.2,89.0,2660.0,OBSTETRICS & GYNECOLOGY; PEDIATRICS,OBSTETRICS & GYNECOLOGY(JIF Q1/JCI Q1) | PEDIATRICS(JIF Q1/JCI Q1),BMC,BMC,是,SCIE,全OA,"约 USD 1,990-2,890（旗舰刊更高）",高,https://www.biomedcentral.com/getpublished/article-processing-charges,https://www.google.com/search?q=International+Breastfeeding+Journal+aims+scope+instructions+for+authors+APC
398,2-Q1且IF小于5,2,Cost Effectiveness and Resource Allocation,COST EFFECT RESOUR A,1478-7547,1478-7547,3.1,2.9,Q1,31/125,Q2,Q2,0.79,75.6,86.0,1662.0,HEALTH POLICY & SERVICES,HEALTH POLICY & SERVICES(JIF Q1/JCI Q2),BMC,BMC,否,SSCI,全OA,"约 USD 1,990-2,890（旗舰刊更高）",高,https://www.biomedcentral.com/getpublished/article-processing-charges,https://www.google.com/search?q=Cost+Effectiveness+and+Resource+Allocation+aims+scope+instructions+for+authors+APC
399,2-Q1且IF小于5,2,Stroke and Vascular Neurology,STROKE VASC NEUROL,2059-8688,2059-8696,4.8,5.6,Q1,42/296,Q1,Q1,1.32,86.0,82.0,3496.0,CLINICAL NEUROLOGY,CLINICAL NEUROLOGY(JIF Q1/JCI Q1),BMJ PUBLISHING GROUP,BMJ,是,SCIE,混合/全OA,"BMJ Open约GBP 2,175；旗舰刊更高",高,https://authors.bmj.com/open-access/,https://www.google.com/search?q=Stroke+and+Vascular+Neurology+aims+scope+instructions+for+authors+APC
400,2-Q1且IF小于5,2,Frontiers in Computational Neuroscience,FRONT COMPUT NEUROSC,,1662-5188,3.3,3.2,Q1,16/67,Q2,Q2,0.66,76.9,82.0,4961.0,MATHEMATICAL & COMPUTATIONAL BIOLOGY; NEUROSCIENCES,MATHEMATICAL & COMPUTATIONAL BIOLOGY(JIF Q1/JCI Q2) | NEUROSCIENCES(JIF Q2/JCI Q3),FRONTIERS MEDIA SA,Frontiers,是,SCIE,全OA,"约 CHF 1,495-3,150（Frontiers in Medicine A类=CHF 3,150）",高,https://www.frontiersin.org/about/fee-policy,https://www.google.com/search?q=Frontiers+in+Computational+Neuroscience+aims+scope+instructions+for+authors+APC
401,2-Q1且IF小于5,1,CONTACT DERMATITIS,CONTACT DERMATITIS,0105-1873,1600-0536,4.1,4.3,Q1,17/99,Q1,Q1,1.13,83.3,99.0,6610.0,ALLERGY; DERMATOLOGY,ALLERGY(JIF Q2/JCI Q1) | DERMATOLOGY(JIF Q1/JCI Q1),WILEY,Wiley,是,SCIE,混合为主,"订阅路线通常无APC；OnlineOpen常见 USD 3,200-4,700",中,https://authorservices.wiley.com/author-resources/Journal-Authors/open-access/article-publication-charges.html,https://www.google.com/search?q=CONTACT+DERMATITIS+aims+scope+instructions+for+authors+APC
402,2-Q1且IF小于5,1,YONSEI MEDICAL JOURNAL,YONSEI MED J,0513-5796,1976-2437,3.1,2.8,Q1,71/336,Q1,Q1,0.8,79.0,99.0,5329.0,"MEDICINE, GENERAL & INTERNAL","MEDICINE, GENERAL & INTERNAL(JIF Q1/JCI Q1)",YONSEI UNIV COLL MEDICINE,其他,是,SCIE,需核实,请查期刊官网 Author / Open Access 页面,未知,,https://www.google.com/search?q=YONSEI+MEDICAL+JOURNAL+aims+scope+instructions+for+authors+APC
403,2-Q1且IF小于5,1,JOURNAL OF DRUG TARGETING,J DRUG TARGET,1061-186X,1029-2330,4.7,4.6,Q1,78/356,Q2,Q2,0.86,78.2,97.0,5622.0,PHARMACOLOGY & PHARMACY,PHARMACOLOGY & PHARMACY(JIF Q1/JCI Q2),TAYLOR & FRANCIS LTD,Taylor & Francis,是,SCIE,混合为主,"订阅路线通常无APC；Open Select常见 USD 2,500-3,500",中,https://authorservices.taylorandfrancis.com/publishing-open-access/,https://www.google.com/search?q=JOURNAL+OF+DRUG+TARGETING+aims+scope+instructions+for+authors+APC
404,2-Q1且IF小于5,1,Journal of Human Kinetics,J HUM KINET,1640-5544,1899-7562,4.0,3.6,Q1,17/136,Q1,Q1,1.18,87.9,97.0,4770.0,SPORT SCIENCES,SPORT SCIENCES(JIF Q1/JCI Q1),TERMEDIA PUBLISHING HOUSE LTD,其他,是,SCIE,需核实,请查期刊官网 Author / Open Access 页面,未知,,https://www.google.com/search?q=Journal+of+Human+Kinetics+aims+scope+instructions+for+authors+APC
405,2-Q1且IF小于5,1,DYSPHAGIA,DYSPHAGIA,0179-051X,1432-0460,2.3,3.1,Q1,13/67,Q1,Q1,1.36,81.3,97.0,6504.0,OTORHINOLARYNGOLOGY,OTORHINOLARYNGOLOGY(JIF Q1/JCI Q1),SPRINGER,Springer,是,SCIE,混合为主,"订阅路线通常无APC；选OA约 USD 2,790-4,290",中,https://www.springer.com/gp/open-access,https://www.google.com/search?q=DYSPHAGIA+aims+scope+instructions+for+authors+APC
406,2-Q1且IF小于5,1,JOURNAL OF HEAD TRAUMA REHABILITATION,J HEAD TRAUMA REHAB,0885-9701,1550-509X,3.3,3.2,Q1,17/175,Q1,Q1,1.32,90.6,96.0,4670.0,CLINICAL NEUROLOGY; REHABILITATION,CLINICAL NEUROLOGY(JIF Q2/JCI Q1) | REHABILITATION(JIF Q1/JCI Q1),LIPPINCOTT WILLIAMS & WILKINS,Wolters Kluwer/LWW,是,"SCIE; SCIE, SSCI",混合为主,"订阅路线通常无APC；OA常见 USD 2,000-4,000；MEDICINE已拉黑",中,https://wkauthorservices.editage.com/open-access/,https://www.google.com/search?q=JOURNAL+OF+HEAD+TRAUMA+REHABILITATION+aims+scope+instructions+for+authors+APC
407,2-Q1且IF小于5,1,JAACAP Open,JAACAP OPEN,,2949-7329,3.1,3.1,Q1,30/190,Q1,Q1,1.16,84.5,96.0,273.0,PEDIATRICS; PSYCHIATRY,PEDIATRICS(JIF Q1/JCI Q1) | PSYCHIATRY(JIF Q2/JCI Q1),ELSEVIER,Elsevier,否,ESCI,混合为主,"订阅路线通常无APC；Gold OA常见 USD 2,200-4,200",中,https://www.elsevier.com/open-access/agreements,https://www.google.com/search?q=JAACAP+Open+aims+scope+instructions+for+authors+APC
408,2-Q1且IF小于5,1,JOURNAL OF INTELLECTUAL DISABILITY RESEARCH,J INTELL DISABIL RES,0964-2633,1365-2788,2.4,2.9,Q1,8/62,Q2,Q2,0.88,76.9,95.0,5738.0,REHABILITATION,REHABILITATION(JIF Q1/JCI Q2),WILEY,Wiley,否,SSCI,混合为主,"订阅路线通常无APC；OnlineOpen常见 USD 3,200-4,700",中,https://authorservices.wiley.com/author-resources/Journal-Authors/open-access/article-publication-charges.html,https://www.google.com/search?q=JOURNAL+OF+INTELLECTUAL+DISABILITY+RESEARCH+aims+scope+instructions+for+authors+APC
409,2-Q1且IF小于5,1,Dental and Medical Problems,DENT MED PROBL,1644-387X,2300-9020,4.3,3.5,Q1,21/165,Q1,Q1,1.38,87.6,94.0,1812.0,"DENTISTRY, ORAL SURGERY & MEDICINE; MEDICINE, GENERAL & INTERNAL","DENTISTRY, ORAL SURGERY & MEDICINE(JIF Q1/JCI Q1) | MEDICINE, GENERAL & INTERNAL(JIF Q1/JCI Q1)",WROCLAW MEDICAL UNIV,其他,否,ESCI,需核实,请查期刊官网 Author / Open Access 页面,未知,,https://www.google.com/search?q=Dental+and+Medical+Problems+aims+scope+instructions+for+authors+APC
410,2-Q1且IF小于5,1,Progress in Disaster Science,PROG DISASTER SCI,2590-0617,2590-0617,4.0,4.5,Q1,79/443,Q2,Q2,0.84,82.3,94.0,1686.0,"PUBLIC, ENVIRONMENTAL & OCCUPATIONAL HEALTH","PUBLIC, ENVIRONMENTAL & OCCUPATIONAL HEALTH(JIF Q1/JCI Q2)",ELSEVIER,Elsevier,否,ESCI,混合为主,"订阅路线通常无APC；Gold OA常见 USD 2,200-4,200",中,https://www.elsevier.com/open-access/agreements,https://www.google.com/search?q=Progress+in+Disaster+Science+aims+scope+instructions+for+authors+APC
411,2-Q1且IF小于5,1,Health Policy and Technology,HEALTH POLICY TECHN,2211-8837,,3.4,3.8,Q1,23/125,Q1,Q1,1.18,82.0,94.0,1827.0,HEALTH POLICY & SERVICES,HEALTH POLICY & SERVICES(JIF Q1/JCI Q1),ELSEVIER SCI LTD,Elsevier,否,SSCI,混合为主,"订阅路线通常无APC；Gold OA常见 USD 2,200-4,200",中,https://www.elsevier.com/open-access/agreements,https://www.google.com/search?q=Health+Policy+and+Technology+aims+scope+instructions+for+authors+APC
412,2-Q1且IF小于5,1,Journal of Climate Change and Health,J CLIM CHANGE HEALTH,,2667-2782,4.5,6.0,Q1,58/443,Q2,Q2,0.81,87.0,93.0,1508.0,"PUBLIC, ENVIRONMENTAL & OCCUPATIONAL HEALTH","PUBLIC, ENVIRONMENTAL & OCCUPATIONAL HEALTH(JIF Q1/JCI Q2)",ELSEVIER,Elsevier,否,ESCI,混合为主,"订阅路线通常无APC；Gold OA常见 USD 2,200-4,200",中,https://www.elsevier.com/open-access/agreements,https://www.google.com/search?q=Journal+of+Climate+Change+and+Health+aims+scope+instructions+for+authors+APC
413,2-Q1且IF小于5,1,EUROPEAN JOURNAL OF ORTHODONTICS,EUR J ORTHODONT,0141-5387,1460-2210,4.2,3.9,Q1,22/165,Q1,Q1,1.29,87.0,93.0,6622.0,"DENTISTRY, ORAL SURGERY & MEDICINE","DENTISTRY, ORAL SURGERY & MEDICINE(JIF Q1/JCI Q1)",OXFORD UNIV PRESS,Oxford UP,是,SCIE,混合为主,订阅路线通常无APC；可选OA，费用因刊而异,中,https://academic.oup.com/pages/open-research/open-access,https://www.google.com/search?q=EUROPEAN+JOURNAL+OF+ORTHODONTICS+aims+scope+instructions+for+authors+APC
414,2-Q1且IF小于5,1,North American Spine Society Journal,N AM SPINE SOC J,,2666-5484,3.2,2.8,Q1,30/147,Q2,Q2,0.92,79.9,93.0,947.0,CLINICAL NEUROLOGY; ORTHOPEDICS,CLINICAL NEUROLOGY(JIF Q2/JCI Q2) | ORTHOPEDICS(JIF Q1/JCI Q2),ELSEVIER,Elsevier,否,ESCI,混合为主,"订阅路线通常无APC；Gold OA常见 USD 2,200-4,200",中,https://www.elsevier.com/open-access/agreements,https://www.google.com/search?q=North+American+Spine+Society+Journal+aims+scope+instructions+for+authors+APC
415,2-Q1且IF小于5,1,Journal of Emergency Nursing,J EMERG NURS,0099-1767,1527-2966,3.2,2.8,Q1,25/194,Q1,Q1,1.23,87.4,92.0,2402.0,EMERGENCY MEDICINE; NURSING,EMERGENCY MEDICINE(JIF Q1/JCI Q1) | NURSING(JIF Q1/JCI Q1),ELSEVIER SCIENCE INC,Elsevier,是,"SCIE; SCIE, SSCI",混合为主,"订阅路线通常无APC；Gold OA常见 USD 2,200-4,200",中,https://www.elsevier.com/open-access/agreements,https://www.google.com/search?q=Journal+of+Emergency+Nursing+aims+scope+instructions+for+authors+APC
416,2-Q1且IF小于5,1,EUROPEAN EATING DISORDERS REVIEW,EUR EAT DISORD REV,1072-4133,1099-0968,3.2,4.4,Q1,41/184,Q2,Q2,0.95,78.0,92.0,4467.0,"PSYCHIATRY; PSYCHOLOGY, CLINICAL","PSYCHIATRY(JIF Q2/JCI Q2) | PSYCHOLOGY, CLINICAL(JIF Q1/JCI Q2)",WILEY,Wiley,否,SSCI,混合为主,"订阅路线通常无APC；OnlineOpen常见 USD 3,200-4,700",中,https://authorservices.wiley.com/author-resources/Journal-Authors/open-access/article-publication-charges.html,https://www.google.com/search?q=EUROPEAN+EATING+DISORDERS+REVIEW+aims+scope+instructions+for+authors+APC
417,2-Q1且IF小于5,1,BDJ Open,BDJ OPEN,,2056-807X,3.1,2.8,Q1,41/165,Q1,Q1,1.12,75.5,92.0,878.0,"DENTISTRY, ORAL SURGERY & MEDICINE","DENTISTRY, ORAL SURGERY & MEDICINE(JIF Q1/JCI Q1)",SPRINGERNATURE,Springer Nature,否,ESCI,混合/全OA,"全OA约 USD 2,090-3,490；Nature系更高；Scientific Reports已拉黑",中高,https://www.springernature.com/gp/open-research/journals-books/journals,https://www.google.com/search?q=BDJ+Open+aims+scope+instructions+for+authors+APC
418,2-Q1且IF小于5,1,BIOMEDICAL AND ENVIRONMENTAL SCIENCES,BIOMED ENVIRON SCI,0895-3988,2214-0190,4.5,4.0,Q1,58/443,Q2,Q2,0.85,87.0,91.0,3537.0,"PUBLIC, ENVIRONMENTAL & OCCUPATIONAL HEALTH","PUBLIC, ENVIRONMENTAL & OCCUPATIONAL HEALTH(JIF Q1/JCI Q2)",CHINESE CENTER DISEASE CONTROL & PREVENTION,其他,是,SCIE,需核实,请查期刊官网 Author / Open Access 页面,未知,,https://www.google.com/search?q=BIOMEDICAL+AND+ENVIRONMENTAL+SCIENCES+aims+scope+instructions+for+authors+APC
419,2-Q1且IF小于5,1,EUROPEAN JOURNAL OF PAEDIATRIC NEUROLOGY,EUR J PAEDIATR NEURO,1090-3798,1532-2130,2.9,3.2,Q1,33/190,Q1,Q1,1.02,82.9,91.0,4266.0,CLINICAL NEUROLOGY; PEDIATRICS,CLINICAL NEUROLOGY(JIF Q2/JCI Q1) | PEDIATRICS(JIF Q1/JCI Q1),ELSEVIER SCI LTD,Elsevier,是,SCIE,混合为主,"订阅路线通常无APC；Gold OA常见 USD 2,200-4,200",中,https://www.elsevier.com/open-access/agreements,https://www.google.com/search?q=EUROPEAN+JOURNAL+OF+PAEDIATRIC+NEUROLOGY+aims+scope+instructions+for+authors+APC
420,2-Q1且IF小于5,1,DENTAL TRAUMATOLOGY,DENT TRAUMATOL,1600-4469,1600-9657,4.8,4.2,Q1,15/165,Q1,Q1,1.69,91.2,90.0,4539.0,"DENTISTRY, ORAL SURGERY & MEDICINE","DENTISTRY, ORAL SURGERY & MEDICINE(JIF Q1/JCI Q1)",WILEY,Wiley,是,SCIE,混合为主,"订阅路线通常无APC；OnlineOpen常见 USD 3,200-4,700",中,https://authorservices.wiley.com/author-resources/Journal-Authors/open-access/article-publication-charges.html,https://www.google.com/search?q=DENTAL+TRAUMATOLOGY+aims+scope+instructions+for+authors+APC
421,2-Q1且IF小于5,1,HEMATOLOGICAL ONCOLOGY,HEMATOL ONCOL,0278-0232,1099-1069,4.1,3.2,Q1,25/103,Q2,Q2,0.57,76.2,89.0,2674.0,HEMATOLOGY; ONCOLOGY,HEMATOLOGY(JIF Q1/JCI Q2) | ONCOLOGY(JIF Q2/JCI Q3),WILEY,Wiley,是,SCIE,混合为主,"订阅路线通常无APC；OnlineOpen常见 USD 3,200-4,700",中,https://authorservices.wiley.com/author-resources/Journal-Authors/open-access/article-publication-charges.html,https://www.google.com/search?q=HEMATOLOGICAL+ONCOLOGY+aims+scope+instructions+for+authors+APC
422,2-Q1且IF小于5,1,Research in Social & Administrative Pharmacy,RES SOC ADMIN PHARM,1551-7411,1934-8150,3.4,3.4,Q1,101/443,Q2,Q2,0.84,77.3,89.0,6064.0,"PUBLIC, ENVIRONMENTAL & OCCUPATIONAL HEALTH","PUBLIC, ENVIRONMENTAL & OCCUPATIONAL HEALTH(JIF Q1/JCI Q2)",ELSEVIER SCIENCE INC,Elsevier,否,SSCI,混合为主,"订阅路线通常无APC；Gold OA常见 USD 2,200-4,200",中,https://www.elsevier.com/open-access/agreements,https://www.google.com/search?q=Research+in+Social+&+Administrative+Pharmacy+aims+scope+instructions+for+authors+APC
423,2-Q1且IF小于5,1,ANNALS OF ANATOMY-ANATOMISCHER ANZEIGER,ANN ANAT,0940-9602,1618-0402,2.4,2.3,Q1,4/25,Q1,Q1,1.28,86.0,88.0,3766.0,ANATOMY & MORPHOLOGY,ANATOMY & MORPHOLOGY(JIF Q1/JCI Q1),ELSEVIER GMBH,Elsevier,是,SCIE,混合为主,"订阅路线通常无APC；Gold OA常见 USD 2,200-4,200",中,https://www.elsevier.com/open-access/agreements,https://www.google.com/search?q=ANNALS+OF+ANATOMY-ANATOMISCHER+ANZEIGER+aims+scope+instructions+for+authors+APC
424,2-Q1且IF小于5,1,DENTOMAXILLOFACIAL RADIOLOGY,DENTOMAXILLOFAC RAD,0250-832X,1476-542X,4.0,4.4,Q1,23/165,Q1,Q1,1.35,86.4,87.0,5131.0,"DENTISTRY, ORAL SURGERY & MEDICINE; RADIOLOGY, NUCLEAR MEDICINE & MEDICAL IMAGING","DENTISTRY, ORAL SURGERY & MEDICINE(JIF Q1/JCI Q1) | RADIOLOGY, NUCLEAR MEDICINE & MEDICAL IMAGING(JIF Q1/JCI Q1)",OXFORD UNIV PRESS,Oxford UP,是,SCIE,混合为主,订阅路线通常无APC；可选OA，费用因刊而异,中,https://academic.oup.com/pages/open-research/open-access,https://www.google.com/search?q=DENTOMAXILLOFACIAL+RADIOLOGY+aims+scope+instructions+for+authors+APC
425,2-Q1且IF小于5,1,PATHOLOGY,PATHOLOGY,0031-3025,1465-3931,3.9,3.7,Q1,16/89,Q1,Q1,1.2,82.6,87.0,4266.0,PATHOLOGY,PATHOLOGY(JIF Q1/JCI Q1),ELSEVIER,Elsevier,是,SCIE,混合为主,"订阅路线通常无APC；Gold OA常见 USD 2,200-4,200",中,https://www.elsevier.com/open-access/agreements,https://www.google.com/search?q=PATHOLOGY+aims+scope+instructions+for+authors+APC
426,2-Q1且IF小于5,1,Canadian Journal of Anesthesia-Journal canadien d anesthesie,CAN J ANESTH,0832-610X,1496-8975,3.6,3.6,Q1,16/72,Q1,Q1,1.26,78.5,87.0,6915.0,ANESTHESIOLOGY,ANESTHESIOLOGY(JIF Q1/JCI Q1),SPRINGER,Springer,是,SCIE,混合为主,"订阅路线通常无APC；选OA约 USD 2,790-4,290",中,https://www.springer.com/gp/open-access,https://www.google.com/search?q=Canadian+Journal+of+Anesthesia-Journal+canadien+d+anesthesie+aims+scope+instructions+for+authors+APC
427,2-Q1且IF小于5,1,JOURNAL OF TRAUMATIC STRESS,J TRAUMA STRESS,0894-9867,1573-6598,3.4,3.7,Q1,34/184,Q2,Q2,0.9,81.8,87.0,10567.0,"PSYCHIATRY; PSYCHOLOGY, CLINICAL","PSYCHIATRY(JIF Q2/JCI Q2) | PSYCHOLOGY, CLINICAL(JIF Q1/JCI Q2)",WILEY,Wiley,否,SSCI,混合为主,"订阅路线通常无APC；OnlineOpen常见 USD 3,200-4,700",中,https://authorservices.wiley.com/author-resources/Journal-Authors/open-access/article-publication-charges.html,https://www.google.com/search?q=JOURNAL+OF+TRAUMATIC+STRESS+aims+scope+instructions+for+authors+APC
428,2-Q1且IF小于5,1,PROGRESS IN NEUROBIOLOGY,PROG NEUROBIOL,0301-0082,1873-5118,4.6,7.3,Q1,81/330,Q1,Q1,1.29,75.6,86.0,14421.0,NEUROSCIENCES,NEUROSCIENCES(JIF Q1/JCI Q1),PERGAMON-ELSEVIER SCIENCE LTD,Elsevier,是,SCIE,混合为主,"订阅路线通常无APC；Gold OA常见 USD 2,200-4,200",中,https://www.elsevier.com/open-access/agreements,https://www.google.com/search?q=PROGRESS+IN+NEUROBIOLOGY+aims+scope+instructions+for+authors+APC
429,2-Q1且IF小于5,1,BEHAVIOR THERAPY,BEHAV THER,0005-7894,1878-1888,4.4,5.0,Q1,19/184,Q1,Q1,1.6,89.9,86.0,8105.0,"PSYCHIATRY; PSYCHOLOGY, CLINICAL","PSYCHIATRY(JIF Q1/JCI Q1) | PSYCHOLOGY, CLINICAL(JIF Q1/JCI Q1)",ELSEVIER INC,Elsevier,否,SSCI,混合为主,"订阅路线通常无APC；Gold OA常见 USD 2,200-4,200",中,https://www.elsevier.com/open-access/agreements,https://www.google.com/search?q=BEHAVIOR+THERAPY+aims+scope+instructions+for+authors+APC
430,2-Q1且IF小于5,1,JOURNAL OF HEALTH ECONOMICS,J HEALTH ECON,0167-6296,1879-1646,3.8,4.8,Q1,17/125,Q1,Q1,1.3,86.8,86.0,9256.0,HEALTH CARE SCIENCES & SERVICES; HEALTH POLICY & SERVICES,HEALTH CARE SCIENCES & SERVICES(JIF Q2/JCI Q1) | HEALTH POLICY & SERVICES(JIF Q1/JCI Q1),ELSEVIER,Elsevier,是,SSCI; SCIE,混合为主,"订阅路线通常无APC；Gold OA常见 USD 2,200-4,200",中,https://www.elsevier.com/open-access/agreements,https://www.google.com/search?q=JOURNAL+OF+HEALTH+ECONOMICS+aims+scope+instructions+for+authors+APC
431,2-Q1且IF小于5,1,Hormone Research in Paediatrics,HORM RES PAEDIAT,1663-2818,1663-2826,3.8,3.4,Q1,14/190,Q2,Q2,0.9,92.9,86.0,3709.0,ENDOCRINOLOGY & METABOLISM; PEDIATRICS,ENDOCRINOLOGY & METABOLISM(JIF Q2/JCI Q2) | PEDIATRICS(JIF Q1/JCI Q2),KARGER,Karger,是,SCIE,混合/OA,"因刊而异，常见 USD 2,500-3,800",中,https://karger.com/pages/Open-Access,https://www.google.com/search?q=Hormone+Research+in+Paediatrics+aims+scope+instructions+for+authors+APC
432,2-Q1且IF小于5,1,Journal of Otolaryngology-Head & Neck Surgery,J OTOLARYNGOL-HEAD N,,1916-0216,2.5,2.7,Q1,11/67,Q1,Q1,1.18,84.3,86.0,2748.0,OTORHINOLARYNGOLOGY,OTORHINOLARYNGOLOGY(JIF Q1/JCI Q1),SAGE PUBLICATIONS INC,SAGE,是,SCIE,混合为主,"订阅路线通常无APC；SAGE Choice常见 USD 2,000-4,000",中,https://us.sagepub.com/en-us/nam/sage-choice,https://www.google.com/search?q=Journal+of+Otolaryngology-Head+&+Neck+Surgery+aims+scope+instructions+for+authors+APC
433,2-Q1且IF小于5,1,Journal of Psychopathology and Clinical Science,J PSYCHOPATHOL CLIN,2769-7541,2769-755X,4.6,4.6,Q1,17/184,Q1,Q1,1.47,91.0,85.0,1182.0,"PSYCHIATRY; PSYCHOLOGY, CLINICAL","PSYCHIATRY(JIF Q1/JCI Q1) | PSYCHOLOGY, CLINICAL(JIF Q1/JCI Q1)",AMER PSYCHOLOGICAL ASSOC,其他,否,SSCI,需核实,请查期刊官网 Author / Open Access 页面,未知,,https://www.google.com/search?q=Journal+of+Psychopathology+and+Clinical+Science+aims+scope+instructions+for+authors+APC
434,2-Q1且IF小于5,1,EPIDEMIOLOGY,EPIDEMIOLOGY,1044-3983,1531-5487,4.4,5.4,Q1,60/443,Q1,Q1,1.29,86.6,85.0,16601.0,"PUBLIC, ENVIRONMENTAL & OCCUPATIONAL HEALTH","PUBLIC, ENVIRONMENTAL & OCCUPATIONAL HEALTH(JIF Q1/JCI Q1)",LIPPINCOTT WILLIAMS & WILKINS,Wolters Kluwer/LWW,是,"SCIE, SSCI",混合为主,"订阅路线通常无APC；OA常见 USD 2,000-4,000；MEDICINE已拉黑",中,https://wkauthorservices.editage.com/open-access/,https://www.google.com/search?q=EPIDEMIOLOGY+aims+scope+instructions+for+authors+APC
435,2-Q1且IF小于5,1,NEJM Catalyst Innovations in Care Delivery,NEJM CATAL INNOV CAR,,2642-0007,4.4,3.3,Q1,36/194,Q1,Q1,1.05,81.7,85.0,1113.0,HEALTH CARE SCIENCES & SERVICES,HEALTH CARE SCIENCES & SERVICES(JIF Q1/JCI Q1),MASSACHUSETTS MEDICAL SOC,其他,否,ESCI,需核实,请查期刊官网 Author / Open Access 页面,未知,,https://www.google.com/search?q=NEJM+Catalyst+Innovations+in+Care+Delivery+aims+scope+instructions+for+authors+APC
436,2-Q1且IF小于5,1,GENERAL HOSPITAL PSYCHIATRY,GEN HOSP PSYCHIAT,0163-8343,1873-7714,4.4,5.3,Q1,57/293,Q2,Q2,0.98,80.7,85.0,8301.0,PSYCHIATRY,PSYCHIATRY(JIF Q1/JCI Q2),ELSEVIER SCIENCE INC,Elsevier,是,"SCIE, SSCI",混合为主,"订阅路线通常无APC；Gold OA常见 USD 2,200-4,200",中,https://www.elsevier.com/open-access/agreements,https://www.google.com/search?q=GENERAL+HOSPITAL+PSYCHIATRY+aims+scope+instructions+for+authors+APC
437,2-Q1且IF小于5,1,AMERICAN JOURNAL OF NEPHROLOGY,AM J NEPHROL,0250-8095,1421-9670,3.8,4.2,Q1,25/134,Q1,Q1,1.19,81.7,84.0,5641.0,UROLOGY & NEPHROLOGY,UROLOGY & NEPHROLOGY(JIF Q1/JCI Q1),KARGER,Karger,是,SCIE,混合/OA,"因刊而异，常见 USD 2,500-3,800",中,https://karger.com/pages/Open-Access,https://www.google.com/search?q=AMERICAN+JOURNAL+OF+NEPHROLOGY+aims+scope+instructions+for+authors+APC
438,2-Q1且IF小于5,1,Pediatric Obesity,PEDIATR OBES,2047-6302,2047-6310,2.5,3.0,Q1,43/190,Q1,Q1,1.28,77.6,84.0,3454.0,PEDIATRICS,PEDIATRICS(JIF Q1/JCI Q1),WILEY,Wiley,是,SCIE,混合为主,"订阅路线通常无APC；OnlineOpen常见 USD 3,200-4,700",中,https://authorservices.wiley.com/author-resources/Journal-Authors/open-access/article-publication-charges.html,https://www.google.com/search?q=Pediatric+Obesity+aims+scope+instructions+for+authors+APC
439,2-Q1且IF小于5,1,CURRENT OPINION IN NEUROLOGY,CURR OPIN NEUROL,1350-7540,1473-6551,4.7,4.5,Q1,46/296,Q2,Q2,0.91,84.6,83.0,6465.0,CLINICAL NEUROLOGY; NEUROSCIENCES,CLINICAL NEUROLOGY(JIF Q1/JCI Q2) | NEUROSCIENCES(JIF Q1/JCI Q2),LIPPINCOTT WILLIAMS & WILKINS,Wolters Kluwer/LWW,是,SCIE,混合为主,"订阅路线通常无APC；OA常见 USD 2,000-4,000；MEDICINE已拉黑",中,https://wkauthorservices.editage.com/open-access/,https://www.google.com/search?q=CURRENT+OPINION+IN+NEUROLOGY+aims+scope+instructions+for+authors+APC
440,2-Q1且IF小于5,1,Internet Interventions-The Application of Information Technology in Mental and Behavioural Health,INTERNET INTERV,,2214-7829,3.8,4.7,Q1,27/184,Q1,Q1,1.07,85.6,83.0,3562.0,"HEALTH CARE SCIENCES & SERVICES; MEDICAL INFORMATICS; PSYCHIATRY; PSYCHOLOGY, CLINICAL","HEALTH CARE SCIENCES & SERVICES(JIF Q2/JCI Q1) | MEDICAL INFORMATICS(JIF Q3/JCI Q2) | PSYCHIATRY(JIF Q2/JCI Q1) | PSYCHOLOGY, CLINICAL(JIF Q1/JCI Q1)",ELSEVIER,Elsevier,是,SCIE; SSCI,混合为主,"订阅路线通常无APC；Gold OA常见 USD 2,200-4,200",中,https://www.elsevier.com/open-access/agreements,https://www.google.com/search?q=Internet+Interventions-The+Application+of+Information+Technology+in+Mental+and+Behavioural+Health+aims+scope+instructions+for+authors+APC
441,2-Q1且IF小于5,1,JCPP Advances,JCPP ADV,2692-9384,2692-9384,4.1,4.3,Q1,12/93,Q1,Q1,1.16,77.6,82.0,1050.0,PSYCHIATRY,PSYCHIATRY(JIF Q1/JCI Q1),WILEY,Wiley,否,ESCI,混合为主,"订阅路线通常无APC；OnlineOpen常见 USD 3,200-4,700",中,https://authorservices.wiley.com/author-resources/Journal-Authors/open-access/article-publication-charges.html,https://www.google.com/search?q=JCPP+Advances+aims+scope+instructions+for+authors+APC
442,2-Q1且IF小于5,1,EJNMMI Radiopharmacy and Chemistry,EJNMMI RADIOPHARM CH,,2365-421X,3.7,4.2,Q1,50/217,Q2,Q2,0.85,77.2,82.0,1303.0,"CHEMISTRY, MEDICINAL; RADIOLOGY, NUCLEAR MEDICINE & MEDICAL IMAGING","CHEMISTRY, MEDICINAL(JIF Q2/JCI Q2) | RADIOLOGY, NUCLEAR MEDICINE & MEDICAL IMAGING(JIF Q1/JCI Q2)",SPRINGERNATURE,Springer Nature,否,ESCI,混合/全OA,"全OA约 USD 2,090-3,490；Nature系更高；Scientific Reports已拉黑",中高,https://www.springernature.com/gp/open-research/journals-books/journals,https://www.google.com/search?q=EJNMMI+Radiopharmacy+and+Chemistry+aims+scope+instructions+for+authors+APC
443,2-Q1且IF小于5,1,Journal of the Pediatric Infectious Diseases Society,J PEDIAT INF DIS SOC,2048-7193,2048-7207,3.3,2.5,Q1,27/190,Q1,Q1,1.07,86.1,82.0,2830.0,INFECTIOUS DISEASES; PEDIATRICS,INFECTIOUS DISEASES(JIF Q2/JCI Q1) | PEDIATRICS(JIF Q1/JCI Q1),OXFORD UNIV PRESS,Oxford UP,是,SCIE,混合为主,订阅路线通常无APC；可选OA，费用因刊而异,中,https://academic.oup.com/pages/open-research/open-access,https://www.google.com/search?q=Journal+of+the+Pediatric+Infectious+Diseases+Society+aims+scope+instructions+for+authors+APC
444,2-Q1且IF小于5,1,DERMATOLOGY,DERMATOLOGY,1018-8665,1421-9832,3.6,3.9,Q1,21/99,Q2,Q2,1.11,79.3,81.0,6081.0,DERMATOLOGY,DERMATOLOGY(JIF Q1/JCI Q2),KARGER,Karger,是,SCIE,混合/OA,"因刊而异，常见 USD 2,500-3,800",中,https://karger.com/pages/Open-Access,https://www.google.com/search?q=DERMATOLOGY+aims+scope+instructions+for+authors+APC
445,2-Q1且IF小于5,1,Paediatrics & Child Health,PAED CHILD HEALT-CAN,1205-7088,1918-1485,2.5,2.3,Q1,43/190,Q3,Q3,0.58,77.6,81.0,2826.0,PEDIATRICS,PEDIATRICS(JIF Q1/JCI Q3),OXFORD UNIV PRESS INC,Oxford UP,是,SCIE,混合为主,订阅路线通常无APC；可选OA，费用因刊而异,中,https://academic.oup.com/pages/open-research/open-access,https://www.google.com/search?q=Paediatrics+&+Child+Health+aims+scope+instructions+for+authors+APC
446,2-Q1且IF小于5,1,VIROLOGICA SINICA,VIROL SIN,1674-0769,1995-820X,4.7,4.6,Q1,6/44,Q1,Q1,1.05,87.5,80.0,3121.0,VIROLOGY,VIROLOGY(JIF Q1/JCI Q1),KEAI PUBLISHING LTD,其他,是,SCIE,需核实,请查期刊官网 Author / Open Access 页面,未知,,https://www.google.com/search?q=VIROLOGICA+SINICA+aims+scope+instructions+for+authors+APC
447,2-Q1且IF小于5,1,JOURNAL OF URBAN HEALTH-BULLETIN OF THE NEW YORK ACADEMY OF MEDICINE,J URBAN HEALTH,1099-3460,1468-2869,3.2,4.3,Q1,68/336,Q1,Q1,1.04,79.9,80.0,6263.0,"MEDICINE, GENERAL & INTERNAL; PUBLIC, ENVIRONMENTAL & OCCUPATIONAL HEALTH","MEDICINE, GENERAL & INTERNAL(JIF Q1/JCI Q1) | PUBLIC, ENVIRONMENTAL & OCCUPATIONAL HEALTH(JIF Q2/JCI Q1)",SPRINGER,Springer,是,SCIE,混合为主,"订阅路线通常无APC；选OA约 USD 2,790-4,290",中,https://www.springer.com/gp/open-access,https://www.google.com/search?q=JOURNAL+OF+URBAN+HEALTH-BULLETIN+OF+THE+NEW+YORK+ACADEMY+OF+MEDICINE+aims+scope+instructions+for+authors+APC
448,2-Q1且IF小于5,1,CLINICAL MEDICINE,CLIN MED,1470-2118,1473-4893,3.9,4.2,Q1,59/336,Q1,Q1,1.6,82.6,79.0,6122.0,"MEDICINE, GENERAL & INTERNAL","MEDICINE, GENERAL & INTERNAL(JIF Q1/JCI Q1)",ROY COLL PHYS LONDON EDITORIAL OFFICE,其他,是,SCIE,需核实,请查期刊官网 Author / Open Access 页面,未知,,https://www.google.com/search?q=CLINICAL+MEDICINE+aims+scope+instructions+for+authors+APC
449,2-Q1且IF小于5,1,Frontiers in Big Data,FRONT BIG DATA,,2624-909X,3.8,4.0,Q1,30/140,Q2,Q2,0.52,78.9,79.0,2258.0,MULTIDISCIPLINARY SCIENCES,MULTIDISCIPLINARY SCIENCES(JIF Q1/JCI Q2),FRONTIERS MEDIA SA,Frontiers,否,ESCI,全OA,"约 CHF 1,495-3,150（Frontiers in Medicine A类=CHF 3,150）",高,https://www.frontiersin.org/about/fee-policy,https://www.google.com/search?q=Frontiers+in+Big+Data+aims+scope+instructions+for+authors+APC
450,2-Q1且IF小于5,1,HEALTH POLICY AND PLANNING,HEALTH POLICY PLANN,0268-1080,1460-2237,3.5,4.2,Q1,21/125,Q1,Q1,0.99,83.6,79.0,7635.0,HEALTH CARE SCIENCES & SERVICES; HEALTH POLICY & SERVICES,HEALTH CARE SCIENCES & SERVICES(JIF Q2/JCI Q2) | HEALTH POLICY & SERVICES(JIF Q1/JCI Q1),OXFORD UNIV PRESS,Oxford UP,是,SCIE; SSCI,混合为主,订阅路线通常无APC；可选OA，费用因刊而异,中,https://academic.oup.com/pages/open-research/open-access,https://www.google.com/search?q=HEALTH+POLICY+AND+PLANNING+aims+scope+instructions+for+authors+APC
451,2-Q1且IF小于5,1,PSYCHOLOGICAL ASSESSMENT,PSYCHOL ASSESSMENT,1040-3590,1939-134X,3.1,4.4,Q1,43/184,Q1,Q1,1.27,76.9,79.0,17496.0,"PSYCHOLOGY, CLINICAL","PSYCHOLOGY, CLINICAL(JIF Q1/JCI Q1)",AMER PSYCHOLOGICAL ASSOC,其他,否,SSCI,需核实,请查期刊官网 Author / Open Access 页面,未知,,https://www.google.com/search?q=PSYCHOLOGICAL+ASSESSMENT+aims+scope+instructions+for+authors+APC
452,2-Q1且IF小于5,1,Clinical Epidemiology,CLIN EPIDEMIOL,1179-1349,1179-1349,4.3,4.8,Q1,66/443,Q1,Q1,1.19,85.2,78.0,6859.0,"PUBLIC, ENVIRONMENTAL & OCCUPATIONAL HEALTH","PUBLIC, ENVIRONMENTAL & OCCUPATIONAL HEALTH(JIF Q1/JCI Q1)",DOVE MEDICAL PRESS LTD,其他,是,SCIE,需核实,请查期刊官网 Author / Open Access 页面,未知,,https://www.google.com/search?q=Clinical+Epidemiology+aims+scope+instructions+for+authors+APC
453,2-Q1且IF小于5,1,AUSTRALIAN AND NEW ZEALAND JOURNAL OF PSYCHIATRY,AUST NZ J PSYCHIAT,0004-8674,1440-1614,4.1,5.3,Q1,66/293,Q2,Q2,0.99,77.6,78.0,9187.0,PSYCHIATRY,PSYCHIATRY(JIF Q1/JCI Q2),SAGE PUBLICATIONS LTD,SAGE,是,"SCIE, SSCI",混合为主,"订阅路线通常无APC；SAGE Choice常见 USD 2,000-4,000",中,https://us.sagepub.com/en-us/nam/sage-choice,https://www.google.com/search?q=AUSTRALIAN+AND+NEW+ZEALAND+JOURNAL+OF+PSYCHIATRY+aims+scope+instructions+for+authors+APC
454,2-Q1且IF小于5,1,Biomolecules & Therapeutics,BIOMOL THER,1976-9148,2005-4483,4.9,4.2,Q1,74/356,Q2,Q2,0.81,79.4,77.0,3570.0,PHARMACOLOGY & PHARMACY,PHARMACOLOGY & PHARMACY(JIF Q1/JCI Q2),KOREAN SOC APPLIED PHARMACOLOGY,其他,是,SCIE,需核实,请查期刊官网 Author / Open Access 页面,未知,,https://www.google.com/search?q=Biomolecules+&+Therapeutics+aims+scope+instructions+for+authors+APC
455,2-Q1且IF小于5,1,Forecasting,FORECASTING-BASEL,,2571-9394,4.2,3.3,Q1,26/140,Q2,Q2,0.7,81.8,77.0,809.0,MULTIDISCIPLINARY SCIENCES,MULTIDISCIPLINARY SCIENCES(JIF Q1/JCI Q2),MDPI,MDPI,否,ESCI,全OA,"约 CHF 1,600-2,900（如 JCM=CHF 2,600）",高,https://www.mdpi.com/about/apc,https://www.google.com/search?q=Forecasting+aims+scope+instructions+for+authors+APC
456,2-Q1且IF小于5,1,Performance Enhancement & Health,PERFORM ENHANC HLTH,2211-2669,2211-2669,4.1,,Q1,15/136,Q1,Q1,1.21,89.3,77.0,511.0,SPORT SCIENCES; SUBSTANCE ABUSE,SPORT SCIENCES(JIF Q1/JCI Q1) | SUBSTANCE ABUSE(JIF Q1/JCI Q1),ELSEVIER,Elsevier,否,ESCI,混合为主,"订阅路线通常无APC；Gold OA常见 USD 2,200-4,200",中,https://www.elsevier.com/open-access/agreements,https://www.google.com/search?q=Performance+Enhancement+&+Health+aims+scope+instructions+for+authors+APC
457,2-Q1且IF小于5,1,PAIN MEDICINE,PAIN MED,1526-2375,1526-4637,4.0,4.0,Q1,12/72,Q1,Q1,1.15,84.0,77.0,11289.0,"ANESTHESIOLOGY; MEDICINE, GENERAL & INTERNAL","ANESTHESIOLOGY(JIF Q1/JCI Q1) | MEDICINE, GENERAL & INTERNAL(JIF Q1/JCI Q1)",OXFORD UNIV PRESS,Oxford UP,是,SCIE,混合为主,订阅路线通常无APC；可选OA，费用因刊而异,中,https://academic.oup.com/pages/open-research/open-access,https://www.google.com/search?q=PAIN+MEDICINE+aims+scope+instructions+for+authors+APC
458,2-Q1且IF小于5,1,NPJ Microgravity,NPJ MICROGRAVITY,,2373-8065,4.9,5.5,Q1,21/140,Q1,Q1,0.97,85.4,76.0,2500.0,MULTIDISCIPLINARY SCIENCES,MULTIDISCIPLINARY SCIENCES(JIF Q1/JCI Q1),NATURE PORTFOLIO,Springer Nature,是,SCIE,混合/全OA,"全OA约 USD 2,090-3,490；Nature系更高；Scientific Reports已拉黑",中高,https://www.springernature.com/gp/open-research/journals-books/journals,https://www.google.com/search?q=NPJ+Microgravity+aims+scope+instructions+for+authors+APC
459,2-Q1且IF小于5,1,JOURNAL OF RENAL NUTRITION,J RENAL NUTR,1051-2276,1532-8503,4.0,3.7,Q1,23/134,Q1,Q1,1.02,83.2,76.0,3475.0,NUTRITION & DIETETICS; UROLOGY & NEPHROLOGY,NUTRITION & DIETETICS(JIF Q2/JCI Q1) | UROLOGY & NEPHROLOGY(JIF Q1/JCI Q1),W B SAUNDERS CO-ELSEVIER INC,Elsevier,是,SCIE,混合为主,"订阅路线通常无APC；Gold OA常见 USD 2,200-4,200",中,https://www.elsevier.com/open-access/agreements,https://www.google.com/search?q=JOURNAL+OF+RENAL+NUTRITION+aims+scope+instructions+for+authors+APC
460,2-Q1且IF小于5,1,American Journal of Obstetrics & Gynecology MFM,AM J OBST GYNEC MFM,2589-9333,2589-9333,3.6,3.8,Q1,23/143,Q1,Q1,1.14,84.3,76.0,4039.0,OBSTETRICS & GYNECOLOGY,OBSTETRICS & GYNECOLOGY(JIF Q1/JCI Q1),ELSEVIER,Elsevier,是,SCIE,混合为主,"订阅路线通常无APC；Gold OA常见 USD 2,200-4,200",中,https://www.elsevier.com/open-access/agreements,https://www.google.com/search?q=American+Journal+of+Obstetrics+&+Gynecology+MFM+aims+scope+instructions+for+authors+APC
461,2-Q1且IF小于5,1,COGNITIVE BEHAVIOUR THERAPY,COGN BEHAV THERAPY,1650-6073,1651-2316,3.4,3.9,Q1,34/184,Q1,Q1,1.01,81.8,76.0,2738.0,"PSYCHOLOGY, CLINICAL","PSYCHOLOGY, CLINICAL(JIF Q1/JCI Q1)","ROUTLEDGE JOURNALS, TAYLOR & FRANCIS LTD",Taylor & Francis,否,SSCI,混合为主,"订阅路线通常无APC；Open Select常见 USD 2,500-3,500",中,https://authorservices.taylorandfrancis.com/publishing-open-access/,https://www.google.com/search?q=COGNITIVE+BEHAVIOUR+THERAPY+aims+scope+instructions+for+authors+APC
462,2-Q1且IF小于5,1,Journal of Psychiatric and Mental Health Nursing,J PSYCHIATR MENT HLT,1351-0126,1365-2850,3.1,3.6,Q1,28/194,Q2,Q2,0.84,85.8,76.0,4175.0,NURSING; PSYCHIATRY,NURSING(JIF Q1/JCI Q2) | PSYCHIATRY(JIF Q2/JCI Q2),WILEY,Wiley,是,"SCIE, SSCI",混合为主,"订阅路线通常无APC；OnlineOpen常见 USD 3,200-4,700",中,https://authorservices.wiley.com/author-resources/Journal-Authors/open-access/article-publication-charges.html,https://www.google.com/search?q=Journal+of+Psychiatric+and+Mental+Health+Nursing+aims+scope+instructions+for+authors+APC
463,2-Q1且IF小于5,1,European Thyroid Journal,EUR THYROID J,2235-0640,2235-0802,4.9,4.7,Q1,49/198,Q1,Q1,0.96,75.5,75.0,2719.0,ENDOCRINOLOGY & METABOLISM,ENDOCRINOLOGY & METABOLISM(JIF Q1/JCI Q1),BIOSCIENTIFICA LTD,其他,是,SCIE,需核实,请查期刊官网 Author / Open Access 页面,未知,,https://www.google.com/search?q=European+Thyroid+Journal+aims+scope+instructions+for+authors+APC
464,2-Q1且IF小于5,1,MEDICAL CLINICS OF NORTH AMERICA,MED CLIN N AM,0025-7125,1557-9859,4.5,7.1,Q1,49/336,Q1,Q1,1.16,85.6,75.0,6839.0,"MEDICINE, GENERAL & INTERNAL","MEDICINE, GENERAL & INTERNAL(JIF Q1/JCI Q1)",W B SAUNDERS CO-ELSEVIER INC,Elsevier,是,SCIE,混合为主,"订阅路线通常无APC；Gold OA常见 USD 2,200-4,200",中,https://www.elsevier.com/open-access/agreements,https://www.google.com/search?q=MEDICAL+CLINICS+OF+NORTH+AMERICA+aims+scope+instructions+for+authors+APC
465,2-Q1且IF小于5,1,GENETICS SELECTION EVOLUTION,GENET SEL EVOL,0999-193X,1297-9686,4.4,4.7,Q1,8/87,Q1,Q1,1.28,78.9,75.0,5008.0,GENETICS & HEREDITY,GENETICS & HEREDITY(JIF Q1/JCI Q1),BMC,BMC,是,SCIE,全OA,"约 USD 1,990-2,890（旗舰刊更高）",高,https://www.biomedcentral.com/getpublished/article-processing-charges,https://www.google.com/search?q=GENETICS+SELECTION+EVOLUTION+aims+scope+instructions+for+authors+APC
466,2-Q1且IF小于5,1,Environmental Epidemiology,ENVIRON EPIDEMIOL,,2474-7882,4.2,4.2,Q1,71/443,Q1,Q1,0.97,84.1,75.0,1419.0,"PUBLIC, ENVIRONMENTAL & OCCUPATIONAL HEALTH","PUBLIC, ENVIRONMENTAL & OCCUPATIONAL HEALTH(JIF Q1/JCI Q1)",LIPPINCOTT WILLIAMS & WILKINS,Wolters Kluwer/LWW,否,ESCI,混合为主,"订阅路线通常无APC；OA常见 USD 2,000-4,000；MEDICINE已拉黑",中,https://wkauthorservices.editage.com/open-access/,https://www.google.com/search?q=Environmental+Epidemiology+aims+scope+instructions+for+authors+APC
467,2-Q1且IF小于5,1,CANCER NURSING,CANCER NURS,0162-220X,1538-9804,2.6,3.1,Q1,44/194,Q2,Q2,0.88,77.6,75.0,5273.0,NURSING; ONCOLOGY,NURSING(JIF Q1/JCI Q2) | ONCOLOGY(JIF Q3/JCI Q2),LIPPINCOTT WILLIAMS & WILKINS,Wolters Kluwer/LWW,是,"SCIE, SSCI; SCIE",混合为主,"订阅路线通常无APC；OA常见 USD 2,000-4,000；MEDICINE已拉黑",中,https://wkauthorservices.editage.com/open-access/,https://www.google.com/search?q=CANCER+NURSING+aims+scope+instructions+for+authors+APC
468,2-Q1且IF小于5,1,CANADIAN JOURNAL OF PSYCHIATRY-REVUE CANADIENNE DE PSYCHIATRIE,CAN J PSYCHIAT,0706-7437,1497-0015,4.4,4.4,Q1,57/293,Q1,Q1,1.05,80.7,74.0,8175.0,PSYCHIATRY,PSYCHIATRY(JIF Q1/JCI Q1),SAGE PUBLICATIONS INC,SAGE,是,"SCIE, SSCI",混合为主,"订阅路线通常无APC；SAGE Choice常见 USD 2,000-4,000",中,https://us.sagepub.com/en-us/nam/sage-choice,https://www.google.com/search?q=CANADIAN+JOURNAL+OF+PSYCHIATRY-REVUE+CANADIENNE+DE+PSYCHIATRIE+aims+scope+instructions+for+authors+APC
469,2-Q1且IF小于5,1,INTERNATIONAL JOURNAL OF DERMATOLOGY,INT J DERMATOL,0011-9059,1365-4632,4.2,3.8,Q1,16/99,Q2,Q2,0.88,84.3,74.0,10741.0,DERMATOLOGY,DERMATOLOGY(JIF Q1/JCI Q2),WILEY,Wiley,是,SCIE,混合为主,"订阅路线通常无APC；OnlineOpen常见 USD 3,200-4,700",中,https://authorservices.wiley.com/author-resources/Journal-Authors/open-access/article-publication-charges.html,https://www.google.com/search?q=INTERNATIONAL+JOURNAL+OF+DERMATOLOGY+aims+scope+instructions+for+authors+APC
470,2-Q1且IF小于5,1,Clinical and Experimental Pediatrics,CLIN EXP PEDIATR,,2713-4148,3.9,4.4,Q1,13/190,Q1,Q1,1.24,93.4,74.0,1506.0,PEDIATRICS,PEDIATRICS(JIF Q1/JCI Q1),Korean Pediatric Soc,其他,否,ESCI,需核实,请查期刊官网 Author / Open Access 页面,未知,,https://www.google.com/search?q=Clinical+and+Experimental+Pediatrics+aims+scope+instructions+for+authors+APC
471,2-Q1且IF小于5,1,CLIMACTERIC,CLIMACTERIC,1369-7137,1473-0804,3.9,4.1,Q1,18/143,Q1,Q1,1.15,87.8,74.0,4764.0,OBSTETRICS & GYNECOLOGY,OBSTETRICS & GYNECOLOGY(JIF Q1/JCI Q1),TAYLOR & FRANCIS LTD,Taylor & Francis,是,SCIE,混合为主,"订阅路线通常无APC；Open Select常见 USD 2,500-3,500",中,https://authorservices.taylorandfrancis.com/publishing-open-access/,https://www.google.com/search?q=CLIMACTERIC+aims+scope+instructions+for+authors+APC
472,2-Q1且IF小于5,1,Drug and Alcohol Dependence Reports,DRUG ALC DEPEND REP,2772-7246,2772-7246,3.5,3.6,Q1,9/61,Q2,Q2,0.98,86.1,74.0,1077.0,PSYCHIATRY; SUBSTANCE ABUSE,PSYCHIATRY(JIF Q2/JCI Q2) | SUBSTANCE ABUSE(JIF Q1/JCI Q2),ELSEVIER,Elsevier,否,ESCI,混合为主,"订阅路线通常无APC；Gold OA常见 USD 2,200-4,200",中,https://www.elsevier.com/open-access/agreements,https://www.google.com/search?q=Drug+and+Alcohol+Dependence+Reports+aims+scope+instructions+for+authors+APC
473,2-Q1且IF小于5,1,LANGUAGE SPEECH AND HEARING SERVICES IN SCHOOLS,LANG SPEECH HEAR SER,0161-1461,1558-9129,3.0,3.4,Q1,3/35,Q1,Q1,1.38,92.9,74.0,3510.0,AUDIOLOGY & SPEECH-LANGUAGE PATHOLOGY; REHABILITATION,AUDIOLOGY & SPEECH-LANGUAGE PATHOLOGY(JIF Q1/JCI Q1) | REHABILITATION(JIF Q1/JCI Q1),AMER SPEECH-LANGUAGE-HEARING ASSOC,其他,是,SCIE; SSCI,需核实,请查期刊官网 Author / Open Access 页面,未知,,https://www.google.com/search?q=LANGUAGE+SPEECH+AND+HEARING+SERVICES+IN+SCHOOLS+aims+scope+instructions+for+authors+APC
474,2-Q1且IF小于5,1,CLINICAL ANATOMY,CLIN ANAT,0897-3806,1098-2353,2.4,2.6,Q1,4/25,Q1,Q1,1.28,86.0,74.0,6441.0,ANATOMY & MORPHOLOGY,ANATOMY & MORPHOLOGY(JIF Q1/JCI Q1),WILEY,Wiley,是,SCIE,混合为主,"订阅路线通常无APC；OnlineOpen常见 USD 3,200-4,700",中,https://authorservices.wiley.com/author-resources/Journal-Authors/open-access/article-publication-charges.html,https://www.google.com/search?q=CLINICAL+ANATOMY+aims+scope+instructions+for+authors+APC
475,2-Q1且IF小于5,1,NEUROREHABILITATION AND NEURAL REPAIR,NEUROREHAB NEURAL RE,1545-9683,1552-6844,4.0,5.1,Q1,7/175,Q1,Q1,1.43,96.3,73.0,7792.0,CLINICAL NEUROLOGY; REHABILITATION,CLINICAL NEUROLOGY(JIF Q1/JCI Q1) | REHABILITATION(JIF Q1/JCI Q1),SAGE PUBLICATIONS INC,SAGE,是,SCIE,混合为主,"订阅路线通常无APC；SAGE Choice常见 USD 2,000-4,000",中,https://us.sagepub.com/en-us/nam/sage-choice,https://www.google.com/search?q=NEUROREHABILITATION+AND+NEURAL+REPAIR+aims+scope+instructions+for+authors+APC
476,2-Q1且IF小于5,1,Neurological Research and Practice,NEUROL RES PRACT,,2524-3489,4.0,5.7,Q1,68/296,Q2,Q2,0.94,77.2,73.0,1493.0,CLINICAL NEUROLOGY,CLINICAL NEUROLOGY(JIF Q1/JCI Q2),SPRINGERNATURE,Springer Nature,否,ESCI,混合/全OA,"全OA约 USD 2,090-3,490；Nature系更高；Scientific Reports已拉黑",中高,https://www.springernature.com/gp/open-research/journals-books/journals,https://www.google.com/search?q=Neurological+Research+and+Practice+aims+scope+instructions+for+authors+APC
477,2-Q1且IF小于5,1,SALUD PUBLICA DE MEXICO,SALUD PUBLICA MEXICO,0036-3634,1606-7916,3.9,3.0,Q1,84/443,Q1,Q1,0.96,81.2,73.0,2810.0,"PUBLIC, ENVIRONMENTAL & OCCUPATIONAL HEALTH","PUBLIC, ENVIRONMENTAL & OCCUPATIONAL HEALTH(JIF Q1/JCI Q1)",INST NACIONAL SALUD PUBLICA,其他,否,SSCI,需核实,请查期刊官网 Author / Open Access 页面,未知,,https://www.google.com/search?q=SALUD+PUBLICA+DE+MEXICO+aims+scope+instructions+for+authors+APC
478,2-Q1且IF小于5,1,ANGLE ORTHODONTIST,ANGLE ORTHOD,0003-3219,1945-7103,3.7,4.1,Q1,30/165,Q1,Q1,1.47,82.1,73.0,9144.0,"DENTISTRY, ORAL SURGERY & MEDICINE","DENTISTRY, ORAL SURGERY & MEDICINE(JIF Q1/JCI Q1)","E H ANGLE EDUCATION RESEARCH FOUNDATION, INC",其他,是,SCIE,需核实,请查期刊官网 Author / Open Access 页面,未知,,https://www.google.com/search?q=ANGLE+ORTHODONTIST+aims+scope+instructions+for+authors+APC
479,2-Q1且IF小于5,1,Archives of Disease in Childhood-Fetal and Neonatal Edition,ARCH DIS CHILD-FETAL,1359-2998,1468-2052,3.5,4.1,Q1,20/190,Q1,Q1,1.56,89.7,73.0,7162.0,PEDIATRICS,PEDIATRICS(JIF Q1/JCI Q1),BMJ PUBLISHING GROUP,BMJ,是,SCIE,混合/全OA,"BMJ Open约GBP 2,175；旗舰刊更高",高,https://authors.bmj.com/open-access/,https://www.google.com/search?q=Archives+of+Disease+in+Childhood-Fetal+and+Neonatal+Edition+aims+scope+instructions+for+authors+APC
480,2-Q1且IF小于5,1,Ophthalmology Glaucoma,OPHTHALMOL GLAUCOMA,2589-4234,2589-4196,3.3,3.3,Q1,24/98,Q1,Q1,1.44,76.0,73.0,1381.0,OPHTHALMOLOGY,OPHTHALMOLOGY(JIF Q1/JCI Q1),ELSEVIER,Elsevier,否,ESCI,混合为主,"订阅路线通常无APC；Gold OA常见 USD 2,200-4,200",中,https://www.elsevier.com/open-access/agreements,https://www.google.com/search?q=Ophthalmology+Glaucoma+aims+scope+instructions+for+authors+APC
481,2-Q1且IF小于5,1,JMIR Rehabilitation and Assistive Technologies,JMIR REHABIL ASSIST,,2369-2529,3.1,,Q1,19/175,Q1,Q1,1.04,89.4,73.0,1034.0,HEALTH CARE SCIENCES & SERVICES; REHABILITATION,HEALTH CARE SCIENCES & SERVICES(JIF Q2/JCI Q1) | REHABILITATION(JIF Q1/JCI Q1),"JMIR PUBLICATIONS, INC",其他,否,ESCI,需核实,请查期刊官网 Author / Open Access 页面,未知,,https://www.google.com/search?q=JMIR+Rehabilitation+and+Assistive+Technologies+aims+scope+instructions+for+authors+APC
482,2-Q1且IF小于5,1,EVOLUTION AND HUMAN BEHAVIOR,EVOL HUM BEHAV,1090-5138,1879-0607,2.9,3.9,Q1,11/48,Q1,Q1,1.17,78.1,73.0,4954.0,"SOCIAL SCIENCES, BIOMEDICAL","SOCIAL SCIENCES, BIOMEDICAL(JIF Q1/JCI Q1)",ELSEVIER SCIENCE INC,Elsevier,是,SCIE; SSCI,混合为主,"订阅路线通常无APC；Gold OA常见 USD 2,200-4,200",中,https://www.elsevier.com/open-access/agreements,https://www.google.com/search?q=EVOLUTION+AND+HUMAN+BEHAVIOR+aims+scope+instructions+for+authors+APC
483,2-Q1且IF小于5,1,Pain and Therapy,PAIN THER,2193-8237,2193-651X,4.4,5.1,Q1,54/296,Q2,Q2,0.97,81.9,72.0,3045.0,CLINICAL NEUROLOGY,CLINICAL NEUROLOGY(JIF Q1/JCI Q2),SPRINGER INT PUBL AG,Springer,是,SCIE,混合为主,"订阅路线通常无APC；选OA约 USD 2,790-4,290",中,https://www.springer.com/gp/open-access,https://www.google.com/search?q=Pain+and+Therapy+aims+scope+instructions+for+authors+APC
484,2-Q1且IF小于5,1,WOUND REPAIR AND REGENERATION,WOUND REPAIR REGEN,1067-1927,1524-475X,4.3,4.2,Q1,28/321,Q1,Q1,1.15,91.4,72.0,7554.0,"CELL BIOLOGY; DERMATOLOGY; MEDICINE, RESEARCH & EXPERIMENTAL; SURGERY","CELL BIOLOGY(JIF Q2/JCI Q1) | DERMATOLOGY(JIF Q1/JCI Q1) | MEDICINE, RESEARCH & EXPERIMENTAL(JIF Q2/JCI Q1) | SURGERY(JIF Q1/JCI Q1)",WILEY,Wiley,是,SCIE,混合为主,"订阅路线通常无APC；OnlineOpen常见 USD 3,200-4,700",中,https://authorservices.wiley.com/author-resources/Journal-Authors/open-access/article-publication-charges.html,https://www.google.com/search?q=WOUND+REPAIR+AND+REGENERATION+aims+scope+instructions+for+authors+APC
485,2-Q1且IF小于5,1,Journal of Sports Science and Medicine,J SPORT SCI MED,1303-2968,1303-2968,4.1,4.3,Q1,15/136,Q1,Q1,1.29,89.3,72.0,5900.0,SPORT SCIENCES,SPORT SCIENCES(JIF Q1/JCI Q1),JOURNAL SPORTS SCIENCE & MEDICINE,其他,是,SCIE,需核实,请查期刊官网 Author / Open Access 页面,未知,,https://www.google.com/search?q=Journal+of+Sports+Science+and+Medicine+aims+scope+instructions+for+authors+APC
486,2-Q1且IF小于5,1,JOURNAL OF ELECTROMYOGRAPHY AND KINESIOLOGY,J ELECTROMYOGR KINES,1050-6411,1873-5711,2.7,3.2,Q1,31/175,Q2,Q2,0.93,82.6,72.0,6969.0,NEUROSCIENCES; REHABILITATION; SPORT SCIENCES,NEUROSCIENCES(JIF Q3/JCI Q2) | REHABILITATION(JIF Q1/JCI Q2) | SPORT SCIENCES(JIF Q2/JCI Q2),ELSEVIER SCI LTD,Elsevier,是,SCIE,混合为主,"订阅路线通常无APC；Gold OA常见 USD 2,200-4,200",中,https://www.elsevier.com/open-access/agreements,https://www.google.com/search?q=JOURNAL+OF+ELECTROMYOGRAPHY+AND+KINESIOLOGY+aims+scope+instructions+for+authors+APC
487,2-Q1且IF小于5,1,ANALES DE PEDIATRIA,AN PEDIATR,1695-4033,1695-9531,2.6,2.1,Q1,39/190,Q2,Q2,0.87,79.7,72.0,1610.0,PEDIATRICS,PEDIATRICS(JIF Q1/JCI Q2),EDICIONES DOYMA S A,其他,是,SCIE,需核实,请查期刊官网 Author / Open Access 页面,未知,,https://www.google.com/search?q=ANALES+DE+PEDIATRIA+aims+scope+instructions+for+authors+APC
488,2-Q1且IF小于5,1,COMPREHENSIVE PSYCHIATRY,COMPR PSYCHIAT,0010-440X,1532-8384,4.8,5.7,Q1,47/293,Q1,Q1,1.41,84.1,71.0,8957.0,PSYCHIATRY,PSYCHIATRY(JIF Q1/JCI Q1),W B SAUNDERS CO-ELSEVIER INC,Elsevier,是,"SCIE, SSCI",混合为主,"订阅路线通常无APC；Gold OA常见 USD 2,200-4,200",中,https://www.elsevier.com/open-access/agreements,https://www.google.com/search?q=COMPREHENSIVE+PSYCHIATRY+aims+scope+instructions+for+authors+APC
489,2-Q1且IF小于5,1,Kidney Research and Clinical Practice,KIDNEY RES CLIN PRAC,2211-9132,2211-9140,3.5,3.6,Q1,31/134,Q1,Q1,1.02,77.2,71.0,1920.0,UROLOGY & NEPHROLOGY,UROLOGY & NEPHROLOGY(JIF Q1/JCI Q1),KOREAN SOC NEPHROLOGY,其他,是,SCIE,需核实,请查期刊官网 Author / Open Access 页面,未知,,https://www.google.com/search?q=Kidney+Research+and+Clinical+Practice+aims+scope+instructions+for+authors+APC
490,2-Q1且IF小于5,1,RESEARCH IN NURSING & HEALTH,RES NURS HEALTH,0160-6891,1098-240X,2.8,3.1,Q1,36/194,Q1,Q1,1.12,81.7,71.0,8250.0,NURSING,NURSING(JIF Q1/JCI Q1),WILEY,Wiley,是,"SCIE, SSCI",混合为主,"订阅路线通常无APC；OnlineOpen常见 USD 3,200-4,700",中,https://authorservices.wiley.com/author-resources/Journal-Authors/open-access/article-publication-charges.html,https://www.google.com/search?q=RESEARCH+IN+NURSING+&+HEALTH+aims+scope+instructions+for+authors+APC
491,2-Q1且IF小于5,1,Radiology-Cardiothoracic Imaging,RADIOL-CARDIOTHORAC,2638-6135,2638-6135,4.5,4.2,Q1,39/217,Q1,Q1,1.13,82.3,70.0,1571.0,"RADIOLOGY, NUCLEAR MEDICINE & MEDICAL IMAGING","RADIOLOGY, NUCLEAR MEDICINE & MEDICAL IMAGING(JIF Q1/JCI Q1)",RADIOLOGICAL SOC NORTH AMERICA (RSNA),其他,否,ESCI,需核实,请查期刊官网 Author / Open Access 页面,未知,,https://www.google.com/search?q=Radiology-Cardiothoracic+Imaging+aims+scope+instructions+for+authors+APC
492,2-Q1且IF小于5,1,Digestive Endoscopy,DIGEST ENDOSC,0915-5635,1443-1661,3.6,5.2,Q1,43/321,Q1,Q1,1.11,86.8,70.0,5749.0,GASTROENTEROLOGY & HEPATOLOGY; SURGERY,GASTROENTEROLOGY & HEPATOLOGY(JIF Q2/JCI Q1) | SURGERY(JIF Q1/JCI Q1),WILEY,Wiley,是,SCIE,混合为主,"订阅路线通常无APC；OnlineOpen常见 USD 3,200-4,700",中,https://authorservices.wiley.com/author-resources/Journal-Authors/open-access/article-publication-charges.html,https://www.google.com/search?q=Digestive+Endoscopy+aims+scope+instructions+for+authors+APC
493,2-Q1且IF小于5,1,Mental Health & Prevention,MENT HEALTH PREV,2212-6570,2212-6570,3.3,,Q1,38/184,Q2,Q2,0.9,79.6,70.0,1008.0,"PSYCHIATRY; PSYCHOLOGY, CLINICAL","PSYCHIATRY(JIF Q2/JCI Q2) | PSYCHOLOGY, CLINICAL(JIF Q1/JCI Q2)",ELSEVIER,Elsevier,否,ESCI,混合为主,"订阅路线通常无APC；Gold OA常见 USD 2,200-4,200",中,https://www.elsevier.com/open-access/agreements,https://www.google.com/search?q=Mental+Health+&+Prevention+aims+scope+instructions+for+authors+APC
494,2-Q1且IF小于5,1,JOURNAL OF OCCUPATIONAL REHABILITATION,J OCCUP REHABIL,1053-0487,1573-3688,2.7,3.4,Q1,31/175,Q2,Q2,0.92,82.6,70.0,3166.0,REHABILITATION,REHABILITATION(JIF Q1/JCI Q2),SPRINGER/PLENUM PUBLISHERS,Springer,否,SSCI,混合为主,"订阅路线通常无APC；选OA约 USD 2,790-4,290",中,https://www.springer.com/gp/open-access,https://www.google.com/search?q=JOURNAL+OF+OCCUPATIONAL+REHABILITATION+aims+scope+instructions+for+authors+APC
495,2-Q1且IF小于5,1,BRITISH JOURNAL OF HEALTH PSYCHOLOGY,BRIT J HEALTH PSYCH,1359-107X,2044-8287,3.1,4.5,Q1,43/184,Q2,Q2,1.0,76.9,69.0,4560.0,"PSYCHOLOGY, CLINICAL","PSYCHOLOGY, CLINICAL(JIF Q1/JCI Q2)",WILEY,Wiley,否,SSCI,混合为主,"订阅路线通常无APC；OnlineOpen常见 USD 3,200-4,700",中,https://authorservices.wiley.com/author-resources/Journal-Authors/open-access/article-publication-charges.html,https://www.google.com/search?q=BRITISH+JOURNAL+OF+HEALTH+PSYCHOLOGY+aims+scope+instructions+for+authors+APC
496,2-Q1且IF小于5,1,JOURNAL OF MIDWIFERY & WOMENS HEALTH,J MIDWIFERY WOM HEAL,1526-9523,1542-2011,2.8,3.5,Q1,36/194,Q2,Q2,0.92,81.7,69.0,3404.0,NURSING,NURSING(JIF Q1/JCI Q2),WILEY,Wiley,是,"SCIE, SSCI",混合为主,"订阅路线通常无APC；OnlineOpen常见 USD 3,200-4,700",中,https://authorservices.wiley.com/author-resources/Journal-Authors/open-access/article-publication-charges.html,https://www.google.com/search?q=JOURNAL+OF+MIDWIFERY+&+WOMENS+HEALTH+aims+scope+instructions+for+authors+APC
497,2-Q1且IF小于5,1,LUNG,LUNG,0341-2040,1432-1750,4.3,4.4,Q1,25/107,Q1,Q1,1.08,77.1,68.0,4033.0,RESPIRATORY SYSTEM,RESPIRATORY SYSTEM(JIF Q1/JCI Q1),SPRINGER,Springer,是,SCIE,混合为主,"订阅路线通常无APC；选OA约 USD 2,790-4,290",中,https://www.springer.com/gp/open-access,https://www.google.com/search?q=LUNG+aims+scope+instructions+for+authors+APC
498,2-Q1且IF小于5,1,Journal of Prosthodontic Research,J PROSTHODONT RES,1883-1958,2212-4632,3.8,4.0,Q1,27/165,Q1,Q1,1.41,83.9,68.0,3395.0,"DENTISTRY, ORAL SURGERY & MEDICINE","DENTISTRY, ORAL SURGERY & MEDICINE(JIF Q1/JCI Q1)",JAPAN PROSTHODONTIC SOC,其他,是,SCIE,需核实,请查期刊官网 Author / Open Access 页面,未知,,https://www.google.com/search?q=Journal+of+Prosthodontic+Research+aims+scope+instructions+for+authors+APC
499,2-Q1且IF小于5,1,Neonatology,NEONATOLOGY,1661-7800,1661-7819,3.8,3.1,Q1,14/190,Q1,Q1,1.51,92.9,67.0,3803.0,PEDIATRICS,PEDIATRICS(JIF Q1/JCI Q1),KARGER,Karger,是,SCIE,混合/OA,"因刊而异，常见 USD 2,500-3,800",中,https://karger.com/pages/Open-Access,https://www.google.com/search?q=Neonatology+aims+scope+instructions+for+authors+APC
500,2-Q1且IF小于5,1,Eating Disorders,EAT DISORD,1064-0266,1532-530X,3.5,3.6,Q1,31/184,Q1,Q1,1.26,83.4,67.0,2121.0,"PSYCHIATRY; PSYCHOLOGY, CLINICAL","PSYCHIATRY(JIF Q2/JCI Q1) | PSYCHOLOGY, CLINICAL(JIF Q1/JCI Q1)","ROUTLEDGE JOURNALS, TAYLOR & FRANCIS LTD",Taylor & Francis,是,"SCIE, SSCI; SCIE; SSCI",混合为主,"订阅路线通常无APC；Open Select常见 USD 2,500-3,500",中,https://authorservices.taylorandfrancis.com/publishing-open-access/,https://www.google.com/search?q=Eating+Disorders+aims+scope+instructions+for+authors+APC
501,2-Q1且IF小于5,1,Journal of Evidence Based Medicine,J EVID-BASED MED,1756-5383,1756-5391,4.7,4.8,Q1,47/336,Q1,Q1,0.94,86.2,66.0,1674.0,"MEDICINE, GENERAL & INTERNAL","MEDICINE, GENERAL & INTERNAL(JIF Q1/JCI Q1)",WILEY,Wiley,是,SCIE,混合为主,"订阅路线通常无APC；OnlineOpen常见 USD 3,200-4,700",中,https://authorservices.wiley.com/author-resources/Journal-Authors/open-access/article-publication-charges.html,https://www.google.com/search?q=Journal+of+Evidence+Based+Medicine+aims+scope+instructions+for+authors+APC
502,2-Q1且IF小于5,1,JOURNAL OF THE AMERICAN DENTAL ASSOCIATION,J AM DENT ASSOC,0002-8177,1943-4723,4.4,3.6,Q1,19/165,Q1,Q1,1.27,88.8,66.0,8399.0,"DENTISTRY, ORAL SURGERY & MEDICINE","DENTISTRY, ORAL SURGERY & MEDICINE(JIF Q1/JCI Q1)",AMER DENTAL ASSOC,其他,是,SCIE,需核实,请查期刊官网 Author / Open Access 页面,未知,,https://www.google.com/search?q=JOURNAL+OF+THE+AMERICAN+DENTAL+ASSOCIATION+aims+scope+instructions+for+authors+APC
503,2-Q1且IF小于5,1,Epigenetics & Chromatin,EPIGENET CHROMATIN,,1756-8935,4.4,4.7,Q1,41/192,Q1,Q1,0.92,78.9,66.0,3179.0,GENETICS & HEREDITY,GENETICS & HEREDITY(JIF Q1/JCI Q1),BMC,BMC,是,SCIE,全OA,"约 USD 1,990-2,890（旗舰刊更高）",高,https://www.biomedcentral.com/getpublished/article-processing-charges,https://www.google.com/search?q=Epigenetics+&+Chromatin+aims+scope+instructions+for+authors+APC
504,2-Q1且IF小于5,1,Minerva Anestesiologica,MINERVA ANESTESIOL,0375-9393,1827-1596,3.5,2.8,Q1,18/72,Q2,Q2,0.83,75.7,66.0,3767.0,ANESTHESIOLOGY; CRITICAL CARE MEDICINE,ANESTHESIOLOGY(JIF Q1/JCI Q2) | CRITICAL CARE MEDICINE(JIF Q2/JCI Q2),EDIZIONI MINERVA MEDICA,其他,是,SCIE,需核实,请查期刊官网 Author / Open Access 页面,未知,,https://www.google.com/search?q=Minerva+Anestesiologica+aims+scope+instructions+for+authors+APC
505,2-Q1且IF小于5,1,INTERNATIONAL JOURNAL FOR PARASITOLOGY,INT J PARASITOL,0020-7519,1879-0135,3.3,3.8,Q1,11/47,Q1,Q1,1.15,77.7,66.0,9483.0,PARASITOLOGY,PARASITOLOGY(JIF Q1/JCI Q1),ELSEVIER SCI LTD,Elsevier,是,SCIE,混合为主,"订阅路线通常无APC；Gold OA常见 USD 2,200-4,200",中,https://www.elsevier.com/open-access/agreements,https://www.google.com/search?q=INTERNATIONAL+JOURNAL+FOR+PARASITOLOGY+aims+scope+instructions+for+authors+APC
506,2-Q1且IF小于5,1,ACTA PSYCHIATRICA SCANDINAVICA,ACTA PSYCHIAT SCAND,0001-690X,1600-0447,4.7,6.5,Q1,50/293,Q1,Q1,1.2,83.1,65.0,15083.0,PSYCHIATRY,PSYCHIATRY(JIF Q1/JCI Q1),WILEY,Wiley,是,"SCIE, SSCI",混合为主,"订阅路线通常无APC；OnlineOpen常见 USD 3,200-4,700",中,https://authorservices.wiley.com/author-resources/Journal-Authors/open-access/article-publication-charges.html,https://www.google.com/search?q=ACTA+PSYCHIATRICA+SCANDINAVICA+aims+scope+instructions+for+authors+APC
507,2-Q1且IF小于5,1,Rural and Remote Health,RURAL REMOTE HEALTH,1445-6354,,3.5,2.9,Q1,96/443,Q3,Q3,0.58,78.4,65.0,3031.0,"PUBLIC, ENVIRONMENTAL & OCCUPATIONAL HEALTH","PUBLIC, ENVIRONMENTAL & OCCUPATIONAL HEALTH(JIF Q1/JCI Q3)","COLL MEDICINE & DENTISTRY, JAMES COOK UNIV TOWNSVILLE",其他,是,"SCIE, SSCI",需核实,请查期刊官网 Author / Open Access 页面,未知,,https://www.google.com/search?q=Rural+and+Remote+Health+aims+scope+instructions+for+authors+APC
508,2-Q1且IF小于5,1,Trends in Hearing,TRENDS HEAR,2331-2165,2331-2165,3.4,3.5,Q1,1/35,Q1,Q1,1.48,98.6,65.0,2354.0,AUDIOLOGY & SPEECH-LANGUAGE PATHOLOGY; OTORHINOLARYNGOLOGY,AUDIOLOGY & SPEECH-LANGUAGE PATHOLOGY(JIF Q1/JCI Q1) | OTORHINOLARYNGOLOGY(JIF Q1/JCI Q1),SAGE PUBLICATIONS INC,SAGE,是,SCIE,混合为主,"订阅路线通常无APC；SAGE Choice常见 USD 2,000-4,000",中,https://us.sagepub.com/en-us/nam/sage-choice,https://www.google.com/search?q=Trends+in+Hearing+aims+scope+instructions+for+authors+APC
509,2-Q1且IF小于5,1,International Journal of Implant Dentistry,INT J IMPLANT DENT,,2198-4034,4.7,4.4,Q1,16/165,Q1,Q1,1.36,90.6,64.0,2458.0,"DENTISTRY, ORAL SURGERY & MEDICINE","DENTISTRY, ORAL SURGERY & MEDICINE(JIF Q1/JCI Q1)",SPRINGER JAPAN KK,Springer,是,SCIE,混合为主,"订阅路线通常无APC；选OA约 USD 2,790-4,290",中,https://www.springer.com/gp/open-access,https://www.google.com/search?q=International+Journal+of+Implant+Dentistry+aims+scope+instructions+for+authors+APC
510,2-Q1且IF小于5,1,HELICOBACTER,HELICOBACTER,1083-4389,1523-5378,4.6,4.6,Q1,38/153,Q2,Q2,0.9,75.5,64.0,4467.0,GASTROENTEROLOGY & HEPATOLOGY; MICROBIOLOGY,GASTROENTEROLOGY & HEPATOLOGY(JIF Q1/JCI Q2) | MICROBIOLOGY(JIF Q2/JCI Q2),WILEY,Wiley,是,SCIE,混合为主,"订阅路线通常无APC；OnlineOpen常见 USD 3,200-4,700",中,https://authorservices.wiley.com/author-resources/Journal-Authors/open-access/article-publication-charges.html,https://www.google.com/search?q=HELICOBACTER+aims+scope+instructions+for+authors+APC
511,2-Q1且IF小于5,1,Journal of Orthopaedics and Traumatology,J ORTHOP TRAUMATOL,1590-9921,1590-9999,4.5,4.6,Q1,16/147,Q1,Q1,1.6,89.5,64.0,2319.0,ORTHOPEDICS,ORTHOPEDICS(JIF Q1/JCI Q1),SPRINGER,Springer,是,SCIE,混合为主,"订阅路线通常无APC；选OA约 USD 2,790-4,290",中,https://www.springer.com/gp/open-access,https://www.google.com/search?q=Journal+of+Orthopaedics+and+Traumatology+aims+scope+instructions+for+authors+APC
512,2-Q1且IF小于5,1,JMIR Infodemiology,JMIR INFODEMIOL,,2564-1891,4.0,3.4,Q1,79/443,Q1,Q1,1.03,82.3,64.0,564.0,"HEALTH CARE SCIENCES & SERVICES; PUBLIC, ENVIRONMENTAL & OCCUPATIONAL HEALTH","HEALTH CARE SCIENCES & SERVICES(JIF Q1/JCI Q2) | PUBLIC, ENVIRONMENTAL & OCCUPATIONAL HEALTH(JIF Q1/JCI Q1)","JMIR PUBLICATIONS, INC",其他,否,ESCI,需核实,请查期刊官网 Author / Open Access 页面,未知,,https://www.google.com/search?q=JMIR+Infodemiology+aims+scope+instructions+for+authors+APC
513,2-Q1且IF小于5,1,Journal of Contextual Behavioral Science,J CONTEXT BEHAV SCI,2212-1447,2212-1455,3.1,4.4,Q1,43/184,Q1,Q1,1.07,76.9,64.0,3430.0,"PSYCHOLOGY, CLINICAL","PSYCHOLOGY, CLINICAL(JIF Q1/JCI Q1)",ELSEVIER,Elsevier,否,SSCI,混合为主,"订阅路线通常无APC；Gold OA常见 USD 2,200-4,200",中,https://www.elsevier.com/open-access/agreements,https://www.google.com/search?q=Journal+of+Contextual+Behavioral+Science+aims+scope+instructions+for+authors+APC
514,2-Q1且IF小于5,1,PAEDIATRIC AND PERINATAL EPIDEMIOLOGY,PAEDIATR PERINAT EP,0269-5022,1365-3016,2.7,3.0,Q1,38/190,Q1,Q1,1.11,80.3,64.0,3640.0,"OBSTETRICS & GYNECOLOGY; PEDIATRICS; PUBLIC, ENVIRONMENTAL & OCCUPATIONAL HEALTH","OBSTETRICS & GYNECOLOGY(JIF Q2/JCI Q1) | PEDIATRICS(JIF Q1/JCI Q1) | PUBLIC, ENVIRONMENTAL & OCCUPATIONAL HEALTH(JIF Q2/JCI Q1)",WILEY,Wiley,是,SCIE,混合为主,"订阅路线通常无APC；OnlineOpen常见 USD 3,200-4,700",中,https://authorservices.wiley.com/author-resources/Journal-Authors/open-access/article-publication-charges.html,https://www.google.com/search?q=PAEDIATRIC+AND+PERINATAL+EPIDEMIOLOGY+aims+scope+instructions+for+authors+APC
515,2-Q1且IF小于5,1,INTERNATIONAL JOURNAL OF NEUROPSYCHOPHARMACOLOGY,INT J NEUROPSYCHOPH,1461-1457,1469-5111,4.8,5.3,Q1,42/296,Q1,Q1,1.07,86.0,63.0,7498.0,CLINICAL NEUROLOGY; NEUROSCIENCES; PHARMACOLOGY & PHARMACY; PSYCHIATRY,CLINICAL NEUROLOGY(JIF Q1/JCI Q1) | NEUROSCIENCES(JIF Q1/JCI Q1) | PHARMACOLOGY & PHARMACY(JIF Q1/JCI Q1) | PSYCHIATRY(JIF Q1/JCI Q1),OXFORD UNIV PRESS,Oxford UP,是,SCIE,混合为主,订阅路线通常无APC；可选OA，费用因刊而异,中,https://academic.oup.com/pages/open-research/open-access,https://www.google.com/search?q=INTERNATIONAL+JOURNAL+OF+NEUROPSYCHOPHARMACOLOGY+aims+scope+instructions+for+authors+APC
516,2-Q1且IF小于5,1,ANAIS BRASILEIROS DE DERMATOLOGIA,AN BRAS DERMATOL,0365-0596,1806-4841,4.4,3.4,Q1,13/99,Q1,Q1,1.15,87.4,63.0,4180.0,DERMATOLOGY,DERMATOLOGY(JIF Q1/JCI Q1),ELSEVIER SCIENCE INC,Elsevier,是,SCIE,混合为主,"订阅路线通常无APC；Gold OA常见 USD 2,200-4,200",中,https://www.elsevier.com/open-access/agreements,https://www.google.com/search?q=ANAIS+BRASILEIROS+DE+DERMATOLOGIA+aims+scope+instructions+for+authors+APC
517,2-Q1且IF小于5,1,World Journal of Mens Health,WORLD J MENS HEALTH,2287-4208,2287-4690,4.3,4.8,Q1,1/8,Q1,Q1,1.22,93.8,63.0,2648.0,ANDROLOGY; UROLOGY & NEPHROLOGY,ANDROLOGY(JIF Q1/JCI Q1) | UROLOGY & NEPHROLOGY(JIF Q1/JCI Q1),KOREAN SOC SEXUAL MEDICINE & ANDROLOGY,其他,是,SCIE,需核实,请查期刊官网 Author / Open Access 页面,未知,,https://www.google.com/search?q=World+Journal+of+Mens+Health+aims+scope+instructions+for+authors+APC
518,2-Q1且IF小于5,1,PSYCHOLOGY AND PSYCHOTHERAPY-THEORY RESEARCH AND PRACTICE,PSYCHOL PSYCHOTHER-T,1476-0835,2044-8341,3.4,3.8,Q1,34/184,Q2,Q2,0.88,81.8,63.0,2687.0,"PSYCHIATRY; PSYCHOLOGY, CLINICAL","PSYCHIATRY(JIF Q2/JCI Q2) | PSYCHOLOGY, CLINICAL(JIF Q1/JCI Q2)",WILEY,Wiley,是,"SCIE, SSCI; SCIE; SSCI",混合为主,"订阅路线通常无APC；OnlineOpen常见 USD 3,200-4,700",中,https://authorservices.wiley.com/author-resources/Journal-Authors/open-access/article-publication-charges.html,https://www.google.com/search?q=PSYCHOLOGY+AND+PSYCHOTHERAPY-THEORY+RESEARCH+AND+PRACTICE+aims+scope+instructions+for+authors+APC
519,2-Q1且IF小于5,1,CONTEMPORARY DRUG PROBLEMS,CONTEMP DRUG PROBL,0091-4509,2163-1808,3.3,,Q1,12/61,Q1,Q1,1.1,81.1,63.0,823.0,SUBSTANCE ABUSE,SUBSTANCE ABUSE(JIF Q1/JCI Q1),SAGE PUBLICATIONS INC,SAGE,否,ESCI,混合为主,"订阅路线通常无APC；SAGE Choice常见 USD 2,000-4,000",中,https://us.sagepub.com/en-us/nam/sage-choice,https://www.google.com/search?q=CONTEMPORARY+DRUG+PROBLEMS+aims+scope+instructions+for+authors+APC
520,2-Q1且IF小于5,1,Addictive Behaviors Reports,ADDICT BEHAV REP,,2352-8532,3.3,,Q1,12/61,Q1,Q1,1.06,81.1,63.0,1855.0,"PSYCHOLOGY, CLINICAL; SUBSTANCE ABUSE","PSYCHOLOGY, CLINICAL(JIF Q1/JCI Q1) | SUBSTANCE ABUSE(JIF Q1/JCI Q1)",ELSEVIER,Elsevier,否,ESCI,混合为主,"订阅路线通常无APC；Gold OA常见 USD 2,200-4,200",中,https://www.elsevier.com/open-access/agreements,https://www.google.com/search?q=Addictive+Behaviors+Reports+aims+scope+instructions+for+authors+APC
521,2-Q1且IF小于5,1,HUMAN GENE THERAPY,HUM GENE THER,1043-0342,1557-7422,4.6,4.4,Q1,38/192,Q2,Q2,0.87,80.5,62.0,6417.0,"BIOTECHNOLOGY & APPLIED MICROBIOLOGY; GENETICS & HEREDITY; MEDICINE, RESEARCH & EXPERIMENTAL","BIOTECHNOLOGY & APPLIED MICROBIOLOGY(JIF Q2/JCI Q2) | GENETICS & HEREDITY(JIF Q1/JCI Q2) | MEDICINE, RESEARCH & EXPERIMENTAL(JIF Q2/JCI Q2)",SAGE PUBLICATIONS INC,SAGE,是,SCIE,混合为主,"订阅路线通常无APC；SAGE Choice常见 USD 2,000-4,000",中,https://us.sagepub.com/en-us/nam/sage-choice,https://www.google.com/search?q=HUMAN+GENE+THERAPY+aims+scope+instructions+for+authors+APC
522,2-Q1且IF小于5,1,Intestinal Research,INTEST RES,1598-9100,1598-9100,4.7,3.9,Q1,36/153,Q2,Q2,0.76,76.8,61.0,1844.0,GASTROENTEROLOGY & HEPATOLOGY,GASTROENTEROLOGY & HEPATOLOGY(JIF Q1/JCI Q2),KOREAN ASSOC STUDY INTESTINAL DISEASES,其他,否,ESCI,需核实,请查期刊官网 Author / Open Access 页面,未知,,https://www.google.com/search?q=Intestinal+Research+aims+scope+instructions+for+authors+APC
523,2-Q1且IF小于5,1,Translational Stroke Research,TRANSL STROKE RES,1868-4483,1868-601X,4.2,5.4,Q1,61/296,Q1,Q1,1.01,79.6,61.0,4832.0,CLINICAL NEUROLOGY; NEUROSCIENCES,CLINICAL NEUROLOGY(JIF Q1/JCI Q1) | NEUROSCIENCES(JIF Q2/JCI Q2),SPRINGER,Springer,是,SCIE,混合为主,"订阅路线通常无APC；选OA约 USD 2,790-4,290",中,https://www.springer.com/gp/open-access,https://www.google.com/search?q=Translational+Stroke+Research+aims+scope+instructions+for+authors+APC
524,2-Q1且IF小于5,1,ACS Chemical Health & Safety,ACS CHEM HEALTH SAFE,,1878-0504,3.8,3.5,Q1,87/443,Q2,Q2,0.84,80.5,61.0,803.0,"PUBLIC, ENVIRONMENTAL & OCCUPATIONAL HEALTH","PUBLIC, ENVIRONMENTAL & OCCUPATIONAL HEALTH(JIF Q1/JCI Q2)",AMER CHEMICAL SOC,其他,否,ESCI,需核实,请查期刊官网 Author / Open Access 页面,未知,,https://www.google.com/search?q=ACS+Chemical+Health+&+Safety+aims+scope+instructions+for+authors+APC
525,2-Q1且IF小于5,1,Polish Archives of Internal Medicine-Polskie Archiwum Medycyny Wewnetrznej,POL ARCH INTERN MED,0032-3772,1897-9483,4.8,3.6,Q1,46/336,Q1,Q1,0.84,86.5,60.0,2653.0,"MEDICINE, GENERAL & INTERNAL","MEDICINE, GENERAL & INTERNAL(JIF Q1/JCI Q1)",MEDYCYNA PRAKTYCZNA SP K SP ZOO,其他,是,SCIE,需核实,请查期刊官网 Author / Open Access 页面,未知,,https://www.google.com/search?q=Polish+Archives+of+Internal+Medicine-Polskie+Archiwum+Medycyny+Wewnetrznej+aims+scope+instructions+for+authors+APC
526,2-Q1且IF小于5,1,BioMedInformatics,BIOMEDINFORMATICS,,2673-7426,3.6,3.5,Q1,13/67,Q2,Q2,0.66,81.3,60.0,934.0,MATHEMATICAL & COMPUTATIONAL BIOLOGY; MEDICAL INFORMATICS,MATHEMATICAL & COMPUTATIONAL BIOLOGY(JIF Q1/JCI Q2) | MEDICAL INFORMATICS(JIF Q3/JCI Q3),MDPI,MDPI,否,ESCI,全OA,"约 CHF 1,600-2,900（如 JCM=CHF 2,600）",高,https://www.mdpi.com/about/apc,https://www.google.com/search?q=BioMedInformatics+aims+scope+instructions+for+authors+APC
527,2-Q1且IF小于5,1,Reproduction and Fertility,REPROD FERTIL,,2633-8386,3.8,4.5,Q1,10/44,Q2,Q2,0.79,78.4,59.0,804.0,REPRODUCTIVE BIOLOGY,REPRODUCTIVE BIOLOGY(JIF Q1/JCI Q2),BIOSCIENTIFICA LTD,其他,否,ESCI,需核实,请查期刊官网 Author / Open Access 页面,未知,,https://www.google.com/search?q=Reproduction+and+Fertility+aims+scope+instructions+for+authors+APC
528,2-Q1且IF小于5,1,Brazilian Journal of Physical Therapy,BRAZ J PHYS THER,1413-3555,1809-9246,3.6,4.4,Q1,12/175,Q1,Q1,1.12,93.4,59.0,3534.0,ORTHOPEDICS; REHABILITATION,ORTHOPEDICS(JIF Q1/JCI Q1) | REHABILITATION(JIF Q1/JCI Q1),ASSOCIACAO BRASILEIRA PESQUISA POS-GRADUACAO FISIOTERAPIA-ABRAPG-FT,其他,是,SCIE,需核实,请查期刊官网 Author / Open Access 页面,未知,,https://www.google.com/search?q=Brazilian+Journal+of+Physical+Therapy+aims+scope+instructions+for+authors+APC
529,2-Q1且IF小于5,1,SURGEON-JOURNAL OF THE ROYAL COLLEGES OF SURGEONS OF EDINBURGH AND IRELAND,SURG-J R COLL SURG E,1479-666X,2405-5840,2.7,2.6,Q1,73/321,Q1,Q1,1.13,77.4,59.0,2428.0,SURGERY,SURGERY(JIF Q1/JCI Q1),ROYAL COLLEGE SURGEONS EDINBURGH,其他,是,SCIE,需核实,请查期刊官网 Author / Open Access 页面,未知,,https://www.google.com/search?q=SURGEON-JOURNAL+OF+THE+ROYAL+COLLEGES+OF+SURGEONS+OF+EDINBURGH+AND+IRELAND+aims+scope+instructions+for+authors+APC
530,2-Q1且IF小于5,1,PHARMACOECONOMICS,PHARMACOECONOMICS,1170-7690,1179-2027,4.7,6.0,Q1,9/125,Q1,Q1,1.3,93.2,58.0,8214.0,HEALTH CARE SCIENCES & SERVICES; HEALTH POLICY & SERVICES; PHARMACOLOGY & PHARMACY,HEALTH CARE SCIENCES & SERVICES(JIF Q1/JCI Q1) | HEALTH POLICY & SERVICES(JIF Q1/JCI Q1) | PHARMACOLOGY & PHARMACY(JIF Q1/JCI Q1),ADIS INT LTD,其他,是,SSCI; SCIE,需核实,请查期刊官网 Author / Open Access 页面,未知,,https://www.google.com/search?q=PHARMACOECONOMICS+aims+scope+instructions+for+authors+APC
531,2-Q1且IF小于5,1,Frontiers in Radiology,FRONT RADIOL,,2673-8740,4.0,3.6,Q1,42/217,Q2,Q2,0.8,80.9,58.0,536.0,"RADIOLOGY, NUCLEAR MEDICINE & MEDICAL IMAGING","RADIOLOGY, NUCLEAR MEDICINE & MEDICAL IMAGING(JIF Q1/JCI Q2)",FRONTIERS MEDIA SA,Frontiers,否,ESCI,全OA,"约 CHF 1,495-3,150（Frontiers in Medicine A类=CHF 3,150）",高,https://www.frontiersin.org/about/fee-policy,https://www.google.com/search?q=Frontiers+in+Radiology+aims+scope+instructions+for+authors+APC
532,2-Q1且IF小于5,1,Asian Nursing Research,ASIAN NURS RES,1976-1317,2093-7482,2.9,3.3,Q1,33/194,Q1,Q1,1.05,83.2,58.0,1935.0,NURSING,NURSING(JIF Q1/JCI Q1),ELSEVIER SCIENCE INC,Elsevier,是,"SCIE, SSCI",混合为主,"订阅路线通常无APC；Gold OA常见 USD 2,200-4,200",中,https://www.elsevier.com/open-access/agreements,https://www.google.com/search?q=Asian+Nursing+Research+aims+scope+instructions+for+authors+APC
533,2-Q1且IF小于5,1,JOURNAL OF FLUENCY DISORDERS,J FLUENCY DISORD,0094-730X,1873-801X,2.8,3.3,Q1,5/62,Q1,Q1,1.32,87.1,58.0,2292.0,AUDIOLOGY & SPEECH-LANGUAGE PATHOLOGY; REHABILITATION,AUDIOLOGY & SPEECH-LANGUAGE PATHOLOGY(JIF Q1/JCI Q1) | REHABILITATION(JIF Q1/JCI Q1),ELSEVIER SCIENCE INC,Elsevier,是,"SCIE; SSCI; SCIE, SSCI",混合为主,"订阅路线通常无APC；Gold OA常见 USD 2,200-4,200",中,https://www.elsevier.com/open-access/agreements,https://www.google.com/search?q=JOURNAL+OF+FLUENCY+DISORDERS+aims+scope+instructions+for+authors+APC
534,2-Q1且IF小于5,1,Arthroplasty,ARTHROPLASTY,,2524-7948,4.8,4.0,Q1,13/147,Q1,Q1,1.56,91.5,57.0,1139.0,ORTHOPEDICS,ORTHOPEDICS(JIF Q1/JCI Q1),BMC,BMC,否,ESCI,全OA,"约 USD 1,990-2,890（旗舰刊更高）",高,https://www.biomedcentral.com/getpublished/article-processing-charges,https://www.google.com/search?q=Arthroplasty+aims+scope+instructions+for+authors+APC
535,2-Q1且IF小于5,1,BJA Open,BJA OPEN,,2772-6096,3.5,3.1,Q1,18/72,Q2,Q2,0.81,75.7,57.0,505.0,ANESTHESIOLOGY,ANESTHESIOLOGY(JIF Q1/JCI Q2),ELSEVIER,Elsevier,否,ESCI,混合为主,"订阅路线通常无APC；Gold OA常见 USD 2,200-4,200",中,https://www.elsevier.com/open-access/agreements,https://www.google.com/search?q=BJA+Open+aims+scope+instructions+for+authors+APC
536,2-Q1且IF小于5,1,JOURNAL OF INVESTIGATIVE SURGERY,J INVEST SURG,0894-1939,1521-0553,2.7,2.5,Q1,73/321,Q1,Q1,1.21,77.4,57.0,2208.0,SURGERY,SURGERY(JIF Q1/JCI Q1),TAYLOR & FRANCIS INC,Taylor & Francis,是,SCIE,混合为主,"订阅路线通常无APC；Open Select常见 USD 2,500-3,500",中,https://authorservices.taylorandfrancis.com/publishing-open-access/,https://www.google.com/search?q=JOURNAL+OF+INVESTIGATIVE+SURGERY+aims+scope+instructions+for+authors+APC
537,2-Q1且IF小于5,1,Journal of Nursing Research,J NURS RES,1682-3141,1948-965X,2.7,3.5,Q1,41/194,Q1,Q1,1.12,79.1,57.0,2053.0,NURSING,NURSING(JIF Q1/JCI Q1),LIPPINCOTT WILLIAMS & WILKINS,Wolters Kluwer/LWW,是,"SCIE, SSCI",混合为主,"订阅路线通常无APC；OA常见 USD 2,000-4,000；MEDICINE已拉黑",中,https://wkauthorservices.editage.com/open-access/,https://www.google.com/search?q=Journal+of+Nursing+Research+aims+scope+instructions+for+authors+APC
538,2-Q1且IF小于5,1,Integrative Medicine Research,INTEGR MED RES,2213-4220,2213-4239,4.9,3.5,Q1,10/48,Q2,Q2,0.75,80.2,56.0,1670.0,INTEGRATIVE & COMPLEMENTARY MEDICINE,INTEGRATIVE & COMPLEMENTARY MEDICINE(JIF Q1/JCI Q2),ELSEVIER,Elsevier,是,SCIE,混合为主,"订阅路线通常无APC；Gold OA常见 USD 2,200-4,200",中,https://www.elsevier.com/open-access/agreements,https://www.google.com/search?q=Integrative+Medicine+Research+aims+scope+instructions+for+authors+APC
539,2-Q1且IF小于5,1,STEM CELLS,STEM CELLS,1066-5099,1549-4918,4.8,4.5,Q1,19/103,Q2,Q2,0.77,82.0,56.0,14007.0,BIOTECHNOLOGY & APPLIED MICROBIOLOGY; CELL & TISSUE ENGINEERING; CELL BIOLOGY; HEMATOLOGY; ONCOLOGY,BIOTECHNOLOGY & APPLIED MICROBIOLOGY(JIF Q2/JCI Q2) | CELL & TISSUE ENGINEERING(JIF Q2/JCI Q2) | CELL BIOLOGY(JIF Q2/JCI Q2) | HEMATOLOGY(JIF Q1/JCI Q2) | ONCOLOGY(JIF Q2/JCI Q2),OXFORD UNIV PRESS,Oxford UP,是,SCIE,混合为主,订阅路线通常无APC；可选OA，费用因刊而异,中,https://academic.oup.com/pages/open-research/open-access,https://www.google.com/search?q=STEM+CELLS+aims+scope+instructions+for+authors+APC
540,2-Q1且IF小于5,1,Mayo Clinic Proceedings-Innovations Quality & Outcomes,MAYO CLIN P INN QUAL,,2542-4548,4.5,,Q1,49/336,Q1,Q1,1.39,85.6,56.0,1543.0,"HEALTH CARE SCIENCES & SERVICES; MEDICINE, GENERAL & INTERNAL","HEALTH CARE SCIENCES & SERVICES(JIF Q1/JCI Q1) | MEDICINE, GENERAL & INTERNAL(JIF Q1/JCI Q1)",ELSEVIER,Elsevier,否,ESCI,混合为主,"订阅路线通常无APC；Gold OA常见 USD 2,200-4,200",中,https://www.elsevier.com/open-access/agreements,https://www.google.com/search?q=Mayo+Clinic+Proceedings-Innovations+Quality+&+Outcomes+aims+scope+instructions+for+authors+APC
541,2-Q1且IF小于5,1,Annals of Laboratory Medicine,ANN LAB MED,2234-3806,2234-3814,4.4,4.1,Q1,6/33,Q1,Q1,1.61,83.3,56.0,2501.0,MEDICAL LABORATORY TECHNOLOGY,MEDICAL LABORATORY TECHNOLOGY(JIF Q1/JCI Q1),KOREAN SOC LABORATORY MEDICINE,其他,是,SCIE,需核实,请查期刊官网 Author / Open Access 页面,未知,,https://www.google.com/search?q=Annals+of+Laboratory+Medicine+aims+scope+instructions+for+authors+APC
542,2-Q1且IF小于5,1,PATHOPHYSIOLOGY,PATHOPHYSIOLOGY-BASE,0928-4680,1873-149X,3.5,,Q1,22/89,Q2,Q2,0.91,75.8,56.0,1327.0,PATHOLOGY,PATHOLOGY(JIF Q1/JCI Q2),MDPI,MDPI,否,ESCI,全OA,"约 CHF 1,600-2,900（如 JCM=CHF 2,600）",高,https://www.mdpi.com/about/apc,https://www.google.com/search?q=PATHOPHYSIOLOGY+aims+scope+instructions+for+authors+APC
543,2-Q1且IF小于5,1,International Journal of Nursing Sciences,INT J NURS SCI,,2352-0132,4.4,5.1,Q1,13/194,Q1,Q1,1.49,93.6,55.0,2955.0,NURSING,NURSING(JIF Q1/JCI Q1),ELSEVIER,Elsevier,否,ESCI,混合为主,"订阅路线通常无APC；Gold OA常见 USD 2,200-4,200",中,https://www.elsevier.com/open-access/agreements,https://www.google.com/search?q=International+Journal+of+Nursing+Sciences+aims+scope+instructions+for+authors+APC
544,2-Q1且IF小于5,1,Reproductive Medicine and Biology,REPROD MED BIOL,1445-5781,1447-0578,4.3,4.4,Q1,14/143,Q1,Q1,1.16,90.6,55.0,2415.0,OBSTETRICS & GYNECOLOGY; REPRODUCTIVE BIOLOGY,OBSTETRICS & GYNECOLOGY(JIF Q1/JCI Q1) | REPRODUCTIVE BIOLOGY(JIF Q1/JCI Q1),WILEY,Wiley,是,SCIE,混合为主,"订阅路线通常无APC；OnlineOpen常见 USD 3,200-4,700",中,https://authorservices.wiley.com/author-resources/Journal-Authors/open-access/article-publication-charges.html,https://www.google.com/search?q=Reproductive+Medicine+and+Biology+aims+scope+instructions+for+authors+APC
545,2-Q1且IF小于5,1,PRIMARY CARE,PRIMARY CARE,0095-4543,1558-299X,4.1,4.5,Q1,5/29,Q1,Q1,2.14,84.5,55.0,2740.0,"MEDICINE, GENERAL & INTERNAL; PRIMARY HEALTH CARE","MEDICINE, GENERAL & INTERNAL(JIF Q1/JCI Q1) | PRIMARY HEALTH CARE(JIF Q1/JCI Q1)",W B SAUNDERS CO-ELSEVIER INC,Elsevier,是,SCIE,混合为主,"订阅路线通常无APC；Gold OA常见 USD 2,200-4,200",中,https://www.elsevier.com/open-access/agreements,https://www.google.com/search?q=PRIMARY+CARE+aims+scope+instructions+for+authors+APC
546,2-Q1且IF小于5,1,Journal of Healthcare Leadership,J HEALTHC LEADERSH,1179-3201,1179-3201,4.1,4.4,Q1,12/125,Q1,Q1,1.21,90.8,55.0,861.0,HEALTH POLICY & SERVICES,HEALTH POLICY & SERVICES(JIF Q1/JCI Q1),DOVE MEDICAL PRESS LTD,其他,否,ESCI,需核实,请查期刊官网 Author / Open Access 页面,未知,,https://www.google.com/search?q=Journal+of+Healthcare+Leadership+aims+scope+instructions+for+authors+APC
547,2-Q1且IF小于5,1,International Journal of Health Geographics,INT J HEALTH GEOGR,1476-072X,1476-072X,4.1,4.4,Q1,75/443,Q1,Q1,1.1,83.2,55.0,3096.0,"PUBLIC, ENVIRONMENTAL & OCCUPATIONAL HEALTH","PUBLIC, ENVIRONMENTAL & OCCUPATIONAL HEALTH(JIF Q1/JCI Q1)",BMC,BMC,是,"SCIE, SSCI",全OA,"约 USD 1,990-2,890（旗舰刊更高）",高,https://www.biomedcentral.com/getpublished/article-processing-charges,https://www.google.com/search?q=International+Journal+of+Health+Geographics+aims+scope+instructions+for+authors+APC
548,2-Q1且IF小于5,1,Journal of Exercise Science & Fitness,J EXERC SCI FIT,1728-869X,1728-869X,3.7,3.9,Q1,22/136,Q1,Q1,1.39,84.2,55.0,1352.0,SPORT SCIENCES,SPORT SCIENCES(JIF Q1/JCI Q1),ELSEVIER SINGAPORE PTE LTD,Elsevier,是,SCIE,混合为主,"订阅路线通常无APC；Gold OA常见 USD 2,200-4,200",中,https://www.elsevier.com/open-access/agreements,https://www.google.com/search?q=Journal+of+Exercise+Science+&+Fitness+aims+scope+instructions+for+authors+APC
549,2-Q1且IF小于5,1,International Journal for Parasitology-Drugs and Drug Resistance,INT J PARASITOL-DRUG,2211-3207,2211-3207,3.5,4.3,Q1,8/47,Q1,Q1,1.15,84.0,55.0,1942.0,PARASITOLOGY; PHARMACOLOGY & PHARMACY,PARASITOLOGY(JIF Q1/JCI Q1) | PHARMACOLOGY & PHARMACY(JIF Q2/JCI Q1),ELSEVIER SCI LTD,Elsevier,是,SCIE,混合为主,"订阅路线通常无APC；Gold OA常见 USD 2,200-4,200",中,https://www.elsevier.com/open-access/agreements,https://www.google.com/search?q=International+Journal+for+Parasitology-Drugs+and+Drug+Resistance+aims+scope+instructions+for+authors+APC
550,2-Q1且IF小于5,1,Forensic Science International-Synergy,FORENSIC SCI INT-SYN,,2589-871X,3.2,,Q1,4/24,Q1,Q1,1.32,85.4,55.0,828.0,"MEDICINE, LEGAL","MEDICINE, LEGAL(JIF Q1/JCI Q1)",ELSEVIER,Elsevier,否,ESCI,混合为主,"订阅路线通常无APC；Gold OA常见 USD 2,200-4,200",中,https://www.elsevier.com/open-access/agreements,https://www.google.com/search?q=Forensic+Science+International-Synergy+aims+scope+instructions+for+authors+APC
551,2-Q1且IF小于5,1,American Journal of Rhinology & Allergy,AM J RHINOL ALLERGY,1945-8924,1945-8932,2.8,2.5,Q1,8/67,Q1,Q1,1.54,88.8,55.0,3980.0,OTORHINOLARYNGOLOGY,OTORHINOLARYNGOLOGY(JIF Q1/JCI Q1),SAGE PUBLICATIONS INC,SAGE,是,SCIE,混合为主,"订阅路线通常无APC；SAGE Choice常见 USD 2,000-4,000",中,https://us.sagepub.com/en-us/nam/sage-choice,https://www.google.com/search?q=American+Journal+of+Rhinology+&+Allergy+aims+scope+instructions+for+authors+APC
552,2-Q1且IF小于5,1,Mental Health and Physical Activity,MENT HEALTH PHYS ACT,1755-2966,1878-0199,3.1,3.6,Q1,43/184,Q2,Q2,0.96,76.9,54.0,1798.0,"PSYCHIATRY; PSYCHOLOGY, CLINICAL","PSYCHIATRY(JIF Q2/JCI Q2) | PSYCHOLOGY, CLINICAL(JIF Q1/JCI Q2)",ELSEVIER SCI LTD,Elsevier,否,SSCI,混合为主,"订阅路线通常无APC；Gold OA常见 USD 2,200-4,200",中,https://www.elsevier.com/open-access/agreements,https://www.google.com/search?q=Mental+Health+and+Physical+Activity+aims+scope+instructions+for+authors+APC
553,2-Q1且IF小于5,1,European Journal of Physical and Rehabilitation Medicine,EUR J PHYS REHAB MED,1973-9087,1973-9095,4.0,4.0,Q1,7/175,Q1,Q1,1.53,96.3,53.0,4232.0,REHABILITATION,REHABILITATION(JIF Q1/JCI Q1),EDIZIONI MINERVA MEDICA,其他,是,SCIE,需核实,请查期刊官网 Author / Open Access 页面,未知,,https://www.google.com/search?q=European+Journal+of+Physical+and+Rehabilitation+Medicine+aims+scope+instructions+for+authors+APC
554,2-Q1且IF小于5,1,Personality Disorders-Theory Research and Treatment,PERSONAL DISORD,1949-2715,1949-2723,3.6,4.2,Q1,30/184,Q1,Q1,1.4,84.0,53.0,2685.0,"PSYCHOLOGY, CLINICAL","PSYCHOLOGY, CLINICAL(JIF Q1/JCI Q1)",EDUCATIONAL PUBLISHING FOUNDATION-AMERICAN PSYCHOLOGICAL ASSOC,其他,否,SSCI,需核实,请查期刊官网 Author / Open Access 页面,未知,,https://www.google.com/search?q=Personality+Disorders-Theory+Research+and+Treatment+aims+scope+instructions+for+authors+APC
555,2-Q1且IF小于5,1,PSYCHOTHERAPY,PSYCHOTHERAPY,0033-3204,1939-1536,3.3,3.9,Q1,38/184,Q1,Q1,1.22,79.6,53.0,4603.0,"PSYCHOLOGY, CLINICAL","PSYCHOLOGY, CLINICAL(JIF Q1/JCI Q1)","AMER PSYCHOLOGICAL ASSOC, DIV PSYCHOTHERAPY",其他,否,SSCI,需核实,请查期刊官网 Author / Open Access 页面,未知,,https://www.google.com/search?q=PSYCHOTHERAPY+aims+scope+instructions+for+authors+APC
556,2-Q1且IF小于5,1,ASSISTIVE TECHNOLOGY,ASSIST TECHNOL,1040-0435,1949-3614,2.7,3.3,Q1,31/175,Q2,Q2,0.79,82.6,53.0,2029.0,REHABILITATION,REHABILITATION(JIF Q1/JCI Q2),TAYLOR & FRANCIS INC,Taylor & Francis,否,SSCI,混合为主,"订阅路线通常无APC；Open Select常见 USD 2,500-3,500",中,https://authorservices.taylorandfrancis.com/publishing-open-access/,https://www.google.com/search?q=ASSISTIVE+TECHNOLOGY+aims+scope+instructions+for+authors+APC
557,2-Q1且IF小于5,1,Acta Otorhinolaryngologica Italica,ACTA OTORHINOLARYNGO,0392-100X,1827-675X,2.2,2.4,Q1,15/67,Q1,Q1,1.19,78.4,53.0,2586.0,OTORHINOLARYNGOLOGY,OTORHINOLARYNGOLOGY(JIF Q1/JCI Q1),PACINI EDITORE,其他,是,SCIE,需核实,请查期刊官网 Author / Open Access 页面,未知,,https://www.google.com/search?q=Acta+Otorhinolaryngologica+Italica+aims+scope+instructions+for+authors+APC
558,2-Q1且IF小于5,1,Patient-Patient Centered Outcomes Research,PATIENT,1178-1653,1178-1661,4.4,4.3,Q1,11/125,Q1,Q1,1.23,91.6,52.0,2959.0,HEALTH CARE SCIENCES & SERVICES; HEALTH POLICY & SERVICES,HEALTH CARE SCIENCES & SERVICES(JIF Q1/JCI Q1) | HEALTH POLICY & SERVICES(JIF Q1/JCI Q1),ADIS INT LTD,其他,是,SCIE; SSCI,需核实,请查期刊官网 Author / Open Access 页面,未知,,https://www.google.com/search?q=Patient-Patient+Centered+Outcomes+Research+aims+scope+instructions+for+authors+APC
559,2-Q1且IF小于5,1,AIDS PATIENT CARE AND STDS,AIDS PATIENT CARE ST,1087-2914,1557-7449,4.4,4.4,Q1,60/443,Q1,Q1,1.12,86.6,52.0,3337.0,"INFECTIOUS DISEASES; PUBLIC, ENVIRONMENTAL & OCCUPATIONAL HEALTH","INFECTIOUS DISEASES(JIF Q1/JCI Q1) | PUBLIC, ENVIRONMENTAL & OCCUPATIONAL HEALTH(JIF Q1/JCI Q1)",SAGE PUBLICATIONS INC,SAGE,是,SCIE; SSCI,混合为主,"订阅路线通常无APC；SAGE Choice常见 USD 2,000-4,000",中,https://us.sagepub.com/en-us/nam/sage-choice,https://www.google.com/search?q=AIDS+PATIENT+CARE+AND+STDS+aims+scope+instructions+for+authors+APC
560,2-Q1且IF小于5,1,AIMS Public Health,AIMS PUBLIC HEALTH,2327-8994,2327-8994,4.0,4.1,Q1,42/194,Q1,Q1,1.06,78.6,52.0,1548.0,HEALTH CARE SCIENCES & SERVICES,HEALTH CARE SCIENCES & SERVICES(JIF Q1/JCI Q1),AMER INST MATHEMATICAL SCIENCES-AIMS,其他,否,ESCI,需核实,请查期刊官网 Author / Open Access 页面,未知,,https://www.google.com/search?q=AIMS+Public+Health+aims+scope+instructions+for+authors+APC
561,2-Q1且IF小于5,1,Journal Of Bone And Joint Infection,J BONE JOINT INFECT,,2206-3552,2.7,,Q1,73/321,Q2,Q2,0.95,77.4,52.0,907.0,INFECTIOUS DISEASES; ORTHOPEDICS; SURGERY,INFECTIOUS DISEASES(JIF Q2/JCI Q2) | ORTHOPEDICS(JIF Q2/JCI Q2) | SURGERY(JIF Q1/JCI Q2),COPERNICUS GESELLSCHAFT MBH,其他,否,ESCI,需核实,请查期刊官网 Author / Open Access 页面,未知,,https://www.google.com/search?q=Journal+Of+Bone+And+Joint+Infection+aims+scope+instructions+for+authors+APC
562,2-Q1且IF小于5,1,XENOTRANSPLANTATION,XENOTRANSPLANTATION,0908-665X,1399-3089,3.8,3.5,Q1,7/30,Q2,Q2,0.93,78.3,51.0,2082.0,"MEDICINE, RESEARCH & EXPERIMENTAL; TRANSPLANTATION","MEDICINE, RESEARCH & EXPERIMENTAL(JIF Q2/JCI Q2) | TRANSPLANTATION(JIF Q1/JCI Q2)",WILEY,Wiley,是,SCIE,混合为主,"订阅路线通常无APC；OnlineOpen常见 USD 3,200-4,700",中,https://authorservices.wiley.com/author-resources/Journal-Authors/open-access/article-publication-charges.html,https://www.google.com/search?q=XENOTRANSPLANTATION+aims+scope+instructions+for+authors+APC
563,2-Q1且IF小于5,1,Global Qualitative Nursing Research,GLOB QUALIT NURS RES,2333-3936,2333-3936,3.0,2.9,Q1,31/194,Q1,Q1,1.09,84.3,51.0,1345.0,NURSING,NURSING(JIF Q1/JCI Q1),SAGE PUBLICATIONS INC,SAGE,否,ESCI,混合为主,"订阅路线通常无APC；SAGE Choice常见 USD 2,000-4,000",中,https://us.sagepub.com/en-us/nam/sage-choice,https://www.google.com/search?q=Global+Qualitative+Nursing+Research+aims+scope+instructions+for+authors+APC
564,2-Q1且IF小于5,1,Journal of Pharmaceutical Investigation,J PHARM INVEST,2093-5552,2093-6214,4.7,5.5,Q1,78/356,Q1,Q1,1.01,78.2,50.0,2501.0,PHARMACOLOGY & PHARMACY,PHARMACOLOGY & PHARMACY(JIF Q1/JCI Q1),SPRINGERNATURE,Springer Nature,是,SCIE,混合/全OA,"全OA约 USD 2,090-3,490；Nature系更高；Scientific Reports已拉黑",中高,https://www.springernature.com/gp/open-research/journals-books/journals,https://www.google.com/search?q=Journal+of+Pharmaceutical+Investigation+aims+scope+instructions+for+authors+APC
565,2-Q1且IF小于5,1,Accountability in Research-Ethics Integrity and Policy,ACCOUNT RES,0898-9621,1545-5815,4.4,4.1,Q1,2/22,Q2,Q2,1.03,93.2,50.0,1889.0,MEDICAL ETHICS,MEDICAL ETHICS(JIF Q1/JCI Q2),TAYLOR & FRANCIS INC,Taylor & Francis,是,SCIE,混合为主,"订阅路线通常无APC；Open Select常见 USD 2,500-3,500",中,https://authorservices.taylorandfrancis.com/publishing-open-access/,https://www.google.com/search?q=Accountability+in+Research-Ethics+Integrity+and+Policy+aims+scope+instructions+for+authors+APC
566,2-Q1且IF小于5,1,SEMINARS IN RADIATION ONCOLOGY,SEMIN RADIAT ONCOL,1053-4296,1532-9461,4.3,4.3,Q1,40/217,Q1,Q1,0.99,81.8,50.0,2861.0,"ONCOLOGY; RADIOLOGY, NUCLEAR MEDICINE & MEDICAL IMAGING","ONCOLOGY(JIF Q2/JCI Q2) | RADIOLOGY, NUCLEAR MEDICINE & MEDICAL IMAGING(JIF Q1/JCI Q1)",W B SAUNDERS CO-ELSEVIER INC,Elsevier,是,SCIE,混合为主,"订阅路线通常无APC；Gold OA常见 USD 2,200-4,200",中,https://www.elsevier.com/open-access/agreements,https://www.google.com/search?q=SEMINARS+IN+RADIATION+ONCOLOGY+aims+scope+instructions+for+authors+APC
567,2-Q1且IF小于5,1,Kidney Diseases,KIDNEY DIS-BASEL,2296-9381,2296-9357,3.7,4.1,Q1,27/134,Q2,Q2,0.89,80.2,50.0,1460.0,UROLOGY & NEPHROLOGY,UROLOGY & NEPHROLOGY(JIF Q1/JCI Q2),KARGER,Karger,是,SCIE,混合/OA,"因刊而异，常见 USD 2,500-3,800",中,https://karger.com/pages/Open-Access,https://www.google.com/search?q=Kidney+Diseases+aims+scope+instructions+for+authors+APC
568,2-Q1且IF小于5,1,Life Sciences in Space Research,LIFE SCI SPACE RES,2214-5524,2214-5532,3.3,3.2,Q1,26/106,Q2,Q2,0.71,75.9,50.0,1427.0,BIOLOGY,BIOLOGY(JIF Q1/JCI Q2),ELSEVIER,Elsevier,是,SCIE,混合为主,"订阅路线通常无APC；Gold OA常见 USD 2,200-4,200",中,https://www.elsevier.com/open-access/agreements,https://www.google.com/search?q=Life+Sciences+in+Space+Research+aims+scope+instructions+for+authors+APC
569,2-Q1且IF小于5,0,npj Primary Care Respiratory Medicine,NPJ PRIM CARE RESP M,,2055-1010,4.7,4.0,Q1,3/29,Q1,Q1,1.42,91.4,49.0,1706.0,PRIMARY HEALTH CARE; RESPIRATORY SYSTEM,PRIMARY HEALTH CARE(JIF Q1/JCI Q1) | RESPIRATORY SYSTEM(JIF Q1/JCI Q1),NATURE PORTFOLIO,Springer Nature,是,SCIE,混合/全OA,"全OA约 USD 2,090-3,490；Nature系更高；Scientific Reports已拉黑",中高,https://www.springernature.com/gp/open-research/journals-books/journals,https://www.google.com/search?q=npj+Primary+Care+Respiratory+Medicine+aims+scope+instructions+for+authors+APC
570,2-Q1且IF小于5,0,Advanced Pharmaceutical Bulletin,ADV PHARM BULL,2228-5881,2251-7308,4.7,5.3,Q1,78/356,Q2,Q2,0.81,78.2,49.0,4203.0,PHARMACOLOGY & PHARMACY,PHARMACOLOGY & PHARMACY(JIF Q1/JCI Q2),TABRIZ UNIV MEDICAL SCIENCES & HEALTH SERVICES,其他,否,ESCI,需核实,请查期刊官网 Author / Open Access 页面,未知,,https://www.google.com/search?q=Advanced+Pharmaceutical+Bulletin+aims+scope+instructions+for+authors+APC
571,2-Q1且IF小于5,0,Journal of Abdominal Wall Surgery,J ABDOM WALL SURG,,2813-2092,3.6,3.6,Q1,43/321,Q2,Q2,0.94,86.8,49.0,340.0,SURGERY,SURGERY(JIF Q1/JCI Q2),FRONTIERS MEDIA SA,Frontiers,否,ESCI,全OA,"约 CHF 1,495-3,150（Frontiers in Medicine A类=CHF 3,150）",高,https://www.frontiersin.org/about/fee-policy,https://www.google.com/search?q=Journal+of+Abdominal+Wall+Surgery+aims+scope+instructions+for+authors+APC
572,2-Q1且IF小于5,0,Pigment Cell & Melanoma Research,PIGM CELL MELANOMA R,1755-1471,1755-148X,3.5,4.2,Q1,22/99,Q2,Q2,0.7,78.3,49.0,5072.0,CELL BIOLOGY; DERMATOLOGY; ONCOLOGY,CELL BIOLOGY(JIF Q3/JCI Q2) | DERMATOLOGY(JIF Q1/JCI Q2) | ONCOLOGY(JIF Q2/JCI Q2),WILEY,Wiley,是,SCIE,混合为主,"订阅路线通常无APC；OnlineOpen常见 USD 3,200-4,700",中,https://authorservices.wiley.com/author-resources/Journal-Authors/open-access/article-publication-charges.html,https://www.google.com/search?q=Pigment+Cell+&+Melanoma+Research+aims+scope+instructions+for+authors+APC
573,2-Q1且IF小于5,0,Substance Abuse Treatment Prevention and Policy,SUBST ABUSE TREAT PR,,1747-597X,3.4,3.8,Q1,11/61,Q1,Q1,1.08,82.8,49.0,2809.0,SUBSTANCE ABUSE,SUBSTANCE ABUSE(JIF Q1/JCI Q1),BMC,BMC,否,SSCI,全OA,"约 USD 1,990-2,890（旗舰刊更高）",高,https://www.biomedcentral.com/getpublished/article-processing-charges,https://www.google.com/search?q=Substance+Abuse+Treatment+Prevention+and+Policy+aims+scope+instructions+for+authors+APC
574,2-Q1且IF小于5,0,HASTINGS CENTER REPORT,HASTINGS CENT REP,0093-0334,1552-146X,2.7,2.4,Q1,19/78,Q2,Q2,0.98,76.0,49.0,2278.0,"HEALTH CARE SCIENCES & SERVICES; MEDICAL ETHICS; SOCIAL SCIENCES, BIOMEDICAL","HEALTH CARE SCIENCES & SERVICES(JIF Q2/JCI Q2) | MEDICAL ETHICS(JIF Q2/JCI Q2) | SOCIAL SCIENCES, BIOMEDICAL(JIF Q1/JCI Q2)",WILEY,Wiley,是,SSCI; SCIE,混合为主,"订阅路线通常无APC；OnlineOpen常见 USD 3,200-4,700",中,https://authorservices.wiley.com/author-resources/Journal-Authors/open-access/article-publication-charges.html,https://www.google.com/search?q=HASTINGS+CENTER+REPORT+aims+scope+instructions+for+authors+APC
575,2-Q1且IF小于5,0,Current Research in Toxicology,CURR RES TOXICOL,2666-027X,2666-027X,4.7,4.0,Q1,22/106,Q1,Q1,0.95,79.7,48.0,808.0,TOXICOLOGY,TOXICOLOGY(JIF Q1/JCI Q1),ELSEVIER,Elsevier,否,ESCI,混合为主,"订阅路线通常无APC；Gold OA常见 USD 2,200-4,200",中,https://www.elsevier.com/open-access/agreements,https://www.google.com/search?q=Current+Research+in+Toxicology+aims+scope+instructions+for+authors+APC
576,2-Q1且IF小于5,0,GENES AND IMMUNITY,GENES IMMUN,1466-4879,1476-5470,4.2,5.5,Q1,46/192,Q2,Q2,0.81,76.3,48.0,2829.0,GENETICS & HEREDITY; IMMUNOLOGY,GENETICS & HEREDITY(JIF Q1/JCI Q2) | IMMUNOLOGY(JIF Q2/JCI Q2),SPRINGERNATURE,Springer Nature,是,SCIE,混合/全OA,"全OA约 USD 2,090-3,490；Nature系更高；Scientific Reports已拉黑",中高,https://www.springernature.com/gp/open-research/journals-books/journals,https://www.google.com/search?q=GENES+AND+IMMUNITY+aims+scope+instructions+for+authors+APC
577,2-Q1且IF小于5,0,Ultrasound Journal,ULTRASOUND J,,2524-8987,3.6,4.2,Q1,51/217,Q1,Q1,1.05,76.7,48.0,1116.0,"RADIOLOGY, NUCLEAR MEDICINE & MEDICAL IMAGING","RADIOLOGY, NUCLEAR MEDICINE & MEDICAL IMAGING(JIF Q1/JCI Q1)",MATTIOLI 1885,其他,否,ESCI,需核实,请查期刊官网 Author / Open Access 页面,未知,,https://www.google.com/search?q=Ultrasound+Journal+aims+scope+instructions+for+authors+APC
578,2-Q1且IF小于5,0,Wearable Technologies,WEAR TECHNOL,,2631-7176,3.5,5.1,Q1,14/175,Q2,Q2,0.87,92.3,48.0,598.0,"ENGINEERING, BIOMEDICAL; REHABILITATION","ENGINEERING, BIOMEDICAL(JIF Q2/JCI Q2) | REHABILITATION(JIF Q1/JCI Q2)",CAMBRIDGE UNIV PRESS,Cambridge UP,否,ESCI,混合为主,订阅路线通常无APC；Gold OA因刊而异,中,https://www.cambridge.org/core/open-research/open-access,https://www.google.com/search?q=Wearable+Technologies+aims+scope+instructions+for+authors+APC
579,2-Q1且IF小于5,0,Qualitative Research in Sport Exercise and Health,QUAL RES SPORT EXERC,2159-676X,2159-6778,3.4,7.8,Q1,27/136,Q1,Q1,1.13,80.5,48.0,7081.0,SPORT SCIENCES,SPORT SCIENCES(JIF Q1/JCI Q1),"ROUTLEDGE JOURNALS, TAYLOR & FRANCIS LTD",Taylor & Francis,是,SSCI; SCIE,混合为主,"订阅路线通常无APC；Open Select常见 USD 2,500-3,500",中,https://authorservices.taylorandfrancis.com/publishing-open-access/,https://www.google.com/search?q=Qualitative+Research+in+Sport+Exercise+and+Health+aims+scope+instructions+for+authors+APC
580,2-Q1且IF小于5,0,European Journal of Paediatric Dentistry,EUR J PAEDIATR DENT,1591-996X,2035-648X,3.4,3.3,Q1,23/190,Q1,Q1,1.11,88.2,48.0,1944.0,"DENTISTRY, ORAL SURGERY & MEDICINE; PEDIATRICS","DENTISTRY, ORAL SURGERY & MEDICINE(JIF Q1/JCI Q1) | PEDIATRICS(JIF Q1/JCI Q1)",ARIESDUE SRL,其他,是,SCIE,需核实,请查期刊官网 Author / Open Access 页面,未知,,https://www.google.com/search?q=European+Journal+of+Paediatric+Dentistry+aims+scope+instructions+for+authors+APC
581,2-Q1且IF小于5,0,Seminars in Pediatric Surgery,SEMIN PEDIATR SURG,1055-8586,1532-9453,2.5,2.6,Q1,43/190,Q1,Q1,1.18,77.6,48.0,2509.0,PEDIATRICS; SURGERY,PEDIATRICS(JIF Q1/JCI Q1) | SURGERY(JIF Q2/JCI Q1),ELSEVIER SCIENCE INC,Elsevier,是,SCIE,混合为主,"订阅路线通常无APC；Gold OA常见 USD 2,200-4,200",中,https://www.elsevier.com/open-access/agreements,https://www.google.com/search?q=Seminars+in+Pediatric+Surgery+aims+scope+instructions+for+authors+APC
582,2-Q1且IF小于5,0,Chiropractic & Manual Therapies,CHIROPR MAN THER,,2045-709X,2.4,2.4,Q1,41/175,Q2,Q2,0.9,76.9,48.0,1221.0,REHABILITATION,REHABILITATION(JIF Q1/JCI Q2),BMC,BMC,是,SCIE,全OA,"约 USD 1,990-2,890（旗舰刊更高）",高,https://www.biomedcentral.com/getpublished/article-processing-charges,https://www.google.com/search?q=Chiropractic+&+Manual+Therapies+aims+scope+instructions+for+authors+APC
583,2-Q1且IF小于5,0,CLINICAL AUTONOMIC RESEARCH,CLIN AUTON RES,0959-9851,1619-1560,4.6,4.3,Q1,48/296,Q2,Q2,0.79,84.0,47.0,2863.0,CLINICAL NEUROLOGY; NEUROSCIENCES,CLINICAL NEUROLOGY(JIF Q1/JCI Q2) | NEUROSCIENCES(JIF Q1/JCI Q2),SPRINGER HEIDELBERG,Springer,是,SCIE,混合为主,"订阅路线通常无APC；选OA约 USD 2,790-4,290",中,https://www.springer.com/gp/open-access,https://www.google.com/search?q=CLINICAL+AUTONOMIC+RESEARCH+aims+scope+instructions+for+authors+APC
584,2-Q1且IF小于5,0,MOLECULAR HUMAN REPRODUCTION,MOL HUM REPROD,1360-9947,1460-2407,4.2,4.3,Q1,15/143,Q1,Q1,1.28,89.9,47.0,5349.0,OBSTETRICS & GYNECOLOGY; REPRODUCTIVE BIOLOGY,OBSTETRICS & GYNECOLOGY(JIF Q1/JCI Q1) | REPRODUCTIVE BIOLOGY(JIF Q1/JCI Q1),OXFORD UNIV PRESS,Oxford UP,是,SCIE,混合为主,订阅路线通常无APC；可选OA，费用因刊而异,中,https://academic.oup.com/pages/open-research/open-access,https://www.google.com/search?q=MOLECULAR+HUMAN+REPRODUCTION+aims+scope+instructions+for+authors+APC
585,2-Q1且IF小于5,0,JOURNAL OF APPLIED SPORT PSYCHOLOGY,J APPL SPORT PSYCHOL,1041-3200,1533-1571,3.6,4.0,Q1,16/93,Q1,Q1,1.02,82.0,47.0,3242.0,SPORT SCIENCES,SPORT SCIENCES(JIF Q1/JCI Q1),TAYLOR & FRANCIS LTD,Taylor & Francis,是,SSCI; SCIE,混合为主,"订阅路线通常无APC；Open Select常见 USD 2,500-3,500",中,https://authorservices.taylorandfrancis.com/publishing-open-access/,https://www.google.com/search?q=JOURNAL+OF+APPLIED+SPORT+PSYCHOLOGY+aims+scope+instructions+for+authors+APC
586,2-Q1且IF小于5,0,Nursing Inquiry,NURS INQ,1320-7881,1440-1800,3.2,3.2,Q1,25/194,Q1,Q1,1.21,87.4,47.0,2150.0,NURSING,NURSING(JIF Q1/JCI Q1),WILEY,Wiley,是,"SCIE, SSCI",混合为主,"订阅路线通常无APC；OnlineOpen常见 USD 3,200-4,700",中,https://authorservices.wiley.com/author-resources/Journal-Authors/open-access/article-publication-charges.html,https://www.google.com/search?q=Nursing+Inquiry+aims+scope+instructions+for+authors+APC
587,2-Q1且IF小于5,0,COGNITIVE AND BEHAVIORAL PRACTICE,COGN BEHAV PRACT,1077-7229,1878-187X,3.2,2.9,Q1,41/184,Q1,Q1,1.15,78.0,47.0,2617.0,"PSYCHOLOGY, CLINICAL","PSYCHOLOGY, CLINICAL(JIF Q1/JCI Q1)",ELSEVIER SCIENCE INC,Elsevier,否,SSCI,混合为主,"订阅路线通常无APC；Gold OA常见 USD 2,200-4,200",中,https://www.elsevier.com/open-access/agreements,https://www.google.com/search?q=COGNITIVE+AND+BEHAVIORAL+PRACTICE+aims+scope+instructions+for+authors+APC
588,2-Q1且IF小于5,0,Breathe,BREATHE,1810-6838,2073-4735,4.5,4.0,Q1,21/107,Q2,Q2,0.83,80.8,46.0,2103.0,RESPIRATORY SYSTEM,RESPIRATORY SYSTEM(JIF Q1/JCI Q2),EUROPEAN RESPIRATORY SOC JOURNALS LTD,其他,否,ESCI,需核实,请查期刊官网 Author / Open Access 页面,未知,,https://www.google.com/search?q=Breathe+aims+scope+instructions+for+authors+APC
589,2-Q1且IF小于5,0,Journal of Anesthesia Analgesia and Critical Care,J ANESTH ANALG CRIT,,2731-3786,4.1,4.0,Q1,11/72,Q2,Q2,0.85,85.4,46.0,792.0,ANESTHESIOLOGY; CRITICAL CARE MEDICINE,ANESTHESIOLOGY(JIF Q1/JCI Q2) | CRITICAL CARE MEDICINE(JIF Q2/JCI Q2),SPRINGERNATURE,Springer Nature,否,ESCI,混合/全OA,"全OA约 USD 2,090-3,490；Nature系更高；Scientific Reports已拉黑",中高,https://www.springernature.com/gp/open-research/journals-books/journals,https://www.google.com/search?q=Journal+of+Anesthesia+Analgesia+and+Critical+Care+aims+scope+instructions+for+authors+APC
590,2-Q1且IF小于5,0,SCANDINAVIAN JOURNAL OF WORK ENVIRONMENT & HEALTH,SCAND J WORK ENV HEA,0355-3140,1795-990X,4.0,5.0,Q1,79/443,Q1,Q1,1.19,82.3,46.0,5701.0,"PUBLIC, ENVIRONMENTAL & OCCUPATIONAL HEALTH","PUBLIC, ENVIRONMENTAL & OCCUPATIONAL HEALTH(JIF Q1/JCI Q1)",SCANDINAVIAN JOURNAL WORK ENVIRONMENT & HEALTH,其他,是,"SCIE, SSCI",需核实,请查期刊官网 Author / Open Access 页面,未知,,https://www.google.com/search?q=SCANDINAVIAN+JOURNAL+OF+WORK+ENVIRONMENT+&+HEALTH+aims+scope+instructions+for+authors+APC
591,2-Q1且IF小于5,0,REHABILITATION,REHABILITATION,0034-3536,1439-1309,2.4,1.5,Q1,41/175,Q4,Q4,0.46,76.9,46.0,759.0,REHABILITATION,REHABILITATION(JIF Q1/JCI Q4),GEORG THIEME VERLAG KG,Thieme,是,SCIE,混合为主,订阅路线通常无APC；OA另计,中低,https://www.thieme.com/en-us/open-access,https://www.google.com/search?q=REHABILITATION+aims+scope+instructions+for+authors+APC
592,2-Q1且IF小于5,0,International Braz J Urol,INT BRAZ J UROL,1677-5538,1677-6119,4.3,3.4,Q1,18/134,Q1,Q1,1.16,86.9,45.0,2903.0,UROLOGY & NEPHROLOGY,UROLOGY & NEPHROLOGY(JIF Q1/JCI Q1),BRAZILIAN SOC UROL,其他,是,SCIE,需核实,请查期刊官网 Author / Open Access 页面,未知,,https://www.google.com/search?q=International+Braz+J+Urol+aims+scope+instructions+for+authors+APC
593,2-Q1且IF小于5,0,INFECTIOUS DISEASE CLINICS OF NORTH AMERICA,INFECT DIS CLIN N AM,0891-5520,1557-9824,4.2,5.9,Q1,33/141,Q1,Q1,1.06,77.0,45.0,4731.0,IMMUNOLOGY; INFECTIOUS DISEASES,IMMUNOLOGY(JIF Q2/JCI Q1) | INFECTIOUS DISEASES(JIF Q1/JCI Q1),W B SAUNDERS CO-ELSEVIER INC,Elsevier,是,SCIE,混合为主,"订阅路线通常无APC；Gold OA常见 USD 2,200-4,200",中,https://www.elsevier.com/open-access/agreements,https://www.google.com/search?q=INFECTIOUS+DISEASE+CLINICS+OF+NORTH+AMERICA+aims+scope+instructions+for+authors+APC
594,2-Q1且IF小于5,0,Mobile DNA,MOBILE DNA-UK,1759-8753,1759-8753,4.2,5.1,Q1,46/192,Q2,Q2,0.82,76.3,45.0,1853.0,GENETICS & HEREDITY,GENETICS & HEREDITY(JIF Q1/JCI Q2),BMC,BMC,是,SCIE,全OA,"约 USD 1,990-2,890（旗舰刊更高）",高,https://www.biomedcentral.com/getpublished/article-processing-charges,https://www.google.com/search?q=Mobile+DNA+aims+scope+instructions+for+authors+APC
595,2-Q1且IF小于5,0,Korean Journal of Anesthesiology,KOREAN J ANESTHESIOL,2005-6419,2005-7563,4.0,6.2,Q1,12/72,Q1,Q1,2.12,84.0,45.0,5545.0,ANESTHESIOLOGY,ANESTHESIOLOGY(JIF Q1/JCI Q1),KOREAN SOC ANESTHESIOLOGISTS,其他,是,SCIE,需核实,请查期刊官网 Author / Open Access 页面,未知,,https://www.google.com/search?q=Korean+Journal+of+Anesthesiology+aims+scope+instructions+for+authors+APC
596,2-Q1且IF小于5,0,JOURNAL OF NURSING SCHOLARSHIP,J NURS SCHOLARSHIP,1527-6546,1547-5069,3.9,4.3,Q1,15/194,Q1,Q1,1.39,92.5,45.0,5284.0,NURSING,NURSING(JIF Q1/JCI Q1),WILEY,Wiley,是,"SCIE, SSCI",混合为主,"订阅路线通常无APC；OnlineOpen常见 USD 3,200-4,700",中,https://authorservices.wiley.com/author-resources/Journal-Authors/open-access/article-publication-charges.html,https://www.google.com/search?q=JOURNAL+OF+NURSING+SCHOLARSHIP+aims+scope+instructions+for+authors+APC
597,2-Q1且IF小于5,0,JOURNAL OF APPLIED BEHAVIOR ANALYSIS,J APPL BEHAV ANAL,,1938-3703,3.4,2.9,Q1,34/184,Q1,Q1,1.07,81.8,45.0,5320.0,"PSYCHOLOGY, CLINICAL","PSYCHOLOGY, CLINICAL(JIF Q1/JCI Q1)",WILEY,Wiley,否,SSCI,混合为主,"订阅路线通常无APC；OnlineOpen常见 USD 3,200-4,700",中,https://authorservices.wiley.com/author-resources/Journal-Authors/open-access/article-publication-charges.html,https://www.google.com/search?q=JOURNAL+OF+APPLIED+BEHAVIOR+ANALYSIS+aims+scope+instructions+for+authors+APC
598,2-Q1且IF小于5,0,Applied Health Economics and Health Policy,APPL HEALTH ECON HEA,1175-5652,1179-1896,3.1,3.8,Q1,135/626,Q2,Q1,0.87,75.6,45.0,2746.0,HEALTH CARE SCIENCES & SERVICES; HEALTH POLICY & SERVICES,HEALTH CARE SCIENCES & SERVICES(JIF Q2/JCI Q2) | HEALTH POLICY & SERVICES(JIF Q1/JCI Q2),SPRINGER INT PUBL AG,Springer,是,SSCI; SCIE,混合为主,"订阅路线通常无APC；选OA约 USD 2,790-4,290",中,https://www.springer.com/gp/open-access,https://www.google.com/search?q=Applied+Health+Economics+and+Health+Policy+aims+scope+instructions+for+authors+APC
599,2-Q1且IF小于5,0,Journal of Special Education Technology,J SPEC EDUC TECHNOL,0162-6434,2381-3121,2.7,2.8,Q1,7/62,Q1,Q1,1.36,82.6,45.0,1194.0,REHABILITATION,REHABILITATION(JIF Q1/JCI Q1),SAGE PUBLICATIONS INC,SAGE,否,SSCI,混合为主,"订阅路线通常无APC；SAGE Choice常见 USD 2,000-4,000",中,https://us.sagepub.com/en-us/nam/sage-choice,https://www.google.com/search?q=Journal+of+Special+Education+Technology+aims+scope+instructions+for+authors+APC
600,2-Q1且IF小于5,0,AMERICAN JOURNAL OF CRITICAL CARE,AM J CRIT CARE,1062-3264,1937-710X,2.6,3.0,Q1,44/194,Q2,Q2,0.73,77.6,45.0,2830.0,CRITICAL CARE MEDICINE; NURSING,CRITICAL CARE MEDICINE(JIF Q2/JCI Q2) | NURSING(JIF Q1/JCI Q2),AMER ASSOC CRITICAL CARE NURSES,其他,是,SCIE,需核实,请查期刊官网 Author / Open Access 页面,未知,,https://www.google.com/search?q=AMERICAN+JOURNAL+OF+CRITICAL+CARE+aims+scope+instructions+for+authors+APC
601,2-Q1且IF小于5,0,Advances in Respiratory Medicine,ADV RESPIR MED,2451-4934,2543-6031,4.5,2.1,Q1,21/107,Q2,Q2,0.73,80.8,44.0,843.0,RESPIRATORY SYSTEM,RESPIRATORY SYSTEM(JIF Q1/JCI Q2),MDPI,MDPI,否,ESCI,全OA,"约 CHF 1,600-2,900（如 JCM=CHF 2,600）",高,https://www.mdpi.com/about/apc,https://www.google.com/search?q=Advances+in+Respiratory+Medicine+aims+scope+instructions+for+authors+APC
602,2-Q1且IF小于5,0,Journal of Pathology Clinical Research,J PATHOL CLIN RES,,2056-4538,4.1,4.1,Q1,13/89,Q1,Q1,1.63,86.0,44.0,1348.0,PATHOLOGY,PATHOLOGY(JIF Q1/JCI Q1),WILEY,Wiley,是,SCIE,混合为主,"订阅路线通常无APC；OnlineOpen常见 USD 3,200-4,700",中,https://authorservices.wiley.com/author-resources/Journal-Authors/open-access/article-publication-charges.html,https://www.google.com/search?q=Journal+of+Pathology+Clinical+Research+aims+scope+instructions+for+authors+APC
603,2-Q1且IF小于5,0,Neuroethics,NEUROETHICS-NETH,1874-5490,1874-5504,3.7,3.1,Q1,11/78,Q1,Q1,1.62,86.5,44.0,1037.0,"MEDICAL ETHICS; SOCIAL SCIENCES, BIOMEDICAL","MEDICAL ETHICS(JIF Q2/JCI Q1) | SOCIAL SCIENCES, BIOMEDICAL(JIF Q1/JCI Q1)",SPRINGER,Springer,是,SSCI; SCIE,混合为主,"订阅路线通常无APC；选OA约 USD 2,790-4,290",中,https://www.springer.com/gp/open-access,https://www.google.com/search?q=Neuroethics+aims+scope+instructions+for+authors+APC
604,2-Q1且IF小于5,0,CLINICS IN PERINATOLOGY,CLIN PERINATOL,0095-5108,1557-9840,3.7,3.3,Q1,16/190,Q1,Q1,1.44,91.8,44.0,3214.0,OBSTETRICS & GYNECOLOGY; PEDIATRICS,OBSTETRICS & GYNECOLOGY(JIF Q1/JCI Q1) | PEDIATRICS(JIF Q1/JCI Q1),W B SAUNDERS CO-ELSEVIER INC,Elsevier,是,SCIE,混合为主,"订阅路线通常无APC；Gold OA常见 USD 2,200-4,200",中,https://www.elsevier.com/open-access/agreements,https://www.google.com/search?q=CLINICS+IN+PERINATOLOGY+aims+scope+instructions+for+authors+APC
605,2-Q1且IF小于5,0,Korean Journal of Family Medicine,KOREAN J FAM MED,2092-6715,2092-6715,3.4,3.5,Q1,7/29,Q2,Q2,1.23,77.6,44.0,1694.0,PRIMARY HEALTH CARE,PRIMARY HEALTH CARE(JIF Q1/JCI Q2),KOREAN ACAD FAMILY MEDICINE,其他,否,ESCI,需核实,请查期刊官网 Author / Open Access 页面,未知,,https://www.google.com/search?q=Korean+Journal+of+Family+Medicine+aims+scope+instructions+for+authors+APC
606,2-Q1且IF小于5,0,BioScience Trends,BIOSCI TRENDS,1881-7815,1881-7823,4.9,5.1,Q1,15/106,Q1,Q1,1.0,86.3,43.0,2554.0,BIOLOGY,BIOLOGY(JIF Q1/JCI Q1),IRCA-BSSA,其他,是,SCIE,需核实,请查期刊官网 Author / Open Access 页面,未知,,https://www.google.com/search?q=BioScience+Trends+aims+scope+instructions+for+authors+APC
607,2-Q1且IF小于5,0,International Journal of Health Policy and Management,INT J HEALTH POLICY,,2322-5939,4.9,4.9,Q1,8/125,Q1,Q1,0.99,94.0,43.0,4310.0,HEALTH CARE SCIENCES & SERVICES; HEALTH POLICY & SERVICES,HEALTH CARE SCIENCES & SERVICES(JIF Q1/JCI Q2) | HEALTH POLICY & SERVICES(JIF Q1/JCI Q1),KERMAN UNIV MEDICAL SCIENCES,其他,是,SCIE; SSCI,需核实,请查期刊官网 Author / Open Access 页面,未知,,https://www.google.com/search?q=International+Journal+of+Health+Policy+and+Management+aims+scope+instructions+for+authors+APC
608,2-Q1且IF小于5,0,JOURNAL OF HEALTH AND SOCIAL BEHAVIOR,J HEALTH SOC BEHAV,0022-1465,2150-6000,3.6,6.0,Q1,15/222,Q1,Q1,1.61,84.4,43.0,11979.0,"PUBLIC, ENVIRONMENTAL & OCCUPATIONAL HEALTH; SOCIAL SCIENCES, BIOMEDICAL","PUBLIC, ENVIRONMENTAL & OCCUPATIONAL HEALTH(JIF Q1/JCI Q1) | SOCIAL SCIENCES, BIOMEDICAL(JIF Q1/JCI Q1)",SAGE PUBLICATIONS INC,SAGE,否,SSCI,混合为主,"订阅路线通常无APC；SAGE Choice常见 USD 2,000-4,000",中,https://us.sagepub.com/en-us/nam/sage-choice,https://www.google.com/search?q=JOURNAL+OF+HEALTH+AND+SOCIAL+BEHAVIOR+aims+scope+instructions+for+authors+APC
609,2-Q1且IF小于5,0,Seminars in Fetal & Neonatal Medicine,SEMIN FETAL NEONAT M,1744-165X,1878-0946,2.9,3.9,Q1,33/190,Q1,Q1,1.35,82.9,43.0,3487.0,PEDIATRICS,PEDIATRICS(JIF Q1/JCI Q1),ELSEVIER SCI LTD,Elsevier,是,SCIE,混合为主,"订阅路线通常无APC；Gold OA常见 USD 2,200-4,200",中,https://www.elsevier.com/open-access/agreements,https://www.google.com/search?q=Seminars+in+Fetal+&+Neonatal+Medicine+aims+scope+instructions+for+authors+APC
610,2-Q1且IF小于5,0,JOURNAL OF SPORT MANAGEMENT,J SPORT MANAGE,0888-4773,1543-270X,4.6,4.7,Q1,12/136,Q1,Q1,1.14,91.5,42.0,3468.0,SPORT SCIENCES,SPORT SCIENCES(JIF Q1/JCI Q1),HUMAN KINETICS PUBL INC,其他,是,SSCI; SCIE,需核实,请查期刊官网 Author / Open Access 页面,未知,,https://www.google.com/search?q=JOURNAL+OF+SPORT+MANAGEMENT+aims+scope+instructions+for+authors+APC
611,2-Q1且IF小于5,0,Journal of Healthcare Informatics Research,J HEALTHC INFORM RES,2509-4971,2509-498X,4.6,6.4,Q1,33/194,Q1,Q1,1.1,83.2,42.0,919.0,HEALTH CARE SCIENCES & SERVICES; MEDICAL INFORMATICS,HEALTH CARE SCIENCES & SERVICES(JIF Q1/JCI Q1) | MEDICAL INFORMATICS(JIF Q2/JCI Q2),SPRINGERNATURE,Springer Nature,否,ESCI,混合/全OA,"全OA约 USD 2,090-3,490；Nature系更高；Scientific Reports已拉黑",中高,https://www.springernature.com/gp/open-research/journals-books/journals,https://www.google.com/search?q=Journal+of+Healthcare+Informatics+Research+aims+scope+instructions+for+authors+APC
612,2-Q1且IF小于5,0,Global Transitions,GLOB TRANSIT,2589-7918,2589-7918,4.2,,Q1,71/443,Q1,Q1,1.23,84.1,42.0,641.0,"PUBLIC, ENVIRONMENTAL & OCCUPATIONAL HEALTH","PUBLIC, ENVIRONMENTAL & OCCUPATIONAL HEALTH(JIF Q1/JCI Q1)",KEAI PUBLISHING LTD,其他,否,ESCI,需核实,请查期刊官网 Author / Open Access 页面,未知,,https://www.google.com/search?q=Global+Transitions+aims+scope+instructions+for+authors+APC
613,2-Q1且IF小于5,0,Annals of Physical and Rehabilitation Medicine,ANN PHYS REHABIL MED,1877-0657,1877-0665,4.0,5.5,Q1,7/175,Q1,Q1,1.58,96.3,42.0,3839.0,REHABILITATION,REHABILITATION(JIF Q1/JCI Q1),ELSEVIER FRANCE-EDITIONS SCIENTIFIQUES MEDICALES ELSEVIER,Elsevier,是,SCIE,混合为主,"订阅路线通常无APC；Gold OA常见 USD 2,200-4,200",中,https://www.elsevier.com/open-access/agreements,https://www.google.com/search?q=Annals+of+Physical+and+Rehabilitation+Medicine+aims+scope+instructions+for+authors+APC
614,2-Q1且IF小于5,0,World Journal Of Emergency Medicine,WORLD J EMERG MED,1920-8642,1920-8642,3.8,3.3,Q1,9/55,Q1,Q1,1.23,84.5,42.0,1221.0,EMERGENCY MEDICINE,EMERGENCY MEDICINE(JIF Q1/JCI Q1),ZHEJIANG UNIV PRESS,其他,是,SCIE,需核实,请查期刊官网 Author / Open Access 页面,未知,,https://www.google.com/search?q=World+Journal+Of+Emergency+Medicine+aims+scope+instructions+for+authors+APC
615,2-Q1且IF小于5,0,EFORT Open Reviews,EFORT OPEN REV,2396-7544,2058-5241,4.6,5.7,Q1,15/147,Q1,Q1,1.56,90.1,41.0,4577.0,ORTHOPEDICS,ORTHOPEDICS(JIF Q1/JCI Q1),BIOSCIENTIFICA LTD,其他,是,SCIE,需核实,请查期刊官网 Author / Open Access 页面,未知,,https://www.google.com/search?q=EFORT+Open+Reviews+aims+scope+instructions+for+authors+APC
616,2-Q1且IF小于5,0,Non-Coding RNA,NON-CODING RNA,,2311-553X,4.2,4.2,Q1,46/192,Q3,Q3,0.59,76.3,41.0,1927.0,BIOCHEMISTRY & MOLECULAR BIOLOGY; GENETICS & HEREDITY,BIOCHEMISTRY & MOLECULAR BIOLOGY(JIF Q2/JCI Q3) | GENETICS & HEREDITY(JIF Q1/JCI Q3),MDPI,MDPI,否,ESCI,全OA,"约 CHF 1,600-2,900（如 JCM=CHF 2,600）",高,https://www.mdpi.com/about/apc,https://www.google.com/search?q=Non-Coding+RNA+aims+scope+instructions+for+authors+APC
617,2-Q1且IF小于5,0,Interface Focus,INTERFACE FOCUS,2042-8898,2042-8901,4.0,4.6,Q1,21/106,Q1,Q1,1.07,80.7,41.0,3417.0,BIOLOGY,BIOLOGY(JIF Q1/JCI Q1),ROYAL SOC,其他,是,SCIE,需核实,请查期刊官网 Author / Open Access 页面,未知,,https://www.google.com/search?q=Interface+Focus+aims+scope+instructions+for+authors+APC
618,2-Q1且IF小于5,0,JARO-JOURNAL OF THE ASSOCIATION FOR RESEARCH IN OTOLARYNGOLOGY,JARO-J ASSOC RES OTO,1525-3961,1438-7573,2.9,3.1,Q1,7/67,Q2,Q2,0.94,90.3,41.0,2524.0,NEUROSCIENCES; OTORHINOLARYNGOLOGY,NEUROSCIENCES(JIF Q3/JCI Q2) | OTORHINOLARYNGOLOGY(JIF Q1/JCI Q2),SPRINGER,Springer,是,SCIE,混合为主,"订阅路线通常无APC；选OA约 USD 2,790-4,290",中,https://www.springer.com/gp/open-access,https://www.google.com/search?q=JARO-JOURNAL+OF+THE+ASSOCIATION+FOR+RESEARCH+IN+OTOLARYNGOLOGY+aims+scope+instructions+for+authors+APC
619,2-Q1且IF小于5,0,Current Problems in Pediatric and Adolescent Health Care,CURR PROB PEDIATR AD,1538-5442,1538-3199,2.5,3.1,Q1,43/190,Q1,Q1,1.72,77.6,41.0,1668.0,PEDIATRICS,PEDIATRICS(JIF Q1/JCI Q1),ELSEVIER SCIENCE INC,Elsevier,是,SCIE,混合为主,"订阅路线通常无APC；Gold OA常见 USD 2,200-4,200",中,https://www.elsevier.com/open-access/agreements,https://www.google.com/search?q=Current+Problems+in+Pediatric+and+Adolescent+Health+Care+aims+scope+instructions+for+authors+APC
620,2-Q1且IF小于5,0,Frontiers in Neuroanatomy,FRONT NEUROANAT,1662-5129,1662-5129,2.4,2.9,Q1,4/25,Q2,Q2,0.94,86.0,41.0,4672.0,ANATOMY & MORPHOLOGY; NEUROSCIENCES,ANATOMY & MORPHOLOGY(JIF Q1/JCI Q2) | NEUROSCIENCES(JIF Q3/JCI Q2),FRONTIERS MEDIA SA,Frontiers,是,SCIE,全OA,"约 CHF 1,495-3,150（Frontiers in Medicine A类=CHF 3,150）",高,https://www.frontiersin.org/about/fee-policy,https://www.google.com/search?q=Frontiers+in+Neuroanatomy+aims+scope+instructions+for+authors+APC
621,2-Q1且IF小于5,0,Zeitschrift fur Medizinische Physik,Z MED PHYS,0939-3889,1876-4436,4.7,3.4,Q1,35/217,Q1,Q1,1.27,84.1,40.0,1340.0,"RADIOLOGY, NUCLEAR MEDICINE & MEDICAL IMAGING","RADIOLOGY, NUCLEAR MEDICINE & MEDICAL IMAGING(JIF Q1/JCI Q1)",ELSEVIER,Elsevier,是,SCIE,混合为主,"订阅路线通常无APC；Gold OA常见 USD 2,200-4,200",中,https://www.elsevier.com/open-access/agreements,https://www.google.com/search?q=Zeitschrift+fur+Medizinische+Physik+aims+scope+instructions+for+authors+APC
622,2-Q1且IF小于5,0,SEMINARS IN THROMBOSIS AND HEMOSTASIS,SEMIN THROMB HEMOST,0094-6176,1098-9064,4.2,4.1,Q1,23/100,Q1,Q1,0.98,77.5,40.0,5198.0,HEMATOLOGY; PERIPHERAL VASCULAR DISEASE,HEMATOLOGY(JIF Q1/JCI Q1) | PERIPHERAL VASCULAR DISEASE(JIF Q1/JCI Q1),THIEME MEDICAL PUBL INC,Thieme,是,SCIE,混合为主,订阅路线通常无APC；OA另计,中低,https://www.thieme.com/en-us/open-access,https://www.google.com/search?q=SEMINARS+IN+THROMBOSIS+AND+HEMOSTASIS+aims+scope+instructions+for+authors+APC
623,2-Q1且IF小于5,0,Environmental Health Insights,ENVIRON HEALTH INSIG,1178-6302,1178-6302,3.4,3.6,Q1,101/443,Q2,Q2,0.9,77.3,40.0,1778.0,"PUBLIC, ENVIRONMENTAL & OCCUPATIONAL HEALTH","PUBLIC, ENVIRONMENTAL & OCCUPATIONAL HEALTH(JIF Q1/JCI Q2)",SAGE PUBLICATIONS LTD,SAGE,否,ESCI,混合为主,"订阅路线通常无APC；SAGE Choice常见 USD 2,000-4,000",中,https://us.sagepub.com/en-us/nam/sage-choice,https://www.google.com/search?q=Environmental+Health+Insights+aims+scope+instructions+for+authors+APC
624,2-Q1且IF小于5,0,JOURNAL OF LIPOSOME RESEARCH,J LIPOSOME RES,0898-2104,1532-2394,4.7,5.2,Q1,78/356,Q2,Q2,0.82,78.2,39.0,2274.0,BIOCHEMISTRY & MOLECULAR BIOLOGY; PHARMACOLOGY & PHARMACY,BIOCHEMISTRY & MOLECULAR BIOLOGY(JIF Q2/JCI Q2) | PHARMACOLOGY & PHARMACY(JIF Q1/JCI Q2),TAYLOR & FRANCIS LTD,Taylor & Francis,是,SCIE,混合为主,"订阅路线通常无APC；Open Select常见 USD 2,500-3,500",中,https://authorservices.taylorandfrancis.com/publishing-open-access/,https://www.google.com/search?q=JOURNAL+OF+LIPOSOME+RESEARCH+aims+scope+instructions+for+authors+APC
625,2-Q1且IF小于5,0,STUDIES IN FAMILY PLANNING,STUD FAMILY PLANN,0039-3665,1728-4465,3.9,3.7,Q1,2/51,Q1,Q1,1.04,81.2,39.0,2046.0,"PUBLIC, ENVIRONMENTAL & OCCUPATIONAL HEALTH","PUBLIC, ENVIRONMENTAL & OCCUPATIONAL HEALTH(JIF Q1/JCI Q1)",WILEY,Wiley,否,SSCI,混合为主,"订阅路线通常无APC；OnlineOpen常见 USD 3,200-4,700",中,https://authorservices.wiley.com/author-resources/Journal-Authors/open-access/article-publication-charges.html,https://www.google.com/search?q=STUDIES+IN+FAMILY+PLANNING+aims+scope+instructions+for+authors+APC
626,2-Q1且IF小于5,0,Physiotherapy,PHYSIOTHERAPY,0031-9406,1873-1465,3.1,3.6,Q1,19/175,Q1,Q1,1.14,89.4,39.0,3661.0,REHABILITATION,REHABILITATION(JIF Q1/JCI Q1),ELSEVIER SCI LTD,Elsevier,是,SCIE,混合为主,"订阅路线通常无APC；Gold OA常见 USD 2,200-4,200",中,https://www.elsevier.com/open-access/agreements,https://www.google.com/search?q=Physiotherapy+aims+scope+instructions+for+authors+APC
627,2-Q1且IF小于5,0,Australasian Emergency Care,AUSTRALAS EMERG CARE,,2588-994X,2.7,2.7,Q1,41/194,Q1,Q1,1.15,79.1,39.0,775.0,EMERGENCY MEDICINE; NURSING,EMERGENCY MEDICINE(JIF Q2/JCI Q2) | NURSING(JIF Q1/JCI Q1),ELSEVIER SCI LTD,Elsevier,是,"SCIE; SCIE, SSCI",混合为主,"订阅路线通常无APC；Gold OA常见 USD 2,200-4,200",中,https://www.elsevier.com/open-access/agreements,https://www.google.com/search?q=Australasian+Emergency+Care+aims+scope+instructions+for+authors+APC
628,2-Q1且IF小于5,0,JOURNAL OF NEUROSURGICAL ANESTHESIOLOGY,J NEUROSURG ANESTH,0898-4921,1537-1921,2.7,2.5,Q1,73/321,Q1,Q1,1.05,77.4,39.0,1874.0,ANESTHESIOLOGY; CLINICAL NEUROLOGY; SURGERY,ANESTHESIOLOGY(JIF Q2/JCI Q2) | CLINICAL NEUROLOGY(JIF Q3/JCI Q1) | SURGERY(JIF Q1/JCI Q1),LIPPINCOTT WILLIAMS & WILKINS,Wolters Kluwer/LWW,是,SCIE,混合为主,"订阅路线通常无APC；OA常见 USD 2,000-4,000；MEDICINE已拉黑",中,https://wkauthorservices.editage.com/open-access/,https://www.google.com/search?q=JOURNAL+OF+NEUROSURGICAL+ANESTHESIOLOGY+aims+scope+instructions+for+authors+APC
629,2-Q1且IF小于5,0,REVISTA ESPANOLA DE ENFERMEDADES DIGESTIVAS,REV ESP ENFERM DIG,1130-0108,2340-4167,4.8,2.5,Q1,35/153,Q3,Q3,0.39,77.5,38.0,2272.0,GASTROENTEROLOGY & HEPATOLOGY,GASTROENTEROLOGY & HEPATOLOGY(JIF Q1/JCI Q3),"ARAN EDICIONES, S A",其他,是,SCIE,需核实,请查期刊官网 Author / Open Access 页面,未知,,https://www.google.com/search?q=REVISTA+ESPANOLA+DE+ENFERMEDADES+DIGESTIVAS+aims+scope+instructions+for+authors+APC
630,2-Q1且IF小于5,0,JOURNAL OF DERMATOLOGICAL SCIENCE,J DERMATOL SCI,0923-1811,1873-569X,4.6,4.4,Q1,11/99,Q1,Q1,1.5,89.4,38.0,6342.0,DERMATOLOGY,DERMATOLOGY(JIF Q1/JCI Q1),ELSEVIER IRELAND LTD,Elsevier,是,SCIE,混合为主,"订阅路线通常无APC；Gold OA常见 USD 2,200-4,200",中,https://www.elsevier.com/open-access/agreements,https://www.google.com/search?q=JOURNAL+OF+DERMATOLOGICAL+SCIENCE+aims+scope+instructions+for+authors+APC
631,2-Q1且IF小于5,0,Prehospital and Disaster Medicine,PREHOSP DISASTER MED,1049-023X,1945-1938,4.1,3.1,Q1,8/55,Q2,Q2,1.02,86.4,38.0,3743.0,EMERGENCY MEDICINE,EMERGENCY MEDICINE(JIF Q1/JCI Q2),CAMBRIDGE UNIV PRESS,Cambridge UP,是,SCIE,混合为主,订阅路线通常无APC；Gold OA因刊而异,中,https://www.cambridge.org/core/open-research/open-access,https://www.google.com/search?q=Prehospital+and+Disaster+Medicine+aims+scope+instructions+for+authors+APC
632,2-Q1且IF小于5,0,BIPOLAR DISORDERS,BIPOLAR DISORD,1398-5647,1399-5618,3.9,5.0,Q1,71/293,Q2,Q2,0.85,75.9,38.0,5403.0,CLINICAL NEUROLOGY; NEUROSCIENCES; PSYCHIATRY,CLINICAL NEUROLOGY(JIF Q2/JCI Q2) | NEUROSCIENCES(JIF Q2/JCI Q2) | PSYCHIATRY(JIF Q1/JCI Q2),WILEY,Wiley,是,SCIE,混合为主,"订阅路线通常无APC；OnlineOpen常见 USD 3,200-4,700",中,https://authorservices.wiley.com/author-resources/Journal-Authors/open-access/article-publication-charges.html,https://www.google.com/search?q=BIPOLAR+DISORDERS+aims+scope+instructions+for+authors+APC
633,2-Q1且IF小于5,0,Journal of the World Federation of Orthodontists,J WORLD FED ORTHOD,2212-4438,2212-4438,3.5,3.4,Q1,34/165,Q1,Q1,1.39,79.7,38.0,728.0,"DENTISTRY, ORAL SURGERY & MEDICINE","DENTISTRY, ORAL SURGERY & MEDICINE(JIF Q1/JCI Q1)",ELSEVIER,Elsevier,否,ESCI,混合为主,"订阅路线通常无APC；Gold OA常见 USD 2,200-4,200",中,https://www.elsevier.com/open-access/agreements,https://www.google.com/search?q=Journal+of+the+World+Federation+of+Orthodontists+aims+scope+instructions+for+authors+APC
634,2-Q1且IF小于5,0,Journal of Clinical and Translational Endocrinology,J CLIN TRANSL ENDOCR,2214-6237,2214-6237,4.9,4.1,Q1,49/198,Q1,Q1,1.04,75.5,37.0,1033.0,ENDOCRINOLOGY & METABOLISM,ENDOCRINOLOGY & METABOLISM(JIF Q1/JCI Q1),ELSEVIER,Elsevier,否,ESCI,混合为主,"订阅路线通常无APC；Gold OA常见 USD 2,200-4,200",中,https://www.elsevier.com/open-access/agreements,https://www.google.com/search?q=Journal+of+Clinical+and+Translational+Endocrinology+aims+scope+instructions+for+authors+APC
635,2-Q1且IF小于5,0,Endoscopic Ultrasound,ENDOSC ULTRASOUND,2303-9027,2226-7190,4.7,4.5,Q1,36/153,Q2,Q2,0.87,76.8,37.0,1649.0,GASTROENTEROLOGY & HEPATOLOGY,GASTROENTEROLOGY & HEPATOLOGY(JIF Q1/JCI Q2),LIPPINCOTT WILLIAMS & WILKINS,Wolters Kluwer/LWW,是,SCIE,混合为主,"订阅路线通常无APC；OA常见 USD 2,000-4,000；MEDICINE已拉黑",中,https://wkauthorservices.editage.com/open-access/,https://www.google.com/search?q=Endoscopic+Ultrasound+aims+scope+instructions+for+authors+APC
636,2-Q1且IF小于5,0,ENDOCRINE PATHOLOGY,ENDOCR PATHOL,1046-3976,1559-0097,4.6,8.9,Q1,10/89,Q1,Q1,3.52,89.3,37.0,2974.0,ENDOCRINOLOGY & METABOLISM; PATHOLOGY,ENDOCRINOLOGY & METABOLISM(JIF Q2/JCI Q1) | PATHOLOGY(JIF Q1/JCI Q1),HUMANA PRESS INC,其他,是,SCIE,需核实,请查期刊官网 Author / Open Access 页面,未知,,https://www.google.com/search?q=ENDOCRINE+PATHOLOGY+aims+scope+instructions+for+authors+APC
637,2-Q1且IF小于5,0,Hygiene and Environmental Health Advances,HYG ENVIRON HLTH ADV,,2773-0492,4.4,4.1,Q1,60/443,Q2,Q2,0.83,86.6,37.0,452.0,"PUBLIC, ENVIRONMENTAL & OCCUPATIONAL HEALTH","PUBLIC, ENVIRONMENTAL & OCCUPATIONAL HEALTH(JIF Q1/JCI Q2)",ELSEVIER,Elsevier,否,ESCI,混合为主,"订阅路线通常无APC；Gold OA常见 USD 2,200-4,200",中,https://www.elsevier.com/open-access/agreements,https://www.google.com/search?q=Hygiene+and+Environmental+Health+Advances+aims+scope+instructions+for+authors+APC
638,2-Q1且IF小于5,0,EXPERIMENTAL AND MOLECULAR PATHOLOGY,EXP MOL PATHOL,0014-4800,1096-0945,4.1,2.9,Q1,13/89,Q1,Q1,1.34,86.0,37.0,3770.0,PATHOLOGY,PATHOLOGY(JIF Q1/JCI Q1),ACADEMIC PRESS INC ELSEVIER SCIENCE,Elsevier,是,SCIE,混合为主,"订阅路线通常无APC；Gold OA常见 USD 2,200-4,200",中,https://www.elsevier.com/open-access/agreements,https://www.google.com/search?q=EXPERIMENTAL+AND+MOLECULAR+PATHOLOGY+aims+scope+instructions+for+authors+APC
639,2-Q1且IF小于5,0,Games for Health Journal,GAMES HEALTH J,2161-783X,2161-7856,3.1,3.8,Q1,19/175,Q1,Q1,1.08,89.4,37.0,2003.0,"PUBLIC, ENVIRONMENTAL & OCCUPATIONAL HEALTH; REHABILITATION","PUBLIC, ENVIRONMENTAL & OCCUPATIONAL HEALTH(JIF Q2/JCI Q1) | REHABILITATION(JIF Q1/JCI Q1)",SAGE PUBLICATIONS INC,SAGE,否,SSCI,混合为主,"订阅路线通常无APC；SAGE Choice常见 USD 2,000-4,000",中,https://us.sagepub.com/en-us/nam/sage-choice,https://www.google.com/search?q=Games+for+Health+Journal+aims+scope+instructions+for+authors+APC
640,2-Q1且IF小于5,0,Clinical and Experimental Otorhinolaryngology,CLIN EXP OTORHINOLAR,1976-8710,2005-0720,2.8,2.7,Q1,8/67,Q1,Q1,1.64,88.8,37.0,1379.0,OTORHINOLARYNGOLOGY,OTORHINOLARYNGOLOGY(JIF Q1/JCI Q1),KOREAN SOC OTORHINOLARYNGOL,其他,是,SCIE,需核实,请查期刊官网 Author / Open Access 页面,未知,,https://www.google.com/search?q=Clinical+and+Experimental+Otorhinolaryngology+aims+scope+instructions+for+authors+APC
641,2-Q1且IF小于5,0,CNS SPECTRUMS,CNS SPECTRUMS,1092-8529,2165-6509,4.6,4.6,Q1,48/296,Q2,Q2,0.86,84.0,36.0,4296.0,CLINICAL NEUROLOGY; PSYCHIATRY,CLINICAL NEUROLOGY(JIF Q1/JCI Q2) | PSYCHIATRY(JIF Q1/JCI Q2),CAMBRIDGE UNIV PRESS,Cambridge UP,是,SCIE,混合为主,订阅路线通常无APC；Gold OA因刊而异,中,https://www.cambridge.org/core/open-research/open-access,https://www.google.com/search?q=CNS+SPECTRUMS+aims+scope+instructions+for+authors+APC
642,2-Q1且IF小于5,0,JOURNAL OF HEALTH POLITICS POLICY AND LAW,J HEALTH POLIT POLIC,0361-6878,,2.7,2.9,Q1,17/72,Q1,Q1,1.19,76.0,36.0,1610.0,"HEALTH CARE SCIENCES & SERVICES; HEALTH POLICY & SERVICES; SOCIAL SCIENCES, BIOMEDICAL","HEALTH CARE SCIENCES & SERVICES(JIF Q2/JCI Q1) | HEALTH POLICY & SERVICES(JIF Q2/JCI Q1) | SOCIAL SCIENCES, BIOMEDICAL(JIF Q1/JCI Q1)",DUKE UNIV PRESS,其他,是,SCIE; SSCI,需核实,请查期刊官网 Author / Open Access 页面,未知,,https://www.google.com/search?q=JOURNAL+OF+HEALTH+POLITICS+POLICY+AND+LAW+aims+scope+instructions+for+authors+APC
643,2-Q1且IF小于5,0,ADAPTED PHYSICAL ACTIVITY QUARTERLY,ADAPT PHYS ACT Q,0736-5829,1543-2777,2.6,2.4,Q1,35/175,Q2,Q2,0.93,80.3,36.0,1542.0,REHABILITATION; SPORT SCIENCES,REHABILITATION(JIF Q1/JCI Q2) | SPORT SCIENCES(JIF Q2/JCI Q2),HUMAN KINETICS PUBL INC,其他,是,SCIE,需核实,请查期刊官网 Author / Open Access 页面,未知,,https://www.google.com/search?q=ADAPTED+PHYSICAL+ACTIVITY+QUARTERLY+aims+scope+instructions+for+authors+APC
644,2-Q1且IF小于5,0,Journal of Infusion Nursing,J INFUS NURS,1533-1458,1539-0667,4.5,3.2,Q1,11/194,Q1,Q1,1.84,94.6,35.0,959.0,NURSING,NURSING(JIF Q1/JCI Q1),LIPPINCOTT WILLIAMS & WILKINS,Wolters Kluwer/LWW,否,ESCI,混合为主,"订阅路线通常无APC；OA常见 USD 2,000-4,000；MEDICINE已拉黑",中,https://wkauthorservices.editage.com/open-access/,https://www.google.com/search?q=Journal+of+Infusion+Nursing+aims+scope+instructions+for+authors+APC
645,2-Q1且IF小于5,0,Annals of Cardiothoracic Surgery,ANN CARDIOTHORAC SUR,2225-319X,2304-1021,4.1,4.1,Q1,33/321,Q1,Q1,1.07,89.9,35.0,2776.0,CARDIAC & CARDIOVASCULAR SYSTEMS; SURGERY,CARDIAC & CARDIOVASCULAR SYSTEMS(JIF Q2/JCI Q1) | SURGERY(JIF Q1/JCI Q1),AME PUBLISHING COMPANY,其他,是,SCIE,需核实,请查期刊官网 Author / Open Access 页面,未知,,https://www.google.com/search?q=Annals+of+Cardiothoracic+Surgery+aims+scope+instructions+for+authors+APC
646,2-Q1且IF小于5,0,International Journal of Health Sciences-IJHS,INT J HEALTH SCI-IJH,1658-3639,1658-7774,2.8,2.7,Q1,80/336,Q2,Q2,0.41,76.3,35.0,1672.0,"MEDICINE, GENERAL & INTERNAL","MEDICINE, GENERAL & INTERNAL(JIF Q1/JCI Q2)",SCIENTIFIC SCHOLAR LLC,其他,否,ESCI,需核实,请查期刊官网 Author / Open Access 页面,未知,,https://www.google.com/search?q=International+Journal+of+Health+Sciences-IJHS+aims+scope+instructions+for+authors+APC
647,2-Q1且IF小于5,0,Knee Surgery & Related Research,KNEE SURG RELAT RES,,2234-2451,4.9,4.0,Q1,20/321,Q1,Q1,1.93,93.9,34.0,1619.0,ORTHOPEDICS; SURGERY,ORTHOPEDICS(JIF Q1/JCI Q1) | SURGERY(JIF Q1/JCI Q1),SPRINGERNATURE,Springer Nature,否,ESCI,混合/全OA,"全OA约 USD 2,090-3,490；Nature系更高；Scientific Reports已拉黑",中高,https://www.springernature.com/gp/open-research/journals-books/journals,https://www.google.com/search?q=Knee+Surgery+&+Related+Research+aims+scope+instructions+for+authors+APC
648,2-Q1且IF小于5,0,OBSTETRICAL & GYNECOLOGICAL SURVEY,OBSTET GYNECOL SURV,0029-7828,1533-9866,4.7,5.0,Q1,12/143,Q1,Q1,1.26,92.0,34.0,2609.0,OBSTETRICS & GYNECOLOGY,OBSTETRICS & GYNECOLOGY(JIF Q1/JCI Q1),LIPPINCOTT WILLIAMS & WILKINS,Wolters Kluwer/LWW,是,SCIE,混合为主,"订阅路线通常无APC；OA常见 USD 2,000-4,000；MEDICINE已拉黑",中,https://wkauthorservices.editage.com/open-access/,https://www.google.com/search?q=OBSTETRICAL+&+GYNECOLOGICAL+SURVEY+aims+scope+instructions+for+authors+APC
649,2-Q1且IF小于5,0,ANNALS OF DYSLEXIA,ANN DYSLEXIA,0736-9387,1934-7243,4.5,3.7,Q1,1/62,Q1,Q1,2.59,97.4,34.0,1355.0,REHABILITATION,REHABILITATION(JIF Q1/JCI Q1),SPRINGER,Springer,否,SSCI,混合为主,"订阅路线通常无APC；选OA约 USD 2,790-4,290",中,https://www.springer.com/gp/open-access,https://www.google.com/search?q=ANNALS+OF+DYSLEXIA+aims+scope+instructions+for+authors+APC
650,2-Q1且IF小于5,0,International Journal of Bipolar Disorders,INT J BIPOLAR DISORD,2194-7511,2194-7511,4.5,4.2,Q1,55/293,Q2,Q2,0.98,81.4,34.0,1316.0,PSYCHIATRY,PSYCHIATRY(JIF Q1/JCI Q2),SPRINGER,Springer,是,SCIE,混合为主,"订阅路线通常无APC；选OA约 USD 2,790-4,290",中,https://www.springer.com/gp/open-access,https://www.google.com/search?q=International+Journal+of+Bipolar+Disorders+aims+scope+instructions+for+authors+APC
651,2-Q1且IF小于5,0,CANADIAN ASSOCIATION OF RADIOLOGISTS JOURNAL-JOURNAL DE L ASSOCIATION CANADIENNE DES RADIOLOGISTES,CAN ASSOC RADIOL J,0846-5371,1488-2361,4.0,3.1,Q1,42/217,Q1,Q1,1.26,80.9,34.0,2067.0,"RADIOLOGY, NUCLEAR MEDICINE & MEDICAL IMAGING","RADIOLOGY, NUCLEAR MEDICINE & MEDICAL IMAGING(JIF Q1/JCI Q1)",SAGE PUBLICATIONS INC,SAGE,是,SCIE,混合为主,"订阅路线通常无APC；SAGE Choice常见 USD 2,000-4,000",中,https://us.sagepub.com/en-us/nam/sage-choice,https://www.google.com/search?q=CANADIAN+ASSOCIATION+OF+RADIOLOGISTS+JOURNAL-JOURNAL+DE+L+ASSOCIATION+CANADIENNE+DES+RADIOLOGISTES+aims+scope+instructions+for+authors+APC
652,2-Q1且IF小于5,0,Prostate International,PROSTATE INT,2287-8882,2287-903X,4.0,3.1,Q1,23/134,Q1,Q1,1.07,83.2,34.0,845.0,UROLOGY & NEPHROLOGY,UROLOGY & NEPHROLOGY(JIF Q1/JCI Q1),ELSEVIER INC,Elsevier,是,SCIE,混合为主,"订阅路线通常无APC；Gold OA常见 USD 2,200-4,200",中,https://www.elsevier.com/open-access/agreements,https://www.google.com/search?q=Prostate+International+aims+scope+instructions+for+authors+APC
653,2-Q1且IF小于5,0,Maxillofacial Plastic and Reconstructive Surgery,MAX PLAST RECONSTR S,2288-8101,2288-8586,3.5,2.9,Q1,34/165,Q2,Q2,0.96,79.7,34.0,1000.0,"DENTISTRY, ORAL SURGERY & MEDICINE","DENTISTRY, ORAL SURGERY & MEDICINE(JIF Q1/JCI Q2)",SPRINGER,Springer,否,ESCI,混合为主,"订阅路线通常无APC；选OA约 USD 2,790-4,290",中,https://www.springer.com/gp/open-access,https://www.google.com/search?q=Maxillofacial+Plastic+and+Reconstructive+Surgery+aims+scope+instructions+for+authors+APC
654,2-Q1且IF小于5,0,Journal of Mental Health,J MENT HEALTH,0963-8237,1360-0567,3.5,3.8,Q1,31/184,Q2,Q2,0.85,83.4,34.0,4776.0,"PSYCHIATRY; PSYCHOLOGY, CLINICAL","PSYCHIATRY(JIF Q2/JCI Q2) | PSYCHOLOGY, CLINICAL(JIF Q1/JCI Q2)",TAYLOR & FRANCIS INC,Taylor & Francis,否,SSCI,混合为主,"订阅路线通常无APC；Open Select常见 USD 2,500-3,500",中,https://authorservices.taylorandfrancis.com/publishing-open-access/,https://www.google.com/search?q=Journal+of+Mental+Health+aims+scope+instructions+for+authors+APC
655,2-Q1且IF小于5,0,Clinical and Experimental Emergency Medicine,CLIN EXP EMERG MED,2383-4625,2383-4625,3.4,2.2,Q1,11/55,Q2,Q2,0.95,80.9,34.0,923.0,EMERGENCY MEDICINE,EMERGENCY MEDICINE(JIF Q1/JCI Q2),SEOUL KOREAN SOC EMERGENCY MEDICINE,其他,否,ESCI,需核实,请查期刊官网 Author / Open Access 页面,未知,,https://www.google.com/search?q=Clinical+and+Experimental+Emergency+Medicine+aims+scope+instructions+for+authors+APC
656,2-Q1且IF小于5,0,Balkan Medical Journal,BALK MED J,2146-3123,2146-3131,4.5,3.4,Q1,49/336,Q1,Q1,0.81,85.6,33.0,1505.0,"MEDICINE, GENERAL & INTERNAL","MEDICINE, GENERAL & INTERNAL(JIF Q1/JCI Q1)",GALENOS PUBL HOUSE,其他,是,SCIE,需核实,请查期刊官网 Author / Open Access 页面,未知,,https://www.google.com/search?q=Balkan+Medical+Journal+aims+scope+instructions+for+authors+APC
657,2-Q1且IF小于5,0,Child and Adolescent Mental Health,CHILD ADOL MENT H-UK,1475-357X,1475-3588,4.4,7.1,Q1,9/190,Q1,Q1,1.1,95.5,33.0,2680.0,"PEDIATRICS; PSYCHIATRY; PSYCHOLOGY, CLINICAL","PEDIATRICS(JIF Q1/JCI Q1) | PSYCHIATRY(JIF Q1/JCI Q1) | PSYCHOLOGY, CLINICAL(JIF Q1/JCI Q1)",WILEY,Wiley,是,"SCIE; SCIE, SSCI; SSCI",混合为主,"订阅路线通常无APC；OnlineOpen常见 USD 3,200-4,700",中,https://authorservices.wiley.com/author-resources/Journal-Authors/open-access/article-publication-charges.html,https://www.google.com/search?q=Child+and+Adolescent+Mental+Health+aims+scope+instructions+for+authors+APC
658,2-Q1且IF小于5,0,EUROPEAN CELLS & MATERIALS,EUR CELLS MATER,1473-2262,1473-2262,3.6,3.5,Q1,24/147,Q2,Q2,0.82,84.0,33.0,2706.0,"CELL & TISSUE ENGINEERING; ENGINEERING, BIOMEDICAL; MATERIALS SCIENCE, BIOMATERIALS; ORTHOPEDICS","CELL & TISSUE ENGINEERING(JIF Q3/JCI Q2) | ENGINEERING, BIOMEDICAL(JIF Q2/JCI Q2) | MATERIALS SCIENCE, BIOMATERIALS(JIF Q3/JCI Q2) | ORTHOPEDICS(JIF Q1/JCI Q2)",FORUM MULTIMEDIA PUBLISHING LLC,其他,是,SCIE,需核实,请查期刊官网 Author / Open Access 页面,未知,,https://www.google.com/search?q=EUROPEAN+CELLS+&+MATERIALS+aims+scope+instructions+for+authors+APC
659,2-Q1且IF小于5,0,Annals of Rehabilitation Medicine-ARM,ANN REHABIL MED-ARM,,2234-0653,2.8,2.9,Q1,29/175,Q1,Q1,1.07,83.7,33.0,2298.0,REHABILITATION,REHABILITATION(JIF Q1/JCI Q1),KOREAN ACAD REHABILITATION MEDICINE,其他,否,ESCI,需核实,请查期刊官网 Author / Open Access 页面,未知,,https://www.google.com/search?q=Annals+of+Rehabilitation+Medicine-ARM+aims+scope+instructions+for+authors+APC
660,2-Q1且IF小于5,0,Pharmaceutical Medicine,PHARM MED,1178-2595,1179-1993,4.7,4.3,Q1,78/356,Q2,Q2,0.75,78.2,31.0,914.0,PHARMACOLOGY & PHARMACY,PHARMACOLOGY & PHARMACY(JIF Q1/JCI Q2),SPRINGER INT PUBL AG,Springer,否,ESCI,混合为主,"订阅路线通常无APC；选OA约 USD 2,790-4,290",中,https://www.springer.com/gp/open-access,https://www.google.com/search?q=Pharmaceutical+Medicine+aims+scope+instructions+for+authors+APC
661,2-Q1且IF小于5,0,Advances in Ophthalmology Practice and Research,ADV OPHTHALMOL PRACT,,2667-3762,4.5,4.4,Q1,15/98,Q2,Q2,1.14,85.2,31.0,478.0,OPHTHALMOLOGY,OPHTHALMOLOGY(JIF Q1/JCI Q2),ELSEVIER,Elsevier,否,ESCI,混合为主,"订阅路线通常无APC；Gold OA常见 USD 2,200-4,200",中,https://www.elsevier.com/open-access/agreements,https://www.google.com/search?q=Advances+in+Ophthalmology+Practice+and+Research+aims+scope+instructions+for+authors+APC
662,2-Q1且IF小于5,0,SEMINARS IN HEMATOLOGY,SEMIN HEMATOL,0037-1963,1532-8686,4.3,4.0,Q1,23/103,Q1,Q1,1.37,78.2,31.0,2413.0,HEMATOLOGY,HEMATOLOGY(JIF Q1/JCI Q1),W B SAUNDERS CO-ELSEVIER INC,Elsevier,是,SCIE,混合为主,"订阅路线通常无APC；Gold OA常见 USD 2,200-4,200",中,https://www.elsevier.com/open-access/agreements,https://www.google.com/search?q=SEMINARS+IN+HEMATOLOGY+aims+scope+instructions+for+authors+APC
663,2-Q1且IF小于5,0,Infectious Medicine,INFECT MED-UK,2097-0684,2772-431X,4.1,4.1,Q1,34/141,Q2,Q2,0.72,76.2,31.0,538.0,INFECTIOUS DISEASES,INFECTIOUS DISEASES(JIF Q1/JCI Q2),ELSEVIER,Elsevier,否,ESCI,混合为主,"订阅路线通常无APC；Gold OA常见 USD 2,200-4,200",中,https://www.elsevier.com/open-access/agreements,https://www.google.com/search?q=Infectious+Medicine+aims+scope+instructions+for+authors+APC
664,2-Q1且IF小于5,0,Medical Law Review,MED LAW REV,0967-0742,1464-3790,3.1,2.4,Q1,18/443,Q1,Q1,1.81,81.3,31.0,709.0,"MEDICINE, LEGAL","MEDICINE, LEGAL(JIF Q1/JCI Q1)",OXFORD UNIV PRESS,Oxford UP,是,SSCI; SCIE,混合为主,订阅路线通常无APC；可选OA，费用因刊而异,中,https://academic.oup.com/pages/open-research/open-access,https://www.google.com/search?q=Medical+Law+Review+aims+scope+instructions+for+authors+APC
665,2-Q1且IF小于5,0,ANNALS ACADEMY OF MEDICINE SINGAPORE,ANN ACAD MED SINGAP,,2972-4066,2.9,2.7,Q1,75/336,Q2,Q2,0.6,77.8,31.0,2573.0,"MEDICINE, GENERAL & INTERNAL","MEDICINE, GENERAL & INTERNAL(JIF Q1/JCI Q2)",ACAD MEDICINE SINGAPORE,其他,是,SCIE,需核实,请查期刊官网 Author / Open Access 页面,未知,,https://www.google.com/search?q=ANNALS+ACADEMY+OF+MEDICINE+SINGAPORE+aims+scope+instructions+for+authors+APC
666,2-Q1且IF小于5,0,Environmental Epigenetics,ENVIRON EPIGENETICS,2058-5888,2058-5888,4.3,4.1,Q1,43/192,Q2,Q2,0.84,77.9,30.0,739.0,GENETICS & HEREDITY,GENETICS & HEREDITY(JIF Q1/JCI Q2),OXFORD UNIV PRESS,Oxford UP,否,ESCI,混合为主,订阅路线通常无APC；可选OA，费用因刊而异,中,https://academic.oup.com/pages/open-research/open-access,https://www.google.com/search?q=Environmental+Epigenetics+aims+scope+instructions+for+authors+APC
667,2-Q1且IF小于5,0,International Journal of Mental Health Systems,INT J MENT HEALTH SY,1752-4458,1752-4458,4.2,5.3,Q1,62/293,Q2,Q2,0.93,79.0,30.0,3416.0,PSYCHIATRY,PSYCHIATRY(JIF Q1/JCI Q2),BMC,BMC,否,SSCI,全OA,"约 USD 1,990-2,890（旗舰刊更高）",高,https://www.biomedcentral.com/getpublished/article-processing-charges,https://www.google.com/search?q=International+Journal+of+Mental+Health+Systems+aims+scope+instructions+for+authors+APC
668,2-Q1且IF小于5,0,Science and Medicine in Football,SCI MED FOOTBALL,2473-3938,2473-4446,3.5,4.3,Q1,26/136,Q1,Q1,1.3,81.3,30.0,1818.0,SPORT SCIENCES,SPORT SCIENCES(JIF Q1/JCI Q1),TAYLOR & FRANCIS LTD,Taylor & Francis,是,SCIE,混合为主,"订阅路线通常无APC；Open Select常见 USD 2,500-3,500",中,https://authorservices.taylorandfrancis.com/publishing-open-access/,https://www.google.com/search?q=Science+and+Medicine+in+Football+aims+scope+instructions+for+authors+APC
669,2-Q1且IF小于5,0,Therapeutic Advances in Urology,THER ADV UROL,1756-2872,1756-2880,3.5,3.3,Q1,31/134,Q2,Q2,0.76,77.2,30.0,1558.0,UROLOGY & NEPHROLOGY,UROLOGY & NEPHROLOGY(JIF Q1/JCI Q2),SAGE PUBLICATIONS LTD,SAGE,是,SCIE,混合为主,"订阅路线通常无APC；SAGE Choice常见 USD 2,000-4,000",中,https://us.sagepub.com/en-us/nam/sage-choice,https://www.google.com/search?q=Therapeutic+Advances+in+Urology+aims+scope+instructions+for+authors+APC
670,2-Q1且IF小于5,0,Journal of Periodontal and Implant Science,J PERIODONTAL IMPLAN,2093-2278,2093-2286,3.1,2.9,Q1,41/165,Q1,Q1,1.2,75.5,30.0,1203.0,"DENTISTRY, ORAL SURGERY & MEDICINE","DENTISTRY, ORAL SURGERY & MEDICINE(JIF Q1/JCI Q1)",KOREAN ACAD PERIODONTOLOGY,其他,是,SCIE,需核实,请查期刊官网 Author / Open Access 页面,未知,,https://www.google.com/search?q=Journal+of+Periodontal+and+Implant+Science+aims+scope+instructions+for+authors+APC
671,2-Q1且IF小于5,0,Health Promotion Perspectives,HEALTH PROMOT PERSPE,2228-6497,2228-6497,4.4,4.3,Q1,60/443,Q2,Q2,0.72,86.6,29.0,1566.0,"PUBLIC, ENVIRONMENTAL & OCCUPATIONAL HEALTH","PUBLIC, ENVIRONMENTAL & OCCUPATIONAL HEALTH(JIF Q1/JCI Q2)",TABRIZ UNIV MEDICAL SCIENCES & HEALTH SERVICES,其他,否,ESCI,需核实,请查期刊官网 Author / Open Access 页面,未知,,https://www.google.com/search?q=Health+Promotion+Perspectives+aims+scope+instructions+for+authors+APC
672,2-Q1且IF小于5,0,CURRENT OPINION IN GENETICS & DEVELOPMENT,CURR OPIN GENET DEV,0959-437X,1879-0380,4.3,4.1,Q1,43/192,Q2,Q2,0.79,77.9,29.0,7145.0,CELL BIOLOGY; GENETICS & HEREDITY,CELL BIOLOGY(JIF Q2/JCI Q2) | GENETICS & HEREDITY(JIF Q1/JCI Q2),CURRENT BIOLOGY LTD,其他,是,SCIE,需核实,请查期刊官网 Author / Open Access 页面,未知,,https://www.google.com/search?q=CURRENT+OPINION+IN+GENETICS+&+DEVELOPMENT+aims+scope+instructions+for+authors+APC
673,2-Q1且IF小于5,0,CANADIAN FAMILY PHYSICIAN,CAN FAM PHYSICIAN,0008-350X,1715-5258,3.8,3.8,Q1,61/336,Q1,Q1,0.95,82.0,29.0,4822.0,"MEDICINE, GENERAL & INTERNAL; PRIMARY HEALTH CARE","MEDICINE, GENERAL & INTERNAL(JIF Q1/JCI Q1) | PRIMARY HEALTH CARE(JIF Q1/JCI Q2)",COLL FAMILY PHYSICIANS CANADA,其他,是,SCIE,需核实,请查期刊官网 Author / Open Access 页面,未知,,https://www.google.com/search?q=CANADIAN+FAMILY+PHYSICIAN+aims+scope+instructions+for+authors+APC
674,2-Q1且IF小于5,0,Precision Radiation Oncology,PRECIS RADIAT ONCOL,2398-7324,2398-7324,3.6,,Q1,51/217,Q2,Q2,0.78,76.7,29.0,450.0,"RADIOLOGY, NUCLEAR MEDICINE & MEDICAL IMAGING","RADIOLOGY, NUCLEAR MEDICINE & MEDICAL IMAGING(JIF Q1/JCI Q2)",WILEY,Wiley,否,ESCI,混合为主,"订阅路线通常无APC；OnlineOpen常见 USD 3,200-4,700",中,https://authorservices.wiley.com/author-resources/Journal-Authors/open-access/article-publication-charges.html,https://www.google.com/search?q=Precision+Radiation+Oncology+aims+scope+instructions+for+authors+APC
675,2-Q1且IF小于5,0,GENETIC EPIDEMIOLOGY,GENET EPIDEMIOL,0741-0395,1098-2272,3.4,3.2,Q1,15/67,Q1,Q1,0.89,78.4,29.0,5702.0,GENETICS & HEREDITY; MATHEMATICAL & COMPUTATIONAL BIOLOGY,GENETICS & HEREDITY(JIF Q2/JCI Q2) | MATHEMATICAL & COMPUTATIONAL BIOLOGY(JIF Q1/JCI Q1),WILEY,Wiley,是,SCIE,混合为主,"订阅路线通常无APC；OnlineOpen常见 USD 3,200-4,700",中,https://authorservices.wiley.com/author-resources/Journal-Authors/open-access/article-publication-charges.html,https://www.google.com/search?q=GENETIC+EPIDEMIOLOGY+aims+scope+instructions+for+authors+APC
676,2-Q1且IF小于5,0,JOURNAL OF PSYCHIATRY & NEUROSCIENCE,J PSYCHIATR NEUROSCI,1180-4882,1488-2434,4.8,4.8,Q1,47/293,Q1,Q1,1.01,84.1,28.0,4019.0,NEUROSCIENCES; PSYCHIATRY,NEUROSCIENCES(JIF Q1/JCI Q2) | PSYCHIATRY(JIF Q1/JCI Q1),CANADIAN SCIENCE PUBLISHING,其他,是,"SCIE; SCIE, SSCI",需核实,请查期刊官网 Author / Open Access 页面,未知,,https://www.google.com/search?q=JOURNAL+OF+PSYCHIATRY+&+NEUROSCIENCE+aims+scope+instructions+for+authors+APC
677,2-Q1且IF小于5,0,Expert Review of Anti-Infective Therapy,EXPERT REV ANTI-INFE,1478-7210,1744-8336,4.6,4.8,Q1,26/141,Q2,Q2,0.7,81.9,28.0,6560.0,INFECTIOUS DISEASES; MICROBIOLOGY; PHARMACOLOGY & PHARMACY,INFECTIOUS DISEASES(JIF Q1/JCI Q2) | MICROBIOLOGY(JIF Q2/JCI Q3) | PHARMACOLOGY & PHARMACY(JIF Q1/JCI Q2),TAYLOR & FRANCIS LTD,Taylor & Francis,是,SCIE,混合为主,"订阅路线通常无APC；Open Select常见 USD 2,500-3,500",中,https://authorservices.taylorandfrancis.com/publishing-open-access/,https://www.google.com/search?q=Expert+Review+of+Anti-Infective+Therapy+aims+scope+instructions+for+authors+APC
678,2-Q1且IF小于5,0,Korean Journal of Pain,KOREAN J PAIN,2005-9159,2093-0569,4.2,3.9,Q1,61/296,Q2,Q2,0.99,79.6,28.0,1467.0,CLINICAL NEUROLOGY,CLINICAL NEUROLOGY(JIF Q1/JCI Q2),KOREAN PAIN SOC,其他,是,SCIE,需核实,请查期刊官网 Author / Open Access 页面,未知,,https://www.google.com/search?q=Korean+Journal+of+Pain+aims+scope+instructions+for+authors+APC
679,2-Q1且IF小于5,0,Journal of Movement Disorders,J MOV DISORD,2005-940X,2093-4939,4.0,3.7,Q1,68/296,Q3,Q3,0.72,77.2,28.0,1150.0,CLINICAL NEUROLOGY,CLINICAL NEUROLOGY(JIF Q1/JCI Q3),KOREAN MOVEMENT DISORDERS SOC,其他,是,SCIE,需核实,请查期刊官网 Author / Open Access 页面,未知,,https://www.google.com/search?q=Journal+of+Movement+Disorders+aims+scope+instructions+for+authors+APC
680,2-Q1且IF小于5,0,Pathogens and Global Health,PATHOG GLOB HEALTH,2047-7724,2047-7732,3.4,3.3,Q1,9/47,Q2,Q2,0.87,81.9,28.0,2286.0,"PARASITOLOGY; PUBLIC, ENVIRONMENTAL & OCCUPATIONAL HEALTH; TROPICAL MEDICINE","PARASITOLOGY(JIF Q1/JCI Q2) | PUBLIC, ENVIRONMENTAL & OCCUPATIONAL HEALTH(JIF Q1/JCI Q2) | TROPICAL MEDICINE(JIF Q1/JCI Q2)",TAYLOR & FRANCIS LTD,Taylor & Francis,是,SCIE,混合为主,"订阅路线通常无APC；Open Select常见 USD 2,500-3,500",中,https://authorservices.taylorandfrancis.com/publishing-open-access/,https://www.google.com/search?q=Pathogens+and+Global+Health+aims+scope+instructions+for+authors+APC
681,2-Q1且IF小于5,0,Patient Safety in Surgery,PATIENT SAF SURG,1754-9493,1754-9493,3.3,3.0,Q1,50/321,Q1,Q1,1.31,84.6,28.0,1113.0,SURGERY,SURGERY(JIF Q1/JCI Q1),BMC,BMC,否,ESCI,全OA,"约 USD 1,990-2,890（旗舰刊更高）",高,https://www.biomedcentral.com/getpublished/article-processing-charges,https://www.google.com/search?q=Patient+Safety+in+Surgery+aims+scope+instructions+for+authors+APC
682,2-Q1且IF小于5,0,HONG KONG MEDICAL JOURNAL,HONG KONG MED J,1024-2708,1024-2708,3.0,2.7,Q1,73/336,Q2,Q2,0.47,78.4,28.0,1854.0,"MEDICINE, GENERAL & INTERNAL","MEDICINE, GENERAL & INTERNAL(JIF Q1/JCI Q2)",HONG KONG ACAD MEDICINE PRESS,其他,是,SCIE,需核实,请查期刊官网 Author / Open Access 页面,未知,,https://www.google.com/search?q=HONG+KONG+MEDICAL+JOURNAL+aims+scope+instructions+for+authors+APC
683,2-Q1且IF小于5,0,Family Medicine and Community Health,FAM MED COMMUNITY HE,2305-6983,2009-8774,4.5,6.7,Q1,4/29,Q1,Q1,1.72,87.9,27.0,1489.0,PRIMARY HEALTH CARE,PRIMARY HEALTH CARE(JIF Q1/JCI Q1),BMJ PUBLISHING GROUP,BMJ,否,ESCI,混合/全OA,"BMJ Open约GBP 2,175；旗舰刊更高",高,https://authors.bmj.com/open-access/,https://www.google.com/search?q=Family+Medicine+and+Community+Health+aims+scope+instructions+for+authors+APC
684,2-Q1且IF小于5,0,EXCEPTIONAL CHILDREN,EXCEPT CHILDREN,0014-4029,2163-5560,3.8,4.5,Q1,2/62,Q1,Q1,2.31,94.0,27.0,2870.0,REHABILITATION,REHABILITATION(JIF Q1/JCI Q1),SAGE PUBLICATIONS INC,SAGE,否,SSCI,混合为主,"订阅路线通常无APC；SAGE Choice常见 USD 2,000-4,000",中,https://us.sagepub.com/en-us/nam/sage-choice,https://www.google.com/search?q=EXCEPTIONAL+CHILDREN+aims+scope+instructions+for+authors+APC
685,2-Q1且IF小于5,0,Journal of Neurologic Physical Therapy,J NEUROL PHYS THER,1557-0576,1557-0584,3.6,4.6,Q1,12/175,Q1,Q1,1.54,93.4,27.0,1900.0,CLINICAL NEUROLOGY; REHABILITATION,CLINICAL NEUROLOGY(JIF Q2/JCI Q1) | REHABILITATION(JIF Q1/JCI Q1),LIPPINCOTT WILLIAMS & WILKINS,Wolters Kluwer/LWW,是,SCIE,混合为主,"订阅路线通常无APC；OA常见 USD 2,000-4,000；MEDICINE已拉黑",中,https://wkauthorservices.editage.com/open-access/,https://www.google.com/search?q=Journal+of+Neurologic+Physical+Therapy+aims+scope+instructions+for+authors+APC
686,2-Q1且IF小于5,0,Journal of Law and the Biosciences,J LAW BIOSCI,2053-9711,2053-9711,3.4,2.9,Q1,12/443,Q1,Q1,1.84,89.6,27.0,990.0,"MEDICAL ETHICS; MEDICINE, LEGAL","MEDICAL ETHICS(JIF Q2/JCI Q1) | MEDICINE, LEGAL(JIF Q1/JCI Q1)",OXFORD UNIV PRESS,Oxford UP,是,SSCI; SCIE,混合为主,订阅路线通常无APC；可选OA，费用因刊而异,中,https://academic.oup.com/pages/open-research/open-access,https://www.google.com/search?q=Journal+of+Law+and+the+Biosciences+aims+scope+instructions+for+authors+APC
687,2-Q1且IF小于5,0,BMJ Sexual & Reproductive Health,BMJ SEX REPROD HEAL,2515-1991,2515-2009,3.2,3.3,Q1,5/66,Q1,Q1,1.08,82.3,27.0,913.0,"OBSTETRICS & GYNECOLOGY; SOCIAL SCIENCES, BIOMEDICAL","OBSTETRICS & GYNECOLOGY(JIF Q1/JCI Q1) | SOCIAL SCIENCES, BIOMEDICAL(JIF Q1/JCI Q1)",BMJ PUBLISHING GROUP,BMJ,是,SSCI; SCIE,混合/全OA,"BMJ Open约GBP 2,175；旗舰刊更高",高,https://authors.bmj.com/open-access/,https://www.google.com/search?q=BMJ+Sexual+&+Reproductive+Health+aims+scope+instructions+for+authors+APC
688,2-Q1且IF小于5,0,STRENGTH AND CONDITIONING JOURNAL,STRENGTH COND J,1524-1602,1533-4295,3.2,3.4,Q1,32/136,Q2,Q2,0.98,76.8,27.0,3500.0,SPORT SCIENCES,SPORT SCIENCES(JIF Q1/JCI Q2),LIPPINCOTT WILLIAMS & WILKINS,Wolters Kluwer/LWW,是,SCIE,混合为主,"订阅路线通常无APC；OA常见 USD 2,000-4,000；MEDICINE已拉黑",中,https://wkauthorservices.editage.com/open-access/,https://www.google.com/search?q=STRENGTH+AND+CONDITIONING+JOURNAL+aims+scope+instructions+for+authors+APC
689,2-Q1且IF小于5,0,Policy Politics & Nursing Practice,POL POLIT NURS PRACT,1527-1544,1552-7468,3.0,2.9,Q1,31/194,Q1,Q1,1.25,84.3,27.0,812.0,HEALTH POLICY & SERVICES; NURSING,HEALTH POLICY & SERVICES(JIF Q2/JCI Q1) | NURSING(JIF Q1/JCI Q1),SAGE PUBLICATIONS INC,SAGE,否,ESCI,混合为主,"订阅路线通常无APC；SAGE Choice常见 USD 2,000-4,000",中,https://us.sagepub.com/en-us/nam/sage-choice,https://www.google.com/search?q=Policy+Politics+&+Nursing+Practice+aims+scope+instructions+for+authors+APC
690,2-Q1且IF小于5,0,Journal of Geriatric Physical Therapy,J GERIATR PHYS THER,1539-8412,2152-0895,3.0,3.1,Q1,23/175,Q2,Q2,0.87,87.1,27.0,2018.0,GERIATRICS & GERONTOLOGY; REHABILITATION,GERIATRICS & GERONTOLOGY(JIF Q3/JCI Q2) | REHABILITATION(JIF Q1/JCI Q2),LIPPINCOTT WILLIAMS & WILKINS,Wolters Kluwer/LWW,是,SCIE,混合为主,"订阅路线通常无APC；OA常见 USD 2,000-4,000；MEDICINE已拉黑",中,https://wkauthorservices.editage.com/open-access/,https://www.google.com/search?q=Journal+of+Geriatric+Physical+Therapy+aims+scope+instructions+for+authors+APC
691,2-Q1且IF小于5,0,Anesthesia and Pain Medicine,ANESTH PAIN MED,1975-5171,2383-7977,3.6,,Q1,16/72,Q2,Q2,0.74,78.5,26.0,1726.0,ANESTHESIOLOGY,ANESTHESIOLOGY(JIF Q1/JCI Q2),KOREAN SOC ANESTHESIOLOGISTS,其他,否,ESCI,需核实,请查期刊官网 Author / Open Access 页面,未知,,https://www.google.com/search?q=Anesthesia+and+Pain+Medicine+aims+scope+instructions+for+authors+APC
692,2-Q1且IF小于5,0,BMJ Surgery Interventions & Health Technologies,BMJ SURG INTERV HLTH,,2631-4940,2.8,2.5,Q1,67/321,Q2,Q2,0.86,79.3,26.0,253.0,SURGERY,SURGERY(JIF Q1/JCI Q2),BMJ PUBLISHING GROUP,BMJ,否,ESCI,混合/全OA,"BMJ Open约GBP 2,175；旗舰刊更高",高,https://authors.bmj.com/open-access/,https://www.google.com/search?q=BMJ+Surgery+Interventions+&+Health+Technologies+aims+scope+instructions+for+authors+APC
693,2-Q1且IF小于5,0,YALE JOURNAL OF BIOLOGY AND MEDICINE,YALE J BIOL MED,0044-0086,1551-4056,4.8,4.3,Q1,17/106,Q2,Q2,0.76,84.4,25.0,3676.0,BIOLOGY,BIOLOGY(JIF Q1/JCI Q2),"YALE J BIOLOGY MEDICINE, INC",其他,是,SCIE,需核实,请查期刊官网 Author / Open Access 页面,未知,,https://www.google.com/search?q=YALE+JOURNAL+OF+BIOLOGY+AND+MEDICINE+aims+scope+instructions+for+authors+APC
694,2-Q1且IF小于5,0,Echo Research and Practice,ECHO RES PRACT,2055-0464,2055-0464,4.4,5.2,Q1,57/237,Q2,Q2,0.83,76.2,25.0,769.0,CARDIAC & CARDIOVASCULAR SYSTEMS,CARDIAC & CARDIOVASCULAR SYSTEMS(JIF Q1/JCI Q2),SPRINGERNATURE,Springer Nature,否,ESCI,混合/全OA,"全OA约 USD 2,090-3,490；Nature系更高；Scientific Reports已拉黑",中高,https://www.springernature.com/gp/open-research/journals-books/journals,https://www.google.com/search?q=Echo+Research+and+Practice+aims+scope+instructions+for+authors+APC
695,2-Q1且IF小于5,0,PEDIATRIC DRUGS,PEDIATR DRUGS,1174-5878,1179-2019,3.7,3.8,Q1,16/190,Q1,Q1,1.03,91.8,25.0,2300.0,PEDIATRICS; PHARMACOLOGY & PHARMACY,PEDIATRICS(JIF Q1/JCI Q1) | PHARMACOLOGY & PHARMACY(JIF Q2/JCI Q1),ADIS INT LTD,其他,是,SCIE,需核实,请查期刊官网 Author / Open Access 页面,未知,,https://www.google.com/search?q=PEDIATRIC+DRUGS+aims+scope+instructions+for+authors+APC
696,2-Q1且IF小于5,0,Archives of Physiotherapy,ARCH PHYSIOTHER,,2057-0082,3.1,,Q1,19/175,Q1,Q1,1.28,89.4,25.0,583.0,REHABILITATION,REHABILITATION(JIF Q1/JCI Q1),ABOUTSCIENCE SRL,其他,否,ESCI,需核实,请查期刊官网 Author / Open Access 页面,未知,,https://www.google.com/search?q=Archives+of+Physiotherapy+aims+scope+instructions+for+authors+APC
697,2-Q1且IF小于5,0,CURRENT PROBLEMS IN SURGERY,CURR PROB SURG,0011-3840,1535-6337,3.1,4.2,Q1,59/321,Q2,Q2,0.69,81.8,25.0,1400.0,SURGERY,SURGERY(JIF Q1/JCI Q2),MOSBY-ELSEVIER,Elsevier,是,SCIE,混合为主,"订阅路线通常无APC；Gold OA常见 USD 2,200-4,200",中,https://www.elsevier.com/open-access/agreements,https://www.google.com/search?q=CURRENT+PROBLEMS+IN+SURGERY+aims+scope+instructions+for+authors+APC
698,2-Q1且IF小于5,0,SKIN PHARMACOLOGY AND PHYSIOLOGY,SKIN PHARMACOL PHYS,1660-5527,1660-5535,4.1,3.1,Q1,17/99,Q2,Q2,0.86,83.3,23.0,2267.0,DERMATOLOGY; PHARMACOLOGY & PHARMACY,DERMATOLOGY(JIF Q1/JCI Q2) | PHARMACOLOGY & PHARMACY(JIF Q2/JCI Q2),KARGER,Karger,是,SCIE,混合/OA,"因刊而异，常见 USD 2,500-3,800",中,https://karger.com/pages/Open-Access,https://www.google.com/search?q=SKIN+PHARMACOLOGY+AND+PHYSIOLOGY+aims+scope+instructions+for+authors+APC
699,2-Q1且IF小于5,0,Natural Sciences,NAT SCI-GER,2698-6248,2698-6248,4.1,3.4,Q1,28/140,Q2,Q2,0.5,80.4,23.0,521.0,MULTIDISCIPLINARY SCIENCES,MULTIDISCIPLINARY SCIENCES(JIF Q1/JCI Q2),WILEY-V C H VERLAG GMBH,Wiley,否,ESCI,混合为主,"订阅路线通常无APC；OnlineOpen常见 USD 3,200-4,700",中,https://authorservices.wiley.com/author-resources/Journal-Authors/open-access/article-publication-charges.html,https://www.google.com/search?q=Natural+Sciences+aims+scope+instructions+for+authors+APC
700,2-Q1且IF小于5,0,Health Reports,HEALTH REP,0840-6529,1209-1367,3.4,3.9,Q1,101/443,Q1,Q1,0.98,77.3,23.0,1530.0,"PUBLIC, ENVIRONMENTAL & OCCUPATIONAL HEALTH","PUBLIC, ENVIRONMENTAL & OCCUPATIONAL HEALTH(JIF Q1/JCI Q1)",STATISTICS CANADA,其他,是,"SCIE, SSCI",需核实,请查期刊官网 Author / Open Access 页面,未知,,https://www.google.com/search?q=Health+Reports+aims+scope+instructions+for+authors+APC
701,2-Q1且IF小于5,0,Health Data Science,HEALTH DATA SCI,,2765-8783,4.8,4.9,Q1,28/194,Q2,Q2,0.75,85.8,22.0,391.0,HEALTH CARE SCIENCES & SERVICES,HEALTH CARE SCIENCES & SERVICES(JIF Q1/JCI Q2),AMER ASSOC ADVANCEMENT SCIENCE,其他,否,ESCI,需核实,请查期刊官网 Author / Open Access 页面,未知,,https://www.google.com/search?q=Health+Data+Science+aims+scope+instructions+for+authors+APC
702,2-Q1且IF小于5,0,BEHAVIOURAL NEUROLOGY,BEHAV NEUROL,0953-4180,1875-8584,4.0,3.2,Q1,68/296,Q2,Q2,0.85,77.2,22.0,2361.0,CLINICAL NEUROLOGY,CLINICAL NEUROLOGY(JIF Q1/JCI Q2),WILEY,Wiley,是,SCIE,混合为主,"订阅路线通常无APC；OnlineOpen常见 USD 3,200-4,700",中,https://authorservices.wiley.com/author-resources/Journal-Authors/open-access/article-publication-charges.html,https://www.google.com/search?q=BEHAVIOURAL+NEUROLOGY+aims+scope+instructions+for+authors+APC
703,2-Q1且IF小于5,0,Journal of Epidemiology and Population Health,J EPIDEMIOL POPUL HL,2950-4333,2950-4333,3.7,3.7,Q1,89/443,Q2,Q2,0.78,80.0,22.0,141.0,"PUBLIC, ENVIRONMENTAL & OCCUPATIONAL HEALTH","PUBLIC, ENVIRONMENTAL & OCCUPATIONAL HEALTH(JIF Q1/JCI Q2)",MASSON EDITEUR,其他,是,SCIE,需核实,请查期刊官网 Author / Open Access 页面,未知,,https://www.google.com/search?q=Journal+of+Epidemiology+and+Population+Health+aims+scope+instructions+for+authors+APC
704,2-Q1且IF小于5,0,HYPERTENSION IN PREGNANCY,HYPERTENS PREGNANCY,1064-1955,1525-6065,3.4,1.9,Q1,27/143,Q2,Q2,0.67,81.5,21.0,1267.0,OBSTETRICS & GYNECOLOGY; PERIPHERAL VASCULAR DISEASE,OBSTETRICS & GYNECOLOGY(JIF Q1/JCI Q3) | PERIPHERAL VASCULAR DISEASE(JIF Q2/JCI Q2),TAYLOR & FRANCIS INC,Taylor & Francis,是,SCIE,混合为主,"订阅路线通常无APC；Open Select常见 USD 2,500-3,500",中,https://authorservices.taylorandfrancis.com/publishing-open-access/,https://www.google.com/search?q=HYPERTENSION+IN+PREGNANCY+aims+scope+instructions+for+authors+APC
705,2-Q1且IF小于5,0,"Journal of Activity, Sedentary and Sleep Behaviors",J ACT SEDENT SLEEP B,,2731-4391,3.3,3.3,Q1,30/136,Q2,Q2,0.79,78.3,21.0,239.0,"PUBLIC, ENVIRONMENTAL & OCCUPATIONAL HEALTH; SPORT SCIENCES","PUBLIC, ENVIRONMENTAL & OCCUPATIONAL HEALTH(JIF Q2/JCI Q2) | SPORT SCIENCES(JIF Q1/JCI Q2)",SPRINGERNATURE,Springer Nature,否,ESCI,混合/全OA,"全OA约 USD 2,090-3,490；Nature系更高；Scientific Reports已拉黑",中高,https://www.springernature.com/gp/open-research/journals-books/journals,"https://www.google.com/search?q=Journal+of+Activity,+Sedentary+and+Sleep+Behaviors+aims+scope+instructions+for+authors+APC"
706,2-Q1且IF小于5,0,EXPERT REVIEW OF MOLECULAR DIAGNOSTICS,EXPERT REV MOL DIAGN,1473-7159,1744-8352,4.3,4.1,Q1,11/89,Q2,Q2,1.09,88.2,20.0,4425.0,PATHOLOGY,PATHOLOGY(JIF Q1/JCI Q2),TAYLOR & FRANCIS LTD,Taylor & Francis,是,SCIE,混合为主,"订阅路线通常无APC；Open Select常见 USD 2,500-3,500",中,https://authorservices.taylorandfrancis.com/publishing-open-access/,https://www.google.com/search?q=EXPERT+REVIEW+OF+MOLECULAR+DIAGNOSTICS+aims+scope+instructions+for+authors+APC
707,2-Q1且IF小于5,0,Research in Psychotherapy-Psychopathology Process and Outcome,RES PSYCHOTHER-PSYCH,2239-8031,2239-8031,3.5,2.5,Q1,31/184,Q2,Q2,0.98,83.4,20.0,587.0,"PSYCHOLOGY, CLINICAL","PSYCHOLOGY, CLINICAL(JIF Q1/JCI Q2)",SPR ITALIA,其他,否,ESCI,需核实,请查期刊官网 Author / Open Access 页面,未知,,https://www.google.com/search?q=Research+in+Psychotherapy-Psychopathology+Process+and+Outcome+aims+scope+instructions+for+authors+APC
708,2-Q1且IF小于5,0,AUSTRALIAN DENTAL JOURNAL,AUST DENT J,0045-0421,1834-7819,3.3,3.2,Q1,40/165,Q2,Q2,0.95,76.1,20.0,3979.0,"DENTISTRY, ORAL SURGERY & MEDICINE","DENTISTRY, ORAL SURGERY & MEDICINE(JIF Q1/JCI Q2)",WILEY,Wiley,是,SCIE,混合为主,"订阅路线通常无APC；OnlineOpen常见 USD 3,200-4,700",中,https://authorservices.wiley.com/author-resources/Journal-Authors/open-access/article-publication-charges.html,https://www.google.com/search?q=AUSTRALIAN+DENTAL+JOURNAL+aims+scope+instructions+for+authors+APC
709,2-Q1且IF小于5,0,Substance Abuse and Rehabilitation,SUBST ABUSE REHABIL,1179-8467,1179-8467,3.2,5.7,Q1,15/61,Q1,Q1,1.06,76.2,20.0,864.0,SUBSTANCE ABUSE,SUBSTANCE ABUSE(JIF Q1/JCI Q1),DOVE MEDICAL PRESS LTD,其他,否,ESCI,需核实,请查期刊官网 Author / Open Access 页面,未知,,https://www.google.com/search?q=Substance+Abuse+and+Rehabilitation+aims+scope+instructions+for+authors+APC
710,2-Q1且IF小于5,0,Laparoscopic Endoscopic and Robotic Surgery,LAPAROSC ENDOSC ROB,2542-3614,2468-9009,3.0,,Q1,62/321,Q1,Q1,1.23,80.8,20.0,277.0,SURGERY,SURGERY(JIF Q1/JCI Q1),KEAI PUBLISHING LTD,其他,否,ESCI,需核实,请查期刊官网 Author / Open Access 页面,未知,,https://www.google.com/search?q=Laparoscopic+Endoscopic+and+Robotic+Surgery+aims+scope+instructions+for+authors+APC
711,2-Q1且IF小于5,0,BioMedicine-Taiwan,BIOMEDICINE-TAIWAN,2211-8020,2211-8039,3.0,2.7,Q1,73/336,Q2,Q2,0.54,78.4,20.0,996.0,"MEDICINE, GENERAL & INTERNAL","MEDICINE, GENERAL & INTERNAL(JIF Q1/JCI Q2)",DIGITAL COMMONS BEPRESS,其他,否,ESCI,需核实,请查期刊官网 Author / Open Access 页面,未知,,https://www.google.com/search?q=BioMedicine-Taiwan+aims+scope+instructions+for+authors+APC
712,2-Q1且IF小于5,0,Pragmatic and Observational Research,PRAGMAT OBS RES,1179-7266,1179-7266,2.9,2.7,Q1,75/336,Q2,Q2,0.68,77.8,20.0,297.0,"MEDICINE, GENERAL & INTERNAL","MEDICINE, GENERAL & INTERNAL(JIF Q1/JCI Q2)",DOVE MEDICAL PRESS LTD,其他,否,ESCI,需核实,请查期刊官网 Author / Open Access 页面,未知,,https://www.google.com/search?q=Pragmatic+and+Observational+Research+aims+scope+instructions+for+authors+APC
713,2-Q1且IF小于5,0,SEMINARS IN DIAGNOSTIC PATHOLOGY,SEMIN DIAGN PATHOL,0740-2570,1930-1111,3.8,3.6,Q1,18/89,Q2,Q2,1.0,80.3,19.0,2027.0,MEDICAL LABORATORY TECHNOLOGY; PATHOLOGY,MEDICAL LABORATORY TECHNOLOGY(JIF Q2/JCI Q2) | PATHOLOGY(JIF Q1/JCI Q2),W B SAUNDERS CO-ELSEVIER INC,Elsevier,是,SCIE,混合为主,"订阅路线通常无APC；Gold OA常见 USD 2,200-4,200",中,https://www.elsevier.com/open-access/agreements,https://www.google.com/search?q=SEMINARS+IN+DIAGNOSTIC+PATHOLOGY+aims+scope+instructions+for+authors+APC
714,2-Q1且IF小于5,0,Synthetic Biology,SYN BIOL,,2397-7000,4.7,4.0,Q1,18/106,Q2,Q2,0.58,83.5,18.0,578.0,BIOLOGY; BIOTECHNOLOGY & APPLIED MICROBIOLOGY,BIOLOGY(JIF Q1/JCI Q2) | BIOTECHNOLOGY & APPLIED MICROBIOLOGY(JIF Q2/JCI Q3),OXFORD UNIV PRESS,Oxford UP,是,SCIE,混合为主,订阅路线通常无APC；可选OA，费用因刊而异,中,https://academic.oup.com/pages/open-research/open-access,https://www.google.com/search?q=Synthetic+Biology+aims+scope+instructions+for+authors+APC
715,2-Q1且IF小于5,0,Public Health Ethics,PUBLIC HEALTH ETH-UK,1754-9973,1754-9981,4.3,2.4,Q1,7/78,Q2,Q2,0.93,85.2,18.0,614.0,"MEDICAL ETHICS; PUBLIC, ENVIRONMENTAL & OCCUPATIONAL HEALTH","MEDICAL ETHICS(JIF Q1/JCI Q2) | PUBLIC, ENVIRONMENTAL & OCCUPATIONAL HEALTH(JIF Q1/JCI Q2)",OXFORD UNIV PRESS,Oxford UP,是,"SSCI; SCIE; SCIE, SSCI",混合为主,订阅路线通常无APC；可选OA，费用因刊而异,中,https://academic.oup.com/pages/open-research/open-access,https://www.google.com/search?q=Public+Health+Ethics+aims+scope+instructions+for+authors+APC
716,2-Q1且IF小于5,0,Psychological Injury & Law,PSYCHOL INJ LAW,1938-971X,1938-9728,3.1,3.0,Q1,43/184,Q2,Q2,0.98,76.9,18.0,787.0,"PSYCHOLOGY, CLINICAL","PSYCHOLOGY, CLINICAL(JIF Q1/JCI Q2)",SPRINGER,Springer,否,ESCI,混合为主,"订阅路线通常无APC；选OA约 USD 2,790-4,290",中,https://www.springer.com/gp/open-access,https://www.google.com/search?q=Psychological+Injury+&+Law+aims+scope+instructions+for+authors+APC
717,2-Q1且IF小于5,0,Journal of Enabling Technologies,J ENABLING TECHNOL,2398-6263,2398-6263,2.5,2.0,Q1,36/175,Q2,Q2,0.81,79.7,18.0,253.0,REHABILITATION,REHABILITATION(JIF Q1/JCI Q2),EMERALD GROUP PUBLISHING LTD,其他,否,ESCI,需核实,请查期刊官网 Author / Open Access 页面,未知,,https://www.google.com/search?q=Journal+of+Enabling+Technologies+aims+scope+instructions+for+authors+APC
718,2-Q1且IF小于5,0,Drug Healthcare and Patient Safety,DRUG HEALTHC PATIENT,1179-1365,1179-1365,4.3,3.5,Q1,38/194,Q2,Q2,0.94,80.7,17.0,621.0,HEALTH CARE SCIENCES & SERVICES,HEALTH CARE SCIENCES & SERVICES(JIF Q1/JCI Q2),DOVE MEDICAL PRESS LTD,其他,否,ESCI,需核实,请查期刊官网 Author / Open Access 页面,未知,,https://www.google.com/search?q=Drug+Healthcare+and+Patient+Safety+aims+scope+instructions+for+authors+APC
719,2-Q1且IF小于5,0,Expert Review of Neurotherapeutics,EXPERT REV NEUROTHER,1473-7175,1744-8360,4.3,4.3,Q1,57/296,Q2,Q2,0.68,80.9,17.0,6194.0,CLINICAL NEUROLOGY; PHARMACOLOGY & PHARMACY,CLINICAL NEUROLOGY(JIF Q1/JCI Q3) | PHARMACOLOGY & PHARMACY(JIF Q2/JCI Q2),TAYLOR & FRANCIS LTD,Taylor & Francis,是,SCIE,混合为主,"订阅路线通常无APC；Open Select常见 USD 2,500-3,500",中,https://authorservices.taylorandfrancis.com/publishing-open-access/,https://www.google.com/search?q=Expert+Review+of+Neurotherapeutics+aims+scope+instructions+for+authors+APC
720,2-Q1且IF小于5,0,Molecular and Cellular Pediatrics,MOL CELL PEDIATR,,2194-7791,4.1,,Q1,12/190,Q1,Q1,1.23,93.9,17.0,525.0,PEDIATRICS,PEDIATRICS(JIF Q1/JCI Q1),SPRINGERNATURE,Springer Nature,否,ESCI,混合/全OA,"全OA约 USD 2,090-3,490；Nature系更高；Scientific Reports已拉黑",中高,https://www.springernature.com/gp/open-research/journals-books/journals,https://www.google.com/search?q=Molecular+and+Cellular+Pediatrics+aims+scope+instructions+for+authors+APC
721,2-Q1且IF小于5,0,Diagnostic and Prognostic Research,DIAGN PROGN RES,,2397-7523,3.9,,Q1,59/336,Q1,Q1,1.16,82.6,17.0,961.0,"MEDICINE, GENERAL & INTERNAL","MEDICINE, GENERAL & INTERNAL(JIF Q1/JCI Q1)",SPRINGERNATURE,Springer Nature,否,ESCI,混合/全OA,"全OA约 USD 2,090-3,490；Nature系更高；Scientific Reports已拉黑",中高,https://www.springernature.com/gp/open-research/journals-books/journals,https://www.google.com/search?q=Diagnostic+and+Prognostic+Research+aims+scope+instructions+for+authors+APC
722,2-Q1且IF小于5,0,Molecular Oral Microbiology,MOL ORAL MICROBIOL,2041-1006,2041-1014,3.4,3.8,Q1,36/165,Q2,Q2,0.84,78.5,17.0,1706.0,"DENTISTRY, ORAL SURGERY & MEDICINE; MICROBIOLOGY","DENTISTRY, ORAL SURGERY & MEDICINE(JIF Q1/JCI Q2) | MICROBIOLOGY(JIF Q3/JCI Q2)",WILEY,Wiley,是,SCIE,混合为主,"订阅路线通常无APC；OnlineOpen常见 USD 3,200-4,700",中,https://authorservices.wiley.com/author-resources/Journal-Authors/open-access/article-publication-charges.html,https://www.google.com/search?q=Molecular+Oral+Microbiology+aims+scope+instructions+for+authors+APC
723,2-Q1且IF小于5,0,Neurodegenerative Diseases,NEURODEGENER DIS,1660-2854,1660-2862,4.0,3.2,Q1,68/296,Q3,Q3,0.58,77.2,16.0,1459.0,CLINICAL NEUROLOGY; NEUROSCIENCES,CLINICAL NEUROLOGY(JIF Q1/JCI Q3) | NEUROSCIENCES(JIF Q2/JCI Q3),KARGER,Karger,是,SCIE,混合/OA,"因刊而异，常见 USD 2,500-3,800",中,https://karger.com/pages/Open-Access,https://www.google.com/search?q=Neurodegenerative+Diseases+aims+scope+instructions+for+authors+APC
724,2-Q1且IF小于5,0,Artificial Intelligence Surgery,ARTIF INTELL SURG,,2771-0408,3.9,4.3,Q1,34/321,Q1,Q1,1.1,89.6,16.0,301.0,SURGERY,SURGERY(JIF Q1/JCI Q1),OAE PUBLISHING INC,其他,否,ESCI,需核实,请查期刊官网 Author / Open Access 页面,未知,,https://www.google.com/search?q=Artificial+Intelligence+Surgery+aims+scope+instructions+for+authors+APC
725,2-Q1且IF小于5,0,in silico Plants,IN SILICO PLANTS,,2517-5025,3.3,3.4,Q1,27/133,Q2,Q1,0.74,76.9,15.0,419.0,MATHEMATICAL & COMPUTATIONAL BIOLOGY,MATHEMATICAL & COMPUTATIONAL BIOLOGY(JIF Q1/JCI Q2),OXFORD UNIV PRESS,Oxford UP,否,ESCI,混合为主,订阅路线通常无APC；可选OA，费用因刊而异,中,https://academic.oup.com/pages/open-research/open-access,https://www.google.com/search?q=in+silico+Plants+aims+scope+instructions+for+authors+APC
726,2-Q1且IF小于5,0,Current Opinion in Systems Biology,CURR OPIN SYST BIOL,2452-3100,2452-3100,4.0,4.4,Q1,11/67,Q2,Q2,0.74,84.3,14.0,1298.0,BIOCHEMISTRY & MOLECULAR BIOLOGY; MATHEMATICAL & COMPUTATIONAL BIOLOGY,BIOCHEMISTRY & MOLECULAR BIOLOGY(JIF Q2/JCI Q2) | MATHEMATICAL & COMPUTATIONAL BIOLOGY(JIF Q1/JCI Q2),ELSEVIER,Elsevier,否,ESCI,混合为主,"订阅路线通常无APC；Gold OA常见 USD 2,200-4,200",中,https://www.elsevier.com/open-access/agreements,https://www.google.com/search?q=Current+Opinion+in+Systems+Biology+aims+scope+instructions+for+authors+APC
727,2-Q1且IF小于5,0,Paediatric Respiratory Reviews,PAEDIATR RESPIR REV,1526-0542,1526-0550,3.4,4.2,Q1,23/190,Q1,Q1,1.26,88.2,14.0,2473.0,PEDIATRICS; RESPIRATORY SYSTEM,PEDIATRICS(JIF Q1/JCI Q1) | RESPIRATORY SYSTEM(JIF Q2/JCI Q1),ELSEVIER SCI LTD,Elsevier,是,SCIE,混合为主,"订阅路线通常无APC；Gold OA常见 USD 2,200-4,200",中,https://www.elsevier.com/open-access/agreements,https://www.google.com/search?q=Paediatric+Respiratory+Reviews+aims+scope+instructions+for+authors+APC
728,2-Q1且IF小于5,0,European Cardiology Review,EUR CARDIOL REV,1758-3756,1758-3756,4.6,3.8,Q1,56/237,Q2,Q2,0.67,76.6,12.0,1277.0,CARDIAC & CARDIOVASCULAR SYSTEMS,CARDIAC & CARDIOVASCULAR SYSTEMS(JIF Q1/JCI Q2),RADCLIFFE CARDIOLOGY,其他,否,ESCI,需核实,请查期刊官网 Author / Open Access 页面,未知,,https://www.google.com/search?q=European+Cardiology+Review+aims+scope+instructions+for+authors+APC
729,2-Q1且IF小于5,0,Journal of Biosafety and Biosecurity,J BIOSAF BIOSECUR,2097-2105,2588-9338,3.5,,Q1,96/443,Q1,Q1,1.28,78.4,12.0,375.0,"PUBLIC, ENVIRONMENTAL & OCCUPATIONAL HEALTH","PUBLIC, ENVIRONMENTAL & OCCUPATIONAL HEALTH(JIF Q1/JCI Q1)",KEAI PUBLISHING LTD,其他,否,ESCI,需核实,请查期刊官网 Author / Open Access 页面,未知,,https://www.google.com/search?q=Journal+of+Biosafety+and+Biosecurity+aims+scope+instructions+for+authors+APC
730,2-Q1且IF小于5,0,Avicenna,AVICENNA,2220-2749,2220-2749,3.1,1.9,Q1,31/125,Q3,Q3,0.65,75.6,12.0,104.0,HEALTH POLICY & SERVICES,HEALTH POLICY & SERVICES(JIF Q1/JCI Q3),HAMAD BIN KHALIFA UNIV PRESS,其他,否,ESCI,需核实,请查期刊官网 Author / Open Access 页面,未知,,https://www.google.com/search?q=Avicenna+aims+scope+instructions+for+authors+APC
731,2-Q1且IF小于5,0,Retrovirology,RETROVIROLOGY,,1742-4690,4.1,3.7,Q1,8/44,Q2,Q2,0.85,83.0,11.0,2744.0,VIROLOGY,VIROLOGY(JIF Q1/JCI Q2),BMC,BMC,是,SCIE,全OA,"约 USD 1,990-2,890（旗舰刊更高）",高,https://www.biomedcentral.com/getpublished/article-processing-charges,https://www.google.com/search?q=Retrovirology+aims+scope+instructions+for+authors+APC
732,2-Q1且IF小于5,0,Epigenetics Insights,EPIGENETICS INSIGHTS,2516-8657,2516-8657,4.8,3.1,Q1,37/192,Q2,Q2,0.71,81.0,8.0,202.0,GENETICS & HEREDITY,GENETICS & HEREDITY(JIF Q1/JCI Q2),Maximum Academic Press,Elsevier,否,ESCI,混合为主,"订阅路线通常无APC；Gold OA常见 USD 2,200-4,200",中,https://www.elsevier.com/open-access/agreements,https://www.google.com/search?q=Epigenetics+Insights+aims+scope+instructions+for+authors+APC
733,2-Q1且IF小于5,0,Eye and Brain,EYE BRAIN,1179-2744,1179-2744,3.9,4.3,Q1,20/98,Q2,Q2,0.8,80.1,7.0,605.0,OPHTHALMOLOGY,OPHTHALMOLOGY(JIF Q1/JCI Q2),DOVE MEDICAL PRESS LTD,其他,否,ESCI,需核实,请查期刊官网 Author / Open Access 页面,未知,,https://www.google.com/search?q=Eye+and+Brain+aims+scope+instructions+for+authors+APC
734,2-Q1且IF小于5,0,International Journal of Tryptophan Research,INT J TRYPTOPHAN RES,1178-6469,1178-6469,4.9,5.0,Q1,70/330,Q2,Q2,0.85,78.9,6.0,1064.0,NEUROSCIENCES,NEUROSCIENCES(JIF Q1/JCI Q2),SAGE PUBLICATIONS LTD,SAGE,否,ESCI,混合为主,"订阅路线通常无APC；SAGE Choice常见 USD 2,000-4,000",中,https://us.sagepub.com/en-us/nam/sage-choice,https://www.google.com/search?q=International+Journal+of+Tryptophan+Research+aims+scope+instructions+for+authors+APC
735,2-Q1且IF小于5,0,EXPERT OPINION ON THERAPEUTIC PATENTS,EXPERT OPIN THER PAT,1354-3776,1744-7674,4.7,4.9,Q1,78/356,Q2,Q2,0.66,78.2,6.0,4041.0,"CHEMISTRY, MEDICINAL; PHARMACOLOGY & PHARMACY","CHEMISTRY, MEDICINAL(JIF Q2/JCI Q3) | PHARMACOLOGY & PHARMACY(JIF Q1/JCI Q2)",TAYLOR & FRANCIS LTD,Taylor & Francis,是,SCIE,混合为主,"订阅路线通常无APC；Open Select常见 USD 2,500-3,500",中,https://authorservices.taylorandfrancis.com/publishing-open-access/,https://www.google.com/search?q=EXPERT+OPINION+ON+THERAPEUTIC+PATENTS+aims+scope+instructions+for+authors+APC
736,2-Q1且IF小于5,0,Therapeutic Advances in Pulmonary and Critical Care Medicine,THER ADV PULM CRIT C,,2976-8675,4.4,4.4,Q1,23/107,Q2,Q2,0.61,79.0,6.0,44.0,RESPIRATORY SYSTEM,RESPIRATORY SYSTEM(JIF Q1/JCI Q2),SAGE PUBLICATIONS LTD,SAGE,否,ESCI,混合为主,"订阅路线通常无APC；SAGE Choice常见 USD 2,000-4,000",中,https://us.sagepub.com/en-us/nam/sage-choice,https://www.google.com/search?q=Therapeutic+Advances+in+Pulmonary+and+Critical+Care+Medicine+aims+scope+instructions+for+authors+APC
737,2-Q1且IF小于5,0,NEUROSCIENTIST,NEUROSCIENTIST,1073-8584,1089-4098,4.1,5.2,Q1,65/296,Q3,Q3,0.7,78.2,5.0,5962.0,CLINICAL NEUROLOGY; NEUROSCIENCES,CLINICAL NEUROLOGY(JIF Q1/JCI Q3) | NEUROSCIENCES(JIF Q2/JCI Q3),SAGE PUBLICATIONS INC,SAGE,是,SCIE,混合为主,"订阅路线通常无APC；SAGE Choice常见 USD 2,000-4,000",中,https://us.sagepub.com/en-us/nam/sage-choice,https://www.google.com/search?q=NEUROSCIENTIST+aims+scope+instructions+for+authors+APC
738,2-Q1且IF小于5,0,Journal of Cardiovascular Aging,J CARDIOVASC AGING,,2768-5993,4.4,4.6,Q1,57/237,Q2,Q2,0.67,76.2,4.0,318.0,CARDIAC & CARDIOVASCULAR SYSTEMS,CARDIAC & CARDIOVASCULAR SYSTEMS(JIF Q1/JCI Q2),OAE PUBLISHING INC,其他,否,ESCI,需核实,请查期刊官网 Author / Open Access 页面,未知,,https://www.google.com/search?q=Journal+of+Cardiovascular+Aging+aims+scope+instructions+for+authors+APC
739,2-Q1且IF小于5,0,BIOESSAYS,BIOESSAYS,0265-9247,1521-1878,3.3,3.5,Q1,26/106,Q2,Q2,0.59,75.9,4.0,10137.0,BIOCHEMISTRY & MOLECULAR BIOLOGY; BIOLOGY,BIOCHEMISTRY & MOLECULAR BIOLOGY(JIF Q3/JCI Q3) | BIOLOGY(JIF Q1/JCI Q2),WILEY-V C H VERLAG GMBH,Wiley,是,SCIE,混合为主,"订阅路线通常无APC；OnlineOpen常见 USD 3,200-4,700",中,https://authorservices.wiley.com/author-resources/Journal-Authors/open-access/article-publication-charges.html,https://www.google.com/search?q=BIOESSAYS+aims+scope+instructions+for+authors+APC
740,2-Q1且IF小于5,0,Current Rheumatology Reports,CURR RHEUMATOL REP,1523-3774,1534-6307,4.9,5.7,Q1,11/58,Q1,Q1,1.12,81.9,3.0,4413.0,RHEUMATOLOGY,RHEUMATOLOGY(JIF Q1/JCI Q1),SPRINGER,Springer,是,SCIE,混合为主,"订阅路线通常无APC；选OA约 USD 2,790-4,290",中,https://www.springer.com/gp/open-access,https://www.google.com/search?q=Current+Rheumatology+Reports+aims+scope+instructions+for+authors+APC
741,2-Q1且IF小于5,0,JBJS Reviews,JBJS REV,2329-9185,2329-9185,2.8,3.3,Q1,67/321,Q2,Q2,0.73,79.3,3.0,2854.0,ORTHOPEDICS; SURGERY,ORTHOPEDICS(JIF Q2/JCI Q2) | SURGERY(JIF Q1/JCI Q2),LIPPINCOTT WILLIAMS & WILKINS,Wolters Kluwer/LWW,否,ESCI,混合为主,"订阅路线通常无APC；OA常见 USD 2,000-4,000；MEDICINE已拉黑",中,https://wkauthorservices.editage.com/open-access/,https://www.google.com/search?q=JBJS+Reviews+aims+scope+instructions+for+authors+APC
742,2-Q1且IF小于5,0,Epilepsy Currents,EPILEPSY CURR,1535-7597,1535-7511,4.6,6.0,Q1,48/296,Q3,Q3,0.51,84.0,2.0,1378.0,CLINICAL NEUROLOGY,CLINICAL NEUROLOGY(JIF Q1/JCI Q3),SAGE PUBLICATIONS INC,SAGE,是,SCIE,混合为主,"订阅路线通常无APC；SAGE Choice常见 USD 2,000-4,000",中,https://us.sagepub.com/en-us/nam/sage-choice,https://www.google.com/search?q=Epilepsy+Currents+aims+scope+instructions+for+authors+APC
743,2-Q1且IF小于5,0,Expert Opinion on Drug Metabolism & Toxicology,EXPERT OPIN DRUG MET,1742-5255,1744-7607,4.5,4.7,Q1,26/106,Q3,Q3,0.53,75.9,2.0,5723.0,BIOCHEMISTRY & MOLECULAR BIOLOGY; PHARMACOLOGY & PHARMACY; TOXICOLOGY,BIOCHEMISTRY & MOLECULAR BIOLOGY(JIF Q2/JCI Q3) | PHARMACOLOGY & PHARMACY(JIF Q2/JCI Q3) | TOXICOLOGY(JIF Q1/JCI Q3),TAYLOR & FRANCIS LTD,Taylor & Francis,是,SCIE,混合为主,"订阅路线通常无APC；Open Select常见 USD 2,500-3,500",中,https://authorservices.taylorandfrancis.com/publishing-open-access/,https://www.google.com/search?q=Expert+Opinion+on+Drug+Metabolism+&+Toxicology+aims+scope+instructions+for+authors+APC
744,2-Q1且IF小于5,0,REVIEWS IN THE NEUROSCIENCES,REV NEUROSCIENCE,0334-1763,2191-0200,4.8,4.8,Q1,73/330,Q2,Q2,0.9,78.0,0.0,3666.0,NEUROSCIENCES,NEUROSCIENCES(JIF Q1/JCI Q2),WALTER DE GRUYTER GMBH,De Gruyter,是,SCIE,混合/OA,因刊而异,中,https://www.degruyter.com/publishing/publications/openaccess,https://www.google.com/search?q=REVIEWS+IN+THE+NEUROSCIENCES+aims+scope+instructions+for+authors+APC
745,2-Q1且IF小于5,0,Current Pain and Headache Reports,CURR PAIN HEADACHE R,1531-3433,1534-3081,4.8,4.5,Q1,42/296,Q2,Q2,0.75,86.0,0.0,4942.0,CLINICAL NEUROLOGY,CLINICAL NEUROLOGY(JIF Q1/JCI Q2),SPRINGER,Springer,是,SCIE,混合为主,"订阅路线通常无APC；选OA约 USD 2,790-4,290",中,https://www.springer.com/gp/open-access,https://www.google.com/search?q=Current+Pain+and+Headache+Reports+aims+scope+instructions+for+authors+APC
746,2-Q1且IF小于5,0,DRUG METABOLISM REVIEWS,DRUG METAB REV,0360-2532,1097-9883,4.7,5.2,Q1,78/356,Q3,Q3,0.56,78.2,0.0,3167.0,PHARMACOLOGY & PHARMACY,PHARMACOLOGY & PHARMACY(JIF Q1/JCI Q3),TAYLOR & FRANCIS LTD,Taylor & Francis,是,SCIE,混合为主,"订阅路线通常无APC；Open Select常见 USD 2,500-3,500",中,https://authorservices.taylorandfrancis.com/publishing-open-access/,https://www.google.com/search?q=DRUG+METABOLISM+REVIEWS+aims+scope+instructions+for+authors+APC
747,2-Q1且IF小于5,0,EXERCISE IMMUNOLOGY REVIEW,EXERC IMMUNOL REV,1077-5552,1077-5552,4.6,5.2,Q1,12/136,Q4,Q4,0.41,91.5,0.0,817.0,IMMUNOLOGY; SPORT SCIENCES,IMMUNOLOGY(JIF Q2/JCI Q4) | SPORT SCIENCES(JIF Q1/JCI Q4),W W F VERLAGSGESELLSCHAFT GMBH,其他,是,SCIE,需核实,请查期刊官网 Author / Open Access 页面,未知,,https://www.google.com/search?q=EXERCISE+IMMUNOLOGY+REVIEW+aims+scope+instructions+for+authors+APC
748,2-Q1且IF小于5,0,CURRENT OPINION IN LIPIDOLOGY,CURR OPIN LIPIDOL,0957-9672,1473-6535,4.5,4.6,Q1,22/100,Q2,Q2,0.6,78.5,0.0,4024.0,BIOCHEMISTRY & MOLECULAR BIOLOGY; ENDOCRINOLOGY & METABOLISM; PERIPHERAL VASCULAR DISEASE,BIOCHEMISTRY & MOLECULAR BIOLOGY(JIF Q2/JCI Q3) | ENDOCRINOLOGY & METABOLISM(JIF Q2/JCI Q3) | PERIPHERAL VASCULAR DISEASE(JIF Q1/JCI Q2),LIPPINCOTT WILLIAMS & WILKINS,Wolters Kluwer/LWW,是,SCIE,混合为主,"订阅路线通常无APC；OA常见 USD 2,000-4,000；MEDICINE已拉黑",中,https://wkauthorservices.editage.com/open-access/,https://www.google.com/search?q=CURRENT+OPINION+IN+LIPIDOLOGY+aims+scope+instructions+for+authors+APC
749,2-Q1且IF小于5,0,CURRENT OPINION IN INFECTIOUS DISEASES,CURR OPIN INFECT DIS,0951-7375,1473-6527,4.5,4.1,Q1,28/141,Q3,Q3,0.56,80.5,0.0,4307.0,INFECTIOUS DISEASES,INFECTIOUS DISEASES(JIF Q1/JCI Q3),LIPPINCOTT WILLIAMS & WILKINS,Wolters Kluwer/LWW,是,SCIE,混合为主,"订阅路线通常无APC；OA常见 USD 2,000-4,000；MEDICINE已拉黑",中,https://wkauthorservices.editage.com/open-access/,https://www.google.com/search?q=CURRENT+OPINION+IN+INFECTIOUS+DISEASES+aims+scope+instructions+for+authors+APC
750,2-Q1且IF小于5,0,Current HIV/AIDS Reports,CURR HIV-AIDS REP,1548-3568,1548-3576,4.4,5.5,Q1,30/141,Q2,Q2,0.95,79.1,0.0,2911.0,INFECTIOUS DISEASES,INFECTIOUS DISEASES(JIF Q1/JCI Q2),SPRINGER,Springer,是,SCIE,混合为主,"订阅路线通常无APC；选OA约 USD 2,790-4,290",中,https://www.springer.com/gp/open-access,https://www.google.com/search?q=Current+HIV/AIDS+Reports+aims+scope+instructions+for+authors+APC
751,2-Q1且IF小于5,0,Substance Abuse-Research and Treatment,SUBST ABUS-RES TREAT,1178-2218,1178-2218,4.3,3.5,Q1,4/61,Q2,Q2,0.78,94.3,0.0,1011.0,SUBSTANCE ABUSE,SUBSTANCE ABUSE(JIF Q1/JCI Q2),SAGE PUBLICATIONS LTD,SAGE,否,ESCI,混合为主,"订阅路线通常无APC；SAGE Choice常见 USD 2,000-4,000",中,https://us.sagepub.com/en-us/nam/sage-choice,https://www.google.com/search?q=Substance+Abuse-Research+and+Treatment+aims+scope+instructions+for+authors+APC
752,2-Q1且IF小于5,0,Current Addiction Reports,CURR ADDICT REP,,2196-2952,4.2,6.1,Q1,5/61,Q1,Q1,1.03,92.6,0.0,3176.0,SUBSTANCE ABUSE,SUBSTANCE ABUSE(JIF Q1/JCI Q1),SPRINGERNATURE,Springer Nature,否,SSCI,混合/全OA,"全OA约 USD 2,090-3,490；Nature系更高；Scientific Reports已拉黑",中高,https://www.springernature.com/gp/open-research/journals-books/journals,https://www.google.com/search?q=Current+Addiction+Reports+aims+scope+instructions+for+authors+APC
753,2-Q1且IF小于5,0,Current Epidemiology Reports,CURR EPIDEMIOL REP,,2196-2995,3.8,6.0,Q1,87/443,Q1,Q1,1.12,80.5,0.0,2164.0,"PUBLIC, ENVIRONMENTAL & OCCUPATIONAL HEALTH","PUBLIC, ENVIRONMENTAL & OCCUPATIONAL HEALTH(JIF Q1/JCI Q1)",SPRINGER HEIDELBERG,Springer,是,SCIE,混合为主,"订阅路线通常无APC；选OA约 USD 2,790-4,290",中,https://www.springer.com/gp/open-access,https://www.google.com/search?q=Current+Epidemiology+Reports+aims+scope+instructions+for+authors+APC
754,2-Q1且IF小于5,0,Health Services Research and Managerial Epidemiology,HEALTH SERV RES MANA,2333-3928,2333-3928,3.3,2.5,Q1,28/125,Q3,Q3,0.72,78.0,0.0,457.0,HEALTH POLICY & SERVICES,HEALTH POLICY & SERVICES(JIF Q1/JCI Q3),SAGE PUBLICATIONS INC,SAGE,否,ESCI,混合为主,"订阅路线通常无APC；SAGE Choice常见 USD 2,000-4,000",中,https://us.sagepub.com/en-us/nam/sage-choice,https://www.google.com/search?q=Health+Services+Research+and+Managerial+Epidemiology+aims+scope+instructions+for+authors+APC
755,2-Q1且IF小于5,0,SEMINARS IN PERINATOLOGY,SEMIN PERINATOL,0146-0005,1558-075X,3.2,3.6,Q1,29/190,Q2,Q2,0.74,85.0,0.0,4401.0,OBSTETRICS & GYNECOLOGY; PEDIATRICS,OBSTETRICS & GYNECOLOGY(JIF Q1/JCI Q2) | PEDIATRICS(JIF Q1/JCI Q2),W B SAUNDERS CO-ELSEVIER INC,Elsevier,是,SCIE,混合为主,"订阅路线通常无APC；Gold OA常见 USD 2,200-4,200",中,https://www.elsevier.com/open-access/agreements,https://www.google.com/search?q=SEMINARS+IN+PERINATOLOGY+aims+scope+instructions+for+authors+APC
756,2-Q1且IF小于5,0,Current Developmental Disorders Reports,CURR DEV DISORD REP,,2196-2987,2.9,3.2,Q1,26/175,Q3,Q3,0.63,85.4,0.0,955.0,NEUROSCIENCES; REHABILITATION,NEUROSCIENCES(JIF Q3/JCI Q3) | REHABILITATION(JIF Q1/JCI Q3),SPRINGERNATURE,Springer Nature,否,ESCI,混合/全OA,"全OA约 USD 2,090-3,490；Nature系更高；Scientific Reports已拉黑",中高,https://www.springernature.com/gp/open-research/journals-books/journals,https://www.google.com/search?q=Current+Developmental+Disorders+Reports+aims+scope+instructions+for+authors+APC
757,2-Q1且IF小于5,0,CURRENT OPINION IN PEDIATRICS,CURR OPIN PEDIATR,1040-8703,1531-698X,2.8,2.9,Q1,36/190,Q2,Q2,0.69,81.3,0.0,4325.0,PEDIATRICS,PEDIATRICS(JIF Q1/JCI Q2),LIPPINCOTT WILLIAMS & WILKINS,Wolters Kluwer/LWW,是,SCIE,混合为主,"订阅路线通常无APC；OA常见 USD 2,000-4,000；MEDICINE已拉黑",中,https://wkauthorservices.editage.com/open-access/,https://www.google.com/search?q=CURRENT+OPINION+IN+PEDIATRICS+aims+scope+instructions+for+authors+APC
758,2-Q1且IF小于5,0,Korean Journal of Women Health Nursing,KOREAN J WOMEN HEALT,2287-1640,2093-7695,2.6,2.1,Q1,44/194,Q3,Q3,0.61,77.6,0.0,421.0,NURSING,NURSING(JIF Q1/JCI Q3),KOREAN SOC WOMEN HEALTH NURSING,其他,否,ESCI,需核实,请查期刊官网 Author / Open Access 页面,未知,,https://www.google.com/search?q=Korean+Journal+of+Women+Health+Nursing+aims+scope+instructions+for+authors+APC
759,2-Q1且IF小于5,0,Research in Autism Spectrum Disorders,RES AUTISM SPECT DIS,1750-9467,1878-0237,2.4,3.2,Q1,8/62,Q1,Q1,1.09,76.9,0.0,6129.0,PSYCHIATRY; REHABILITATION,PSYCHIATRY(JIF Q3/JCI Q1) | REHABILITATION(JIF Q1/JCI Q1),ELSEVIER SCI LTD,Elsevier,否,SSCI,混合为主,"订阅路线通常无APC；Gold OA常见 USD 2,200-4,200",中,https://www.elsevier.com/open-access/agreements,https://www.google.com/search?q=Research+in+Autism+Spectrum+Disorders+aims+scope+instructions+for+authors+APC
