序号,分层,易投指数0-5,期刊全称,ISO缩写,ISSN,eISSN,2025 JIF,5年JIF,最佳JIF分区,JIF排名(主表),最佳JCI分区,主表JCI分区,JCI,最高JIF百分位,年发文量,总被引,医学相关学科,学科及分区明细,出版商,出版商分组,是否SCIE,Web of Science版本,常见OA模式,版面费参考(须官网核实),OA付费可能性,版面费查询入口,AIM作者须知检索
1,3-Q2,5,BMJ Open,BMJ OPEN,2044-6055,2044-6055,2.5,2.8,Q2,92/336,Q1,Q1,0.72,72.8,4810.0,107859.0,"MEDICINE, GENERAL & INTERNAL","MEDICINE, GENERAL & INTERNAL(JIF Q2/JCI Q1)",BMJ PUBLISHING GROUP,BMJ,是,SCIE,混合/全OA,"BMJ Open约GBP 2,175；旗舰刊更高",高,https://authors.bmj.com/open-access/,https://www.google.com/search?q=BMJ+Open+aims+scope+instructions+for+authors+APC
2,3-Q2,5,MOLECULES,MOLECULES,,1420-3049,5.1,5.5,Q2,83/328,Q2,Q2,0.71,74.8,4026.0,284626.0,BIOCHEMISTRY & MOLECULAR BIOLOGY,BIOCHEMISTRY & MOLECULAR BIOLOGY(JIF Q2/JCI Q2),MDPI,MDPI,是,SCIE,全OA,"约 CHF 1,600-2,900（如 JCM=CHF 2,600）",高,https://www.mdpi.com/about/apc,https://www.google.com/search?q=MOLECULES+aims+scope+instructions+for+authors+APC
3,3-Q2,5,Frontiers in Oncology,FRONT ONCOL,2234-943X,2234-943X,3.4,3.9,Q2,148/333,Q3,Q3,0.62,55.7,3448.0,111544.0,ONCOLOGY,ONCOLOGY(JIF Q2/JCI Q3),FRONTIERS MEDIA SA,Frontiers,是,SCIE,全OA,"约 CHF 1,495-3,150（Frontiers in Medicine A类=CHF 3,150）",高,https://www.frontiersin.org/about/fee-policy,https://www.google.com/search?q=Frontiers+in+Oncology+aims+scope+instructions+for+authors+APC
4,3-Q2,5,Cancers,CANCERS,,2072-6694,4.8,5.1,Q2,92/333,Q2,Q2,0.8,72.5,2554.0,153316.0,ONCOLOGY,ONCOLOGY(JIF Q2/JCI Q2),MDPI,MDPI,是,SCIE,全OA,"约 CHF 1,600-2,900（如 JCM=CHF 2,600）",高,https://www.mdpi.com/about/apc,https://www.google.com/search?q=Cancers+aims+scope+instructions+for+authors+APC
5,3-Q2,5,Microorganisms,MICROORGANISMS,,2076-2607,4.7,5.1,Q2,50/167,Q2,Q2,0.87,70.4,2442.0,73196.0,MICROBIOLOGY,MICROBIOLOGY(JIF Q2/JCI Q2),MDPI,MDPI,是,SCIE,全OA,"约 CHF 1,600-2,900（如 JCM=CHF 2,600）",高,https://www.mdpi.com/about/apc,https://www.google.com/search?q=Microorganisms+aims+scope+instructions+for+authors+APC
6,3-Q2,5,Symmetry-Basel,SYMMETRY-BASEL,,2073-8994,2.2,2.1,Q2,60/140,Q2,Q2,0.76,57.5,2157.0,28764.0,MULTIDISCIPLINARY SCIENCES,MULTIDISCIPLINARY SCIENCES(JIF Q2/JCI Q2),MDPI,MDPI,是,SCIE,全OA,"约 CHF 1,600-2,900（如 JCM=CHF 2,600）",高,https://www.mdpi.com/about/apc,https://www.google.com/search?q=Symmetry-Basel+aims+scope+instructions+for+authors+APC
7,3-Q2,5,Biomedicines,BIOMEDICINES,,2227-9059,4.5,4.7,Q2,90/356,Q2,Q2,0.77,74.9,2075.0,62243.0,"BIOCHEMISTRY & MOLECULAR BIOLOGY; MEDICINE, RESEARCH & EXPERIMENTAL; PHARMACOLOGY & PHARMACY","BIOCHEMISTRY & MOLECULAR BIOLOGY(JIF Q2/JCI Q2) | MEDICINE, RESEARCH & EXPERIMENTAL(JIF Q2/JCI Q2) | PHARMACOLOGY & PHARMACY(JIF Q2/JCI Q2)",MDPI,MDPI,是,SCIE,全OA,"约 CHF 1,600-2,900（如 JCM=CHF 2,600）",高,https://www.mdpi.com/about/apc,https://www.google.com/search?q=Biomedicines+aims+scope+instructions+for+authors+APC
8,3-Q2,5,BMC CANCER,BMC CANCER,,1471-2407,4.1,4.1,Q2,111/333,Q2,Q2,0.84,66.8,1925.0,54566.0,ONCOLOGY,ONCOLOGY(JIF Q2/JCI Q2),BMC,BMC,是,SCIE,全OA,"约 USD 1,990-2,890（旗舰刊更高）",高,https://www.biomedcentral.com/getpublished/article-processing-charges,https://www.google.com/search?q=BMC+CANCER+aims+scope+instructions+for+authors+APC
9,3-Q2,5,Frontiers in Neurology,FRONT NEUROL,1664-2295,1664-2295,3.3,3.5,Q2,107/296,Q3,Q3,0.72,64.0,1844.0,57716.0,CLINICAL NEUROLOGY; NEUROSCIENCES,CLINICAL NEUROLOGY(JIF Q2/JCI Q3) | NEUROSCIENCES(JIF Q2/JCI Q3),FRONTIERS MEDIA SA,Frontiers,是,SCIE,全OA,"约 CHF 1,495-3,150（Frontiers in Medicine A类=CHF 3,150）",高,https://www.frontiersin.org/about/fee-policy,https://www.google.com/search?q=Frontiers+in+Neurology+aims+scope+instructions+for+authors+APC
10,3-Q2,5,BMC INFECTIOUS DISEASES,BMC INFECT DIS,,1471-2334,3.2,3.3,Q2,55/141,Q2,Q2,0.89,61.3,1819.0,35197.0,INFECTIOUS DISEASES,INFECTIOUS DISEASES(JIF Q2/JCI Q2),BMC,BMC,是,SCIE,全OA,"约 USD 1,990-2,890（旗舰刊更高）",高,https://www.biomedcentral.com/getpublished/article-processing-charges,https://www.google.com/search?q=BMC+INFECTIOUS+DISEASES+aims+scope+instructions+for+authors+APC
11,3-Q2,5,Frontiers in Psychiatry,FRONT PSYCHIATRY,1664-0640,1664-0640,3.8,4.4,Q2,75/293,Q2,Q2,0.89,74.6,1796.0,62039.0,PSYCHIATRY,PSYCHIATRY(JIF Q2/JCI Q2),FRONTIERS MEDIA SA,Frontiers,是,"SCIE, SSCI",全OA,"约 CHF 1,495-3,150（Frontiers in Medicine A类=CHF 3,150）",高,https://www.frontiersin.org/about/fee-policy,https://www.google.com/search?q=Frontiers+in+Psychiatry+aims+scope+instructions+for+authors+APC
12,3-Q2,5,Biomedical Signal Processing and Control,BIOMED SIGNAL PROCES,1746-8094,1746-8108,5.7,5.6,Q2,33/130,Q1,Q1,1.06,75.0,1770.0,33849.0,"ENGINEERING, BIOMEDICAL","ENGINEERING, BIOMEDICAL(JIF Q2/JCI Q1)",ELSEVIER SCI LTD,Elsevier,是,SCIE,混合为主,"订阅路线通常无APC；Gold OA常见 USD 2,200-4,200",中,https://www.elsevier.com/open-access/agreements,https://www.google.com/search?q=Biomedical+Signal+Processing+and+Control+aims+scope+instructions+for+authors+APC
13,3-Q2,5,PeerJ,PEERJ,2167-8359,2167-8359,2.9,2.9,Q2,44/140,Q2,Q2,0.73,68.9,1677.0,58761.0,MULTIDISCIPLINARY SCIENCES,MULTIDISCIPLINARY SCIENCES(JIF Q2/JCI Q2),PEERJ INC,PeerJ,是,SCIE,全OA,"约 USD 1,395-1,695",高,https://peerj.com/pricing/,https://www.google.com/search?q=PeerJ+aims+scope+instructions+for+authors+APC
14,3-Q2,5,BMC HEALTH SERVICES RESEARCH,BMC HEALTH SERV RES,,1472-6963,3.3,3.9,Q2,63/194,Q2,Q2,0.99,67.8,1613.0,51962.0,HEALTH CARE SCIENCES & SERVICES,HEALTH CARE SCIENCES & SERVICES(JIF Q2/JCI Q2),BMC,BMC,是,SCIE,全OA,"约 USD 1,990-2,890（旗舰刊更高）",高,https://www.biomedcentral.com/getpublished/article-processing-charges,https://www.google.com/search?q=BMC+HEALTH+SERVICES+RESEARCH+aims+scope+instructions+for+authors+APC
15,3-Q2,5,Microbiology Spectrum,MICROBIOL SPECTR,,2165-0497,4.1,4.4,Q2,64/167,Q2,Q2,1.0,62.0,1535.0,34555.0,MICROBIOLOGY,MICROBIOLOGY(JIF Q2/JCI Q2),AMER SOC MICROBIOLOGY,其他,是,SCIE,需核实,请查期刊官网 Author / Open Access 页面,未知,,https://www.google.com/search?q=Microbiology+Spectrum+aims+scope+instructions+for+authors+APC
16,3-Q2,5,Frontiers in Pediatrics,FRONT PEDIATR,2296-2360,2296-2360,2.2,2.5,Q2,66/190,Q2,Q2,0.91,65.5,1418.0,24621.0,PEDIATRICS,PEDIATRICS(JIF Q2/JCI Q2),FRONTIERS MEDIA SA,Frontiers,是,SCIE,全OA,"约 CHF 1,495-3,150（Frontiers in Medicine A类=CHF 3,150）",高,https://www.frontiersin.org/about/fee-policy,https://www.google.com/search?q=Frontiers+in+Pediatrics+aims+scope+instructions+for+authors+APC
17,3-Q2,5,Frontiers in Cardiovascular Medicine,FRONT CARDIOVASC MED,2297-055X,2297-055X,3.0,3.5,Q2,93/237,Q2,Q2,0.68,61.0,1369.0,37024.0,CARDIAC & CARDIOVASCULAR SYSTEMS,CARDIAC & CARDIOVASCULAR SYSTEMS(JIF Q2/JCI Q2),FRONTIERS MEDIA SA,Frontiers,是,SCIE,全OA,"约 CHF 1,495-3,150（Frontiers in Medicine A类=CHF 3,150）",高,https://www.frontiersin.org/about/fee-policy,https://www.google.com/search?q=Frontiers+in+Cardiovascular+Medicine+aims+scope+instructions+for+authors+APC
18,3-Q2,5,Viruses-Basel,VIRUSES-BASEL,,1999-4915,3.8,3.8,Q2,12/44,Q2,Q2,0.86,73.9,1313.0,57344.0,VIROLOGY,VIROLOGY(JIF Q2/JCI Q2),MDPI,MDPI,是,SCIE,全OA,"约 CHF 1,600-2,900（如 JCM=CHF 2,600）",高,https://www.mdpi.com/about/apc,https://www.google.com/search?q=Viruses-Basel+aims+scope+instructions+for+authors+APC
19,3-Q2,5,Cells,CELLS-BASEL,,2073-4409,6.0,6.6,Q2,59/207,Q3,Q3,0.6,71.7,1282.0,117063.0,CELL BIOLOGY,CELL BIOLOGY(JIF Q2/JCI Q3),MDPI,MDPI,是,SCIE,全OA,"约 CHF 1,600-2,900（如 JCM=CHF 2,600）",高,https://www.mdpi.com/about/apc,https://www.google.com/search?q=Cells+aims+scope+instructions+for+authors+APC
20,3-Q2,5,Genes,GENES-BASEL,,2073-4425,3.1,3.3,Q2,74/192,Q2,Q2,0.7,61.7,1248.0,41929.0,GENETICS & HEREDITY,GENETICS & HEREDITY(JIF Q2/JCI Q2),MDPI,MDPI,是,SCIE,全OA,"约 CHF 1,600-2,900（如 JCM=CHF 2,600）",高,https://www.mdpi.com/about/apc,https://www.google.com/search?q=Genes+aims+scope+instructions+for+authors+APC
21,3-Q2,5,BMC GENOMICS,BMC GENOMICS,1471-2164,1471-2164,3.9,4.4,Q2,57/192,Q1,Q1,1.0,70.6,1227.0,56783.0,BIOTECHNOLOGY & APPLIED MICROBIOLOGY; GENETICS & HEREDITY,BIOTECHNOLOGY & APPLIED MICROBIOLOGY(JIF Q2/JCI Q1) | GENETICS & HEREDITY(JIF Q2/JCI Q1),BMC,BMC,是,SCIE,全OA,"约 USD 1,990-2,890（旗舰刊更高）",高,https://www.biomedcentral.com/getpublished/article-processing-charges,https://www.google.com/search?q=BMC+GENOMICS+aims+scope+instructions+for+authors+APC
22,3-Q2,5,EUROPEAN JOURNAL OF MEDICAL RESEARCH,EUR J MED RES,0949-2321,2047-783X,4.8,4.4,Q2,55/191,Q2,Q2,0.81,71.5,1225.0,10316.0,"MEDICINE, RESEARCH & EXPERIMENTAL","MEDICINE, RESEARCH & EXPERIMENTAL(JIF Q2/JCI Q2)",BMC,BMC,是,SCIE,全OA,"约 USD 1,990-2,890（旗舰刊更高）",高,https://www.biomedcentral.com/getpublished/article-processing-charges,https://www.google.com/search?q=EUROPEAN+JOURNAL+OF+MEDICAL+RESEARCH+aims+scope+instructions+for+authors+APC
23,3-Q2,5,BMC Geriatrics,BMC GERIATR,,1471-2318,4.5,5.2,Q2,7/49,Q1,Q1,1.25,64.6,1159.0,32383.0,GERIATRICS & GERONTOLOGY,GERIATRICS & GERONTOLOGY(JIF Q2/JCI Q1),BMC,BMC,是,SCIE; SSCI,全OA,"约 USD 1,990-2,890（旗舰刊更高）",高,https://www.biomedcentral.com/getpublished/article-processing-charges,https://www.google.com/search?q=BMC+Geriatrics+aims+scope+instructions+for+authors+APC
24,3-Q2,5,Bioengineering-Basel,BIOENGINEERING-BASEL,,2306-5354,4.4,4.6,Q2,47/130,Q2,Q2,0.72,64.2,1118.0,20716.0,"ENGINEERING, BIOMEDICAL","ENGINEERING, BIOMEDICAL(JIF Q2/JCI Q2)",MDPI,MDPI,是,SCIE,全OA,"约 CHF 1,600-2,900（如 JCM=CHF 2,600）",高,https://www.mdpi.com/about/apc,https://www.google.com/search?q=Bioengineering-Basel+aims+scope+instructions+for+authors+APC
25,3-Q2,5,BMC MUSCULOSKELETAL DISORDERS,BMC MUSCULOSKEL DIS,,1471-2474,2.8,3.1,Q2,37/147,Q2,Q2,0.95,75.2,1080.0,28847.0,ORTHOPEDICS; RHEUMATOLOGY,ORTHOPEDICS(JIF Q2/JCI Q2) | RHEUMATOLOGY(JIF Q2/JCI Q2),BMC,BMC,是,SCIE,全OA,"约 USD 1,990-2,890（旗舰刊更高）",高,https://www.biomedcentral.com/getpublished/article-processing-charges,https://www.google.com/search?q=BMC+MUSCULOSKELETAL+DISORDERS+aims+scope+instructions+for+authors+APC
26,3-Q2,5,Pathogens,PATHOGENS,,2076-0817,3.8,3.9,Q2,76/167,Q3,Q3,0.66,54.8,1066.0,30025.0,MICROBIOLOGY,MICROBIOLOGY(JIF Q2/JCI Q3),MDPI,MDPI,是,SCIE,全OA,"约 CHF 1,600-2,900（如 JCM=CHF 2,600）",高,https://www.mdpi.com/about/apc,https://www.google.com/search?q=Pathogens+aims+scope+instructions+for+authors+APC
27,3-Q2,5,BMC Pediatrics,BMC PEDIATR,,1471-2431,2.3,2.6,Q2,55/190,Q1,Q1,1.1,71.3,1052.0,16296.0,PEDIATRICS,PEDIATRICS(JIF Q2/JCI Q1),BMC,BMC,是,SCIE,全OA,"约 USD 1,990-2,890（旗舰刊更高）",高,https://www.biomedcentral.com/getpublished/article-processing-charges,https://www.google.com/search?q=BMC+Pediatrics+aims+scope+instructions+for+authors+APC
28,3-Q2,5,PLOS Global Public Health,PLOS GLOB PUBL HLTH,,2767-3375,2.8,3.0,Q2,149/443,Q2,Q2,0.79,66.5,1007.0,9042.0,"PUBLIC, ENVIRONMENTAL & OCCUPATIONAL HEALTH","PUBLIC, ENVIRONMENTAL & OCCUPATIONAL HEALTH(JIF Q2/JCI Q2)",PUBLIC LIBRARY SCIENCE,PLOS,否,ESCI,全OA,专科刊费用因刊而异或走CAP；PLoS One已拉黑,高,https://plos.org/publish/fees/,https://www.google.com/search?q=PLOS+Global+Public+Health+aims+scope+instructions+for+authors+APC
29,3-Q2,5,Brain Sciences,BRAIN SCI,,2076-3425,3.4,3.6,Q2,98/296,Q2,Q2,0.74,67.1,967.0,29922.0,CLINICAL NEUROLOGY; NEUROSCIENCES,CLINICAL NEUROLOGY(JIF Q2/JCI Q2) | NEUROSCIENCES(JIF Q2/JCI Q3),MDPI,MDPI,是,SCIE,全OA,"约 CHF 1,600-2,900（如 JCM=CHF 2,600）",高,https://www.mdpi.com/about/apc,https://www.google.com/search?q=Brain+Sciences+aims+scope+instructions+for+authors+APC
30,3-Q2,5,Vaccines,VACCINES-BASEL,,2076-393X,3.5,3.5,Q2,82/191,Q2,Q2,0.72,57.3,959.0,29837.0,"IMMUNOLOGY; MEDICINE, RESEARCH & EXPERIMENTAL","IMMUNOLOGY(JIF Q2/JCI Q2) | MEDICINE, RESEARCH & EXPERIMENTAL(JIF Q2/JCI Q2)",MDPI,MDPI,是,SCIE,全OA,"约 CHF 1,600-2,900（如 JCM=CHF 2,600）",高,https://www.mdpi.com/about/apc,https://www.google.com/search?q=Vaccines+aims+scope+instructions+for+authors+APC
31,3-Q2,5,BMC Cardiovascular Disorders,BMC CARDIOVASC DISOR,1471-2261,1471-2261,3.1,2.8,Q2,91/237,Q2,Q2,0.67,61.8,882.0,12608.0,CARDIAC & CARDIOVASCULAR SYSTEMS,CARDIAC & CARDIOVASCULAR SYSTEMS(JIF Q2/JCI Q2),BMC,BMC,是,SCIE,全OA,"约 USD 1,990-2,890（旗舰刊更高）",高,https://www.biomedcentral.com/getpublished/article-processing-charges,https://www.google.com/search?q=BMC+Cardiovascular+Disorders+aims+scope+instructions+for+authors+APC
32,3-Q2,5,BMC GASTROENTEROLOGY,BMC GASTROENTEROL,,1471-230X,3.2,3.1,Q2,63/153,Q2,Q2,0.69,59.2,870.0,13100.0,GASTROENTEROLOGY & HEPATOLOGY,GASTROENTEROLOGY & HEPATOLOGY(JIF Q2/JCI Q2),BMC,BMC,是,SCIE,全OA,"约 USD 1,990-2,890（旗舰刊更高）",高,https://www.biomedcentral.com/getpublished/article-processing-charges,https://www.google.com/search?q=BMC+GASTROENTEROLOGY+aims+scope+instructions+for+authors+APC
33,3-Q2,5,Frontiers in Surgery,FRONT SURG,2296-875X,2296-875X,1.9,2.1,Q2,145/321,Q2,Q2,0.76,55.0,802.0,10614.0,SURGERY,SURGERY(JIF Q2/JCI Q2),FRONTIERS MEDIA SA,Frontiers,是,SCIE,全OA,"约 CHF 1,495-3,150（Frontiers in Medicine A类=CHF 3,150）",高,https://www.frontiersin.org/about/fee-policy,https://www.google.com/search?q=Frontiers+in+Surgery+aims+scope+instructions+for+authors+APC
34,3-Q2,5,Frontiers in Genetics,FRONT GENET,,1664-8021,3.0,3.3,Q2,80/192,Q2,Q2,0.71,58.6,795.0,48362.0,GENETICS & HEREDITY,GENETICS & HEREDITY(JIF Q2/JCI Q2),FRONTIERS MEDIA SA,Frontiers,是,SCIE,全OA,"约 CHF 1,495-3,150（Frontiers in Medicine A类=CHF 3,150）",高,https://www.frontiersin.org/about/fee-policy,https://www.google.com/search?q=Frontiers+in+Genetics+aims+scope+instructions+for+authors+APC
35,3-Q2,5,Frontiers in Neuroscience,FRONT NEUROSCI-SWITZ,,1662-453X,4.0,4.5,Q2,109/330,Q2,Q2,0.77,67.1,782.0,63123.0,NEUROSCIENCES,NEUROSCIENCES(JIF Q2/JCI Q2),FRONTIERS MEDIA SA,Frontiers,是,SCIE,全OA,"约 CHF 1,495-3,150（Frontiers in Medicine A类=CHF 3,150）",高,https://www.frontiersin.org/about/fee-policy,https://www.google.com/search?q=Frontiers+in+Neuroscience+aims+scope+instructions+for+authors+APC
36,3-Q2,5,Journal of Fungi,J FUNGI,,2309-608X,4.3,4.8,Q2,6/33,Q2,Q2,0.95,66.2,776.0,26333.0,MICROBIOLOGY,MICROBIOLOGY(JIF Q2/JCI Q2),MDPI,MDPI,是,SCIE,全OA,"约 CHF 1,600-2,900（如 JCM=CHF 2,600）",高,https://www.mdpi.com/about/apc,https://www.google.com/search?q=Journal+of+Fungi+aims+scope+instructions+for+authors+APC
37,3-Q2,5,Biomimetics,BIOMIMETICS-BASEL,,2313-7673,4.2,4.3,Q2,36/178,Q2,Q2,0.74,52.6,745.0,8923.0,"MATERIALS SCIENCE, BIOMATERIALS","MATERIALS SCIENCE, BIOMATERIALS(JIF Q2/JCI Q2)",MDPI,MDPI,是,SCIE,全OA,"约 CHF 1,600-2,900（如 JCM=CHF 2,600）",高,https://www.mdpi.com/about/apc,https://www.google.com/search?q=Biomimetics+aims+scope+instructions+for+authors+APC
38,3-Q2,5,CURRENT ISSUES IN MOLECULAR BIOLOGY,CURR ISSUES MOL BIOL,1467-3037,1467-3045,4.1,3.9,Q2,130/328,Q3,Q3,0.54,60.5,731.0,10319.0,BIOCHEMISTRY & MOLECULAR BIOLOGY,BIOCHEMISTRY & MOLECULAR BIOLOGY(JIF Q2/JCI Q3),MDPI,MDPI,是,SCIE,全OA,"约 CHF 1,600-2,900（如 JCM=CHF 2,600）",高,https://www.mdpi.com/about/apc,https://www.google.com/search?q=CURRENT+ISSUES+IN+MOLECULAR+BIOLOGY+aims+scope+instructions+for+authors+APC
39,3-Q2,5,BMC Nephrology,BMC NEPHROL,,1471-2369,2.9,3.0,Q2,44/134,Q2,Q2,0.94,67.5,730.0,12594.0,UROLOGY & NEPHROLOGY,UROLOGY & NEPHROLOGY(JIF Q2/JCI Q2),BMC,BMC,是,SCIE,全OA,"约 USD 1,990-2,890（旗舰刊更高）",高,https://www.biomedcentral.com/getpublished/article-processing-charges,https://www.google.com/search?q=BMC+Nephrology+aims+scope+instructions+for+authors+APC
40,3-Q2,5,Frontiers in Sports and Active Living,FRONT SPORTS ACT LIV,,2624-9367,3.0,3.3,Q2,38/136,Q2,Q2,0.91,72.4,668.0,7144.0,SPORT SCIENCES,SPORT SCIENCES(JIF Q2/JCI Q2),FRONTIERS MEDIA SA,Frontiers,否,ESCI,全OA,"约 CHF 1,495-3,150（Frontiers in Medicine A类=CHF 3,150）",高,https://www.frontiersin.org/about/fee-policy,https://www.google.com/search?q=Frontiers+in+Sports+and+Active+Living+aims+scope+instructions+for+authors+APC
41,3-Q2,5,Metabolites,METABOLITES,,2218-1989,4.5,4.5,Q2,103/328,Q2,Q2,0.66,68.8,651.0,24545.0,BIOCHEMISTRY & MOLECULAR BIOLOGY,BIOCHEMISTRY & MOLECULAR BIOLOGY(JIF Q2/JCI Q2),MDPI,MDPI,是,SCIE,全OA,"约 CHF 1,600-2,900（如 JCM=CHF 2,600）",高,https://www.mdpi.com/about/apc,https://www.google.com/search?q=Metabolites+aims+scope+instructions+for+authors+APC
42,3-Q2,5,BMC Anesthesiology,BMC ANESTHESIOL,1471-2253,1471-2253,3.2,3.2,Q2,21/72,Q1,Q1,1.18,71.5,625.0,8786.0,ANESTHESIOLOGY,ANESTHESIOLOGY(JIF Q2/JCI Q1),BMC,BMC,是,SCIE,全OA,"约 USD 1,990-2,890（旗舰刊更高）",高,https://www.biomedcentral.com/getpublished/article-processing-charges,https://www.google.com/search?q=BMC+Anesthesiology+aims+scope+instructions+for+authors+APC
43,3-Q2,5,BMC Surgery,BMC SURG,,1471-2482,2.4,2.2,Q2,95/321,Q2,Q2,0.96,70.6,621.0,6780.0,SURGERY,SURGERY(JIF Q2/JCI Q2),BMC,BMC,是,SCIE,全OA,"约 USD 1,990-2,890（旗舰刊更高）",高,https://www.biomedcentral.com/getpublished/article-processing-charges,https://www.google.com/search?q=BMC+Surgery+aims+scope+instructions+for+authors+APC
44,3-Q2,5,Fermentation-Basel,FERMENTATION-BASEL,,2311-5637,4.1,4.3,Q2,69/180,Q2,Q2,0.7,61.9,615.0,14377.0,BIOTECHNOLOGY & APPLIED MICROBIOLOGY,BIOTECHNOLOGY & APPLIED MICROBIOLOGY(JIF Q2/JCI Q2),MDPI,MDPI,是,SCIE,全OA,"约 CHF 1,600-2,900（如 JCM=CHF 2,600）",高,https://www.mdpi.com/about/apc,https://www.google.com/search?q=Fermentation-Basel+aims+scope+instructions+for+authors+APC
45,3-Q2,5,Frontiers in Cell and Developmental Biology,FRONT CELL DEV BIOL,2296-634X,2296-634X,5.3,5.7,Q2,6/39,Q2,Q2,0.77,64.0,575.0,62234.0,CELL BIOLOGY,CELL BIOLOGY(JIF Q2/JCI Q2),FRONTIERS MEDIA SA,Frontiers,是,SCIE,全OA,"约 CHF 1,495-3,150（Frontiers in Medicine A类=CHF 3,150）",高,https://www.frontiersin.org/about/fee-policy,https://www.google.com/search?q=Frontiers+in+Cell+and+Developmental+Biology+aims+scope+instructions+for+authors+APC
46,3-Q2,5,BMC Pulmonary Medicine,BMC PULM MED,1471-2466,1471-2466,3.1,3.2,Q2,45/107,Q2,Q2,0.82,58.4,562.0,11841.0,RESPIRATORY SYSTEM,RESPIRATORY SYSTEM(JIF Q2/JCI Q2),BMC,BMC,是,SCIE,全OA,"约 USD 1,990-2,890（旗舰刊更高）",高,https://www.biomedcentral.com/getpublished/article-processing-charges,https://www.google.com/search?q=BMC+Pulmonary+Medicine+aims+scope+instructions+for+authors+APC
47,3-Q2,5,Orphanet Journal of Rare Diseases,ORPHANET J RARE DIS,,1750-1172,3.6,4.2,Q2,61/192,Q2,Q2,0.79,68.5,538.0,17760.0,"GENETICS & HEREDITY; MEDICINE, RESEARCH & EXPERIMENTAL","GENETICS & HEREDITY(JIF Q2/JCI Q2) | MEDICINE, RESEARCH & EXPERIMENTAL(JIF Q2/JCI Q2)",BMC,BMC,是,SCIE,全OA,"约 USD 1,990-2,890（旗舰刊更高）",高,https://www.biomedcentral.com/getpublished/article-processing-charges,https://www.google.com/search?q=Orphanet+Journal+of+Rare+Diseases+aims+scope+instructions+for+authors+APC
48,3-Q2,5,Heritage,HERITAGE-BASEL,2571-9408,2571-9408,2.6,2.5,Q2,52/140,Q1,Q1,3.01,63.2,518.0,3820.0,MULTIDISCIPLINARY SCIENCES,MULTIDISCIPLINARY SCIENCES(JIF Q2/JCI Q1),MDPI,MDPI,否,ESCI,全OA,"约 CHF 1,600-2,900（如 JCM=CHF 2,600）",高,https://www.mdpi.com/about/apc,https://www.google.com/search?q=Heritage+aims+scope+instructions+for+authors+APC
49,3-Q2,5,Current Oncology,CURR ONCOL,1198-0052,1718-7729,3.6,3.6,Q2,132/333,Q3,Q3,0.61,60.5,516.0,12046.0,ONCOLOGY,ONCOLOGY(JIF Q2/JCI Q3),MDPI,MDPI,是,SCIE,全OA,"约 CHF 1,600-2,900（如 JCM=CHF 2,600）",高,https://www.mdpi.com/about/apc,https://www.google.com/search?q=Current+Oncology+aims+scope+instructions+for+authors+APC
50,3-Q2,4,Annals of Medicine and Surgery,ANN MED SURG,2049-0801,2049-0801,1.6,1.8,Q2,139/336,Q2,Q2,0.46,58.8,1166.0,10784.0,"MEDICINE, GENERAL & INTERNAL","MEDICINE, GENERAL & INTERNAL(JIF Q2/JCI Q2)",LIPPINCOTT WILLIAMS & WILKINS,Wolters Kluwer/LWW,否,ESCI,混合为主,"订阅路线通常无APC；OA常见 USD 2,000-4,000；MEDICINE已拉黑",中,https://wkauthorservices.editage.com/open-access/,https://www.google.com/search?q=Annals+of+Medicine+and+Surgery+aims+scope+instructions+for+authors+APC
51,3-Q2,4,JOURNAL OF BIOLOGICAL CHEMISTRY,J BIOL CHEM,0021-9258,1083-351X,4.1,4.5,Q2,130/328,Q2,Q2,0.77,60.5,1153.0,277700.0,BIOCHEMISTRY & MOLECULAR BIOLOGY,BIOCHEMISTRY & MOLECULAR BIOLOGY(JIF Q2/JCI Q2),ELSEVIER,Elsevier,是,SCIE,混合为主,"订阅路线通常无APC；Gold OA常见 USD 2,200-4,200",中,https://www.elsevier.com/open-access/agreements,https://www.google.com/search?q=JOURNAL+OF+BIOLOGICAL+CHEMISTRY+aims+scope+instructions+for+authors+APC
52,3-Q2,4,BIOORGANIC CHEMISTRY,BIOORG CHEM,0045-2068,1090-2120,5.1,4.8,Q2,4/58,Q1,Q1,1.16,74.8,1111.0,28462.0,BIOCHEMISTRY & MOLECULAR BIOLOGY,BIOCHEMISTRY & MOLECULAR BIOLOGY(JIF Q2/JCI Q1),ACADEMIC PRESS INC ELSEVIER SCIENCE,Elsevier,是,SCIE,混合为主,"订阅路线通常无APC；Gold OA常见 USD 2,200-4,200",中,https://www.elsevier.com/open-access/agreements,https://www.google.com/search?q=BIOORGANIC+CHEMISTRY+aims+scope+instructions+for+authors+APC
53,3-Q2,4,Data in Brief,DATA BRIEF,2352-3409,2352-3409,1.9,1.5,Q2,64/140,Q3,Q3,0.38,54.6,1083.0,13493.0,MULTIDISCIPLINARY SCIENCES,MULTIDISCIPLINARY SCIENCES(JIF Q2/JCI Q3),ELSEVIER,Elsevier,否,ESCI,混合为主,"订阅路线通常无APC；Gold OA常见 USD 2,200-4,200",中,https://www.elsevier.com/open-access/agreements,https://www.google.com/search?q=Data+in+Brief+aims+scope+instructions+for+authors+APC
54,3-Q2,4,ARABIAN JOURNAL FOR SCIENCE AND ENGINEERING,ARAB J SCI ENG,2193-567X,2191-4281,3.1,2.9,Q2,41/140,Q2,Q2,0.55,71.1,1030.0,22382.0,MULTIDISCIPLINARY SCIENCES,MULTIDISCIPLINARY SCIENCES(JIF Q2/JCI Q2),SPRINGER HEIDELBERG,Springer,是,SCIE,混合为主,"订阅路线通常无APC；选OA约 USD 2,790-4,290",中,https://www.springer.com/gp/open-access,https://www.google.com/search?q=ARABIAN+JOURNAL+FOR+SCIENCE+AND+ENGINEERING+aims+scope+instructions+for+authors+APC
55,3-Q2,4,Vaccine,VACCINE,0264-410X,1873-2518,3.4,3.5,Q2,85/191,Q2,Q2,0.83,55.8,1023.0,48580.0,"IMMUNOLOGY; MEDICINE, RESEARCH & EXPERIMENTAL","IMMUNOLOGY(JIF Q3/JCI Q2) | MEDICINE, RESEARCH & EXPERIMENTAL(JIF Q2/JCI Q2)",ELSEVIER SCI LTD,Elsevier,是,SCIE,混合为主,"订阅路线通常无APC；Gold OA常见 USD 2,200-4,200",中,https://www.elsevier.com/open-access/agreements,https://www.google.com/search?q=Vaccine+aims+scope+instructions+for+authors+APC
56,3-Q2,4,Journal of Inflammation Research,J INFLAMM RES,,1178-7031,4.6,5.1,Q2,58/183,Q2,Q2,0.85,68.6,984.0,14066.0,IMMUNOLOGY,IMMUNOLOGY(JIF Q2/JCI Q2),DOVE MEDICAL PRESS LTD,其他,是,SCIE,需核实,请查期刊官网 Author / Open Access 页面,未知,,https://www.google.com/search?q=Journal+of+Inflammation+Research+aims+scope+instructions+for+authors+APC
57,3-Q2,4,JMIR Formative Research,JMIR FORM RES,,2561-326X,2.4,2.8,Q2,97/194,Q3,Q3,0.67,50.3,908.0,8816.0,HEALTH CARE SCIENCES & SERVICES; MEDICAL INFORMATICS,HEALTH CARE SCIENCES & SERVICES(JIF Q2/JCI Q3) | MEDICAL INFORMATICS(JIF Q3/JCI Q3),"JMIR PUBLICATIONS, INC",其他,否,ESCI,需核实,请查期刊官网 Author / Open Access 页面,未知,,https://www.google.com/search?q=JMIR+Formative+Research+aims+scope+instructions+for+authors+APC
58,3-Q2,4,MICROBIAL PATHOGENESIS,MICROB PATHOGENESIS,0882-4010,1096-1208,3.9,3.9,Q2,71/167,Q2,Q2,0.86,57.8,883.0,20693.0,IMMUNOLOGY; MICROBIOLOGY,IMMUNOLOGY(JIF Q2/JCI Q2) | MICROBIOLOGY(JIF Q2/JCI Q2),ACADEMIC PRESS LTD- ELSEVIER SCIENCE LTD,Elsevier,是,SCIE,混合为主,"订阅路线通常无APC；Gold OA常见 USD 2,200-4,200",中,https://www.elsevier.com/open-access/agreements,https://www.google.com/search?q=MICROBIAL+PATHOGENESIS+aims+scope+instructions+for+authors+APC
59,3-Q2,4,Quantitative Imaging in Medicine and Surgery,QUANT IMAG MED SURG,2223-4292,2223-4306,2.8,3.0,Q2,80/217,Q2,Q2,0.78,63.4,879.0,8895.0,"RADIOLOGY, NUCLEAR MEDICINE & MEDICAL IMAGING","RADIOLOGY, NUCLEAR MEDICINE & MEDICAL IMAGING(JIF Q2/JCI Q2)",AME PUBLISHING COMPANY,其他,是,SCIE,需核实,请查期刊官网 Author / Open Access 页面,未知,,https://www.google.com/search?q=Quantitative+Imaging+in+Medicine+and+Surgery+aims+scope+instructions+for+authors+APC
60,3-Q2,4,Plastic and Reconstructive Surgery-Global Open,PRS-GLOB OPEN,2169-7574,2169-7574,1.9,2.1,Q2,145/321,Q2,Q2,0.78,55.0,855.0,10824.0,SURGERY,SURGERY(JIF Q2/JCI Q2),LIPPINCOTT WILLIAMS & WILKINS,Wolters Kluwer/LWW,否,ESCI,混合为主,"订阅路线通常无APC；OA常见 USD 2,000-4,000；MEDICINE已拉黑",中,https://wkauthorservices.editage.com/open-access/,https://www.google.com/search?q=Plastic+and+Reconstructive+Surgery-Global+Open+aims+scope+instructions+for+authors+APC
61,3-Q2,4,NAUNYN-SCHMIEDEBERGS ARCHIVES OF PHARMACOLOGY,N-S ARCH PHARMACOL,0028-1298,1432-1912,4.0,3.8,Q2,109/356,Q2,Q2,0.79,69.5,833.0,12190.0,PHARMACOLOGY & PHARMACY,PHARMACOLOGY & PHARMACY(JIF Q2/JCI Q2),SPRINGER,Springer,是,SCIE,混合为主,"订阅路线通常无APC；选OA约 USD 2,790-4,290",中,https://www.springer.com/gp/open-access,https://www.google.com/search?q=NAUNYN-SCHMIEDEBERGS+ARCHIVES+OF+PHARMACOLOGY+aims+scope+instructions+for+authors+APC
62,3-Q2,4,Journal of Materials Chemistry B,J MATER CHEM B,2050-750X,2050-7518,6.2,6.3,Q2,16/58,Q2,Q2,0.82,73.3,795.0,46873.0,"MATERIALS SCIENCE, BIOMATERIALS","MATERIALS SCIENCE, BIOMATERIALS(JIF Q2/JCI Q2)",ROYAL SOC CHEMISTRY,其他,是,SCIE,需核实,请查期刊官网 Author / Open Access 页面,未知,,https://www.google.com/search?q=Journal+of+Materials+Chemistry+B+aims+scope+instructions+for+authors+APC
63,3-Q2,4,Cancer Medicine,CANCER MED-US,2045-7634,2045-7634,3.5,3.6,Q2,142/333,Q2,Q2,0.67,57.5,785.0,26559.0,ONCOLOGY,ONCOLOGY(JIF Q2/JCI Q2),WILEY,Wiley,是,SCIE,混合为主,"订阅路线通常无APC；OnlineOpen常见 USD 3,200-4,700",中,https://authorservices.wiley.com/author-resources/Journal-Authors/open-access/article-publication-charges.html,https://www.google.com/search?q=Cancer+Medicine+aims+scope+instructions+for+authors+APC
64,3-Q2,4,ACS Applied Bio Materials,ACS APPL BIO MATER,2576-6422,2576-6422,5.6,4.9,Q2,21/58,Q2,Q2,0.67,64.7,770.0,20533.0,"MATERIALS SCIENCE, BIOMATERIALS","MATERIALS SCIENCE, BIOMATERIALS(JIF Q2/JCI Q2)",AMER CHEMICAL SOC,其他,否,ESCI,需核实,请查期刊官网 Author / Open Access 页面,未知,,https://www.google.com/search?q=ACS+Applied+Bio+Materials+aims+scope+instructions+for+authors+APC
65,3-Q2,4,COLLOIDS AND SURFACES B-BIOINTERFACES,COLLOID SURFACE B,0927-7765,1873-4367,5.9,5.7,Q2,8/81,Q1,Q1,1.1,68.1,762.0,43387.0,"MATERIALS SCIENCE, BIOMATERIALS","MATERIALS SCIENCE, BIOMATERIALS(JIF Q2/JCI Q1)",ELSEVIER,Elsevier,是,SCIE,混合为主,"订阅路线通常无APC；Gold OA常见 USD 2,200-4,200",中,https://www.elsevier.com/open-access/agreements,https://www.google.com/search?q=COLLOIDS+AND+SURFACES+B-BIOINTERFACES+aims+scope+instructions+for+authors+APC
66,3-Q2,4,MARINE ENVIRONMENTAL RESEARCH,MAR ENVIRON RES,0141-1136,1879-0291,3.4,3.6,Q2,21/124,Q2,Q1,0.9,59.0,760.0,12336.0,TOXICOLOGY,TOXICOLOGY(JIF Q2/JCI Q2),ELSEVIER SCI LTD,Elsevier,是,SCIE,混合为主,"订阅路线通常无APC；Gold OA常见 USD 2,200-4,200",中,https://www.elsevier.com/open-access/agreements,https://www.google.com/search?q=MARINE+ENVIRONMENTAL+RESEARCH+aims+scope+instructions+for+authors+APC
67,3-Q2,4,JOURNAL OF ALZHEIMERS DISEASE,J ALZHEIMERS DIS,1387-2877,1875-8908,3.4,4.1,Q2,144/330,Q2,Q2,0.77,56.5,755.0,40756.0,NEUROSCIENCES,NEUROSCIENCES(JIF Q2/JCI Q2),SAGE PUBLICATIONS LTD,SAGE,是,SCIE,混合为主,"订阅路线通常无APC；SAGE Choice常见 USD 2,000-4,000",中,https://us.sagepub.com/en-us/nam/sage-choice,https://www.google.com/search?q=JOURNAL+OF+ALZHEIMERS+DISEASE+aims+scope+instructions+for+authors+APC
68,3-Q2,4,MEDICAL PHYSICS,MED PHYS,0094-2405,2473-4209,3.2,3.7,Q2,64/217,Q2,Q2,0.96,70.7,706.0,33984.0,"RADIOLOGY, NUCLEAR MEDICINE & MEDICAL IMAGING","RADIOLOGY, NUCLEAR MEDICINE & MEDICAL IMAGING(JIF Q2/JCI Q2)",WILEY,Wiley,是,SCIE,混合为主,"订阅路线通常无APC；OnlineOpen常见 USD 3,200-4,700",中,https://authorservices.wiley.com/author-resources/Journal-Authors/open-access/article-publication-charges.html,https://www.google.com/search?q=MEDICAL+PHYSICS+aims+scope+instructions+for+authors+APC
69,3-Q2,4,FISH & SHELLFISH IMMUNOLOGY,FISH SHELLFISH IMMUN,1050-4648,1095-9947,4.2,4.4,Q2,8/170,Q1,Q1,1.51,64.2,705.0,34738.0,IMMUNOLOGY,IMMUNOLOGY(JIF Q2/JCI Q1),ACADEMIC PRESS LTD- ELSEVIER SCIENCE LTD,Elsevier,是,SCIE,混合为主,"订阅路线通常无APC；Gold OA常见 USD 2,200-4,200",中,https://www.elsevier.com/open-access/agreements,https://www.google.com/search?q=FISH+&+SHELLFISH+IMMUNOLOGY+aims+scope+instructions+for+authors+APC
70,3-Q2,4,World Neurosurgery,WORLD NEUROSURG,1878-8750,1878-8769,2.0,2.1,Q2,137/321,Q2,Q2,0.72,57.5,677.0,33372.0,CLINICAL NEUROLOGY; SURGERY,CLINICAL NEUROLOGY(JIF Q3/JCI Q3) | SURGERY(JIF Q2/JCI Q2),ELSEVIER SCIENCE INC,Elsevier,是,SCIE,混合为主,"订阅路线通常无APC；Gold OA常见 USD 2,200-4,200",中,https://www.elsevier.com/open-access/agreements,https://www.google.com/search?q=World+Neurosurgery+aims+scope+instructions+for+authors+APC
71,3-Q2,4,Open Forum Infectious Diseases,OPEN FORUM INFECT DI,2328-8957,2328-8957,3.8,3.5,Q2,41/141,Q2,Q2,0.83,71.3,674.0,16649.0,IMMUNOLOGY; INFECTIOUS DISEASES; MICROBIOLOGY,IMMUNOLOGY(JIF Q2/JCI Q2) | INFECTIOUS DISEASES(JIF Q2/JCI Q2) | MICROBIOLOGY(JIF Q2/JCI Q2),OXFORD UNIV PRESS INC,Oxford UP,是,SCIE,混合为主,订阅路线通常无APC；可选OA，费用因刊而异,中,https://academic.oup.com/pages/open-research/open-access,https://www.google.com/search?q=Open+Forum+Infectious+Diseases+aims+scope+instructions+for+authors+APC
72,3-Q2,4,JOURNAL OF NEUROSCIENCE,J NEUROSCI,0270-6474,1529-2401,4.3,5.1,Q2,98/330,Q1,Q1,1.12,70.5,656.0,140425.0,NEUROSCIENCES,NEUROSCIENCES(JIF Q2/JCI Q1),SOC NEUROSCIENCE,其他,是,SCIE,需核实,请查期刊官网 Author / Open Access 页面,未知,,https://www.google.com/search?q=JOURNAL+OF+NEUROSCIENCE+aims+scope+instructions+for+authors+APC
73,3-Q2,4,Royal Society Open Science,ROY SOC OPEN SCI,2054-5703,2054-5703,3.0,3.3,Q2,43/140,Q1,Q1,0.9,69.6,637.0,20601.0,MULTIDISCIPLINARY SCIENCES,MULTIDISCIPLINARY SCIENCES(JIF Q2/JCI Q1),ROYAL SOC,其他,是,SCIE,需核实,请查期刊官网 Author / Open Access 页面,未知,,https://www.google.com/search?q=Royal+Society+Open+Science+aims+scope+instructions+for+authors+APC
74,3-Q2,4,CELLULAR SIGNALLING,CELL SIGNAL,0898-6568,1873-3913,4.7,5.0,Q2,86/207,Q2,Q2,0.69,58.7,617.0,17659.0,CELL BIOLOGY,CELL BIOLOGY(JIF Q2/JCI Q2),ELSEVIER SCIENCE INC,Elsevier,是,SCIE,混合为主,"订阅路线通常无APC；Gold OA常见 USD 2,200-4,200",中,https://www.elsevier.com/open-access/agreements,https://www.google.com/search?q=CELLULAR+SIGNALLING+aims+scope+instructions+for+authors+APC
75,3-Q2,4,JOURNAL OF PSYCHIATRIC RESEARCH,J PSYCHIATR RES,0022-3956,1879-1379,3.6,4.3,Q2,84/293,Q2,Q2,0.98,71.5,616.0,27473.0,PSYCHIATRY,PSYCHIATRY(JIF Q2/JCI Q2),PERGAMON-ELSEVIER SCIENCE LTD,Elsevier,是,"SCIE, SSCI",混合为主,"订阅路线通常无APC；Gold OA常见 USD 2,200-4,200",中,https://www.elsevier.com/open-access/agreements,https://www.google.com/search?q=JOURNAL+OF+PSYCHIATRIC+RESEARCH+aims+scope+instructions+for+authors+APC
76,3-Q2,4,MethodsX,METHODSX,,2215-0161,2.9,2.7,Q2,44/140,Q2,Q2,0.56,68.9,595.0,8321.0,MULTIDISCIPLINARY SCIENCES,MULTIDISCIPLINARY SCIENCES(JIF Q2/JCI Q2),ELSEVIER,Elsevier,否,ESCI,混合为主,"订阅路线通常无APC；Gold OA常见 USD 2,200-4,200",中,https://www.elsevier.com/open-access/agreements,https://www.google.com/search?q=MethodsX+aims+scope+instructions+for+authors+APC
77,3-Q2,4,LARYNGOSCOPE,LARYNGOSCOPE,0023-852X,1531-4995,2.0,2.3,Q2,17/67,Q2,Q2,0.78,75.4,594.0,28121.0,"MEDICINE, RESEARCH & EXPERIMENTAL; OTORHINOLARYNGOLOGY","MEDICINE, RESEARCH & EXPERIMENTAL(JIF Q3/JCI Q2) | OTORHINOLARYNGOLOGY(JIF Q2/JCI Q2)",WILEY,Wiley,是,SCIE,混合为主,"订阅路线通常无APC；OnlineOpen常见 USD 3,200-4,700",中,https://authorservices.wiley.com/author-resources/Journal-Authors/open-access/article-publication-charges.html,https://www.google.com/search?q=LARYNGOSCOPE+aims+scope+instructions+for+authors+APC
78,3-Q2,4,APPLIED AND ENVIRONMENTAL MICROBIOLOGY,APPL ENVIRON MICROB,0099-2240,1098-5336,4.2,4.8,Q2,65/180,Q1,Q1,0.94,64.2,586.0,90637.0,BIOTECHNOLOGY & APPLIED MICROBIOLOGY; MICROBIOLOGY,BIOTECHNOLOGY & APPLIED MICROBIOLOGY(JIF Q2/JCI Q1) | MICROBIOLOGY(JIF Q2/JCI Q2),AMER SOC MICROBIOLOGY,其他,是,SCIE,需核实,请查期刊官网 Author / Open Access 页面,未知,,https://www.google.com/search?q=APPLIED+AND+ENVIRONMENTAL+MICROBIOLOGY+aims+scope+instructions+for+authors+APC
79,3-Q2,4,NEUROSCIENCE,NEUROSCIENCE,0306-4522,1873-7544,3.3,3.2,Q2,156/330,Q3,Q3,0.71,52.9,578.0,39045.0,NEUROSCIENCES,NEUROSCIENCES(JIF Q2/JCI Q3),PERGAMON-ELSEVIER SCIENCE LTD,Elsevier,是,SCIE,混合为主,"订阅路线通常无APC；Gold OA常见 USD 2,200-4,200",中,https://www.elsevier.com/open-access/agreements,https://www.google.com/search?q=NEUROSCIENCE+aims+scope+instructions+for+authors+APC
80,3-Q2,4,JOURNAL OF CELLULAR AND MOLECULAR MEDICINE,J CELL MOL MED,1582-1838,1582-4934,4.7,4.8,Q2,56/191,Q2,Q2,0.8,70.9,547.0,31945.0,"CELL BIOLOGY; MEDICINE, RESEARCH & EXPERIMENTAL","CELL BIOLOGY(JIF Q2/JCI Q2) | MEDICINE, RESEARCH & EXPERIMENTAL(JIF Q2/JCI Q2)",WILEY,Wiley,是,SCIE,混合为主,"订阅路线通常无APC；OnlineOpen常见 USD 3,200-4,700",中,https://authorservices.wiley.com/author-resources/Journal-Authors/open-access/article-publication-charges.html,https://www.google.com/search?q=JOURNAL+OF+CELLULAR+AND+MOLECULAR+MEDICINE+aims+scope+instructions+for+authors+APC
81,3-Q2,4,INTERNATIONAL JOURNAL OF GYNECOLOGY & OBSTETRICS,INT J GYNECOL OBSTET,0020-7292,1879-3479,2.7,3.0,Q2,43/143,Q2,Q2,0.91,70.3,545.0,15108.0,OBSTETRICS & GYNECOLOGY,OBSTETRICS & GYNECOLOGY(JIF Q2/JCI Q2),WILEY,Wiley,是,SCIE,混合为主,"订阅路线通常无APC；OnlineOpen常见 USD 3,200-4,700",中,https://authorservices.wiley.com/author-resources/Journal-Authors/open-access/article-publication-charges.html,https://www.google.com/search?q=INTERNATIONAL+JOURNAL+OF+GYNECOLOGY+&+OBSTETRICS+aims+scope+instructions+for+authors+APC
82,3-Q2,4,BMC Research Notes,BMC RES NOTES,,1756-0500,1.7,1.9,Q2,67/140,Q2,Q2,0.44,52.5,541.0,16348.0,MULTIDISCIPLINARY SCIENCES,MULTIDISCIPLINARY SCIENCES(JIF Q2/JCI Q2),SPRINGERNATURE,Springer Nature,否,ESCI,混合/全OA,"全OA约 USD 2,090-3,490；Nature系更高；Scientific Reports已拉黑",中高,https://www.springernature.com/gp/open-research/journals-books/journals,https://www.google.com/search?q=BMC+Research+Notes+aims+scope+instructions+for+authors+APC
83,3-Q2,4,Fitoterapia,FITOTERAPIA,0367-326X,1873-6971,2.9,2.9,Q2,18/48,Q2,Q2,0.65,63.5,538.0,12475.0,"CHEMISTRY, MEDICINAL; INTEGRATIVE & COMPLEMENTARY MEDICINE; PHARMACOLOGY & PHARMACY","CHEMISTRY, MEDICINAL(JIF Q3/JCI Q3) | INTEGRATIVE & COMPLEMENTARY MEDICINE(JIF Q2/JCI Q2) | PHARMACOLOGY & PHARMACY(JIF Q2/JCI Q2)",ELSEVIER,Elsevier,是,SCIE,混合为主,"订阅路线通常无APC；Gold OA常见 USD 2,200-4,200",中,https://www.elsevier.com/open-access/agreements,https://www.google.com/search?q=Fitoterapia+aims+scope+instructions+for+authors+APC
84,3-Q2,4,Infection and Drug Resistance,INFECT DRUG RESIST,1178-6973,1178-6973,3.2,3.5,Q2,55/141,Q2,Q2,0.75,61.3,534.0,13756.0,INFECTIOUS DISEASES; PHARMACOLOGY & PHARMACY,INFECTIOUS DISEASES(JIF Q2/JCI Q2) | PHARMACOLOGY & PHARMACY(JIF Q2/JCI Q2),DOVE MEDICAL PRESS LTD,其他,是,SCIE,需核实,请查期刊官网 Author / Open Access 页面,未知,,https://www.google.com/search?q=Infection+and+Drug+Resistance+aims+scope+instructions+for+authors+APC
85,3-Q2,4,International Journal of General Medicine,INT J GEN MED,,1178-7074,2.3,2.4,Q2,99/336,Q2,Q2,0.59,70.7,534.0,8755.0,"MEDICINE, GENERAL & INTERNAL","MEDICINE, GENERAL & INTERNAL(JIF Q2/JCI Q2)",DOVE MEDICAL PRESS LTD,其他,是,SCIE,需核实,请查期刊官网 Author / Open Access 页面,未知,,https://www.google.com/search?q=International+Journal+of+General+Medicine+aims+scope+instructions+for+authors+APC
86,3-Q2,4,PHYSICS IN MEDICINE AND BIOLOGY,PHYS MED BIOL,0031-9155,1361-6560,3.1,3.5,Q2,70/217,Q2,Q2,0.81,68.0,533.0,31197.0,"ENGINEERING, BIOMEDICAL; RADIOLOGY, NUCLEAR MEDICINE & MEDICAL IMAGING","ENGINEERING, BIOMEDICAL(JIF Q2/JCI Q2) | RADIOLOGY, NUCLEAR MEDICINE & MEDICAL IMAGING(JIF Q2/JCI Q2)",IOP Publishing Ltd,其他,是,SCIE,需核实,请查期刊官网 Author / Open Access 页面,未知,,https://www.google.com/search?q=PHYSICS+IN+MEDICINE+AND+BIOLOGY+aims+scope+instructions+for+authors+APC
87,3-Q2,4,Journal of Pharmaceutical and Biomedical Analysis,J PHARMACEUT BIOMED,0731-7085,1873-264X,3.4,3.3,Q2,143/356,Q2,Q2,0.82,60.0,530.0,26168.0,PHARMACOLOGY & PHARMACY,PHARMACOLOGY & PHARMACY(JIF Q2/JCI Q2),ELSEVIER,Elsevier,是,SCIE,混合为主,"订阅路线通常无APC；Gold OA常见 USD 2,200-4,200",中,https://www.elsevier.com/open-access/agreements,https://www.google.com/search?q=Journal+of+Pharmaceutical+and+Biomedical+Analysis+aims+scope+instructions+for+authors+APC
88,3-Q2,4,Pakistan Journal of Medical Sciences,PAK J MED SCI,1682-024X,1681-715X,1.6,1.7,Q2,139/336,Q2,Q2,0.46,58.8,522.0,6304.0,"MEDICINE, GENERAL & INTERNAL","MEDICINE, GENERAL & INTERNAL(JIF Q2/JCI Q2)",PROFESSIONAL MEDICAL PUBLICATIONS,其他,是,SCIE,需核实,请查期刊官网 Author / Open Access 页面,未知,,https://www.google.com/search?q=Pakistan+Journal+of+Medical+Sciences+aims+scope+instructions+for+authors+APC
89,3-Q2,4,JOURNAL OF MEDICAL VIROLOGY,J MED VIROL,0146-6615,1096-9071,3.7,3.8,Q2,16/44,Q1,Q1,1.09,64.8,515.0,18741.0,VIROLOGY,VIROLOGY(JIF Q2/JCI Q1),WILEY,Wiley,是,SCIE,混合为主,"订阅路线通常无APC；OnlineOpen常见 USD 3,200-4,700",中,https://authorservices.wiley.com/author-resources/Journal-Authors/open-access/article-publication-charges.html,https://www.google.com/search?q=JOURNAL+OF+MEDICAL+VIROLOGY+aims+scope+instructions+for+authors+APC
90,3-Q2,4,Pesticide Biochemistry and Physiology,PESTIC BIOCHEM PHYS,0048-3575,1095-9939,4.8,5.2,Q2,3/110,Q1,Q1,1.59,72.1,514.0,14203.0,BIOCHEMISTRY & MOLECULAR BIOLOGY,BIOCHEMISTRY & MOLECULAR BIOLOGY(JIF Q2/JCI Q1),ACADEMIC PRESS INC ELSEVIER SCIENCE,Elsevier,是,SCIE,混合为主,"订阅路线通常无APC；Gold OA常见 USD 2,200-4,200",中,https://www.elsevier.com/open-access/agreements,https://www.google.com/search?q=Pesticide+Biochemistry+and+Physiology+aims+scope+instructions+for+authors+APC
91,3-Q2,4,Computational and Structural Biotechnology Journal,COMPUT STRUCT BIOTEC,2001-0370,2001-0370,4.8,5.6,Q2,92/328,Q2,Q2,0.84,72.1,505.0,17146.0,BIOCHEMISTRY & MOLECULAR BIOLOGY,BIOCHEMISTRY & MOLECULAR BIOLOGY(JIF Q2/JCI Q2),ELSEVIER,Elsevier,是,SCIE,混合为主,"订阅路线通常无APC；Gold OA常见 USD 2,200-4,200",中,https://www.elsevier.com/open-access/agreements,https://www.google.com/search?q=Computational+and+Structural+Biotechnology+Journal+aims+scope+instructions+for+authors+APC
92,3-Q2,4,Toxins,TOXINS,,2072-6651,4.0,4.7,Q2,30/106,Q2,Q2,0.8,72.2,483.0,30338.0,TOXICOLOGY,TOXICOLOGY(JIF Q2/JCI Q2),MDPI,MDPI,是,SCIE,全OA,"约 CHF 1,600-2,900（如 JCM=CHF 2,600）",高,https://www.mdpi.com/about/apc,https://www.google.com/search?q=Toxins+aims+scope+instructions+for+authors+APC
93,3-Q2,4,BMC Medical Informatics and Decision Making,BMC MED INFORM DECIS,,1472-6947,5.5,5.4,Q2,15/54,Q2,Q2,0.99,73.1,437.0,15980.0,MEDICAL INFORMATICS,MEDICAL INFORMATICS(JIF Q2/JCI Q2),BMC,BMC,是,SCIE,全OA,"约 USD 1,990-2,890（旗舰刊更高）",高,https://www.biomedcentral.com/getpublished/article-processing-charges,https://www.google.com/search?q=BMC+Medical+Informatics+and+Decision+Making+aims+scope+instructions+for+authors+APC
94,3-Q2,4,Journal of Functional Morphology and Kinesiology,J FUNCT MORPHOL KIN,,2411-5142,2.5,,Q2,51/136,Q2,Q2,0.86,62.9,413.0,2907.0,SPORT SCIENCES,SPORT SCIENCES(JIF Q2/JCI Q2),MDPI,MDPI,否,ESCI,全OA,"约 CHF 1,600-2,900（如 JCM=CHF 2,600）",高,https://www.mdpi.com/about/apc,https://www.google.com/search?q=Journal+of+Functional+Morphology+and+Kinesiology+aims+scope+instructions+for+authors+APC
95,3-Q2,4,Frontiers in Human Neuroscience,FRONT HUM NEUROSCI,1662-5161,1662-5161,3.6,3.8,Q2,16/93,Q2,Q2,0.82,60.2,410.0,34636.0,NEUROSCIENCES,NEUROSCIENCES(JIF Q2/JCI Q2),FRONTIERS MEDIA SA,Frontiers,是,SCIE,全OA,"约 CHF 1,495-3,150（Frontiers in Medicine A类=CHF 3,150）",高,https://www.frontiersin.org/about/fee-policy,https://www.google.com/search?q=Frontiers+in+Human+Neuroscience+aims+scope+instructions+for+authors+APC
96,3-Q2,4,PLoS Genetics,PLOS GENET,1553-7404,1553-7404,3.9,4.5,Q2,57/192,Q1,Q1,1.04,70.6,392.0,46970.0,GENETICS & HEREDITY,GENETICS & HEREDITY(JIF Q2/JCI Q1),PUBLIC LIBRARY SCIENCE,PLOS,是,SCIE,全OA,专科刊费用因刊而异或走CAP；PLoS One已拉黑,高,https://plos.org/publish/fees/,https://www.google.com/search?q=PLoS+Genetics+aims+scope+instructions+for+authors+APC
97,3-Q2,4,Frontiers in Molecular Biosciences,FRONT MOL BIOSCI,,2296-889X,4.4,4.7,Q2,115/328,Q3,Q3,0.62,65.1,344.0,22478.0,BIOCHEMISTRY & MOLECULAR BIOLOGY,BIOCHEMISTRY & MOLECULAR BIOLOGY(JIF Q2/JCI Q3),FRONTIERS MEDIA SA,Frontiers,是,SCIE,全OA,"约 CHF 1,495-3,150（Frontiers in Medicine A类=CHF 3,150）",高,https://www.frontiersin.org/about/fee-policy,https://www.google.com/search?q=Frontiers+in+Molecular+Biosciences+aims+scope+instructions+for+authors+APC
98,3-Q2,4,BMJ Open Quality,BMJ OPEN QUAL,,2399-6641,2.1,2.1,Q2,107/336,Q2,Q2,0.58,68.3,330.0,3135.0,"HEALTH CARE SCIENCES & SERVICES; MEDICINE, GENERAL & INTERNAL","HEALTH CARE SCIENCES & SERVICES(JIF Q3/JCI Q3) | MEDICINE, GENERAL & INTERNAL(JIF Q2/JCI Q2)",BMJ PUBLISHING GROUP,BMJ,否,ESCI,混合/全OA,"BMJ Open约GBP 2,175；旗舰刊更高",高,https://authors.bmj.com/open-access/,https://www.google.com/search?q=BMJ+Open+Quality+aims+scope+instructions+for+authors+APC
99,3-Q2,4,BMC Urology,BMC UROL,1471-2490,1471-2490,2.3,2.3,Q2,61/134,Q2,Q2,0.74,54.9,320.0,4143.0,UROLOGY & NEPHROLOGY,UROLOGY & NEPHROLOGY(JIF Q2/JCI Q2),BMC,BMC,是,SCIE,全OA,"约 USD 1,990-2,890（旗舰刊更高）",高,https://www.biomedcentral.com/getpublished/article-processing-charges,https://www.google.com/search?q=BMC+Urology+aims+scope+instructions+for+authors+APC
100,3-Q2,4,Journal of Cardiovascular Development and Disease,J CARDIOVASC DEV DIS,,2308-3425,2.6,2.6,Q2,106/237,Q2,Q2,0.56,55.5,307.0,5348.0,CARDIAC & CARDIOVASCULAR SYSTEMS,CARDIAC & CARDIOVASCULAR SYSTEMS(JIF Q2/JCI Q2),MDPI,MDPI,是,SCIE,全OA,"约 CHF 1,600-2,900（如 JCM=CHF 2,600）",高,https://www.mdpi.com/about/apc,https://www.google.com/search?q=Journal+of+Cardiovascular+Development+and+Disease+aims+scope+instructions+for+authors+APC
101,3-Q2,4,BMC Endocrine Disorders,BMC ENDOCR DISORD,,1472-6823,3.7,3.8,Q2,83/198,Q2,Q2,0.78,58.3,293.0,6964.0,ENDOCRINOLOGY & METABOLISM,ENDOCRINOLOGY & METABOLISM(JIF Q2/JCI Q2),BMC,BMC,是,SCIE,全OA,"约 USD 1,990-2,890（旗舰刊更高）",高,https://www.biomedcentral.com/getpublished/article-processing-charges,https://www.google.com/search?q=BMC+Endocrine+Disorders+aims+scope+instructions+for+authors+APC
102,3-Q2,4,Diseases,DISEASES-BASEL,,2079-9721,3.7,3.7,Q2,75/191,Q2,Q2,0.58,61.0,290.0,3951.0,"MEDICINE, RESEARCH & EXPERIMENTAL","MEDICINE, RESEARCH & EXPERIMENTAL(JIF Q2/JCI Q2)",MDPI,MDPI,否,ESCI,全OA,"约 CHF 1,600-2,900（如 JCM=CHF 2,600）",高,https://www.mdpi.com/about/apc,https://www.google.com/search?q=Diseases+aims+scope+instructions+for+authors+APC
103,3-Q2,4,Tropical Medicine and Infectious Disease,TROP MED INFECT DIS,,2414-6366,3.1,3.2,Q2,7/27,Q2,Q2,0.84,75.9,283.0,6722.0,INFECTIOUS DISEASES; PARASITOLOGY; TROPICAL MEDICINE,INFECTIOUS DISEASES(JIF Q2/JCI Q2) | PARASITOLOGY(JIF Q2/JCI Q2) | TROPICAL MEDICINE(JIF Q2/JCI Q2),MDPI,MDPI,是,SCIE,全OA,"约 CHF 1,600-2,900（如 JCM=CHF 2,600）",高,https://www.mdpi.com/about/apc,https://www.google.com/search?q=Tropical+Medicine+and+Infectious+Disease+aims+scope+instructions+for+authors+APC
104,3-Q2,4,BMC Medical Research Methodology,BMC MED RES METHODOL,,1471-2288,3.7,5.5,Q2,51/194,Q1,Q1,1.15,74.0,278.0,33154.0,HEALTH CARE SCIENCES & SERVICES,HEALTH CARE SCIENCES & SERVICES(JIF Q2/JCI Q1),BMC,BMC,是,SCIE,全OA,"约 USD 1,990-2,890（旗舰刊更高）",高,https://www.biomedcentral.com/getpublished/article-processing-charges,https://www.google.com/search?q=BMC+Medical+Research+Methodology+aims+scope+instructions+for+authors+APC
105,3-Q2,4,BMC EMERGENCY MEDICINE,BMC EMERG MED,1471-227X,1471-227X,3.1,3.0,Q2,14/55,Q1,Q1,1.37,75.5,274.0,3682.0,EMERGENCY MEDICINE,EMERGENCY MEDICINE(JIF Q2/JCI Q1),BMC,BMC,是,SCIE,全OA,"约 USD 1,990-2,890（旗舰刊更高）",高,https://www.biomedcentral.com/getpublished/article-processing-charges,https://www.google.com/search?q=BMC+EMERGENCY+MEDICINE+aims+scope+instructions+for+authors+APC
106,3-Q2,4,International Journal of Emergency Medicine,INT J EMERG MED,1865-1372,1865-1380,1.9,2.2,Q2,24/55,Q2,Q2,0.88,57.3,247.0,1933.0,EMERGENCY MEDICINE,EMERGENCY MEDICINE(JIF Q2/JCI Q2),BMC,BMC,否,ESCI,全OA,"约 USD 1,990-2,890（旗舰刊更高）",高,https://www.biomedcentral.com/getpublished/article-processing-charges,https://www.google.com/search?q=International+Journal+of+Emergency+Medicine+aims+scope+instructions+for+authors+APC
107,3-Q2,4,HEREDITAS,HEREDITAS,1601-5223,1601-5223,2.6,2.7,Q2,96/192,Q3,Q3,0.61,50.3,246.0,2187.0,GENETICS & HEREDITY,GENETICS & HEREDITY(JIF Q2/JCI Q3),BMC,BMC,是,SCIE,全OA,"约 USD 1,990-2,890（旗舰刊更高）",高,https://www.biomedcentral.com/getpublished/article-processing-charges,https://www.google.com/search?q=HEREDITAS+aims+scope+instructions+for+authors+APC
108,3-Q2,4,Frontiers in Global Womens Health,FRONT GLOB WOMEN HLT,,2673-5059,2.5,3.1,Q2,10/71,Q1,Q1,0.98,63.3,237.0,2007.0,"OBSTETRICS & GYNECOLOGY; PUBLIC, ENVIRONMENTAL & OCCUPATIONAL HEALTH","OBSTETRICS & GYNECOLOGY(JIF Q2/JCI Q1) | PUBLIC, ENVIRONMENTAL & OCCUPATIONAL HEALTH(JIF Q2/JCI Q1)",FRONTIERS MEDIA SA,Frontiers,否,ESCI,全OA,"约 CHF 1,495-3,150（Frontiers in Medicine A类=CHF 3,150）",高,https://www.frontiersin.org/about/fee-policy,https://www.google.com/search?q=Frontiers+in+Global+Womens+Health+aims+scope+instructions+for+authors+APC
109,3-Q2,4,Frontiers in Health Services,FRONT HEALTH SERV,,2813-0146,2.6,3.2,Q2,173/443,Q2,Q2,0.82,61.1,234.0,1527.0,"HEALTH CARE SCIENCES & SERVICES; PUBLIC, ENVIRONMENTAL & OCCUPATIONAL HEALTH","HEALTH CARE SCIENCES & SERVICES(JIF Q2/JCI Q2) | PUBLIC, ENVIRONMENTAL & OCCUPATIONAL HEALTH(JIF Q2/JCI Q2)",FRONTIERS MEDIA SA,Frontiers,否,ESCI,全OA,"约 CHF 1,495-3,150（Frontiers in Medicine A类=CHF 3,150）",高,https://www.frontiersin.org/about/fee-policy,https://www.google.com/search?q=Frontiers+in+Health+Services+aims+scope+instructions+for+authors+APC
110,3-Q2,4,Open Heart,OPEN HEART,2053-3624,2053-3624,3.1,2.9,Q2,91/237,Q2,Q2,0.69,61.8,225.0,4023.0,CARDIAC & CARDIOVASCULAR SYSTEMS,CARDIAC & CARDIOVASCULAR SYSTEMS(JIF Q2/JCI Q2),BMJ PUBLISHING GROUP,BMJ,否,ESCI,混合/全OA,"BMJ Open约GBP 2,175；旗舰刊更高",高,https://authors.bmj.com/open-access/,https://www.google.com/search?q=Open+Heart+aims+scope+instructions+for+authors+APC
111,3-Q2,4,BMC Pharmacology & Toxicology,BMC PHARMACOL TOXICO,,2050-6511,3.5,3.5,Q2,134/356,Q2,Q2,0.83,62.5,224.0,2827.0,PHARMACOLOGY & PHARMACY; TOXICOLOGY,PHARMACOLOGY & PHARMACY(JIF Q2/JCI Q2) | TOXICOLOGY(JIF Q2/JCI Q2),BMC,BMC,是,SCIE,全OA,"约 USD 1,990-2,890（旗舰刊更高）",高,https://www.biomedcentral.com/getpublished/article-processing-charges,https://www.google.com/search?q=BMC+Pharmacology+&+Toxicology+aims+scope+instructions+for+authors+APC
112,3-Q2,4,BMJ Open Respiratory Research,BMJ OPEN RESPIR RES,,2052-4439,4.0,3.8,Q2,27/107,Q1,Q1,0.99,75.2,211.0,3569.0,RESPIRATORY SYSTEM,RESPIRATORY SYSTEM(JIF Q2/JCI Q1),BMJ PUBLISHING GROUP,BMJ,是,SCIE,混合/全OA,"BMJ Open约GBP 2,175；旗舰刊更高",高,https://authors.bmj.com/open-access/,https://www.google.com/search?q=BMJ+Open+Respiratory+Research+aims+scope+instructions+for+authors+APC
113,3-Q2,4,BMC Medical Genomics,BMC MED GENOMICS,,1755-8794,2.6,2.4,Q2,96/192,Q2,Q2,0.63,50.3,210.0,5868.0,GENETICS & HEREDITY,GENETICS & HEREDITY(JIF Q2/JCI Q2),BMC,BMC,是,SCIE,全OA,"约 USD 1,990-2,890（旗舰刊更高）",高,https://www.biomedcentral.com/getpublished/article-processing-charges,https://www.google.com/search?q=BMC+Medical+Genomics+aims+scope+instructions+for+authors+APC
114,3-Q2,4,Data,DATA-BASEL,,2306-5729,2.4,2.5,Q2,55/140,Q2,Q2,0.53,61.1,209.0,2752.0,MULTIDISCIPLINARY SCIENCES,MULTIDISCIPLINARY SCIENCES(JIF Q2/JCI Q2),MDPI,MDPI,否,ESCI,全OA,"约 CHF 1,600-2,900（如 JCM=CHF 2,600）",高,https://www.mdpi.com/about/apc,https://www.google.com/search?q=Data+aims+scope+instructions+for+authors+APC
115,3-Q2,3,MILITARY MEDICINE,MIL MED,0026-4075,1930-613X,1.2,1.4,Q2,167/336,Q2,Q2,0.37,50.4,498.0,8563.0,"MEDICINE, GENERAL & INTERNAL","MEDICINE, GENERAL & INTERNAL(JIF Q2/JCI Q2)",OXFORD UNIV PRESS,Oxford UP,是,SCIE,混合为主,订阅路线通常无APC；可选OA，费用因刊而异,中,https://academic.oup.com/pages/open-research/open-access,https://www.google.com/search?q=MILITARY+MEDICINE+aims+scope+instructions+for+authors+APC
116,3-Q2,3,INJURY-INTERNATIONAL JOURNAL OF THE CARE OF THE INJURED,INJURY,0020-1383,1879-0267,2.4,2.5,Q2,95/321,Q2,Q2,0.86,70.6,495.0,22132.0,CRITICAL CARE MEDICINE; EMERGENCY MEDICINE; ORTHOPEDICS; SURGERY,CRITICAL CARE MEDICINE(JIF Q3/JCI Q2) | EMERGENCY MEDICINE(JIF Q2/JCI Q2) | ORTHOPEDICS(JIF Q2/JCI Q2) | SURGERY(JIF Q2/JCI Q2),ELSEVIER SCI LTD,Elsevier,是,SCIE,混合为主,"订阅路线通常无APC；Gold OA常见 USD 2,200-4,200",中,https://www.elsevier.com/open-access/agreements,https://www.google.com/search?q=INJURY-INTERNATIONAL+JOURNAL+OF+THE+CARE+OF+THE+INJURED+aims+scope+instructions+for+authors+APC
117,3-Q2,3,RESPIRATORY MEDICINE,RESP MED,0954-6111,1532-3064,3.3,3.6,Q2,81/237,Q2,Q2,0.81,66.0,493.0,14751.0,CARDIAC & CARDIOVASCULAR SYSTEMS; RESPIRATORY SYSTEM,CARDIAC & CARDIOVASCULAR SYSTEMS(JIF Q2/JCI Q2) | RESPIRATORY SYSTEM(JIF Q2/JCI Q2),W B SAUNDERS CO LTD,Elsevier,是,SCIE,混合为主,"订阅路线通常无APC；Gold OA常见 USD 2,200-4,200",中,https://www.elsevier.com/open-access/agreements,https://www.google.com/search?q=RESPIRATORY+MEDICINE+aims+scope+instructions+for+authors+APC
118,3-Q2,3,European Journal of Obstetrics & Gynecology and Reproductive Biology,EUR J OBSTET GYN R B,0301-2115,1872-7654,2.3,2.5,Q2,60/143,Q3,Q3,0.68,58.4,486.0,15013.0,OBSTETRICS & GYNECOLOGY; REPRODUCTIVE BIOLOGY,OBSTETRICS & GYNECOLOGY(JIF Q2/JCI Q3) | REPRODUCTIVE BIOLOGY(JIF Q3/JCI Q3),ELSEVIER,Elsevier,是,SCIE,混合为主,"订阅路线通常无APC；Gold OA常见 USD 2,200-4,200",中,https://www.elsevier.com/open-access/agreements,https://www.google.com/search?q=European+Journal+of+Obstetrics+&+Gynecology+and+Reproductive+Biology+aims+scope+instructions+for+authors+APC
119,3-Q2,3,Journal of Multidisciplinary Healthcare,J MULTIDISCIP HEALTH,1178-2390,1178-2390,3.0,3.1,Q2,72/194,Q2,Q2,0.79,63.1,478.0,7113.0,HEALTH CARE SCIENCES & SERVICES,HEALTH CARE SCIENCES & SERVICES(JIF Q2/JCI Q2),DOVE MEDICAL PRESS LTD,其他,是,SCIE,需核实,请查期刊官网 Author / Open Access 页面,未知,,https://www.google.com/search?q=Journal+of+Multidisciplinary+Healthcare+aims+scope+instructions+for+authors+APC
120,3-Q2,3,AMERICAN JOURNAL OF EMERGENCY MEDICINE,AM J EMERG MED,0735-6757,1532-8171,2.9,2.6,Q2,16/55,Q2,Q2,1.22,71.8,465.0,16036.0,EMERGENCY MEDICINE,EMERGENCY MEDICINE(JIF Q2/JCI Q2),W B SAUNDERS CO-ELSEVIER INC,Elsevier,是,SCIE,混合为主,"订阅路线通常无APC；Gold OA常见 USD 2,200-4,200",中,https://www.elsevier.com/open-access/agreements,https://www.google.com/search?q=AMERICAN+JOURNAL+OF+EMERGENCY+MEDICINE+aims+scope+instructions+for+authors+APC
121,3-Q2,3,JOURNAL OF BIOCHEMICAL AND MOLECULAR TOXICOLOGY,J BIOCHEM MOL TOXIC,1095-6670,1099-0461,3.6,3.6,Q2,35/106,Q2,Q2,0.72,67.5,461.0,7581.0,BIOCHEMISTRY & MOLECULAR BIOLOGY; TOXICOLOGY,BIOCHEMISTRY & MOLECULAR BIOLOGY(JIF Q2/JCI Q2) | TOXICOLOGY(JIF Q2/JCI Q2),WILEY,Wiley,是,SCIE,混合为主,"订阅路线通常无APC；OnlineOpen常见 USD 3,200-4,700",中,https://authorservices.wiley.com/author-resources/Journal-Authors/open-access/article-publication-charges.html,https://www.google.com/search?q=JOURNAL+OF+BIOCHEMICAL+AND+MOLECULAR+TOXICOLOGY+aims+scope+instructions+for+authors+APC
122,3-Q2,3,Journal of Racial and Ethnic Health Disparities,J RACIAL ETHN HEALTH,2197-3792,2196-8837,2.2,3.2,Q2,218/443,Q2,Q2,0.71,50.9,456.0,6788.0,"PUBLIC, ENVIRONMENTAL & OCCUPATIONAL HEALTH","PUBLIC, ENVIRONMENTAL & OCCUPATIONAL HEALTH(JIF Q2/JCI Q2)",SPRINGER INT PUBL AG,Springer,否,SSCI,混合为主,"订阅路线通常无APC；选OA约 USD 2,790-4,290",中,https://www.springer.com/gp/open-access,https://www.google.com/search?q=Journal+of+Racial+and+Ethnic+Health+Disparities+aims+scope+instructions+for+authors+APC
123,3-Q2,3,PEDIATRIC BLOOD & CANCER,PEDIATR BLOOD CANCER,1545-5009,1545-5017,2.4,2.7,Q2,50/190,Q2,Q2,0.66,73.9,448.0,16888.0,HEMATOLOGY; ONCOLOGY; PEDIATRICS,HEMATOLOGY(JIF Q2/JCI Q2) | ONCOLOGY(JIF Q3/JCI Q2) | PEDIATRICS(JIF Q2/JCI Q3),WILEY,Wiley,是,SCIE,混合为主,"订阅路线通常无APC；OnlineOpen常见 USD 3,200-4,700",中,https://authorservices.wiley.com/author-resources/Journal-Authors/open-access/article-publication-charges.html,https://www.google.com/search?q=PEDIATRIC+BLOOD+&+CANCER+aims+scope+instructions+for+authors+APC
124,3-Q2,3,International Journal of Cardiology,INT J CARDIOL,0167-5273,1874-1754,3.3,3.1,Q2,81/237,Q2,Q2,0.85,66.0,445.0,31960.0,CARDIAC & CARDIOVASCULAR SYSTEMS,CARDIAC & CARDIOVASCULAR SYSTEMS(JIF Q2/JCI Q2),ELSEVIER IRELAND LTD,Elsevier,是,SCIE,混合为主,"订阅路线通常无APC；Gold OA常见 USD 2,200-4,200",中,https://www.elsevier.com/open-access/agreements,https://www.google.com/search?q=International+Journal+of+Cardiology+aims+scope+instructions+for+authors+APC
125,3-Q2,3,ARCHIVES OF DERMATOLOGICAL RESEARCH,ARCH DERMATOL RES,0340-3696,1432-069X,2.5,2.6,Q2,43/99,Q2,Q2,0.76,57.1,444.0,7088.0,DERMATOLOGY,DERMATOLOGY(JIF Q2/JCI Q2),SPRINGER,Springer,是,SCIE,混合为主,"订阅路线通常无APC；选OA约 USD 2,790-4,290",中,https://www.springer.com/gp/open-access,https://www.google.com/search?q=ARCHIVES+OF+DERMATOLOGICAL+RESEARCH+aims+scope+instructions+for+authors+APC
126,3-Q2,3,DISABILITY AND REHABILITATION,DISABIL REHABIL,0963-8288,1464-5165,2.2,2.9,Q2,58/175,Q2,Q2,0.89,67.1,444.0,19982.0,REHABILITATION,REHABILITATION(JIF Q2/JCI Q2),TAYLOR & FRANCIS LTD,Taylor & Francis,是,"SCIE, SSCI",混合为主,"订阅路线通常无APC；Open Select常见 USD 2,500-3,500",中,https://authorservices.taylorandfrancis.com/publishing-open-access/,https://www.google.com/search?q=DISABILITY+AND+REHABILITATION+aims+scope+instructions+for+authors+APC
127,3-Q2,3,Imaging Neuroscience,IMAGING NEUROSCI,,2837-6056,3.0,3.1,Q2,8/18,Q2,Q2,0.76,58.3,442.0,1540.0,NEUROIMAGING; NEUROSCIENCES,NEUROIMAGING(JIF Q2/JCI Q2) | NEUROSCIENCES(JIF Q3/JCI Q2),MIT PRESS,其他,否,ESCI,需核实,请查期刊官网 Author / Open Access 页面,未知,,https://www.google.com/search?q=Imaging+Neuroscience+aims+scope+instructions+for+authors+APC
128,3-Q2,3,International Journal of Womens Health,INT J WOMENS HEALTH,1179-1411,1179-1411,2.5,3.0,Q2,53/143,Q2,Q2,0.92,63.3,442.0,4845.0,OBSTETRICS & GYNECOLOGY,OBSTETRICS & GYNECOLOGY(JIF Q2/JCI Q2),DOVE MEDICAL PRESS LTD,其他,是,SCIE,需核实,请查期刊官网 Author / Open Access 页面,未知,,https://www.google.com/search?q=International+Journal+of+Womens+Health+aims+scope+instructions+for+authors+APC
129,3-Q2,3,MAGNETIC RESONANCE IN MEDICINE,MAGN RESON MED,0740-3194,1522-2594,3.2,3.3,Q2,64/217,Q2,Q2,0.96,70.7,441.0,31452.0,"RADIOLOGY, NUCLEAR MEDICINE & MEDICAL IMAGING","RADIOLOGY, NUCLEAR MEDICINE & MEDICAL IMAGING(JIF Q2/JCI Q2)",WILEY,Wiley,是,SCIE,混合为主,"订阅路线通常无APC；OnlineOpen常见 USD 3,200-4,700",中,https://authorservices.wiley.com/author-resources/Journal-Authors/open-access/article-publication-charges.html,https://www.google.com/search?q=MAGNETIC+RESONANCE+IN+MEDICINE+aims+scope+instructions+for+authors+APC
130,3-Q2,3,Journal of Functional Foods,J FUNCT FOODS,1756-4646,2214-9414,3.9,5.0,Q2,39/114,Q2,Q2,0.79,66.2,434.0,27642.0,NUTRITION & DIETETICS,NUTRITION & DIETETICS(JIF Q2/JCI Q2),ELSEVIER,Elsevier,是,SCIE,混合为主,"订阅路线通常无APC；Gold OA常见 USD 2,200-4,200",中,https://www.elsevier.com/open-access/agreements,https://www.google.com/search?q=Journal+of+Functional+Foods+aims+scope+instructions+for+authors+APC
131,3-Q2,3,Journal of Pain Research,J PAIN RES,1178-7090,1178-7090,3.1,3.3,Q2,127/296,Q2,Q2,0.75,57.3,423.0,9998.0,CLINICAL NEUROLOGY,CLINICAL NEUROLOGY(JIF Q2/JCI Q2),DOVE MEDICAL PRESS LTD,其他,是,SCIE,需核实,请查期刊官网 Author / Open Access 页面,未知,,https://www.google.com/search?q=Journal+of+Pain+Research+aims+scope+instructions+for+authors+APC
132,3-Q2,3,INTERNATIONAL JOURNAL OF CANCER,INT J CANCER,0020-7136,1097-0215,4.9,5.8,Q2,89/333,Q1,Q1,1.06,73.4,422.0,47944.0,ONCOLOGY,ONCOLOGY(JIF Q2/JCI Q1),WILEY,Wiley,是,SCIE,混合为主,"订阅路线通常无APC；OnlineOpen常见 USD 3,200-4,700",中,https://authorservices.wiley.com/author-resources/Journal-Authors/open-access/article-publication-charges.html,https://www.google.com/search?q=INTERNATIONAL+JOURNAL+OF+CANCER+aims+scope+instructions+for+authors+APC
133,3-Q2,3,DIGESTIVE DISEASES AND SCIENCES,DIGEST DIS SCI,0163-2116,1573-2568,2.8,3.0,Q2,73/153,Q2,Q2,0.6,52.6,422.0,19539.0,GASTROENTEROLOGY & HEPATOLOGY,GASTROENTEROLOGY & HEPATOLOGY(JIF Q2/JCI Q2),SPRINGER,Springer,是,SCIE,混合为主,"订阅路线通常无APC；选OA约 USD 2,790-4,290",中,https://www.springer.com/gp/open-access,https://www.google.com/search?q=DIGESTIVE+DISEASES+AND+SCIENCES+aims+scope+instructions+for+authors+APC
134,3-Q2,3,World Journal of Gastrointestinal Surgery,WORLD J GASTRO SURG,1948-9366,1948-9366,2.1,2.2,Q2,128/321,Q2,Q2,0.57,60.3,422.0,3141.0,GASTROENTEROLOGY & HEPATOLOGY; SURGERY,GASTROENTEROLOGY & HEPATOLOGY(JIF Q3/JCI Q2) | SURGERY(JIF Q2/JCI Q3),BAISHIDENG PUBLISHING GROUP INC,其他,是,SCIE,需核实,请查期刊官网 Author / Open Access 页面,未知,,https://www.google.com/search?q=World+Journal+of+Gastrointestinal+Surgery+aims+scope+instructions+for+authors+APC
135,3-Q2,3,Abdominal Radiology,ABDOM RADIOL,2366-004X,2366-0058,2.3,2.6,Q2,107/217,Q2,Q2,0.64,50.9,420.0,8924.0,"RADIOLOGY, NUCLEAR MEDICINE & MEDICAL IMAGING","RADIOLOGY, NUCLEAR MEDICINE & MEDICAL IMAGING(JIF Q2/JCI Q2)",SPRINGER,Springer,是,SCIE,混合为主,"订阅路线通常无APC；选OA约 USD 2,790-4,290",中,https://www.springer.com/gp/open-access,https://www.google.com/search?q=Abdominal+Radiology+aims+scope+instructions+for+authors+APC
136,3-Q2,3,Journal of Applied Clinical Medical Physics,J APPL CLIN MED PHYS,1526-9914,1526-9914,2.5,2.6,Q2,93/217,Q2,Q2,0.7,57.4,416.0,7391.0,"RADIOLOGY, NUCLEAR MEDICINE & MEDICAL IMAGING","RADIOLOGY, NUCLEAR MEDICINE & MEDICAL IMAGING(JIF Q2/JCI Q2)",WILEY,Wiley,是,SCIE,混合为主,"订阅路线通常无APC；OnlineOpen常见 USD 3,200-4,700",中,https://authorservices.wiley.com/author-resources/Journal-Authors/open-access/article-publication-charges.html,https://www.google.com/search?q=Journal+of+Applied+Clinical+Medical+Physics+aims+scope+instructions+for+authors+APC
137,3-Q2,3,DIABETES RESEARCH AND CLINICAL PRACTICE,DIABETES RES CLIN PR,0168-8227,1872-8227,4.6,6.2,Q2,55/198,Q1,Q1,1.57,72.5,413.0,24147.0,ENDOCRINOLOGY & METABOLISM,ENDOCRINOLOGY & METABOLISM(JIF Q2/JCI Q1),ELSEVIER IRELAND LTD,Elsevier,是,SCIE,混合为主,"订阅路线通常无APC；Gold OA常见 USD 2,200-4,200",中,https://www.elsevier.com/open-access/agreements,https://www.google.com/search?q=DIABETES+RESEARCH+AND+CLINICAL+PRACTICE+aims+scope+instructions+for+authors+APC
138,3-Q2,3,ACS Biomaterials Science & Engineering,ACS BIOMATER SCI ENG,2373-9878,2373-9878,6.0,6.1,Q2,18/58,Q2,Q2,0.81,69.8,412.0,23899.0,"MATERIALS SCIENCE, BIOMATERIALS","MATERIALS SCIENCE, BIOMATERIALS(JIF Q2/JCI Q2)",AMER CHEMICAL SOC,其他,是,SCIE,需核实,请查期刊官网 Author / Open Access 页面,未知,,https://www.google.com/search?q=ACS+Biomaterials+Science+&+Engineering+aims+scope+instructions+for+authors+APC
139,3-Q2,3,Human Vaccines & Immunotherapeutics,HUM VACC IMMUNOTHER,2164-5515,2164-554X,4.2,3.7,Q2,66/183,Q2,Q2,0.74,64.2,411.0,16984.0,BIOTECHNOLOGY & APPLIED MICROBIOLOGY; IMMUNOLOGY,BIOTECHNOLOGY & APPLIED MICROBIOLOGY(JIF Q2/JCI Q2) | IMMUNOLOGY(JIF Q2/JCI Q2),TAYLOR & FRANCIS INC,Taylor & Francis,是,SCIE,混合为主,"订阅路线通常无APC；Open Select常见 USD 2,500-3,500",中,https://authorservices.taylorandfrancis.com/publishing-open-access/,https://www.google.com/search?q=Human+Vaccines+&+Immunotherapeutics+aims+scope+instructions+for+authors+APC
140,3-Q2,3,Multiple Sclerosis and Related Disorders,MULT SCLER RELAT DIS,2211-0348,2211-0356,3.0,3.1,Q2,133/296,Q2,Q2,0.81,55.2,409.0,11247.0,CLINICAL NEUROLOGY,CLINICAL NEUROLOGY(JIF Q2/JCI Q2),ELSEVIER SCI LTD,Elsevier,是,SCIE,混合为主,"订阅路线通常无APC；Gold OA常见 USD 2,200-4,200",中,https://www.elsevier.com/open-access/agreements,https://www.google.com/search?q=Multiple+Sclerosis+and+Related+Disorders+aims+scope+instructions+for+authors+APC
141,3-Q2,3,Clinical Ophthalmology,CLIN OPHTHALMOL,,1177-5483,2.5,2.5,Q2,36/98,Q2,Q2,0.91,63.8,404.0,10737.0,OPHTHALMOLOGY,OPHTHALMOLOGY(JIF Q2/JCI Q2),DOVE MEDICAL PRESS LTD,其他,否,ESCI,需核实,请查期刊官网 Author / Open Access 页面,未知,,https://www.google.com/search?q=Clinical+Ophthalmology+aims+scope+instructions+for+authors+APC
142,3-Q2,3,Biocatalysis and Agricultural Biotechnology,BIOCATAL AGR BIOTECH,,1878-8181,4.6,4.5,Q2,54/180,Q1,Q1,0.96,70.3,401.0,13337.0,BIOTECHNOLOGY & APPLIED MICROBIOLOGY,BIOTECHNOLOGY & APPLIED MICROBIOLOGY(JIF Q2/JCI Q1),ELSEVIER,Elsevier,否,ESCI,混合为主,"订阅路线通常无APC；Gold OA常见 USD 2,200-4,200",中,https://www.elsevier.com/open-access/agreements,https://www.google.com/search?q=Biocatalysis+and+Agricultural+Biotechnology+aims+scope+instructions+for+authors+APC
143,3-Q2,3,BIOLOGICAL TRACE ELEMENT RESEARCH,BIOL TRACE ELEM RES,0163-4984,1559-0720,4.3,4.1,Q2,65/198,Q2,Q2,0.78,67.4,396.0,19885.0,BIOCHEMISTRY & MOLECULAR BIOLOGY; ENDOCRINOLOGY & METABOLISM,BIOCHEMISTRY & MOLECULAR BIOLOGY(JIF Q2/JCI Q2) | ENDOCRINOLOGY & METABOLISM(JIF Q2/JCI Q2),SPRINGERNATURE,Springer Nature,是,SCIE,混合/全OA,"全OA约 USD 2,090-3,490；Nature系更高；Scientific Reports已拉黑",中高,https://www.springernature.com/gp/open-research/journals-books/journals,https://www.google.com/search?q=BIOLOGICAL+TRACE+ELEMENT+RESEARCH+aims+scope+instructions+for+authors+APC
144,3-Q2,3,ANTIMICROBIAL AGENTS AND CHEMOTHERAPY,ANTIMICROB AGENTS CH,0066-4804,1098-6596,4.2,4.5,Q2,102/356,Q1,Q1,1.13,71.5,394.0,62662.0,MICROBIOLOGY; PHARMACOLOGY & PHARMACY,MICROBIOLOGY(JIF Q2/JCI Q1) | PHARMACOLOGY & PHARMACY(JIF Q2/JCI Q1),AMER SOC MICROBIOLOGY,其他,是,SCIE,需核实,请查期刊官网 Author / Open Access 页面,未知,,https://www.google.com/search?q=ANTIMICROBIAL+AGENTS+AND+CHEMOTHERAPY+aims+scope+instructions+for+authors+APC
145,3-Q2,3,PLANT SCIENCE,PLANT SCI,0168-9452,1873-2259,4.6,5.5,Q2,48/285,Q2,Q1,0.93,70.6,393.0,25368.0,BIOCHEMISTRY & MOLECULAR BIOLOGY,BIOCHEMISTRY & MOLECULAR BIOLOGY(JIF Q2/JCI Q2),ELSEVIER IRELAND LTD,Elsevier,是,SCIE,混合为主,"订阅路线通常无APC；Gold OA常见 USD 2,200-4,200",中,https://www.elsevier.com/open-access/agreements,https://www.google.com/search?q=PLANT+SCIENCE+aims+scope+instructions+for+authors+APC
146,3-Q2,3,Journal of Pediatric Surgery,J PEDIATR SURG,0022-3468,1531-5037,2.3,2.3,Q2,55/190,Q1,Q1,1.14,71.3,392.0,18832.0,PEDIATRICS; SURGERY,PEDIATRICS(JIF Q2/JCI Q1) | SURGERY(JIF Q2/JCI Q1),W B SAUNDERS CO-ELSEVIER INC,Elsevier,是,SCIE,混合为主,"订阅路线通常无APC；Gold OA常见 USD 2,200-4,200",中,https://www.elsevier.com/open-access/agreements,https://www.google.com/search?q=Journal+of+Pediatric+Surgery+aims+scope+instructions+for+authors+APC
147,3-Q2,3,Journal of Imaging Informatics in Medicine,J IMAGING INFORM MED,2948-2925,2948-2933,3.1,3.1,Q2,70/217,Q1,Q1,1.04,68.0,391.0,1673.0,"RADIOLOGY, NUCLEAR MEDICINE & MEDICAL IMAGING","RADIOLOGY, NUCLEAR MEDICINE & MEDICAL IMAGING(JIF Q2/JCI Q1)",SPRINGER,Springer,是,SCIE,混合为主,"订阅路线通常无APC；选OA约 USD 2,790-4,290",中,https://www.springer.com/gp/open-access,https://www.google.com/search?q=Journal+of+Imaging+Informatics+in+Medicine+aims+scope+instructions+for+authors+APC
148,3-Q2,3,GENE,GENE,0378-1119,1879-0038,2.7,2.9,Q2,92/192,Q2,Q2,0.69,52.3,391.0,30922.0,GENETICS & HEREDITY,GENETICS & HEREDITY(JIF Q2/JCI Q2),ELSEVIER,Elsevier,是,SCIE,混合为主,"订阅路线通常无APC；Gold OA常见 USD 2,200-4,200",中,https://www.elsevier.com/open-access/agreements,https://www.google.com/search?q=GENE+aims+scope+instructions+for+authors+APC
149,3-Q2,3,Advanced Theory and Simulations,ADV THEOR SIMUL,,2513-0390,3.2,3.1,Q2,39/140,Q2,Q2,0.59,72.5,388.0,4693.0,MULTIDISCIPLINARY SCIENCES,MULTIDISCIPLINARY SCIENCES(JIF Q2/JCI Q2),WILEY-V C H VERLAG GMBH,Wiley,是,SCIE,混合为主,"订阅路线通常无APC；OnlineOpen常见 USD 3,200-4,700",中,https://authorservices.wiley.com/author-resources/Journal-Authors/open-access/article-publication-charges.html,https://www.google.com/search?q=Advanced+Theory+and+Simulations+aims+scope+instructions+for+authors+APC
150,3-Q2,3,EXPERIMENTAL EYE RESEARCH,EXP EYE RES,0014-4835,1096-0007,3.1,3.7,Q2,25/98,Q1,Q1,1.24,75.0,387.0,17191.0,OPHTHALMOLOGY,OPHTHALMOLOGY(JIF Q2/JCI Q1),ACADEMIC PRESS LTD- ELSEVIER SCIENCE LTD,Elsevier,是,SCIE,混合为主,"订阅路线通常无APC；Gold OA常见 USD 2,200-4,200",中,https://www.elsevier.com/open-access/agreements,https://www.google.com/search?q=EXPERIMENTAL+EYE+RESEARCH+aims+scope+instructions+for+authors+APC
151,3-Q2,3,BRAIN RESEARCH BULLETIN,BRAIN RES BULL,0361-9230,1873-2747,4.5,4.2,Q2,87/330,Q2,Q2,1.01,73.8,386.0,13403.0,NEUROSCIENCES,NEUROSCIENCES(JIF Q2/JCI Q2),PERGAMON-ELSEVIER SCIENCE LTD,Elsevier,是,SCIE,混合为主,"订阅路线通常无APC；Gold OA常见 USD 2,200-4,200",中,https://www.elsevier.com/open-access/agreements,https://www.google.com/search?q=BRAIN+RESEARCH+BULLETIN+aims+scope+instructions+for+authors+APC
152,3-Q2,3,Bratislava Medical Journal,BRATISL MED J,0006-9248,1336-0345,1.4,1.6,Q2,152/336,Q2,Q2,0.35,54.9,386.0,2432.0,"MEDICINE, GENERAL & INTERNAL","MEDICINE, GENERAL & INTERNAL(JIF Q2/JCI Q2)",SPRINGERNATURE,Springer Nature,是,SCIE,混合/全OA,"全OA约 USD 2,090-3,490；Nature系更高；Scientific Reports已拉黑",中高,https://www.springernature.com/gp/open-research/journals-books/journals,https://www.google.com/search?q=Bratislava+Medical+Journal+aims+scope+instructions+for+authors+APC
153,3-Q2,3,ACTA TROPICA,ACTA TROP,0001-706X,1873-6254,2.6,2.7,Q2,9/27,Q1,Q1,0.93,68.5,385.0,12752.0,PARASITOLOGY; TROPICAL MEDICINE,PARASITOLOGY(JIF Q2/JCI Q2) | TROPICAL MEDICINE(JIF Q2/JCI Q1),ELSEVIER,Elsevier,是,SCIE,混合为主,"订阅路线通常无APC；Gold OA常见 USD 2,200-4,200",中,https://www.elsevier.com/open-access/agreements,https://www.google.com/search?q=ACTA+TROPICA+aims+scope+instructions+for+authors+APC
154,3-Q2,3,Microbe,MICROBE-NETH,,2950-1946,3.9,3.9,Q2,71/167,Q2,Q2,0.81,57.8,384.0,1311.0,MICROBIOLOGY,MICROBIOLOGY(JIF Q2/JCI Q2),ELSEVIER,Elsevier,否,ESCI,混合为主,"订阅路线通常无APC；Gold OA常见 USD 2,200-4,200",中,https://www.elsevier.com/open-access/agreements,https://www.google.com/search?q=Microbe+aims+scope+instructions+for+authors+APC
155,3-Q2,3,MOLECULAR ECOLOGY,MOL ECOL,0962-1083,1365-294X,3.7,4.7,Q2,12/54,Q1,Q1,0.96,53.5,383.0,39598.0,BIOCHEMISTRY & MOLECULAR BIOLOGY,BIOCHEMISTRY & MOLECULAR BIOLOGY(JIF Q2/JCI Q1),WILEY,Wiley,是,SCIE,混合为主,"订阅路线通常无APC；OnlineOpen常见 USD 3,200-4,700",中,https://authorservices.wiley.com/author-resources/Journal-Authors/open-access/article-publication-charges.html,https://www.google.com/search?q=MOLECULAR+ECOLOGY+aims+scope+instructions+for+authors+APC
156,3-Q2,3,FOOD AND CHEMICAL TOXICOLOGY,FOOD CHEM TOXICOL,0278-6915,1873-6351,3.2,3.7,Q2,49/106,Q2,Q2,0.79,54.2,382.0,37929.0,TOXICOLOGY,TOXICOLOGY(JIF Q2/JCI Q2),PERGAMON-ELSEVIER SCIENCE LTD,Elsevier,是,SCIE,混合为主,"订阅路线通常无APC；Gold OA常见 USD 2,200-4,200",中,https://www.elsevier.com/open-access/agreements,https://www.google.com/search?q=FOOD+AND+CHEMICAL+TOXICOLOGY+aims+scope+instructions+for+authors+APC
157,3-Q2,3,APPETITE,APPETITE,0195-6663,1095-8304,4.2,4.9,Q2,5/57,Q1,Q1,1.12,71.5,381.0,28139.0,NUTRITION & DIETETICS,NUTRITION & DIETETICS(JIF Q2/JCI Q1),ACADEMIC PRESS LTD- ELSEVIER SCIENCE LTD,Elsevier,是,SCIE,混合为主,"订阅路线通常无APC；Gold OA常见 USD 2,200-4,200",中,https://www.elsevier.com/open-access/agreements,https://www.google.com/search?q=APPETITE+aims+scope+instructions+for+authors+APC
158,3-Q2,3,Journal of Plastic Reconstructive and Aesthetic Surgery,J PLAST RECONSTR AES,1748-6815,1878-0539,2.4,2.6,Q2,95/321,Q2,Q2,0.88,70.6,380.0,11765.0,SURGERY,SURGERY(JIF Q2/JCI Q2),ELSEVIER SCI LTD,Elsevier,是,SCIE,混合为主,"订阅路线通常无APC；Gold OA常见 USD 2,200-4,200",中,https://www.elsevier.com/open-access/agreements,https://www.google.com/search?q=Journal+of+Plastic+Reconstructive+and+Aesthetic+Surgery+aims+scope+instructions+for+authors+APC
159,3-Q2,3,JOURNAL OF NEURO-ONCOLOGY,J NEURO-ONCOL,0167-594X,1573-7373,3.4,3.6,Q2,98/296,Q2,Q2,0.79,67.1,377.0,14899.0,CLINICAL NEUROLOGY; ONCOLOGY,CLINICAL NEUROLOGY(JIF Q2/JCI Q2) | ONCOLOGY(JIF Q2/JCI Q2),SPRINGER,Springer,是,SCIE,混合为主,"订阅路线通常无APC；选OA约 USD 2,790-4,290",中,https://www.springer.com/gp/open-access,https://www.google.com/search?q=JOURNAL+OF+NEURO-ONCOLOGY+aims+scope+instructions+for+authors+APC
160,3-Q2,3,mSystems,MSYSTEMS,,2379-5077,5.2,6.4,Q2,42/167,Q1,Q1,1.28,75.1,375.0,15422.0,MICROBIOLOGY,MICROBIOLOGY(JIF Q2/JCI Q1),AMER SOC MICROBIOLOGY,其他,是,SCIE,需核实,请查期刊官网 Author / Open Access 页面,未知,,https://www.google.com/search?q=mSystems+aims+scope+instructions+for+authors+APC
161,3-Q2,3,THERIOGENOLOGY,THERIOGENOLOGY,0093-691X,1879-3231,2.9,2.9,Q2,22/170,Q1,Q1,1.13,62.5,375.0,21043.0,REPRODUCTIVE BIOLOGY,REPRODUCTIVE BIOLOGY(JIF Q2/JCI Q1),ELSEVIER SCIENCE INC,Elsevier,是,SCIE,混合为主,"订阅路线通常无APC；Gold OA常见 USD 2,200-4,200",中,https://www.elsevier.com/open-access/agreements,https://www.google.com/search?q=THERIOGENOLOGY+aims+scope+instructions+for+authors+APC
162,3-Q2,3,SCIENCE PROGRESS,SCI PROGRESS-UK,0036-8504,2047-7163,2.6,2.7,Q2,52/140,Q1,Q1,0.98,63.2,375.0,3987.0,MULTIDISCIPLINARY SCIENCES,MULTIDISCIPLINARY SCIENCES(JIF Q2/JCI Q1),SAGE PUBLICATIONS LTD,SAGE,是,SCIE,混合为主,"订阅路线通常无APC；SAGE Choice常见 USD 2,000-4,000",中,https://us.sagepub.com/en-us/nam/sage-choice,https://www.google.com/search?q=SCIENCE+PROGRESS+aims+scope+instructions+for+authors+APC
163,3-Q2,3,WORLD JOURNAL OF MICROBIOLOGY & BIOTECHNOLOGY,WORLD J MICROB BIOT,0959-3993,1573-0972,4.7,4.9,Q2,50/180,Q2,Q2,0.81,72.5,372.0,16131.0,BIOTECHNOLOGY & APPLIED MICROBIOLOGY,BIOTECHNOLOGY & APPLIED MICROBIOLOGY(JIF Q2/JCI Q2),SPRINGER,Springer,是,SCIE,混合为主,"订阅路线通常无APC；选OA约 USD 2,790-4,290",中,https://www.springer.com/gp/open-access,https://www.google.com/search?q=WORLD+JOURNAL+OF+MICROBIOLOGY+&+BIOTECHNOLOGY+aims+scope+instructions+for+authors+APC
164,3-Q2,3,ARCHIVES OF ORTHOPAEDIC AND TRAUMA SURGERY,ARCH ORTHOP TRAUM SU,0936-8051,1434-3916,2.2,2.6,Q2,116/321,Q2,Q2,0.92,64.0,371.0,12145.0,ORTHOPEDICS; SURGERY,ORTHOPEDICS(JIF Q2/JCI Q2) | SURGERY(JIF Q2/JCI Q2),SPRINGER,Springer,是,SCIE,混合为主,"订阅路线通常无APC；选OA约 USD 2,790-4,290",中,https://www.springer.com/gp/open-access,https://www.google.com/search?q=ARCHIVES+OF+ORTHOPAEDIC+AND+TRAUMA+SURGERY+aims+scope+instructions+for+authors+APC
165,3-Q2,3,INTERNATIONAL UROLOGY AND NEPHROLOGY,INT UROL NEPHROL,0301-1623,1573-2584,2.2,2.2,Q2,66/134,Q2,Q2,0.67,51.1,370.0,7879.0,UROLOGY & NEPHROLOGY,UROLOGY & NEPHROLOGY(JIF Q2/JCI Q2),SPRINGER,Springer,是,SCIE,混合为主,"订阅路线通常无APC；选OA约 USD 2,790-4,290",中,https://www.springer.com/gp/open-access,https://www.google.com/search?q=INTERNATIONAL+UROLOGY+AND+NEPHROLOGY+aims+scope+instructions+for+authors+APC
166,3-Q2,3,Clinical Nutrition ESPEN,CLIN NUTR ESPEN,2405-4577,2405-4577,3.4,3.4,Q2,50/114,Q3,Q3,0.58,56.6,368.0,7403.0,NUTRITION & DIETETICS,NUTRITION & DIETETICS(JIF Q2/JCI Q3),ELSEVIER,Elsevier,否,ESCI,混合为主,"订阅路线通常无APC；Gold OA常见 USD 2,200-4,200",中,https://www.elsevier.com/open-access/agreements,https://www.google.com/search?q=Clinical+Nutrition+ESPEN+aims+scope+instructions+for+authors+APC
167,3-Q2,3,FRACTALS-COMPLEX GEOMETRY PATTERNS AND SCALING IN NATURE AND SOCIETY,FRACTALS,0218-348X,1793-6543,2.9,2.5,Q2,32/137,Q1,Q1,1.07,68.9,367.0,5968.0,MULTIDISCIPLINARY SCIENCES,MULTIDISCIPLINARY SCIENCES(JIF Q2/JCI Q1),WORLD SCIENTIFIC PUBL CO PTE LTD,其他,是,SCIE,需核实,请查期刊官网 Author / Open Access 页面,未知,,https://www.google.com/search?q=FRACTALS-COMPLEX+GEOMETRY+PATTERNS+AND+SCALING+IN+NATURE+AND+SOCIETY+aims+scope+instructions+for+authors+APC
168,3-Q2,3,JOURNAL OF PHARMACEUTICAL SCIENCES,J PHARM SCI-US,0022-3549,1520-6017,3.9,4.1,Q2,113/356,Q2,Q2,0.83,68.4,366.0,27657.0,"CHEMISTRY, MEDICINAL; PHARMACOLOGY & PHARMACY","CHEMISTRY, MEDICINAL(JIF Q2/JCI Q2) | PHARMACOLOGY & PHARMACY(JIF Q2/JCI Q2)",ELSEVIER SCIENCE INC,Elsevier,是,SCIE,混合为主,"订阅路线通常无APC；Gold OA常见 USD 2,200-4,200",中,https://www.elsevier.com/open-access/agreements,https://www.google.com/search?q=JOURNAL+OF+PHARMACEUTICAL+SCIENCES+aims+scope+instructions+for+authors+APC
169,3-Q2,3,Translational Vision Science & Technology,TRANSL VIS SCI TECHN,2164-2591,2164-2591,2.7,3.3,Q2,32/98,Q1,Q1,1.19,67.9,365.0,7957.0,OPHTHALMOLOGY,OPHTHALMOLOGY(JIF Q2/JCI Q1),ASSOC RESEARCH VISION OPHTHALMOLOGY INC,其他,是,SCIE,需核实,请查期刊官网 Author / Open Access 页面,未知,,https://www.google.com/search?q=Translational+Vision+Science+&+Technology+aims+scope+instructions+for+authors+APC
170,3-Q2,3,AIDS AND BEHAVIOR,AIDS BEHAV,1090-7165,1573-3254,2.5,3.3,Q2,16/48,Q2,Q2,0.82,67.7,362.0,13522.0,"PUBLIC, ENVIRONMENTAL & OCCUPATIONAL HEALTH; SOCIAL SCIENCES, BIOMEDICAL","PUBLIC, ENVIRONMENTAL & OCCUPATIONAL HEALTH(JIF Q2/JCI Q2) | SOCIAL SCIENCES, BIOMEDICAL(JIF Q2/JCI Q2)",SPRINGER/PLENUM PUBLISHERS,Springer,否,SSCI,混合为主,"订阅路线通常无APC；选OA约 USD 2,790-4,290",中,https://www.springer.com/gp/open-access,https://www.google.com/search?q=AIDS+AND+BEHAVIOR+aims+scope+instructions+for+authors+APC
171,3-Q2,3,BIOCHIMICA ET BIOPHYSICA ACTA-MOLECULAR BASIS OF DISEASE,BBA-MOL BASIS DIS,0925-4439,1879-260X,5.0,5.8,Q2,9/81,Q2,Q1,0.93,73.3,358.0,23286.0,BIOCHEMISTRY & MOLECULAR BIOLOGY,BIOCHEMISTRY & MOLECULAR BIOLOGY(JIF Q2/JCI Q2),ELSEVIER,Elsevier,是,SCIE,混合为主,"订阅路线通常无APC；Gold OA常见 USD 2,200-4,200",中,https://www.elsevier.com/open-access/agreements,https://www.google.com/search?q=BIOCHIMICA+ET+BIOPHYSICA+ACTA-MOLECULAR+BASIS+OF+DISEASE+aims+scope+instructions+for+authors+APC
172,3-Q2,3,JOURNAL OF MOLECULAR BIOLOGY,J MOL BIOL,0022-2836,1089-8638,4.7,5.0,Q2,95/328,Q2,Q2,0.86,71.2,355.0,55160.0,BIOCHEMISTRY & MOLECULAR BIOLOGY,BIOCHEMISTRY & MOLECULAR BIOLOGY(JIF Q2/JCI Q2),ACADEMIC PRESS LTD- ELSEVIER SCIENCE LTD,Elsevier,是,SCIE,混合为主,"订阅路线通常无APC；Gold OA常见 USD 2,200-4,200",中,https://www.elsevier.com/open-access/agreements,https://www.google.com/search?q=JOURNAL+OF+MOLECULAR+BIOLOGY+aims+scope+instructions+for+authors+APC
173,3-Q2,3,TOXICOLOGY AND APPLIED PHARMACOLOGY,TOXICOL APPL PHARM,0041-008X,1096-0333,3.6,3.7,Q2,35/106,Q1,Q1,1.0,67.5,351.0,19467.0,PHARMACOLOGY & PHARMACY; TOXICOLOGY,PHARMACOLOGY & PHARMACY(JIF Q2/JCI Q1) | TOXICOLOGY(JIF Q2/JCI Q1),ACADEMIC PRESS INC ELSEVIER SCIENCE,Elsevier,是,SCIE,混合为主,"订阅路线通常无APC；Gold OA常见 USD 2,200-4,200",中,https://www.elsevier.com/open-access/agreements,https://www.google.com/search?q=TOXICOLOGY+AND+APPLIED+PHARMACOLOGY+aims+scope+instructions+for+authors+APC
174,3-Q2,3,JOURNAL OF NUTRITION,J NUTR,0022-3166,1541-6100,4.2,4.5,Q2,33/114,Q2,Q2,0.87,71.5,348.0,38538.0,NUTRITION & DIETETICS,NUTRITION & DIETETICS(JIF Q2/JCI Q2),ELSEVIER SCIENCE INC,Elsevier,是,SCIE,混合为主,"订阅路线通常无APC；Gold OA常见 USD 2,200-4,200",中,https://www.elsevier.com/open-access/agreements,https://www.google.com/search?q=JOURNAL+OF+NUTRITION+aims+scope+instructions+for+authors+APC
175,3-Q2,3,Biomedical Optics Express,BIOMED OPT EXPRESS,2156-7085,2156-7085,3.2,3.2,Q2,64/217,Q2,Q2,0.94,70.7,348.0,16194.0,"RADIOLOGY, NUCLEAR MEDICINE & MEDICAL IMAGING","RADIOLOGY, NUCLEAR MEDICINE & MEDICAL IMAGING(JIF Q2/JCI Q2)",Optica Publishing Group,其他,是,SCIE,需核实,请查期刊官网 Author / Open Access 页面,未知,,https://www.google.com/search?q=Biomedical+Optics+Express+aims+scope+instructions+for+authors+APC
176,3-Q2,3,JOURNAL OF IMMUNOLOGY,J IMMUNOL,0022-1767,1550-6606,4.0,4.2,Q2,75/183,Q2,Q2,0.76,59.3,345.0,95270.0,IMMUNOLOGY,IMMUNOLOGY(JIF Q2/JCI Q2),OXFORD UNIV PRESS,Oxford UP,是,SCIE,混合为主,订阅路线通常无APC；可选OA，费用因刊而异,中,https://academic.oup.com/pages/open-research/open-access,https://www.google.com/search?q=JOURNAL+OF+IMMUNOLOGY+aims+scope+instructions+for+authors+APC
177,3-Q2,3,PROCEEDINGS OF THE ROYAL SOCIETY A-MATHEMATICAL PHYSICAL AND ENGINEERING SCIENCES,P ROY SOC A-MATH PHY,1364-5021,1471-2946,2.7,3.4,Q2,49/140,Q2,Q2,0.79,65.4,343.0,26372.0,MULTIDISCIPLINARY SCIENCES,MULTIDISCIPLINARY SCIENCES(JIF Q2/JCI Q2),ROYAL SOC,其他,是,SCIE,需核实,请查期刊官网 Author / Open Access 页面,未知,,https://www.google.com/search?q=PROCEEDINGS+OF+THE+ROYAL+SOCIETY+A-MATHEMATICAL+PHYSICAL+AND+ENGINEERING+SCIENCES+aims+scope+instructions+for+authors+APC
178,3-Q2,3,AMERICAN JOURNAL OF NEURORADIOLOGY,AM J NEURORADIOL,0195-6108,1936-959X,3.5,3.8,Q2,55/217,Q1,Q1,1.05,74.9,341.0,24365.0,"CLINICAL NEUROLOGY; NEUROIMAGING; RADIOLOGY, NUCLEAR MEDICINE & MEDICAL IMAGING","CLINICAL NEUROLOGY(JIF Q2/JCI Q1) | NEUROIMAGING(JIF Q2/JCI Q2) | RADIOLOGY, NUCLEAR MEDICINE & MEDICAL IMAGING(JIF Q2/JCI Q1)",AMER SOC NEURORADIOLOGY,其他,是,SCIE,需核实,请查期刊官网 Author / Open Access 页面,未知,,https://www.google.com/search?q=AMERICAN+JOURNAL+OF+NEURORADIOLOGY+aims+scope+instructions+for+authors+APC
179,3-Q2,3,PEDIATRIC PULMONOLOGY,PEDIATR PULM,8755-6863,1099-0496,2.4,2.5,Q2,50/190,Q2,Q2,0.78,73.9,337.0,10331.0,PEDIATRICS; RESPIRATORY SYSTEM,PEDIATRICS(JIF Q2/JCI Q2) | RESPIRATORY SYSTEM(JIF Q3/JCI Q2),WILEY,Wiley,是,SCIE,混合为主,"订阅路线通常无APC；OnlineOpen常见 USD 3,200-4,700",中,https://authorservices.wiley.com/author-resources/Journal-Authors/open-access/article-publication-charges.html,https://www.google.com/search?q=PEDIATRIC+PULMONOLOGY+aims+scope+instructions+for+authors+APC
180,3-Q2,3,Translational Oncology,TRANSL ONCOL,1936-5233,1936-5233,4.9,5.2,Q2,89/333,Q2,Q2,0.98,73.4,335.0,10053.0,ONCOLOGY,ONCOLOGY(JIF Q2/JCI Q2),ELSEVIER SCIENCE INC,Elsevier,是,SCIE,混合为主,"订阅路线通常无APC；Gold OA常见 USD 2,200-4,200",中,https://www.elsevier.com/open-access/agreements,https://www.google.com/search?q=Translational+Oncology+aims+scope+instructions+for+authors+APC
181,3-Q2,3,Biochemical Engineering Journal,BIOCHEM ENG J,1369-703X,1873-295X,3.6,3.8,Q2,84/180,Q2,Q2,0.72,53.6,331.0,14148.0,BIOTECHNOLOGY & APPLIED MICROBIOLOGY,BIOTECHNOLOGY & APPLIED MICROBIOLOGY(JIF Q2/JCI Q2),ELSEVIER,Elsevier,是,SCIE,混合为主,"订阅路线通常无APC；Gold OA常见 USD 2,200-4,200",中,https://www.elsevier.com/open-access/agreements,https://www.google.com/search?q=Biochemical+Engineering+Journal+aims+scope+instructions+for+authors+APC
182,3-Q2,3,CLINICAL NEUROLOGY AND NEUROSURGERY,CLIN NEUROL NEUROSUR,0303-8467,1872-6968,1.9,1.9,Q2,145/321,Q3,Q3,0.64,55.0,331.0,10148.0,CLINICAL NEUROLOGY; SURGERY,CLINICAL NEUROLOGY(JIF Q3/JCI Q3) | SURGERY(JIF Q2/JCI Q3),ELSEVIER,Elsevier,是,SCIE,混合为主,"订阅路线通常无APC；Gold OA常见 USD 2,200-4,200",中,https://www.elsevier.com/open-access/agreements,https://www.google.com/search?q=CLINICAL+NEUROLOGY+AND+NEUROSURGERY+aims+scope+instructions+for+authors+APC
183,3-Q2,3,IEEE TRANSACTIONS ON BIOMEDICAL ENGINEERING,IEEE T BIO-MED ENG,0018-9294,1558-2531,4.4,4.9,Q2,47/130,Q2,Q2,0.95,64.2,330.0,28916.0,"ENGINEERING, BIOMEDICAL","ENGINEERING, BIOMEDICAL(JIF Q2/JCI Q2)",IEEE-INST ELECTRICAL ELECTRONICS ENGINEERS INC,IEEE,是,SCIE,混合/OA,因刊而异,中,https://open.ieee.org/,https://www.google.com/search?q=IEEE+TRANSACTIONS+ON+BIOMEDICAL+ENGINEERING+aims+scope+instructions+for+authors+APC
184,3-Q2,3,ENVIRONMENTAL TOXICOLOGY AND CHEMISTRY,ENVIRON TOXICOL CHEM,0730-7268,1552-8618,3.6,4.5,Q2,35/106,Q3,Q2,0.69,67.5,329.0,19747.0,TOXICOLOGY,TOXICOLOGY(JIF Q2/JCI Q3),OXFORD UNIV PRESS,Oxford UP,是,SCIE,混合为主,订阅路线通常无APC；可选OA，费用因刊而异,中,https://academic.oup.com/pages/open-research/open-access,https://www.google.com/search?q=ENVIRONMENTAL+TOXICOLOGY+AND+CHEMISTRY+aims+scope+instructions+for+authors+APC
185,3-Q2,3,FEBS Journal,FEBS J,1742-464X,1742-4658,4.2,6.2,Q2,126/328,Q2,Q2,0.67,61.7,328.0,27624.0,BIOCHEMISTRY & MOLECULAR BIOLOGY,BIOCHEMISTRY & MOLECULAR BIOLOGY(JIF Q2/JCI Q2),WILEY,Wiley,是,SCIE,混合为主,"订阅路线通常无APC；OnlineOpen常见 USD 3,200-4,700",中,https://authorservices.wiley.com/author-resources/Journal-Authors/open-access/article-publication-charges.html,https://www.google.com/search?q=FEBS+Journal+aims+scope+instructions+for+authors+APC
186,3-Q2,3,JOURNAL OF ASSISTED REPRODUCTION AND GENETICS,J ASSIST REPROD GEN,1058-0468,1573-7330,2.8,3.4,Q2,39/143,Q2,Q2,0.86,73.1,327.0,10874.0,GENETICS & HEREDITY; OBSTETRICS & GYNECOLOGY; REPRODUCTIVE BIOLOGY,GENETICS & HEREDITY(JIF Q2/JCI Q2) | OBSTETRICS & GYNECOLOGY(JIF Q2/JCI Q2) | REPRODUCTIVE BIOLOGY(JIF Q2/JCI Q2),SPRINGER/PLENUM PUBLISHERS,Springer,是,SCIE,混合为主,"订阅路线通常无APC；选OA约 USD 2,790-4,290",中,https://www.springer.com/gp/open-access,https://www.google.com/search?q=JOURNAL+OF+ASSISTED+REPRODUCTION+AND+GENETICS+aims+scope+instructions+for+authors+APC
187,3-Q2,3,Updates in Surgery,UPDATES SURG,2038-131X,2038-3312,2.2,2.4,Q2,116/321,Q2,Q2,0.96,64.0,327.0,3831.0,SURGERY,SURGERY(JIF Q2/JCI Q2),SPRINGER-VERLAG ITALIA SRL,Springer,是,SCIE,混合为主,"订阅路线通常无APC；选OA约 USD 2,790-4,290",中,https://www.springer.com/gp/open-access,https://www.google.com/search?q=Updates+in+Surgery+aims+scope+instructions+for+authors+APC
188,3-Q2,3,Journal of the Mechanical Behavior of Biomedical Materials,J MECH BEHAV BIOMED,1751-6161,1878-0180,4.1,4.2,Q2,52/130,Q2,Q2,0.68,60.4,325.0,23127.0,"ENGINEERING, BIOMEDICAL; MATERIALS SCIENCE, BIOMATERIALS","ENGINEERING, BIOMEDICAL(JIF Q2/JCI Q2) | MATERIALS SCIENCE, BIOMATERIALS(JIF Q3/JCI Q2)",ELSEVIER,Elsevier,是,SCIE,混合为主,"订阅路线通常无APC；Gold OA常见 USD 2,200-4,200",中,https://www.elsevier.com/open-access/agreements,https://www.google.com/search?q=Journal+of+the+Mechanical+Behavior+of+Biomedical+Materials+aims+scope+instructions+for+authors+APC
189,3-Q2,3,Preventive Medicine Reports,PREV MED REP,,2211-3355,2.8,3.0,Q2,149/443,Q2,Q2,0.82,66.5,325.0,8198.0,"PUBLIC, ENVIRONMENTAL & OCCUPATIONAL HEALTH","PUBLIC, ENVIRONMENTAL & OCCUPATIONAL HEALTH(JIF Q2/JCI Q2)",ELSEVIER,Elsevier,是,SCIE,混合为主,"订阅路线通常无APC；Gold OA常见 USD 2,200-4,200",中,https://www.elsevier.com/open-access/agreements,https://www.google.com/search?q=Preventive+Medicine+Reports+aims+scope+instructions+for+authors+APC
190,3-Q2,3,Diabetes Metabolic Syndrome and Obesity,DIABET METAB SYND OB,1178-7007,1178-7007,3.5,3.8,Q2,87/198,Q2,Q2,0.71,56.3,324.0,10402.0,ENDOCRINOLOGY & METABOLISM,ENDOCRINOLOGY & METABOLISM(JIF Q2/JCI Q2),DOVE MEDICAL PRESS LTD,其他,是,SCIE,需核实,请查期刊官网 Author / Open Access 页面,未知,,https://www.google.com/search?q=Diabetes+Metabolic+Syndrome+and+Obesity+aims+scope+instructions+for+authors+APC
191,3-Q2,3,ACS Chemical Neuroscience,ACS CHEM NEUROSCI,1948-7193,1948-7193,4.5,4.2,Q2,87/330,Q1,Q1,0.94,73.8,323.0,14448.0,"BIOCHEMISTRY & MOLECULAR BIOLOGY; CHEMISTRY, MEDICINAL; NEUROSCIENCES","BIOCHEMISTRY & MOLECULAR BIOLOGY(JIF Q2/JCI Q1) | CHEMISTRY, MEDICINAL(JIF Q2/JCI Q2) | NEUROSCIENCES(JIF Q2/JCI Q2)",AMER CHEMICAL SOC,其他,是,SCIE,需核实,请查期刊官网 Author / Open Access 页面,未知,,https://www.google.com/search?q=ACS+Chemical+Neuroscience+aims+scope+instructions+for+authors+APC
192,3-Q2,3,EUROPEAN JOURNAL OF APPLIED PHYSIOLOGY,EUR J APPL PHYSIOL,1439-6319,1439-6327,2.9,3.5,Q2,43/136,Q2,Q2,0.99,68.8,323.0,20409.0,SPORT SCIENCES,SPORT SCIENCES(JIF Q2/JCI Q2),SPRINGER,Springer,是,SCIE,混合为主,"订阅路线通常无APC；选OA约 USD 2,790-4,290",中,https://www.springer.com/gp/open-access,https://www.google.com/search?q=EUROPEAN+JOURNAL+OF+APPLIED+PHYSIOLOGY+aims+scope+instructions+for+authors+APC
193,3-Q2,3,ONCOLOGIST,ONCOLOGIST,1083-7159,1549-490X,4.7,5.3,Q2,97/333,Q2,Q2,0.89,71.0,322.0,19919.0,ONCOLOGY,ONCOLOGY(JIF Q2/JCI Q2),OXFORD UNIV PRESS,Oxford UP,是,SCIE,混合为主,订阅路线通常无APC；可选OA，费用因刊而异,中,https://academic.oup.com/pages/open-research/open-access,https://www.google.com/search?q=ONCOLOGIST+aims+scope+instructions+for+authors+APC
194,3-Q2,3,Journal of Neural Engineering,J NEURAL ENG,1741-2560,1741-2552,4.0,4.5,Q2,109/330,Q2,Q2,0.85,67.1,321.0,16177.0,"ENGINEERING, BIOMEDICAL; NEUROSCIENCES","ENGINEERING, BIOMEDICAL(JIF Q2/JCI Q2) | NEUROSCIENCES(JIF Q2/JCI Q2)",IOP Publishing Ltd,其他,是,SCIE,需核实,请查期刊官网 Author / Open Access 页面,未知,,https://www.google.com/search?q=Journal+of+Neural+Engineering+aims+scope+instructions+for+authors+APC
195,3-Q2,3,AMERICAN JOURNAL OF CARDIOLOGY,AM J CARDIOL,0002-9149,1879-1913,2.5,2.4,Q2,111/237,Q2,Q2,0.59,53.4,321.0,30722.0,CARDIAC & CARDIOVASCULAR SYSTEMS,CARDIAC & CARDIOVASCULAR SYSTEMS(JIF Q2/JCI Q2),EXCERPTA MEDICA INC-ELSEVIER SCIENCE INC,Elsevier,是,SCIE,混合为主,"订阅路线通常无APC；Gold OA常见 USD 2,200-4,200",中,https://www.elsevier.com/open-access/agreements,https://www.google.com/search?q=AMERICAN+JOURNAL+OF+CARDIOLOGY+aims+scope+instructions+for+authors+APC
196,3-Q2,3,Translational Lung Cancer Research,TRANSL LUNG CANCER R,2218-6751,2226-4477,3.4,4.2,Q2,36/107,Q2,Q2,0.76,66.8,320.0,7606.0,ONCOLOGY; RESPIRATORY SYSTEM,ONCOLOGY(JIF Q2/JCI Q2) | RESPIRATORY SYSTEM(JIF Q2/JCI Q2),AME PUBLISHING COMPANY,其他,是,SCIE,需核实,请查期刊官网 Author / Open Access 页面,未知,,https://www.google.com/search?q=Translational+Lung+Cancer+Research+aims+scope+instructions+for+authors+APC
197,3-Q2,3,INDIAN JOURNAL OF OPHTHALMOLOGY,INDIAN J OPHTHALMOL,0301-4738,1998-3689,2.2,2.2,Q2,43/98,Q3,Q3,0.64,56.6,320.0,9892.0,OPHTHALMOLOGY,OPHTHALMOLOGY(JIF Q2/JCI Q3),WOLTERS KLUWER MEDKNOW PUBLICATIONS,Wolters Kluwer/LWW,是,SCIE,混合为主,"订阅路线通常无APC；OA常见 USD 2,000-4,000；MEDICINE已拉黑",中,https://wkauthorservices.editage.com/open-access/,https://www.google.com/search?q=INDIAN+JOURNAL+OF+OPHTHALMOLOGY+aims+scope+instructions+for+authors+APC
198,3-Q2,3,JOURNAL OF APPLIED PHYCOLOGY,J APPL PHYCOL,0921-8971,1573-5176,3.6,3.8,Q2,18/124,Q1,Q1,0.92,53.6,317.0,15937.0,BIOTECHNOLOGY & APPLIED MICROBIOLOGY,BIOTECHNOLOGY & APPLIED MICROBIOLOGY(JIF Q2/JCI Q1),SPRINGER,Springer,是,SCIE,混合为主,"订阅路线通常无APC；选OA约 USD 2,790-4,290",中,https://www.springer.com/gp/open-access,https://www.google.com/search?q=JOURNAL+OF+APPLIED+PHYCOLOGY+aims+scope+instructions+for+authors+APC
199,3-Q2,3,MEDICAL ONCOLOGY,MED ONCOL,1357-0560,1559-131X,4.7,4.0,Q2,97/333,Q2,Q2,0.7,71.0,314.0,9172.0,ONCOLOGY,ONCOLOGY(JIF Q2/JCI Q2),HUMANA PRESS INC,其他,是,SCIE,需核实,请查期刊官网 Author / Open Access 页面,未知,,https://www.google.com/search?q=MEDICAL+ONCOLOGY+aims+scope+instructions+for+authors+APC
200,3-Q2,3,APPLIED BIOCHEMISTRY AND BIOTECHNOLOGY,APPL BIOCHEM BIOTECH,0273-2289,1559-0291,3.5,3.5,Q2,88/180,Q2,Q2,0.69,51.4,314.0,16837.0,BIOCHEMISTRY & MOLECULAR BIOLOGY; BIOTECHNOLOGY & APPLIED MICROBIOLOGY,BIOCHEMISTRY & MOLECULAR BIOLOGY(JIF Q2/JCI Q2) | BIOTECHNOLOGY & APPLIED MICROBIOLOGY(JIF Q2/JCI Q2),SPRINGER,Springer,是,SCIE,混合为主,"订阅路线通常无APC；选OA约 USD 2,790-4,290",中,https://www.springer.com/gp/open-access,https://www.google.com/search?q=APPLIED+BIOCHEMISTRY+AND+BIOTECHNOLOGY+aims+scope+instructions+for+authors+APC
201,3-Q2,3,UROLOGY,UROLOGY,0090-4295,1527-9995,2.3,2.3,Q2,61/134,Q2,Q2,0.76,54.9,314.0,19969.0,UROLOGY & NEPHROLOGY,UROLOGY & NEPHROLOGY(JIF Q2/JCI Q2),ELSEVIER SCIENCE INC,Elsevier,是,SCIE,混合为主,"订阅路线通常无APC；Gold OA常见 USD 2,200-4,200",中,https://www.elsevier.com/open-access/agreements,https://www.google.com/search?q=UROLOGY+aims+scope+instructions+for+authors+APC
202,3-Q2,3,JOURNAL OF SPORTS SCIENCES,J SPORT SCI,0264-0414,1466-447X,3.1,3.9,Q2,35/136,Q1,Q1,1.16,74.6,310.0,19880.0,SPORT SCIENCES,SPORT SCIENCES(JIF Q2/JCI Q1),TAYLOR & FRANCIS LTD,Taylor & Francis,是,SCIE,混合为主,"订阅路线通常无APC；Open Select常见 USD 2,500-3,500",中,https://authorservices.taylorandfrancis.com/publishing-open-access/,https://www.google.com/search?q=JOURNAL+OF+SPORTS+SCIENCES+aims+scope+instructions+for+authors+APC
203,3-Q2,3,JSES International,JSES INT,,2666-6383,2.0,,Q2,137/321,Q2,Q2,0.77,57.5,310.0,2002.0,ORTHOPEDICS; SURGERY,ORTHOPEDICS(JIF Q2/JCI Q2) | SURGERY(JIF Q2/JCI Q2),ELSEVIER,Elsevier,否,ESCI,混合为主,"订阅路线通常无APC；Gold OA常见 USD 2,200-4,200",中,https://www.elsevier.com/open-access/agreements,https://www.google.com/search?q=JSES+International+aims+scope+instructions+for+authors+APC
204,3-Q2,3,Biomaterials Science,BIOMATER SCI-UK,2047-4830,2047-4849,6.1,6.1,Q2,17/58,Q2,Q2,0.77,71.6,309.0,23002.0,"MATERIALS SCIENCE, BIOMATERIALS","MATERIALS SCIENCE, BIOMATERIALS(JIF Q2/JCI Q2)",ROYAL SOC CHEMISTRY,其他,是,SCIE,需核实,请查期刊官网 Author / Open Access 页面,未知,,https://www.google.com/search?q=Biomaterials+Science+aims+scope+instructions+for+authors+APC
205,3-Q2,3,American Journal of Cancer Research,AM J CANCER RES,2156-6976,2156-6976,3.1,4.1,Q2,165/333,Q3,Q3,0.6,50.6,308.0,11933.0,ONCOLOGY,ONCOLOGY(JIF Q2/JCI Q3),E-CENTURY PUBLISHING CORP,其他,是,SCIE,需核实,请查期刊官网 Author / Open Access 页面,未知,,https://www.google.com/search?q=American+Journal+of+Cancer+Research+aims+scope+instructions+for+authors+APC
206,3-Q2,3,PEDIATRIC INFECTIOUS DISEASE JOURNAL,PEDIATR INFECT DIS J,0891-3668,1532-0987,2.3,2.1,Q2,55/190,Q2,Q2,0.77,71.3,308.0,11289.0,IMMUNOLOGY; INFECTIOUS DISEASES; PEDIATRICS,IMMUNOLOGY(JIF Q3/JCI Q2) | INFECTIOUS DISEASES(JIF Q3/JCI Q2) | PEDIATRICS(JIF Q2/JCI Q2),LIPPINCOTT WILLIAMS & WILKINS,Wolters Kluwer/LWW,是,SCIE,混合为主,"订阅路线通常无APC；OA常见 USD 2,000-4,000；MEDICINE已拉黑",中,https://wkauthorservices.editage.com/open-access/,https://www.google.com/search?q=PEDIATRIC+INFECTIOUS+DISEASE+JOURNAL+aims+scope+instructions+for+authors+APC
207,3-Q2,3,INTERNATIONAL JOURNAL OF PEDIATRIC OTORHINOLARYNGOLOGY,INT J PEDIATR OTORHI,0165-5876,1872-8464,1.6,1.7,Q2,29/67,Q2,Q2,0.74,57.5,305.0,11271.0,OTORHINOLARYNGOLOGY; PEDIATRICS,OTORHINOLARYNGOLOGY(JIF Q2/JCI Q3) | PEDIATRICS(JIF Q3/JCI Q2),ELSEVIER IRELAND LTD,Elsevier,是,SCIE,混合为主,"订阅路线通常无APC；Gold OA常见 USD 2,200-4,200",中,https://www.elsevier.com/open-access/agreements,https://www.google.com/search?q=INTERNATIONAL+JOURNAL+OF+PEDIATRIC+OTORHINOLARYNGOLOGY+aims+scope+instructions+for+authors+APC
208,3-Q2,3,Journal of the American Medical Directors Association,J AM MED DIR ASSOC,1525-8610,1538-9375,3.4,5.3,Q2,33/72,Q3,Q3,0.78,54.9,303.0,18693.0,GERIATRICS & GERONTOLOGY,GERIATRICS & GERONTOLOGY(JIF Q2/JCI Q3),ELSEVIER SCIENCE INC,Elsevier,是,SCIE,混合为主,"订阅路线通常无APC；Gold OA常见 USD 2,200-4,200",中,https://www.elsevier.com/open-access/agreements,https://www.google.com/search?q=Journal+of+the+American+Medical+Directors+Association+aims+scope+instructions+for+authors+APC
209,3-Q2,3,Bioinformatics Advances,BIOINFORM ADV,,2635-0041,2.6,3.3,Q2,29/67,Q2,Q2,0.72,57.5,303.0,1884.0,MATHEMATICAL & COMPUTATIONAL BIOLOGY,MATHEMATICAL & COMPUTATIONAL BIOLOGY(JIF Q2/JCI Q2),OXFORD UNIV PRESS,Oxford UP,否,ESCI,混合为主,订阅路线通常无APC；可选OA，费用因刊而异,中,https://academic.oup.com/pages/open-research/open-access,https://www.google.com/search?q=Bioinformatics+Advances+aims+scope+instructions+for+authors+APC
210,3-Q2,3,Annals of Clinical and Translational Neurology,ANN CLIN TRANSL NEUR,2328-9503,2328-9503,3.9,4.4,Q2,75/296,Q1,Q1,1.1,74.8,301.0,8679.0,CLINICAL NEUROLOGY; NEUROSCIENCES,CLINICAL NEUROLOGY(JIF Q2/JCI Q1) | NEUROSCIENCES(JIF Q2/JCI Q1),WILEY,Wiley,是,SCIE,混合为主,"订阅路线通常无APC；OnlineOpen常见 USD 3,200-4,700",中,https://authorservices.wiley.com/author-resources/Journal-Authors/open-access/article-publication-charges.html,https://www.google.com/search?q=Annals+of+Clinical+and+Translational+Neurology+aims+scope+instructions+for+authors+APC
211,3-Q2,3,LANGENBECKS ARCHIVES OF SURGERY,LANGENBECK ARCH SURG,1435-2443,1435-2451,2.2,2.3,Q2,116/321,Q2,Q2,0.9,64.0,300.0,6742.0,SURGERY,SURGERY(JIF Q2/JCI Q2),SPRINGER,Springer,是,SCIE,混合为主,"订阅路线通常无APC；选OA约 USD 2,790-4,290",中,https://www.springer.com/gp/open-access,https://www.google.com/search?q=LANGENBECKS+ARCHIVES+OF+SURGERY+aims+scope+instructions+for+authors+APC
212,3-Q2,3,BRITISH JOURNAL OF HAEMATOLOGY,BRIT J HAEMATOL,0007-1048,1365-2141,3.6,4.2,Q2,31/103,Q1,Q1,0.85,70.4,299.0,25452.0,HEMATOLOGY,HEMATOLOGY(JIF Q2/JCI Q1),WILEY,Wiley,是,SCIE,混合为主,"订阅路线通常无APC；OnlineOpen常见 USD 3,200-4,700",中,https://authorservices.wiley.com/author-resources/Journal-Authors/open-access/article-publication-charges.html,https://www.google.com/search?q=BRITISH+JOURNAL+OF+HAEMATOLOGY+aims+scope+instructions+for+authors+APC
213,3-Q2,3,JOURNAL OF EVALUATION IN CLINICAL PRACTICE,J EVAL CLIN PRACT,1356-1294,1365-2753,1.5,2.2,Q2,148/336,Q2,Q2,0.42,56.1,299.0,6609.0,"HEALTH CARE SCIENCES & SERVICES; MEDICAL INFORMATICS; MEDICINE, GENERAL & INTERNAL","HEALTH CARE SCIENCES & SERVICES(JIF Q4/JCI Q4) | MEDICAL INFORMATICS(JIF Q4/JCI Q4) | MEDICINE, GENERAL & INTERNAL(JIF Q2/JCI Q2)",WILEY,Wiley,是,SCIE,混合为主,"订阅路线通常无APC；OnlineOpen常见 USD 3,200-4,700",中,https://authorservices.wiley.com/author-resources/Journal-Authors/open-access/article-publication-charges.html,https://www.google.com/search?q=JOURNAL+OF+EVALUATION+IN+CLINICAL+PRACTICE+aims+scope+instructions+for+authors+APC
214,3-Q2,3,Psychology Health & Medicine,PSYCHOL HEALTH MED,1354-8506,1465-3966,2.2,2.6,Q2,218/443,Q3,Q3,0.64,50.9,298.0,5305.0,"PUBLIC, ENVIRONMENTAL & OCCUPATIONAL HEALTH","PUBLIC, ENVIRONMENTAL & OCCUPATIONAL HEALTH(JIF Q2/JCI Q3)","ROUTLEDGE JOURNALS, TAYLOR & FRANCIS LTD",Taylor & Francis,是,"SCIE, SSCI",混合为主,"订阅路线通常无APC；Open Select常见 USD 2,500-3,500",中,https://authorservices.taylorandfrancis.com/publishing-open-access/,https://www.google.com/search?q=Psychology+Health+&+Medicine+aims+scope+instructions+for+authors+APC
215,3-Q2,3,IRISH JOURNAL OF MEDICAL SCIENCE,IRISH J MED SCI,0021-1265,1863-4362,2.0,1.9,Q2,113/336,Q2,Q2,0.47,66.5,298.0,4532.0,"MEDICINE, GENERAL & INTERNAL","MEDICINE, GENERAL & INTERNAL(JIF Q2/JCI Q2)",SPRINGER LONDON LTD,Springer,是,SCIE,混合为主,"订阅路线通常无APC；选OA约 USD 2,790-4,290",中,https://www.springer.com/gp/open-access,https://www.google.com/search?q=IRISH+JOURNAL+OF+MEDICAL+SCIENCE+aims+scope+instructions+for+authors+APC
216,3-Q2,3,JOURNAL OF THERMAL BIOLOGY,J THERM BIOL,0306-4565,1879-0992,3.2,3.6,Q2,9/183,Q1,Q1,1.3,74.1,297.0,9920.0,BIOLOGY,BIOLOGY(JIF Q2/JCI Q1),PERGAMON-ELSEVIER SCIENCE LTD,Elsevier,是,SCIE,混合为主,"订阅路线通常无APC；Gold OA常见 USD 2,200-4,200",中,https://www.elsevier.com/open-access/agreements,https://www.google.com/search?q=JOURNAL+OF+THERMAL+BIOLOGY+aims+scope+instructions+for+authors+APC
217,3-Q2,3,Journal of Cancer,J CANCER,1837-9664,1837-9664,3.4,3.5,Q2,148/333,Q2,Q2,0.75,55.7,296.0,15496.0,ONCOLOGY,ONCOLOGY(JIF Q2/JCI Q2),IVYSPRING INT PUBL,其他,是,SCIE,需核实,请查期刊官网 Author / Open Access 页面,未知,,https://www.google.com/search?q=Journal+of+Cancer+aims+scope+instructions+for+authors+APC
218,3-Q2,3,Clinical Cosmetic and Investigational Dermatology,CLIN COSMET INV DERM,1178-7015,1178-7015,2.5,2.7,Q2,43/99,Q2,Q2,0.82,57.1,296.0,5386.0,DERMATOLOGY,DERMATOLOGY(JIF Q2/JCI Q2),DOVE MEDICAL PRESS LTD,其他,是,SCIE,需核实,请查期刊官网 Author / Open Access 页面,未知,,https://www.google.com/search?q=Clinical+Cosmetic+and+Investigational+Dermatology+aims+scope+instructions+for+authors+APC
219,3-Q2,3,RSC Medicinal Chemistry,RSC MED CHEM,,2632-8682,4.6,4.8,Q2,97/328,Q2,Q2,0.73,70.6,295.0,4856.0,"BIOCHEMISTRY & MOLECULAR BIOLOGY; CHEMISTRY, MEDICINAL","BIOCHEMISTRY & MOLECULAR BIOLOGY(JIF Q2/JCI Q2) | CHEMISTRY, MEDICINAL(JIF Q2/JCI Q2)",ROYAL SOC CHEMISTRY,其他,是,SCIE,需核实,请查期刊官网 Author / Open Access 页面,未知,,https://www.google.com/search?q=RSC+Medicinal+Chemistry+aims+scope+instructions+for+authors+APC
220,3-Q2,3,BRITISH JOURNAL OF CLINICAL PHARMACOLOGY,BRIT J CLIN PHARMACO,0306-5251,1365-2125,3.0,3.5,Q2,169/356,Q2,Q2,0.73,52.7,295.0,19109.0,PHARMACOLOGY & PHARMACY,PHARMACOLOGY & PHARMACY(JIF Q2/JCI Q2),WILEY,Wiley,是,SCIE,混合为主,"订阅路线通常无APC；OnlineOpen常见 USD 3,200-4,700",中,https://authorservices.wiley.com/author-resources/Journal-Authors/open-access/article-publication-charges.html,https://www.google.com/search?q=BRITISH+JOURNAL+OF+CLINICAL+PHARMACOLOGY+aims+scope+instructions+for+authors+APC
221,3-Q2,3,European Journal of Trauma and Emergency Surgery,EUR J TRAUMA EMERG S,1863-9933,1863-9941,2.3,2.5,Q2,21/55,Q2,Q2,1.03,62.7,294.0,5700.0,EMERGENCY MEDICINE,EMERGENCY MEDICINE(JIF Q2/JCI Q2),SPRINGER HEIDELBERG,Springer,是,SCIE,混合为主,"订阅路线通常无APC；选OA约 USD 2,790-4,290",中,https://www.springer.com/gp/open-access,https://www.google.com/search?q=European+Journal+of+Trauma+and+Emergency+Surgery+aims+scope+instructions+for+authors+APC
222,3-Q2,3,AGING CLINICAL AND EXPERIMENTAL RESEARCH,AGING CLIN EXP RES,1594-0667,1720-8319,4.7,4.2,Q2,20/72,Q2,Q2,0.92,72.9,293.0,11262.0,GERIATRICS & GERONTOLOGY,GERIATRICS & GERONTOLOGY(JIF Q2/JCI Q2),SPRINGER,Springer,是,SCIE,混合为主,"订阅路线通常无APC；选OA约 USD 2,790-4,290",中,https://www.springer.com/gp/open-access,https://www.google.com/search?q=AGING+CLINICAL+AND+EXPERIMENTAL+RESEARCH+aims+scope+instructions+for+authors+APC
223,3-Q2,3,CLINICAL AND EXPERIMENTAL MEDICINE,CLIN EXP MED,1591-8890,1591-9528,4.5,4.4,Q2,59/191,Q2,Q2,0.73,69.4,291.0,5556.0,"MEDICINE, RESEARCH & EXPERIMENTAL","MEDICINE, RESEARCH & EXPERIMENTAL(JIF Q2/JCI Q2)",SPRINGER-VERLAG ITALIA SRL,Springer,是,SCIE,混合为主,"订阅路线通常无APC；选OA约 USD 2,790-4,290",中,https://www.springer.com/gp/open-access,https://www.google.com/search?q=CLINICAL+AND+EXPERIMENTAL+MEDICINE+aims+scope+instructions+for+authors+APC
224,3-Q2,3,ARCHIVES OF BIOCHEMISTRY AND BIOPHYSICS,ARCH BIOCHEM BIOPHYS,0003-9861,1096-0384,3.5,3.9,Q2,24/81,Q2,Q1,0.76,50.5,291.0,23072.0,BIOCHEMISTRY & MOLECULAR BIOLOGY,BIOCHEMISTRY & MOLECULAR BIOLOGY(JIF Q2/JCI Q2),ELSEVIER SCIENCE INC,Elsevier,是,SCIE,混合为主,"订阅路线通常无APC；Gold OA常见 USD 2,200-4,200",中,https://www.elsevier.com/open-access/agreements,https://www.google.com/search?q=ARCHIVES+OF+BIOCHEMISTRY+AND+BIOPHYSICS+aims+scope+instructions+for+authors+APC
225,3-Q2,3,WORLD JOURNAL OF SURGERY,WORLD J SURG,0364-2313,1432-2323,2.2,2.6,Q2,116/321,Q1,Q1,1.05,64.0,291.0,18285.0,SURGERY,SURGERY(JIF Q2/JCI Q1),WILEY,Wiley,是,SCIE,混合为主,"订阅路线通常无APC；OnlineOpen常见 USD 3,200-4,700",中,https://authorservices.wiley.com/author-resources/Journal-Authors/open-access/article-publication-charges.html,https://www.google.com/search?q=WORLD+JOURNAL+OF+SURGERY+aims+scope+instructions+for+authors+APC
226,3-Q2,3,Patient Preference and Adherence,PATIENT PREFER ADHER,1177-889X,,2.6,2.8,Q2,90/336,Q2,Q2,0.7,73.4,290.0,7713.0,"MEDICINE, GENERAL & INTERNAL","MEDICINE, GENERAL & INTERNAL(JIF Q2/JCI Q2)",DOVE MEDICAL PRESS LTD,其他,是,SCIE,需核实,请查期刊官网 Author / Open Access 页面,未知,,https://www.google.com/search?q=Patient+Preference+and+Adherence+aims+scope+instructions+for+authors+APC
227,3-Q2,3,JOURNAL OF RELIGION & HEALTH,J RELIG HEALTH,0022-4197,1573-6571,2.2,2.7,Q2,218/443,Q1,Q1,2.5,50.9,290.0,6369.0,"PUBLIC, ENVIRONMENTAL & OCCUPATIONAL HEALTH","PUBLIC, ENVIRONMENTAL & OCCUPATIONAL HEALTH(JIF Q2/JCI Q1)",SPRINGER,Springer,否,SSCI; AHCI,混合为主,"订阅路线通常无APC；选OA约 USD 2,790-4,290",中,https://www.springer.com/gp/open-access,https://www.google.com/search?q=JOURNAL+OF+RELIGION+&+HEALTH+aims+scope+instructions+for+authors+APC
228,3-Q2,3,MOLECULAR DIVERSITY,MOL DIVERS,1381-1991,1573-501X,4.3,4.1,Q2,22/77,Q2,Q2,0.68,64.6,289.0,6423.0,"CHEMISTRY, MEDICINAL","CHEMISTRY, MEDICINAL(JIF Q2/JCI Q2)",SPRINGER,Springer,是,SCIE,混合为主,"订阅路线通常无APC；选OA约 USD 2,790-4,290",中,https://www.springer.com/gp/open-access,https://www.google.com/search?q=MOLECULAR+DIVERSITY+aims+scope+instructions+for+authors+APC
229,3-Q2,3,THEORETICAL AND APPLIED GENETICS,THEOR APPL GENET,0040-5752,1432-2242,4.1,4.9,Q2,7/45,Q1,Q1,1.09,74.7,289.0,23272.0,GENETICS & HEREDITY,GENETICS & HEREDITY(JIF Q2/JCI Q1),SPRINGER,Springer,是,SCIE,混合为主,"订阅路线通常无APC；选OA约 USD 2,790-4,290",中,https://www.springer.com/gp/open-access,https://www.google.com/search?q=THEORETICAL+AND+APPLIED+GENETICS+aims+scope+instructions+for+authors+APC
230,3-Q2,3,BIOORGANIC & MEDICINAL CHEMISTRY,BIOORGAN MED CHEM,0968-0896,1464-3391,3.5,3.3,Q2,10/58,Q2,Q1,0.74,50.7,288.0,25747.0,"BIOCHEMISTRY & MOLECULAR BIOLOGY; CHEMISTRY, MEDICINAL","BIOCHEMISTRY & MOLECULAR BIOLOGY(JIF Q2/JCI Q2) | CHEMISTRY, MEDICINAL(JIF Q2/JCI Q2)",PERGAMON-ELSEVIER SCIENCE LTD,Elsevier,是,SCIE,混合为主,"订阅路线通常无APC；Gold OA常见 USD 2,200-4,200",中,https://www.elsevier.com/open-access/agreements,https://www.google.com/search?q=BIOORGANIC+&+MEDICINAL+CHEMISTRY+aims+scope+instructions+for+authors+APC
231,3-Q2,3,EUROPEAN JOURNAL OF CLINICAL MICROBIOLOGY & INFECTIOUS DISEASES,EUR J CLIN MICROBIOL,0934-9723,1435-4373,3.2,3.3,Q2,55/141,Q2,Q2,0.79,61.3,288.0,11726.0,INFECTIOUS DISEASES; MICROBIOLOGY,INFECTIOUS DISEASES(JIF Q2/JCI Q2) | MICROBIOLOGY(JIF Q3/JCI Q2),SPRINGER,Springer,是,SCIE,混合为主,"订阅路线通常无APC；选OA约 USD 2,790-4,290",中,https://www.springer.com/gp/open-access,https://www.google.com/search?q=EUROPEAN+JOURNAL+OF+CLINICAL+MICROBIOLOGY+&+INFECTIOUS+DISEASES+aims+scope+instructions+for+authors+APC
232,3-Q2,3,JOURNAL OF CARDIOVASCULAR ELECTROPHYSIOLOGY,J CARDIOVASC ELECTR,1045-3873,1540-8167,2.4,2.3,Q2,117/237,Q2,Q2,0.65,50.8,288.0,8795.0,CARDIAC & CARDIOVASCULAR SYSTEMS,CARDIAC & CARDIOVASCULAR SYSTEMS(JIF Q2/JCI Q2),WILEY,Wiley,是,SCIE,混合为主,"订阅路线通常无APC；OnlineOpen常见 USD 3,200-4,700",中,https://authorservices.wiley.com/author-resources/Journal-Authors/open-access/article-publication-charges.html,https://www.google.com/search?q=JOURNAL+OF+CARDIOVASCULAR+ELECTROPHYSIOLOGY+aims+scope+instructions+for+authors+APC
233,3-Q2,3,JOURNAL OF HEALTH PSYCHOLOGY,J HEALTH PSYCHOL,1359-1053,1461-7277,2.0,2.8,Q2,89/184,Q2,Q2,0.78,51.9,287.0,8541.0,"PSYCHOLOGY, CLINICAL","PSYCHOLOGY, CLINICAL(JIF Q2/JCI Q2)",SAGE PUBLICATIONS LTD,SAGE,否,SSCI,混合为主,"订阅路线通常无APC；SAGE Choice常见 USD 2,000-4,000",中,https://us.sagepub.com/en-us/nam/sage-choice,https://www.google.com/search?q=JOURNAL+OF+HEALTH+PSYCHOLOGY+aims+scope+instructions+for+authors+APC
234,3-Q2,3,CTS-Clinical and Translational Science,CTS-CLIN TRANSL SCI,1752-8054,1752-8062,4.3,4.2,Q2,64/191,Q2,Q2,0.78,66.8,286.0,7061.0,"MEDICINE, RESEARCH & EXPERIMENTAL","MEDICINE, RESEARCH & EXPERIMENTAL(JIF Q2/JCI Q2)",WILEY,Wiley,是,SCIE,混合为主,"订阅路线通常无APC；OnlineOpen常见 USD 3,200-4,700",中,https://authorservices.wiley.com/author-resources/Journal-Authors/open-access/article-publication-charges.html,https://www.google.com/search?q=CTS-Clinical+and+Translational+Science+aims+scope+instructions+for+authors+APC
235,3-Q2,3,Risk Management and Healthcare Policy,RISK MANAG HEALTHC P,,1179-1594,2.6,2.8,Q2,49/125,Q2,Q2,0.81,61.2,286.0,5026.0,HEALTH CARE SCIENCES & SERVICES; HEALTH POLICY & SERVICES,HEALTH CARE SCIENCES & SERVICES(JIF Q2/JCI Q2) | HEALTH POLICY & SERVICES(JIF Q2/JCI Q2),DOVE MEDICAL PRESS LTD,其他,是,SCIE; SSCI,需核实,请查期刊官网 Author / Open Access 页面,未知,,https://www.google.com/search?q=Risk+Management+and+Healthcare+Policy+aims+scope+instructions+for+authors+APC
236,3-Q2,3,JOURNAL OF THE AMERICAN GERIATRICS SOCIETY,J AM GERIATR SOC,0002-8614,1532-5415,4.6,5.2,Q2,4/49,Q2,Q1,1.14,68.8,285.0,38871.0,GERIATRICS & GERONTOLOGY,GERIATRICS & GERONTOLOGY(JIF Q2/JCI Q2),WILEY,Wiley,是,SCIE; SSCI,混合为主,"订阅路线通常无APC；OnlineOpen常见 USD 3,200-4,700",中,https://authorservices.wiley.com/author-resources/Journal-Authors/open-access/article-publication-charges.html,https://www.google.com/search?q=JOURNAL+OF+THE+AMERICAN+GERIATRICS+SOCIETY+aims+scope+instructions+for+authors+APC
237,3-Q2,3,CLINICAL TRANSPLANTATION,CLIN TRANSPLANT,0902-0063,1399-0012,1.8,1.9,Q2,157/321,Q2,Q2,0.7,51.2,284.0,7288.0,SURGERY; TRANSPLANTATION,SURGERY(JIF Q2/JCI Q2) | TRANSPLANTATION(JIF Q3/JCI Q2),WILEY,Wiley,是,SCIE,混合为主,"订阅路线通常无APC；OnlineOpen常见 USD 3,200-4,700",中,https://authorservices.wiley.com/author-resources/Journal-Authors/open-access/article-publication-charges.html,https://www.google.com/search?q=CLINICAL+TRANSPLANTATION+aims+scope+instructions+for+authors+APC
238,3-Q2,3,GAIT & POSTURE,GAIT POSTURE,0966-6362,1879-2219,2.7,3.2,Q2,39/147,Q2,Q2,0.86,73.8,283.0,21613.0,NEUROSCIENCES; ORTHOPEDICS; SPORT SCIENCES,NEUROSCIENCES(JIF Q3/JCI Q2) | ORTHOPEDICS(JIF Q2/JCI Q2) | SPORT SCIENCES(JIF Q2/JCI Q2),ELSEVIER IRELAND LTD,Elsevier,是,SCIE,混合为主,"订阅路线通常无APC；Gold OA常见 USD 2,200-4,200",中,https://www.elsevier.com/open-access/agreements,https://www.google.com/search?q=GAIT+&+POSTURE+aims+scope+instructions+for+authors+APC
239,3-Q2,3,AMERICAN JOURNAL OF SURGERY,AM J SURG,0002-9610,1879-1883,2.3,2.6,Q2,105/321,Q1,Q1,1.1,67.4,281.0,17699.0,SURGERY,SURGERY(JIF Q2/JCI Q1),EXCERPTA MEDICA INC-ELSEVIER SCIENCE INC,Elsevier,是,SCIE,混合为主,"订阅路线通常无APC；Gold OA常见 USD 2,200-4,200",中,https://www.elsevier.com/open-access/agreements,https://www.google.com/search?q=AMERICAN+JOURNAL+OF+SURGERY+aims+scope+instructions+for+authors+APC
240,3-Q2,3,JMIR Medical Informatics,JMIR MED INF,,2291-9694,5.0,4.5,Q2,17/54,Q3,Q3,0.85,69.4,280.0,6085.0,MEDICAL INFORMATICS,MEDICAL INFORMATICS(JIF Q2/JCI Q3),"JMIR PUBLICATIONS, INC",其他,是,SCIE,需核实,请查期刊官网 Author / Open Access 页面,未知,,https://www.google.com/search?q=JMIR+Medical+Informatics+aims+scope+instructions+for+authors+APC
241,3-Q2,3,JOURNAL OF NATURAL PRODUCTS,J NAT PROD,0163-3864,1520-6025,3.7,4.1,Q2,73/285,Q1,Q1,0.95,66.4,280.0,27593.0,"CHEMISTRY, MEDICINAL; PHARMACOLOGY & PHARMACY","CHEMISTRY, MEDICINAL(JIF Q2/JCI Q2) | PHARMACOLOGY & PHARMACY(JIF Q2/JCI Q1)",AMER CHEMICAL SOC,其他,是,SCIE,需核实,请查期刊官网 Author / Open Access 页面,未知,,https://www.google.com/search?q=JOURNAL+OF+NATURAL+PRODUCTS+aims+scope+instructions+for+authors+APC
242,3-Q2,3,Comparative Biochemistry and Physiology D-Genomics & Proteomics,COMP BIOCHEM PHYS D,1744-117X,1878-0407,2.9,3.0,Q2,85/192,Q2,Q2,0.65,56.0,279.0,2797.0,BIOCHEMISTRY & MOLECULAR BIOLOGY; GENETICS & HEREDITY,BIOCHEMISTRY & MOLECULAR BIOLOGY(JIF Q3/JCI Q2) | GENETICS & HEREDITY(JIF Q2/JCI Q2),ELSEVIER SCIENCE INC,Elsevier,是,SCIE,混合为主,"订阅路线通常无APC；Gold OA常见 USD 2,200-4,200",中,https://www.elsevier.com/open-access/agreements,https://www.google.com/search?q=Comparative+Biochemistry+and+Physiology+D-Genomics+&+Proteomics+aims+scope+instructions+for+authors+APC
243,3-Q2,3,VIRCHOWS ARCHIV,VIRCHOWS ARCH,0945-6317,1432-2307,3.0,3.3,Q2,26/89,Q1,Q1,1.1,71.3,278.0,8456.0,PATHOLOGY,PATHOLOGY(JIF Q2/JCI Q1),SPRINGER,Springer,是,SCIE,混合为主,"订阅路线通常无APC；选OA约 USD 2,790-4,290",中,https://www.springer.com/gp/open-access,https://www.google.com/search?q=VIRCHOWS+ARCHIV+aims+scope+instructions+for+authors+APC
244,3-Q2,3,JOURNAL OF STRENGTH AND CONDITIONING RESEARCH,J STRENGTH COND RES,1064-8011,1533-4287,3.0,3.5,Q2,38/136,Q1,Q1,1.2,72.4,277.0,29836.0,SPORT SCIENCES,SPORT SCIENCES(JIF Q2/JCI Q1),LIPPINCOTT WILLIAMS & WILKINS,Wolters Kluwer/LWW,是,SCIE,混合为主,"订阅路线通常无APC；OA常见 USD 2,000-4,000；MEDICINE已拉黑",中,https://wkauthorservices.editage.com/open-access/,https://www.google.com/search?q=JOURNAL+OF+STRENGTH+AND+CONDITIONING+RESEARCH+aims+scope+instructions+for+authors+APC
245,3-Q2,3,PATIENT EDUCATION AND COUNSELING,PATIENT EDUC COUNS,0738-3991,1873-5134,3.1,4.0,Q2,28/275,Q1,Q1,1.06,71.2,276.0,20162.0,"PUBLIC, ENVIRONMENTAL & OCCUPATIONAL HEALTH","PUBLIC, ENVIRONMENTAL & OCCUPATIONAL HEALTH(JIF Q2/JCI Q1)",ELSEVIER IRELAND LTD,Elsevier,是,SCIE; SSCI,混合为主,"订阅路线通常无APC；Gold OA常见 USD 2,200-4,200",中,https://www.elsevier.com/open-access/agreements,https://www.google.com/search?q=PATIENT+EDUCATION+AND+COUNSELING+aims+scope+instructions+for+authors+APC
246,3-Q2,3,Journal of Surgical Education,J SURG EDUC,1931-7204,1878-7452,2.2,2.5,Q2,32/89,Q2,Q2,0.98,64.0,276.0,6457.0,SURGERY,SURGERY(JIF Q2/JCI Q2),ELSEVIER SCIENCE INC,Elsevier,是,SCIE,混合为主,"订阅路线通常无APC；Gold OA常见 USD 2,200-4,200",中,https://www.elsevier.com/open-access/agreements,https://www.google.com/search?q=Journal+of+Surgical+Education+aims+scope+instructions+for+authors+APC
247,3-Q2,3,World Journal of Psychiatry,WORLD J PSYCHIATR,2220-3206,2220-3206,3.0,4.2,Q2,112/293,Q2,Q2,0.74,61.9,275.0,3437.0,PSYCHIATRY,PSYCHIATRY(JIF Q2/JCI Q2),BAISHIDENG PUBLISHING GROUP INC,其他,是,SCIE,需核实,请查期刊官网 Author / Open Access 页面,未知,,https://www.google.com/search?q=World+Journal+of+Psychiatry+aims+scope+instructions+for+authors+APC
248,3-Q2,3,ACTA PAEDIATRICA,ACTA PAEDIATR,0803-5253,1651-2227,1.8,2.4,Q2,90/190,Q2,Q2,0.88,52.9,273.0,13924.0,PEDIATRICS,PEDIATRICS(JIF Q2/JCI Q2),WILEY,Wiley,是,SCIE,混合为主,"订阅路线通常无APC；OnlineOpen常见 USD 3,200-4,700",中,https://authorservices.wiley.com/author-resources/Journal-Authors/open-access/article-publication-charges.html,https://www.google.com/search?q=ACTA+PAEDIATRICA+aims+scope+instructions+for+authors+APC
249,3-Q2,3,UROLOGIC ONCOLOGY-SEMINARS AND ORIGINAL INVESTIGATIONS,UROL ONCOL-SEMIN ORI,1078-1439,1873-2496,2.8,2.5,Q2,48/134,Q2,Q2,0.69,64.6,270.0,7423.0,ONCOLOGY; UROLOGY & NEPHROLOGY,ONCOLOGY(JIF Q3/JCI Q2) | UROLOGY & NEPHROLOGY(JIF Q2/JCI Q2),ELSEVIER SCIENCE INC,Elsevier,是,SCIE,混合为主,"订阅路线通常无APC；Gold OA常见 USD 2,200-4,200",中,https://www.elsevier.com/open-access/agreements,https://www.google.com/search?q=UROLOGIC+ONCOLOGY-SEMINARS+AND+ORIGINAL+INVESTIGATIONS+aims+scope+instructions+for+authors+APC
250,3-Q2,3,NUTRITION METABOLISM AND CARDIOVASCULAR DISEASES,NUTR METAB CARDIOVAS,0939-4753,1590-3729,3.9,3.8,Q2,66/237,Q2,Q2,0.88,72.4,269.0,10940.0,CARDIAC & CARDIOVASCULAR SYSTEMS; ENDOCRINOLOGY & METABOLISM; NUTRITION & DIETETICS,CARDIAC & CARDIOVASCULAR SYSTEMS(JIF Q2/JCI Q2) | ENDOCRINOLOGY & METABOLISM(JIF Q2/JCI Q2) | NUTRITION & DIETETICS(JIF Q2/JCI Q2),ELSEVIER SCI LTD,Elsevier,是,SCIE,混合为主,"订阅路线通常无APC；Gold OA常见 USD 2,200-4,200",中,https://www.elsevier.com/open-access/agreements,https://www.google.com/search?q=NUTRITION+METABOLISM+AND+CARDIOVASCULAR+DISEASES+aims+scope+instructions+for+authors+APC
251,3-Q2,3,ACTA NEUROCHIRURGICA,ACTA NEUROCHIR,0001-6268,0942-0940,1.9,2.2,Q2,145/321,Q2,Q2,0.7,55.0,269.0,12146.0,CLINICAL NEUROLOGY; SURGERY,CLINICAL NEUROLOGY(JIF Q3/JCI Q3) | SURGERY(JIF Q2/JCI Q2),SPRINGER WIEN,Springer,是,SCIE,混合为主,"订阅路线通常无APC；选OA约 USD 2,790-4,290",中,https://www.springer.com/gp/open-access,https://www.google.com/search?q=ACTA+NEUROCHIRURGICA+aims+scope+instructions+for+authors+APC
252,3-Q2,3,GRAEFES ARCHIVE FOR CLINICAL AND EXPERIMENTAL OPHTHALMOLOGY,GRAEF ARCH CLIN EXP,0721-832X,1435-702X,2.8,2.7,Q2,31/98,Q2,Q2,1.0,68.9,267.0,12799.0,OPHTHALMOLOGY,OPHTHALMOLOGY(JIF Q2/JCI Q2),SPRINGER,Springer,是,SCIE,混合为主,"订阅路线通常无APC；选OA约 USD 2,790-4,290",中,https://www.springer.com/gp/open-access,https://www.google.com/search?q=GRAEFES+ARCHIVE+FOR+CLINICAL+AND+EXPERIMENTAL+OPHTHALMOLOGY+aims+scope+instructions+for+authors+APC
253,3-Q2,3,JOURNAL OF HAND SURGERY-AMERICAN VOLUME,J HAND SURG-AM,0363-5023,1531-6564,2.4,2.4,Q2,95/321,Q1,Q1,0.99,70.6,267.0,14086.0,ORTHOPEDICS; SURGERY,ORTHOPEDICS(JIF Q2/JCI Q2) | SURGERY(JIF Q2/JCI Q1),W B SAUNDERS CO-ELSEVIER INC,Elsevier,是,SCIE,混合为主,"订阅路线通常无APC；Gold OA常见 USD 2,200-4,200",中,https://www.elsevier.com/open-access/agreements,https://www.google.com/search?q=JOURNAL+OF+HAND+SURGERY-AMERICAN+VOLUME+aims+scope+instructions+for+authors+APC
254,3-Q2,3,JOURNAL OF MOLECULAR GRAPHICS & MODELLING,J MOL GRAPH MODEL,1093-3263,1873-4243,3.1,2.6,Q2,8/31,Q1,Q1,0.87,73.9,266.0,14730.0,BIOCHEMISTRY & MOLECULAR BIOLOGY; MATHEMATICAL & COMPUTATIONAL BIOLOGY,BIOCHEMISTRY & MOLECULAR BIOLOGY(JIF Q3/JCI Q2) | MATHEMATICAL & COMPUTATIONAL BIOLOGY(JIF Q2/JCI Q1),ELSEVIER SCIENCE INC,Elsevier,是,SCIE,混合为主,"订阅路线通常无APC；Gold OA常见 USD 2,200-4,200",中,https://www.elsevier.com/open-access/agreements,https://www.google.com/search?q=JOURNAL+OF+MOLECULAR+GRAPHICS+&+MODELLING+aims+scope+instructions+for+authors+APC
255,3-Q2,3,NEURORADIOLOGY,NEURORADIOLOGY,0028-3940,1432-1920,2.8,2.8,Q2,80/217,Q2,Q2,0.72,63.4,266.0,7161.0,"CLINICAL NEUROLOGY; NEUROIMAGING; RADIOLOGY, NUCLEAR MEDICINE & MEDICAL IMAGING","CLINICAL NEUROLOGY(JIF Q2/JCI Q3) | NEUROIMAGING(JIF Q2/JCI Q2) | RADIOLOGY, NUCLEAR MEDICINE & MEDICAL IMAGING(JIF Q2/JCI Q2)",SPRINGER,Springer,是,SCIE,混合为主,"订阅路线通常无APC；选OA约 USD 2,790-4,290",中,https://www.springer.com/gp/open-access,https://www.google.com/search?q=NEURORADIOLOGY+aims+scope+instructions+for+authors+APC
256,3-Q2,3,Journal of Stomatology Oral and Maxillofacial Surgery,J STOMATOL ORAL MAXI,2468-8509,2468-7855,2.4,2.4,Q2,63/165,Q2,Q2,0.8,62.1,266.0,3156.0,"DENTISTRY, ORAL SURGERY & MEDICINE","DENTISTRY, ORAL SURGERY & MEDICINE(JIF Q2/JCI Q2)",ELSEVIER,Elsevier,是,SCIE,混合为主,"订阅路线通常无APC；Gold OA常见 USD 2,200-4,200",中,https://www.elsevier.com/open-access/agreements,https://www.google.com/search?q=Journal+of+Stomatology+Oral+and+Maxillofacial+Surgery+aims+scope+instructions+for+authors+APC
257,3-Q2,3,NEUROCHEMICAL RESEARCH,NEUROCHEM RES,0364-3190,1573-6903,4.5,4.5,Q2,87/330,Q2,Q2,0.84,73.8,264.0,14927.0,BIOCHEMISTRY & MOLECULAR BIOLOGY; NEUROSCIENCES,BIOCHEMISTRY & MOLECULAR BIOLOGY(JIF Q2/JCI Q2) | NEUROSCIENCES(JIF Q2/JCI Q2),SPRINGER/PLENUM PUBLISHERS,Springer,是,SCIE,混合为主,"订阅路线通常无APC；选OA约 USD 2,790-4,290",中,https://www.springer.com/gp/open-access,https://www.google.com/search?q=NEUROCHEMICAL+RESEARCH+aims+scope+instructions+for+authors+APC
258,3-Q2,3,mSphere,MSPHERE,,2379-5042,4.0,4.3,Q2,69/167,Q2,Q2,0.92,59.0,263.0,10547.0,MICROBIOLOGY,MICROBIOLOGY(JIF Q2/JCI Q2),AMER SOC MICROBIOLOGY,其他,是,SCIE,需核实,请查期刊官网 Author / Open Access 页面,未知,,https://www.google.com/search?q=mSphere+aims+scope+instructions+for+authors+APC
259,3-Q2,3,JOURNAL OF CARDIOTHORACIC AND VASCULAR ANESTHESIA,J CARDIOTHOR VASC AN,1053-0770,1532-8422,2.6,2.4,Q2,30/72,Q2,Q2,0.6,59.0,262.0,9186.0,ANESTHESIOLOGY; CARDIAC & CARDIOVASCULAR SYSTEMS; PERIPHERAL VASCULAR DISEASE; RESPIRATORY SYSTEM,ANESTHESIOLOGY(JIF Q2/JCI Q3) | CARDIAC & CARDIOVASCULAR SYSTEMS(JIF Q2/JCI Q2) | PERIPHERAL VASCULAR DISEASE(JIF Q3/JCI Q2) | RESPIRATORY SYSTEM(JIF Q2/JCI Q3),W B SAUNDERS CO-ELSEVIER INC,Elsevier,是,SCIE,混合为主,"订阅路线通常无APC；Gold OA常见 USD 2,200-4,200",中,https://www.elsevier.com/open-access/agreements,https://www.google.com/search?q=JOURNAL+OF+CARDIOTHORACIC+AND+VASCULAR+ANESTHESIA+aims+scope+instructions+for+authors+APC
260,3-Q2,3,OTOLOGY & NEUROTOLOGY,OTOL NEUROTOL,1531-7129,1537-4505,1.7,1.9,Q2,27/67,Q2,Q2,0.8,60.4,262.0,11287.0,CLINICAL NEUROLOGY; OTORHINOLARYNGOLOGY,CLINICAL NEUROLOGY(JIF Q3/JCI Q2) | OTORHINOLARYNGOLOGY(JIF Q2/JCI Q2),LIPPINCOTT WILLIAMS & WILKINS,Wolters Kluwer/LWW,是,SCIE,混合为主,"订阅路线通常无APC；OA常见 USD 2,000-4,000；MEDICINE已拉黑",中,https://wkauthorservices.editage.com/open-access/,https://www.google.com/search?q=OTOLOGY+&+NEUROTOLOGY+aims+scope+instructions+for+authors+APC
261,3-Q2,3,EXPERIMENTAL CELL RESEARCH,EXP CELL RES,0014-4827,1090-2422,3.5,3.6,Q2,142/333,Q2,Q2,0.64,57.5,261.0,20636.0,CELL BIOLOGY; ONCOLOGY,CELL BIOLOGY(JIF Q3/JCI Q3) | ONCOLOGY(JIF Q2/JCI Q2),ELSEVIER INC,Elsevier,是,SCIE,混合为主,"订阅路线通常无APC；Gold OA常见 USD 2,200-4,200",中,https://www.elsevier.com/open-access/agreements,https://www.google.com/search?q=EXPERIMENTAL+CELL+RESEARCH+aims+scope+instructions+for+authors+APC
262,3-Q2,3,ChemMedChem,CHEMMEDCHEM,1860-7179,1860-7187,3.5,3.5,Q2,134/356,Q2,Q2,0.73,62.5,260.0,10677.0,"CHEMISTRY, MEDICINAL; PHARMACOLOGY & PHARMACY","CHEMISTRY, MEDICINAL(JIF Q2/JCI Q2) | PHARMACOLOGY & PHARMACY(JIF Q2/JCI Q2)",WILEY-V C H VERLAG GMBH,Wiley,是,SCIE,混合为主,"订阅路线通常无APC；OnlineOpen常见 USD 3,200-4,700",中,https://authorservices.wiley.com/author-resources/Journal-Authors/open-access/article-publication-charges.html,https://www.google.com/search?q=ChemMedChem+aims+scope+instructions+for+authors+APC
263,3-Q2,3,Movement Disorders Clinical Practice,MOV DISORD CLIN PRAC,2330-1619,2330-1619,3.4,3.6,Q2,98/296,Q3,Q3,0.71,67.1,258.0,4467.0,CLINICAL NEUROLOGY,CLINICAL NEUROLOGY(JIF Q2/JCI Q3),WILEY,Wiley,是,SCIE,混合为主,"订阅路线通常无APC；OnlineOpen常见 USD 3,200-4,700",中,https://authorservices.wiley.com/author-resources/Journal-Authors/open-access/article-publication-charges.html,https://www.google.com/search?q=Movement+Disorders+Clinical+Practice+aims+scope+instructions+for+authors+APC
264,3-Q2,3,JOURNAL OF CRANIO-MAXILLOFACIAL SURGERY,J CRANIO MAXILL SURG,1010-5182,1878-4119,2.1,2.5,Q2,128/321,Q2,Q2,0.93,60.3,258.0,8242.0,"DENTISTRY, ORAL SURGERY & MEDICINE; SURGERY","DENTISTRY, ORAL SURGERY & MEDICINE(JIF Q2/JCI Q2) | SURGERY(JIF Q2/JCI Q2)",CHURCHILL LIVINGSTONE,Elsevier,是,SCIE,混合为主,"订阅路线通常无APC；Gold OA常见 USD 2,200-4,200",中,https://www.elsevier.com/open-access/agreements,https://www.google.com/search?q=JOURNAL+OF+CRANIO-MAXILLOFACIAL+SURGERY+aims+scope+instructions+for+authors+APC
265,3-Q2,3,Schizophrenia Research,SCHIZOPHR RES,0920-9964,1573-2509,3.7,4.0,Q2,81/293,Q1,Q1,1.08,72.5,257.0,22447.0,PSYCHIATRY,PSYCHIATRY(JIF Q2/JCI Q1),ELSEVIER,Elsevier,是,"SCIE, SSCI",混合为主,"订阅路线通常无APC；Gold OA常见 USD 2,200-4,200",中,https://www.elsevier.com/open-access/agreements,https://www.google.com/search?q=Schizophrenia+Research+aims+scope+instructions+for+authors+APC
266,3-Q2,3,JOURNAL OF APPLIED TOXICOLOGY,J APPL TOXICOL,0260-437X,1099-1263,3.1,3.3,Q2,52/106,Q3,Q3,0.67,51.4,256.0,6957.0,TOXICOLOGY,TOXICOLOGY(JIF Q2/JCI Q3),WILEY,Wiley,是,SCIE,混合为主,"订阅路线通常无APC；OnlineOpen常见 USD 3,200-4,700",中,https://authorservices.wiley.com/author-resources/Journal-Authors/open-access/article-publication-charges.html,https://www.google.com/search?q=JOURNAL+OF+APPLIED+TOXICOLOGY+aims+scope+instructions+for+authors+APC
267,3-Q2,3,Translational Pediatrics,TRANSL PEDIATR,2224-4336,2224-4344,2.0,2.6,Q2,78/190,Q2,Q2,0.81,59.2,256.0,3415.0,PEDIATRICS,PEDIATRICS(JIF Q2/JCI Q2),AME PUBLISHING COMPANY,其他,是,SCIE,需核实,请查期刊官网 Author / Open Access 页面,未知,,https://www.google.com/search?q=Translational+Pediatrics+aims+scope+instructions+for+authors+APC
268,3-Q2,3,ACS Chemical Biology,ACS CHEM BIOL,1554-8929,1554-8937,3.6,3.8,Q2,158/328,Q2,Q2,0.78,52.0,254.0,17034.0,BIOCHEMISTRY & MOLECULAR BIOLOGY,BIOCHEMISTRY & MOLECULAR BIOLOGY(JIF Q2/JCI Q2),AMER CHEMICAL SOC,其他,是,SCIE,需核实,请查期刊官网 Author / Open Access 页面,未知,,https://www.google.com/search?q=ACS+Chemical+Biology+aims+scope+instructions+for+authors+APC
269,3-Q2,3,INTERNATIONAL JOURNAL OF BIFURCATION AND CHAOS,INT J BIFURCAT CHAOS,0218-1274,1793-6551,2.4,1.9,Q2,41/137,Q2,Q2,0.74,61.1,254.0,8267.0,MULTIDISCIPLINARY SCIENCES,MULTIDISCIPLINARY SCIENCES(JIF Q2/JCI Q2),WORLD SCIENTIFIC PUBL CO PTE LTD,其他,是,SCIE,需核实,请查期刊官网 Author / Open Access 页面,未知,,https://www.google.com/search?q=INTERNATIONAL+JOURNAL+OF+BIFURCATION+AND+CHAOS+aims+scope+instructions+for+authors+APC
270,3-Q2,3,JOURNALS OF GERONTOLOGY SERIES A-BIOLOGICAL SCIENCES AND MEDICAL SCIENCES,J GERONTOL A-BIOL,1079-5006,1758-535X,4.6,5.1,Q2,4/49,Q1,Q1,1.29,68.8,253.0,29009.0,GERIATRICS & GERONTOLOGY,GERIATRICS & GERONTOLOGY(JIF Q2/JCI Q1),OXFORD UNIV PRESS INC,Oxford UP,是,SCIE; SSCI,混合为主,订阅路线通常无APC；可选OA，费用因刊而异,中,https://academic.oup.com/pages/open-research/open-access,https://www.google.com/search?q=JOURNALS+OF+GERONTOLOGY+SERIES+A-BIOLOGICAL+SCIENCES+AND+MEDICAL+SCIENCES+aims+scope+instructions+for+authors+APC
271,3-Q2,3,AIDS,AIDS,0269-9370,1473-5571,2.9,3.1,Q2,64/141,Q2,Q2,0.81,55.0,253.0,13944.0,IMMUNOLOGY; INFECTIOUS DISEASES; VIROLOGY,IMMUNOLOGY(JIF Q3/JCI Q2) | INFECTIOUS DISEASES(JIF Q2/JCI Q2) | VIROLOGY(JIF Q2/JCI Q2),LIPPINCOTT WILLIAMS & WILKINS,Wolters Kluwer/LWW,是,SCIE,混合为主,"订阅路线通常无APC；OA常见 USD 2,000-4,000；MEDICINE已拉黑",中,https://wkauthorservices.editage.com/open-access/,https://www.google.com/search?q=AIDS+aims+scope+instructions+for+authors+APC
272,3-Q2,3,Psychological Trauma-Theory Research Practice and Policy,PSYCHOL TRAUMA-US,1942-9681,1942-969X,2.8,3.3,Q2,54/184,Q2,Q2,0.89,70.9,253.0,7124.0,"PSYCHIATRY; PSYCHOLOGY, CLINICAL","PSYCHIATRY(JIF Q2/JCI Q2) | PSYCHOLOGY, CLINICAL(JIF Q2/JCI Q2)",EDUCATIONAL PUBLISHING FOUNDATION-AMERICAN PSYCHOLOGICAL ASSOC,其他,否,SSCI,需核实,请查期刊官网 Author / Open Access 页面,未知,,https://www.google.com/search?q=Psychological+Trauma-Theory+Research+Practice+and+Policy+aims+scope+instructions+for+authors+APC
273,3-Q2,3,Physica Medica-European Journal of Medical Physics,PHYS MEDICA,1120-1797,1724-191X,2.7,3.3,Q2,88/217,Q2,Q2,0.79,59.7,253.0,6985.0,"RADIOLOGY, NUCLEAR MEDICINE & MEDICAL IMAGING","RADIOLOGY, NUCLEAR MEDICINE & MEDICAL IMAGING(JIF Q2/JCI Q2)",ELSEVIER SCI LTD,Elsevier,是,SCIE,混合为主,"订阅路线通常无APC；Gold OA常见 USD 2,200-4,200",中,https://www.elsevier.com/open-access/agreements,https://www.google.com/search?q=Physica+Medica-European+Journal+of+Medical+Physics+aims+scope+instructions+for+authors+APC
274,3-Q2,3,PEDIATRIC SURGERY INTERNATIONAL,PEDIATR SURG INT,0179-0358,1437-9813,1.8,1.8,Q2,90/190,Q2,Q2,0.76,52.9,253.0,6347.0,PEDIATRICS; SURGERY,PEDIATRICS(JIF Q2/JCI Q2) | SURGERY(JIF Q2/JCI Q2),SPRINGER,Springer,是,SCIE,混合为主,"订阅路线通常无APC；选OA约 USD 2,790-4,290",中,https://www.springer.com/gp/open-access,https://www.google.com/search?q=PEDIATRIC+SURGERY+INTERNATIONAL+aims+scope+instructions+for+authors+APC
275,3-Q2,3,JOURNAL OF PHARMACOLOGY AND EXPERIMENTAL THERAPEUTICS,J PHARMACOL EXP THER,0022-3565,1521-0103,4.3,3.6,Q2,95/356,Q1,Q1,1.09,73.5,252.0,20272.0,PHARMACOLOGY & PHARMACY,PHARMACOLOGY & PHARMACY(JIF Q2/JCI Q1),ELSEVIER,Elsevier,是,SCIE,混合为主,"订阅路线通常无APC；Gold OA常见 USD 2,200-4,200",中,https://www.elsevier.com/open-access/agreements,https://www.google.com/search?q=JOURNAL+OF+PHARMACOLOGY+AND+EXPERIMENTAL+THERAPEUTICS+aims+scope+instructions+for+authors+APC
276,3-Q2,3,EUROPEAN JOURNAL OF NUTRITION,EUR J NUTR,1436-6207,1436-6215,4.5,4.9,Q2,31/114,Q2,Q2,0.87,73.2,250.0,14395.0,NUTRITION & DIETETICS,NUTRITION & DIETETICS(JIF Q2/JCI Q2),SPRINGER HEIDELBERG,Springer,是,SCIE,混合为主,"订阅路线通常无APC；选OA约 USD 2,790-4,290",中,https://www.springer.com/gp/open-access,https://www.google.com/search?q=EUROPEAN+JOURNAL+OF+NUTRITION+aims+scope+instructions+for+authors+APC
277,3-Q2,3,CANCER SCIENCE,CANCER SCI,1347-9032,1349-7006,4.9,5.3,Q2,89/333,Q2,Q2,0.97,73.4,249.0,21312.0,ONCOLOGY,ONCOLOGY(JIF Q2/JCI Q2),WILEY,Wiley,是,SCIE,混合为主,"订阅路线通常无APC；OnlineOpen常见 USD 3,200-4,700",中,https://authorservices.wiley.com/author-resources/Journal-Authors/open-access/article-publication-charges.html,https://www.google.com/search?q=CANCER+SCIENCE+aims+scope+instructions+for+authors+APC
278,3-Q2,3,BREAST CANCER RESEARCH AND TREATMENT,BREAST CANCER RES TR,0167-6806,1573-7217,3.3,3.6,Q2,158/333,Q2,Q2,0.67,52.7,249.0,22454.0,ONCOLOGY,ONCOLOGY(JIF Q2/JCI Q2),SPRINGER,Springer,是,SCIE,混合为主,"订阅路线通常无APC；选OA约 USD 2,790-4,290",中,https://www.springer.com/gp/open-access,https://www.google.com/search?q=BREAST+CANCER+RESEARCH+AND+TREATMENT+aims+scope+instructions+for+authors+APC
279,3-Q2,3,JOURNAL OF CANCER RESEARCH AND CLINICAL ONCOLOGY,J CANCER RES CLIN,0171-5216,1432-1335,3.3,3.3,Q2,158/333,Q2,Q2,0.63,52.7,246.0,15251.0,ONCOLOGY,ONCOLOGY(JIF Q2/JCI Q2),SPRINGER,Springer,是,SCIE,混合为主,"订阅路线通常无APC；选OA约 USD 2,790-4,290",中,https://www.springer.com/gp/open-access,https://www.google.com/search?q=JOURNAL+OF+CANCER+RESEARCH+AND+CLINICAL+ONCOLOGY+aims+scope+instructions+for+authors+APC
280,3-Q2,3,ARCHIVES OF GYNECOLOGY AND OBSTETRICS,ARCH GYNECOL OBSTET,0932-0067,1432-0711,2.6,2.6,Q2,48/143,Q2,Q2,0.89,66.8,246.0,11908.0,OBSTETRICS & GYNECOLOGY,OBSTETRICS & GYNECOLOGY(JIF Q2/JCI Q2),SPRINGER HEIDELBERG,Springer,是,SCIE,混合为主,"订阅路线通常无APC；选OA约 USD 2,790-4,290",中,https://www.springer.com/gp/open-access,https://www.google.com/search?q=ARCHIVES+OF+GYNECOLOGY+AND+OBSTETRICS+aims+scope+instructions+for+authors+APC
281,3-Q2,3,ARCHIVES OF SEXUAL BEHAVIOR,ARCH SEX BEHAV,0004-0002,1573-2800,2.6,3.6,Q2,45/275,Q1,Q1,1.11,64.4,245.0,11777.0,"PSYCHOLOGY, CLINICAL","PSYCHOLOGY, CLINICAL(JIF Q2/JCI Q1)",SPRINGER/PLENUM PUBLISHERS,Springer,否,SSCI,混合为主,"订阅路线通常无APC；选OA约 USD 2,790-4,290",中,https://www.springer.com/gp/open-access,https://www.google.com/search?q=ARCHIVES+OF+SEXUAL+BEHAVIOR+aims+scope+instructions+for+authors+APC
282,3-Q2,3,JOURNAL OF DERMATOLOGY,J DERMATOL,0385-2407,1346-8138,2.3,2.7,Q2,48/99,Q2,Q2,0.85,52.0,245.0,7971.0,DERMATOLOGY,DERMATOLOGY(JIF Q2/JCI Q2),WILEY,Wiley,是,SCIE,混合为主,"订阅路线通常无APC；OnlineOpen常见 USD 3,200-4,700",中,https://authorservices.wiley.com/author-resources/Journal-Authors/open-access/article-publication-charges.html,https://www.google.com/search?q=JOURNAL+OF+DERMATOLOGY+aims+scope+instructions+for+authors+APC
283,3-Q2,3,Laryngoscope Investigative Otolaryngology,LARYNGOSCOPE INVEST,2378-8038,2378-8038,1.9,2.1,Q2,20/67,Q2,Q2,0.93,70.9,245.0,2914.0,OTORHINOLARYNGOLOGY,OTORHINOLARYNGOLOGY(JIF Q2/JCI Q2),WILEY,Wiley,是,SCIE,混合为主,"订阅路线通常无APC；OnlineOpen常见 USD 3,200-4,700",中,https://authorservices.wiley.com/author-resources/Journal-Authors/open-access/article-publication-charges.html,https://www.google.com/search?q=Laryngoscope+Investigative+Otolaryngology+aims+scope+instructions+for+authors+APC
284,3-Q2,3,ACS Pharmacology & Translational Science,ACS PHARMACOL TRANSL,,2575-9108,4.0,4.5,Q2,109/356,Q2,Q2,0.88,69.5,244.0,4370.0,"CHEMISTRY, MEDICINAL; PHARMACOLOGY & PHARMACY","CHEMISTRY, MEDICINAL(JIF Q2/JCI Q2) | PHARMACOLOGY & PHARMACY(JIF Q2/JCI Q2)",AMER CHEMICAL SOC,其他,否,ESCI,需核实,请查期刊官网 Author / Open Access 页面,未知,,https://www.google.com/search?q=ACS+Pharmacology+&+Translational+Science+aims+scope+instructions+for+authors+APC
285,3-Q2,3,JOURNAL OF FORENSIC SCIENCES,J FORENSIC SCI,0022-1198,1556-4029,1.9,1.9,Q2,10/24,Q2,Q2,0.96,60.4,244.0,10004.0,"MEDICINE, LEGAL","MEDICINE, LEGAL(JIF Q2/JCI Q2)",WILEY,Wiley,是,SCIE,混合为主,"订阅路线通常无APC；OnlineOpen常见 USD 3,200-4,700",中,https://authorservices.wiley.com/author-resources/Journal-Authors/open-access/article-publication-charges.html,https://www.google.com/search?q=JOURNAL+OF+FORENSIC+SCIENCES+aims+scope+instructions+for+authors+APC
286,3-Q2,3,Revista da Associacao Medica Brasileira,REV ASSOC MED BRAS,0104-4230,1806-9282,1.6,1.5,Q2,139/336,Q2,Q2,0.39,58.8,244.0,3765.0,"MEDICINE, GENERAL & INTERNAL","MEDICINE, GENERAL & INTERNAL(JIF Q2/JCI Q2)",ASSOC MEDICA BRASILEIRA,其他,是,SCIE,需核实,请查期刊官网 Author / Open Access 页面,未知,,https://www.google.com/search?q=Revista+da+Associacao+Medica+Brasileira+aims+scope+instructions+for+authors+APC
287,3-Q2,3,DRUG METABOLISM AND DISPOSITION,DRUG METAB DISPOS,0090-9556,1521-009X,3.6,4.1,Q2,128/356,Q1,Q1,0.95,64.2,241.0,13242.0,PHARMACOLOGY & PHARMACY,PHARMACOLOGY & PHARMACY(JIF Q2/JCI Q1),ELSEVIER SCIENCE INC,Elsevier,是,SCIE,混合为主,"订阅路线通常无APC；Gold OA常见 USD 2,200-4,200",中,https://www.elsevier.com/open-access/agreements,https://www.google.com/search?q=DRUG+METABOLISM+AND+DISPOSITION+aims+scope+instructions+for+authors+APC
288,3-Q2,3,INQUIRY-THE JOURNAL OF HEALTH CARE ORGANIZATION PROVISION AND FINANCING,INQUIRY-J HEALTH CAR,0046-9580,1945-7243,3.0,2.9,Q2,35/125,Q2,Q2,0.8,72.4,241.0,3492.0,HEALTH CARE SCIENCES & SERVICES; HEALTH POLICY & SERVICES,HEALTH CARE SCIENCES & SERVICES(JIF Q2/JCI Q2) | HEALTH POLICY & SERVICES(JIF Q2/JCI Q2),SAGE PUBLICATIONS INC,SAGE,是,SCIE; SSCI,混合为主,"订阅路线通常无APC；SAGE Choice常见 USD 2,000-4,000",中,https://us.sagepub.com/en-us/nam/sage-choice,https://www.google.com/search?q=INQUIRY-THE+JOURNAL+OF+HEALTH+CARE+ORGANIZATION+PROVISION+AND+FINANCING+aims+scope+instructions+for+authors+APC
289,3-Q2,3,Radiography,RADIOGRAPHY,1078-8174,1532-2831,2.7,2.7,Q2,88/217,Q2,Q2,0.78,59.7,241.0,3868.0,"RADIOLOGY, NUCLEAR MEDICINE & MEDICAL IMAGING","RADIOLOGY, NUCLEAR MEDICINE & MEDICAL IMAGING(JIF Q2/JCI Q2)",ELSEVIER SCI LTD,Elsevier,否,ESCI,混合为主,"订阅路线通常无APC；Gold OA常见 USD 2,200-4,200",中,https://www.elsevier.com/open-access/agreements,https://www.google.com/search?q=Radiography+aims+scope+instructions+for+authors+APC
290,3-Q2,3,ACS Medicinal Chemistry Letters,ACS MED CHEM LETT,1948-5875,,3.9,3.9,Q2,31/72,Q2,Q2,0.87,57.6,237.0,10525.0,"CHEMISTRY, MEDICINAL","CHEMISTRY, MEDICINAL(JIF Q2/JCI Q2)",AMER CHEMICAL SOC,其他,是,SCIE,需核实,请查期刊官网 Author / Open Access 页面,未知,,https://www.google.com/search?q=ACS+Medicinal+Chemistry+Letters+aims+scope+instructions+for+authors+APC
291,3-Q2,3,BIOTECHNOLOGY AND BIOENGINEERING,BIOTECHNOL BIOENG,0006-3592,1097-0290,3.9,4.0,Q2,75/180,Q2,Q2,0.76,58.6,237.0,22141.0,BIOTECHNOLOGY & APPLIED MICROBIOLOGY,BIOTECHNOLOGY & APPLIED MICROBIOLOGY(JIF Q2/JCI Q2),WILEY,Wiley,是,SCIE,混合为主,"订阅路线通常无APC；OnlineOpen常见 USD 3,200-4,700",中,https://authorservices.wiley.com/author-resources/Journal-Authors/open-access/article-publication-charges.html,https://www.google.com/search?q=BIOTECHNOLOGY+AND+BIOENGINEERING+aims+scope+instructions+for+authors+APC
292,3-Q2,3,CLINICAL NEUROPHYSIOLOGY,CLIN NEUROPHYSIOL,1388-2457,1872-8952,3.4,4.6,Q2,98/296,Q2,Q2,0.9,67.1,236.0,23540.0,CLINICAL NEUROLOGY; NEUROSCIENCES,CLINICAL NEUROLOGY(JIF Q2/JCI Q2) | NEUROSCIENCES(JIF Q2/JCI Q2),ELSEVIER IRELAND LTD,Elsevier,是,SCIE,混合为主,"订阅路线通常无APC；Gold OA常见 USD 2,200-4,200",中,https://www.elsevier.com/open-access/agreements,https://www.google.com/search?q=CLINICAL+NEUROPHYSIOLOGY+aims+scope+instructions+for+authors+APC
293,3-Q2,3,JTCVS Open,JTCVS OPEN,,2666-2736,2.2,2.3,Q2,116/321,Q2,Q2,0.66,64.0,236.0,1572.0,CARDIAC & CARDIOVASCULAR SYSTEMS; RESPIRATORY SYSTEM; SURGERY,CARDIAC & CARDIOVASCULAR SYSTEMS(JIF Q3/JCI Q2) | RESPIRATORY SYSTEM(JIF Q3/JCI Q2) | SURGERY(JIF Q2/JCI Q2),ELSEVIER,Elsevier,否,ESCI,混合为主,"订阅路线通常无APC；Gold OA常见 USD 2,200-4,200",中,https://www.elsevier.com/open-access/agreements,https://www.google.com/search?q=JTCVS+Open+aims+scope+instructions+for+authors+APC
294,3-Q2,3,Resuscitation Plus,RESUSC PLUS,2666-5204,2666-5204,3.1,2.9,Q2,14/55,Q2,Q2,0.88,75.5,235.0,2284.0,CRITICAL CARE MEDICINE; EMERGENCY MEDICINE,CRITICAL CARE MEDICINE(JIF Q2/JCI Q2) | EMERGENCY MEDICINE(JIF Q2/JCI Q2),ELSEVIER,Elsevier,否,ESCI,混合为主,"订阅路线通常无APC；Gold OA常见 USD 2,200-4,200",中,https://www.elsevier.com/open-access/agreements,https://www.google.com/search?q=Resuscitation+Plus+aims+scope+instructions+for+authors+APC
295,3-Q2,3,PSYCHONEUROENDOCRINOLOGY,PSYCHONEUROENDOCRINO,0306-4530,1873-3360,3.4,4.3,Q2,92/293,Q2,Q2,0.88,68.8,234.0,20418.0,ENDOCRINOLOGY & METABOLISM; NEUROSCIENCES; PSYCHIATRY,ENDOCRINOLOGY & METABOLISM(JIF Q2/JCI Q2) | NEUROSCIENCES(JIF Q2/JCI Q2) | PSYCHIATRY(JIF Q2/JCI Q2),PERGAMON-ELSEVIER SCIENCE LTD,Elsevier,是,SCIE,混合为主,"订阅路线通常无APC；Gold OA常见 USD 2,200-4,200",中,https://www.elsevier.com/open-access/agreements,https://www.google.com/search?q=PSYCHONEUROENDOCRINOLOGY+aims+scope+instructions+for+authors+APC
296,3-Q2,3,Orthopaedic Surgery,ORTHOP SURG,1757-7853,1757-7861,2.5,2.6,Q2,47/147,Q2,Q2,0.9,68.4,234.0,5935.0,ORTHOPEDICS,ORTHOPEDICS(JIF Q2/JCI Q2),WILEY,Wiley,是,SCIE,混合为主,"订阅路线通常无APC；OnlineOpen常见 USD 3,200-4,700",中,https://authorservices.wiley.com/author-resources/Journal-Authors/open-access/article-publication-charges.html,https://www.google.com/search?q=Orthopaedic+Surgery+aims+scope+instructions+for+authors+APC
297,3-Q2,3,JCO Precision Oncology,JCO PRECIS ONCOL,,2473-4284,4.7,5.2,Q2,97/333,Q1,Q1,1.08,71.0,233.0,6919.0,ONCOLOGY,ONCOLOGY(JIF Q2/JCI Q1),LIPPINCOTT WILLIAMS & WILKINS,Wolters Kluwer/LWW,是,SCIE,混合为主,"订阅路线通常无APC；OA常见 USD 2,000-4,000；MEDICINE已拉黑",中,https://wkauthorservices.editage.com/open-access/,https://www.google.com/search?q=JCO+Precision+Oncology+aims+scope+instructions+for+authors+APC
298,3-Q2,3,Journal of Primary Care and Community Health,J PRIM CARE COMMUNIT,2150-1319,2150-1327,2.7,2.9,Q2,9/29,Q2,Q2,1.22,70.7,233.0,3680.0,PRIMARY HEALTH CARE,PRIMARY HEALTH CARE(JIF Q2/JCI Q2),SAGE PUBLICATIONS INC,SAGE,否,ESCI,混合为主,"订阅路线通常无APC；SAGE Choice常见 USD 2,000-4,000",中,https://us.sagepub.com/en-us/nam/sage-choice,https://www.google.com/search?q=Journal+of+Primary+Care+and+Community+Health+aims+scope+instructions+for+authors+APC
299,3-Q2,3,PROCESS BIOCHEMISTRY,PROCESS BIOCHEM,1359-5113,1873-3298,4.4,4.4,Q2,59/180,Q2,Q2,0.8,67.5,232.0,20624.0,BIOCHEMISTRY & MOLECULAR BIOLOGY; BIOTECHNOLOGY & APPLIED MICROBIOLOGY,BIOCHEMISTRY & MOLECULAR BIOLOGY(JIF Q2/JCI Q2) | BIOTECHNOLOGY & APPLIED MICROBIOLOGY(JIF Q2/JCI Q2),ELSEVIER SCI LTD,Elsevier,是,SCIE,混合为主,"订阅路线通常无APC；Gold OA常见 USD 2,200-4,200",中,https://www.elsevier.com/open-access/agreements,https://www.google.com/search?q=PROCESS+BIOCHEMISTRY+aims+scope+instructions+for+authors+APC
300,3-Q2,3,Journal of Global Antimicrobial Resistance,J GLOB ANTIMICROB RE,2213-7165,2213-7173,3.7,4.1,Q2,44/141,Q2,Q2,0.93,69.1,232.0,6694.0,INFECTIOUS DISEASES; PHARMACOLOGY & PHARMACY,INFECTIOUS DISEASES(JIF Q2/JCI Q2) | PHARMACOLOGY & PHARMACY(JIF Q2/JCI Q2),ELSEVIER SCI LTD,Elsevier,是,SCIE,混合为主,"订阅路线通常无APC；Gold OA常见 USD 2,200-4,200",中,https://www.elsevier.com/open-access/agreements,https://www.google.com/search?q=Journal+of+Global+Antimicrobial+Resistance+aims+scope+instructions+for+authors+APC
301,3-Q2,3,INTERNATIONAL ORTHOPAEDICS,INT ORTHOP,0341-2695,1432-5195,2.4,2.7,Q2,53/147,Q1,Q1,1.03,64.3,231.0,13427.0,ORTHOPEDICS,ORTHOPEDICS(JIF Q2/JCI Q1),SPRINGER,Springer,是,SCIE,混合为主,"订阅路线通常无APC；选OA约 USD 2,790-4,290",中,https://www.springer.com/gp/open-access,https://www.google.com/search?q=INTERNATIONAL+ORTHOPAEDICS+aims+scope+instructions+for+authors+APC
302,3-Q2,3,APPLIED MICROBIOLOGY AND BIOTECHNOLOGY,APPL MICROBIOL BIOT,0175-7598,1432-0614,4.7,5.2,Q2,50/180,Q2,Q2,0.89,72.5,230.0,55182.0,BIOTECHNOLOGY & APPLIED MICROBIOLOGY,BIOTECHNOLOGY & APPLIED MICROBIOLOGY(JIF Q2/JCI Q2),SPRINGER,Springer,是,SCIE,混合为主,"订阅路线通常无APC；选OA约 USD 2,790-4,290",中,https://www.springer.com/gp/open-access,https://www.google.com/search?q=APPLIED+MICROBIOLOGY+AND+BIOTECHNOLOGY+aims+scope+instructions+for+authors+APC
303,3-Q2,3,JOURNALS OF GERONTOLOGY SERIES B-PSYCHOLOGICAL SCIENCES AND SOCIAL SCIENCES,J GERONTOL B-PSYCHOL,1079-5014,1758-5368,3.6,5.1,Q2,16/93,Q1,Q1,1.15,56.3,230.0,15925.0,GERIATRICS & GERONTOLOGY,GERIATRICS & GERONTOLOGY(JIF Q2/JCI Q1),OXFORD UNIV PRESS INC,Oxford UP,是,SCIE; SSCI,混合为主,订阅路线通常无APC；可选OA，费用因刊而异,中,https://academic.oup.com/pages/open-research/open-access,https://www.google.com/search?q=JOURNALS+OF+GERONTOLOGY+SERIES+B-PSYCHOLOGICAL+SCIENCES+AND+SOCIAL+SCIENCES+aims+scope+instructions+for+authors+APC
304,3-Q2,3,Future Oncology,FUTURE ONCOL,1479-6694,1744-8301,3.1,3.1,Q2,165/333,Q3,Q3,0.58,50.6,230.0,8527.0,ONCOLOGY,ONCOLOGY(JIF Q2/JCI Q3),TAYLOR & FRANCIS LTD,Taylor & Francis,是,SCIE,混合为主,"订阅路线通常无APC；Open Select常见 USD 2,500-3,500",中,https://authorservices.taylorandfrancis.com/publishing-open-access/,https://www.google.com/search?q=Future+Oncology+aims+scope+instructions+for+authors+APC
305,3-Q2,3,ANNALS OF BIOMEDICAL ENGINEERING,ANN BIOMED ENG,0090-6964,1573-9686,5.2,4.1,Q2,36/130,Q3,Q3,0.6,72.7,229.0,14492.0,"ENGINEERING, BIOMEDICAL","ENGINEERING, BIOMEDICAL(JIF Q2/JCI Q3)",SPRINGER,Springer,是,SCIE,混合为主,"订阅路线通常无APC；选OA约 USD 2,790-4,290",中,https://www.springer.com/gp/open-access,https://www.google.com/search?q=ANNALS+OF+BIOMEDICAL+ENGINEERING+aims+scope+instructions+for+authors+APC
306,3-Q2,3,Disability and Rehabilitation-Assistive Technology,DISABIL REHABIL-ASSI,1748-3107,1748-3115,2.1,3.3,Q2,66/175,Q2,Q2,0.89,62.6,229.0,4687.0,REHABILITATION,REHABILITATION(JIF Q2/JCI Q2),TAYLOR & FRANCIS INC,Taylor & Francis,否,SSCI,混合为主,"订阅路线通常无APC；Open Select常见 USD 2,500-3,500",中,https://authorservices.taylorandfrancis.com/publishing-open-access/,https://www.google.com/search?q=Disability+and+Rehabilitation-Assistive+Technology+aims+scope+instructions+for+authors+APC
307,3-Q2,3,ESC Heart Failure,ESC HEART FAIL,2055-5822,2055-5822,3.8,3.7,Q2,68/237,Q2,Q2,0.91,71.5,228.0,10566.0,CARDIAC & CARDIOVASCULAR SYSTEMS,CARDIAC & CARDIOVASCULAR SYSTEMS(JIF Q2/JCI Q2),OXFORD UNIV PRESS,Oxford UP,是,SCIE,混合为主,订阅路线通常无APC；可选OA，费用因刊而异,中,https://academic.oup.com/pages/open-research/open-access,https://www.google.com/search?q=ESC+Heart+Failure+aims+scope+instructions+for+authors+APC
308,3-Q2,3,BURNS,BURNS,0305-4179,1879-1409,2.6,2.9,Q2,82/321,Q2,Q2,0.95,74.6,228.0,10262.0,CRITICAL CARE MEDICINE; DERMATOLOGY; SURGERY,CRITICAL CARE MEDICINE(JIF Q2/JCI Q2) | DERMATOLOGY(JIF Q2/JCI Q2) | SURGERY(JIF Q2/JCI Q2),ELSEVIER SCI LTD,Elsevier,是,SCIE,混合为主,"订阅路线通常无APC；Gold OA常见 USD 2,200-4,200",中,https://www.elsevier.com/open-access/agreements,https://www.google.com/search?q=BURNS+aims+scope+instructions+for+authors+APC
309,3-Q2,3,Teaching and Learning in Nursing,TEACH LEARN NURS,1557-3087,1557-2013,2.5,2.4,Q2,49/194,Q1,Q1,1.11,75.0,228.0,1928.0,NURSING,NURSING(JIF Q2/JCI Q1),ELSEVIER SCIENCE INC,Elsevier,否,ESCI,混合为主,"订阅路线通常无APC；Gold OA常见 USD 2,200-4,200",中,https://www.elsevier.com/open-access/agreements,https://www.google.com/search?q=Teaching+and+Learning+in+Nursing+aims+scope+instructions+for+authors+APC
310,3-Q2,3,Journal of the Royal Society Interface,J R SOC INTERFACE,1742-5689,1742-5662,3.4,3.9,Q2,36/140,Q1,Q1,0.84,74.6,227.0,18776.0,MULTIDISCIPLINARY SCIENCES,MULTIDISCIPLINARY SCIENCES(JIF Q2/JCI Q1),ROYAL SOC,其他,是,SCIE,需核实,请查期刊官网 Author / Open Access 页面,未知,,https://www.google.com/search?q=Journal+of+the+Royal+Society+Interface+aims+scope+instructions+for+authors+APC
311,3-Q2,3,CLINICAL AND EXPERIMENTAL DERMATOLOGY,CLIN EXP DERMATOL,0307-6938,1365-2230,2.8,3.0,Q2,36/99,Q2,Q2,0.75,64.1,227.0,6918.0,DERMATOLOGY,DERMATOLOGY(JIF Q2/JCI Q2),OXFORD UNIV PRESS,Oxford UP,是,SCIE,混合为主,订阅路线通常无APC；可选OA，费用因刊而异,中,https://academic.oup.com/pages/open-research/open-access,https://www.google.com/search?q=CLINICAL+AND+EXPERIMENTAL+DERMATOLOGY+aims+scope+instructions+for+authors+APC
312,3-Q2,3,INTERNAL MEDICINE JOURNAL,INTERN MED J,1444-0903,1445-5994,1.8,1.9,Q2,127/336,Q2,Q2,0.43,62.4,227.0,5487.0,"MEDICINE, GENERAL & INTERNAL","MEDICINE, GENERAL & INTERNAL(JIF Q2/JCI Q2)",WILEY,Wiley,是,SCIE,混合为主,"订阅路线通常无APC；OnlineOpen常见 USD 3,200-4,700",中,https://authorservices.wiley.com/author-resources/Journal-Authors/open-access/article-publication-charges.html,https://www.google.com/search?q=INTERNAL+MEDICINE+JOURNAL+aims+scope+instructions+for+authors+APC
313,3-Q2,3,Frontiers in Bioscience-Landmark,FRONT BIOSCI-LANDMRK,2768-6701,2768-6698,4.1,3.9,Q2,130/328,Q3,Q3,0.48,60.5,225.0,13242.0,BIOCHEMISTRY & MOLECULAR BIOLOGY; CELL BIOLOGY,BIOCHEMISTRY & MOLECULAR BIOLOGY(JIF Q2/JCI Q3) | CELL BIOLOGY(JIF Q2/JCI Q3),IMR PRESS,其他,是,SCIE,需核实,请查期刊官网 Author / Open Access 页面,未知,,https://www.google.com/search?q=Frontiers+in+Bioscience-Landmark+aims+scope+instructions+for+authors+APC
314,3-Q2,3,Research and Practice in Thrombosis and Haemostasis,RES PRACT THROMB HAE,,2475-0379,3.5,3.3,Q2,26/100,Q2,Q2,0.74,74.5,225.0,3962.0,HEMATOLOGY; PERIPHERAL VASCULAR DISEASE,HEMATOLOGY(JIF Q2/JCI Q2) | PERIPHERAL VASCULAR DISEASE(JIF Q2/JCI Q2),ELSEVIER,Elsevier,是,SCIE,混合为主,"订阅路线通常无APC；Gold OA常见 USD 2,200-4,200",中,https://www.elsevier.com/open-access/agreements,https://www.google.com/search?q=Research+and+Practice+in+Thrombosis+and+Haemostasis+aims+scope+instructions+for+authors+APC
315,3-Q2,3,BIOCONJUGATE CHEMISTRY,BIOCONJUGATE CHEM,1043-1802,1520-4812,4.5,4.4,Q2,6/58,Q2,Q1,0.8,68.8,224.0,15983.0,BIOCHEMISTRY & MOLECULAR BIOLOGY,BIOCHEMISTRY & MOLECULAR BIOLOGY(JIF Q2/JCI Q2),AMER CHEMICAL SOC,其他,是,SCIE,需核实,请查期刊官网 Author / Open Access 页面,未知,,https://www.google.com/search?q=BIOCONJUGATE+CHEMISTRY+aims+scope+instructions+for+authors+APC
316,3-Q2,3,BONE,BONE,8756-3282,1873-2763,3.9,4.3,Q2,73/198,Q2,Q2,0.89,63.4,224.0,23812.0,ENDOCRINOLOGY & METABOLISM,ENDOCRINOLOGY & METABOLISM(JIF Q2/JCI Q2),ELSEVIER SCIENCE INC,Elsevier,是,SCIE,混合为主,"订阅路线通常无APC；Gold OA常见 USD 2,200-4,200",中,https://www.elsevier.com/open-access/agreements,https://www.google.com/search?q=BONE+aims+scope+instructions+for+authors+APC
317,3-Q2,3,BRITISH JOURNAL OF NUTRITION,BRIT J NUTR,0007-1145,1475-2662,3.1,3.7,Q2,56/114,Q2,Q2,0.62,51.3,224.0,28393.0,NUTRITION & DIETETICS,NUTRITION & DIETETICS(JIF Q2/JCI Q2),CAMBRIDGE UNIV PRESS,Cambridge UP,是,SCIE,混合为主,订阅路线通常无APC；Gold OA因刊而异,中,https://www.cambridge.org/core/open-research/open-access,https://www.google.com/search?q=BRITISH+JOURNAL+OF+NUTRITION+aims+scope+instructions+for+authors+APC
318,3-Q2,3,Western Journal of Emergency Medicine,WEST J EMERG MED,1936-900X,1936-9018,2.3,2.5,Q2,21/55,Q2,Q2,0.87,62.7,224.0,4589.0,EMERGENCY MEDICINE,EMERGENCY MEDICINE(JIF Q2/JCI Q2),WESTJEM,其他,是,SCIE,需核实,请查期刊官网 Author / Open Access 页面,未知,,https://www.google.com/search?q=Western+Journal+of+Emergency+Medicine+aims+scope+instructions+for+authors+APC
319,3-Q2,3,AMERICAN JOURNAL OF PHYSIOLOGY-CELL PHYSIOLOGY,AM J PHYSIOL-CELL PH,0363-6143,1522-1563,5.4,6.2,Q2,8/89,Q2,Q2,0.97,65.5,222.0,19177.0,CELL BIOLOGY,CELL BIOLOGY(JIF Q2/JCI Q2),AMER PHYSIOLOGICAL SOC,其他,是,SCIE,需核实,请查期刊官网 Author / Open Access 页面,未知,,https://www.google.com/search?q=AMERICAN+JOURNAL+OF+PHYSIOLOGY-CELL+PHYSIOLOGY+aims+scope+instructions+for+authors+APC
320,3-Q2,3,FOOD AND BIOPRODUCTS PROCESSING,FOOD BIOPROD PROCESS,0960-3085,1744-3571,4.7,4.7,Q2,50/180,Q2,Q1,0.82,72.5,222.0,8270.0,BIOTECHNOLOGY & APPLIED MICROBIOLOGY,BIOTECHNOLOGY & APPLIED MICROBIOLOGY(JIF Q2/JCI Q2),ELSEVIER,Elsevier,是,SCIE,混合为主,"订阅路线通常无APC；Gold OA常见 USD 2,200-4,200",中,https://www.elsevier.com/open-access/agreements,https://www.google.com/search?q=FOOD+AND+BIOPRODUCTS+PROCESSING+aims+scope+instructions+for+authors+APC
321,3-Q2,3,Journal of Perinatology,J PERINATOL,0743-8346,1476-5543,2.3,2.6,Q2,55/190,Q2,Q2,0.94,71.3,222.0,9534.0,OBSTETRICS & GYNECOLOGY; PEDIATRICS,OBSTETRICS & GYNECOLOGY(JIF Q2/JCI Q2) | PEDIATRICS(JIF Q2/JCI Q2),SPRINGERNATURE,Springer Nature,是,SCIE,混合/全OA,"全OA约 USD 2,090-3,490；Nature系更高；Scientific Reports已拉黑",中高,https://www.springernature.com/gp/open-research/journals-books/journals,https://www.google.com/search?q=Journal+of+Perinatology+aims+scope+instructions+for+authors+APC
322,3-Q2,3,HEALTH COMMUNICATION,HEALTH COMMUN,1041-0236,1532-7027,2.9,3.7,Q2,41/227,Q1,Q1,1.16,68.4,221.0,10122.0,HEALTH POLICY & SERVICES,HEALTH POLICY & SERVICES(JIF Q2/JCI Q1),"ROUTLEDGE JOURNALS, TAYLOR & FRANCIS LTD",Taylor & Francis,否,SSCI,混合为主,"订阅路线通常无APC；Open Select常见 USD 2,500-3,500",中,https://authorservices.taylorandfrancis.com/publishing-open-access/,https://www.google.com/search?q=HEALTH+COMMUNICATION+aims+scope+instructions+for+authors+APC
323,3-Q2,3,Rhizosphere,RHIZOSPHERE-NETH,,2452-2198,3.9,4.1,Q2,69/285,Q2,Q1,0.97,57.8,220.0,3912.0,MICROBIOLOGY,MICROBIOLOGY(JIF Q2/JCI Q2),ELSEVIER,Elsevier,是,SCIE,混合为主,"订阅路线通常无APC；Gold OA常见 USD 2,200-4,200",中,https://www.elsevier.com/open-access/agreements,https://www.google.com/search?q=Rhizosphere+aims+scope+instructions+for+authors+APC
324,3-Q2,3,Genome Biology and Evolution,GENOME BIOL EVOL,1759-6653,1759-6653,3.3,3.3,Q2,14/54,Q2,Q2,0.91,63.8,219.0,10127.0,GENETICS & HEREDITY,GENETICS & HEREDITY(JIF Q2/JCI Q2),OXFORD UNIV PRESS,Oxford UP,是,SCIE,混合为主,订阅路线通常无APC；可选OA，费用因刊而异,中,https://academic.oup.com/pages/open-research/open-access,https://www.google.com/search?q=Genome+Biology+and+Evolution+aims+scope+instructions+for+authors+APC
325,3-Q2,3,VETERINARY PARASITOLOGY,VET PARASITOL,0304-4017,1873-2550,2.7,2.6,Q2,28/170,Q1,Q1,0.99,69.1,219.0,16246.0,PARASITOLOGY,PARASITOLOGY(JIF Q2/JCI Q1),ELSEVIER,Elsevier,是,SCIE,混合为主,"订阅路线通常无APC；Gold OA常见 USD 2,200-4,200",中,https://www.elsevier.com/open-access/agreements,https://www.google.com/search?q=VETERINARY+PARASITOLOGY+aims+scope+instructions+for+authors+APC
326,3-Q2,3,CORNEA,CORNEA,0277-3740,1536-4798,2.3,2.3,Q2,40/98,Q2,Q2,1.03,59.7,219.0,12106.0,OPHTHALMOLOGY,OPHTHALMOLOGY(JIF Q2/JCI Q2),LIPPINCOTT WILLIAMS & WILKINS,Wolters Kluwer/LWW,是,SCIE,混合为主,"订阅路线通常无APC；OA常见 USD 2,000-4,000；MEDICINE已拉黑",中,https://wkauthorservices.editage.com/open-access/,https://www.google.com/search?q=CORNEA+aims+scope+instructions+for+authors+APC
327,3-Q2,3,AGING & MENTAL HEALTH,AGING MENT HEALTH,1360-7863,1364-6915,2.9,3.8,Q2,13/49,Q2,Q2,0.75,59.6,217.0,11742.0,GERIATRICS & GERONTOLOGY; PSYCHIATRY,GERIATRICS & GERONTOLOGY(JIF Q3/JCI Q3) | PSYCHIATRY(JIF Q2/JCI Q2),"ROUTLEDGE JOURNALS, TAYLOR & FRANCIS LTD",Taylor & Francis,是,"SCIE; SSCI; SCIE, SSCI",混合为主,"订阅路线通常无APC；Open Select常见 USD 2,500-3,500",中,https://authorservices.taylorandfrancis.com/publishing-open-access/,https://www.google.com/search?q=AGING+&+MENTAL+HEALTH+aims+scope+instructions+for+authors+APC
328,3-Q2,3,BIOLOGY OF REPRODUCTION,BIOL REPROD,0006-3363,1529-7268,3.2,3.6,Q2,14/44,Q2,Q2,0.99,69.3,216.0,20672.0,REPRODUCTIVE BIOLOGY,REPRODUCTIVE BIOLOGY(JIF Q2/JCI Q2),OXFORD UNIV PRESS INC,Oxford UP,是,SCIE,混合为主,订阅路线通常无APC；可选OA，费用因刊而异,中,https://academic.oup.com/pages/open-research/open-access,https://www.google.com/search?q=BIOLOGY+OF+REPRODUCTION+aims+scope+instructions+for+authors+APC
329,3-Q2,3,Arthroplasty Today,ARTHROPLAST TODAY,2352-3441,2352-3441,2.1,,Q2,67/147,Q2,Q2,0.84,54.8,216.0,2830.0,ORTHOPEDICS,ORTHOPEDICS(JIF Q2/JCI Q2),ELSEVIER,Elsevier,否,ESCI,混合为主,"订阅路线通常无APC；Gold OA常见 USD 2,200-4,200",中,https://www.elsevier.com/open-access/agreements,https://www.google.com/search?q=Arthroplasty+Today+aims+scope+instructions+for+authors+APC
330,3-Q2,3,CYTOKINE,CYTOKINE,1043-4666,1096-0023,3.6,3.9,Q2,88/183,Q2,Q2,0.66,52.2,215.0,14909.0,BIOCHEMISTRY & MOLECULAR BIOLOGY; CELL BIOLOGY; IMMUNOLOGY,BIOCHEMISTRY & MOLECULAR BIOLOGY(JIF Q2/JCI Q2) | CELL BIOLOGY(JIF Q3/JCI Q2) | IMMUNOLOGY(JIF Q2/JCI Q3),ACADEMIC PRESS LTD- ELSEVIER SCIENCE LTD,Elsevier,是,SCIE,混合为主,"订阅路线通常无APC；Gold OA常见 USD 2,200-4,200",中,https://www.elsevier.com/open-access/agreements,https://www.google.com/search?q=CYTOKINE+aims+scope+instructions+for+authors+APC
331,3-Q2,3,CURRENT MEDICINAL CHEMISTRY,CURR MED CHEM,0929-8673,1875-533X,3.2,3.7,Q2,156/356,Q3,Q3,0.51,56.3,215.0,21442.0,"BIOCHEMISTRY & MOLECULAR BIOLOGY; CHEMISTRY, MEDICINAL; PHARMACOLOGY & PHARMACY","BIOCHEMISTRY & MOLECULAR BIOLOGY(JIF Q3/JCI Q3) | CHEMISTRY, MEDICINAL(JIF Q3/JCI Q3) | PHARMACOLOGY & PHARMACY(JIF Q2/JCI Q3)",BENTHAM SCIENCE PUBL LTD,其他,是,SCIE,需核实,请查期刊官网 Author / Open Access 页面,未知,,https://www.google.com/search?q=CURRENT+MEDICINAL+CHEMISTRY+aims+scope+instructions+for+authors+APC
332,3-Q2,3,Clinics,CLINICS,1807-5932,1980-5322,2.4,2.4,Q2,94/336,Q2,Q2,0.56,72.2,215.0,5763.0,"MEDICINE, GENERAL & INTERNAL","MEDICINE, GENERAL & INTERNAL(JIF Q2/JCI Q2)",ELSEVIER ESPANA,Elsevier,是,SCIE,混合为主,"订阅路线通常无APC；Gold OA常见 USD 2,200-4,200",中,https://www.elsevier.com/open-access/agreements,https://www.google.com/search?q=Clinics+aims+scope+instructions+for+authors+APC
333,3-Q2,3,SURGICAL AND RADIOLOGIC ANATOMY,SURG RADIOL ANAT,0930-1038,1279-8517,1.5,1.5,Q2,11/25,Q2,Q2,0.66,58.0,215.0,5558.0,"ANATOMY & MORPHOLOGY; RADIOLOGY, NUCLEAR MEDICINE & MEDICAL IMAGING; SURGERY","ANATOMY & MORPHOLOGY(JIF Q2/JCI Q3) | RADIOLOGY, NUCLEAR MEDICINE & MEDICAL IMAGING(JIF Q3/JCI Q2) | SURGERY(JIF Q3/JCI Q2)",SPRINGER FRANCE,Springer,是,SCIE,混合为主,"订阅路线通常无APC；选OA约 USD 2,790-4,290",中,https://www.springer.com/gp/open-access,https://www.google.com/search?q=SURGICAL+AND+RADIOLOGIC+ANATOMY+aims+scope+instructions+for+authors+APC
334,3-Q2,3,JOURNAL OF THE NEUROLOGICAL SCIENCES,J NEUROL SCI,0022-510X,1878-5883,3.1,3.3,Q2,127/296,Q2,Q2,0.74,57.3,214.0,19510.0,CLINICAL NEUROLOGY; NEUROSCIENCES,CLINICAL NEUROLOGY(JIF Q2/JCI Q2) | NEUROSCIENCES(JIF Q3/JCI Q3),ELSEVIER,Elsevier,是,SCIE,混合为主,"订阅路线通常无APC；Gold OA常见 USD 2,200-4,200",中,https://www.elsevier.com/open-access/agreements,https://www.google.com/search?q=JOURNAL+OF+THE+NEUROLOGICAL+SCIENCES+aims+scope+instructions+for+authors+APC
335,3-Q2,3,JOURNAL OF FAMILY VIOLENCE,J FAM VIOLENCE,0885-7482,1573-2851,2.3,3.2,Q2,11/66,Q2,Q2,0.89,59.5,214.0,5072.0,"PSYCHOLOGY, CLINICAL","PSYCHOLOGY, CLINICAL(JIF Q2/JCI Q2)",SPRINGER/PLENUM PUBLISHERS,Springer,否,SSCI,混合为主,"订阅路线通常无APC；选OA约 USD 2,790-4,290",中,https://www.springer.com/gp/open-access,https://www.google.com/search?q=JOURNAL+OF+FAMILY+VIOLENCE+aims+scope+instructions+for+authors+APC
336,3-Q2,3,JPRAS Open,JPRAS OPEN,2352-5878,2352-5878,1.8,1.8,Q2,157/321,Q2,Q2,0.74,51.2,214.0,1147.0,SURGERY,SURGERY(JIF Q2/JCI Q2),ELSEVIER,Elsevier,否,ESCI,混合为主,"订阅路线通常无APC；Gold OA常见 USD 2,200-4,200",中,https://www.elsevier.com/open-access/agreements,https://www.google.com/search?q=JPRAS+Open+aims+scope+instructions+for+authors+APC
337,3-Q2,3,COMPARATIVE BIOCHEMISTRY AND PHYSIOLOGY C-TOXICOLOGY & PHARMACOLOGY,COMP BIOCHEM PHYS C,1532-0456,1878-1659,4.4,4.6,Q2,4/183,Q1,Q1,1.3,75.0,213.0,9779.0,BIOCHEMISTRY & MOLECULAR BIOLOGY; ENDOCRINOLOGY & METABOLISM; TOXICOLOGY,BIOCHEMISTRY & MOLECULAR BIOLOGY(JIF Q2/JCI Q1) | ENDOCRINOLOGY & METABOLISM(JIF Q2/JCI Q1) | TOXICOLOGY(JIF Q2/JCI Q1),ELSEVIER SCIENCE INC,Elsevier,是,SCIE,混合为主,"订阅路线通常无APC；Gold OA常见 USD 2,200-4,200",中,https://www.elsevier.com/open-access/agreements,https://www.google.com/search?q=COMPARATIVE+BIOCHEMISTRY+AND+PHYSIOLOGY+C-TOXICOLOGY+&+PHARMACOLOGY+aims+scope+instructions+for+authors+APC
338,3-Q2,3,JOURNAL OF BIOTECHNOLOGY,J BIOTECHNOL,0168-1656,1873-4863,4.0,4.1,Q2,71/180,Q2,Q2,0.87,60.8,213.0,15380.0,BIOTECHNOLOGY & APPLIED MICROBIOLOGY,BIOTECHNOLOGY & APPLIED MICROBIOLOGY(JIF Q2/JCI Q2),ELSEVIER,Elsevier,是,SCIE,混合为主,"订阅路线通常无APC；Gold OA常见 USD 2,200-4,200",中,https://www.elsevier.com/open-access/agreements,https://www.google.com/search?q=JOURNAL+OF+BIOTECHNOLOGY+aims+scope+instructions+for+authors+APC
339,3-Q2,3,PSYCHOPHARMACOLOGY,PSYCHOPHARMACOLOGY,0033-3158,1432-2072,3.3,3.5,Q2,97/293,Q2,Q2,0.89,67.1,211.0,20433.0,NEUROSCIENCES; PHARMACOLOGY & PHARMACY; PSYCHIATRY,NEUROSCIENCES(JIF Q2/JCI Q2) | PHARMACOLOGY & PHARMACY(JIF Q2/JCI Q2) | PSYCHIATRY(JIF Q2/JCI Q2),SPRINGER,Springer,是,SCIE,混合为主,"订阅路线通常无APC；选OA约 USD 2,790-4,290",中,https://www.springer.com/gp/open-access,https://www.google.com/search?q=PSYCHOPHARMACOLOGY+aims+scope+instructions+for+authors+APC
340,3-Q2,3,ULTRASOUND IN MEDICINE AND BIOLOGY,ULTRASOUND MED BIOL,0301-5629,1879-291X,2.8,2.9,Q2,12/41,Q2,Q1,0.77,63.4,211.0,12535.0,"RADIOLOGY, NUCLEAR MEDICINE & MEDICAL IMAGING","RADIOLOGY, NUCLEAR MEDICINE & MEDICAL IMAGING(JIF Q2/JCI Q2)",ELSEVIER SCIENCE INC,Elsevier,是,SCIE,混合为主,"订阅路线通常无APC；Gold OA常见 USD 2,200-4,200",中,https://www.elsevier.com/open-access/agreements,https://www.google.com/search?q=ULTRASOUND+IN+MEDICINE+AND+BIOLOGY+aims+scope+instructions+for+authors+APC
341,3-Q2,3,KNEE,KNEE,0968-0160,1873-5800,2.4,2.5,Q2,95/321,Q2,Q2,0.88,70.6,210.0,6992.0,ORTHOPEDICS; SPORT SCIENCES; SURGERY,ORTHOPEDICS(JIF Q2/JCI Q2) | SPORT SCIENCES(JIF Q2/JCI Q2) | SURGERY(JIF Q2/JCI Q2),ELSEVIER,Elsevier,是,SCIE,混合为主,"订阅路线通常无APC；Gold OA常见 USD 2,200-4,200",中,https://www.elsevier.com/open-access/agreements,https://www.google.com/search?q=KNEE+aims+scope+instructions+for+authors+APC
342,3-Q2,3,NICOTINE & TOBACCO RESEARCH,NICOTINE TOB RES,1462-2203,1469-994X,2.7,3.4,Q2,160/443,Q2,Q2,0.92,64.0,209.0,10428.0,"PUBLIC, ENVIRONMENTAL & OCCUPATIONAL HEALTH; SUBSTANCE ABUSE","PUBLIC, ENVIRONMENTAL & OCCUPATIONAL HEALTH(JIF Q2/JCI Q2) | SUBSTANCE ABUSE(JIF Q2/JCI Q2)",OXFORD UNIV PRESS,Oxford UP,是,"SCIE, SSCI",混合为主,订阅路线通常无APC；可选OA，费用因刊而异,中,https://academic.oup.com/pages/open-research/open-access,https://www.google.com/search?q=NICOTINE+&+TOBACCO+RESEARCH+aims+scope+instructions+for+authors+APC
343,3-Q2,3,JCO Global Oncology,JCO GLOB ONCOL,,2687-8941,3.8,3.9,Q2,125/333,Q2,Q2,0.64,62.6,208.0,3344.0,ONCOLOGY,ONCOLOGY(JIF Q2/JCI Q2),LIPPINCOTT WILLIAMS & WILKINS,Wolters Kluwer/LWW,否,ESCI,混合为主,"订阅路线通常无APC；OA常见 USD 2,000-4,000；MEDICINE已拉黑",中,https://wkauthorservices.editage.com/open-access/,https://www.google.com/search?q=JCO+Global+Oncology+aims+scope+instructions+for+authors+APC
344,3-Q2,3,MEDICAL & BIOLOGICAL ENGINEERING & COMPUTING,MED BIOL ENG COMPUT,0140-0118,1741-0444,3.1,3.0,Q2,18/67,Q2,Q2,0.62,73.9,208.0,8381.0,"ENGINEERING, BIOMEDICAL; MATHEMATICAL & COMPUTATIONAL BIOLOGY; MEDICAL INFORMATICS","ENGINEERING, BIOMEDICAL(JIF Q2/JCI Q2) | MATHEMATICAL & COMPUTATIONAL BIOLOGY(JIF Q2/JCI Q3) | MEDICAL INFORMATICS(JIF Q3/JCI Q3)",SPRINGER HEIDELBERG,Springer,是,SCIE,混合为主,"订阅路线通常无APC；选OA约 USD 2,790-4,290",中,https://www.springer.com/gp/open-access,https://www.google.com/search?q=MEDICAL+&+BIOLOGICAL+ENGINEERING+&+COMPUTING+aims+scope+instructions+for+authors+APC
345,3-Q2,3,JOURNAL OF TRACE ELEMENTS IN MEDICINE AND BIOLOGY,J TRACE ELEM MED BIO,0946-672X,1878-3252,4.1,3.9,Q2,68/198,Q2,Q2,0.78,65.9,207.0,8378.0,BIOCHEMISTRY & MOLECULAR BIOLOGY; ENDOCRINOLOGY & METABOLISM,BIOCHEMISTRY & MOLECULAR BIOLOGY(JIF Q2/JCI Q2) | ENDOCRINOLOGY & METABOLISM(JIF Q2/JCI Q2),ELSEVIER GMBH,Elsevier,是,SCIE,混合为主,"订阅路线通常无APC；Gold OA常见 USD 2,200-4,200",中,https://www.elsevier.com/open-access/agreements,https://www.google.com/search?q=JOURNAL+OF+TRACE+ELEMENTS+IN+MEDICINE+AND+BIOLOGY+aims+scope+instructions+for+authors+APC
346,3-Q2,3,REPRODUCTIVE TOXICOLOGY,REPROD TOXICOL,0890-6238,1873-1708,3.4,3.6,Q2,12/44,Q2,Q2,0.92,73.9,206.0,8160.0,REPRODUCTIVE BIOLOGY; TOXICOLOGY,REPRODUCTIVE BIOLOGY(JIF Q2/JCI Q2) | TOXICOLOGY(JIF Q2/JCI Q2),PERGAMON-ELSEVIER SCIENCE LTD,Elsevier,是,SCIE,混合为主,"订阅路线通常无APC；Gold OA常见 USD 2,200-4,200",中,https://www.elsevier.com/open-access/agreements,https://www.google.com/search?q=REPRODUCTIVE+TOXICOLOGY+aims+scope+instructions+for+authors+APC
347,3-Q2,3,EVOLUTION,EVOLUTION,0014-3820,1558-5646,3.0,3.3,Q2,17/54,Q2,Q2,0.84,58.6,206.0,27014.0,GENETICS & HEREDITY,GENETICS & HEREDITY(JIF Q2/JCI Q2),OXFORD UNIV PRESS,Oxford UP,是,SCIE,混合为主,订阅路线通常无APC；可选OA，费用因刊而异,中,https://academic.oup.com/pages/open-research/open-access,https://www.google.com/search?q=EVOLUTION+aims+scope+instructions+for+authors+APC
348,3-Q2,3,SURGERY TODAY,SURG TODAY,0941-1291,1436-2813,2.3,2.4,Q2,105/321,Q2,Q2,0.92,67.4,206.0,6054.0,SURGERY,SURGERY(JIF Q2/JCI Q2),SPRINGER,Springer,是,SCIE,混合为主,"订阅路线通常无APC；选OA约 USD 2,790-4,290",中,https://www.springer.com/gp/open-access,https://www.google.com/search?q=SURGERY+TODAY+aims+scope+instructions+for+authors+APC
349,3-Q2,3,MICROSCOPY RESEARCH AND TECHNIQUE,MICROSC RES TECHNIQ,1059-910X,1097-0029,2.1,2.2,Q2,9/25,Q1,Q1,0.95,66.0,206.0,7573.0,ANATOMY & MORPHOLOGY; BIOLOGY,ANATOMY & MORPHOLOGY(JIF Q2/JCI Q2) | BIOLOGY(JIF Q2/JCI Q1),WILEY,Wiley,是,SCIE,混合为主,"订阅路线通常无APC；OnlineOpen常见 USD 3,200-4,700",中,https://authorservices.wiley.com/author-resources/Journal-Authors/open-access/article-publication-charges.html,https://www.google.com/search?q=MICROSCOPY+RESEARCH+AND+TECHNIQUE+aims+scope+instructions+for+authors+APC
350,3-Q2,3,DEATH STUDIES,DEATH STUD,0748-1187,1091-7683,2.1,2.8,Q2,83/222,Q3,Q2,0.66,55.2,205.0,5119.0,"SOCIAL SCIENCES, BIOMEDICAL","SOCIAL SCIENCES, BIOMEDICAL(JIF Q2/JCI Q3)","ROUTLEDGE JOURNALS, TAYLOR & FRANCIS LTD",Taylor & Francis,否,SSCI,混合为主,"订阅路线通常无APC；Open Select常见 USD 2,500-3,500",中,https://authorservices.taylorandfrancis.com/publishing-open-access/,https://www.google.com/search?q=DEATH+STUDIES+aims+scope+instructions+for+authors+APC
351,3-Q2,3,Open Medicine,OPEN MED-WARSAW,2391-5463,2391-5463,1.8,1.9,Q2,127/336,Q2,Q2,0.44,62.4,205.0,2892.0,"MEDICINE, GENERAL & INTERNAL","MEDICINE, GENERAL & INTERNAL(JIF Q2/JCI Q2)",DE GRUYTER POLAND SP Z O O,De Gruyter,是,SCIE,混合/OA,因刊而异,中,https://www.degruyter.com/publishing/publications/openaccess,https://www.google.com/search?q=Open+Medicine+aims+scope+instructions+for+authors+APC
352,3-Q2,3,JOURNAL OF CELL BIOLOGY,J CELL BIOL,0021-9525,1540-8140,6.1,7.6,Q2,58/207,Q2,Q2,0.92,72.2,204.0,57446.0,CELL BIOLOGY,CELL BIOLOGY(JIF Q2/JCI Q2),ROCKEFELLER UNIV PRESS,其他,是,SCIE,需核实,请查期刊官网 Author / Open Access 页面,未知,,https://www.google.com/search?q=JOURNAL+OF+CELL+BIOLOGY+aims+scope+instructions+for+authors+APC
353,3-Q2,3,Therapeutic Advances in Medical Oncology,THER ADV MED ONCOL,1758-8340,1758-8359,4.1,4.1,Q2,111/333,Q2,Q2,0.71,66.8,204.0,5800.0,ONCOLOGY,ONCOLOGY(JIF Q2/JCI Q2),SAGE PUBLICATIONS LTD,SAGE,是,SCIE,混合为主,"订阅路线通常无APC；SAGE Choice常见 USD 2,000-4,000",中,https://us.sagepub.com/en-us/nam/sage-choice,https://www.google.com/search?q=Therapeutic+Advances+in+Medical+Oncology+aims+scope+instructions+for+authors+APC
354,3-Q2,3,Nature and Science of Sleep,NAT SCI SLEEP,1179-1608,1179-1608,3.4,4.0,Q2,98/296,Q2,Q2,0.87,67.1,203.0,4512.0,CLINICAL NEUROLOGY; NEUROSCIENCES,CLINICAL NEUROLOGY(JIF Q2/JCI Q2) | NEUROSCIENCES(JIF Q2/JCI Q2),DOVE MEDICAL PRESS LTD,其他,是,SCIE,需核实,请查期刊官网 Author / Open Access 页面,未知,,https://www.google.com/search?q=Nature+and+Science+of+Sleep+aims+scope+instructions+for+authors+APC
355,3-Q2,3,JOURNAL OF PSYCHOSOMATIC RESEARCH,J PSYCHOSOM RES,0022-3999,1879-1360,3.3,4.0,Q2,97/293,Q2,Q2,0.88,67.1,203.0,17195.0,PSYCHIATRY,PSYCHIATRY(JIF Q2/JCI Q2),PERGAMON-ELSEVIER SCIENCE LTD,Elsevier,是,"SCIE, SSCI",混合为主,"订阅路线通常无APC；Gold OA常见 USD 2,200-4,200",中,https://www.elsevier.com/open-access/agreements,https://www.google.com/search?q=JOURNAL+OF+PSYCHOSOMATIC+RESEARCH+aims+scope+instructions+for+authors+APC
356,3-Q2,3,SEMINARS IN ARTHRITIS AND RHEUMATISM,SEMIN ARTHRITIS RHEU,0049-0172,1532-866X,3.8,4.6,Q2,15/58,Q1,Q1,1.14,75.0,202.0,10512.0,RHEUMATOLOGY,RHEUMATOLOGY(JIF Q2/JCI Q1),W B SAUNDERS CO-ELSEVIER INC,Elsevier,是,SCIE,混合为主,"订阅路线通常无APC；Gold OA常见 USD 2,200-4,200",中,https://www.elsevier.com/open-access/agreements,https://www.google.com/search?q=SEMINARS+IN+ARTHRITIS+AND+RHEUMATISM+aims+scope+instructions+for+authors+APC
357,3-Q2,3,Thoracic Cancer,THORAC CANCER,1759-7706,1759-7714,2.6,2.7,Q2,53/107,Q3,Q3,0.59,50.9,202.0,7337.0,ONCOLOGY; RESPIRATORY SYSTEM,ONCOLOGY(JIF Q3/JCI Q3) | RESPIRATORY SYSTEM(JIF Q2/JCI Q3),WILEY,Wiley,是,SCIE,混合为主,"订阅路线通常无APC；OnlineOpen常见 USD 3,200-4,700",中,https://authorservices.wiley.com/author-resources/Journal-Authors/open-access/article-publication-charges.html,https://www.google.com/search?q=Thoracic+Cancer+aims+scope+instructions+for+authors+APC
358,3-Q2,3,Journal of Pediatric Urology,J PEDIATR UROL,1477-5131,1873-4898,2.2,2.2,Q2,66/190,Q2,Q2,0.88,65.5,202.0,5909.0,PEDIATRICS; UROLOGY & NEPHROLOGY,PEDIATRICS(JIF Q2/JCI Q2) | UROLOGY & NEPHROLOGY(JIF Q2/JCI Q2),ELSEVIER SCI LTD,Elsevier,是,SCIE,混合为主,"订阅路线通常无APC；Gold OA常见 USD 2,200-4,200",中,https://www.elsevier.com/open-access/agreements,https://www.google.com/search?q=Journal+of+Pediatric+Urology+aims+scope+instructions+for+authors+APC
359,3-Q2,3,Journal of Hepatocellular Carcinoma,J HEPATOCELL CARCINO,,2253-5969,3.9,4.0,Q2,120/333,Q2,Q2,0.76,64.1,201.0,2884.0,ONCOLOGY,ONCOLOGY(JIF Q2/JCI Q2),DOVE MEDICAL PRESS LTD,其他,是,SCIE,需核实,请查期刊官网 Author / Open Access 页面,未知,,https://www.google.com/search?q=Journal+of+Hepatocellular+Carcinoma+aims+scope+instructions+for+authors+APC
360,3-Q2,3,Discovery Medicine,DISCOV MED,1539-6509,1944-7930,3.2,2.9,Q2,90/191,Q3,Q3,0.55,53.1,201.0,2529.0,"MEDICINE, RESEARCH & EXPERIMENTAL","MEDICINE, RESEARCH & EXPERIMENTAL(JIF Q2/JCI Q3)",DISCOVERY MEDICINE,其他,是,SCIE,需核实,请查期刊官网 Author / Open Access 页面,未知,,https://www.google.com/search?q=Discovery+Medicine+aims+scope+instructions+for+authors+APC
361,3-Q2,3,FUNCTIONAL & INTEGRATIVE GENOMICS,FUNCT INTEGR GENOMIC,1438-793X,1438-7948,4.0,3.7,Q2,53/192,Q2,Q2,0.9,72.7,200.0,4668.0,GENETICS & HEREDITY,GENETICS & HEREDITY(JIF Q2/JCI Q2),SPRINGER HEIDELBERG,Springer,是,SCIE,混合为主,"订阅路线通常无APC；选OA约 USD 2,790-4,290",中,https://www.springer.com/gp/open-access,https://www.google.com/search?q=FUNCTIONAL+&+INTEGRATIVE+GENOMICS+aims+scope+instructions+for+authors+APC
362,3-Q2,3,Biomedical Materials,BIOMED MATER,1748-6041,1748-605X,3.9,4.1,Q2,55/130,Q2,Q2,0.65,58.1,200.0,7354.0,"ENGINEERING, BIOMEDICAL; MATERIALS SCIENCE, BIOMATERIALS","ENGINEERING, BIOMEDICAL(JIF Q2/JCI Q2) | MATERIALS SCIENCE, BIOMATERIALS(JIF Q3/JCI Q3)",IOP Publishing Ltd,其他,是,SCIE,需核实,请查期刊官网 Author / Open Access 页面,未知,,https://www.google.com/search?q=Biomedical+Materials+aims+scope+instructions+for+authors+APC
363,3-Q2,3,NEUROGASTROENTEROLOGY AND MOTILITY,NEUROGASTROENT MOTIL,1350-1925,1365-2982,3.0,3.8,Q2,67/153,Q2,Q2,0.71,56.5,200.0,10710.0,CLINICAL NEUROLOGY; GASTROENTEROLOGY & HEPATOLOGY; NEUROSCIENCES,CLINICAL NEUROLOGY(JIF Q2/JCI Q3) | GASTROENTEROLOGY & HEPATOLOGY(JIF Q2/JCI Q2) | NEUROSCIENCES(JIF Q3/JCI Q3),WILEY,Wiley,是,SCIE,混合为主,"订阅路线通常无APC；OnlineOpen常见 USD 3,200-4,700",中,https://authorservices.wiley.com/author-resources/Journal-Authors/open-access/article-publication-charges.html,https://www.google.com/search?q=NEUROGASTROENTEROLOGY+AND+MOTILITY+aims+scope+instructions+for+authors+APC
364,3-Q2,3,Nursing & Health Sciences,NURS HEALTH SCI,1441-0745,1442-2018,2.1,2.8,Q2,78/194,Q2,Q2,0.78,60.1,200.0,4048.0,NURSING,NURSING(JIF Q2/JCI Q2),WILEY,Wiley,是,"SCIE, SSCI",混合为主,"订阅路线通常无APC；OnlineOpen常见 USD 3,200-4,700",中,https://authorservices.wiley.com/author-resources/Journal-Authors/open-access/article-publication-charges.html,https://www.google.com/search?q=Nursing+&+Health+Sciences+aims+scope+instructions+for+authors+APC
365,3-Q2,3,BMJ Supportive & Palliative Care,BMJ SUPPORT PALLIAT,2045-435X,2045-4368,2.5,2.6,Q2,94/194,Q2,Q2,0.85,51.8,156.0,4313.0,HEALTH CARE SCIENCES & SERVICES,HEALTH CARE SCIENCES & SERVICES(JIF Q2/JCI Q2),BMJ PUBLISHING GROUP,BMJ,是,SCIE,混合/全OA,"BMJ Open约GBP 2,175；旗舰刊更高",高,https://authors.bmj.com/open-access/,https://www.google.com/search?q=BMJ+Supportive+&+Palliative+Care+aims+scope+instructions+for+authors+APC
366,3-Q2,3,Human Genomics,HUM GENOMICS,1473-9542,1479-7364,4.1,4.2,Q2,49/192,Q1,Q1,1.02,74.7,151.0,3163.0,GENETICS & HEREDITY,GENETICS & HEREDITY(JIF Q2/JCI Q1),BMC,BMC,是,SCIE,全OA,"约 USD 1,990-2,890（旗舰刊更高）",高,https://www.biomedcentral.com/getpublished/article-processing-charges,https://www.google.com/search?q=Human+Genomics+aims+scope+instructions+for+authors+APC
367,3-Q2,3,BMC BIOTECHNOLOGY,BMC BIOTECHNOL,,1472-6750,4.8,4.7,Q2,47/180,Q1,Q1,1.0,74.2,147.0,4989.0,BIOTECHNOLOGY & APPLIED MICROBIOLOGY,BIOTECHNOLOGY & APPLIED MICROBIOLOGY(JIF Q2/JCI Q1),BMC,BMC,是,SCIE,全OA,"约 USD 1,990-2,890（旗舰刊更高）",高,https://www.biomedcentral.com/getpublished/article-processing-charges,https://www.google.com/search?q=BMC+BIOTECHNOLOGY+aims+scope+instructions+for+authors+APC
368,3-Q2,3,Frontiers in Cellular Neuroscience,FRONT CELL NEUROSCI,,1662-5102,4.4,5.3,Q2,92/330,Q2,Q2,0.82,72.3,147.0,25962.0,NEUROSCIENCES,NEUROSCIENCES(JIF Q2/JCI Q2),FRONTIERS MEDIA SA,Frontiers,是,SCIE,全OA,"约 CHF 1,495-3,150（Frontiers in Medicine A类=CHF 3,150）",高,https://www.frontiersin.org/about/fee-policy,https://www.google.com/search?q=Frontiers+in+Cellular+Neuroscience+aims+scope+instructions+for+authors+APC
369,3-Q2,3,Neurology International,NEUROL INT,2035-8377,2035-8377,3.3,3.6,Q2,107/296,Q2,Q2,0.76,64.0,144.0,1733.0,CLINICAL NEUROLOGY,CLINICAL NEUROLOGY(JIF Q2/JCI Q2),MDPI,MDPI,否,ESCI,全OA,"约 CHF 1,600-2,900（如 JCM=CHF 2,600）",高,https://www.mdpi.com/about/apc,https://www.google.com/search?q=Neurology+International+aims+scope+instructions+for+authors+APC
370,3-Q2,3,Frontiers in Reproductive Health,FRONT REPROD HEALTH,,2673-3153,3.1,3.7,Q2,128/443,Q2,Q2,0.76,71.2,143.0,1727.0,"PUBLIC, ENVIRONMENTAL & OCCUPATIONAL HEALTH; REPRODUCTIVE BIOLOGY","PUBLIC, ENVIRONMENTAL & OCCUPATIONAL HEALTH(JIF Q2/JCI Q2) | REPRODUCTIVE BIOLOGY(JIF Q2/JCI Q3)",FRONTIERS MEDIA SA,Frontiers,否,ESCI,全OA,"约 CHF 1,495-3,150（Frontiers in Medicine A类=CHF 3,150）",高,https://www.frontiersin.org/about/fee-policy,https://www.google.com/search?q=Frontiers+in+Reproductive+Health+aims+scope+instructions+for+authors+APC
371,3-Q2,3,BMC Ecology and Evolution,BMC ECOL EVOL,,2730-7182,2.7,2.9,Q2,21/54,Q2,Q2,0.77,52.3,143.0,1749.0,GENETICS & HEREDITY,GENETICS & HEREDITY(JIF Q2/JCI Q2),BMC,BMC,是,SCIE,全OA,"约 USD 1,990-2,890（旗舰刊更高）",高,https://www.biomedcentral.com/getpublished/article-processing-charges,https://www.google.com/search?q=BMC+Ecology+and+Evolution+aims+scope+instructions+for+authors+APC
372,3-Q2,3,Audiology Research,AUDIOL RES,2039-4330,2039-4349,1.7,2.0,Q2,17/35,Q3,Q3,0.76,52.9,142.0,860.0,AUDIOLOGY & SPEECH-LANGUAGE PATHOLOGY,AUDIOLOGY & SPEECH-LANGUAGE PATHOLOGY(JIF Q2/JCI Q3),MDPI,MDPI,否,ESCI,全OA,"约 CHF 1,600-2,900（如 JCM=CHF 2,600）",高,https://www.mdpi.com/about/apc,https://www.google.com/search?q=Audiology+Research+aims+scope+instructions+for+authors+APC
373,3-Q2,3,Frontiers in Aging,FRONT AGING-LAUSANNE,,2673-6217,4.9,5.2,Q2,19/72,Q2,Q2,0.79,74.3,133.0,2127.0,GERIATRICS & GERONTOLOGY,GERIATRICS & GERONTOLOGY(JIF Q2/JCI Q2),FRONTIERS MEDIA SA,Frontiers,否,ESCI,全OA,"约 CHF 1,495-3,150（Frontiers in Medicine A类=CHF 3,150）",高,https://www.frontiersin.org/about/fee-policy,https://www.google.com/search?q=Frontiers+in+Aging+aims+scope+instructions+for+authors+APC
374,3-Q2,3,Nutrition & Metabolism,NUTR METAB,,1743-7075,3.9,4.8,Q2,39/114,Q2,Q2,0.77,66.2,131.0,5966.0,NUTRITION & DIETETICS,NUTRITION & DIETETICS(JIF Q2/JCI Q2),BMC,BMC,是,SCIE,全OA,"约 USD 1,990-2,890（旗舰刊更高）",高,https://www.biomedcentral.com/getpublished/article-processing-charges,https://www.google.com/search?q=Nutrition+&+Metabolism+aims+scope+instructions+for+authors+APC
375,3-Q2,3,Frontiers in Pain Research,FRONT PAIN RES,,2673-561X,3.5,3.7,Q2,93/296,Q3,Q3,0.67,68.8,130.0,2352.0,CLINICAL NEUROLOGY; NEUROSCIENCES,CLINICAL NEUROLOGY(JIF Q2/JCI Q3) | NEUROSCIENCES(JIF Q2/JCI Q3),FRONTIERS MEDIA SA,Frontiers,否,ESCI,全OA,"约 CHF 1,495-3,150（Frontiers in Medicine A类=CHF 3,150）",高,https://www.frontiersin.org/about/fee-policy,https://www.google.com/search?q=Frontiers+in+Pain+Research+aims+scope+instructions+for+authors+APC
376,3-Q2,3,International Journal of Public Health,INT J PUBLIC HEALTH,1661-8556,1661-8564,3.2,3.3,Q2,120/443,Q2,Q2,0.79,73.0,130.0,6690.0,"PUBLIC, ENVIRONMENTAL & OCCUPATIONAL HEALTH","PUBLIC, ENVIRONMENTAL & OCCUPATIONAL HEALTH(JIF Q2/JCI Q2)",FRONTIERS MEDIA SA,Frontiers,是,"SCIE, SSCI",全OA,"约 CHF 1,495-3,150（Frontiers in Medicine A类=CHF 3,150）",高,https://www.frontiersin.org/about/fee-policy,https://www.google.com/search?q=International+Journal+of+Public+Health+aims+scope+instructions+for+authors+APC
377,3-Q2,3,Tomography,TOMOGRAPHY,2379-1381,2379-139X,2.5,2.4,Q2,93/217,Q2,Q2,0.68,57.4,127.0,2096.0,"RADIOLOGY, NUCLEAR MEDICINE & MEDICAL IMAGING","RADIOLOGY, NUCLEAR MEDICINE & MEDICAL IMAGING(JIF Q2/JCI Q2)",MDPI,MDPI,是,SCIE,全OA,"约 CHF 1,600-2,900（如 JCM=CHF 2,600）",高,https://www.mdpi.com/about/apc,https://www.google.com/search?q=Tomography+aims+scope+instructions+for+authors+APC
378,3-Q2,3,Animal Microbiome,ANIM MICROBIOME,,2524-4671,4.5,5.4,Q2,7/170,Q1,Q1,1.65,68.0,126.0,2073.0,MICROBIOLOGY,MICROBIOLOGY(JIF Q2/JCI Q1),BMC,BMC,否,ESCI,全OA,"约 USD 1,990-2,890（旗舰刊更高）",高,https://www.biomedcentral.com/getpublished/article-processing-charges,https://www.google.com/search?q=Animal+Microbiome+aims+scope+instructions+for+authors+APC
379,3-Q2,3,Frontline Gastroenterology,FRONTLINE GASTROENTE,2041-4137,2041-4145,2.8,3.3,Q2,73/153,Q2,Q2,0.53,52.6,124.0,1928.0,GASTROENTEROLOGY & HEPATOLOGY,GASTROENTEROLOGY & HEPATOLOGY(JIF Q2/JCI Q2),BMJ PUBLISHING GROUP,BMJ,否,ESCI,混合/全OA,"BMJ Open约GBP 2,175；旗舰刊更高",高,https://authors.bmj.com/open-access/,https://www.google.com/search?q=Frontline+Gastroenterology+aims+scope+instructions+for+authors+APC
380,3-Q2,3,Perioperative Medicine,PERIOPER MED-LONDON,,2047-0525,2.5,2.6,Q2,85/321,Q2,Q2,0.9,73.7,124.0,1346.0,ANESTHESIOLOGY; SURGERY,ANESTHESIOLOGY(JIF Q2/JCI Q2) | SURGERY(JIF Q2/JCI Q2),BMC,BMC,是,SCIE,全OA,"约 USD 1,990-2,890（旗舰刊更高）",高,https://www.biomedcentral.com/getpublished/article-processing-charges,https://www.google.com/search?q=Perioperative+Medicine+aims+scope+instructions+for+authors+APC
381,3-Q2,3,Frontiers in Allergy,FRONT ALLERGY,,2673-6101,3.4,3.7,Q2,16/40,Q2,Q2,0.66,61.3,123.0,1987.0,ALLERGY,ALLERGY(JIF Q2/JCI Q2),FRONTIERS MEDIA SA,Frontiers,否,ESCI,全OA,"约 CHF 1,495-3,150（Frontiers in Medicine A类=CHF 3,150）",高,https://www.frontiersin.org/about/fee-policy,https://www.google.com/search?q=Frontiers+in+Allergy+aims+scope+instructions+for+authors+APC
382,3-Q2,3,BMJ Open Ophthalmology,BMJ OPEN OPHTHALMOL,2397-3269,2397-3269,2.7,2.9,Q2,32/98,Q2,Q2,0.95,67.9,122.0,1751.0,OPHTHALMOLOGY,OPHTHALMOLOGY(JIF Q2/JCI Q2),BMJ PUBLISHING GROUP,BMJ,否,ESCI,混合/全OA,"BMJ Open约GBP 2,175；旗舰刊更高",高,https://authors.bmj.com/open-access/,https://www.google.com/search?q=BMJ+Open+Ophthalmology+aims+scope+instructions+for+authors+APC
383,3-Q2,3,Biomedical Engineering Online,BIOMED ENG ONLINE,,1475-925X,4.6,4.4,Q2,44/130,Q2,Q2,0.63,66.5,121.0,6311.0,"ENGINEERING, BIOMEDICAL","ENGINEERING, BIOMEDICAL(JIF Q2/JCI Q2)",BMC,BMC,是,SCIE,全OA,"约 USD 1,990-2,890（旗舰刊更高）",高,https://www.biomedcentral.com/getpublished/article-processing-charges,https://www.google.com/search?q=Biomedical+Engineering+Online+aims+scope+instructions+for+authors+APC
384,3-Q2,3,AIDS Research and Therapy,AIDS RES THER,1742-6405,1742-6405,2.8,3.1,Q2,67/141,Q3,Q3,0.67,52.8,118.0,2098.0,INFECTIOUS DISEASES,INFECTIOUS DISEASES(JIF Q2/JCI Q3),BMC,BMC,是,SCIE,全OA,"约 USD 1,990-2,890（旗舰刊更高）",高,https://www.biomedcentral.com/getpublished/article-processing-charges,https://www.google.com/search?q=AIDS+Research+and+Therapy+aims+scope+instructions+for+authors+APC
385,3-Q2,3,Safety,SAFETY,,2313-576X,2.4,2.4,Q2,193/443,Q2,Q2,0.68,56.5,115.0,1467.0,"PUBLIC, ENVIRONMENTAL & OCCUPATIONAL HEALTH","PUBLIC, ENVIRONMENTAL & OCCUPATIONAL HEALTH(JIF Q2/JCI Q2)",MDPI,MDPI,否,ESCI,全OA,"约 CHF 1,600-2,900（如 JCM=CHF 2,600）",高,https://www.mdpi.com/about/apc,https://www.google.com/search?q=Safety+aims+scope+instructions+for+authors+APC
386,3-Q2,3,Frontiers in Behavioral Neuroscience,FRONT BEHAV NEUROSCI,1662-5153,,3.4,3.7,Q2,10/57,Q2,Q2,0.76,56.5,113.0,12578.0,NEUROSCIENCES,NEUROSCIENCES(JIF Q2/JCI Q2),FRONTIERS MEDIA SA,Frontiers,是,SCIE,全OA,"约 CHF 1,495-3,150（Frontiers in Medicine A类=CHF 3,150）",高,https://www.frontiersin.org/about/fee-policy,https://www.google.com/search?q=Frontiers+in+Behavioral+Neuroscience+aims+scope+instructions+for+authors+APC
387,3-Q2,3,Thrombosis Journal,THROMB J,1477-9560,1477-9560,2.7,2.5,Q2,46/103,Q2,Q2,0.59,55.8,111.0,1864.0,HEMATOLOGY; PERIPHERAL VASCULAR DISEASE,HEMATOLOGY(JIF Q2/JCI Q2) | PERIPHERAL VASCULAR DISEASE(JIF Q2/JCI Q2),BMC,BMC,是,SCIE,全OA,"约 USD 1,990-2,890（旗舰刊更高）",高,https://www.biomedcentral.com/getpublished/article-processing-charges,https://www.google.com/search?q=Thrombosis+Journal+aims+scope+instructions+for+authors+APC
388,3-Q2,3,Pediatric Reports,PEDIATRIC REP,2036-7503,2036-7503,1.9,1.6,Q2,85/190,Q2,Q2,0.77,55.5,110.0,830.0,PEDIATRICS,PEDIATRICS(JIF Q2/JCI Q2),MDPI,MDPI,否,ESCI,全OA,"约 CHF 1,600-2,900（如 JCM=CHF 2,600）",高,https://www.mdpi.com/about/apc,https://www.google.com/search?q=Pediatric+Reports+aims+scope+instructions+for+authors+APC
389,3-Q2,3,Frontiers in Dental Medicine,FRONT DENT MED,,2673-4915,2.7,2.5,Q2,52/165,Q3,Q3,0.61,68.8,109.0,851.0,"DENTISTRY, ORAL SURGERY & MEDICINE","DENTISTRY, ORAL SURGERY & MEDICINE(JIF Q2/JCI Q3)",FRONTIERS MEDIA SA,Frontiers,否,ESCI,全OA,"约 CHF 1,495-3,150（Frontiers in Medicine A类=CHF 3,150）",高,https://www.frontiersin.org/about/fee-policy,https://www.google.com/search?q=Frontiers+in+Dental+Medicine+aims+scope+instructions+for+authors+APC
390,3-Q2,3,JOURNAL OF MEDICAL GENETICS,J MED GENET,0022-2593,1468-6244,3.4,3.8,Q2,67/192,Q1,Q1,0.92,65.4,108.0,11657.0,GENETICS & HEREDITY,GENETICS & HEREDITY(JIF Q2/JCI Q1),BMJ PUBLISHING GROUP,BMJ,是,SCIE,混合/全OA,"BMJ Open约GBP 2,175；旗舰刊更高",高,https://authors.bmj.com/open-access/,https://www.google.com/search?q=JOURNAL+OF+MEDICAL+GENETICS+aims+scope+instructions+for+authors+APC
391,3-Q2,3,Pediatric Rheumatology,PEDIATR RHEUMATOL,,1546-0096,2.3,2.8,Q2,55/190,Q2,Q2,0.87,71.3,108.0,3271.0,PEDIATRICS; RHEUMATOLOGY,PEDIATRICS(JIF Q2/JCI Q2) | RHEUMATOLOGY(JIF Q3/JCI Q2),BMC,BMC,是,SCIE,全OA,"约 USD 1,990-2,890（旗舰刊更高）",高,https://www.biomedcentral.com/getpublished/article-processing-charges,https://www.google.com/search?q=Pediatric+Rheumatology+aims+scope+instructions+for+authors+APC
392,3-Q2,3,Journal of Cannabis Research,J CANNABIS RES,,2522-5782,3.8,4.8,Q2,116/356,Q1,Q1,1.03,67.6,101.0,1145.0,PHARMACOLOGY & PHARMACY,PHARMACOLOGY & PHARMACY(JIF Q2/JCI Q1),BMC,BMC,否,ESCI,全OA,"约 USD 1,990-2,890（旗舰刊更高）",高,https://www.biomedcentral.com/getpublished/article-processing-charges,https://www.google.com/search?q=Journal+of+Cannabis+Research+aims+scope+instructions+for+authors+APC
393,3-Q2,2,Molecular Therapy Methods & Clinical Development,MOL THER METH CLIN D,,2329-0501,5.0,5.4,Q2,49/191,Q1,Q1,1.15,74.6,199.0,7600.0,"MEDICINE, RESEARCH & EXPERIMENTAL","MEDICINE, RESEARCH & EXPERIMENTAL(JIF Q2/JCI Q1)",CELL PRESS,其他,是,SCIE,需核实,请查期刊官网 Author / Open Access 页面,未知,,https://www.google.com/search?q=Molecular+Therapy+Methods+&+Clinical+Development+aims+scope+instructions+for+authors+APC
394,3-Q2,2,JOURNAL OF FOOD PROTECTION,J FOOD PROTECT,0362-028X,1944-9097,3.7,3.5,Q2,79/187,Q2,Q2,0.64,54.7,199.0,14446.0,BIOTECHNOLOGY & APPLIED MICROBIOLOGY,BIOTECHNOLOGY & APPLIED MICROBIOLOGY(JIF Q2/JCI Q2),ELSEVIER,Elsevier,是,SCIE,混合为主,"订阅路线通常无APC；Gold OA常见 USD 2,200-4,200",中,https://www.elsevier.com/open-access/agreements,https://www.google.com/search?q=JOURNAL+OF+FOOD+PROTECTION+aims+scope+instructions+for+authors+APC
395,3-Q2,2,NAR Genomics and Bioinformatics,NAR GENOM BIOINFORM,,2631-9268,3.0,4.9,Q2,22/67,Q1,Q1,0.84,67.9,199.0,3232.0,GENETICS & HEREDITY; MATHEMATICAL & COMPUTATIONAL BIOLOGY,GENETICS & HEREDITY(JIF Q2/JCI Q2) | MATHEMATICAL & COMPUTATIONAL BIOLOGY(JIF Q2/JCI Q1),OXFORD UNIV PRESS,Oxford UP,否,ESCI,混合为主,订阅路线通常无APC；可选OA，费用因刊而异,中,https://academic.oup.com/pages/open-research/open-access,https://www.google.com/search?q=NAR+Genomics+and+Bioinformatics+aims+scope+instructions+for+authors+APC
396,3-Q2,2,BRITISH DENTAL JOURNAL,BRIT DENT J,0007-0610,1476-5373,2.7,2.7,Q2,52/165,Q2,Q2,0.98,68.8,199.0,9226.0,"DENTISTRY, ORAL SURGERY & MEDICINE","DENTISTRY, ORAL SURGERY & MEDICINE(JIF Q2/JCI Q2)",SPRINGERNATURE,Springer Nature,是,SCIE,混合/全OA,"全OA约 USD 2,090-3,490；Nature系更高；Scientific Reports已拉黑",中高,https://www.springernature.com/gp/open-research/journals-books/journals,https://www.google.com/search?q=BRITISH+DENTAL+JOURNAL+aims+scope+instructions+for+authors+APC
397,3-Q2,2,Odontology,ODONTOLOGY,1618-1247,1618-1255,2.6,2.7,Q2,56/165,Q2,Q2,0.95,66.4,199.0,2616.0,"DENTISTRY, ORAL SURGERY & MEDICINE","DENTISTRY, ORAL SURGERY & MEDICINE(JIF Q2/JCI Q2)",SPRINGER,Springer,是,SCIE,混合为主,"订阅路线通常无APC；选OA约 USD 2,790-4,290",中,https://www.springer.com/gp/open-access,https://www.google.com/search?q=Odontology+aims+scope+instructions+for+authors+APC
398,3-Q2,2,PEDIATRIC NEUROLOGY,PEDIATR NEUROL,0887-8994,1873-5150,2.0,2.8,Q2,78/190,Q2,Q2,0.75,59.2,199.0,7323.0,CLINICAL NEUROLOGY; PEDIATRICS,CLINICAL NEUROLOGY(JIF Q3/JCI Q2) | PEDIATRICS(JIF Q2/JCI Q2),ELSEVIER SCIENCE INC,Elsevier,是,SCIE,混合为主,"订阅路线通常无APC；Gold OA常见 USD 2,200-4,200",中,https://www.elsevier.com/open-access/agreements,https://www.google.com/search?q=PEDIATRIC+NEUROLOGY+aims+scope+instructions+for+authors+APC
399,3-Q2,2,ARCHIVES OF GERONTOLOGY AND GERIATRICS,ARCH GERONTOL GERIAT,0167-4943,1872-6976,4.7,4.9,Q2,20/72,Q2,Q2,0.93,72.9,198.0,12940.0,GERIATRICS & GERONTOLOGY,GERIATRICS & GERONTOLOGY(JIF Q2/JCI Q2),ELSEVIER IRELAND LTD,Elsevier,是,SCIE,混合为主,"订阅路线通常无APC；Gold OA常见 USD 2,200-4,200",中,https://www.elsevier.com/open-access/agreements,https://www.google.com/search?q=ARCHIVES+OF+GERONTOLOGY+AND+GERIATRICS+aims+scope+instructions+for+authors+APC
400,3-Q2,2,RHEUMATOLOGY INTERNATIONAL,RHEUMATOL INT,0172-8172,1437-160X,3.5,3.2,Q2,18/58,Q2,Q2,0.86,69.8,198.0,10514.0,RHEUMATOLOGY,RHEUMATOLOGY(JIF Q2/JCI Q2),SPRINGER HEIDELBERG,Springer,是,SCIE,混合为主,"订阅路线通常无APC；选OA约 USD 2,790-4,290",中,https://www.springer.com/gp/open-access,https://www.google.com/search?q=RHEUMATOLOGY+INTERNATIONAL+aims+scope+instructions+for+authors+APC
401,3-Q2,2,MOLECULAR IMMUNOLOGY,MOL IMMUNOL,0161-5890,1872-9142,3.7,3.5,Q2,85/183,Q2,Q2,0.72,53.8,197.0,12839.0,BIOCHEMISTRY & MOLECULAR BIOLOGY; IMMUNOLOGY,BIOCHEMISTRY & MOLECULAR BIOLOGY(JIF Q2/JCI Q2) | IMMUNOLOGY(JIF Q2/JCI Q2),PERGAMON-ELSEVIER SCIENCE LTD,Elsevier,是,SCIE,混合为主,"订阅路线通常无APC；Gold OA常见 USD 2,200-4,200",中,https://www.elsevier.com/open-access/agreements,https://www.google.com/search?q=MOLECULAR+IMMUNOLOGY+aims+scope+instructions+for+authors+APC
402,3-Q2,2,ARCHIVES OF ORAL BIOLOGY,ARCH ORAL BIOL,0003-9969,1879-1506,2.3,2.5,Q2,67/165,Q2,Q2,0.9,59.7,197.0,9803.0,"DENTISTRY, ORAL SURGERY & MEDICINE","DENTISTRY, ORAL SURGERY & MEDICINE(JIF Q2/JCI Q2)",PERGAMON-ELSEVIER SCIENCE LTD,Elsevier,是,SCIE,混合为主,"订阅路线通常无APC；Gold OA常见 USD 2,200-4,200",中,https://www.elsevier.com/open-access/agreements,https://www.google.com/search?q=ARCHIVES+OF+ORAL+BIOLOGY+aims+scope+instructions+for+authors+APC
403,3-Q2,2,JOURNAL OF GASTROENTEROLOGY AND HEPATOLOGY,J GASTROEN HEPATOL,0815-9319,1440-1746,3.5,3.8,Q2,54/153,Q2,Q2,0.71,65.0,196.0,15054.0,GASTROENTEROLOGY & HEPATOLOGY,GASTROENTEROLOGY & HEPATOLOGY(JIF Q2/JCI Q2),WILEY,Wiley,是,SCIE,混合为主,"订阅路线通常无APC；OnlineOpen常见 USD 3,200-4,700",中,https://authorservices.wiley.com/author-resources/Journal-Authors/open-access/article-publication-charges.html,https://www.google.com/search?q=JOURNAL+OF+GASTROENTEROLOGY+AND+HEPATOLOGY+aims+scope+instructions+for+authors+APC
404,3-Q2,2,AMERICAN HEART JOURNAL,AM HEART J,0002-8703,1097-6744,3.4,3.5,Q2,74/237,Q2,Q2,0.88,69.0,196.0,16674.0,CARDIAC & CARDIOVASCULAR SYSTEMS,CARDIAC & CARDIOVASCULAR SYSTEMS(JIF Q2/JCI Q2),MOSBY-ELSEVIER,Elsevier,是,SCIE,混合为主,"订阅路线通常无APC；Gold OA常见 USD 2,200-4,200",中,https://www.elsevier.com/open-access/agreements,https://www.google.com/search?q=AMERICAN+HEART+JOURNAL+aims+scope+instructions+for+authors+APC
405,3-Q2,2,CLINICAL AND EXPERIMENTAL RHEUMATOLOGY,CLIN EXP RHEUMATOL,0392-856X,1593-098X,3.2,2.9,Q2,21/58,Q2,Q2,0.9,64.7,196.0,10987.0,RHEUMATOLOGY,RHEUMATOLOGY(JIF Q2/JCI Q2),CLINICAL & EXPER RHEUMATOLOGY,其他,是,SCIE,需核实,请查期刊官网 Author / Open Access 页面,未知,,https://www.google.com/search?q=CLINICAL+AND+EXPERIMENTAL+RHEUMATOLOGY+aims+scope+instructions+for+authors+APC
406,3-Q2,2,IJC Heart & Vasculature,IJC HEART VASC,,2352-9067,2.9,2.5,Q2,95/237,Q2,Q2,0.64,60.1,196.0,3036.0,CARDIAC & CARDIOVASCULAR SYSTEMS,CARDIAC & CARDIOVASCULAR SYSTEMS(JIF Q2/JCI Q2),ELSEVIER IRELAND LTD,Elsevier,否,ESCI,混合为主,"订阅路线通常无APC；Gold OA常见 USD 2,200-4,200",中,https://www.elsevier.com/open-access/agreements,https://www.google.com/search?q=IJC+Heart+&+Vasculature+aims+scope+instructions+for+authors+APC
407,3-Q2,2,Reproductive Sciences,REPROD SCI,1933-7191,1933-7205,2.8,3.2,Q2,39/143,Q2,Q2,0.84,73.1,196.0,8698.0,OBSTETRICS & GYNECOLOGY; REPRODUCTIVE BIOLOGY,OBSTETRICS & GYNECOLOGY(JIF Q2/JCI Q2) | REPRODUCTIVE BIOLOGY(JIF Q2/JCI Q2),SPRINGER HEIDELBERG,Springer,是,SCIE,混合为主,"订阅路线通常无APC；选OA约 USD 2,790-4,290",中,https://www.springer.com/gp/open-access,https://www.google.com/search?q=Reproductive+Sciences+aims+scope+instructions+for+authors+APC
408,3-Q2,2,Cognitive Neurodynamics,COGN NEURODYNAMICS,1871-4080,1871-4099,4.5,4.4,Q2,87/330,Q2,Q2,1.01,73.8,195.0,3663.0,NEUROSCIENCES,NEUROSCIENCES(JIF Q2/JCI Q2),SPRINGER,Springer,是,SCIE,混合为主,"订阅路线通常无APC；选OA约 USD 2,790-4,290",中,https://www.springer.com/gp/open-access,https://www.google.com/search?q=Cognitive+Neurodynamics+aims+scope+instructions+for+authors+APC
409,3-Q2,2,Epilepsia Open,EPILEPSIA OPEN,,2470-9239,3.4,3.5,Q2,98/296,Q2,Q2,0.8,67.1,195.0,3090.0,CLINICAL NEUROLOGY; NEUROSCIENCES,CLINICAL NEUROLOGY(JIF Q2/JCI Q2) | NEUROSCIENCES(JIF Q2/JCI Q2),WILEY,Wiley,是,SCIE,混合为主,"订阅路线通常无APC；OnlineOpen常见 USD 3,200-4,700",中,https://authorservices.wiley.com/author-resources/Journal-Authors/open-access/article-publication-charges.html,https://www.google.com/search?q=Epilepsia+Open+aims+scope+instructions+for+authors+APC
410,3-Q2,2,Cancer Control,CANCER CONTROL,1073-2748,1526-2359,3.1,3.2,Q2,165/333,Q3,Q3,0.56,50.6,194.0,3864.0,ONCOLOGY,ONCOLOGY(JIF Q2/JCI Q3),SAGE PUBLICATIONS INC,SAGE,是,SCIE,混合为主,"订阅路线通常无APC；SAGE Choice常见 USD 2,000-4,000",中,https://us.sagepub.com/en-us/nam/sage-choice,https://www.google.com/search?q=Cancer+Control+aims+scope+instructions+for+authors+APC
411,3-Q2,2,MUSCLE & NERVE,MUSCLE NERVE,0148-639X,1097-4598,2.9,3.1,Q2,139/296,Q2,Q2,0.75,53.2,194.0,13835.0,CLINICAL NEUROLOGY; NEUROSCIENCES,CLINICAL NEUROLOGY(JIF Q2/JCI Q2) | NEUROSCIENCES(JIF Q3/JCI Q2),WILEY,Wiley,是,SCIE,混合为主,"订阅路线通常无APC；OnlineOpen常见 USD 3,200-4,700",中,https://authorservices.wiley.com/author-resources/Journal-Authors/open-access/article-publication-charges.html,https://www.google.com/search?q=MUSCLE+&+NERVE+aims+scope+instructions+for+authors+APC
412,3-Q2,2,Journal of Burn Care & Research,J BURN CARE RES,1559-047X,1559-0488,1.9,2.0,Q2,145/321,Q2,Q2,0.61,55.0,194.0,5147.0,CRITICAL CARE MEDICINE; DERMATOLOGY; SURGERY,CRITICAL CARE MEDICINE(JIF Q3/JCI Q2) | DERMATOLOGY(JIF Q3/JCI Q3) | SURGERY(JIF Q2/JCI Q3),OXFORD UNIV PRESS,Oxford UP,是,SCIE,混合为主,订阅路线通常无APC；可选OA，费用因刊而异,中,https://academic.oup.com/pages/open-research/open-access,https://www.google.com/search?q=Journal+of+Burn+Care+&+Research+aims+scope+instructions+for+authors+APC
413,3-Q2,2,INTERNATIONAL BIODETERIORATION & BIODEGRADATION,INT BIODETER BIODEGR,0964-8305,1879-0208,4.4,4.7,Q2,59/180,Q2,Q2,0.86,67.5,193.0,12378.0,BIOTECHNOLOGY & APPLIED MICROBIOLOGY,BIOTECHNOLOGY & APPLIED MICROBIOLOGY(JIF Q2/JCI Q2),ELSEVIER SCI LTD,Elsevier,是,SCIE,混合为主,"订阅路线通常无APC；Gold OA常见 USD 2,200-4,200",中,https://www.elsevier.com/open-access/agreements,https://www.google.com/search?q=INTERNATIONAL+BIODETERIORATION+&+BIODEGRADATION+aims+scope+instructions+for+authors+APC
414,3-Q2,2,JOURNAL OF ENDOCRINOLOGICAL INVESTIGATION,J ENDOCRINOL INVEST,0391-4097,1720-8386,4.0,3.9,Q2,71/198,Q2,Q2,0.82,64.4,193.0,9733.0,ENDOCRINOLOGY & METABOLISM,ENDOCRINOLOGY & METABOLISM(JIF Q2/JCI Q2),SPRINGER,Springer,是,SCIE,混合为主,"订阅路线通常无APC；选OA约 USD 2,790-4,290",中,https://www.springer.com/gp/open-access,https://www.google.com/search?q=JOURNAL+OF+ENDOCRINOLOGICAL+INVESTIGATION+aims+scope+instructions+for+authors+APC
415,3-Q2,2,Brain Behavior & Immunity-Health,BRAIN BEHAV IMMUN-HL,2666-3546,2666-3546,3.8,4.0,Q2,75/293,Q2,Q2,0.92,74.6,192.0,3256.0,IMMUNOLOGY; NEUROSCIENCES; PSYCHIATRY,IMMUNOLOGY(JIF Q2/JCI Q2) | NEUROSCIENCES(JIF Q2/JCI Q2) | PSYCHIATRY(JIF Q2/JCI Q2),ELSEVIER,Elsevier,否,ESCI,混合为主,"订阅路线通常无APC；Gold OA常见 USD 2,200-4,200",中,https://www.elsevier.com/open-access/agreements,https://www.google.com/search?q=Brain+Behavior+&+Immunity-Health+aims+scope+instructions+for+authors+APC
416,3-Q2,2,JOURNAL OF ORTHOPAEDIC RESEARCH,J ORTHOP RES,0736-0266,1554-527X,2.4,3.0,Q2,53/147,Q2,Q2,1.01,64.3,192.0,16248.0,ORTHOPEDICS,ORTHOPEDICS(JIF Q2/JCI Q2),WILEY,Wiley,是,SCIE,混合为主,"订阅路线通常无APC；OnlineOpen常见 USD 3,200-4,700",中,https://authorservices.wiley.com/author-resources/Journal-Authors/open-access/article-publication-charges.html,https://www.google.com/search?q=JOURNAL+OF+ORTHOPAEDIC+RESEARCH+aims+scope+instructions+for+authors+APC
417,3-Q2,2,JOURNAL OF SURGICAL ONCOLOGY,J SURG ONCOL,0022-4790,1096-9098,1.9,2.1,Q2,145/321,Q3,Q3,0.62,55.0,192.0,11539.0,ONCOLOGY; SURGERY,ONCOLOGY(JIF Q4/JCI Q3) | SURGERY(JIF Q2/JCI Q3),WILEY,Wiley,是,SCIE,混合为主,"订阅路线通常无APC；OnlineOpen常见 USD 3,200-4,700",中,https://authorservices.wiley.com/author-resources/Journal-Authors/open-access/article-publication-charges.html,https://www.google.com/search?q=JOURNAL+OF+SURGICAL+ONCOLOGY+aims+scope+instructions+for+authors+APC
418,3-Q2,2,JAC-Antimicrobial Resistance,JAC-ANTIMICROB RESIS,,2632-1823,3.9,4.4,Q2,37/141,Q2,Q2,0.86,74.1,191.0,3290.0,INFECTIOUS DISEASES; MICROBIOLOGY; PHARMACOLOGY & PHARMACY,INFECTIOUS DISEASES(JIF Q2/JCI Q2) | MICROBIOLOGY(JIF Q2/JCI Q2) | PHARMACOLOGY & PHARMACY(JIF Q2/JCI Q2),OXFORD UNIV PRESS,Oxford UP,否,ESCI,混合为主,订阅路线通常无APC；可选OA，费用因刊而异,中,https://academic.oup.com/pages/open-research/open-access,https://www.google.com/search?q=JAC-Antimicrobial+Resistance+aims+scope+instructions+for+authors+APC
419,3-Q2,2,METABOLIC BRAIN DISEASE,METAB BRAIN DIS,0885-7490,1573-7365,3.8,3.9,Q2,118/330,Q2,Q2,0.77,64.4,191.0,7382.0,ENDOCRINOLOGY & METABOLISM; NEUROSCIENCES,ENDOCRINOLOGY & METABOLISM(JIF Q2/JCI Q2) | NEUROSCIENCES(JIF Q2/JCI Q2),SPRINGER/PLENUM PUBLISHERS,Springer,是,SCIE,混合为主,"订阅路线通常无APC；选OA约 USD 2,790-4,290",中,https://www.springer.com/gp/open-access,https://www.google.com/search?q=METABOLIC+BRAIN+DISEASE+aims+scope+instructions+for+authors+APC
420,3-Q2,2,Journal of Transport & Health,J TRANSP HEALTH,2214-1405,,3.3,4.0,Q2,113/443,Q2,Q2,0.9,74.6,191.0,5765.0,"PUBLIC, ENVIRONMENTAL & OCCUPATIONAL HEALTH","PUBLIC, ENVIRONMENTAL & OCCUPATIONAL HEALTH(JIF Q2/JCI Q2)",ELSEVIER SCI LTD,Elsevier,否,SSCI,混合为主,"订阅路线通常无APC；Gold OA常见 USD 2,200-4,200",中,https://www.elsevier.com/open-access/agreements,https://www.google.com/search?q=Journal+of+Transport+&+Health+aims+scope+instructions+for+authors+APC
421,3-Q2,2,Open Life Sciences,OPEN LIFE SCI,2391-5412,2391-5412,2.3,2.3,Q2,41/106,Q3,Q3,0.48,61.8,191.0,2501.0,BIOLOGY,BIOLOGY(JIF Q2/JCI Q3),DE GRUYTER POLAND SP Z O O,De Gruyter,是,SCIE,混合/OA,因刊而异,中,https://www.degruyter.com/publishing/publications/openaccess,https://www.google.com/search?q=Open+Life+Sciences+aims+scope+instructions+for+authors+APC
422,3-Q2,2,BRITISH JOURNAL OF HOSPITAL MEDICINE,BRIT J HOSP MED,1750-8460,1759-7390,1.7,1.8,Q2,135/336,Q2,Q2,0.39,60.0,190.0,2284.0,"MEDICINE, GENERAL & INTERNAL","MEDICINE, GENERAL & INTERNAL(JIF Q2/JCI Q2)",IMR PRESS,其他,是,SCIE,需核实,请查期刊官网 Author / Open Access 页面,未知,,https://www.google.com/search?q=BRITISH+JOURNAL+OF+HOSPITAL+MEDICINE+aims+scope+instructions+for+authors+APC
423,3-Q2,2,European Geriatric Medicine,EUR GERIATR MED,1878-7649,1878-7657,3.9,4.2,Q2,31/72,Q2,Q2,0.79,57.6,189.0,4233.0,GERIATRICS & GERONTOLOGY,GERIATRICS & GERONTOLOGY(JIF Q2/JCI Q2),SPRINGER,Springer,是,SCIE,混合为主,"订阅路线通常无APC；选OA约 USD 2,790-4,290",中,https://www.springer.com/gp/open-access,https://www.google.com/search?q=European+Geriatric+Medicine+aims+scope+instructions+for+authors+APC
424,3-Q2,2,SOCIAL PSYCHIATRY AND PSYCHIATRIC EPIDEMIOLOGY,SOC PSYCH PSYCH EPID,0933-7954,1433-9285,3.5,4.8,Q2,85/293,Q2,Q2,0.97,71.2,189.0,13811.0,PSYCHIATRY,PSYCHIATRY(JIF Q2/JCI Q2),SPRINGER HEIDELBERG,Springer,是,"SCIE, SSCI",混合为主,"订阅路线通常无APC；选OA约 USD 2,790-4,290",中,https://www.springer.com/gp/open-access,https://www.google.com/search?q=SOCIAL+PSYCHIATRY+AND+PSYCHIATRIC+EPIDEMIOLOGY+aims+scope+instructions+for+authors+APC
425,3-Q2,2,BRITISH JOURNAL OF RADIOLOGY,BRIT J RADIOL,0007-1285,1748-880X,3.4,3.6,Q2,59/217,Q2,Q2,0.8,73.0,189.0,15136.0,"RADIOLOGY, NUCLEAR MEDICINE & MEDICAL IMAGING","RADIOLOGY, NUCLEAR MEDICINE & MEDICAL IMAGING(JIF Q2/JCI Q2)",OXFORD UNIV PRESS,Oxford UP,是,SCIE,混合为主,订阅路线通常无APC；可选OA，费用因刊而异,中,https://academic.oup.com/pages/open-research/open-access,https://www.google.com/search?q=BRITISH+JOURNAL+OF+RADIOLOGY+aims+scope+instructions+for+authors+APC
426,3-Q2,2,Physics & Imaging in Radiation Oncology,PHYS IMAG RADIAT ONC,,2405-6316,3.2,3.4,Q2,64/217,Q2,Q2,0.84,70.7,189.0,2153.0,"ONCOLOGY; RADIOLOGY, NUCLEAR MEDICINE & MEDICAL IMAGING","ONCOLOGY(JIF Q2/JCI Q2) | RADIOLOGY, NUCLEAR MEDICINE & MEDICAL IMAGING(JIF Q2/JCI Q2)",ELSEVIER,Elsevier,否,ESCI,混合为主,"订阅路线通常无APC；Gold OA常见 USD 2,200-4,200",中,https://www.elsevier.com/open-access/agreements,https://www.google.com/search?q=Physics+&+Imaging+in+Radiation+Oncology+aims+scope+instructions+for+authors+APC
427,3-Q2,2,SEIZURE-EUROPEAN JOURNAL OF EPILEPSY,SEIZURE-EUR J EPILEP,1059-1311,1532-2688,3.1,3.3,Q2,127/296,Q2,Q2,0.73,57.3,189.0,9732.0,CLINICAL NEUROLOGY; NEUROSCIENCES,CLINICAL NEUROLOGY(JIF Q2/JCI Q2) | NEUROSCIENCES(JIF Q3/JCI Q3),W B SAUNDERS CO LTD,Elsevier,是,SCIE,混合为主,"订阅路线通常无APC；Gold OA常见 USD 2,200-4,200",中,https://www.elsevier.com/open-access/agreements,https://www.google.com/search?q=SEIZURE-EUROPEAN+JOURNAL+OF+EPILEPSY+aims+scope+instructions+for+authors+APC
428,3-Q2,2,GENOMICS,GENOMICS,0888-7543,1089-8646,3.6,3.4,Q2,61/192,Q2,Q2,0.82,68.5,188.0,12444.0,BIOTECHNOLOGY & APPLIED MICROBIOLOGY; GENETICS & HEREDITY,BIOTECHNOLOGY & APPLIED MICROBIOLOGY(JIF Q2/JCI Q2) | GENETICS & HEREDITY(JIF Q2/JCI Q2),ACADEMIC PRESS INC ELSEVIER SCIENCE,Elsevier,是,SCIE,混合为主,"订阅路线通常无APC；Gold OA常见 USD 2,200-4,200",中,https://www.elsevier.com/open-access/agreements,https://www.google.com/search?q=GENOMICS+aims+scope+instructions+for+authors+APC
429,3-Q2,2,ALCOHOL-CLINICAL AND EXPERIMENTAL RESEARCH,ALCOHOL CLIN EXP RES,,2993-7175,2.4,3.0,Q2,28/61,Q2,Q2,0.91,54.9,188.0,13441.0,SUBSTANCE ABUSE,SUBSTANCE ABUSE(JIF Q2/JCI Q2),WILEY,Wiley,是,SCIE,混合为主,"订阅路线通常无APC；OnlineOpen常见 USD 3,200-4,700",中,https://authorservices.wiley.com/author-resources/Journal-Authors/open-access/article-publication-charges.html,https://www.google.com/search?q=ALCOHOL-CLINICAL+AND+EXPERIMENTAL+RESEARCH+aims+scope+instructions+for+authors+APC
430,3-Q2,2,Clinical Research in Cardiology,CLIN RES CARDIOL,1861-0684,1861-0692,3.4,3.6,Q2,74/237,Q2,Q2,0.87,69.0,187.0,5680.0,CARDIAC & CARDIOVASCULAR SYSTEMS,CARDIAC & CARDIOVASCULAR SYSTEMS(JIF Q2/JCI Q2),SPRINGER HEIDELBERG,Springer,是,SCIE,混合为主,"订阅路线通常无APC；选OA约 USD 2,790-4,290",中,https://www.springer.com/gp/open-access,https://www.google.com/search?q=Clinical+Research+in+Cardiology+aims+scope+instructions+for+authors+APC
431,3-Q2,2,JOURNAL OF ENDOUROLOGY,J ENDOUROL,0892-7790,1557-900X,3.2,3.1,Q2,34/134,Q1,Q1,1.09,75.0,187.0,8713.0,UROLOGY & NEPHROLOGY,UROLOGY & NEPHROLOGY(JIF Q2/JCI Q1),SAGE PUBLICATIONS INC,SAGE,是,SCIE,混合为主,"订阅路线通常无APC；SAGE Choice常见 USD 2,000-4,000",中,https://us.sagepub.com/en-us/nam/sage-choice,https://www.google.com/search?q=JOURNAL+OF+ENDOUROLOGY+aims+scope+instructions+for+authors+APC
432,3-Q2,2,JOURNAL OF VASCULAR AND INTERVENTIONAL RADIOLOGY,J VASC INTERV RADIOL,1051-0443,1535-7732,3.1,3.0,Q2,70/217,Q2,Q2,0.71,68.0,187.0,10384.0,"PERIPHERAL VASCULAR DISEASE; RADIOLOGY, NUCLEAR MEDICINE & MEDICAL IMAGING","PERIPHERAL VASCULAR DISEASE(JIF Q2/JCI Q2) | RADIOLOGY, NUCLEAR MEDICINE & MEDICAL IMAGING(JIF Q2/JCI Q2)",ELSEVIER SCIENCE INC,Elsevier,是,SCIE,混合为主,"订阅路线通常无APC；Gold OA常见 USD 2,200-4,200",中,https://www.elsevier.com/open-access/agreements,https://www.google.com/search?q=JOURNAL+OF+VASCULAR+AND+INTERVENTIONAL+RADIOLOGY+aims+scope+instructions+for+authors+APC
433,3-Q2,2,Heart Rhythm O2,HEART RHYTHM O2,2666-5018,2666-5018,2.8,2.7,Q2,101/237,Q2,Q2,0.67,57.6,187.0,1291.0,CARDIAC & CARDIOVASCULAR SYSTEMS,CARDIAC & CARDIOVASCULAR SYSTEMS(JIF Q2/JCI Q2),ELSEVIER,Elsevier,否,ESCI,混合为主,"订阅路线通常无APC；Gold OA常见 USD 2,200-4,200",中,https://www.elsevier.com/open-access/agreements,https://www.google.com/search?q=Heart+Rhythm+O2+aims+scope+instructions+for+authors+APC
434,3-Q2,2,Cancer Research Communications,CANCER RES COMMUN,,2767-9764,4.0,4.1,Q2,116/333,Q2,Q2,0.84,65.3,186.0,2676.0,ONCOLOGY,ONCOLOGY(JIF Q2/JCI Q2),AMER ASSOC CANCER RESEARCH,其他,否,ESCI,需核实,请查期刊官网 Author / Open Access 页面,未知,,https://www.google.com/search?q=Cancer+Research+Communications+aims+scope+instructions+for+authors+APC
435,3-Q2,2,ENVIRONMENTAL MICROBIOLOGY,ENVIRON MICROBIOL,1462-2912,1462-2920,4.0,5.1,Q2,69/167,Q2,Q2,0.94,59.0,185.0,29229.0,MICROBIOLOGY,MICROBIOLOGY(JIF Q2/JCI Q2),WILEY,Wiley,是,SCIE,混合为主,"订阅路线通常无APC；OnlineOpen常见 USD 3,200-4,700",中,https://authorservices.wiley.com/author-resources/Journal-Authors/open-access/article-publication-charges.html,https://www.google.com/search?q=ENVIRONMENTAL+MICROBIOLOGY+aims+scope+instructions+for+authors+APC
436,3-Q2,2,JOURNAL OF BIOMEDICAL OPTICS,J BIOMED OPT,1083-3668,1560-2281,3.3,3.6,Q2,62/217,Q2,Q2,0.88,71.7,185.0,14110.0,"RADIOLOGY, NUCLEAR MEDICINE & MEDICAL IMAGING","RADIOLOGY, NUCLEAR MEDICINE & MEDICAL IMAGING(JIF Q2/JCI Q2)",SPIE-SOC PHOTO-OPTICAL INSTRUMENTATION ENGINEERS,其他,是,SCIE,需核实,请查期刊官网 Author / Open Access 页面,未知,,https://www.google.com/search?q=JOURNAL+OF+BIOMEDICAL+OPTICS+aims+scope+instructions+for+authors+APC
437,3-Q2,2,INTERNATIONAL JOURNAL OF UROLOGY,INT J UROL,0919-8172,1442-2042,2.9,2.5,Q2,44/134,Q2,Q2,0.88,67.5,184.0,5428.0,UROLOGY & NEPHROLOGY,UROLOGY & NEPHROLOGY(JIF Q2/JCI Q2),WILEY,Wiley,是,SCIE,混合为主,"订阅路线通常无APC；OnlineOpen常见 USD 3,200-4,700",中,https://authorservices.wiley.com/author-resources/Journal-Authors/open-access/article-publication-charges.html,https://www.google.com/search?q=INTERNATIONAL+JOURNAL+OF+UROLOGY+aims+scope+instructions+for+authors+APC
438,3-Q2,2,Journal of Hand Surgery-European Volume,J HAND SURG-EUR VOL,1753-1934,2043-6289,2.1,2.2,Q2,128/321,Q2,Q2,0.66,60.3,184.0,6111.0,ORTHOPEDICS; SURGERY,ORTHOPEDICS(JIF Q2/JCI Q3) | SURGERY(JIF Q2/JCI Q2),SAGE PUBLICATIONS LTD,SAGE,是,SCIE,混合为主,"订阅路线通常无APC；SAGE Choice常见 USD 2,000-4,000",中,https://us.sagepub.com/en-us/nam/sage-choice,https://www.google.com/search?q=Journal+of+Hand+Surgery-European+Volume+aims+scope+instructions+for+authors+APC
439,3-Q2,2,Therapeutic Advances in Gastroenterology,THER ADV GASTROENTER,,1756-2848,3.8,4.1,Q2,46/153,Q2,Q2,0.65,70.3,182.0,4558.0,GASTROENTEROLOGY & HEPATOLOGY,GASTROENTEROLOGY & HEPATOLOGY(JIF Q2/JCI Q2),SAGE PUBLICATIONS LTD,SAGE,是,SCIE,混合为主,"订阅路线通常无APC；SAGE Choice常见 USD 2,000-4,000",中,https://us.sagepub.com/en-us/nam/sage-choice,https://www.google.com/search?q=Therapeutic+Advances+in+Gastroenterology+aims+scope+instructions+for+authors+APC
440,3-Q2,2,European Journal of Sport Science,EUR J SPORT SCI,1746-1391,1536-7290,3.0,3.7,Q2,38/136,Q1,Q1,1.08,72.4,182.0,7984.0,SPORT SCIENCES,SPORT SCIENCES(JIF Q2/JCI Q1),WILEY-V C H VERLAG GMBH,Wiley,是,SCIE,混合为主,"订阅路线通常无APC；OnlineOpen常见 USD 3,200-4,700",中,https://authorservices.wiley.com/author-resources/Journal-Authors/open-access/article-publication-charges.html,https://www.google.com/search?q=European+Journal+of+Sport+Science+aims+scope+instructions+for+authors+APC
441,3-Q2,2,NMR IN BIOMEDICINE,NMR BIOMED,0952-3480,1099-1492,2.8,3.1,Q2,14/43,Q2,Q1,0.81,63.4,182.0,8553.0,"RADIOLOGY, NUCLEAR MEDICINE & MEDICAL IMAGING","RADIOLOGY, NUCLEAR MEDICINE & MEDICAL IMAGING(JIF Q2/JCI Q2)",WILEY,Wiley,是,SCIE,混合为主,"订阅路线通常无APC；OnlineOpen常见 USD 3,200-4,700",中,https://authorservices.wiley.com/author-resources/Journal-Authors/open-access/article-publication-charges.html,https://www.google.com/search?q=NMR+IN+BIOMEDICINE+aims+scope+instructions+for+authors+APC
442,3-Q2,2,ONCOLOGY RESEARCH,ONCOL RES,0965-0407,1555-3906,4.6,4.1,Q2,101/333,Q1,Q1,1.06,69.8,181.0,3103.0,ONCOLOGY,ONCOLOGY(JIF Q2/JCI Q1),TECH SCIENCE PRESS,其他,是,SCIE,需核实,请查期刊官网 Author / Open Access 页面,未知,,https://www.google.com/search?q=ONCOLOGY+RESEARCH+aims+scope+instructions+for+authors+APC
443,3-Q2,2,Clinical Interventions in Aging,CLIN INTERV AGING,,1178-1998,4.1,4.5,Q2,29/72,Q2,Q2,0.83,60.4,181.0,11951.0,GERIATRICS & GERONTOLOGY,GERIATRICS & GERONTOLOGY(JIF Q2/JCI Q2),DOVE MEDICAL PRESS LTD,其他,是,SCIE,需核实,请查期刊官网 Author / Open Access 页面,未知,,https://www.google.com/search?q=Clinical+Interventions+in+Aging+aims+scope+instructions+for+authors+APC
444,3-Q2,2,NUTRITION,NUTRITION,0899-9007,1873-1244,3.6,3.9,Q2,45/114,Q2,Q2,0.65,61.0,181.0,15713.0,NUTRITION & DIETETICS,NUTRITION & DIETETICS(JIF Q2/JCI Q2),ELSEVIER SCIENCE INC,Elsevier,是,SCIE,混合为主,"订阅路线通常无APC；Gold OA常见 USD 2,200-4,200",中,https://www.elsevier.com/open-access/agreements,https://www.google.com/search?q=NUTRITION+aims+scope+instructions+for+authors+APC
445,3-Q2,2,JOURNAL OF BIOMEDICAL INFORMATICS,J BIOMED INFORM,1532-0464,1532-0480,5.9,5.8,Q2,14/54,Q2,Q2,1.0,75.0,180.0,21675.0,MEDICAL INFORMATICS,MEDICAL INFORMATICS(JIF Q2/JCI Q2),ACADEMIC PRESS INC ELSEVIER SCIENCE,Elsevier,是,SCIE,混合为主,"订阅路线通常无APC；Gold OA常见 USD 2,200-4,200",中,https://www.elsevier.com/open-access/agreements,https://www.google.com/search?q=JOURNAL+OF+BIOMEDICAL+INFORMATICS+aims+scope+instructions+for+authors+APC
446,3-Q2,2,INFECTION,INFECTION,0300-8126,1439-0973,3.9,3.7,Q2,37/141,Q1,Q1,1.04,74.1,179.0,6528.0,INFECTIOUS DISEASES,INFECTIOUS DISEASES(JIF Q2/JCI Q1),SPRINGER HEIDELBERG,Springer,是,SCIE,混合为主,"订阅路线通常无APC；选OA约 USD 2,790-4,290",中,https://www.springer.com/gp/open-access,https://www.google.com/search?q=INFECTION+aims+scope+instructions+for+authors+APC
447,3-Q2,2,AMB Express,AMB EXPRESS,2191-0855,2191-0855,3.9,4.2,Q2,75/180,Q2,Q2,0.86,58.6,179.0,7344.0,BIOTECHNOLOGY & APPLIED MICROBIOLOGY,BIOTECHNOLOGY & APPLIED MICROBIOLOGY(JIF Q2/JCI Q2),SPRINGER,Springer,是,SCIE,混合为主,"订阅路线通常无APC；选OA约 USD 2,790-4,290",中,https://www.springer.com/gp/open-access,https://www.google.com/search?q=AMB+Express+aims+scope+instructions+for+authors+APC
448,3-Q2,2,JOURNAL OF VISION,J VISION,1534-7362,1534-7362,2.2,2.4,Q2,43/98,Q2,Q2,0.89,56.6,179.0,10435.0,OPHTHALMOLOGY,OPHTHALMOLOGY(JIF Q2/JCI Q2),ASSOC RESEARCH VISION OPHTHALMOLOGY INC,其他,是,SCIE,需核实,请查期刊官网 Author / Open Access 页面,未知,,https://www.google.com/search?q=JOURNAL+OF+VISION+aims+scope+instructions+for+authors+APC
449,3-Q2,2,Journal of Clinical Sleep Medicine,J CLIN SLEEP MED,1550-9389,1550-9397,3.4,4.3,Q2,98/296,Q2,Q2,0.95,67.1,178.0,14870.0,CLINICAL NEUROLOGY,CLINICAL NEUROLOGY(JIF Q2/JCI Q2),AMER ACAD SLEEP MEDICINE,其他,是,SCIE,需核实,请查期刊官网 Author / Open Access 页面,未知,,https://www.google.com/search?q=Journal+of+Clinical+Sleep+Medicine+aims+scope+instructions+for+authors+APC
450,3-Q2,2,PUBLIC HEALTH NUTRITION,PUBLIC HEALTH NUTR,1368-9800,1475-2727,3.0,3.7,Q2,133/443,Q2,Q2,0.8,70.1,178.0,21058.0,"NUTRITION & DIETETICS; PUBLIC, ENVIRONMENTAL & OCCUPATIONAL HEALTH","NUTRITION & DIETETICS(JIF Q3/JCI Q2) | PUBLIC, ENVIRONMENTAL & OCCUPATIONAL HEALTH(JIF Q2/JCI Q2)",CAMBRIDGE UNIV PRESS,Cambridge UP,是,SCIE,混合为主,订阅路线通常无APC；Gold OA因刊而异,中,https://www.cambridge.org/core/open-research/open-access,https://www.google.com/search?q=PUBLIC+HEALTH+NUTRITION+aims+scope+instructions+for+authors+APC
451,3-Q2,2,International Journal of Dentistry,INT J DENT,1687-8728,1687-8736,2.2,2.7,Q2,73/165,Q2,Q2,0.81,56.1,178.0,3949.0,"DENTISTRY, ORAL SURGERY & MEDICINE","DENTISTRY, ORAL SURGERY & MEDICINE(JIF Q2/JCI Q2)",WILEY,Wiley,否,ESCI,混合为主,"订阅路线通常无APC；OnlineOpen常见 USD 3,200-4,700",中,https://authorservices.wiley.com/author-resources/Journal-Authors/open-access/article-publication-charges.html,https://www.google.com/search?q=International+Journal+of+Dentistry+aims+scope+instructions+for+authors+APC
452,3-Q2,2,AMERICAN JOURNAL OF INFECTION CONTROL,AM J INFECT CONTROL,0196-6553,1527-3296,2.6,2.5,Q2,173/443,Q2,Q2,0.78,61.1,177.0,9564.0,"INFECTIOUS DISEASES; PUBLIC, ENVIRONMENTAL & OCCUPATIONAL HEALTH","INFECTIOUS DISEASES(JIF Q3/JCI Q2) | PUBLIC, ENVIRONMENTAL & OCCUPATIONAL HEALTH(JIF Q2/JCI Q2)",MOSBY-ELSEVIER,Elsevier,是,SCIE,混合为主,"订阅路线通常无APC；Gold OA常见 USD 2,200-4,200",中,https://www.elsevier.com/open-access/agreements,https://www.google.com/search?q=AMERICAN+JOURNAL+OF+INFECTION+CONTROL+aims+scope+instructions+for+authors+APC
453,3-Q2,2,SKELETAL RADIOLOGY,SKELETAL RADIOL,0364-2348,1432-2161,2.5,2.5,Q2,47/147,Q2,Q2,0.76,68.4,177.0,7913.0,"ORTHOPEDICS; RADIOLOGY, NUCLEAR MEDICINE & MEDICAL IMAGING","ORTHOPEDICS(JIF Q2/JCI Q2) | RADIOLOGY, NUCLEAR MEDICINE & MEDICAL IMAGING(JIF Q2/JCI Q2)",SPRINGER,Springer,是,SCIE,混合为主,"订阅路线通常无APC；选OA约 USD 2,790-4,290",中,https://www.springer.com/gp/open-access,https://www.google.com/search?q=SKELETAL+RADIOLOGY+aims+scope+instructions+for+authors+APC
454,3-Q2,2,AMERICAN JOURNAL OF PHYSICAL MEDICINE & REHABILITATION,AM J PHYS MED REHAB,0894-9115,1537-7385,2.3,2.3,Q2,46/175,Q2,Q2,0.91,74.0,177.0,7655.0,REHABILITATION; SPORT SCIENCES,REHABILITATION(JIF Q2/JCI Q2) | SPORT SCIENCES(JIF Q2/JCI Q2),LIPPINCOTT WILLIAMS & WILKINS,Wolters Kluwer/LWW,是,SCIE,混合为主,"订阅路线通常无APC；OA常见 USD 2,000-4,000；MEDICINE已拉黑",中,https://wkauthorservices.editage.com/open-access/,https://www.google.com/search?q=AMERICAN+JOURNAL+OF+PHYSICAL+MEDICINE+&+REHABILITATION+aims+scope+instructions+for+authors+APC
455,3-Q2,2,Journal of Diabetes Investigation,J DIABETES INVEST,2040-1116,2040-1124,3.6,3.7,Q2,86/198,Q2,Q2,0.71,56.8,176.0,6901.0,ENDOCRINOLOGY & METABOLISM,ENDOCRINOLOGY & METABOLISM(JIF Q2/JCI Q2),WILEY,Wiley,是,SCIE,混合为主,"订阅路线通常无APC；OnlineOpen常见 USD 3,200-4,700",中,https://authorservices.wiley.com/author-resources/Journal-Authors/open-access/article-publication-charges.html,https://www.google.com/search?q=Journal+of+Diabetes+Investigation+aims+scope+instructions+for+authors+APC
456,3-Q2,2,Journal of Maternal-Fetal & Neonatal Medicine,J MATERN-FETAL NEO M,1476-7058,1476-4954,2.1,1.8,Q2,70/143,Q3,Q3,0.7,51.4,176.0,12299.0,OBSTETRICS & GYNECOLOGY,OBSTETRICS & GYNECOLOGY(JIF Q2/JCI Q3),TAYLOR & FRANCIS LTD,Taylor & Francis,是,SCIE,混合为主,"订阅路线通常无APC；Open Select常见 USD 2,500-3,500",中,https://authorservices.taylorandfrancis.com/publishing-open-access/,https://www.google.com/search?q=Journal+of+Maternal-Fetal+&+Neonatal+Medicine+aims+scope+instructions+for+authors+APC
457,3-Q2,2,Gland Surgery,GLAND SURG,2227-684X,2227-8575,1.9,2.2,Q2,145/321,Q2,Q2,0.74,55.0,176.0,3823.0,SURGERY,SURGERY(JIF Q2/JCI Q2),AME PUBLISHING COMPANY,其他,是,SCIE,需核实,请查期刊官网 Author / Open Access 页面,未知,,https://www.google.com/search?q=Gland+Surgery+aims+scope+instructions+for+authors+APC
458,3-Q2,2,JOURNAL OF PHOTOCHEMISTRY AND PHOTOBIOLOGY B-BIOLOGY,J PHOTOCH PHOTOBIO B,1011-1344,1873-2682,4.0,4.4,Q2,19/81,Q1,Q1,0.96,57.5,175.0,16103.0,BIOCHEMISTRY & MOLECULAR BIOLOGY,BIOCHEMISTRY & MOLECULAR BIOLOGY(JIF Q2/JCI Q1),ELSEVIER SCIENCE SA,Elsevier,是,SCIE,混合为主,"订阅路线通常无APC；Gold OA常见 USD 2,200-4,200",中,https://www.elsevier.com/open-access/agreements,https://www.google.com/search?q=JOURNAL+OF+PHOTOCHEMISTRY+AND+PHOTOBIOLOGY+B-BIOLOGY+aims+scope+instructions+for+authors+APC
459,3-Q2,2,JOURNAL OF BACTERIOLOGY,J BACTERIOL,0021-9193,1098-5530,3.8,3.7,Q2,76/167,Q2,Q2,0.73,54.8,174.0,53795.0,MICROBIOLOGY,MICROBIOLOGY(JIF Q2/JCI Q2),AMER SOC MICROBIOLOGY,其他,是,SCIE,需核实,请查期刊官网 Author / Open Access 页面,未知,,https://www.google.com/search?q=JOURNAL+OF+BACTERIOLOGY+aims+scope+instructions+for+authors+APC
460,3-Q2,2,Iranian Journal of Basic Medical Sciences,IRAN J BASIC MED SCI,2008-3866,2008-3874,3.2,2.9,Q2,156/356,Q2,Q2,0.74,56.3,174.0,5368.0,"MEDICINE, RESEARCH & EXPERIMENTAL; PHARMACOLOGY & PHARMACY","MEDICINE, RESEARCH & EXPERIMENTAL(JIF Q2/JCI Q2) | PHARMACOLOGY & PHARMACY(JIF Q2/JCI Q2)",MASHHAD UNIV MED SCIENCES,其他,是,SCIE,需核实,请查期刊官网 Author / Open Access 页面,未知,,https://www.google.com/search?q=Iranian+Journal+of+Basic+Medical+Sciences+aims+scope+instructions+for+authors+APC
461,3-Q2,2,JOURNAL OF NEPHROLOGY,J NEPHROL,1121-8428,1724-6059,2.6,3.0,Q2,52/134,Q2,Q2,0.73,61.6,174.0,5646.0,UROLOGY & NEPHROLOGY,UROLOGY & NEPHROLOGY(JIF Q2/JCI Q2),OXFORD UNIV PRESS,Oxford UP,是,SCIE,混合为主,订阅路线通常无APC；可选OA，费用因刊而异,中,https://academic.oup.com/pages/open-research/open-access,https://www.google.com/search?q=JOURNAL+OF+NEPHROLOGY+aims+scope+instructions+for+authors+APC
462,3-Q2,2,Tobacco Induced Diseases,TOB INDUC DIS,1617-9625,1617-9625,2.4,2.6,Q2,193/443,Q2,Q2,0.74,56.5,174.0,2551.0,"PUBLIC, ENVIRONMENTAL & OCCUPATIONAL HEALTH; SUBSTANCE ABUSE","PUBLIC, ENVIRONMENTAL & OCCUPATIONAL HEALTH(JIF Q2/JCI Q2) | SUBSTANCE ABUSE(JIF Q2/JCI Q3)",EUROPEAN PUBLISHING,其他,是,"SCIE, SSCI",需核实,请查期刊官网 Author / Open Access 页面,未知,,https://www.google.com/search?q=Tobacco+Induced+Diseases+aims+scope+instructions+for+authors+APC
463,3-Q2,2,ASAIO JOURNAL,ASAIO J,1058-2916,1538-943X,2.2,2.5,Q2,14/30,Q2,Q2,0.66,55.0,174.0,5168.0,"ENGINEERING, BIOMEDICAL; TRANSPLANTATION","ENGINEERING, BIOMEDICAL(JIF Q3/JCI Q2) | TRANSPLANTATION(JIF Q2/JCI Q2)",LIPPINCOTT WILLIAMS & WILKINS,Wolters Kluwer/LWW,是,SCIE,混合为主,"订阅路线通常无APC；OA常见 USD 2,000-4,000；MEDICINE已拉黑",中,https://wkauthorservices.editage.com/open-access/,https://www.google.com/search?q=ASAIO+JOURNAL+aims+scope+instructions+for+authors+APC
464,3-Q2,2,INTERNATIONAL JOURNAL OF CLINICAL PRACTICE,INT J CLIN PRACT,1368-5031,1742-1241,2.0,2.0,Q2,113/336,Q2,Q2,0.55,66.5,174.0,7911.0,"MEDICINE, GENERAL & INTERNAL","MEDICINE, GENERAL & INTERNAL(JIF Q2/JCI Q2)",WILEY,Wiley,是,SCIE,混合为主,"订阅路线通常无APC；OnlineOpen常见 USD 3,200-4,700",中,https://authorservices.wiley.com/author-resources/Journal-Authors/open-access/article-publication-charges.html,https://www.google.com/search?q=INTERNATIONAL+JOURNAL+OF+CLINICAL+PRACTICE+aims+scope+instructions+for+authors+APC
465,3-Q2,2,Molecular Oncology,MOL ONCOL,1574-7891,1878-0261,4.5,6.2,Q2,104/333,Q2,Q2,0.96,68.9,173.0,11118.0,ONCOLOGY,ONCOLOGY(JIF Q2/JCI Q2),WILEY,Wiley,是,SCIE,混合为主,"订阅路线通常无APC；OnlineOpen常见 USD 3,200-4,700",中,https://authorservices.wiley.com/author-resources/Journal-Authors/open-access/article-publication-charges.html,https://www.google.com/search?q=Molecular+Oncology+aims+scope+instructions+for+authors+APC
466,3-Q2,2,BIOLOGICAL CONTROL,BIOL CONTROL,1049-9644,1090-2112,4.0,4.4,Q2,9/110,Q1,Q1,1.22,60.8,173.0,12873.0,BIOTECHNOLOGY & APPLIED MICROBIOLOGY,BIOTECHNOLOGY & APPLIED MICROBIOLOGY(JIF Q2/JCI Q1),ACADEMIC PRESS INC ELSEVIER SCIENCE,Elsevier,是,SCIE,混合为主,"订阅路线通常无APC；Gold OA常见 USD 2,200-4,200",中,https://www.elsevier.com/open-access/agreements,https://www.google.com/search?q=BIOLOGICAL+CONTROL+aims+scope+instructions+for+authors+APC
467,3-Q2,2,Journal of Cancer Survivorship,J CANCER SURVIV,1932-2259,1932-2267,3.4,4.3,Q2,9/72,Q2,Q2,0.82,55.7,173.0,6869.0,ONCOLOGY,ONCOLOGY(JIF Q2/JCI Q2),SPRINGER,Springer,是,SCIE; SSCI,混合为主,"订阅路线通常无APC；选OA约 USD 2,790-4,290",中,https://www.springer.com/gp/open-access,https://www.google.com/search?q=Journal+of+Cancer+Survivorship+aims+scope+instructions+for+authors+APC
468,3-Q2,2,Cancer Epidemiology,CANCER EPIDEMIOL,1877-7821,1877-783X,3.0,3.1,Q2,133/443,Q2,Q2,0.7,70.1,173.0,5498.0,"ONCOLOGY; PUBLIC, ENVIRONMENTAL & OCCUPATIONAL HEALTH","ONCOLOGY(JIF Q3/JCI Q2) | PUBLIC, ENVIRONMENTAL & OCCUPATIONAL HEALTH(JIF Q2/JCI Q2)",ELSEVIER SCI LTD,Elsevier,是,SCIE,混合为主,"订阅路线通常无APC；Gold OA常见 USD 2,200-4,200",中,https://www.elsevier.com/open-access/agreements,https://www.google.com/search?q=Cancer+Epidemiology+aims+scope+instructions+for+authors+APC
469,3-Q2,2,BULLETIN OF MATHEMATICAL BIOLOGY,B MATH BIOL,0092-8240,1522-9602,2.3,2.3,Q2,41/106,Q2,Q2,0.64,61.8,173.0,6293.0,BIOLOGY; MATHEMATICAL & COMPUTATIONAL BIOLOGY,BIOLOGY(JIF Q2/JCI Q2) | MATHEMATICAL & COMPUTATIONAL BIOLOGY(JIF Q3/JCI Q2),SPRINGER,Springer,是,SCIE,混合为主,"订阅路线通常无APC；选OA约 USD 2,790-4,290",中,https://www.springer.com/gp/open-access,https://www.google.com/search?q=BULLETIN+OF+MATHEMATICAL+BIOLOGY+aims+scope+instructions+for+authors+APC
470,3-Q2,2,JMIR Aging,JMIR AGING,,2561-7605,4.6,5.8,Q2,4/49,Q1,Q1,1.17,68.8,172.0,2444.0,GERIATRICS & GERONTOLOGY; MEDICAL INFORMATICS,GERIATRICS & GERONTOLOGY(JIF Q2/JCI Q1) | MEDICAL INFORMATICS(JIF Q2/JCI Q1),"JMIR PUBLICATIONS, INC",其他,是,SCIE; SSCI,需核实,请查期刊官网 Author / Open Access 页面,未知,,https://www.google.com/search?q=JMIR+Aging+aims+scope+instructions+for+authors+APC
471,3-Q2,2,International Journal of Mental Health and Addiction,INT J MENT HEALTH AD,1557-1874,1557-1882,2.8,3.8,Q2,54/184,Q2,Q2,0.9,70.9,172.0,6855.0,"PSYCHIATRY; PSYCHOLOGY, CLINICAL; SUBSTANCE ABUSE","PSYCHIATRY(JIF Q2/JCI Q2) | PSYCHOLOGY, CLINICAL(JIF Q2/JCI Q2) | SUBSTANCE ABUSE(JIF Q2/JCI Q2)",SPRINGER,Springer,是,"SCIE, SSCI; SSCI",混合为主,"订阅路线通常无APC；选OA约 USD 2,790-4,290",中,https://www.springer.com/gp/open-access,https://www.google.com/search?q=International+Journal+of+Mental+Health+and+Addiction+aims+scope+instructions+for+authors+APC
472,3-Q2,2,Biology Letters,BIOL LETTERS,1744-9561,1744-957X,2.7,3.1,Q2,33/106,Q2,Q2,0.77,69.3,172.0,12501.0,BIOLOGY,BIOLOGY(JIF Q2/JCI Q2),ROYAL SOC,其他,是,SCIE,需核实,请查期刊官网 Author / Open Access 页面,未知,,https://www.google.com/search?q=Biology+Letters+aims+scope+instructions+for+authors+APC
473,3-Q2,2,PHARMACOEPIDEMIOLOGY AND DRUG SAFETY,PHARMACOEPIDEM DR S,1053-8569,1099-1557,2.6,2.9,Q2,173/443,Q2,Q2,0.64,61.1,172.0,8064.0,"PHARMACOLOGY & PHARMACY; PUBLIC, ENVIRONMENTAL & OCCUPATIONAL HEALTH","PHARMACOLOGY & PHARMACY(JIF Q3/JCI Q2) | PUBLIC, ENVIRONMENTAL & OCCUPATIONAL HEALTH(JIF Q2/JCI Q3)",WILEY,Wiley,是,SCIE,混合为主,"订阅路线通常无APC；OnlineOpen常见 USD 3,200-4,700",中,https://authorservices.wiley.com/author-resources/Journal-Authors/open-access/article-publication-charges.html,https://www.google.com/search?q=PHARMACOEPIDEMIOLOGY+AND+DRUG+SAFETY+aims+scope+instructions+for+authors+APC
474,3-Q2,2,JOURNAL OF LIPID RESEARCH,J LIPID RES,0022-2275,1539-7262,4.9,5.9,Q2,90/328,Q2,Q2,0.85,72.7,170.0,24783.0,BIOCHEMISTRY & MOLECULAR BIOLOGY,BIOCHEMISTRY & MOLECULAR BIOLOGY(JIF Q2/JCI Q2),ELSEVIER,Elsevier,是,SCIE,混合为主,"订阅路线通常无APC；Gold OA常见 USD 2,200-4,200",中,https://www.elsevier.com/open-access/agreements,https://www.google.com/search?q=JOURNAL+OF+LIPID+RESEARCH+aims+scope+instructions+for+authors+APC
475,3-Q2,2,Regenerative Therapy,REGEN THER,2352-3204,2352-3204,4.0,4.1,Q2,53/130,Q2,Q2,0.68,59.6,170.0,3064.0,"CELL & TISSUE ENGINEERING; ENGINEERING, BIOMEDICAL","CELL & TISSUE ENGINEERING(JIF Q2/JCI Q2) | ENGINEERING, BIOMEDICAL(JIF Q2/JCI Q2)",ELSEVIER,Elsevier,是,SCIE,混合为主,"订阅路线通常无APC；Gold OA常见 USD 2,200-4,200",中,https://www.elsevier.com/open-access/agreements,https://www.google.com/search?q=Regenerative+Therapy+aims+scope+instructions+for+authors+APC
476,3-Q2,2,Advances in Radiation Oncology,ADV RADIAT ONCOL,,2452-1094,2.9,2.6,Q2,79/217,Q2,Q2,0.71,63.8,170.0,3336.0,"ONCOLOGY; RADIOLOGY, NUCLEAR MEDICINE & MEDICAL IMAGING","ONCOLOGY(JIF Q3/JCI Q2) | RADIOLOGY, NUCLEAR MEDICINE & MEDICAL IMAGING(JIF Q2/JCI Q2)",ELSEVIER INC,Elsevier,否,ESCI,混合为主,"订阅路线通常无APC；Gold OA常见 USD 2,200-4,200",中,https://www.elsevier.com/open-access/agreements,https://www.google.com/search?q=Advances+in+Radiation+Oncology+aims+scope+instructions+for+authors+APC
477,3-Q2,2,Physical and Engineering Sciences in Medicine,PHYS ENG SCI MED,2662-4729,2662-4737,2.4,2.7,Q2,101/217,Q3,Q3,0.55,53.7,170.0,1714.0,"ENGINEERING, BIOMEDICAL; RADIOLOGY, NUCLEAR MEDICINE & MEDICAL IMAGING","ENGINEERING, BIOMEDICAL(JIF Q3/JCI Q3) | RADIOLOGY, NUCLEAR MEDICINE & MEDICAL IMAGING(JIF Q2/JCI Q3)",SPRINGER,Springer,是,SCIE,混合为主,"订阅路线通常无APC；选OA约 USD 2,790-4,290",中,https://www.springer.com/gp/open-access,https://www.google.com/search?q=Physical+and+Engineering+Sciences+in+Medicine+aims+scope+instructions+for+authors+APC
478,3-Q2,2,Egyptian Journal of Internal Medicine,EGYPT J INTERN MED,1110-7782,2090-9098,1.2,,Q2,167/336,Q3,Q3,0.24,50.4,170.0,520.0,"MEDICINE, GENERAL & INTERNAL","MEDICINE, GENERAL & INTERNAL(JIF Q2/JCI Q3)",SPRINGERNATURE,Springer Nature,否,ESCI,混合/全OA,"全OA约 USD 2,090-3,490；Nature系更高；Scientific Reports已拉黑",中高,https://www.springernature.com/gp/open-research/journals-books/journals,https://www.google.com/search?q=Egyptian+Journal+of+Internal+Medicine+aims+scope+instructions+for+authors+APC
479,3-Q2,2,Cancer Treatment and Research Communications,CANCER TREAT RES COM,2468-2942,2468-2942,3.5,,Q2,142/333,Q3,Q3,0.62,57.5,169.0,2311.0,ONCOLOGY,ONCOLOGY(JIF Q2/JCI Q3),ELSEVIER,Elsevier,否,ESCI,混合为主,"订阅路线通常无APC；Gold OA常见 USD 2,200-4,200",中,https://www.elsevier.com/open-access/agreements,https://www.google.com/search?q=Cancer+Treatment+and+Research+Communications+aims+scope+instructions+for+authors+APC
480,3-Q2,2,Molecular Medicine Reports,MOL MED REP,1791-2997,1791-3004,5.0,3.8,Q2,49/191,Q2,Q2,0.86,74.6,168.0,27831.0,"MEDICINE, RESEARCH & EXPERIMENTAL; ONCOLOGY","MEDICINE, RESEARCH & EXPERIMENTAL(JIF Q2/JCI Q2) | ONCOLOGY(JIF Q2/JCI Q2)",SPANDIDOS PUBL LTD,其他,是,SCIE,需核实,请查期刊官网 Author / Open Access 页面,未知,,https://www.google.com/search?q=Molecular+Medicine+Reports+aims+scope+instructions+for+authors+APC
481,3-Q2,2,STRUCTURE,STRUCTURE,0969-2126,1878-4186,4.6,5.0,Q2,12/81,Q1,Q1,0.94,70.6,168.0,15032.0,BIOCHEMISTRY & MOLECULAR BIOLOGY; CELL BIOLOGY,BIOCHEMISTRY & MOLECULAR BIOLOGY(JIF Q2/JCI Q1) | CELL BIOLOGY(JIF Q2/JCI Q2),CELL PRESS,其他,是,SCIE,需核实,请查期刊官网 Author / Open Access 页面,未知,,https://www.google.com/search?q=STRUCTURE+aims+scope+instructions+for+authors+APC
482,3-Q2,2,Neuropsychiatric Disease and Treatment,NEUROPSYCH DIS TREAT,,1178-2021,3.2,3.6,Q2,103/293,Q2,Q2,0.76,65.0,168.0,12243.0,CLINICAL NEUROLOGY; PSYCHIATRY,CLINICAL NEUROLOGY(JIF Q2/JCI Q2) | PSYCHIATRY(JIF Q2/JCI Q2),DOVE MEDICAL PRESS LTD,其他,是,SCIE,需核实,请查期刊官网 Author / Open Access 页面,未知,,https://www.google.com/search?q=Neuropsychiatric+Disease+and+Treatment+aims+scope+instructions+for+authors+APC
483,3-Q2,2,BIOSYSTEMS,BIOSYSTEMS,0303-2647,1872-8324,2.1,1.8,Q2,44/106,Q2,Q2,0.62,59.0,168.0,3765.0,BIOLOGY; MATHEMATICAL & COMPUTATIONAL BIOLOGY,BIOLOGY(JIF Q2/JCI Q2) | MATHEMATICAL & COMPUTATIONAL BIOLOGY(JIF Q3/JCI Q3),ELSEVIER SCI LTD,Elsevier,是,SCIE,混合为主,"订阅路线通常无APC；Gold OA常见 USD 2,200-4,200",中,https://www.elsevier.com/open-access/agreements,https://www.google.com/search?q=BIOSYSTEMS+aims+scope+instructions+for+authors+APC
484,3-Q2,2,JOURNAL OF THEORETICAL BIOLOGY,J THEOR BIOL,0022-5193,1095-8541,1.9,1.9,Q2,52/106,Q2,Q2,0.54,51.4,168.0,20066.0,BIOLOGY; MATHEMATICAL & COMPUTATIONAL BIOLOGY,BIOLOGY(JIF Q2/JCI Q2) | MATHEMATICAL & COMPUTATIONAL BIOLOGY(JIF Q3/JCI Q3),ACADEMIC PRESS LTD- ELSEVIER SCIENCE LTD,Elsevier,是,SCIE,混合为主,"订阅路线通常无APC；Gold OA常见 USD 2,200-4,200",中,https://www.elsevier.com/open-access/agreements,https://www.google.com/search?q=JOURNAL+OF+THEORETICAL+BIOLOGY+aims+scope+instructions+for+authors+APC
485,3-Q2,2,CARDIOVASCULAR AND INTERVENTIONAL RADIOLOGY,CARDIOVASC INTER RAD,0174-1551,1432-086X,3.4,3.1,Q2,59/217,Q2,Q2,0.81,73.0,167.0,7564.0,"CARDIAC & CARDIOVASCULAR SYSTEMS; RADIOLOGY, NUCLEAR MEDICINE & MEDICAL IMAGING","CARDIAC & CARDIOVASCULAR SYSTEMS(JIF Q2/JCI Q2) | RADIOLOGY, NUCLEAR MEDICINE & MEDICAL IMAGING(JIF Q2/JCI Q2)",SPRINGER,Springer,是,SCIE,混合为主,"订阅路线通常无APC；选OA约 USD 2,790-4,290",中,https://www.springer.com/gp/open-access,https://www.google.com/search?q=CARDIOVASCULAR+AND+INTERVENTIONAL+RADIOLOGY+aims+scope+instructions+for+authors+APC
486,3-Q2,2,TOXICOLOGY LETTERS,TOXICOL LETT,0378-4274,1879-3169,3.1,3.2,Q2,52/106,Q2,Q2,0.77,51.4,166.0,13867.0,TOXICOLOGY,TOXICOLOGY(JIF Q2/JCI Q2),ELSEVIER IRELAND LTD,Elsevier,是,SCIE,混合为主,"订阅路线通常无APC；Gold OA常见 USD 2,200-4,200",中,https://www.elsevier.com/open-access/agreements,https://www.google.com/search?q=TOXICOLOGY+LETTERS+aims+scope+instructions+for+authors+APC
487,3-Q2,2,JOURNAL OF INTERVENTIONAL CARDIAC ELECTROPHYSIOLOGY,J INTERV CARD ELECTR,1383-875X,1572-8595,2.7,2.0,Q2,104/237,Q2,Q2,0.6,56.3,166.0,3514.0,CARDIAC & CARDIOVASCULAR SYSTEMS,CARDIAC & CARDIOVASCULAR SYSTEMS(JIF Q2/JCI Q2),SPRINGER,Springer,是,SCIE,混合为主,"订阅路线通常无APC；选OA约 USD 2,790-4,290",中,https://www.springer.com/gp/open-access,https://www.google.com/search?q=JOURNAL+OF+INTERVENTIONAL+CARDIAC+ELECTROPHYSIOLOGY+aims+scope+instructions+for+authors+APC
488,3-Q2,2,MICROBIAL ECOLOGY,MICROB ECOL,0095-3628,1432-184X,4.3,4.4,Q2,11/124,Q1,Q1,1.15,66.2,165.0,13656.0,MICROBIOLOGY,MICROBIOLOGY(JIF Q2/JCI Q1),SPRINGER,Springer,是,SCIE,混合为主,"订阅路线通常无APC；选OA约 USD 2,790-4,290",中,https://www.springer.com/gp/open-access,https://www.google.com/search?q=MICROBIAL+ECOLOGY+aims+scope+instructions+for+authors+APC
489,3-Q2,2,Infection Control & Hospital Epidemiology,INFECT CONT HOSP EP,0899-823X,1559-6834,2.6,2.6,Q2,173/443,Q2,Q2,0.86,61.1,165.0,9746.0,"INFECTIOUS DISEASES; PUBLIC, ENVIRONMENTAL & OCCUPATIONAL HEALTH","INFECTIOUS DISEASES(JIF Q3/JCI Q2) | PUBLIC, ENVIRONMENTAL & OCCUPATIONAL HEALTH(JIF Q2/JCI Q2)",CAMBRIDGE UNIV PRESS,Cambridge UP,是,SCIE,混合为主,订阅路线通常无APC；Gold OA因刊而异,中,https://www.cambridge.org/core/open-research/open-access,https://www.google.com/search?q=Infection+Control+&+Hospital+Epidemiology+aims+scope+instructions+for+authors+APC
490,3-Q2,2,JOURNAL OF ENDOVASCULAR THERAPY,J ENDOVASC THER,1526-6028,1545-1550,1.8,2.1,Q2,157/321,Q3,Q3,0.55,51.2,165.0,4349.0,PERIPHERAL VASCULAR DISEASE; SURGERY,PERIPHERAL VASCULAR DISEASE(JIF Q3/JCI Q3) | SURGERY(JIF Q2/JCI Q3),SAGE PUBLICATIONS INC,SAGE,是,SCIE,混合为主,"订阅路线通常无APC；SAGE Choice常见 USD 2,000-4,000",中,https://us.sagepub.com/en-us/nam/sage-choice,https://www.google.com/search?q=JOURNAL+OF+ENDOVASCULAR+THERAPY+aims+scope+instructions+for+authors+APC
491,3-Q2,2,Endocrine Connections,ENDOCR CONNECT,,2049-3614,3.4,3.1,Q2,95/198,Q3,Q3,0.63,52.3,164.0,4382.0,ENDOCRINOLOGY & METABOLISM,ENDOCRINOLOGY & METABOLISM(JIF Q2/JCI Q3),BIOSCIENTIFICA LTD,其他,是,SCIE,需核实,请查期刊官网 Author / Open Access 页面,未知,,https://www.google.com/search?q=Endocrine+Connections+aims+scope+instructions+for+authors+APC
492,3-Q2,2,JAPANESE JOURNAL OF OPHTHALMOLOGY,JPN J OPHTHALMOL,0021-5155,1613-2246,2.7,2.5,Q2,32/98,Q2,Q2,0.96,67.9,164.0,2896.0,OPHTHALMOLOGY,OPHTHALMOLOGY(JIF Q2/JCI Q2),SPRINGER JAPAN KK,Springer,是,SCIE,混合为主,"订阅路线通常无APC；选OA约 USD 2,790-4,290",中,https://www.springer.com/gp/open-access,https://www.google.com/search?q=JAPANESE+JOURNAL+OF+OPHTHALMOLOGY+aims+scope+instructions+for+authors+APC
493,3-Q2,2,HEART & LUNG,HEART LUNG,0147-9563,1527-3288,2.5,2.5,Q2,49/194,Q2,Q2,0.81,75.0,164.0,4266.0,CARDIAC & CARDIOVASCULAR SYSTEMS; NURSING; RESPIRATORY SYSTEM,CARDIAC & CARDIOVASCULAR SYSTEMS(JIF Q2/JCI Q2) | NURSING(JIF Q2/JCI Q2) | RESPIRATORY SYSTEM(JIF Q3/JCI Q2),MOSBY-ELSEVIER,Elsevier,是,SCIE,混合为主,"订阅路线通常无APC；Gold OA常见 USD 2,200-4,200",中,https://www.elsevier.com/open-access/agreements,https://www.google.com/search?q=HEART+&+LUNG+aims+scope+instructions+for+authors+APC
494,3-Q2,2,Clinical Simulation in Nursing,CLIN SIMUL NURS,1876-1399,1876-1402,2.4,3.9,Q2,58/194,Q2,Q2,0.97,70.4,164.0,4129.0,NURSING,NURSING(JIF Q2/JCI Q2),ELSEVIER SCIENCE INC,Elsevier,是,"SCIE, SSCI",混合为主,"订阅路线通常无APC；Gold OA常见 USD 2,200-4,200",中,https://www.elsevier.com/open-access/agreements,https://www.google.com/search?q=Clinical+Simulation+in+Nursing+aims+scope+instructions+for+authors+APC
495,3-Q2,2,Clinical and Experimental Dental Research,CLIN EXP DENT RES,2057-4347,2057-4347,2.4,2.5,Q2,63/165,Q2,Q2,0.87,62.1,164.0,2236.0,"DENTISTRY, ORAL SURGERY & MEDICINE","DENTISTRY, ORAL SURGERY & MEDICINE(JIF Q2/JCI Q2)",WILEY,Wiley,否,ESCI,混合为主,"订阅路线通常无APC；OnlineOpen常见 USD 3,200-4,700",中,https://authorservices.wiley.com/author-resources/Journal-Authors/open-access/article-publication-charges.html,https://www.google.com/search?q=Clinical+and+Experimental+Dental+Research+aims+scope+instructions+for+authors+APC
496,3-Q2,2,Hospital Pediatrics,HOSP PEDIATR,2154-1663,2154-1671,2.2,,Q2,66/190,Q2,Q2,0.95,65.5,164.0,3158.0,PEDIATRICS,PEDIATRICS(JIF Q2/JCI Q2),AMER ACAD PEDIATRICS,其他,否,ESCI,需核实,请查期刊官网 Author / Open Access 页面,未知,,https://www.google.com/search?q=Hospital+Pediatrics+aims+scope+instructions+for+authors+APC
497,3-Q2,2,Prehospital Emergency Care,PREHOSP EMERG CARE,1090-3127,1545-0066,2.0,2.5,Q2,23/55,Q2,Q2,0.87,59.1,164.0,4015.0,"EMERGENCY MEDICINE; PUBLIC, ENVIRONMENTAL & OCCUPATIONAL HEALTH","EMERGENCY MEDICINE(JIF Q2/JCI Q2) | PUBLIC, ENVIRONMENTAL & OCCUPATIONAL HEALTH(JIF Q3/JCI Q2)",TAYLOR & FRANCIS INC,Taylor & Francis,是,SCIE,混合为主,"订阅路线通常无APC；Open Select常见 USD 2,500-3,500",中,https://authorservices.taylorandfrancis.com/publishing-open-access/,https://www.google.com/search?q=Prehospital+Emergency+Care+aims+scope+instructions+for+authors+APC
498,3-Q2,2,AMERICAN JOURNAL OF HUMAN BIOLOGY,AM J HUM BIOL,1042-0533,1520-6300,1.9,2.3,Q2,27/143,Q1,Q1,0.91,51.4,164.0,4693.0,BIOLOGY,BIOLOGY(JIF Q2/JCI Q1),WILEY,Wiley,是,SSCI; SCIE,混合为主,"订阅路线通常无APC；OnlineOpen常见 USD 3,200-4,700",中,https://authorservices.wiley.com/author-resources/Journal-Authors/open-access/article-publication-charges.html,https://www.google.com/search?q=AMERICAN+JOURNAL+OF+HUMAN+BIOLOGY+aims+scope+instructions+for+authors+APC
499,3-Q2,2,MEDIATORS OF INFLAMMATION,MEDIAT INFLAMM,0962-9351,1466-1861,4.9,5.3,Q2,54/183,Q2,Q2,0.71,70.8,163.0,17182.0,CELL BIOLOGY; IMMUNOLOGY,CELL BIOLOGY(JIF Q2/JCI Q2) | IMMUNOLOGY(JIF Q2/JCI Q2),WILEY,Wiley,是,SCIE,混合为主,"订阅路线通常无APC；OnlineOpen常见 USD 3,200-4,700",中,https://authorservices.wiley.com/author-resources/Journal-Authors/open-access/article-publication-charges.html,https://www.google.com/search?q=MEDIATORS+OF+INFLAMMATION+aims+scope+instructions+for+authors+APC
500,3-Q2,2,ARCHIV DER PHARMAZIE,ARCH PHARM,0365-6233,1521-4184,3.5,4.0,Q2,134/356,Q2,Q2,0.71,62.5,163.0,5945.0,"CHEMISTRY, MEDICINAL; PHARMACOLOGY & PHARMACY","CHEMISTRY, MEDICINAL(JIF Q2/JCI Q2) | PHARMACOLOGY & PHARMACY(JIF Q2/JCI Q2)",WILEY-V C H VERLAG GMBH,Wiley,是,SCIE,混合为主,"订阅路线通常无APC；OnlineOpen常见 USD 3,200-4,700",中,https://authorservices.wiley.com/author-resources/Journal-Authors/open-access/article-publication-charges.html,https://www.google.com/search?q=ARCHIV+DER+PHARMAZIE+aims+scope+instructions+for+authors+APC
501,3-Q2,2,HUMAN MOLECULAR GENETICS,HUM MOL GENET,0964-6906,1460-2083,3.1,3.6,Q2,74/192,Q2,Q2,0.76,61.7,163.0,34363.0,BIOCHEMISTRY & MOLECULAR BIOLOGY; GENETICS & HEREDITY,BIOCHEMISTRY & MOLECULAR BIOLOGY(JIF Q3/JCI Q2) | GENETICS & HEREDITY(JIF Q2/JCI Q2),OXFORD UNIV PRESS,Oxford UP,是,SCIE,混合为主,订阅路线通常无APC；可选OA，费用因刊而异,中,https://academic.oup.com/pages/open-research/open-access,https://www.google.com/search?q=HUMAN+MOLECULAR+GENETICS+aims+scope+instructions+for+authors+APC
502,3-Q2,2,Turkish Journal Of Medical Sciences,TURK J MED SCI,1300-0144,1303-6165,1.4,1.8,Q2,152/336,Q2,Q2,0.36,54.9,161.0,4011.0,"MEDICINE, GENERAL & INTERNAL","MEDICINE, GENERAL & INTERNAL(JIF Q2/JCI Q2)",Tubitak Scientific & Technological Research Council Turkey,其他,是,SCIE,需核实,请查期刊官网 Author / Open Access 页面,未知,,https://www.google.com/search?q=Turkish+Journal+Of+Medical+Sciences+aims+scope+instructions+for+authors+APC
503,3-Q2,2,Current Developments in Nutrition,CURR DEV NUTR,2475-2991,2475-2991,4.2,4.9,Q2,33/114,Q3,Q3,0.6,71.5,160.0,4482.0,NUTRITION & DIETETICS,NUTRITION & DIETETICS(JIF Q2/JCI Q3),ELSEVIER SCIENCE INC,Elsevier,否,ESCI,混合为主,"订阅路线通常无APC；Gold OA常见 USD 2,200-4,200",中,https://www.elsevier.com/open-access/agreements,https://www.google.com/search?q=Current+Developments+in+Nutrition+aims+scope+instructions+for+authors+APC
504,3-Q2,2,METHODS,METHODS,1046-2023,1095-9130,3.6,4.6,Q2,30/85,Q1,Q1,1.04,52.0,159.0,25643.0,BIOCHEMISTRY & MOLECULAR BIOLOGY,BIOCHEMISTRY & MOLECULAR BIOLOGY(JIF Q2/JCI Q1),ACADEMIC PRESS INC ELSEVIER SCIENCE,Elsevier,是,SCIE,混合为主,"订阅路线通常无APC；Gold OA常见 USD 2,200-4,200",中,https://www.elsevier.com/open-access/agreements,https://www.google.com/search?q=METHODS+aims+scope+instructions+for+authors+APC
505,3-Q2,2,Gastro Hep Advances,GASTRO HEP ADV,,2772-5723,3.3,3.1,Q2,59/153,Q3,Q3,0.52,61.8,159.0,1068.0,GASTROENTEROLOGY & HEPATOLOGY,GASTROENTEROLOGY & HEPATOLOGY(JIF Q2/JCI Q3),ELSEVIER,Elsevier,否,ESCI,混合为主,"订阅路线通常无APC；Gold OA常见 USD 2,200-4,200",中,https://www.elsevier.com/open-access/agreements,https://www.google.com/search?q=Gastro+Hep+Advances+aims+scope+instructions+for+authors+APC
506,3-Q2,2,HEALTH SERVICES RESEARCH,HEALTH SERV RES,0017-9124,1475-6773,3.0,4.0,Q2,35/125,Q1,Q1,1.06,72.4,159.0,11145.0,HEALTH CARE SCIENCES & SERVICES; HEALTH POLICY & SERVICES,HEALTH CARE SCIENCES & SERVICES(JIF Q2/JCI Q1) | HEALTH POLICY & SERVICES(JIF Q2/JCI Q1),WILEY,Wiley,是,SCIE; SSCI,混合为主,"订阅路线通常无APC；OnlineOpen常见 USD 3,200-4,700",中,https://authorservices.wiley.com/author-resources/Journal-Authors/open-access/article-publication-charges.html,https://www.google.com/search?q=HEALTH+SERVICES+RESEARCH+aims+scope+instructions+for+authors+APC
507,3-Q2,2,CHRONOBIOLOGY INTERNATIONAL,CHRONOBIOL INT,0742-0528,1525-6073,2.5,2.7,Q2,38/106,Q2,Q2,0.72,64.6,159.0,7810.0,BIOLOGY,BIOLOGY(JIF Q2/JCI Q2),TAYLOR & FRANCIS INC,Taylor & Francis,是,SCIE,混合为主,"订阅路线通常无APC；Open Select常见 USD 2,500-3,500",中,https://authorservices.taylorandfrancis.com/publishing-open-access/,https://www.google.com/search?q=CHRONOBIOLOGY+INTERNATIONAL+aims+scope+instructions+for+authors+APC
508,3-Q2,2,JOURNAL OF ANATOMY,J ANAT,0021-8782,1469-7580,2.2,2.6,Q2,7/25,Q1,Q1,1.19,74.0,159.0,11327.0,ANATOMY & MORPHOLOGY,ANATOMY & MORPHOLOGY(JIF Q2/JCI Q1),WILEY,Wiley,是,SCIE,混合为主,"订阅路线通常无APC；OnlineOpen常见 USD 3,200-4,700",中,https://authorservices.wiley.com/author-resources/Journal-Authors/open-access/article-publication-charges.html,https://www.google.com/search?q=JOURNAL+OF+ANATOMY+aims+scope+instructions+for+authors+APC
509,3-Q2,2,EARLY HUMAN DEVELOPMENT,EARLY HUM DEV,0378-3782,1872-6232,2.1,2.5,Q2,73/190,Q2,Q2,0.93,61.8,159.0,6854.0,OBSTETRICS & GYNECOLOGY; PEDIATRICS,OBSTETRICS & GYNECOLOGY(JIF Q2/JCI Q2) | PEDIATRICS(JIF Q2/JCI Q2),ELSEVIER IRELAND LTD,Elsevier,是,SCIE,混合为主,"订阅路线通常无APC；Gold OA常见 USD 2,200-4,200",中,https://www.elsevier.com/open-access/agreements,https://www.google.com/search?q=EARLY+HUMAN+DEVELOPMENT+aims+scope+instructions+for+authors+APC
510,3-Q2,2,CHILD CARE HEALTH AND DEVELOPMENT,CHILD CARE HLTH DEV,0305-1862,1365-2214,2.1,2.6,Q2,73/190,Q2,Q2,0.85,61.8,159.0,5894.0,PEDIATRICS,PEDIATRICS(JIF Q2/JCI Q2),WILEY,Wiley,是,SCIE; SSCI,混合为主,"订阅路线通常无APC；OnlineOpen常见 USD 3,200-4,700",中,https://authorservices.wiley.com/author-resources/Journal-Authors/open-access/article-publication-charges.html,https://www.google.com/search?q=CHILD+CARE+HEALTH+AND+DEVELOPMENT+aims+scope+instructions+for+authors+APC
511,3-Q2,2,Expert Opinion On Drug Safety,EXPERT OPIN DRUG SAF,1474-0338,1744-764X,3.0,3.2,Q2,169/356,Q2,Q2,0.75,52.7,158.0,6175.0,PHARMACOLOGY & PHARMACY,PHARMACOLOGY & PHARMACY(JIF Q2/JCI Q2),TAYLOR & FRANCIS LTD,Taylor & Francis,是,SCIE,混合为主,"订阅路线通常无APC；Open Select常见 USD 2,500-3,500",中,https://authorservices.taylorandfrancis.com/publishing-open-access/,https://www.google.com/search?q=Expert+Opinion+On+Drug+Safety+aims+scope+instructions+for+authors+APC
512,3-Q2,2,JOURNAL OF MATHEMATICAL BIOLOGY,J MATH BIOL,0303-6812,1432-1416,2.7,2.6,Q2,33/106,Q2,Q2,0.73,69.3,158.0,7547.0,BIOLOGY; MATHEMATICAL & COMPUTATIONAL BIOLOGY,BIOLOGY(JIF Q2/JCI Q2) | MATHEMATICAL & COMPUTATIONAL BIOLOGY(JIF Q2/JCI Q2),SPRINGER HEIDELBERG,Springer,是,SCIE,混合为主,"订阅路线通常无APC；选OA约 USD 2,790-4,290",中,https://www.springer.com/gp/open-access,https://www.google.com/search?q=JOURNAL+OF+MATHEMATICAL+BIOLOGY+aims+scope+instructions+for+authors+APC
513,3-Q2,2,SSM-Qualitative Research in Health,SSM-QUAL RES HEALTH,2667-3215,2667-3215,2.5,2.9,Q2,16/48,Q2,Q2,0.9,67.7,158.0,1513.0,"PUBLIC, ENVIRONMENTAL & OCCUPATIONAL HEALTH; SOCIAL SCIENCES, BIOMEDICAL","PUBLIC, ENVIRONMENTAL & OCCUPATIONAL HEALTH(JIF Q2/JCI Q2) | SOCIAL SCIENCES, BIOMEDICAL(JIF Q2/JCI Q2)",ELSEVIER,Elsevier,否,ESCI,混合为主,"订阅路线通常无APC；Gold OA常见 USD 2,200-4,200",中,https://www.elsevier.com/open-access/agreements,https://www.google.com/search?q=SSM-Qualitative+Research+in+Health+aims+scope+instructions+for+authors+APC
514,3-Q2,2,Journal of Bionic Engineering,J BIONIC ENG,1672-6529,2543-2141,4.4,4.3,Q2,34/178,Q2,Q1,0.98,56.0,157.0,5001.0,"MATERIALS SCIENCE, BIOMATERIALS","MATERIALS SCIENCE, BIOMATERIALS(JIF Q2/JCI Q2)",SPRINGER SINGAPORE PTE LTD,Springer,是,SCIE,混合为主,"订阅路线通常无APC；选OA约 USD 2,790-4,290",中,https://www.springer.com/gp/open-access,https://www.google.com/search?q=Journal+of+Bionic+Engineering+aims+scope+instructions+for+authors+APC
515,3-Q2,2,EJNMMI Research,EJNMMI RES,2191-219X,2191-219X,2.7,3.1,Q2,88/217,Q2,Q2,0.88,59.7,157.0,3189.0,"RADIOLOGY, NUCLEAR MEDICINE & MEDICAL IMAGING","RADIOLOGY, NUCLEAR MEDICINE & MEDICAL IMAGING(JIF Q2/JCI Q2)",SPRINGER,Springer,是,SCIE,混合为主,"订阅路线通常无APC；选OA约 USD 2,790-4,290",中,https://www.springer.com/gp/open-access,https://www.google.com/search?q=EJNMMI+Research+aims+scope+instructions+for+authors+APC
516,3-Q2,2,AMERICAN JOURNAL OF OTOLARYNGOLOGY,AM J OTOLARYNG,0196-0709,1532-818X,1.8,1.8,Q2,23/67,Q2,Q2,0.91,66.4,157.0,5573.0,OTORHINOLARYNGOLOGY,OTORHINOLARYNGOLOGY(JIF Q2/JCI Q2),W B SAUNDERS CO-ELSEVIER INC,Elsevier,是,SCIE,混合为主,"订阅路线通常无APC；Gold OA常见 USD 2,200-4,200",中,https://www.elsevier.com/open-access/agreements,https://www.google.com/search?q=AMERICAN+JOURNAL+OF+OTOLARYNGOLOGY+aims+scope+instructions+for+authors+APC
517,3-Q2,2,PHARMACEUTICAL RESEARCH,PHARM RES-DORDR,0724-8741,1573-904X,4.1,4.4,Q2,106/356,Q2,Q2,0.8,70.4,156.0,19805.0,PHARMACOLOGY & PHARMACY,PHARMACOLOGY & PHARMACY(JIF Q2/JCI Q2),SPRINGER/PLENUM PUBLISHERS,Springer,是,SCIE,混合为主,"订阅路线通常无APC；选OA约 USD 2,790-4,290",中,https://www.springer.com/gp/open-access,https://www.google.com/search?q=PHARMACEUTICAL+RESEARCH+aims+scope+instructions+for+authors+APC
518,3-Q2,2,JOURNAL OF BIOMEDICAL MATERIALS RESEARCH PART A,J BIOMED MATER RES A,1549-3296,1552-4965,3.8,4.2,Q2,57/130,Q2,Q2,0.65,56.5,156.0,15655.0,"ENGINEERING, BIOMEDICAL; MATERIALS SCIENCE, BIOMATERIALS","ENGINEERING, BIOMEDICAL(JIF Q2/JCI Q2) | MATERIALS SCIENCE, BIOMATERIALS(JIF Q3/JCI Q3)",WILEY,Wiley,是,SCIE,混合为主,"订阅路线通常无APC；OnlineOpen常见 USD 3,200-4,700",中,https://authorservices.wiley.com/author-resources/Journal-Authors/open-access/article-publication-charges.html,https://www.google.com/search?q=JOURNAL+OF+BIOMEDICAL+MATERIALS+RESEARCH+PART+A+aims+scope+instructions+for+authors+APC
519,3-Q2,2,HUMAN PATHOLOGY,HUM PATHOL,0046-8177,1532-8392,3.0,2.8,Q2,26/89,Q1,Q1,1.15,71.3,156.0,11340.0,PATHOLOGY,PATHOLOGY(JIF Q2/JCI Q1),W B SAUNDERS CO-ELSEVIER INC,Elsevier,是,SCIE,混合为主,"订阅路线通常无APC；Gold OA常见 USD 2,200-4,200",中,https://www.elsevier.com/open-access/agreements,https://www.google.com/search?q=HUMAN+PATHOLOGY+aims+scope+instructions+for+authors+APC
520,3-Q2,2,Journal of Clinical Hypertension,J CLIN HYPERTENS,1524-6175,1751-7176,2.9,2.9,Q2,43/100,Q2,Q2,0.61,57.5,156.0,6582.0,PERIPHERAL VASCULAR DISEASE,PERIPHERAL VASCULAR DISEASE(JIF Q2/JCI Q2),WILEY,Wiley,是,SCIE,混合为主,"订阅路线通常无APC；OnlineOpen常见 USD 3,200-4,700",中,https://authorservices.wiley.com/author-resources/Journal-Authors/open-access/article-publication-charges.html,https://www.google.com/search?q=Journal+of+Clinical+Hypertension+aims+scope+instructions+for+authors+APC
521,3-Q2,2,Critical Public Health,CRIT PUBLIC HEALTH,0958-1596,1469-3682,2.6,2.7,Q2,14/48,Q2,Q2,0.86,71.9,156.0,1816.0,"PUBLIC, ENVIRONMENTAL & OCCUPATIONAL HEALTH; SOCIAL SCIENCES, BIOMEDICAL","PUBLIC, ENVIRONMENTAL & OCCUPATIONAL HEALTH(JIF Q2/JCI Q2) | SOCIAL SCIENCES, BIOMEDICAL(JIF Q2/JCI Q2)","ROUTLEDGE JOURNALS, TAYLOR & FRANCIS LTD",Taylor & Francis,否,SSCI,混合为主,"订阅路线通常无APC；Open Select常见 USD 2,500-3,500",中,https://authorservices.taylorandfrancis.com/publishing-open-access/,https://www.google.com/search?q=Critical+Public+Health+aims+scope+instructions+for+authors+APC
522,3-Q2,2,Biotechnology Journal,BIOTECHNOL J,1860-6768,1860-7314,3.7,4.0,Q2,27/85,Q2,Q2,0.81,54.7,155.0,8698.0,BIOTECHNOLOGY & APPLIED MICROBIOLOGY,BIOTECHNOLOGY & APPLIED MICROBIOLOGY(JIF Q2/JCI Q2),WILEY-V C H VERLAG GMBH,Wiley,是,SCIE,混合为主,"订阅路线通常无APC；OnlineOpen常见 USD 3,200-4,700",中,https://authorservices.wiley.com/author-resources/Journal-Authors/open-access/article-publication-charges.html,https://www.google.com/search?q=Biotechnology+Journal+aims+scope+instructions+for+authors+APC
523,3-Q2,2,Integrated Environmental Assessment and Management,INTEGR ENVIRON ASSES,1551-3777,1551-3793,3.3,3.7,Q2,46/106,Q3,Q3,0.56,57.1,155.0,4831.0,TOXICOLOGY,TOXICOLOGY(JIF Q2/JCI Q3),OXFORD UNIV PRESS,Oxford UP,是,SCIE,混合为主,订阅路线通常无APC；可选OA，费用因刊而异,中,https://academic.oup.com/pages/open-research/open-access,https://www.google.com/search?q=Integrated+Environmental+Assessment+and+Management+aims+scope+instructions+for+authors+APC
524,3-Q2,2,SPORT EDUCATION AND SOCIETY,SPORT EDUC SOC,1357-3322,1470-1243,2.7,3.7,Q2,153/760,Q2,Q2,0.97,67.3,155.0,4110.0,SPORT SCIENCES,SPORT SCIENCES(JIF Q2/JCI Q2),"ROUTLEDGE JOURNALS, TAYLOR & FRANCIS LTD",Taylor & Francis,是,SSCI; SCIE,混合为主,"订阅路线通常无APC；Open Select常见 USD 2,500-3,500",中,https://authorservices.taylorandfrancis.com/publishing-open-access/,https://www.google.com/search?q=SPORT+EDUCATION+AND+SOCIETY+aims+scope+instructions+for+authors+APC
525,3-Q2,2,PROSTATE,PROSTATE,0270-4137,1097-0045,2.7,2.8,Q2,50/134,Q2,Q2,0.77,63.1,155.0,7047.0,ENDOCRINOLOGY & METABOLISM; UROLOGY & NEPHROLOGY,ENDOCRINOLOGY & METABOLISM(JIF Q3/JCI Q2) | UROLOGY & NEPHROLOGY(JIF Q2/JCI Q2),WILEY,Wiley,是,SCIE,混合为主,"订阅路线通常无APC；OnlineOpen常见 USD 3,200-4,700",中,https://authorservices.wiley.com/author-resources/Journal-Authors/open-access/article-publication-charges.html,https://www.google.com/search?q=PROSTATE+aims+scope+instructions+for+authors+APC
526,3-Q2,2,Journal of Physical Activity & Health,J PHYS ACT HEALTH,1543-3080,1543-5474,2.6,3.2,Q2,173/443,Q2,Q2,0.82,61.1,155.0,6241.0,"PUBLIC, ENVIRONMENTAL & OCCUPATIONAL HEALTH","PUBLIC, ENVIRONMENTAL & OCCUPATIONAL HEALTH(JIF Q2/JCI Q2)",HUMAN KINETICS PUBL INC,其他,否,SSCI,需核实,请查期刊官网 Author / Open Access 页面,未知,,https://www.google.com/search?q=Journal+of+Physical+Activity+&+Health+aims+scope+instructions+for+authors+APC
527,3-Q2,2,Clinical Genitourinary Cancer,CLIN GENITOURIN CANC,1558-7673,1938-0682,2.4,2.5,Q2,57/134,Q2,Q2,0.75,57.8,155.0,4012.0,ONCOLOGY; UROLOGY & NEPHROLOGY,ONCOLOGY(JIF Q3/JCI Q2) | UROLOGY & NEPHROLOGY(JIF Q2/JCI Q2),"CIG MEDIA GROUP, LP",其他,是,SCIE,需核实,请查期刊官网 Author / Open Access 页面,未知,,https://www.google.com/search?q=Clinical+Genitourinary+Cancer+aims+scope+instructions+for+authors+APC
528,3-Q2,2,FOOT & ANKLE INTERNATIONAL,FOOT ANKLE INT,1071-1007,1944-7876,2.3,2.6,Q2,62/147,Q2,Q2,0.94,58.2,155.0,10271.0,ORTHOPEDICS,ORTHOPEDICS(JIF Q2/JCI Q2),SAGE PUBLICATIONS INC,SAGE,是,SCIE,混合为主,"订阅路线通常无APC；SAGE Choice常见 USD 2,000-4,000",中,https://us.sagepub.com/en-us/nam/sage-choice,https://www.google.com/search?q=FOOT+&+ANKLE+INTERNATIONAL+aims+scope+instructions+for+authors+APC
529,3-Q2,2,Cell Reports Methods,CELL REP METHODS,2667-2375,2667-2375,5.8,5.6,Q2,9/85,Q2,Q1,0.99,69.3,154.0,3163.0,CELL BIOLOGY,CELL BIOLOGY(JIF Q2/JCI Q2),CELL PRESS,其他,否,ESCI,需核实,请查期刊官网 Author / Open Access 页面,未知,,https://www.google.com/search?q=Cell+Reports+Methods+aims+scope+instructions+for+authors+APC
530,3-Q2,2,ACTA OPHTHALMOLOGICA,ACTA OPHTHALMOL,1755-375X,1755-3768,3.0,3.5,Q2,29/98,Q2,Q2,1.0,70.9,154.0,12091.0,OPHTHALMOLOGY,OPHTHALMOLOGY(JIF Q2/JCI Q2),WILEY,Wiley,是,SCIE,混合为主,"订阅路线通常无APC；OnlineOpen常见 USD 3,200-4,700",中,https://authorservices.wiley.com/author-resources/Journal-Authors/open-access/article-publication-charges.html,https://www.google.com/search?q=ACTA+OPHTHALMOLOGICA+aims+scope+instructions+for+authors+APC
531,3-Q2,2,European Journal of Dental Education,EUR J DENT EDUC,1396-5883,1600-0579,2.9,3.0,Q2,22/89,Q2,Q2,0.94,72.4,154.0,3540.0,"DENTISTRY, ORAL SURGERY & MEDICINE","DENTISTRY, ORAL SURGERY & MEDICINE(JIF Q2/JCI Q2)",WILEY,Wiley,是,SCIE,混合为主,"订阅路线通常无APC；OnlineOpen常见 USD 3,200-4,700",中,https://authorservices.wiley.com/author-resources/Journal-Authors/open-access/article-publication-charges.html,https://www.google.com/search?q=European+Journal+of+Dental+Education+aims+scope+instructions+for+authors+APC
532,3-Q2,2,BIOCHIMICA ET BIOPHYSICA ACTA-MOLECULAR CELL RESEARCH,BBA-MOL CELL RES,0167-4889,1879-2596,4.3,5.4,Q2,119/328,Q2,Q2,0.65,63.9,153.0,18647.0,BIOCHEMISTRY & MOLECULAR BIOLOGY; CELL BIOLOGY,BIOCHEMISTRY & MOLECULAR BIOLOGY(JIF Q2/JCI Q2) | CELL BIOLOGY(JIF Q2/JCI Q3),ELSEVIER,Elsevier,是,SCIE,混合为主,"订阅路线通常无APC；Gold OA常见 USD 2,200-4,200",中,https://www.elsevier.com/open-access/agreements,https://www.google.com/search?q=BIOCHIMICA+ET+BIOPHYSICA+ACTA-MOLECULAR+CELL+RESEARCH+aims+scope+instructions+for+authors+APC
533,3-Q2,2,MACROMOLECULAR BIOSCIENCE,MACROMOL BIOSCI,1616-5187,1616-5195,4.2,4.7,Q2,31/96,Q2,Q2,0.67,61.7,153.0,9771.0,"BIOCHEMISTRY & MOLECULAR BIOLOGY; MATERIALS SCIENCE, BIOMATERIALS","BIOCHEMISTRY & MOLECULAR BIOLOGY(JIF Q2/JCI Q2) | MATERIALS SCIENCE, BIOMATERIALS(JIF Q2/JCI Q2)",WILEY-V C H VERLAG GMBH,Wiley,是,SCIE,混合为主,"订阅路线通常无APC；OnlineOpen常见 USD 3,200-4,700",中,https://authorservices.wiley.com/author-resources/Journal-Authors/open-access/article-publication-charges.html,https://www.google.com/search?q=MACROMOLECULAR+BIOSCIENCE+aims+scope+instructions+for+authors+APC
534,3-Q2,2,JOURNAL OF RHEUMATOLOGY,J RHEUMATOL,0315-162X,1499-2752,3.7,3.6,Q2,17/58,Q2,Q2,0.99,71.6,153.0,19430.0,RHEUMATOLOGY,RHEUMATOLOGY(JIF Q2/JCI Q2),J RHEUMATOL PUBL CO,其他,是,SCIE,需核实,请查期刊官网 Author / Open Access 页面,未知,,https://www.google.com/search?q=JOURNAL+OF+RHEUMATOLOGY+aims+scope+instructions+for+authors+APC
535,3-Q2,2,International Journal of Clinical Pharmacy,INT J CLIN PHARM-NET,2210-7703,2210-7711,3.2,3.0,Q2,156/356,Q2,Q2,0.75,56.3,153.0,4981.0,PHARMACOLOGY & PHARMACY,PHARMACOLOGY & PHARMACY(JIF Q2/JCI Q2),SPRINGER,Springer,是,SCIE,混合为主,"订阅路线通常无APC；选OA约 USD 2,790-4,290",中,https://www.springer.com/gp/open-access,https://www.google.com/search?q=International+Journal+of+Clinical+Pharmacy+aims+scope+instructions+for+authors+APC
536,3-Q2,2,Life Science Alliance,LIFE SCI ALLIANCE,,2575-1077,3.1,3.5,Q2,29/106,Q1,Q1,0.91,73.1,153.0,5433.0,BIOLOGY,BIOLOGY(JIF Q2/JCI Q1),LIFE SCIENCE ALLIANCE LLC,其他,是,SCIE,需核实,请查期刊官网 Author / Open Access 页面,未知,,https://www.google.com/search?q=Life+Science+Alliance+aims+scope+instructions+for+authors+APC
537,3-Q2,2,AMERICAN JOURNAL OF PHARMACEUTICAL EDUCATION,AM J PHARM EDUC,0002-9459,1553-6467,3.1,3.9,Q2,20/89,Q2,Q2,0.75,54.4,153.0,6723.0,PHARMACOLOGY & PHARMACY,PHARMACOLOGY & PHARMACY(JIF Q2/JCI Q2),ELSEVIER,Elsevier,是,SCIE,混合为主,"订阅路线通常无APC；Gold OA常见 USD 2,200-4,200",中,https://www.elsevier.com/open-access/agreements,https://www.google.com/search?q=AMERICAN+JOURNAL+OF+PHARMACEUTICAL+EDUCATION+aims+scope+instructions+for+authors+APC
538,3-Q2,2,IEEE Transactions on Medical Robotics and Bionics,IEEE T MED ROBOT BIO,,2576-3202,4.3,4.3,Q2,50/130,Q2,Q2,0.79,61.9,152.0,2457.0,"ENGINEERING, BIOMEDICAL","ENGINEERING, BIOMEDICAL(JIF Q2/JCI Q2)",IEEE-INST ELECTRICAL ELECTRONICS ENGINEERS INC,IEEE,否,ESCI,混合/OA,因刊而异,中,https://open.ieee.org/,https://www.google.com/search?q=IEEE+Transactions+on+Medical+Robotics+and+Bionics+aims+scope+instructions+for+authors+APC
539,3-Q2,2,EUROPEAN JOURNAL OF IMMUNOLOGY,EUR J IMMUNOL,0014-2980,1521-4141,4.1,4.5,Q2,70/183,Q3,Q3,0.65,62.0,151.0,19347.0,IMMUNOLOGY,IMMUNOLOGY(JIF Q2/JCI Q3),WILEY-V C H VERLAG GMBH,Wiley,是,SCIE,混合为主,"订阅路线通常无APC；OnlineOpen常见 USD 3,200-4,700",中,https://authorservices.wiley.com/author-resources/Journal-Authors/open-access/article-publication-charges.html,https://www.google.com/search?q=EUROPEAN+JOURNAL+OF+IMMUNOLOGY+aims+scope+instructions+for+authors+APC
540,3-Q2,2,PLANT FOODS FOR HUMAN NUTRITION,PLANT FOOD HUM NUTR,0921-9668,1573-9104,3.6,4.0,Q2,76/285,Q2,Q2,0.69,61.0,151.0,5433.0,NUTRITION & DIETETICS,NUTRITION & DIETETICS(JIF Q2/JCI Q2),SPRINGER,Springer,是,SCIE,混合为主,"订阅路线通常无APC；选OA约 USD 2,790-4,290",中,https://www.springer.com/gp/open-access,https://www.google.com/search?q=PLANT+FOODS+FOR+HUMAN+NUTRITION+aims+scope+instructions+for+authors+APC
541,3-Q2,2,Metabolomics,METABOLOMICS,1573-3882,1573-3890,3.5,3.9,Q2,87/198,Q2,Q2,0.74,56.3,150.0,7068.0,ENDOCRINOLOGY & METABOLISM,ENDOCRINOLOGY & METABOLISM(JIF Q2/JCI Q2),SPRINGER,Springer,是,SCIE,混合为主,"订阅路线通常无APC；选OA约 USD 2,790-4,290",中,https://www.springer.com/gp/open-access,https://www.google.com/search?q=Metabolomics+aims+scope+instructions+for+authors+APC
542,3-Q2,2,DRUG AND ALCOHOL REVIEW,DRUG ALCOHOL REV,0959-5236,1465-3362,2.9,3.2,Q2,17/61,Q2,Q2,0.87,73.0,150.0,5141.0,SUBSTANCE ABUSE,SUBSTANCE ABUSE(JIF Q2/JCI Q2),WILEY,Wiley,否,SSCI,混合为主,"订阅路线通常无APC；OnlineOpen常见 USD 3,200-4,700",中,https://authorservices.wiley.com/author-resources/Journal-Authors/open-access/article-publication-charges.html,https://www.google.com/search?q=DRUG+AND+ALCOHOL+REVIEW+aims+scope+instructions+for+authors+APC
543,3-Q2,2,Urolithiasis,UROLITHIASIS,2194-7228,2194-7236,2.6,3.0,Q2,52/134,Q2,Q2,0.9,61.6,150.0,2757.0,UROLOGY & NEPHROLOGY,UROLOGY & NEPHROLOGY(JIF Q2/JCI Q2),SPRINGER,Springer,是,SCIE,混合为主,"订阅路线通常无APC；选OA约 USD 2,790-4,290",中,https://www.springer.com/gp/open-access,https://www.google.com/search?q=Urolithiasis+aims+scope+instructions+for+authors+APC
544,3-Q2,2,Journal of Health Organization and Management,J HEALTH ORGAN MANAG,1477-7266,1758-7247,2.4,2.5,Q2,56/125,Q2,Q2,0.89,55.6,150.0,1950.0,HEALTH POLICY & SERVICES,HEALTH POLICY & SERVICES(JIF Q2/JCI Q2),EMERALD GROUP PUBLISHING LTD,其他,否,SSCI,需核实,请查期刊官网 Author / Open Access 页面,未知,,https://www.google.com/search?q=Journal+of+Health+Organization+and+Management+aims+scope+instructions+for+authors+APC
545,3-Q2,2,International Journal of Sports Physical Therapy,INT J SPORTS PHYS TH,2159-2896,2159-2896,2.4,2.9,Q2,53/136,Q2,Q2,0.74,61.4,150.0,4208.0,SPORT SCIENCES,SPORT SCIENCES(JIF Q2/JCI Q2),NORTH AMER SPORTS MEDICINE INST-NASMI,其他,否,ESCI,需核实,请查期刊官网 Author / Open Access 页面,未知,,https://www.google.com/search?q=International+Journal+of+Sports+Physical+Therapy+aims+scope+instructions+for+authors+APC
546,3-Q2,2,MOLECULAR GENETICS AND METABOLISM,MOL GENET METAB,1096-7192,1096-7206,4.0,4.1,Q2,53/192,Q2,Q2,0.82,72.7,149.0,9226.0,"ENDOCRINOLOGY & METABOLISM; GENETICS & HEREDITY; MEDICINE, RESEARCH & EXPERIMENTAL","ENDOCRINOLOGY & METABOLISM(JIF Q2/JCI Q2) | GENETICS & HEREDITY(JIF Q2/JCI Q2) | MEDICINE, RESEARCH & EXPERIMENTAL(JIF Q2/JCI Q2)",ACADEMIC PRESS INC ELSEVIER SCIENCE,Elsevier,是,SCIE,混合为主,"订阅路线通常无APC；Gold OA常见 USD 2,200-4,200",中,https://www.elsevier.com/open-access/agreements,https://www.google.com/search?q=MOLECULAR+GENETICS+AND+METABOLISM+aims+scope+instructions+for+authors+APC
547,3-Q2,2,ENZYME AND MICROBIAL TECHNOLOGY,ENZYME MICROB TECH,0141-0229,1879-0909,3.9,3.7,Q2,75/180,Q2,Q2,0.82,58.6,149.0,9627.0,BIOTECHNOLOGY & APPLIED MICROBIOLOGY,BIOTECHNOLOGY & APPLIED MICROBIOLOGY(JIF Q2/JCI Q2),ELSEVIER SCIENCE INC,Elsevier,是,SCIE,混合为主,"订阅路线通常无APC；Gold OA常见 USD 2,200-4,200",中,https://www.elsevier.com/open-access/agreements,https://www.google.com/search?q=ENZYME+AND+MICROBIAL+TECHNOLOGY+aims+scope+instructions+for+authors+APC
548,3-Q2,2,AAPS Journal,AAPS J,1550-7416,1550-7416,3.4,4.3,Q2,143/356,Q2,Q2,0.88,60.0,149.0,8411.0,PHARMACOLOGY & PHARMACY,PHARMACOLOGY & PHARMACY(JIF Q2/JCI Q2),SPRINGER,Springer,是,SCIE,混合为主,"订阅路线通常无APC；选OA约 USD 2,790-4,290",中,https://www.springer.com/gp/open-access,https://www.google.com/search?q=AAPS+Journal+aims+scope+instructions+for+authors+APC
549,3-Q2,2,Colorectal Disease,COLORECTAL DIS,1462-8910,1463-1318,2.3,2.9,Q2,105/321,Q2,Q2,0.76,67.4,149.0,8273.0,GASTROENTEROLOGY & HEPATOLOGY; SURGERY,GASTROENTEROLOGY & HEPATOLOGY(JIF Q3/JCI Q2) | SURGERY(JIF Q2/JCI Q2),WILEY,Wiley,是,SCIE,混合为主,"订阅路线通常无APC；OnlineOpen常见 USD 3,200-4,700",中,https://authorservices.wiley.com/author-resources/Journal-Authors/open-access/article-publication-charges.html,https://www.google.com/search?q=Colorectal+Disease+aims+scope+instructions+for+authors+APC
550,3-Q2,2,European Journal of Dentistry,EUR J DENT,1305-7456,1305-7464,2.2,,Q2,73/165,Q2,Q2,0.99,56.1,149.0,3473.0,"DENTISTRY, ORAL SURGERY & MEDICINE","DENTISTRY, ORAL SURGERY & MEDICINE(JIF Q2/JCI Q2)",Thieme Medical and Scientific Publishers Pvt Ltd,Thieme,否,ESCI,混合为主,订阅路线通常无APC；OA另计,中低,https://www.thieme.com/en-us/open-access,https://www.google.com/search?q=European+Journal+of+Dentistry+aims+scope+instructions+for+authors+APC
551,3-Q2,2,JOURNAL OF GLAUCOMA,J GLAUCOMA,1057-0829,1536-481X,2.2,2.1,Q2,43/98,Q2,Q2,0.94,56.6,149.0,5720.0,OPHTHALMOLOGY,OPHTHALMOLOGY(JIF Q2/JCI Q2),LIPPINCOTT WILLIAMS & WILKINS,Wolters Kluwer/LWW,是,SCIE,混合为主,"订阅路线通常无APC；OA常见 USD 2,000-4,000；MEDICINE已拉黑",中,https://wkauthorservices.editage.com/open-access/,https://www.google.com/search?q=JOURNAL+OF+GLAUCOMA+aims+scope+instructions+for+authors+APC
552,3-Q2,2,JOURNAL OF CRITICAL CARE,J CRIT CARE,0883-9441,1557-8615,3.5,3.4,Q2,22/66,Q2,Q2,0.76,67.4,148.0,9756.0,CRITICAL CARE MEDICINE,CRITICAL CARE MEDICINE(JIF Q2/JCI Q2),W B SAUNDERS CO-ELSEVIER INC,Elsevier,是,SCIE,混合为主,"订阅路线通常无APC；Gold OA常见 USD 2,200-4,200",中,https://www.elsevier.com/open-access/agreements,https://www.google.com/search?q=JOURNAL+OF+CRITICAL+CARE+aims+scope+instructions+for+authors+APC
553,3-Q2,2,ANIMAL REPRODUCTION SCIENCE,ANIM REPROD SCI,0378-4320,1873-2232,2.6,2.8,Q2,33/170,Q1,Q1,1.06,53.4,148.0,9168.0,REPRODUCTIVE BIOLOGY,REPRODUCTIVE BIOLOGY(JIF Q2/JCI Q1),ELSEVIER,Elsevier,是,SCIE,混合为主,"订阅路线通常无APC；Gold OA常见 USD 2,200-4,200",中,https://www.elsevier.com/open-access/agreements,https://www.google.com/search?q=ANIMAL+REPRODUCTION+SCIENCE+aims+scope+instructions+for+authors+APC
554,3-Q2,2,JOURNAL OF WOMENS HEALTH,J WOMENS HEALTH,1540-9996,1931-843X,1.8,3.2,Q2,24/71,Q1,Q1,0.82,62.4,148.0,9072.0,"MEDICINE, GENERAL & INTERNAL; OBSTETRICS & GYNECOLOGY; PUBLIC, ENVIRONMENTAL & OCCUPATIONAL HEALTH","MEDICINE, GENERAL & INTERNAL(JIF Q2/JCI Q1) | OBSTETRICS & GYNECOLOGY(JIF Q3/JCI Q2) | PUBLIC, ENVIRONMENTAL & OCCUPATIONAL HEALTH(JIF Q3/JCI Q2)",SAGE PUBLICATIONS INC,SAGE,是,"SCIE; SCIE, SSCI; SSCI",混合为主,"订阅路线通常无APC；SAGE Choice常见 USD 2,000-4,000",中,https://us.sagepub.com/en-us/nam/sage-choice,https://www.google.com/search?q=JOURNAL+OF+WOMENS+HEALTH+aims+scope+instructions+for+authors+APC
555,3-Q2,2,Clinical and Experimental Nephrology,CLIN EXP NEPHROL,1342-1751,1437-7799,2.4,2.3,Q2,57/134,Q2,Q2,0.7,57.8,147.0,3882.0,UROLOGY & NEPHROLOGY,UROLOGY & NEPHROLOGY(JIF Q2/JCI Q2),SPRINGER,Springer,是,SCIE,混合为主,"订阅路线通常无APC；选OA约 USD 2,790-4,290",中,https://www.springer.com/gp/open-access,https://www.google.com/search?q=Clinical+and+Experimental+Nephrology+aims+scope+instructions+for+authors+APC
556,3-Q2,2,Journal of Obstetrics and Gynaecology Canada,J OBSTET GYNAECOL CA,1701-2163,1701-2163,2.3,2.5,Q2,60/143,Q2,Q2,0.76,58.4,147.0,4360.0,OBSTETRICS & GYNECOLOGY,OBSTETRICS & GYNECOLOGY(JIF Q2/JCI Q2),ELSEVIER INC,Elsevier,否,ESCI,混合为主,"订阅路线通常无APC；Gold OA常见 USD 2,200-4,200",中,https://www.elsevier.com/open-access/agreements,https://www.google.com/search?q=Journal+of+Obstetrics+and+Gynaecology+Canada+aims+scope+instructions+for+authors+APC
557,3-Q2,2,JOURNAL OF NEUROTRAUMA,J NEUROTRAUM,0897-7151,1557-9042,3.8,4.5,Q2,80/296,Q2,Q2,0.96,73.1,146.0,16986.0,CLINICAL NEUROLOGY; CRITICAL CARE MEDICINE; NEUROSCIENCES,CLINICAL NEUROLOGY(JIF Q2/JCI Q2) | CRITICAL CARE MEDICINE(JIF Q2/JCI Q2) | NEUROSCIENCES(JIF Q2/JCI Q2),SAGE PUBLICATIONS INC,SAGE,是,SCIE,混合为主,"订阅路线通常无APC；SAGE Choice常见 USD 2,000-4,000",中,https://us.sagepub.com/en-us/nam/sage-choice,https://www.google.com/search?q=JOURNAL+OF+NEUROTRAUMA+aims+scope+instructions+for+authors+APC
558,3-Q2,2,MOLECULAR AND CELLULAR ENDOCRINOLOGY,MOL CELL ENDOCRINOL,0303-7207,1872-8057,3.4,4.3,Q2,95/198,Q2,Q2,0.74,52.3,146.0,16555.0,CELL BIOLOGY; ENDOCRINOLOGY & METABOLISM,CELL BIOLOGY(JIF Q3/JCI Q2) | ENDOCRINOLOGY & METABOLISM(JIF Q2/JCI Q2),ELSEVIER IRELAND LTD,Elsevier,是,SCIE,混合为主,"订阅路线通常无APC；Gold OA常见 USD 2,200-4,200",中,https://www.elsevier.com/open-access/agreements,https://www.google.com/search?q=MOLECULAR+AND+CELLULAR+ENDOCRINOLOGY+aims+scope+instructions+for+authors+APC
559,3-Q2,2,INTERNATIONAL JOURNAL OF SOCIAL PSYCHIATRY,INT J SOC PSYCHIATR,0020-7640,1741-2854,2.7,3.6,Q2,134/293,Q3,Q3,0.7,54.4,146.0,5458.0,PSYCHIATRY,PSYCHIATRY(JIF Q2/JCI Q3),SAGE PUBLICATIONS LTD,SAGE,否,SSCI,混合为主,"订阅路线通常无APC；SAGE Choice常见 USD 2,000-4,000",中,https://us.sagepub.com/en-us/nam/sage-choice,https://www.google.com/search?q=INTERNATIONAL+JOURNAL+OF+SOCIAL+PSYCHIATRY+aims+scope+instructions+for+authors+APC
560,3-Q2,2,JOURNAL OF CLINICAL LABORATORY ANALYSIS,J CLIN LAB ANAL,0887-8013,1098-2825,2.5,2.8,Q2,13/33,Q2,Q2,1.22,62.1,146.0,8171.0,MEDICAL LABORATORY TECHNOLOGY,MEDICAL LABORATORY TECHNOLOGY(JIF Q2/JCI Q2),WILEY,Wiley,是,SCIE,混合为主,"订阅路线通常无APC；OnlineOpen常见 USD 3,200-4,700",中,https://authorservices.wiley.com/author-resources/Journal-Authors/open-access/article-publication-charges.html,https://www.google.com/search?q=JOURNAL+OF+CLINICAL+LABORATORY+ANALYSIS+aims+scope+instructions+for+authors+APC
561,3-Q2,2,Journal of Clinical Pediatric Dentistry,J CLIN PEDIATR DENT,1053-4628,1557-5268,2.3,2.1,Q2,55/190,Q2,Q2,0.92,71.3,146.0,2412.0,"DENTISTRY, ORAL SURGERY & MEDICINE; PEDIATRICS","DENTISTRY, ORAL SURGERY & MEDICINE(JIF Q2/JCI Q2) | PEDIATRICS(JIF Q2/JCI Q2)",MRE PRESS,其他,是,SCIE,需核实,请查期刊官网 Author / Open Access 页面,未知,,https://www.google.com/search?q=Journal+of+Clinical+Pediatric+Dentistry+aims+scope+instructions+for+authors+APC
562,3-Q2,2,JMA Journal,JMA J,2433-328X,2433-3298,2.0,,Q2,113/336,Q2,Q2,0.48,66.5,146.0,887.0,"MEDICINE, GENERAL & INTERNAL","MEDICINE, GENERAL & INTERNAL(JIF Q2/JCI Q2)",JAPAN MEDICAL ASSOC-JAPANESE ASSOC MEDICAL SCIENCES,其他,否,ESCI,需核实,请查期刊官网 Author / Open Access 页面,未知,,https://www.google.com/search?q=JMA+Journal+aims+scope+instructions+for+authors+APC
563,3-Q2,2,Journal of Hospital Medicine,J HOSP MED,1553-5592,1553-5606,1.8,2.0,Q2,127/336,Q2,Q2,0.64,62.4,146.0,4255.0,"MEDICINE, GENERAL & INTERNAL","MEDICINE, GENERAL & INTERNAL(JIF Q2/JCI Q2)",WILEY,Wiley,是,SCIE,混合为主,"订阅路线通常无APC；OnlineOpen常见 USD 3,200-4,700",中,https://authorservices.wiley.com/author-resources/Journal-Authors/open-access/article-publication-charges.html,https://www.google.com/search?q=Journal+of+Hospital+Medicine+aims+scope+instructions+for+authors+APC
564,3-Q2,2,INFLAMMATION,INFLAMMATION,0360-3997,1573-2576,5.4,5.9,Q2,47/183,Q2,Q2,0.87,74.6,145.0,11490.0,CELL BIOLOGY; IMMUNOLOGY,CELL BIOLOGY(JIF Q2/JCI Q2) | IMMUNOLOGY(JIF Q2/JCI Q2),SPRINGER/PLENUM PUBLISHERS,Springer,是,SCIE,混合为主,"订阅路线通常无APC；选OA约 USD 2,790-4,290",中,https://www.springer.com/gp/open-access,https://www.google.com/search?q=INFLAMMATION+aims+scope+instructions+for+authors+APC
565,3-Q2,2,SAGE Open Medicine,SAGE OPEN MED,2050-3121,2050-3121,2.2,3.0,Q2,104/336,Q2,Q2,0.59,69.2,145.0,5517.0,"MEDICINE, GENERAL & INTERNAL","MEDICINE, GENERAL & INTERNAL(JIF Q2/JCI Q2)",SAGE PUBLICATIONS INC,SAGE,否,ESCI,混合为主,"订阅路线通常无APC；SAGE Choice常见 USD 2,000-4,000",中,https://us.sagepub.com/en-us/nam/sage-choice,https://www.google.com/search?q=SAGE+Open+Medicine+aims+scope+instructions+for+authors+APC
566,3-Q2,2,Synthetic and Systems Biotechnology,SYN SYST BIOTECHNO,2405-805X,2405-805X,4.8,5.2,Q2,47/180,Q1,Q1,1.01,74.2,144.0,2468.0,BIOTECHNOLOGY & APPLIED MICROBIOLOGY,BIOTECHNOLOGY & APPLIED MICROBIOLOGY(JIF Q2/JCI Q1),KEAI PUBLISHING LTD,其他,是,SCIE,需核实,请查期刊官网 Author / Open Access 页面,未知,,https://www.google.com/search?q=Synthetic+and+Systems+Biotechnology+aims+scope+instructions+for+authors+APC
567,3-Q2,2,HEPATOLOGY RESEARCH,HEPATOL RES,1386-6346,1872-034X,3.7,3.3,Q2,49/153,Q2,Q2,0.88,68.3,144.0,4744.0,GASTROENTEROLOGY & HEPATOLOGY,GASTROENTEROLOGY & HEPATOLOGY(JIF Q2/JCI Q2),WILEY,Wiley,是,SCIE,混合为主,"订阅路线通常无APC；OnlineOpen常见 USD 3,200-4,700",中,https://authorservices.wiley.com/author-resources/Journal-Authors/open-access/article-publication-charges.html,https://www.google.com/search?q=HEPATOLOGY+RESEARCH+aims+scope+instructions+for+authors+APC
568,3-Q2,2,MicrobiologyOpen,MICROBIOLOGYOPEN,2045-8827,2045-8827,3.6,4.3,Q2,81/167,Q2,Q2,0.79,51.8,144.0,4261.0,MICROBIOLOGY,MICROBIOLOGY(JIF Q2/JCI Q2),WILEY,Wiley,是,SCIE,混合为主,"订阅路线通常无APC；OnlineOpen常见 USD 3,200-4,700",中,https://authorservices.wiley.com/author-resources/Journal-Authors/open-access/article-publication-charges.html,https://www.google.com/search?q=MicrobiologyOpen+aims+scope+instructions+for+authors+APC
569,3-Q2,2,CONTRACEPTION,CONTRACEPTION,0010-7824,1879-0518,2.5,2.6,Q2,53/143,Q2,Q2,0.89,63.3,144.0,7305.0,OBSTETRICS & GYNECOLOGY,OBSTETRICS & GYNECOLOGY(JIF Q2/JCI Q2),ELSEVIER SCIENCE INC,Elsevier,是,SCIE,混合为主,"订阅路线通常无APC；Gold OA常见 USD 2,200-4,200",中,https://www.elsevier.com/open-access/agreements,https://www.google.com/search?q=CONTRACEPTION+aims+scope+instructions+for+authors+APC
570,3-Q2,2,CHEMICAL RESEARCH IN TOXICOLOGY,CHEM RES TOXICOL,0893-228X,1520-5010,4.1,4.2,Q2,29/106,Q2,Q2,0.79,73.1,143.0,14024.0,"CHEMISTRY, MEDICINAL; TOXICOLOGY","CHEMISTRY, MEDICINAL(JIF Q2/JCI Q2) | TOXICOLOGY(JIF Q2/JCI Q2)",AMER CHEMICAL SOC,其他,是,SCIE,需核实,请查期刊官网 Author / Open Access 页面,未知,,https://www.google.com/search?q=CHEMICAL+RESEARCH+IN+TOXICOLOGY+aims+scope+instructions+for+authors+APC
571,3-Q2,2,Clinical Lung Cancer,CLIN LUNG CANCER,1525-7304,1938-0690,3.9,3.6,Q2,120/333,Q2,Q2,0.76,64.1,143.0,5151.0,ONCOLOGY,ONCOLOGY(JIF Q2/JCI Q2),"CIG MEDIA GROUP, LP",其他,是,SCIE,需核实,请查期刊官网 Author / Open Access 页面,未知,,https://www.google.com/search?q=Clinical+Lung+Cancer+aims+scope+instructions+for+authors+APC
572,3-Q2,2,Biofuels Bioproducts & Biorefining-Biofpr,BIOFUEL BIOPROD BIOR,1932-104X,1932-1031,3.8,4.0,Q2,80/180,Q3,Q3,0.49,55.8,143.0,5203.0,BIOTECHNOLOGY & APPLIED MICROBIOLOGY,BIOTECHNOLOGY & APPLIED MICROBIOLOGY(JIF Q2/JCI Q3),WILEY,Wiley,是,SCIE,混合为主,"订阅路线通常无APC；OnlineOpen常见 USD 3,200-4,700",中,https://authorservices.wiley.com/author-resources/Journal-Authors/open-access/article-publication-charges.html,https://www.google.com/search?q=Biofuels+Bioproducts+&+Biorefining-Biofpr+aims+scope+instructions+for+authors+APC
573,3-Q2,2,World Journal of Clinical Oncology,WORLD J CLIN ONCOL,2218-4333,2218-4333,3.6,3.8,Q2,132/333,Q3,Q3,0.49,60.5,143.0,2706.0,ONCOLOGY,ONCOLOGY(JIF Q2/JCI Q3),BAISHIDENG PUBLISHING GROUP INC,其他,否,ESCI,需核实,请查期刊官网 Author / Open Access 页面,未知,,https://www.google.com/search?q=World+Journal+of+Clinical+Oncology+aims+scope+instructions+for+authors+APC
574,3-Q2,2,Annals of Gastroenterological Surgery,ANN GASTROENT SURG,2475-0328,2475-0328,3.2,3.4,Q2,63/153,Q2,Q2,0.61,59.2,143.0,2427.0,GASTROENTEROLOGY & HEPATOLOGY,GASTROENTEROLOGY & HEPATOLOGY(JIF Q2/JCI Q2),WILEY-V C H VERLAG GMBH,Wiley,是,SCIE,混合为主,"订阅路线通常无APC；OnlineOpen常见 USD 3,200-4,700",中,https://authorservices.wiley.com/author-resources/Journal-Authors/open-access/article-publication-charges.html,https://www.google.com/search?q=Annals+of+Gastroenterological+Surgery+aims+scope+instructions+for+authors+APC
575,3-Q2,2,CURRENT PHARMACEUTICAL DESIGN,CURR PHARM DESIGN,1381-6128,1873-4286,3.2,3.2,Q2,156/356,Q3,Q3,0.5,56.3,143.0,20926.0,PHARMACOLOGY & PHARMACY,PHARMACOLOGY & PHARMACY(JIF Q2/JCI Q3),BENTHAM SCIENCE PUBL LTD,其他,是,SCIE,需核实,请查期刊官网 Author / Open Access 页面,未知,,https://www.google.com/search?q=CURRENT+PHARMACEUTICAL+DESIGN+aims+scope+instructions+for+authors+APC
576,3-Q2,2,Archives of Osteoporosis,ARCH OSTEOPOROS,1862-3522,1862-3514,2.7,3.5,Q2,39/147,Q1,Q1,1.01,73.8,143.0,4196.0,ENDOCRINOLOGY & METABOLISM; ORTHOPEDICS,ENDOCRINOLOGY & METABOLISM(JIF Q3/JCI Q1) | ORTHOPEDICS(JIF Q2/JCI Q2),SPRINGER LONDON LTD,Springer,是,SCIE,混合为主,"订阅路线通常无APC；选OA约 USD 2,790-4,290",中,https://www.springer.com/gp/open-access,https://www.google.com/search?q=Archives+of+Osteoporosis+aims+scope+instructions+for+authors+APC
577,3-Q2,2,SCANDINAVIAN JOURNAL OF CARING SCIENCES,SCAND J CARING SCI,0283-9318,1471-6712,2.1,2.8,Q2,78/194,Q2,Q2,0.8,60.1,143.0,4612.0,NURSING,NURSING(JIF Q2/JCI Q2),WILEY,Wiley,否,SSCI,混合为主,"订阅路线通常无APC；OnlineOpen常见 USD 3,200-4,700",中,https://authorservices.wiley.com/author-resources/Journal-Authors/open-access/article-publication-charges.html,https://www.google.com/search?q=SCANDINAVIAN+JOURNAL+OF+CARING+SCIENCES+aims+scope+instructions+for+authors+APC
578,3-Q2,2,MOLECULAR AND CELLULAR BIOCHEMISTRY,MOL CELL BIOCHEM,0300-8177,1573-4919,4.7,4.4,Q2,86/207,Q3,Q3,0.57,58.7,142.0,15317.0,CELL BIOLOGY,CELL BIOLOGY(JIF Q2/JCI Q3),SPRINGER,Springer,是,SCIE,混合为主,"订阅路线通常无APC；选OA约 USD 2,790-4,290",中,https://www.springer.com/gp/open-access,https://www.google.com/search?q=MOLECULAR+AND+CELLULAR+BIOCHEMISTRY+aims+scope+instructions+for+authors+APC
579,3-Q2,2,MOLECULAR PHYLOGENETICS AND EVOLUTION,MOL PHYLOGENET EVOL,1055-7903,1095-9513,4.0,4.1,Q2,11/54,Q1,Q1,1.01,72.7,142.0,21037.0,BIOCHEMISTRY & MOLECULAR BIOLOGY; GENETICS & HEREDITY,BIOCHEMISTRY & MOLECULAR BIOLOGY(JIF Q2/JCI Q1) | GENETICS & HEREDITY(JIF Q2/JCI Q1),ACADEMIC PRESS INC ELSEVIER SCIENCE,Elsevier,是,SCIE,混合为主,"订阅路线通常无APC；Gold OA常见 USD 2,200-4,200",中,https://www.elsevier.com/open-access/agreements,https://www.google.com/search?q=MOLECULAR+PHYLOGENETICS+AND+EVOLUTION+aims+scope+instructions+for+authors+APC
580,3-Q2,2,PHOTOCHEMICAL & PHOTOBIOLOGICAL SCIENCES,PHOTOCH PHOTOBIO SCI,1474-905X,1474-9092,3.5,3.2,Q2,24/81,Q2,Q2,0.64,50.5,142.0,8046.0,BIOCHEMISTRY & MOLECULAR BIOLOGY,BIOCHEMISTRY & MOLECULAR BIOLOGY(JIF Q2/JCI Q2),SPRINGERNATURE,Springer Nature,是,SCIE,混合/全OA,"全OA约 USD 2,090-3,490；Nature系更高；Scientific Reports已拉黑",中高,https://www.springernature.com/gp/open-research/journals-books/journals,https://www.google.com/search?q=PHOTOCHEMICAL+&+PHOTOBIOLOGICAL+SCIENCES+aims+scope+instructions+for+authors+APC
581,3-Q2,2,HIV MEDICINE,HIV MED,1464-2662,1468-1293,3.2,3.1,Q2,55/141,Q2,Q2,0.79,61.3,142.0,3330.0,INFECTIOUS DISEASES,INFECTIOUS DISEASES(JIF Q2/JCI Q2),WILEY,Wiley,是,SCIE,混合为主,"订阅路线通常无APC；OnlineOpen常见 USD 3,200-4,700",中,https://authorservices.wiley.com/author-resources/Journal-Authors/open-access/article-publication-charges.html,https://www.google.com/search?q=HIV+MEDICINE+aims+scope+instructions+for+authors+APC
582,3-Q2,2,CLINICAL BIOCHEMISTRY,CLIN BIOCHEM,0009-9120,1873-2933,2.3,2.5,Q2,14/33,Q2,Q2,1.01,59.1,142.0,9154.0,MEDICAL LABORATORY TECHNOLOGY,MEDICAL LABORATORY TECHNOLOGY(JIF Q2/JCI Q2),PERGAMON-ELSEVIER SCIENCE LTD,Elsevier,是,SCIE,混合为主,"订阅路线通常无APC；Gold OA常见 USD 2,200-4,200",中,https://www.elsevier.com/open-access/agreements,https://www.google.com/search?q=CLINICAL+BIOCHEMISTRY+aims+scope+instructions+for+authors+APC
583,3-Q2,2,ARTIFICIAL ORGANS,ARTIF ORGANS,0160-564X,1525-1594,2.2,2.3,Q2,14/30,Q3,Q3,0.51,55.0,142.0,5238.0,"ENGINEERING, BIOMEDICAL; TRANSPLANTATION","ENGINEERING, BIOMEDICAL(JIF Q3/JCI Q3) | TRANSPLANTATION(JIF Q2/JCI Q3)",WILEY,Wiley,是,SCIE,混合为主,"订阅路线通常无APC；OnlineOpen常见 USD 3,200-4,700",中,https://authorservices.wiley.com/author-resources/Journal-Authors/open-access/article-publication-charges.html,https://www.google.com/search?q=ARTIFICIAL+ORGANS+aims+scope+instructions+for+authors+APC
584,3-Q2,2,ACTA BIOCHIMICA ET BIOPHYSICA SINICA,ACTA BIOCH BIOPH SIN,1672-9145,1745-7270,4.5,4.3,Q2,13/81,Q2,Q1,0.84,68.8,141.0,6868.0,BIOCHEMISTRY & MOLECULAR BIOLOGY,BIOCHEMISTRY & MOLECULAR BIOLOGY(JIF Q2/JCI Q2),SCIENCE PRESS,其他,是,SCIE,需核实,请查期刊官网 Author / Open Access 页面,未知,,https://www.google.com/search?q=ACTA+BIOCHIMICA+ET+BIOPHYSICA+SINICA+aims+scope+instructions+for+authors+APC
585,3-Q2,2,HEADACHE,HEADACHE,0017-8748,1526-4610,3.9,4.2,Q2,75/296,Q1,Q1,1.15,74.8,141.0,10582.0,CLINICAL NEUROLOGY,CLINICAL NEUROLOGY(JIF Q2/JCI Q1),WILEY,Wiley,是,SCIE,混合为主,"订阅路线通常无APC；OnlineOpen常见 USD 3,200-4,700",中,https://authorservices.wiley.com/author-resources/Journal-Authors/open-access/article-publication-charges.html,https://www.google.com/search?q=HEADACHE+aims+scope+instructions+for+authors+APC
586,3-Q2,2,Journal of Diabetes Research,J DIABETES RES,2314-6745,2314-6753,3.5,4.8,Q2,82/191,Q2,Q2,0.71,57.3,141.0,8972.0,"ENDOCRINOLOGY & METABOLISM; MEDICINE, RESEARCH & EXPERIMENTAL","ENDOCRINOLOGY & METABOLISM(JIF Q2/JCI Q2) | MEDICINE, RESEARCH & EXPERIMENTAL(JIF Q2/JCI Q2)",WILEY,Wiley,是,SCIE,混合为主,"订阅路线通常无APC；OnlineOpen常见 USD 3,200-4,700",中,https://authorservices.wiley.com/author-resources/Journal-Authors/open-access/article-publication-charges.html,https://www.google.com/search?q=Journal+of+Diabetes+Research+aims+scope+instructions+for+authors+APC
587,3-Q2,2,Journal of Patient-Reported Outcomes,J PATIENT-REP OUTCOM,,2509-8020,2.9,3.4,Q2,40/125,Q2,Q2,0.92,68.4,141.0,2912.0,HEALTH CARE SCIENCES & SERVICES; HEALTH POLICY & SERVICES,HEALTH CARE SCIENCES & SERVICES(JIF Q2/JCI Q2) | HEALTH POLICY & SERVICES(JIF Q2/JCI Q2),SPRINGERNATURE,Springer Nature,否,ESCI,混合/全OA,"全OA约 USD 2,090-3,490；Nature系更高；Scientific Reports已拉黑",中高,https://www.springernature.com/gp/open-research/journals-books/journals,https://www.google.com/search?q=Journal+of+Patient-Reported+Outcomes+aims+scope+instructions+for+authors+APC
588,3-Q2,2,DEPRESSION AND ANXIETY,DEPRESS ANXIETY,1091-4269,1520-6394,2.7,5.1,Q2,60/184,Q2,Q1,1.0,67.7,141.0,12861.0,"PSYCHIATRY; PSYCHOLOGY, CLINICAL","PSYCHIATRY(JIF Q2/JCI Q2) | PSYCHOLOGY, CLINICAL(JIF Q2/JCI Q2)",WILEY,Wiley,是,"SCIE, SSCI; SCIE; SSCI",混合为主,"订阅路线通常无APC；OnlineOpen常见 USD 3,200-4,700",中,https://authorservices.wiley.com/author-resources/Journal-Authors/open-access/article-publication-charges.html,https://www.google.com/search?q=DEPRESSION+AND+ANXIETY+aims+scope+instructions+for+authors+APC
589,3-Q2,2,PARASITOLOGY,PARASITOLOGY,0031-1820,1469-8161,2.5,2.8,Q2,18/47,Q2,Q2,0.75,62.8,141.0,10866.0,PARASITOLOGY,PARASITOLOGY(JIF Q2/JCI Q2),CAMBRIDGE UNIV PRESS,Cambridge UP,是,SCIE,混合为主,订阅路线通常无APC；Gold OA因刊而异,中,https://www.cambridge.org/core/open-research/open-access,https://www.google.com/search?q=PARASITOLOGY+aims+scope+instructions+for+authors+APC
590,3-Q2,2,Musculoskeletal Science and Practice,MUSCULOSKEL SCI PRAC,2468-7812,2468-7812,2.2,2.8,Q2,58/175,Q1,Q1,1.01,67.1,141.0,2925.0,REHABILITATION,REHABILITATION(JIF Q2/JCI Q1),ELSEVIER,Elsevier,是,SCIE,混合为主,"订阅路线通常无APC；Gold OA常见 USD 2,200-4,200",中,https://www.elsevier.com/open-access/agreements,https://www.google.com/search?q=Musculoskeletal+Science+and+Practice+aims+scope+instructions+for+authors+APC
591,3-Q2,2,INSECT BIOCHEMISTRY AND MOLECULAR BIOLOGY,INSECT BIOCHEM MOLEC,0965-1748,1879-0240,4.3,4.3,Q2,5/110,Q1,Q1,1.25,63.9,140.0,9869.0,BIOCHEMISTRY & MOLECULAR BIOLOGY,BIOCHEMISTRY & MOLECULAR BIOLOGY(JIF Q2/JCI Q1),PERGAMON-ELSEVIER SCIENCE LTD,Elsevier,是,SCIE,混合为主,"订阅路线通常无APC；Gold OA常见 USD 2,200-4,200",中,https://www.elsevier.com/open-access/agreements,https://www.google.com/search?q=INSECT+BIOCHEMISTRY+AND+MOLECULAR+BIOLOGY+aims+scope+instructions+for+authors+APC
592,3-Q2,2,AMERICAN JOURNAL OF PHYSIOLOGY-ENDOCRINOLOGY AND METABOLISM,AM J PHYSIOL-ENDOC M,0193-1849,1522-1555,4.2,4.8,Q2,16/89,Q1,Q1,1.06,66.9,140.0,18513.0,ENDOCRINOLOGY & METABOLISM,ENDOCRINOLOGY & METABOLISM(JIF Q2/JCI Q1),AMER PHYSIOLOGICAL SOC,其他,是,SCIE,需核实,请查期刊官网 Author / Open Access 页面,未知,,https://www.google.com/search?q=AMERICAN+JOURNAL+OF+PHYSIOLOGY-ENDOCRINOLOGY+AND+METABOLISM+aims+scope+instructions+for+authors+APC
593,3-Q2,2,RSC Chemical Biology,RSC CHEM BIOL,2633-0679,2633-0679,3.9,4.1,Q2,105/250,Q3,Q2,0.49,55.6,140.0,2159.0,BIOCHEMISTRY & MOLECULAR BIOLOGY,BIOCHEMISTRY & MOLECULAR BIOLOGY(JIF Q2/JCI Q3),ROYAL SOC CHEMISTRY,其他,否,ESCI,需核实,请查期刊官网 Author / Open Access 页面,未知,,https://www.google.com/search?q=RSC+Chemical+Biology+aims+scope+instructions+for+authors+APC
594,3-Q2,2,AMERICAN JOURNAL OF HYPERTENSION,AM J HYPERTENS,0895-7061,1941-7225,2.9,3.5,Q2,43/100,Q2,Q2,0.7,57.5,140.0,8134.0,PERIPHERAL VASCULAR DISEASE,PERIPHERAL VASCULAR DISEASE(JIF Q2/JCI Q2),OXFORD UNIV PRESS,Oxford UP,是,SCIE,混合为主,订阅路线通常无APC；可选OA，费用因刊而异,中,https://academic.oup.com/pages/open-research/open-access,https://www.google.com/search?q=AMERICAN+JOURNAL+OF+HYPERTENSION+aims+scope+instructions+for+authors+APC
595,3-Q2,2,Journal of the Endocrine Society,J ENDOCR SOC,,2472-1972,4.4,4.2,Q2,59/198,Q3,Q3,0.69,70.5,139.0,5482.0,ENDOCRINOLOGY & METABOLISM,ENDOCRINOLOGY & METABOLISM(JIF Q2/JCI Q3),ENDOCRINE SOC,其他,否,ESCI,需核实,请查期刊官网 Author / Open Access 页面,未知,,https://www.google.com/search?q=Journal+of+the+Endocrine+Society+aims+scope+instructions+for+authors+APC
596,3-Q2,2,JOURNAL OF FAMILY PSYCHOLOGY,J FAM PSYCHOL,0893-3200,1939-1293,2.4,3.3,Q2,10/66,Q1,Q1,1.02,61.1,139.0,8832.0,"PSYCHOLOGY, CLINICAL","PSYCHOLOGY, CLINICAL(JIF Q2/JCI Q1)",AMER PSYCHOLOGICAL ASSOC,其他,否,SSCI,需核实,请查期刊官网 Author / Open Access 页面,未知,,https://www.google.com/search?q=JOURNAL+OF+FAMILY+PSYCHOLOGY+aims+scope+instructions+for+authors+APC
597,3-Q2,2,Journal of Traditional Chinese Medicine,J TRADIT CHIN MED,0255-2922,1577-7014,2.6,2.6,Q2,20/48,Q3,Q3,0.4,59.4,138.0,3317.0,INTEGRATIVE & COMPLEMENTARY MEDICINE,INTEGRATIVE & COMPLEMENTARY MEDICINE(JIF Q2/JCI Q3),JOURNAL TRADITIONAL CHINESE MED,其他,是,SCIE,需核实,请查期刊官网 Author / Open Access 页面,未知,,https://www.google.com/search?q=Journal+of+Traditional+Chinese+Medicine+aims+scope+instructions+for+authors+APC
598,3-Q2,2,International Journal of Qualitative Studies on Health and Well-Being,INT J QUAL STUD HEAL,1748-2623,1748-2631,2.4,2.9,Q2,58/194,Q2,Q2,0.89,70.4,138.0,3645.0,"NURSING; PUBLIC, ENVIRONMENTAL & OCCUPATIONAL HEALTH; SOCIAL SCIENCES, BIOMEDICAL","NURSING(JIF Q2/JCI Q2) | PUBLIC, ENVIRONMENTAL & OCCUPATIONAL HEALTH(JIF Q2/JCI Q2) | SOCIAL SCIENCES, BIOMEDICAL(JIF Q2/JCI Q2)",TAYLOR & FRANCIS LTD,Taylor & Francis,否,SSCI,混合为主,"订阅路线通常无APC；Open Select常见 USD 2,500-3,500",中,https://authorservices.taylorandfrancis.com/publishing-open-access/,https://www.google.com/search?q=International+Journal+of+Qualitative+Studies+on+Health+and+Well-Being+aims+scope+instructions+for+authors+APC
599,3-Q2,2,Oral Surgery Oral Medicine Oral Pathology Oral Radiology,OR SURG OR MED OR PA,2212-4403,2212-4411,2.4,2.3,Q2,63/165,Q2,Q2,0.82,62.1,138.0,14102.0,"DENTISTRY, ORAL SURGERY & MEDICINE","DENTISTRY, ORAL SURGERY & MEDICINE(JIF Q2/JCI Q2)",ELSEVIER SCIENCE INC,Elsevier,是,SCIE,混合为主,"订阅路线通常无APC；Gold OA常见 USD 2,200-4,200",中,https://www.elsevier.com/open-access/agreements,https://www.google.com/search?q=Oral+Surgery+Oral+Medicine+Oral+Pathology+Oral+Radiology+aims+scope+instructions+for+authors+APC
600,3-Q2,2,SAUDI MEDICAL JOURNAL,SAUDI MED J,0379-5284,1658-3175,2.1,2.1,Q2,107/336,Q2,Q2,0.5,68.3,138.0,5093.0,"MEDICINE, GENERAL & INTERNAL","MEDICINE, GENERAL & INTERNAL(JIF Q2/JCI Q2)",SAUDI MED J,其他,是,SCIE,需核实,请查期刊官网 Author / Open Access 页面,未知,,https://www.google.com/search?q=SAUDI+MEDICAL+JOURNAL+aims+scope+instructions+for+authors+APC
601,3-Q2,2,INDIAN JOURNAL OF MEDICAL RESEARCH,INDIAN J MED RES,0971-5916,0971-5916,2.1,3.3,Q2,107/336,Q2,Q2,0.41,68.3,138.0,8065.0,"IMMUNOLOGY; MEDICINE, GENERAL & INTERNAL; MEDICINE, RESEARCH & EXPERIMENTAL","IMMUNOLOGY(JIF Q4/JCI Q4) | MEDICINE, GENERAL & INTERNAL(JIF Q2/JCI Q2) | MEDICINE, RESEARCH & EXPERIMENTAL(JIF Q3/JCI Q3)",SCIENTIFIC SCHOLAR LLC,其他,是,SCIE,需核实,请查期刊官网 Author / Open Access 页面,未知,,https://www.google.com/search?q=INDIAN+JOURNAL+OF+MEDICAL+RESEARCH+aims+scope+instructions+for+authors+APC
602,3-Q2,2,Immunity Inflammation and Disease,IMMUN INFLAMM DIS,,2050-4527,3.5,3.2,Q2,89/183,Q3,Q3,0.6,51.6,137.0,4070.0,IMMUNOLOGY,IMMUNOLOGY(JIF Q2/JCI Q3),WILEY,Wiley,是,SCIE,混合为主,"订阅路线通常无APC；OnlineOpen常见 USD 3,200-4,700",中,https://authorservices.wiley.com/author-resources/Journal-Authors/open-access/article-publication-charges.html,https://www.google.com/search?q=Immunity+Inflammation+and+Disease+aims+scope+instructions+for+authors+APC
603,3-Q2,2,BMC Rheumatology,BMC RHEUMATOL,,2520-1026,3.1,2.6,Q2,22/58,Q2,Q2,0.74,62.9,137.0,1222.0,RHEUMATOLOGY,RHEUMATOLOGY(JIF Q2/JCI Q2),SPRINGERNATURE,Springer Nature,否,ESCI,混合/全OA,"全OA约 USD 2,090-3,490；Nature系更高；Scientific Reports已拉黑",中高,https://www.springernature.com/gp/open-research/journals-books/journals,https://www.google.com/search?q=BMC+Rheumatology+aims+scope+instructions+for+authors+APC
604,3-Q2,2,INFECTION GENETICS AND EVOLUTION,INFECT GENET EVOL,1567-1348,1567-7257,2.8,2.4,Q2,67/141,Q2,Q2,0.76,52.8,137.0,10573.0,INFECTIOUS DISEASES,INFECTIOUS DISEASES(JIF Q2/JCI Q2),ELSEVIER,Elsevier,是,SCIE,混合为主,"订阅路线通常无APC；Gold OA常见 USD 2,200-4,200",中,https://www.elsevier.com/open-access/agreements,https://www.google.com/search?q=INFECTION+GENETICS+AND+EVOLUTION+aims+scope+instructions+for+authors+APC
605,3-Q2,2,Therapeutics and Clinical Risk Management,THER CLIN RISK MANAG,,1178-203X,2.6,2.9,Q2,89/194,Q3,Q3,0.58,54.4,137.0,4733.0,HEALTH CARE SCIENCES & SERVICES,HEALTH CARE SCIENCES & SERVICES(JIF Q2/JCI Q3),DOVE MEDICAL PRESS LTD,其他,是,SCIE,需核实,请查期刊官网 Author / Open Access 页面,未知,,https://www.google.com/search?q=Therapeutics+and+Clinical+Risk+Management+aims+scope+instructions+for+authors+APC
606,3-Q2,2,Kuwait Journal of Science,KUWAIT J SCI,2307-4108,2307-4116,2.6,1.9,Q2,52/140,Q2,Q2,0.57,63.2,137.0,1580.0,MULTIDISCIPLINARY SCIENCES,MULTIDISCIPLINARY SCIENCES(JIF Q2/JCI Q2),ELSEVIER,Elsevier,是,SCIE,混合为主,"订阅路线通常无APC；Gold OA常见 USD 2,200-4,200",中,https://www.elsevier.com/open-access/agreements,https://www.google.com/search?q=Kuwait+Journal+of+Science+aims+scope+instructions+for+authors+APC
607,3-Q2,2,International Wound Journal,INT WOUND J,1742-4801,1742-481X,2.2,3.0,Q2,116/321,Q1,Q1,1.16,64.0,137.0,9306.0,DERMATOLOGY; SURGERY,DERMATOLOGY(JIF Q3/JCI Q1) | SURGERY(JIF Q2/JCI Q1),WILEY,Wiley,是,SCIE,混合为主,"订阅路线通常无APC；OnlineOpen常见 USD 3,200-4,700",中,https://authorservices.wiley.com/author-resources/Journal-Authors/open-access/article-publication-charges.html,https://www.google.com/search?q=International+Wound+Journal+aims+scope+instructions+for+authors+APC
608,3-Q2,2,Peer Community Journal,PEER COMMUNITY J,,2804-3871,2.2,2.2,Q2,60/140,Q2,Q2,0.55,57.5,137.0,941.0,MULTIDISCIPLINARY SCIENCES,MULTIDISCIPLINARY SCIENCES(JIF Q2/JCI Q2),Peer Community In - PCI,其他,否,ESCI,需核实,请查期刊官网 Author / Open Access 页面,未知,,https://www.google.com/search?q=Peer+Community+Journal+aims+scope+instructions+for+authors+APC
609,3-Q2,2,JCO Clinical Cancer Informatics,JCO CLIN CANCER INFO,2473-4276,2473-4276,3.6,4.2,Q2,132/333,Q2,Q2,0.69,60.5,136.0,3105.0,ONCOLOGY,ONCOLOGY(JIF Q2/JCI Q2),LIPPINCOTT WILLIAMS & WILKINS,Wolters Kluwer/LWW,否,ESCI,混合为主,"订阅路线通常无APC；OA常见 USD 2,000-4,000；MEDICINE已拉黑",中,https://wkauthorservices.editage.com/open-access/,https://www.google.com/search?q=JCO+Clinical+Cancer+Informatics+aims+scope+instructions+for+authors+APC
610,3-Q2,2,JOURNAL OF ORAL AND MAXILLOFACIAL SURGERY,J ORAL MAXIL SURG,0278-2391,1531-5053,2.5,2.6,Q2,58/165,Q2,Q2,0.98,65.2,136.0,16623.0,"DENTISTRY, ORAL SURGERY & MEDICINE","DENTISTRY, ORAL SURGERY & MEDICINE(JIF Q2/JCI Q2)",W B SAUNDERS CO-ELSEVIER INC,Elsevier,是,SCIE,混合为主,"订阅路线通常无APC；Gold OA常见 USD 2,200-4,200",中,https://www.elsevier.com/open-access/agreements,https://www.google.com/search?q=JOURNAL+OF+ORAL+AND+MAXILLOFACIAL+SURGERY+aims+scope+instructions+for+authors+APC
611,3-Q2,2,STATISTICAL METHODS IN MEDICAL RESEARCH,STAT METHODS MED RES,0962-2802,1477-0334,2.4,2.6,Q2,28/170,Q2,Q2,0.64,50.3,136.0,9631.0,HEALTH CARE SCIENCES & SERVICES; MATHEMATICAL & COMPUTATIONAL BIOLOGY; MEDICAL INFORMATICS,HEALTH CARE SCIENCES & SERVICES(JIF Q2/JCI Q3) | MATHEMATICAL & COMPUTATIONAL BIOLOGY(JIF Q3/JCI Q2) | MEDICAL INFORMATICS(JIF Q3/JCI Q3),SAGE PUBLICATIONS LTD,SAGE,是,SCIE,混合为主,"订阅路线通常无APC；SAGE Choice常见 USD 2,000-4,000",中,https://us.sagepub.com/en-us/nam/sage-choice,https://www.google.com/search?q=STATISTICAL+METHODS+IN+MEDICAL+RESEARCH+aims+scope+instructions+for+authors+APC
612,3-Q2,2,Journal of Immigrant and Minority Health,J IMMIGR MINOR HEALT,1557-1912,1557-1920,2.3,2.7,Q2,209/443,Q3,Q3,0.54,52.9,136.0,5569.0,"PUBLIC, ENVIRONMENTAL & OCCUPATIONAL HEALTH","PUBLIC, ENVIRONMENTAL & OCCUPATIONAL HEALTH(JIF Q2/JCI Q3)",SPRINGER,Springer,否,SSCI,混合为主,"订阅路线通常无APC；选OA约 USD 2,790-4,290",中,https://www.springer.com/gp/open-access,https://www.google.com/search?q=Journal+of+Immigrant+and+Minority+Health+aims+scope+instructions+for+authors+APC
613,3-Q2,2,SWISS MEDICAL WEEKLY,SWISS MED WKLY,1424-7860,1424-3997,1.6,1.8,Q2,139/336,Q2,Q2,0.49,58.8,136.0,3829.0,"MEDICINE, GENERAL & INTERNAL","MEDICINE, GENERAL & INTERNAL(JIF Q2/JCI Q2)",SMW supporting association,其他,是,SCIE,需核实,请查期刊官网 Author / Open Access 页面,未知,,https://www.google.com/search?q=SWISS+MEDICAL+WEEKLY+aims+scope+instructions+for+authors+APC
614,3-Q2,2,NEW ZEALAND MEDICAL JOURNAL,NEW ZEAL MED J,0028-8446,1175-8716,1.2,1.3,Q2,167/336,Q3,Q3,0.3,50.4,136.0,3008.0,"MEDICINE, GENERAL & INTERNAL","MEDICINE, GENERAL & INTERNAL(JIF Q2/JCI Q3)",NEW ZEALAND MEDICAL ASSOC,其他,否,ESCI,需核实,请查期刊官网 Author / Open Access 页面,未知,,https://www.google.com/search?q=NEW+ZEALAND+MEDICAL+JOURNAL+aims+scope+instructions+for+authors+APC
615,3-Q2,2,INFECTION AND IMMUNITY,INFECT IMMUN,0019-9567,1098-5522,3.4,3.7,Q2,49/141,Q2,Q2,0.74,65.6,135.0,36589.0,IMMUNOLOGY; INFECTIOUS DISEASES,IMMUNOLOGY(JIF Q3/JCI Q2) | INFECTIOUS DISEASES(JIF Q2/JCI Q2),AMER SOC MICROBIOLOGY,其他,是,SCIE,需核实,请查期刊官网 Author / Open Access 页面,未知,,https://www.google.com/search?q=INFECTION+AND+IMMUNITY+aims+scope+instructions+for+authors+APC
616,3-Q2,2,CLINICAL PSYCHOLOGY & PSYCHOTHERAPY,CLIN PSYCHOL PSYCHOT,1063-3995,1099-0879,2.9,3.9,Q2,51/184,Q2,Q2,0.84,72.6,135.0,6356.0,"PSYCHOLOGY, CLINICAL","PSYCHOLOGY, CLINICAL(JIF Q2/JCI Q2)",WILEY,Wiley,否,SSCI,混合为主,"订阅路线通常无APC；OnlineOpen常见 USD 3,200-4,700",中,https://authorservices.wiley.com/author-resources/Journal-Authors/open-access/article-publication-charges.html,https://www.google.com/search?q=CLINICAL+PSYCHOLOGY+&+PSYCHOTHERAPY+aims+scope+instructions+for+authors+APC
617,3-Q2,2,Dermatology Practical & Conceptual,DERMATOL PRACT CONCE,2160-9381,2160-9381,2.4,2.8,Q2,47/99,Q2,Q2,0.69,53.0,135.0,1795.0,DERMATOLOGY,DERMATOLOGY(JIF Q2/JCI Q2),MATTIOLI 1885,其他,是,SCIE,需核实,请查期刊官网 Author / Open Access 页面,未知,,https://www.google.com/search?q=Dermatology+Practical+&+Conceptual+aims+scope+instructions+for+authors+APC
618,3-Q2,2,Pulmonary Circulation,PULM CIRC,2045-8932,2045-8940,2.4,2.6,Q2,117/237,Q2,Q2,0.59,50.8,135.0,3390.0,CARDIAC & CARDIOVASCULAR SYSTEMS; RESPIRATORY SYSTEM,CARDIAC & CARDIOVASCULAR SYSTEMS(JIF Q2/JCI Q2) | RESPIRATORY SYSTEM(JIF Q3/JCI Q3),WILEY,Wiley,是,SCIE,混合为主,"订阅路线通常无APC；OnlineOpen常见 USD 3,200-4,700",中,https://authorservices.wiley.com/author-resources/Journal-Authors/open-access/article-publication-charges.html,https://www.google.com/search?q=Pulmonary+Circulation+aims+scope+instructions+for+authors+APC
619,3-Q2,2,International Journal for Parasitology-Parasites and Wildlife,INT J PARASITOL-PAR,2213-2244,2213-2244,2.3,2.4,Q2,22/47,Q2,Q2,0.72,54.3,135.0,2629.0,PARASITOLOGY,PARASITOLOGY(JIF Q2/JCI Q2),ELSEVIER,Elsevier,是,SCIE,混合为主,"订阅路线通常无APC；Gold OA常见 USD 2,200-4,200",中,https://www.elsevier.com/open-access/agreements,https://www.google.com/search?q=International+Journal+for+Parasitology-Parasites+and+Wildlife+aims+scope+instructions+for+authors+APC
620,3-Q2,2,Transplantation Direct,TRANSPLANT DIRECT,2373-8731,2373-8731,2.2,2.1,Q2,14/30,Q2,Q2,0.73,55.0,135.0,2328.0,TRANSPLANTATION,TRANSPLANTATION(JIF Q2/JCI Q2),LIPPINCOTT WILLIAMS & WILKINS,Wolters Kluwer/LWW,否,ESCI,混合为主,"订阅路线通常无APC；OA常见 USD 2,000-4,000；MEDICINE已拉黑",中,https://wkauthorservices.editage.com/open-access/,https://www.google.com/search?q=Transplantation+Direct+aims+scope+instructions+for+authors+APC
621,3-Q2,2,PARASITOLOGY INTERNATIONAL,PARASITOL INT,1383-5769,1873-0329,2.1,2.0,Q2,23/47,Q3,Q3,0.62,52.1,135.0,3886.0,PARASITOLOGY,PARASITOLOGY(JIF Q2/JCI Q3),ELSEVIER IRELAND LTD,Elsevier,是,SCIE,混合为主,"订阅路线通常无APC；Gold OA常见 USD 2,200-4,200",中,https://www.elsevier.com/open-access/agreements,https://www.google.com/search?q=PARASITOLOGY+INTERNATIONAL+aims+scope+instructions+for+authors+APC
622,3-Q2,2,Future Journal of Pharmaceutical Sciences,FUTUR J PHARM SCI,2314-7245,2314-7253,4.5,4.6,Q2,90/356,Q2,Q2,0.83,74.9,134.0,3762.0,PHARMACOLOGY & PHARMACY,PHARMACOLOGY & PHARMACY(JIF Q2/JCI Q2),SPRINGER,Springer,否,ESCI,混合为主,"订阅路线通常无APC；选OA约 USD 2,790-4,290",中,https://www.springer.com/gp/open-access,https://www.google.com/search?q=Future+Journal+of+Pharmaceutical+Sciences+aims+scope+instructions+for+authors+APC
623,3-Q2,2,BJGP Open,BJGP OPEN,,2398-3795,2.4,,Q2,11/29,Q2,Q2,1.12,63.8,134.0,1767.0,PRIMARY HEALTH CARE,PRIMARY HEALTH CARE(JIF Q2/JCI Q2),ROYAL COLL GENERAL PRACTITIONERS,其他,否,ESCI,需核实,请查期刊官网 Author / Open Access 页面,未知,,https://www.google.com/search?q=BJGP+Open+aims+scope+instructions+for+authors+APC
624,3-Q2,2,JOURNAL OF APPLIED RESEARCH IN INTELLECTUAL DISABILITIES,J APPL RES INTELLECT,1360-2322,1468-3148,2.2,2.9,Q2,58/175,Q2,Q2,0.77,67.1,134.0,4619.0,REHABILITATION,REHABILITATION(JIF Q2/JCI Q2),WILEY,Wiley,否,SSCI,混合为主,"订阅路线通常无APC；OnlineOpen常见 USD 3,200-4,700",中,https://authorservices.wiley.com/author-resources/Journal-Authors/open-access/article-publication-charges.html,https://www.google.com/search?q=JOURNAL+OF+APPLIED+RESEARCH+IN+INTELLECTUAL+DISABILITIES+aims+scope+instructions+for+authors+APC
625,3-Q2,2,ACTA ANAESTHESIOLOGICA SCANDINAVICA,ACTA ANAESTH SCAND,0001-5172,1399-6576,1.9,2.0,Q2,36/72,Q2,Q2,0.76,50.7,134.0,6863.0,ANESTHESIOLOGY,ANESTHESIOLOGY(JIF Q2/JCI Q2),WILEY,Wiley,是,SCIE,混合为主,"订阅路线通常无APC；OnlineOpen常见 USD 3,200-4,700",中,https://authorservices.wiley.com/author-resources/Journal-Authors/open-access/article-publication-charges.html,https://www.google.com/search?q=ACTA+ANAESTHESIOLOGICA+SCANDINAVICA+aims+scope+instructions+for+authors+APC
626,3-Q2,2,World Journal of Hepatology,WORLD J HEPATOL,1948-5182,1948-5182,3.4,3.3,Q2,55/153,Q3,Q3,0.48,64.4,133.0,4803.0,GASTROENTEROLOGY & HEPATOLOGY,GASTROENTEROLOGY & HEPATOLOGY(JIF Q2/JCI Q3),BAISHIDENG PUBLISHING GROUP INC,其他,否,ESCI,需核实,请查期刊官网 Author / Open Access 页面,未知,,https://www.google.com/search?q=World+Journal+of+Hepatology+aims+scope+instructions+for+authors+APC
627,3-Q2,2,KAOHSIUNG JOURNAL OF MEDICAL SCIENCES,KAOHSIUNG J MED SCI,1607-551X,2410-8650,3.1,3.2,Q2,92/191,Q2,Q2,0.66,52.1,133.0,3593.0,"MEDICINE, RESEARCH & EXPERIMENTAL","MEDICINE, RESEARCH & EXPERIMENTAL(JIF Q2/JCI Q2)",WILEY,Wiley,是,SCIE,混合为主,"订阅路线通常无APC；OnlineOpen常见 USD 3,200-4,700",中,https://authorservices.wiley.com/author-resources/Journal-Authors/open-access/article-publication-charges.html,https://www.google.com/search?q=KAOHSIUNG+JOURNAL+OF+MEDICAL+SCIENCES+aims+scope+instructions+for+authors+APC
628,3-Q2,2,HAEMOPHILIA,HAEMOPHILIA,1351-8216,1365-2516,3.0,3.2,Q2,39/103,Q2,Q2,0.61,62.6,133.0,6580.0,HEMATOLOGY,HEMATOLOGY(JIF Q2/JCI Q2),WILEY,Wiley,是,SCIE,混合为主,"订阅路线通常无APC；OnlineOpen常见 USD 3,200-4,700",中,https://authorservices.wiley.com/author-resources/Journal-Authors/open-access/article-publication-charges.html,https://www.google.com/search?q=HAEMOPHILIA+aims+scope+instructions+for+authors+APC
629,3-Q2,2,MATHEMATICAL BIOSCIENCES,MATH BIOSCI,0025-5564,1879-3134,2.6,2.6,Q2,36/106,Q2,Q2,0.68,66.5,133.0,7334.0,BIOLOGY; MATHEMATICAL & COMPUTATIONAL BIOLOGY,BIOLOGY(JIF Q2/JCI Q2) | MATHEMATICAL & COMPUTATIONAL BIOLOGY(JIF Q2/JCI Q2),ELSEVIER SCIENCE INC,Elsevier,是,SCIE,混合为主,"订阅路线通常无APC；Gold OA常见 USD 2,200-4,200",中,https://www.elsevier.com/open-access/agreements,https://www.google.com/search?q=MATHEMATICAL+BIOSCIENCES+aims+scope+instructions+for+authors+APC
630,3-Q2,2,JOURNAL OF ORTHOPAEDIC TRAUMA,J ORTHOP TRAUMA,0890-5339,1531-2291,2.0,2.0,Q2,70/147,Q2,Q2,0.77,52.7,133.0,10953.0,ORTHOPEDICS; SPORT SCIENCES,ORTHOPEDICS(JIF Q2/JCI Q2) | SPORT SCIENCES(JIF Q3/JCI Q2),LIPPINCOTT WILLIAMS & WILKINS,Wolters Kluwer/LWW,是,SCIE,混合为主,"订阅路线通常无APC；OA常见 USD 2,000-4,000；MEDICINE已拉黑",中,https://wkauthorservices.editage.com/open-access/,https://www.google.com/search?q=JOURNAL+OF+ORTHOPAEDIC+TRAUMA+aims+scope+instructions+for+authors+APC
631,3-Q2,2,MOLECULAR CARCINOGENESIS,MOL CARCINOGEN,0899-1987,1098-2744,3.5,3.6,Q2,142/333,Q2,Q2,0.72,57.5,132.0,6265.0,BIOCHEMISTRY & MOLECULAR BIOLOGY; ONCOLOGY,BIOCHEMISTRY & MOLECULAR BIOLOGY(JIF Q2/JCI Q2) | ONCOLOGY(JIF Q2/JCI Q2),WILEY,Wiley,是,SCIE,混合为主,"订阅路线通常无APC；OnlineOpen常见 USD 3,200-4,700",中,https://authorservices.wiley.com/author-resources/Journal-Authors/open-access/article-publication-charges.html,https://www.google.com/search?q=MOLECULAR+CARCINOGENESIS+aims+scope+instructions+for+authors+APC
632,3-Q2,2,Journal of Substance Use & Addiction Treatment,J SUBST USE ADDICT T,2949-8767,2949-8759,2.8,2.8,Q2,54/184,Q1,Q1,0.99,70.9,132.0,1313.0,"PSYCHOLOGY, CLINICAL; SUBSTANCE ABUSE","PSYCHOLOGY, CLINICAL(JIF Q2/JCI Q2) | SUBSTANCE ABUSE(JIF Q2/JCI Q1)",ELSEVIER SCIENCE INC,Elsevier,否,SSCI,混合为主,"订阅路线通常无APC；Gold OA常见 USD 2,200-4,200",中,https://www.elsevier.com/open-access/agreements,https://www.google.com/search?q=Journal+of+Substance+Use+&+Addiction+Treatment+aims+scope+instructions+for+authors+APC
633,3-Q2,2,AMERICAN JOURNAL OF THE MEDICAL SCIENCES,AM J MED SCI,0002-9629,1538-2990,2.4,2.5,Q2,94/336,Q2,Q2,0.44,72.2,132.0,6305.0,"MEDICINE, GENERAL & INTERNAL","MEDICINE, GENERAL & INTERNAL(JIF Q2/JCI Q2)",ELSEVIER SCIENCE INC,Elsevier,是,SCIE,混合为主,"订阅路线通常无APC；Gold OA常见 USD 2,200-4,200",中,https://www.elsevier.com/open-access/agreements,https://www.google.com/search?q=AMERICAN+JOURNAL+OF+THE+MEDICAL+SCIENCES+aims+scope+instructions+for+authors+APC
634,3-Q2,2,HISTOLOGY AND HISTOPATHOLOGY,HISTOL HISTOPATHOL,0213-3911,1699-5848,2.2,2.2,Q2,44/89,Q3,Q3,0.56,51.1,132.0,4178.0,CELL BIOLOGY; PATHOLOGY,CELL BIOLOGY(JIF Q4/JCI Q3) | PATHOLOGY(JIF Q2/JCI Q3),F HERNANDEZ,其他,是,SCIE,需核实,请查期刊官网 Author / Open Access 页面,未知,,https://www.google.com/search?q=HISTOLOGY+AND+HISTOPATHOLOGY+aims+scope+instructions+for+authors+APC
635,3-Q2,2,CLINICAL THERAPEUTICS,CLIN THER,0149-2918,1879-114X,3.7,3.9,Q2,120/356,Q2,Q2,0.71,66.4,131.0,9303.0,PHARMACOLOGY & PHARMACY,PHARMACOLOGY & PHARMACY(JIF Q2/JCI Q2),ELSEVIER,Elsevier,是,SCIE,混合为主,"订阅路线通常无APC；Gold OA常见 USD 2,200-4,200",中,https://www.elsevier.com/open-access/agreements,https://www.google.com/search?q=CLINICAL+THERAPEUTICS+aims+scope+instructions+for+authors+APC
636,3-Q2,2,THROMBOSIS RESEARCH,THROMB RES,0049-3848,1879-2472,3.4,3.5,Q2,27/100,Q2,Q2,0.76,73.5,131.0,12704.0,HEMATOLOGY; PERIPHERAL VASCULAR DISEASE,HEMATOLOGY(JIF Q2/JCI Q2) | PERIPHERAL VASCULAR DISEASE(JIF Q2/JCI Q2),PERGAMON-ELSEVIER SCIENCE LTD,Elsevier,是,SCIE,混合为主,"订阅路线通常无APC；Gold OA常见 USD 2,200-4,200",中,https://www.elsevier.com/open-access/agreements,https://www.google.com/search?q=THROMBOSIS+RESEARCH+aims+scope+instructions+for+authors+APC
637,3-Q2,2,ARCHIVES OF PATHOLOGY & LABORATORY MEDICINE,ARCH PATHOL LAB MED,0003-9985,1543-2165,3.3,3.6,Q2,24/89,Q1,Q1,1.26,73.6,131.0,11136.0,"MEDICAL LABORATORY TECHNOLOGY; MEDICINE, RESEARCH & EXPERIMENTAL; PATHOLOGY","MEDICAL LABORATORY TECHNOLOGY(JIF Q2/JCI Q2) | MEDICINE, RESEARCH & EXPERIMENTAL(JIF Q2/JCI Q1) | PATHOLOGY(JIF Q2/JCI Q1)",COLL AMER PATHOLOGISTS,其他,是,SCIE,需核实,请查期刊官网 Author / Open Access 页面,未知,,https://www.google.com/search?q=ARCHIVES+OF+PATHOLOGY+&+LABORATORY+MEDICINE+aims+scope+instructions+for+authors+APC
638,3-Q2,2,Human Genetics and Genomics Advances,HUM GENET GENOM ADV,2666-2477,2666-2477,3.1,3.7,Q2,74/192,Q1,Q1,0.96,61.7,131.0,1133.0,GENETICS & HEREDITY,GENETICS & HEREDITY(JIF Q2/JCI Q1),CELL PRESS,其他,否,ESCI,需核实,请查期刊官网 Author / Open Access 页面,未知,,https://www.google.com/search?q=Human+Genetics+and+Genomics+Advances+aims+scope+instructions+for+authors+APC
639,3-Q2,2,Aesthetic Surgery Journal Open Forum,AESTHET SURG J OPEN,,2631-4797,2.3,2.3,Q2,105/321,Q2,Q2,0.9,67.4,131.0,882.0,SURGERY,SURGERY(JIF Q2/JCI Q2),OXFORD UNIV PRESS,Oxford UP,否,ESCI,混合为主,订阅路线通常无APC；可选OA，费用因刊而异,中,https://academic.oup.com/pages/open-research/open-access,https://www.google.com/search?q=Aesthetic+Surgery+Journal+Open+Forum+aims+scope+instructions+for+authors+APC
640,3-Q2,2,Journal of Neurosurgery-Pediatrics,J NEUROSURG-PEDIATR,1933-0707,1933-0715,2.2,2.3,Q2,66/190,Q2,Q2,0.92,65.5,131.0,5978.0,CLINICAL NEUROLOGY; PEDIATRICS; SURGERY,CLINICAL NEUROLOGY(JIF Q3/JCI Q2) | PEDIATRICS(JIF Q2/JCI Q2) | SURGERY(JIF Q2/JCI Q2),AMER ASSOC NEUROLOGICAL SURGEONS,其他,是,SCIE,需核实,请查期刊官网 Author / Open Access 页面,未知,,https://www.google.com/search?q=Journal+of+Neurosurgery-Pediatrics+aims+scope+instructions+for+authors+APC
641,3-Q2,2,Journal of Ayurveda and Integrative Medicine,J AYURVEDA INTEGR ME,0975-9476,0976-2809,2.1,2.0,Q2,24/48,Q3,Q3,0.44,51.0,131.0,2109.0,INTEGRATIVE & COMPLEMENTARY MEDICINE,INTEGRATIVE & COMPLEMENTARY MEDICINE(JIF Q2/JCI Q3),ELSEVIER,Elsevier,否,ESCI,混合为主,"订阅路线通常无APC；Gold OA常见 USD 2,200-4,200",中,https://www.elsevier.com/open-access/agreements,https://www.google.com/search?q=Journal+of+Ayurveda+and+Integrative+Medicine+aims+scope+instructions+for+authors+APC
642,3-Q2,2,BIOPROCESS AND BIOSYSTEMS ENGINEERING,BIOPROC BIOSYST ENG,1615-7591,1615-7605,4.3,4.0,Q2,62/180,Q2,Q2,0.66,65.8,130.0,7392.0,BIOTECHNOLOGY & APPLIED MICROBIOLOGY,BIOTECHNOLOGY & APPLIED MICROBIOLOGY(JIF Q2/JCI Q2),SPRINGER,Springer,是,SCIE,混合为主,"订阅路线通常无APC；选OA约 USD 2,790-4,290",中,https://www.springer.com/gp/open-access,https://www.google.com/search?q=BIOPROCESS+AND+BIOSYSTEMS+ENGINEERING+aims+scope+instructions+for+authors+APC
643,3-Q2,2,CRYOBIOLOGY,CRYOBIOLOGY,0011-2240,1090-2392,2.6,2.8,Q2,36/106,Q1,Q1,0.79,66.5,130.0,5593.0,BIOLOGY,BIOLOGY(JIF Q2/JCI Q1),ACADEMIC PRESS INC ELSEVIER SCIENCE,Elsevier,是,SCIE,混合为主,"订阅路线通常无APC；Gold OA常见 USD 2,200-4,200",中,https://www.elsevier.com/open-access/agreements,https://www.google.com/search?q=CRYOBIOLOGY+aims+scope+instructions+for+authors+APC
644,3-Q2,2,INTERNATIONAL JOURNAL OF AUDIOLOGY,INT J AUDIOL,1499-2027,1708-8186,2.0,2.3,Q2,17/67,Q2,Q2,0.9,75.4,130.0,5962.0,AUDIOLOGY & SPEECH-LANGUAGE PATHOLOGY; OTORHINOLARYNGOLOGY,AUDIOLOGY & SPEECH-LANGUAGE PATHOLOGY(JIF Q2/JCI Q2) | OTORHINOLARYNGOLOGY(JIF Q2/JCI Q2),TAYLOR & FRANCIS LTD,Taylor & Francis,是,SCIE,混合为主,"订阅路线通常无APC；Open Select常见 USD 2,500-3,500",中,https://authorservices.taylorandfrancis.com/publishing-open-access/,https://www.google.com/search?q=INTERNATIONAL+JOURNAL+OF+AUDIOLOGY+aims+scope+instructions+for+authors+APC
645,3-Q2,2,Journal of the American College of Emergency Physicians Open,JACEP OPEN,,2688-1152,1.8,2.0,Q2,25/55,Q2,Q2,0.87,55.5,130.0,1787.0,EMERGENCY MEDICINE,EMERGENCY MEDICINE(JIF Q2/JCI Q2),ELSEVIER,Elsevier,否,ESCI,混合为主,"订阅路线通常无APC；Gold OA常见 USD 2,200-4,200",中,https://www.elsevier.com/open-access/agreements,https://www.google.com/search?q=Journal+of+the+American+College+of+Emergency+Physicians+Open+aims+scope+instructions+for+authors+APC
646,3-Q2,2,Endocrine Practice,ENDOCR PRACT,1530-891X,1934-2403,4.4,4.4,Q2,59/198,Q2,Q2,0.87,70.5,129.0,7233.0,ENDOCRINOLOGY & METABOLISM,ENDOCRINOLOGY & METABOLISM(JIF Q2/JCI Q2),ELSEVIER INC,Elsevier,是,SCIE,混合为主,"订阅路线通常无APC；Gold OA常见 USD 2,200-4,200",中,https://www.elsevier.com/open-access/agreements,https://www.google.com/search?q=Endocrine+Practice+aims+scope+instructions+for+authors+APC
647,3-Q2,2,Pain Management Nursing,PAIN MANAG NURS,1524-9042,1532-8635,2.5,2.6,Q2,49/194,Q2,Q2,0.95,75.0,129.0,2997.0,NURSING,NURSING(JIF Q2/JCI Q2),ELSEVIER SCIENCE INC,Elsevier,是,"SCIE, SSCI",混合为主,"订阅路线通常无APC；Gold OA常见 USD 2,200-4,200",中,https://www.elsevier.com/open-access/agreements,https://www.google.com/search?q=Pain+Management+Nursing+aims+scope+instructions+for+authors+APC
648,3-Q2,2,DRUG DEVELOPMENT RESEARCH,DRUG DEVELOP RES,0272-4391,1098-2299,4.2,4.2,Q2,102/356,Q1,Q1,0.95,71.5,128.0,4486.0,"CHEMISTRY, MEDICINAL; PHARMACOLOGY & PHARMACY","CHEMISTRY, MEDICINAL(JIF Q2/JCI Q2) | PHARMACOLOGY & PHARMACY(JIF Q2/JCI Q1)",WILEY,Wiley,是,SCIE,混合为主,"订阅路线通常无APC；OnlineOpen常见 USD 3,200-4,700",中,https://authorservices.wiley.com/author-resources/Journal-Authors/open-access/article-publication-charges.html,https://www.google.com/search?q=DRUG+DEVELOPMENT+RESEARCH+aims+scope+instructions+for+authors+APC
649,3-Q2,2,JOURNAL OF LEUKOCYTE BIOLOGY,J LEUKOCYTE BIOL,0741-5400,1938-3673,3.4,4.7,Q2,34/103,Q2,Q2,0.62,67.5,128.0,18598.0,CELL BIOLOGY; HEMATOLOGY; IMMUNOLOGY,CELL BIOLOGY(JIF Q3/JCI Q3) | HEMATOLOGY(JIF Q2/JCI Q2) | IMMUNOLOGY(JIF Q3/JCI Q3),OXFORD UNIV PRESS,Oxford UP,是,SCIE,混合为主,订阅路线通常无APC；可选OA，费用因刊而异,中,https://academic.oup.com/pages/open-research/open-access,https://www.google.com/search?q=JOURNAL+OF+LEUKOCYTE+BIOLOGY+aims+scope+instructions+for+authors+APC
650,3-Q2,2,AJPM Focus,AJPM FOCUS,,2773-0654,2.8,2.8,Q2,149/443,Q3,Q3,0.63,66.5,128.0,681.0,"PUBLIC, ENVIRONMENTAL & OCCUPATIONAL HEALTH","PUBLIC, ENVIRONMENTAL & OCCUPATIONAL HEALTH(JIF Q2/JCI Q3)",ELSEVIER,Elsevier,否,ESCI,混合为主,"订阅路线通常无APC；Gold OA常见 USD 2,200-4,200",中,https://www.elsevier.com/open-access/agreements,https://www.google.com/search?q=AJPM+Focus+aims+scope+instructions+for+authors+APC
651,3-Q2,2,CANADIAN JOURNAL OF OPHTHALMOLOGY-JOURNAL CANADIEN D OPHTALMOLOGIE,CAN J OPHTHALMOL,0008-4182,1715-3360,2.3,2.4,Q2,40/98,Q2,Q2,0.97,59.7,128.0,3071.0,OPHTHALMOLOGY,OPHTHALMOLOGY(JIF Q2/JCI Q2),CANADIAN OPHTHAL SOC,其他,是,SCIE,需核实,请查期刊官网 Author / Open Access 页面,未知,,https://www.google.com/search?q=CANADIAN+JOURNAL+OF+OPHTHALMOLOGY-JOURNAL+CANADIEN+D+OPHTALMOLOGIE+aims+scope+instructions+for+authors+APC
652,3-Q2,2,Journal of Medical Imaging,J MED IMAGING,2329-4302,2329-4310,2.3,2.4,Q2,107/217,Q3,Q3,0.56,50.9,128.0,3035.0,"RADIOLOGY, NUCLEAR MEDICINE & MEDICAL IMAGING","RADIOLOGY, NUCLEAR MEDICINE & MEDICAL IMAGING(JIF Q2/JCI Q3)",SPIE-SOC PHOTO-OPTICAL INSTRUMENTATION ENGINEERS,其他,否,ESCI,需核实,请查期刊官网 Author / Open Access 页面,未知,,https://www.google.com/search?q=Journal+of+Medical+Imaging+aims+scope+instructions+for+authors+APC
653,3-Q2,2,CANCER CAUSES & CONTROL,CANCER CAUSE CONTROL,0957-5243,1573-7225,2.2,2.5,Q2,218/443,Q3,Q3,0.57,50.9,128.0,7445.0,"ONCOLOGY; PUBLIC, ENVIRONMENTAL & OCCUPATIONAL HEALTH","ONCOLOGY(JIF Q3/JCI Q3) | PUBLIC, ENVIRONMENTAL & OCCUPATIONAL HEALTH(JIF Q2/JCI Q3)",SPRINGER,Springer,是,SCIE,混合为主,"订阅路线通常无APC；选OA约 USD 2,790-4,290",中,https://www.springer.com/gp/open-access,https://www.google.com/search?q=CANCER+CAUSES+&+CONTROL+aims+scope+instructions+for+authors+APC
654,3-Q2,2,PM&R,PM&R,1934-1482,1934-1563,2.0,2.5,Q2,69/175,Q2,Q2,0.78,60.9,128.0,5877.0,REHABILITATION; SPORT SCIENCES,REHABILITATION(JIF Q2/JCI Q2) | SPORT SCIENCES(JIF Q3/JCI Q2),WILEY,Wiley,是,SCIE,混合为主,"订阅路线通常无APC；OnlineOpen常见 USD 3,200-4,700",中,https://authorservices.wiley.com/author-resources/Journal-Authors/open-access/article-publication-charges.html,https://www.google.com/search?q=PM&R+aims+scope+instructions+for+authors+APC
655,3-Q2,2,RNA,RNA,1355-8382,1469-9001,4.3,4.4,Q2,119/328,Q2,Q2,0.71,63.9,127.0,12487.0,BIOCHEMISTRY & MOLECULAR BIOLOGY,BIOCHEMISTRY & MOLECULAR BIOLOGY(JIF Q2/JCI Q2),"COLD SPRING HARBOR LAB PRESS, PUBLICATIONS DEPT",其他,是,SCIE,需核实,请查期刊官网 Author / Open Access 页面,未知,,https://www.google.com/search?q=RNA+aims+scope+instructions+for+authors+APC
656,3-Q2,2,Neurology-Clinical Practice,NEUROL-CLIN PRACT,2163-0402,2163-0933,3.7,3.4,Q2,85/296,Q2,Q2,0.88,71.5,127.0,2829.0,CLINICAL NEUROLOGY,CLINICAL NEUROLOGY(JIF Q2/JCI Q2),LIPPINCOTT WILLIAMS & WILKINS,Wolters Kluwer/LWW,否,ESCI,混合为主,"订阅路线通常无APC；OA常见 USD 2,000-4,000；MEDICINE已拉黑",中,https://wkauthorservices.editage.com/open-access/,https://www.google.com/search?q=Neurology-Clinical+Practice+aims+scope+instructions+for+authors+APC
657,3-Q2,2,CLINICAL TOXICOLOGY,CLIN TOXICOL,1556-3650,1556-9519,3.6,3.2,Q2,35/106,Q2,Q2,0.78,67.5,127.0,5127.0,TOXICOLOGY,TOXICOLOGY(JIF Q2/JCI Q2),TAYLOR & FRANCIS LTD,Taylor & Francis,是,SCIE,混合为主,"订阅路线通常无APC；Open Select常见 USD 2,500-3,500",中,https://authorservices.taylorandfrancis.com/publishing-open-access/,https://www.google.com/search?q=CLINICAL+TOXICOLOGY+aims+scope+instructions+for+authors+APC
658,3-Q2,2,STRESS AND HEALTH,STRESS HEALTH,1532-3005,1532-2998,2.9,3.8,Q2,30/93,Q2,Q2,0.89,59.6,127.0,5030.0,PSYCHIATRY,PSYCHIATRY(JIF Q2/JCI Q2),WILEY,Wiley,是,"SCIE, SSCI; SCIE; SSCI",混合为主,"订阅路线通常无APC；OnlineOpen常见 USD 3,200-4,700",中,https://authorservices.wiley.com/author-resources/Journal-Authors/open-access/article-publication-charges.html,https://www.google.com/search?q=STRESS+AND+HEALTH+aims+scope+instructions+for+authors+APC
659,3-Q2,2,Critical Care Explorations,CRIT CARE EXPLOR,,2639-8028,2.9,,Q2,28/66,Q2,Q2,0.63,58.3,127.0,3082.0,CRITICAL CARE MEDICINE,CRITICAL CARE MEDICINE(JIF Q2/JCI Q2),LIPPINCOTT WILLIAMS & WILKINS,Wolters Kluwer/LWW,否,ESCI,混合为主,"订阅路线通常无APC；OA常见 USD 2,000-4,000；MEDICINE已拉黑",中,https://wkauthorservices.editage.com/open-access/,https://www.google.com/search?q=Critical+Care+Explorations+aims+scope+instructions+for+authors+APC
660,3-Q2,2,HEALTHCARE MANAGEMENT FORUM,HEALTHC MANAG FORUM,0840-4704,2352-3883,2.4,,Q2,56/125,Q2,Q2,0.82,55.6,127.0,1380.0,HEALTH CARE SCIENCES & SERVICES; HEALTH POLICY & SERVICES,HEALTH CARE SCIENCES & SERVICES(JIF Q2/JCI Q2) | HEALTH POLICY & SERVICES(JIF Q2/JCI Q2),SAGE PUBLICATIONS INC,SAGE,否,ESCI,混合为主,"订阅路线通常无APC；SAGE Choice常见 USD 2,000-4,000",中,https://us.sagepub.com/en-us/nam/sage-choice,https://www.google.com/search?q=HEALTHCARE+MANAGEMENT+FORUM+aims+scope+instructions+for+authors+APC
661,3-Q2,2,AMERICAN JOURNAL OF CLINICAL PATHOLOGY,AM J CLIN PATHOL,0002-9173,1943-7722,2.3,2.3,Q2,41/89,Q2,Q2,0.76,54.5,127.0,10409.0,PATHOLOGY,PATHOLOGY(JIF Q2/JCI Q2),OXFORD UNIV PRESS INC,Oxford UP,是,SCIE,混合为主,订阅路线通常无APC；可选OA，费用因刊而异,中,https://academic.oup.com/pages/open-research/open-access,https://www.google.com/search?q=AMERICAN+JOURNAL+OF+CLINICAL+PATHOLOGY+aims+scope+instructions+for+authors+APC
662,3-Q2,2,Journal of Asthma and Allergy,J ASTHMA ALLERGY,1178-6965,1178-6965,3.3,3.7,Q2,39/107,Q2,Q2,0.74,64.0,126.0,2868.0,ALLERGY; IMMUNOLOGY; RESPIRATORY SYSTEM,ALLERGY(JIF Q2/JCI Q2) | IMMUNOLOGY(JIF Q3/JCI Q2) | RESPIRATORY SYSTEM(JIF Q2/JCI Q2),DOVE MEDICAL PRESS LTD,其他,是,SCIE,需核实,请查期刊官网 Author / Open Access 页面,未知,,https://www.google.com/search?q=Journal+of+Asthma+and+Allergy+aims+scope+instructions+for+authors+APC
663,3-Q2,2,Journal of Affective Disorders Reports,J AFFECT DISORD REP,,2666-9153,3.0,,Q2,112/293,Q3,Q3,0.6,61.9,126.0,2091.0,PSYCHIATRY,PSYCHIATRY(JIF Q2/JCI Q3),ELSEVIER,Elsevier,否,ESCI,混合为主,"订阅路线通常无APC；Gold OA常见 USD 2,200-4,200",中,https://www.elsevier.com/open-access/agreements,https://www.google.com/search?q=Journal+of+Affective+Disorders+Reports+aims+scope+instructions+for+authors+APC
664,3-Q2,2,PSYCHIATRIC QUARTERLY,PSYCHIAT QUART,0033-2720,1573-6709,2.6,3.3,Q2,139/293,Q2,Q2,0.77,52.7,126.0,2819.0,PSYCHIATRY,PSYCHIATRY(JIF Q2/JCI Q2),SPRINGER,Springer,否,SSCI,混合为主,"订阅路线通常无APC；选OA约 USD 2,790-4,290",中,https://www.springer.com/gp/open-access,https://www.google.com/search?q=PSYCHIATRIC+QUARTERLY+aims+scope+instructions+for+authors+APC
665,3-Q2,2,JOURNAL OF GENERAL VIROLOGY,J GEN VIROL,0022-1317,1465-2099,3.8,3.9,Q2,12/44,Q2,Q2,0.89,73.9,125.0,16940.0,BIOTECHNOLOGY & APPLIED MICROBIOLOGY; VIROLOGY,BIOTECHNOLOGY & APPLIED MICROBIOLOGY(JIF Q2/JCI Q2) | VIROLOGY(JIF Q2/JCI Q2),MICROBIOLOGY SOC,其他,是,SCIE,需核实,请查期刊官网 Author / Open Access 页面,未知,,https://www.google.com/search?q=JOURNAL+OF+GENERAL+VIROLOGY+aims+scope+instructions+for+authors+APC
666,3-Q2,2,Animal Models and Experimental Medicine,ANIM MODEL EXP MED,2096-5451,2576-2095,3.3,4.4,Q2,86/191,Q3,Q3,0.53,55.2,125.0,1776.0,"BIOCHEMISTRY & MOLECULAR BIOLOGY; MEDICINE, RESEARCH & EXPERIMENTAL","BIOCHEMISTRY & MOLECULAR BIOLOGY(JIF Q3/JCI Q3) | MEDICINE, RESEARCH & EXPERIMENTAL(JIF Q2/JCI Q3)",WILEY,Wiley,否,ESCI,混合为主,"订阅路线通常无APC；OnlineOpen常见 USD 3,200-4,700",中,https://authorservices.wiley.com/author-resources/Journal-Authors/open-access/article-publication-charges.html,https://www.google.com/search?q=Animal+Models+and+Experimental+Medicine+aims+scope+instructions+for+authors+APC
667,3-Q2,2,Techniques in Coloproctology,TECH COLOPROCTOL,1123-6337,1128-045X,2.6,3.0,Q2,82/321,Q2,Q2,0.77,74.6,125.0,3913.0,GASTROENTEROLOGY & HEPATOLOGY; SURGERY,GASTROENTEROLOGY & HEPATOLOGY(JIF Q3/JCI Q2) | SURGERY(JIF Q2/JCI Q2),SPRINGER-VERLAG ITALIA SRL,Springer,是,SCIE,混合为主,"订阅路线通常无APC；选OA约 USD 2,790-4,290",中,https://www.springer.com/gp/open-access,https://www.google.com/search?q=Techniques+in+Coloproctology+aims+scope+instructions+for+authors+APC
668,3-Q2,2,CHILD PSYCHIATRY & HUMAN DEVELOPMENT,CHILD PSYCHIAT HUM D,0009-398X,1573-3327,2.5,3.3,Q2,36/95,Q2,Q2,0.84,50.3,125.0,5559.0,PSYCHIATRY,PSYCHIATRY(JIF Q2/JCI Q2),SPRINGER,Springer,否,SSCI,混合为主,"订阅路线通常无APC；选OA约 USD 2,790-4,290",中,https://www.springer.com/gp/open-access,https://www.google.com/search?q=CHILD+PSYCHIATRY+&+HUMAN+DEVELOPMENT+aims+scope+instructions+for+authors+APC
669,3-Q2,2,Palliative & Supportive Care,PALLIAT SUPPORT CARE,1478-9515,1478-9523,2.4,2.8,Q2,56/125,Q2,Q2,0.77,55.6,125.0,3866.0,HEALTH POLICY & SERVICES,HEALTH POLICY & SERVICES(JIF Q2/JCI Q2),CAMBRIDGE UNIV PRESS,Cambridge UP,否,SSCI,混合为主,订阅路线通常无APC；Gold OA因刊而异,中,https://www.cambridge.org/core/open-research/open-access,https://www.google.com/search?q=Palliative+&+Supportive+Care+aims+scope+instructions+for+authors+APC
670,3-Q2,2,COGNITIVE THERAPY AND RESEARCH,COGNITIVE THER RES,0147-5916,1573-2819,2.3,3.1,Q2,75/184,Q2,Q2,0.87,59.5,125.0,7017.0,"PSYCHOLOGY, CLINICAL","PSYCHOLOGY, CLINICAL(JIF Q2/JCI Q2)",SPRINGER/PLENUM PUBLISHERS,Springer,否,SSCI,混合为主,"订阅路线通常无APC；选OA约 USD 2,790-4,290",中,https://www.springer.com/gp/open-access,https://www.google.com/search?q=COGNITIVE+THERAPY+AND+RESEARCH+aims+scope+instructions+for+authors+APC
671,3-Q2,2,JOURNAL OF NURSING EDUCATION,J NURS EDUC,0148-4834,1938-2421,2.3,2.4,Q2,62/194,Q2,Q2,0.85,68.3,125.0,4102.0,NURSING,NURSING(JIF Q2/JCI Q2),SLACK INC,其他,是,"SCIE, SSCI",需核实,请查期刊官网 Author / Open Access 页面,未知,,https://www.google.com/search?q=JOURNAL+OF+NURSING+EDUCATION+aims+scope+instructions+for+authors+APC
672,3-Q2,2,DERMATOLOGIC SURGERY,DERMATOL SURG,1076-0512,1524-4725,2.3,2.7,Q2,105/321,Q2,Q2,0.73,67.4,125.0,10130.0,DERMATOLOGY; SURGERY,DERMATOLOGY(JIF Q2/JCI Q2) | SURGERY(JIF Q2/JCI Q2),LIPPINCOTT WILLIAMS & WILKINS,Wolters Kluwer/LWW,是,SCIE,混合为主,"订阅路线通常无APC；OA常见 USD 2,000-4,000；MEDICINE已拉黑",中,https://wkauthorservices.editage.com/open-access/,https://www.google.com/search?q=DERMATOLOGIC+SURGERY+aims+scope+instructions+for+authors+APC
673,3-Q2,2,JOURNAL OF BIOMATERIALS SCIENCE-POLYMER EDITION,J BIOMAT SCI-POLYM E,0920-5063,1568-5624,3.5,3.5,Q2,44/96,Q2,Q2,0.63,54.2,124.0,5789.0,"ENGINEERING, BIOMEDICAL; MATERIALS SCIENCE, BIOMATERIALS","ENGINEERING, BIOMEDICAL(JIF Q2/JCI Q2) | MATERIALS SCIENCE, BIOMATERIALS(JIF Q3/JCI Q3)",TAYLOR & FRANCIS LTD,Taylor & Francis,是,SCIE,混合为主,"订阅路线通常无APC；Open Select常见 USD 2,500-3,500",中,https://authorservices.taylorandfrancis.com/publishing-open-access/,https://www.google.com/search?q=JOURNAL+OF+BIOMATERIALS+SCIENCE-POLYMER+EDITION+aims+scope+instructions+for+authors+APC
674,3-Q2,2,Journal of Pharmaceutical Policy and Practice,J PHARM POLICY PRACT,,2052-3211,2.6,3.2,Q2,49/125,Q2,Q2,0.74,61.2,124.0,2129.0,HEALTH POLICY & SERVICES; PHARMACOLOGY & PHARMACY,HEALTH POLICY & SERVICES(JIF Q2/JCI Q3) | PHARMACOLOGY & PHARMACY(JIF Q3/JCI Q2),TAYLOR & FRANCIS LTD,Taylor & Francis,否,ESCI,混合为主,"订阅路线通常无APC；Open Select常见 USD 2,500-3,500",中,https://authorservices.taylorandfrancis.com/publishing-open-access/,https://www.google.com/search?q=Journal+of+Pharmaceutical+Policy+and+Practice+aims+scope+instructions+for+authors+APC
675,3-Q2,2,Brazilian Journal of Otorhinolaryngology,BRAZ J OTORHINOLAR,1808-8694,1808-8686,1.8,2.1,Q2,23/67,Q2,Q2,0.99,66.4,124.0,3303.0,OTORHINOLARYNGOLOGY,OTORHINOLARYNGOLOGY(JIF Q2/JCI Q2),ASSOC BRASILEIRA OTORRINOLARINGOLOGIA & CIRURGIA CERVICOFACIAL,其他,是,SCIE,需核实,请查期刊官网 Author / Open Access 页面,未知,,https://www.google.com/search?q=Brazilian+Journal+of+Otorhinolaryngology+aims+scope+instructions+for+authors+APC
676,3-Q2,2,PLANT AND CELL PHYSIOLOGY,PLANT CELL PHYSIOL,0032-0781,1471-9053,4.7,5.1,Q2,46/285,Q2,Q1,0.82,58.7,123.0,21533.0,CELL BIOLOGY,CELL BIOLOGY(JIF Q2/JCI Q2),OXFORD UNIV PRESS,Oxford UP,是,SCIE,混合为主,订阅路线通常无APC；可选OA，费用因刊而异,中,https://academic.oup.com/pages/open-research/open-access,https://www.google.com/search?q=PLANT+AND+CELL+PHYSIOLOGY+aims+scope+instructions+for+authors+APC
677,3-Q2,2,Clinical and Translational Gastroenterology,CLIN TRANSL GASTROEN,,2155-384X,3.6,3.6,Q2,52/153,Q2,Q2,0.77,66.3,123.0,3845.0,GASTROENTEROLOGY & HEPATOLOGY,GASTROENTEROLOGY & HEPATOLOGY(JIF Q2/JCI Q2),LIPPINCOTT WILLIAMS & WILKINS,Wolters Kluwer/LWW,是,SCIE,混合为主,"订阅路线通常无APC；OA常见 USD 2,000-4,000；MEDICINE已拉黑",中,https://wkauthorservices.editage.com/open-access/,https://www.google.com/search?q=Clinical+and+Translational+Gastroenterology+aims+scope+instructions+for+authors+APC
678,3-Q2,2,Pancreatology,PANCREATOLOGY,1424-3903,1424-3911,3.9,3.8,Q2,44/153,Q2,Q2,0.84,71.6,122.0,6970.0,GASTROENTEROLOGY & HEPATOLOGY,GASTROENTEROLOGY & HEPATOLOGY(JIF Q2/JCI Q2),ELSEVIER,Elsevier,是,SCIE,混合为主,"订阅路线通常无APC；Gold OA常见 USD 2,200-4,200",中,https://www.elsevier.com/open-access/agreements,https://www.google.com/search?q=Pancreatology+aims+scope+instructions+for+authors+APC
679,3-Q2,2,Global Public Health,GLOB PUBLIC HEALTH,1744-1692,1744-1706,2.6,3.0,Q2,173/443,Q2,Q2,0.66,61.1,122.0,4104.0,"PUBLIC, ENVIRONMENTAL & OCCUPATIONAL HEALTH","PUBLIC, ENVIRONMENTAL & OCCUPATIONAL HEALTH(JIF Q2/JCI Q2)","ROUTLEDGE JOURNALS, TAYLOR & FRANCIS LTD",Taylor & Francis,否,SSCI,混合为主,"订阅路线通常无APC；Open Select常见 USD 2,500-3,500",中,https://authorservices.taylorandfrancis.com/publishing-open-access/,https://www.google.com/search?q=Global+Public+Health+aims+scope+instructions+for+authors+APC
680,3-Q2,2,International Journal of Cardiology Cardiovascular Risk and Prevention,INT J CARDIOL CARDIO,2772-4875,2772-4875,3.0,2.8,Q2,42/100,Q3,Q3,0.57,58.5,121.0,755.0,PERIPHERAL VASCULAR DISEASE,PERIPHERAL VASCULAR DISEASE(JIF Q2/JCI Q3),ELSEVIER,Elsevier,否,ESCI,混合为主,"订阅路线通常无APC；Gold OA常见 USD 2,200-4,200",中,https://www.elsevier.com/open-access/agreements,https://www.google.com/search?q=International+Journal+of+Cardiology+Cardiovascular+Risk+and+Prevention+aims+scope+instructions+for+authors+APC
681,3-Q2,2,ACR Open Rheumatology,ACR OPEN RHEUMATOL,,2578-5745,2.9,3.0,Q2,25/58,Q2,Q2,0.78,57.8,121.0,1734.0,RHEUMATOLOGY,RHEUMATOLOGY(JIF Q2/JCI Q2),WILEY,Wiley,否,ESCI,混合为主,"订阅路线通常无APC；OnlineOpen常见 USD 3,200-4,700",中,https://authorservices.wiley.com/author-resources/Journal-Authors/open-access/article-publication-charges.html,https://www.google.com/search?q=ACR+Open+Rheumatology+aims+scope+instructions+for+authors+APC
682,3-Q2,2,Journal of the American Board of Family Medicine,J AM BOARD FAM MED,1557-2625,1558-7118,2.3,2.5,Q2,99/336,Q1,Q1,1.28,70.7,121.0,4507.0,"MEDICINE, GENERAL & INTERNAL; PRIMARY HEALTH CARE","MEDICINE, GENERAL & INTERNAL(JIF Q2/JCI Q1) | PRIMARY HEALTH CARE(JIF Q2/JCI Q2)",AMER BOARD FAMILY MEDICINE,其他,是,SCIE,需核实,请查期刊官网 Author / Open Access 页面,未知,,https://www.google.com/search?q=Journal+of+the+American+Board+of+Family+Medicine+aims+scope+instructions+for+authors+APC
683,3-Q2,2,NEOPLASIA,NEOPLASIA,1476-5586,1476-5586,4.8,6.3,Q2,92/333,Q1,Q1,1.41,72.5,120.0,8557.0,ONCOLOGY,ONCOLOGY(JIF Q2/JCI Q1),ELSEVIER SCIENCE INC,Elsevier,是,SCIE,混合为主,"订阅路线通常无APC；Gold OA常见 USD 2,200-4,200",中,https://www.elsevier.com/open-access/agreements,https://www.google.com/search?q=NEOPLASIA+aims+scope+instructions+for+authors+APC
684,3-Q2,2,JOURNAL OF CLINICAL PSYCHOLOGY,J CLIN PSYCHOL,0021-9762,1097-4679,2.7,3.3,Q2,60/184,Q2,Q2,0.97,67.7,120.0,12574.0,"PSYCHOLOGY, CLINICAL","PSYCHOLOGY, CLINICAL(JIF Q2/JCI Q2)",WILEY,Wiley,否,SSCI,混合为主,"订阅路线通常无APC；OnlineOpen常见 USD 3,200-4,700",中,https://authorservices.wiley.com/author-resources/Journal-Authors/open-access/article-publication-charges.html,https://www.google.com/search?q=JOURNAL+OF+CLINICAL+PSYCHOLOGY+aims+scope+instructions+for+authors+APC
685,3-Q2,2,DISABILITY & SOCIETY,DISABIL SOC,0968-7599,1360-0508,2.3,3.4,Q2,52/275,Q2,Q1,0.96,74.0,120.0,6371.0,REHABILITATION,REHABILITATION(JIF Q2/JCI Q2),"ROUTLEDGE JOURNALS, TAYLOR & FRANCIS LTD",Taylor & Francis,否,SSCI,混合为主,"订阅路线通常无APC；Open Select常见 USD 2,500-3,500",中,https://authorservices.taylorandfrancis.com/publishing-open-access/,https://www.google.com/search?q=DISABILITY+&+SOCIETY+aims+scope+instructions+for+authors+APC
686,3-Q2,2,International Journal of Bioprinting,INT J BIOPRINTING,2424-7723,2424-8002,5.0,5.9,Q2,39/130,Q2,Q2,0.83,70.4,119.0,3565.0,"ENGINEERING, BIOMEDICAL; MATERIALS SCIENCE, BIOMATERIALS","ENGINEERING, BIOMEDICAL(JIF Q2/JCI Q2) | MATERIALS SCIENCE, BIOMATERIALS(JIF Q2/JCI Q2)",Accscience Publishing,其他,是,SCIE,需核实,请查期刊官网 Author / Open Access 页面,未知,,https://www.google.com/search?q=International+Journal+of+Bioprinting+aims+scope+instructions+for+authors+APC
687,3-Q2,2,VIRUS RESEARCH,VIRUS RES,0168-1702,1872-7492,3.4,3.2,Q2,19/44,Q2,Q2,0.81,58.0,119.0,12474.0,VIROLOGY,VIROLOGY(JIF Q2/JCI Q2),ELSEVIER,Elsevier,是,SCIE,混合为主,"订阅路线通常无APC；Gold OA常见 USD 2,200-4,200",中,https://www.elsevier.com/open-access/agreements,https://www.google.com/search?q=VIRUS+RESEARCH+aims+scope+instructions+for+authors+APC
688,3-Q2,2,Journal of Attention Disorders,J ATTEN DISORD,1087-0547,1557-1246,3.2,3.6,Q2,22/95,Q2,Q2,0.8,65.0,119.0,6472.0,PSYCHIATRY,PSYCHIATRY(JIF Q2/JCI Q2),SAGE PUBLICATIONS INC,SAGE,是,"SCIE, SSCI; SSCI",混合为主,"订阅路线通常无APC；SAGE Choice常见 USD 2,000-4,000",中,https://us.sagepub.com/en-us/nam/sage-choice,https://www.google.com/search?q=Journal+of+Attention+Disorders+aims+scope+instructions+for+authors+APC
689,3-Q2,2,Actas Dermo-Sifiliograficas,ACTAS DERMO-SIFILOGR,0001-7310,1578-2190,2.9,3.6,Q2,34/99,Q3,Q3,0.51,66.2,119.0,2977.0,DERMATOLOGY,DERMATOLOGY(JIF Q2/JCI Q3),ELSEVIER ESPANA,Elsevier,否,ESCI,混合为主,"订阅路线通常无APC；Gold OA常见 USD 2,200-4,200",中,https://www.elsevier.com/open-access/agreements,https://www.google.com/search?q=Actas+Dermo-Sifiliograficas+aims+scope+instructions+for+authors+APC
690,3-Q2,2,Current Opinion in Anesthesiology,CURR OPIN ANESTHESIO,0952-7907,1473-6500,2.8,2.9,Q2,25/72,Q2,Q2,0.84,66.0,119.0,4079.0,ANESTHESIOLOGY,ANESTHESIOLOGY(JIF Q2/JCI Q2),LIPPINCOTT WILLIAMS & WILKINS,Wolters Kluwer/LWW,是,SCIE,混合为主,"订阅路线通常无APC；OA常见 USD 2,000-4,000；MEDICINE已拉黑",中,https://wkauthorservices.editage.com/open-access/,https://www.google.com/search?q=Current+Opinion+in+Anesthesiology+aims+scope+instructions+for+authors+APC
691,3-Q2,2,Epidemiology & Infection,EPIDEMIOL INFECT,0950-2688,1469-4409,2.5,2.4,Q2,186/443,Q2,Q2,0.7,58.1,119.0,10149.0,"INFECTIOUS DISEASES; PUBLIC, ENVIRONMENTAL & OCCUPATIONAL HEALTH","INFECTIOUS DISEASES(JIF Q3/JCI Q2) | PUBLIC, ENVIRONMENTAL & OCCUPATIONAL HEALTH(JIF Q2/JCI Q2)",CAMBRIDGE UNIV PRESS,Cambridge UP,是,SCIE,混合为主,订阅路线通常无APC；Gold OA因刊而异,中,https://www.cambridge.org/core/open-research/open-access,https://www.google.com/search?q=Epidemiology+&+Infection+aims+scope+instructions+for+authors+APC
692,3-Q2,2,Journal of Oral Biosciences,J ORAL BIOSCI,1349-0079,1880-3865,2.2,2.6,Q2,73/165,Q2,Q2,0.9,56.1,119.0,1147.0,"DENTISTRY, ORAL SURGERY & MEDICINE","DENTISTRY, ORAL SURGERY & MEDICINE(JIF Q2/JCI Q2)",ELSEVIER,Elsevier,否,ESCI,混合为主,"订阅路线通常无APC；Gold OA常见 USD 2,200-4,200",中,https://www.elsevier.com/open-access/agreements,https://www.google.com/search?q=Journal+of+Oral+Biosciences+aims+scope+instructions+for+authors+APC
693,3-Q2,2,European Heart Journal Open,EUR HEART J OPEN,,2752-4191,4.3,4.4,Q2,60/237,Q2,Q2,0.86,74.9,118.0,1377.0,CARDIAC & CARDIOVASCULAR SYSTEMS,CARDIAC & CARDIOVASCULAR SYSTEMS(JIF Q2/JCI Q2),OXFORD UNIV PRESS,Oxford UP,否,ESCI,混合为主,订阅路线通常无APC；可选OA，费用因刊而异,中,https://academic.oup.com/pages/open-research/open-access,https://www.google.com/search?q=European+Heart+Journal+Open+aims+scope+instructions+for+authors+APC
694,3-Q2,2,NEUROMODULATION,NEUROMODULATION,1094-7159,1525-1403,3.7,3.6,Q2,85/296,Q1,Q1,1.03,71.5,118.0,5613.0,"CLINICAL NEUROLOGY; MEDICINE, RESEARCH & EXPERIMENTAL; NEUROSCIENCES","CLINICAL NEUROLOGY(JIF Q2/JCI Q1) | MEDICINE, RESEARCH & EXPERIMENTAL(JIF Q2/JCI Q1) | NEUROSCIENCES(JIF Q2/JCI Q2)",ELSEVIER,Elsevier,是,SCIE,混合为主,"订阅路线通常无APC；Gold OA常见 USD 2,200-4,200",中,https://www.elsevier.com/open-access/agreements,https://www.google.com/search?q=NEUROMODULATION+aims+scope+instructions+for+authors+APC
695,3-Q2,2,Journal of Integrative Neuroscience,J INTEGR NEUROSCI,0219-6352,1757-448X,3.3,3.0,Q2,156/330,Q3,Q3,0.64,52.9,118.0,2627.0,NEUROSCIENCES,NEUROSCIENCES(JIF Q2/JCI Q3),IMR PRESS,其他,是,SCIE,需核实,请查期刊官网 Author / Open Access 页面,未知,,https://www.google.com/search?q=Journal+of+Integrative+Neuroscience+aims+scope+instructions+for+authors+APC
696,3-Q2,2,AMERICAN JOURNAL OF MANAGED CARE,AM J MANAG CARE,1088-0224,,2.1,2.7,Q2,107/336,Q2,Q2,0.65,68.3,118.0,5205.0,"HEALTH CARE SCIENCES & SERVICES; HEALTH POLICY & SERVICES; MEDICINE, GENERAL & INTERNAL","HEALTH CARE SCIENCES & SERVICES(JIF Q3/JCI Q3) | HEALTH POLICY & SERVICES(JIF Q3/JCI Q3) | MEDICINE, GENERAL & INTERNAL(JIF Q2/JCI Q2)",MANAGED CARE & HEALTHCARE COMMUNICATIONS LLC,其他,是,SCIE; SSCI,需核实,请查期刊官网 Author / Open Access 页面,未知,,https://www.google.com/search?q=AMERICAN+JOURNAL+OF+MANAGED+CARE+aims+scope+instructions+for+authors+APC
697,3-Q2,2,AURIS NASUS LARYNX,AURIS NASUS LARYNX,0385-8146,1879-1476,1.8,1.7,Q2,23/67,Q2,Q2,1.04,66.4,118.0,3604.0,OTORHINOLARYNGOLOGY,OTORHINOLARYNGOLOGY(JIF Q2/JCI Q2),ELSEVIER SCI LTD,Elsevier,是,SCIE,混合为主,"订阅路线通常无APC；Gold OA常见 USD 2,200-4,200",中,https://www.elsevier.com/open-access/agreements,https://www.google.com/search?q=AURIS+NASUS+LARYNX+aims+scope+instructions+for+authors+APC
698,3-Q2,2,CALCIFIED TISSUE INTERNATIONAL,CALCIFIED TISSUE INT,0171-967X,1432-0827,3.5,4.3,Q2,87/198,Q3,Q3,0.69,56.3,117.0,8664.0,ENDOCRINOLOGY & METABOLISM,ENDOCRINOLOGY & METABOLISM(JIF Q2/JCI Q3),SPRINGER,Springer,是,SCIE,混合为主,"订阅路线通常无APC；选OA约 USD 2,790-4,290",中,https://www.springer.com/gp/open-access,https://www.google.com/search?q=CALCIFIED+TISSUE+INTERNATIONAL+aims+scope+instructions+for+authors+APC
699,3-Q2,2,Journal of Managed Care & Specialty Pharmacy,J MANAG CARE SPEC PH,2376-0540,2376-1032,3.3,3.2,Q2,63/194,Q2,Q2,0.86,67.8,117.0,3917.0,HEALTH CARE SCIENCES & SERVICES; PHARMACOLOGY & PHARMACY,HEALTH CARE SCIENCES & SERVICES(JIF Q2/JCI Q2) | PHARMACOLOGY & PHARMACY(JIF Q2/JCI Q2),ACAD MANAGED CARE PHARMACY,其他,是,SCIE,需核实,请查期刊官网 Author / Open Access 页面,未知,,https://www.google.com/search?q=Journal+of+Managed+Care+&+Specialty+Pharmacy+aims+scope+instructions+for+authors+APC
700,3-Q2,2,Indian Journal of Anaesthesia,INDIAN J ANAESTH,0019-5049,0976-2817,2.2,2.0,Q2,34/72,Q2,Q2,0.77,53.5,117.0,3690.0,ANESTHESIOLOGY,ANESTHESIOLOGY(JIF Q2/JCI Q2),WOLTERS KLUWER MEDKNOW PUBLICATIONS,Wolters Kluwer/LWW,否,ESCI,混合为主,"订阅路线通常无APC；OA常见 USD 2,000-4,000；MEDICINE已拉黑",中,https://wkauthorservices.editage.com/open-access/,https://www.google.com/search?q=Indian+Journal+of+Anaesthesia+aims+scope+instructions+for+authors+APC
701,3-Q2,2,IMMUNOLOGY,IMMUNOLOGY,0019-2805,1365-2567,5.4,6.0,Q2,47/183,Q2,Q2,0.86,74.6,116.0,13435.0,IMMUNOLOGY,IMMUNOLOGY(JIF Q2/JCI Q2),WILEY,Wiley,是,SCIE,混合为主,"订阅路线通常无APC；OnlineOpen常见 USD 3,200-4,700",中,https://authorservices.wiley.com/author-resources/Journal-Authors/open-access/article-publication-charges.html,https://www.google.com/search?q=IMMUNOLOGY+aims+scope+instructions+for+authors+APC
702,3-Q2,2,JOURNAL OF MATERIALS SCIENCE-MATERIALS IN MEDICINE,J MATER SCI-MATER M,0957-4530,1573-4838,4.7,4.8,Q2,43/130,Q2,Q2,0.76,67.3,116.0,10633.0,"ENGINEERING, BIOMEDICAL; MATERIALS SCIENCE, BIOMATERIALS","ENGINEERING, BIOMEDICAL(JIF Q2/JCI Q2) | MATERIALS SCIENCE, BIOMATERIALS(JIF Q2/JCI Q2)",SPRINGER,Springer,是,SCIE,混合为主,"订阅路线通常无APC；选OA约 USD 2,790-4,290",中,https://www.springer.com/gp/open-access,https://www.google.com/search?q=JOURNAL+OF+MATERIALS+SCIENCE-MATERIALS+IN+MEDICINE+aims+scope+instructions+for+authors+APC
703,3-Q2,2,Social Cognitive and Affective Neuroscience,SOC COGN AFFECT NEUR,1749-5016,1749-5024,3.6,4.5,Q2,15/104,Q1,Q1,1.1,60.2,116.0,9294.0,NEUROSCIENCES,NEUROSCIENCES(JIF Q2/JCI Q1),OXFORD UNIV PRESS,Oxford UP,是,SCIE; SSCI,混合为主,订阅路线通常无APC；可选OA，费用因刊而异,中,https://academic.oup.com/pages/open-research/open-access,https://www.google.com/search?q=Social+Cognitive+and+Affective+Neuroscience+aims+scope+instructions+for+authors+APC
704,3-Q2,2,Orthodontics & Craniofacial Research,ORTHOD CRANIOFAC RES,1601-6335,1601-6343,2.7,3.1,Q2,52/165,Q2,Q2,0.91,68.8,116.0,2912.0,"DENTISTRY, ORAL SURGERY & MEDICINE","DENTISTRY, ORAL SURGERY & MEDICINE(JIF Q2/JCI Q2)",WILEY,Wiley,是,SCIE,混合为主,"订阅路线通常无APC；OnlineOpen常见 USD 3,200-4,700",中,https://authorservices.wiley.com/author-resources/Journal-Authors/open-access/article-publication-charges.html,https://www.google.com/search?q=Orthodontics+&+Craniofacial+Research+aims+scope+instructions+for+authors+APC
705,3-Q2,2,EUROPEAN JOURNAL OF HAEMATOLOGY,EUR J HAEMATOL,0902-4441,1600-0609,2.6,2.8,Q2,50/103,Q2,Q2,0.55,51.9,116.0,5664.0,HEMATOLOGY,HEMATOLOGY(JIF Q2/JCI Q2),WILEY,Wiley,是,SCIE,混合为主,"订阅路线通常无APC；OnlineOpen常见 USD 3,200-4,700",中,https://authorservices.wiley.com/author-resources/Journal-Authors/open-access/article-publication-charges.html,https://www.google.com/search?q=EUROPEAN+JOURNAL+OF+HAEMATOLOGY+aims+scope+instructions+for+authors+APC
706,3-Q2,2,Applied Physiology Nutrition and Metabolism,APPL PHYSIOL NUTR ME,1715-5312,1715-5320,2.4,3.5,Q2,53/136,Q2,Q2,0.75,61.4,116.0,8277.0,NUTRITION & DIETETICS; SPORT SCIENCES,NUTRITION & DIETETICS(JIF Q3/JCI Q2) | SPORT SCIENCES(JIF Q2/JCI Q2),CANADIAN SCIENCE PUBLISHING,其他,是,SCIE,需核实,请查期刊官网 Author / Open Access 页面,未知,,https://www.google.com/search?q=Applied+Physiology+Nutrition+and+Metabolism+aims+scope+instructions+for+authors+APC
707,3-Q2,2,CIN-COMPUTERS INFORMATICS NURSING,CIN-COMPUT INFORM NU,1538-2931,1538-9774,2.3,2.2,Q2,62/194,Q3,Q3,0.54,68.3,116.0,2239.0,MEDICAL INFORMATICS; NURSING,MEDICAL INFORMATICS(JIF Q4/JCI Q4) | NURSING(JIF Q2/JCI Q3),LIPPINCOTT WILLIAMS & WILKINS,Wolters Kluwer/LWW,是,"SCIE; SCIE, SSCI",混合为主,"订阅路线通常无APC；OA常见 USD 2,000-4,000；MEDICINE已拉黑",中,https://wkauthorservices.editage.com/open-access/,https://www.google.com/search?q=CIN-COMPUTERS+INFORMATICS+NURSING+aims+scope+instructions+for+authors+APC
708,3-Q2,2,CLINICAL IMMUNOLOGY,CLIN IMMUNOL,1521-6616,1521-7035,4.1,4.2,Q2,70/183,Q2,Q2,0.8,62.0,115.0,10560.0,IMMUNOLOGY,IMMUNOLOGY(JIF Q2/JCI Q2),ACADEMIC PRESS INC ELSEVIER SCIENCE,Elsevier,是,SCIE,混合为主,"订阅路线通常无APC；Gold OA常见 USD 2,200-4,200",中,https://www.elsevier.com/open-access/agreements,https://www.google.com/search?q=CLINICAL+IMMUNOLOGY+aims+scope+instructions+for+authors+APC
709,3-Q2,2,JOURNAL OF RECONSTRUCTIVE MICROSURGERY,J RECONSTR MICROSURG,0743-684X,1098-8947,2.3,2.3,Q2,105/321,Q1,Q1,1.01,67.4,115.0,3394.0,SURGERY,SURGERY(JIF Q2/JCI Q1),THIEME MEDICAL PUBL INC,Thieme,是,SCIE,混合为主,订阅路线通常无APC；OA另计,中低,https://www.thieme.com/en-us/open-access,https://www.google.com/search?q=JOURNAL+OF+RECONSTRUCTIVE+MICROSURGERY+aims+scope+instructions+for+authors+APC
710,3-Q2,2,Public Health in Practice,PUBLIC HEALTH PRACT,2666-5352,2666-5352,2.2,2.5,Q2,218/443,Q3,Q3,0.59,50.9,115.0,1154.0,"PUBLIC, ENVIRONMENTAL & OCCUPATIONAL HEALTH","PUBLIC, ENVIRONMENTAL & OCCUPATIONAL HEALTH(JIF Q2/JCI Q3)",ELSEVIER,Elsevier,否,ESCI,混合为主,"订阅路线通常无APC；Gold OA常见 USD 2,200-4,200",中,https://www.elsevier.com/open-access/agreements,https://www.google.com/search?q=Public+Health+in+Practice+aims+scope+instructions+for+authors+APC
711,3-Q2,2,COGNITIVE AFFECTIVE & BEHAVIORAL NEUROSCIENCE,COGN AFFECT BEHAV NE,1530-7026,1531-135X,3.6,3.8,Q2,8/57,Q2,Q1,0.98,60.2,114.0,5640.0,NEUROSCIENCES,NEUROSCIENCES(JIF Q2/JCI Q2),SPRINGER,Springer,是,SCIE,混合为主,"订阅路线通常无APC；选OA约 USD 2,790-4,290",中,https://www.springer.com/gp/open-access,https://www.google.com/search?q=COGNITIVE+AFFECTIVE+&+BEHAVIORAL+NEUROSCIENCE+aims+scope+instructions+for+authors+APC
712,3-Q2,2,EXPERIMENTAL DERMATOLOGY,EXP DERMATOL,0906-6705,1600-0625,3.4,4.4,Q2,25/99,Q1,Q1,1.17,75.3,114.0,11176.0,DERMATOLOGY,DERMATOLOGY(JIF Q2/JCI Q1),WILEY,Wiley,是,SCIE,混合为主,"订阅路线通常无APC；OnlineOpen常见 USD 3,200-4,700",中,https://authorservices.wiley.com/author-resources/Journal-Authors/open-access/article-publication-charges.html,https://www.google.com/search?q=EXPERIMENTAL+DERMATOLOGY+aims+scope+instructions+for+authors+APC
713,3-Q2,2,JOURNAL OF ORAL PATHOLOGY & MEDICINE,J ORAL PATHOL MED,0904-2512,1600-0714,2.3,2.6,Q2,67/165,Q2,Q2,0.84,59.7,114.0,5461.0,"DENTISTRY, ORAL SURGERY & MEDICINE; PATHOLOGY","DENTISTRY, ORAL SURGERY & MEDICINE(JIF Q2/JCI Q2) | PATHOLOGY(JIF Q2/JCI Q2)",WILEY,Wiley,是,SCIE,混合为主,"订阅路线通常无APC；OnlineOpen常见 USD 3,200-4,700",中,https://authorservices.wiley.com/author-resources/Journal-Authors/open-access/article-publication-charges.html,https://www.google.com/search?q=JOURNAL+OF+ORAL+PATHOLOGY+&+MEDICINE+aims+scope+instructions+for+authors+APC
714,3-Q2,2,INTERNATIONAL JOURNAL OF RADIATION BIOLOGY,INT J RADIAT BIOL,0955-3002,1362-3095,2.0,2.2,Q2,15/42,Q2,Q2,0.7,54.2,114.0,5536.0,"BIOLOGY; RADIOLOGY, NUCLEAR MEDICINE & MEDICAL IMAGING","BIOLOGY(JIF Q2/JCI Q2) | RADIOLOGY, NUCLEAR MEDICINE & MEDICAL IMAGING(JIF Q3/JCI Q2)",TAYLOR & FRANCIS LTD,Taylor & Francis,是,SCIE,混合为主,"订阅路线通常无APC；Open Select常见 USD 2,500-3,500",中,https://authorservices.taylorandfrancis.com/publishing-open-access/,https://www.google.com/search?q=INTERNATIONAL+JOURNAL+OF+RADIATION+BIOLOGY+aims+scope+instructions+for+authors+APC
715,3-Q2,2,JOURNAL OF KING SAUD UNIVERSITY SCIENCE,J KING SAUD UNIV SCI,1018-3647,2213-686X,3.3,3.7,Q2,38/140,Q1,Q1,0.81,73.2,113.0,11046.0,MULTIDISCIPLINARY SCIENCES,MULTIDISCIPLINARY SCIENCES(JIF Q2/JCI Q1),SCIENTIFIC SCHOLAR LLC,其他,是,SCIE,需核实,请查期刊官网 Author / Open Access 页面,未知,,https://www.google.com/search?q=JOURNAL+OF+KING+SAUD+UNIVERSITY+SCIENCE+aims+scope+instructions+for+authors+APC
716,3-Q2,2,Clinics in Orthopedic Surgery,CLIN ORTHOP SURG,2005-291X,2005-4408,2.5,2.6,Q2,47/147,Q1,Q1,1.02,68.4,113.0,2575.0,ORTHOPEDICS,ORTHOPEDICS(JIF Q2/JCI Q1),KOREAN ORTHOPAEDIC ASSOC,其他,是,SCIE,需核实,请查期刊官网 Author / Open Access 页面,未知,,https://www.google.com/search?q=Clinics+in+Orthopedic+Surgery+aims+scope+instructions+for+authors+APC
717,3-Q2,2,ARCHIVES OF CLINICAL NEUROPSYCHOLOGY,ARCH CLIN NEUROPSYCH,0887-6177,1873-5843,2.5,2.8,Q2,71/184,Q2,Q2,0.75,61.7,113.0,6313.0,"PSYCHOLOGY, CLINICAL","PSYCHOLOGY, CLINICAL(JIF Q2/JCI Q2)",OXFORD UNIV PRESS,Oxford UP,是,SCIE; SSCI,混合为主,订阅路线通常无APC；可选OA，费用因刊而异,中,https://academic.oup.com/pages/open-research/open-access,https://www.google.com/search?q=ARCHIVES+OF+CLINICAL+NEUROPSYCHOLOGY+aims+scope+instructions+for+authors+APC
718,3-Q2,2,OTO Open,OTO OPEN,,2473-974X,1.6,1.7,Q2,29/67,Q2,Q2,0.85,57.5,113.0,886.0,OTORHINOLARYNGOLOGY,OTORHINOLARYNGOLOGY(JIF Q2/JCI Q2),WILEY,Wiley,否,ESCI,混合为主,"订阅路线通常无APC；OnlineOpen常见 USD 3,200-4,700",中,https://authorservices.wiley.com/author-resources/Journal-Authors/open-access/article-publication-charges.html,https://www.google.com/search?q=OTO+Open+aims+scope+instructions+for+authors+APC
719,3-Q2,2,NEUROTOXICOLOGY,NEUROTOXICOLOGY,0161-813X,1872-9711,3.8,4.3,Q2,32/106,Q1,Q1,0.98,70.3,112.0,8095.0,NEUROSCIENCES; PHARMACOLOGY & PHARMACY; TOXICOLOGY,NEUROSCIENCES(JIF Q2/JCI Q2) | PHARMACOLOGY & PHARMACY(JIF Q2/JCI Q1) | TOXICOLOGY(JIF Q2/JCI Q1),ELSEVIER,Elsevier,是,SCIE,混合为主,"订阅路线通常无APC；Gold OA常见 USD 2,200-4,200",中,https://www.elsevier.com/open-access/agreements,https://www.google.com/search?q=NEUROTOXICOLOGY+aims+scope+instructions+for+authors+APC
720,3-Q2,2,JTO Clinical and Research Reports,JTO CLIN RES REP,,2666-3643,3.6,3.7,Q2,31/107,Q2,Q2,0.91,71.5,112.0,2083.0,ONCOLOGY; RESPIRATORY SYSTEM,ONCOLOGY(JIF Q2/JCI Q2) | RESPIRATORY SYSTEM(JIF Q2/JCI Q2),ELSEVIER,Elsevier,否,ESCI,混合为主,"订阅路线通常无APC；Gold OA常见 USD 2,200-4,200",中,https://www.elsevier.com/open-access/agreements,https://www.google.com/search?q=JTO+Clinical+and+Research+Reports+aims+scope+instructions+for+authors+APC
721,3-Q2,2,Infectious Disease Modelling,INFECT DIS MODEL,2468-2152,2468-0427,3.1,3.4,Q2,18/67,Q1,Q1,0.92,73.9,112.0,1860.0,INFECTIOUS DISEASES; MATHEMATICAL & COMPUTATIONAL BIOLOGY,INFECTIOUS DISEASES(JIF Q2/JCI Q2) | MATHEMATICAL & COMPUTATIONAL BIOLOGY(JIF Q2/JCI Q1),KEAI PUBLISHING LTD,其他,否,ESCI,需核实,请查期刊官网 Author / Open Access 页面,未知,,https://www.google.com/search?q=Infectious+Disease+Modelling+aims+scope+instructions+for+authors+APC
722,3-Q2,2,EUROPEAN HEART JOURNAL SUPPLEMENTS,EUR HEART J SUPPL,1520-765X,1554-2815,2.7,2.1,Q2,104/237,Q2,Q2,0.58,56.3,112.0,1783.0,CARDIAC & CARDIOVASCULAR SYSTEMS,CARDIAC & CARDIOVASCULAR SYSTEMS(JIF Q2/JCI Q2),OXFORD UNIV PRESS,Oxford UP,是,SCIE,混合为主,订阅路线通常无APC；可选OA，费用因刊而异,中,https://academic.oup.com/pages/open-research/open-access,https://www.google.com/search?q=EUROPEAN+HEART+JOURNAL+SUPPLEMENTS+aims+scope+instructions+for+authors+APC
723,3-Q2,2,MICROBIOLOGY-SGM,MICROBIOL-SGM,1350-0872,1465-2080,4.3,4.2,Q2,57/167,Q3,Q3,0.68,66.2,111.0,15492.0,MICROBIOLOGY,MICROBIOLOGY(JIF Q2/JCI Q3),MICROBIOLOGY SOC,其他,是,SCIE,需核实,请查期刊官网 Author / Open Access 页面,未知,,https://www.google.com/search?q=MICROBIOLOGY-SGM+aims+scope+instructions+for+authors+APC
724,3-Q2,2,AMERICAN JOURNAL OF PHYSIOLOGY-LUNG CELLULAR AND MOLECULAR PHYSIOLOGY,AM J PHYSIOL-LUNG C,1040-0605,1522-1504,3.8,4.2,Q2,20/89,Q1,Q1,1.18,74.3,111.0,13588.0,RESPIRATORY SYSTEM,RESPIRATORY SYSTEM(JIF Q2/JCI Q1),AMER PHYSIOLOGICAL SOC,其他,是,SCIE,需核实,请查期刊官网 Author / Open Access 页面,未知,,https://www.google.com/search?q=AMERICAN+JOURNAL+OF+PHYSIOLOGY-LUNG+CELLULAR+AND+MOLECULAR+PHYSIOLOGY+aims+scope+instructions+for+authors+APC
725,3-Q2,2,AJOG Global Reports,AJOG GLOB REP,,2666-5778,2.7,2.6,Q2,43/143,Q2,Q2,0.86,70.3,111.0,1022.0,OBSTETRICS & GYNECOLOGY,OBSTETRICS & GYNECOLOGY(JIF Q2/JCI Q2),ELSEVIER,Elsevier,否,ESCI,混合为主,"订阅路线通常无APC；Gold OA常见 USD 2,200-4,200",中,https://www.elsevier.com/open-access/agreements,https://www.google.com/search?q=AJOG+Global+Reports+aims+scope+instructions+for+authors+APC
726,3-Q2,2,Transplant Infectious Disease,TRANSPL INFECT DIS,1398-2273,1399-3062,2.5,2.0,Q2,12/30,Q2,Q2,0.63,61.7,111.0,4040.0,IMMUNOLOGY; INFECTIOUS DISEASES; TRANSPLANTATION,IMMUNOLOGY(JIF Q3/JCI Q3) | INFECTIOUS DISEASES(JIF Q3/JCI Q3) | TRANSPLANTATION(JIF Q2/JCI Q2),WILEY,Wiley,是,SCIE,混合为主,"订阅路线通常无APC；OnlineOpen常见 USD 3,200-4,700",中,https://authorservices.wiley.com/author-resources/Journal-Authors/open-access/article-publication-charges.html,https://www.google.com/search?q=Transplant+Infectious+Disease+aims+scope+instructions+for+authors+APC
727,3-Q2,2,JTCVS Techniques,JTCVS TECHNIQUES,2666-2507,2666-2507,2.4,2.2,Q2,95/321,Q2,Q2,0.56,70.6,111.0,1249.0,CARDIAC & CARDIOVASCULAR SYSTEMS; SURGERY,CARDIAC & CARDIOVASCULAR SYSTEMS(JIF Q2/JCI Q2) | SURGERY(JIF Q2/JCI Q3),ELSEVIER,Elsevier,否,ESCI,混合为主,"订阅路线通常无APC；Gold OA常见 USD 2,200-4,200",中,https://www.elsevier.com/open-access/agreements,https://www.google.com/search?q=JTCVS+Techniques+aims+scope+instructions+for+authors+APC
728,3-Q2,2,NEUROBIOLOGY OF AGING,NEUROBIOL AGING,0197-4580,1558-1497,4.0,4.4,Q2,109/330,Q2,Q2,0.93,67.1,110.0,23314.0,GERIATRICS & GERONTOLOGY; NEUROSCIENCES,GERIATRICS & GERONTOLOGY(JIF Q2/JCI Q2) | NEUROSCIENCES(JIF Q2/JCI Q2),ELSEVIER SCIENCE INC,Elsevier,是,SCIE,混合为主,"订阅路线通常无APC；Gold OA常见 USD 2,200-4,200",中,https://www.elsevier.com/open-access/agreements,https://www.google.com/search?q=NEUROBIOLOGY+OF+AGING+aims+scope+instructions+for+authors+APC
729,3-Q2,2,BASIC & CLINICAL PHARMACOLOGY & TOXICOLOGY,BASIC CLIN PHARMACOL,1742-7835,1742-7843,3.6,3.4,Q2,35/106,Q2,Q2,0.83,67.5,110.0,5997.0,PHARMACOLOGY & PHARMACY; TOXICOLOGY,PHARMACOLOGY & PHARMACY(JIF Q2/JCI Q2) | TOXICOLOGY(JIF Q2/JCI Q2),WILEY,Wiley,是,SCIE,混合为主,"订阅路线通常无APC；OnlineOpen常见 USD 3,200-4,700",中,https://authorservices.wiley.com/author-resources/Journal-Authors/open-access/article-publication-charges.html,https://www.google.com/search?q=BASIC+&+CLINICAL+PHARMACOLOGY+&+TOXICOLOGY+aims+scope+instructions+for+authors+APC
730,3-Q2,2,INTERNATIONAL JOURNAL OF GERIATRIC PSYCHIATRY,INT J GERIATR PSYCH,0885-6230,1099-1166,3.3,4.1,Q2,12/49,Q2,Q2,0.82,67.1,110.0,12433.0,GERIATRICS & GERONTOLOGY; PSYCHIATRY,GERIATRICS & GERONTOLOGY(JIF Q2/JCI Q2) | PSYCHIATRY(JIF Q2/JCI Q2),WILEY,Wiley,是,"SCIE; SSCI; SCIE, SSCI",混合为主,"订阅路线通常无APC；OnlineOpen常见 USD 3,200-4,700",中,https://authorservices.wiley.com/author-resources/Journal-Authors/open-access/article-publication-charges.html,https://www.google.com/search?q=INTERNATIONAL+JOURNAL+OF+GERIATRIC+PSYCHIATRY+aims+scope+instructions+for+authors+APC
731,3-Q2,2,ANNALS OF NUCLEAR MEDICINE,ANN NUCL MED,0914-7187,1864-6433,2.4,2.2,Q2,101/217,Q2,Q2,0.7,53.7,110.0,2787.0,"RADIOLOGY, NUCLEAR MEDICINE & MEDICAL IMAGING","RADIOLOGY, NUCLEAR MEDICINE & MEDICAL IMAGING(JIF Q2/JCI Q2)",SPRINGER,Springer,是,SCIE,混合为主,"订阅路线通常无APC；选OA约 USD 2,790-4,290",中,https://www.springer.com/gp/open-access,https://www.google.com/search?q=ANNALS+OF+NUCLEAR+MEDICINE+aims+scope+instructions+for+authors+APC
732,3-Q2,2,APMIS,APMIS,0903-4641,1600-0463,2.2,2.6,Q2,44/89,Q3,Q3,0.55,51.1,110.0,4335.0,IMMUNOLOGY; MICROBIOLOGY; PATHOLOGY,IMMUNOLOGY(JIF Q4/JCI Q3) | MICROBIOLOGY(JIF Q4/JCI Q3) | PATHOLOGY(JIF Q2/JCI Q3),WILEY,Wiley,是,SCIE,混合为主,"订阅路线通常无APC；OnlineOpen常见 USD 3,200-4,700",中,https://authorservices.wiley.com/author-resources/Journal-Authors/open-access/article-publication-charges.html,https://www.google.com/search?q=APMIS+aims+scope+instructions+for+authors+APC
733,3-Q2,2,FEMS MICROBIOLOGY ECOLOGY,FEMS MICROBIOL ECOL,0168-6496,1574-6941,4.1,4.8,Q2,64/167,Q2,Q2,0.88,62.0,109.0,18087.0,MICROBIOLOGY,MICROBIOLOGY(JIF Q2/JCI Q2),OXFORD UNIV PRESS,Oxford UP,是,SCIE,混合为主,订阅路线通常无APC；可选OA，费用因刊而异,中,https://academic.oup.com/pages/open-research/open-access,https://www.google.com/search?q=FEMS+MICROBIOLOGY+ECOLOGY+aims+scope+instructions+for+authors+APC
734,3-Q2,2,BIOCHIMICA ET BIOPHYSICA ACTA-MOLECULAR AND CELL BIOLOGY OF LIPIDS,BBA-MOL CELL BIOL L,1388-1981,1879-2618,3.8,4.5,Q2,20/81,Q2,Q2,0.74,54.7,109.0,11622.0,BIOCHEMISTRY & MOLECULAR BIOLOGY; CELL BIOLOGY,BIOCHEMISTRY & MOLECULAR BIOLOGY(JIF Q2/JCI Q2) | CELL BIOLOGY(JIF Q3/JCI Q2),ELSEVIER,Elsevier,是,SCIE,混合为主,"订阅路线通常无APC；Gold OA常见 USD 2,200-4,200",中,https://www.elsevier.com/open-access/agreements,https://www.google.com/search?q=BIOCHIMICA+ET+BIOPHYSICA+ACTA-MOLECULAR+AND+CELL+BIOLOGY+OF+LIPIDS+aims+scope+instructions+for+authors+APC
735,3-Q2,2,Asian Spine Journal,ASIAN SPINE J,1976-1902,1976-7846,2.7,2.9,Q2,39/147,Q1,Q1,1.14,73.8,109.0,3276.0,ORTHOPEDICS,ORTHOPEDICS(JIF Q2/JCI Q1),KOREAN SOC SPINE SURGERY,其他,否,ESCI,需核实,请查期刊官网 Author / Open Access 页面,未知,,https://www.google.com/search?q=Asian+Spine+Journal+aims+scope+instructions+for+authors+APC
736,3-Q2,2,EJNMMI Physics,EJNMMI PHYS,2197-7364,2197-7364,3.5,3.9,Q2,55/217,Q1,Q1,1.05,74.9,108.0,2231.0,"RADIOLOGY, NUCLEAR MEDICINE & MEDICAL IMAGING","RADIOLOGY, NUCLEAR MEDICINE & MEDICAL IMAGING(JIF Q2/JCI Q1)",SPRINGER,Springer,是,SCIE,混合为主,"订阅路线通常无APC；选OA约 USD 2,790-4,290",中,https://www.springer.com/gp/open-access,https://www.google.com/search?q=EJNMMI+Physics+aims+scope+instructions+for+authors+APC
737,3-Q2,2,MEDICAL MYCOLOGY,MED MYCOL,1369-3786,1460-2709,3.5,3.3,Q2,12/170,Q2,Q1,0.98,66.3,108.0,6468.0,INFECTIOUS DISEASES,INFECTIOUS DISEASES(JIF Q2/JCI Q2),OXFORD UNIV PRESS,Oxford UP,是,SCIE,混合为主,订阅路线通常无APC；可选OA，费用因刊而异,中,https://academic.oup.com/pages/open-research/open-access,https://www.google.com/search?q=MEDICAL+MYCOLOGY+aims+scope+instructions+for+authors+APC
738,3-Q2,2,Journal of Addiction Medicine,J ADDICT MED,1932-0620,1935-3227,3.1,3.5,Q2,16/61,Q1,Q1,1.09,74.6,108.0,3792.0,SUBSTANCE ABUSE,SUBSTANCE ABUSE(JIF Q2/JCI Q1),LIPPINCOTT WILLIAMS & WILKINS,Wolters Kluwer/LWW,是,SCIE,混合为主,"订阅路线通常无APC；OA常见 USD 2,000-4,000；MEDICINE已拉黑",中,https://wkauthorservices.editage.com/open-access/,https://www.google.com/search?q=Journal+of+Addiction+Medicine+aims+scope+instructions+for+authors+APC
739,3-Q2,2,Taiwanese Journal of Obstetrics & Gynecology,TAIWAN J OBSTET GYNE,1028-4559,,2.7,2.2,Q2,43/143,Q2,Q2,0.88,70.3,108.0,3821.0,OBSTETRICS & GYNECOLOGY,OBSTETRICS & GYNECOLOGY(JIF Q2/JCI Q2),ELSEVIER TAIWAN,Elsevier,是,SCIE,混合为主,"订阅路线通常无APC；Gold OA常见 USD 2,200-4,200",中,https://www.elsevier.com/open-access/agreements,https://www.google.com/search?q=Taiwanese+Journal+of+Obstetrics+&+Gynecology+aims+scope+instructions+for+authors+APC
740,3-Q2,2,CLINICAL NEUROPSYCHOLOGIST,CLIN NEUROPSYCHOL,1385-4046,1744-4144,2.6,3.6,Q2,66/184,Q2,Q2,0.93,64.4,108.0,5542.0,"CLINICAL NEUROLOGY; PSYCHOLOGY, CLINICAL","CLINICAL NEUROLOGY(JIF Q3/JCI Q2) | PSYCHOLOGY, CLINICAL(JIF Q2/JCI Q2)",TAYLOR & FRANCIS INC,Taylor & Francis,是,SCIE; SSCI,混合为主,"订阅路线通常无APC；Open Select常见 USD 2,500-3,500",中,https://authorservices.taylorandfrancis.com/publishing-open-access/,https://www.google.com/search?q=CLINICAL+NEUROPSYCHOLOGIST+aims+scope+instructions+for+authors+APC
741,3-Q2,2,JOURNAL OF CLINICAL MONITORING AND COMPUTING,J CLIN MONIT COMPUT,1387-1307,1573-2614,2.6,2.4,Q2,30/72,Q2,Q2,0.89,59.0,108.0,3579.0,ANESTHESIOLOGY,ANESTHESIOLOGY(JIF Q2/JCI Q2),SPRINGER HEIDELBERG,Springer,是,SCIE,混合为主,"订阅路线通常无APC；选OA约 USD 2,790-4,290",中,https://www.springer.com/gp/open-access,https://www.google.com/search?q=JOURNAL+OF+CLINICAL+MONITORING+AND+COMPUTING+aims+scope+instructions+for+authors+APC
742,3-Q2,2,INTERNATIONAL JOURNAL OF ORAL AND MAXILLOFACIAL SURGERY,INT J ORAL MAX SURG,0901-5027,1399-0020,2.5,2.7,Q2,85/321,Q1,Q1,1.09,73.7,108.0,10353.0,"DENTISTRY, ORAL SURGERY & MEDICINE; SURGERY","DENTISTRY, ORAL SURGERY & MEDICINE(JIF Q2/JCI Q1) | SURGERY(JIF Q2/JCI Q1)",CHURCHILL LIVINGSTONE,Elsevier,是,SCIE,混合为主,"订阅路线通常无APC；Gold OA常见 USD 2,200-4,200",中,https://www.elsevier.com/open-access/agreements,https://www.google.com/search?q=INTERNATIONAL+JOURNAL+OF+ORAL+AND+MAXILLOFACIAL+SURGERY+aims+scope+instructions+for+authors+APC
743,3-Q2,2,TOHOKU JOURNAL OF EXPERIMENTAL MEDICINE,TOHOKU J EXP MED,0040-8727,1349-3329,1.5,1.7,Q2,148/336,Q2,Q2,0.36,56.1,108.0,3391.0,"MEDICINE, GENERAL & INTERNAL; MEDICINE, RESEARCH & EXPERIMENTAL","MEDICINE, GENERAL & INTERNAL(JIF Q2/JCI Q2) | MEDICINE, RESEARCH & EXPERIMENTAL(JIF Q4/JCI Q3)",TOHOKU UNIV MEDICAL PRESS,其他,是,SCIE,需核实,请查期刊官网 Author / Open Access 页面,未知,,https://www.google.com/search?q=TOHOKU+JOURNAL+OF+EXPERIMENTAL+MEDICINE+aims+scope+instructions+for+authors+APC
744,3-Q2,2,STRAHLENTHERAPIE UND ONKOLOGIE,STRAHLENTHER ONKOL,0179-7158,1439-099X,2.8,2.7,Q2,80/217,Q2,Q2,0.65,63.4,107.0,3656.0,"ONCOLOGY; RADIOLOGY, NUCLEAR MEDICINE & MEDICAL IMAGING","ONCOLOGY(JIF Q3/JCI Q2) | RADIOLOGY, NUCLEAR MEDICINE & MEDICAL IMAGING(JIF Q2/JCI Q2)",SPRINGER HEIDELBERG,Springer,是,SCIE,混合为主,"订阅路线通常无APC；选OA约 USD 2,790-4,290",中,https://www.springer.com/gp/open-access,https://www.google.com/search?q=STRAHLENTHERAPIE+UND+ONKOLOGIE+aims+scope+instructions+for+authors+APC
745,3-Q2,2,INTERNATIONAL JOURNAL OF COSMETIC SCIENCE,INT J COSMETIC SCI,0142-5463,1468-2494,2.6,3.2,Q2,41/99,Q3,Q3,0.62,59.1,107.0,4259.0,DERMATOLOGY,DERMATOLOGY(JIF Q2/JCI Q3),WILEY,Wiley,是,SCIE,混合为主,"订阅路线通常无APC；OnlineOpen常见 USD 3,200-4,700",中,https://authorservices.wiley.com/author-resources/Journal-Authors/open-access/article-publication-charges.html,https://www.google.com/search?q=INTERNATIONAL+JOURNAL+OF+COSMETIC+SCIENCE+aims+scope+instructions+for+authors+APC
746,3-Q2,2,Physiotherapy Research International,PHYSIOTHER RES INT,1358-2267,1471-2865,1.7,1.9,Q2,87/175,Q2,Q2,0.78,50.6,107.0,1656.0,REHABILITATION,REHABILITATION(JIF Q2/JCI Q2),WILEY,Wiley,否,ESCI,混合为主,"订阅路线通常无APC；OnlineOpen常见 USD 3,200-4,700",中,https://authorservices.wiley.com/author-resources/Journal-Authors/open-access/article-publication-charges.html,https://www.google.com/search?q=Physiotherapy+Research+International+aims+scope+instructions+for+authors+APC
747,3-Q2,2,ENDOCRINOLOGY,ENDOCRINOLOGY,0013-7227,1945-7170,3.8,4.7,Q2,77/198,Q2,Q2,0.73,61.4,106.0,32928.0,ENDOCRINOLOGY & METABOLISM,ENDOCRINOLOGY & METABOLISM(JIF Q2/JCI Q2),ENDOCRINE SOC,其他,是,SCIE,需核实,请查期刊官网 Author / Open Access 页面,未知,,https://www.google.com/search?q=ENDOCRINOLOGY+aims+scope+instructions+for+authors+APC
748,3-Q2,2,REPRODUCTION,REPRODUCTION,1470-1626,1741-7899,3.4,4.0,Q2,10/39,Q2,Q1,0.98,73.9,105.0,10460.0,REPRODUCTIVE BIOLOGY,REPRODUCTIVE BIOLOGY(JIF Q2/JCI Q2),OXFORD UNIV PRESS,Oxford UP,是,SCIE,混合为主,订阅路线通常无APC；可选OA，费用因刊而异,中,https://academic.oup.com/pages/open-research/open-access,https://www.google.com/search?q=REPRODUCTION+aims+scope+instructions+for+authors+APC
749,3-Q2,2,INTERNATIONAL JOURNAL OF PSYCHOPHYSIOLOGY,INT J PSYCHOPHYSIOL,0167-8760,1872-7697,3.3,3.6,Q2,19/104,Q2,Q2,0.82,52.9,105.0,10582.0,NEUROSCIENCES,NEUROSCIENCES(JIF Q2/JCI Q2),ELSEVIER,Elsevier,是,SCIE; SSCI,混合为主,"订阅路线通常无APC；Gold OA常见 USD 2,200-4,200",中,https://www.elsevier.com/open-access/agreements,https://www.google.com/search?q=INTERNATIONAL+JOURNAL+OF+PSYCHOPHYSIOLOGY+aims+scope+instructions+for+authors+APC
750,3-Q2,2,International Journal of Food Science,INT J FOOD SCI,2356-7015,2314-5765,3.3,5.1,Q2,52/114,Q3,Q3,0.59,54.8,105.0,3127.0,NUTRITION & DIETETICS,NUTRITION & DIETETICS(JIF Q2/JCI Q3),WILEY,Wiley,否,ESCI,混合为主,"订阅路线通常无APC；OnlineOpen常见 USD 3,200-4,700",中,https://authorservices.wiley.com/author-resources/Journal-Authors/open-access/article-publication-charges.html,https://www.google.com/search?q=International+Journal+of+Food+Science+aims+scope+instructions+for+authors+APC
751,3-Q2,2,ASSESSMENT,ASSESSMENT,1073-1911,1552-3489,3.0,4.9,Q2,48/184,Q1,Q1,1.29,74.2,105.0,9623.0,"PSYCHOLOGY, CLINICAL","PSYCHOLOGY, CLINICAL(JIF Q2/JCI Q1)",SAGE PUBLICATIONS INC,SAGE,否,SSCI,混合为主,"订阅路线通常无APC；SAGE Choice常见 USD 2,000-4,000",中,https://us.sagepub.com/en-us/nam/sage-choice,https://www.google.com/search?q=ASSESSMENT+aims+scope+instructions+for+authors+APC
752,3-Q2,2,INTERNATIONAL JOURNAL OF OBSTETRIC ANESTHESIA,INT J OBSTET ANESTH,0959-289X,1532-3374,3.0,3.0,Q2,36/143,Q2,Q2,0.92,75.2,105.0,2284.0,ANESTHESIOLOGY; OBSTETRICS & GYNECOLOGY,ANESTHESIOLOGY(JIF Q2/JCI Q2) | OBSTETRICS & GYNECOLOGY(JIF Q2/JCI Q2),ELSEVIER SCI LTD,Elsevier,是,SCIE,混合为主,"订阅路线通常无APC；Gold OA常见 USD 2,200-4,200",中,https://www.elsevier.com/open-access/agreements,https://www.google.com/search?q=INTERNATIONAL+JOURNAL+OF+OBSTETRIC+ANESTHESIA+aims+scope+instructions+for+authors+APC
753,3-Q2,2,HEALTH PSYCHOLOGY,HEALTH PSYCHOL,0278-6133,1930-7810,2.9,3.9,Q2,51/184,Q1,Q1,1.12,72.6,105.0,12641.0,"PSYCHOLOGY, CLINICAL","PSYCHOLOGY, CLINICAL(JIF Q2/JCI Q1)",AMER PSYCHOLOGICAL ASSOC,其他,是,SCIE; SSCI,需核实,请查期刊官网 Author / Open Access 页面,未知,,https://www.google.com/search?q=HEALTH+PSYCHOLOGY+aims+scope+instructions+for+authors+APC
754,3-Q2,2,JMIR Pediatrics and Parenting,JMIR PEDIATR PARENT,2561-6722,2561-6722,2.3,2.7,Q2,55/190,Q1,Q1,1.07,71.3,105.0,1157.0,PEDIATRICS,PEDIATRICS(JIF Q2/JCI Q1),"JMIR PUBLICATIONS, INC",其他,否,ESCI,需核实,请查期刊官网 Author / Open Access 页面,未知,,https://www.google.com/search?q=JMIR+Pediatrics+and+Parenting+aims+scope+instructions+for+authors+APC
755,3-Q2,2,APHASIOLOGY,APHASIOLOGY,0268-7038,1464-5041,2.2,2.6,Q2,67/312,Q2,Q2,0.85,67.1,105.0,4624.0,AUDIOLOGY & SPEECH-LANGUAGE PATHOLOGY; CLINICAL NEUROLOGY; REHABILITATION,AUDIOLOGY & SPEECH-LANGUAGE PATHOLOGY(JIF Q2/JCI Q2) | CLINICAL NEUROLOGY(JIF Q3/JCI Q2) | REHABILITATION(JIF Q2/JCI Q2),"ROUTLEDGE JOURNALS, TAYLOR & FRANCIS LTD",Taylor & Francis,是,"SCIE; SSCI; SCIE, SSCI",混合为主,"订阅路线通常无APC；Open Select常见 USD 2,500-3,500",中,https://authorservices.taylorandfrancis.com/publishing-open-access/,https://www.google.com/search?q=APHASIOLOGY+aims+scope+instructions+for+authors+APC
756,3-Q2,2,WESTERN JOURNAL OF NURSING RESEARCH,WESTERN J NURS RES,0193-9459,1552-8456,2.2,2.9,Q2,69/194,Q2,Q2,0.84,64.7,105.0,3918.0,NURSING,NURSING(JIF Q2/JCI Q2),SAGE PUBLICATIONS INC,SAGE,是,"SCIE, SSCI",混合为主,"订阅路线通常无APC；SAGE Choice常见 USD 2,000-4,000",中,https://us.sagepub.com/en-us/nam/sage-choice,https://www.google.com/search?q=WESTERN+JOURNAL+OF+NURSING+RESEARCH+aims+scope+instructions+for+authors+APC
757,3-Q2,2,Cancer Research and Treatment,CANCER RES TREAT,1598-2998,2005-9256,4.2,4.3,Q2,108/333,Q2,Q2,0.94,67.7,104.0,4998.0,ONCOLOGY,ONCOLOGY(JIF Q2/JCI Q2),KOREAN CANCER ASSOCIATION,其他,是,SCIE,需核实,请查期刊官网 Author / Open Access 页面,未知,,https://www.google.com/search?q=Cancer+Research+and+Treatment+aims+scope+instructions+for+authors+APC
758,3-Q2,2,BIODEGRADATION,BIODEGRADATION,0923-9820,1572-9729,4.2,4.1,Q2,65/180,Q2,Q2,0.71,64.2,104.0,3058.0,BIOTECHNOLOGY & APPLIED MICROBIOLOGY,BIOTECHNOLOGY & APPLIED MICROBIOLOGY(JIF Q2/JCI Q2),SPRINGER,Springer,是,SCIE,混合为主,"订阅路线通常无APC；选OA约 USD 2,790-4,290",中,https://www.springer.com/gp/open-access,https://www.google.com/search?q=BIODEGRADATION+aims+scope+instructions+for+authors+APC
759,3-Q2,2,MYCOSES,MYCOSES,0933-7407,1439-0507,3.4,3.7,Q2,25/99,Q2,Q1,1.11,75.3,104.0,6182.0,DERMATOLOGY,DERMATOLOGY(JIF Q2/JCI Q2),WILEY,Wiley,是,SCIE,混合为主,"订阅路线通常无APC；OnlineOpen常见 USD 3,200-4,700",中,https://authorservices.wiley.com/author-resources/Journal-Authors/open-access/article-publication-charges.html,https://www.google.com/search?q=MYCOSES+aims+scope+instructions+for+authors+APC
760,3-Q2,2,EUROPEAN JOURNAL OF CLINICAL NUTRITION,EUR J CLIN NUTR,0954-3007,1476-5640,3.2,4.1,Q2,55/114,Q2,Q2,0.61,52.2,104.0,15262.0,NUTRITION & DIETETICS,NUTRITION & DIETETICS(JIF Q2/JCI Q2),SPRINGERNATURE,Springer Nature,是,SCIE,混合/全OA,"全OA约 USD 2,090-3,490；Nature系更高；Scientific Reports已拉黑",中高,https://www.springernature.com/gp/open-research/journals-books/journals,https://www.google.com/search?q=EUROPEAN+JOURNAL+OF+CLINICAL+NUTRITION+aims+scope+instructions+for+authors+APC
761,3-Q2,2,INDOOR AIR,INDOOR AIR,0905-6947,1600-0668,2.7,4.7,Q2,160/443,Q2,Q2,0.69,64.0,104.0,7995.0,"PUBLIC, ENVIRONMENTAL & OCCUPATIONAL HEALTH","PUBLIC, ENVIRONMENTAL & OCCUPATIONAL HEALTH(JIF Q2/JCI Q2)",WILEY,Wiley,是,SCIE,混合为主,"订阅路线通常无APC；OnlineOpen常见 USD 3,200-4,700",中,https://authorservices.wiley.com/author-resources/Journal-Authors/open-access/article-publication-charges.html,https://www.google.com/search?q=INDOOR+AIR+aims+scope+instructions+for+authors+APC
762,3-Q2,2,Joint Diseases and Related Surgery,JOINT DIS RELAT SURG,,2687-4792,2.5,1.8,Q2,85/321,Q2,Q2,0.89,73.7,104.0,1155.0,ORTHOPEDICS; SURGERY,ORTHOPEDICS(JIF Q2/JCI Q2) | SURGERY(JIF Q2/JCI Q2),TURKISH JOINT DISEASES FOUNDATION,其他,是,SCIE,需核实,请查期刊官网 Author / Open Access 页面,未知,,https://www.google.com/search?q=Joint+Diseases+and+Related+Surgery+aims+scope+instructions+for+authors+APC
763,3-Q2,2,Physical Therapy in Sport,PHYS THER SPORT,1466-853X,,2.3,3.0,Q2,46/175,Q2,Q2,0.99,74.0,104.0,4286.0,REHABILITATION; SPORT SCIENCES,REHABILITATION(JIF Q2/JCI Q2) | SPORT SCIENCES(JIF Q2/JCI Q2),CHURCHILL LIVINGSTONE,Elsevier,是,SCIE,混合为主,"订阅路线通常无APC；Gold OA常见 USD 2,200-4,200",中,https://www.elsevier.com/open-access/agreements,https://www.google.com/search?q=Physical+Therapy+in+Sport+aims+scope+instructions+for+authors+APC
764,3-Q2,2,VISION RESEARCH,VISION RES,0042-6989,1878-5646,2.2,2.1,Q2,43/98,Q3,Q2,0.7,56.6,104.0,15054.0,NEUROSCIENCES; OPHTHALMOLOGY,NEUROSCIENCES(JIF Q3/JCI Q3) | OPHTHALMOLOGY(JIF Q2/JCI Q3),PERGAMON-ELSEVIER SCIENCE LTD,Elsevier,是,SCIE,混合为主,"订阅路线通常无APC；Gold OA常见 USD 2,200-4,200",中,https://www.elsevier.com/open-access/agreements,https://www.google.com/search?q=VISION+RESEARCH+aims+scope+instructions+for+authors+APC
765,3-Q2,2,BRAZILIAN JOURNAL OF MEDICAL AND BIOLOGICAL RESEARCH,BRAZ J MED BIOL RES,0100-879X,1414-431X,1.9,2.1,Q2,52/106,Q3,Q3,0.44,51.4,104.0,5544.0,"BIOLOGY; MEDICINE, RESEARCH & EXPERIMENTAL","BIOLOGY(JIF Q2/JCI Q3) | MEDICINE, RESEARCH & EXPERIMENTAL(JIF Q3/JCI Q3)",ASSOC BRAS DIVULG CIENTIFICA,其他,是,SCIE,需核实,请查期刊官网 Author / Open Access 页面,未知,,https://www.google.com/search?q=BRAZILIAN+JOURNAL+OF+MEDICAL+AND+BIOLOGICAL+RESEARCH+aims+scope+instructions+for+authors+APC
766,3-Q2,2,Pituitary,PITUITARY,1386-341X,1573-7403,3.8,3.9,Q2,77/198,Q2,Q2,0.8,61.4,103.0,4138.0,ENDOCRINOLOGY & METABOLISM,ENDOCRINOLOGY & METABOLISM(JIF Q2/JCI Q2),SPRINGER,Springer,是,SCIE,混合为主,"订阅路线通常无APC；选OA约 USD 2,790-4,290",中,https://www.springer.com/gp/open-access,https://www.google.com/search?q=Pituitary+aims+scope+instructions+for+authors+APC
767,3-Q2,2,Journal of Clinical and Experimental Hepatology,J CLIN EXP HEPATOL,0973-6883,2213-3453,3.4,3.3,Q2,55/153,Q2,Q2,0.62,64.4,103.0,3338.0,GASTROENTEROLOGY & HEPATOLOGY,GASTROENTEROLOGY & HEPATOLOGY(JIF Q2/JCI Q2),ELSEVIER - DIVISION REED ELSEVIER INDIA PVT LTD,Elsevier,否,ESCI,混合为主,"订阅路线通常无APC；Gold OA常见 USD 2,200-4,200",中,https://www.elsevier.com/open-access/agreements,https://www.google.com/search?q=Journal+of+Clinical+and+Experimental+Hepatology+aims+scope+instructions+for+authors+APC
768,3-Q2,2,Research on Child and Adolescent Psychopathology,RES CHILD ADOLES PSY,2730-7166,2730-7174,2.7,3.6,Q2,29/95,Q2,Q2,0.99,67.7,103.0,1985.0,"PSYCHOLOGY, CLINICAL","PSYCHOLOGY, CLINICAL(JIF Q2/JCI Q2)",SPRINGER,Springer,否,SSCI,混合为主,"订阅路线通常无APC；选OA约 USD 2,790-4,290",中,https://www.springer.com/gp/open-access,https://www.google.com/search?q=Research+on+Child+and+Adolescent+Psychopathology+aims+scope+instructions+for+authors+APC
769,3-Q2,2,Facets,FACETS,2371-1671,2371-1671,2.7,3.4,Q2,49/140,Q2,Q2,0.65,65.4,103.0,1634.0,MULTIDISCIPLINARY SCIENCES,MULTIDISCIPLINARY SCIENCES(JIF Q2/JCI Q2),CANADIAN SCIENCE PUBLISHING,其他,是,SCIE,需核实,请查期刊官网 Author / Open Access 页面,未知,,https://www.google.com/search?q=Facets+aims+scope+instructions+for+authors+APC
770,3-Q2,2,ARCHIVES OF PSYCHIATRIC NURSING,ARCH PSYCHIAT NURS,0883-9417,1532-8228,2.5,2.7,Q2,49/194,Q2,Q2,0.9,75.0,103.0,3647.0,NURSING; PSYCHIATRY,NURSING(JIF Q2/JCI Q2) | PSYCHIATRY(JIF Q2/JCI Q2),W B SAUNDERS CO-ELSEVIER INC,Elsevier,是,"SCIE, SSCI",混合为主,"订阅路线通常无APC；Gold OA常见 USD 2,200-4,200",中,https://www.elsevier.com/open-access/agreements,https://www.google.com/search?q=ARCHIVES+OF+PSYCHIATRIC+NURSING+aims+scope+instructions+for+authors+APC
771,3-Q2,2,BIOETHICS,BIOETHICS,0269-9702,1467-8519,2.3,2.4,Q2,23/78,Q2,Q2,0.81,61.5,103.0,3038.0,"MEDICAL ETHICS; SOCIAL SCIENCES, BIOMEDICAL","MEDICAL ETHICS(JIF Q2/JCI Q3) | SOCIAL SCIENCES, BIOMEDICAL(JIF Q2/JCI Q2)",WILEY,Wiley,是,SSCI; SCIE,混合为主,"订阅路线通常无APC；OnlineOpen常见 USD 3,200-4,700",中,https://authorservices.wiley.com/author-resources/Journal-Authors/open-access/article-publication-charges.html,https://www.google.com/search?q=BIOETHICS+aims+scope+instructions+for+authors+APC
772,3-Q2,2,INTERNATIONAL JOURNAL OF SPORTS MEDICINE,INT J SPORTS MED,0172-4622,1439-3964,2.3,3.0,Q2,59/136,Q2,Q2,0.73,57.0,103.0,9658.0,SPORT SCIENCES,SPORT SCIENCES(JIF Q2/JCI Q2),GEORG THIEME VERLAG KG,Thieme,是,SCIE,混合为主,订阅路线通常无APC；OA另计,中低,https://www.thieme.com/en-us/open-access,https://www.google.com/search?q=INTERNATIONAL+JOURNAL+OF+SPORTS+MEDICINE+aims+scope+instructions+for+authors+APC
773,3-Q2,2,FAMILY PROCESS,FAM PROCESS,0014-7370,1545-5300,2.2,3.1,Q2,14/66,Q2,Q2,0.93,55.2,103.0,4773.0,"PSYCHOLOGY, CLINICAL","PSYCHOLOGY, CLINICAL(JIF Q2/JCI Q2)",WILEY,Wiley,否,SSCI,混合为主,"订阅路线通常无APC；OnlineOpen常见 USD 3,200-4,700",中,https://authorservices.wiley.com/author-resources/Journal-Authors/open-access/article-publication-charges.html,https://www.google.com/search?q=FAMILY+PROCESS+aims+scope+instructions+for+authors+APC
774,3-Q2,2,ARTS IN PSYCHOTHERAPY,ART PSYCHOTHER,0197-4556,1873-5878,1.7,2.0,Q2,87/175,Q3,Q3,0.69,50.6,103.0,2286.0,"PSYCHOLOGY, CLINICAL; REHABILITATION","PSYCHOLOGY, CLINICAL(JIF Q3/JCI Q3) | REHABILITATION(JIF Q2/JCI Q3)",PERGAMON-ELSEVIER SCIENCE LTD,Elsevier,否,SSCI,混合为主,"订阅路线通常无APC；Gold OA常见 USD 2,200-4,200",中,https://www.elsevier.com/open-access/agreements,https://www.google.com/search?q=ARTS+IN+PSYCHOTHERAPY+aims+scope+instructions+for+authors+APC
775,3-Q2,2,Journal of Minimally Invasive Gynecology,J MINIM INVAS GYN,1553-4650,1553-4669,2.9,3.7,Q2,38/143,Q1,Q1,1.07,73.8,102.0,6487.0,OBSTETRICS & GYNECOLOGY,OBSTETRICS & GYNECOLOGY(JIF Q2/JCI Q1),ELSEVIER SCIENCE INC,Elsevier,是,SCIE,混合为主,"订阅路线通常无APC；Gold OA常见 USD 2,200-4,200",中,https://www.elsevier.com/open-access/agreements,https://www.google.com/search?q=Journal+of+Minimally+Invasive+Gynecology+aims+scope+instructions+for+authors+APC
776,3-Q2,2,INTERNATIONAL JOURNAL OF HYPERTHERMIA,INT J HYPERTHER,0265-6736,1464-5157,2.8,3.4,Q2,80/217,Q2,Q2,0.75,63.4,102.0,6822.0,"ONCOLOGY; RADIOLOGY, NUCLEAR MEDICINE & MEDICAL IMAGING","ONCOLOGY(JIF Q3/JCI Q2) | RADIOLOGY, NUCLEAR MEDICINE & MEDICAL IMAGING(JIF Q2/JCI Q2)",TAYLOR & FRANCIS LTD,Taylor & Francis,是,SCIE,混合为主,"订阅路线通常无APC；Open Select常见 USD 2,500-3,500",中,https://authorservices.taylorandfrancis.com/publishing-open-access/,https://www.google.com/search?q=INTERNATIONAL+JOURNAL+OF+HYPERTHERMIA+aims+scope+instructions+for+authors+APC
777,3-Q2,2,CLINICAL CARDIOLOGY,CLIN CARDIOL,0160-9289,1932-8737,2.8,2.9,Q2,101/237,Q2,Q2,0.6,57.6,102.0,6258.0,CARDIAC & CARDIOVASCULAR SYSTEMS,CARDIAC & CARDIOVASCULAR SYSTEMS(JIF Q2/JCI Q2),WILEY,Wiley,是,SCIE,混合为主,"订阅路线通常无APC；OnlineOpen常见 USD 3,200-4,700",中,https://authorservices.wiley.com/author-resources/Journal-Authors/open-access/article-publication-charges.html,https://www.google.com/search?q=CLINICAL+CARDIOLOGY+aims+scope+instructions+for+authors+APC
778,3-Q2,2,Journal of Applied Laboratory Medicine,J APPL LAB MED,2576-9456,2475-7241,2.3,2.2,Q2,14/33,Q2,Q2,0.8,59.1,102.0,1892.0,MEDICAL LABORATORY TECHNOLOGY,MEDICAL LABORATORY TECHNOLOGY(JIF Q2/JCI Q2),OXFORD UNIV PRESS INC,Oxford UP,否,ESCI,混合为主,订阅路线通常无APC；可选OA，费用因刊而异,中,https://academic.oup.com/pages/open-research/open-access,https://www.google.com/search?q=Journal+of+Applied+Laboratory+Medicine+aims+scope+instructions+for+authors+APC
779,3-Q2,2,Breastfeeding Medicine,BREASTFEED MED,1556-8253,1556-8342,2.1,2.5,Q2,73/190,Q2,Q2,0.8,61.8,102.0,3203.0,OBSTETRICS & GYNECOLOGY; PEDIATRICS,OBSTETRICS & GYNECOLOGY(JIF Q2/JCI Q2) | PEDIATRICS(JIF Q2/JCI Q2),SAGE PUBLICATIONS INC,SAGE,是,SCIE,混合为主,"订阅路线通常无APC；SAGE Choice常见 USD 2,000-4,000",中,https://us.sagepub.com/en-us/nam/sage-choice,https://www.google.com/search?q=Breastfeeding+Medicine+aims+scope+instructions+for+authors+APC
780,3-Q2,2,Canadian Journal of Emergency Medicine,CAN J EMERG MED,1481-8035,1481-8043,1.7,2.0,Q2,26/55,Q2,Q2,0.82,53.6,102.0,2427.0,EMERGENCY MEDICINE,EMERGENCY MEDICINE(JIF Q2/JCI Q2),SPRINGER HEIDELBERG,Springer,是,SCIE,混合为主,"订阅路线通常无APC；选OA约 USD 2,790-4,290",中,https://www.springer.com/gp/open-access,https://www.google.com/search?q=Canadian+Journal+of+Emergency+Medicine+aims+scope+instructions+for+authors+APC
781,3-Q2,2,Heart Lung and Circulation,HEART LUNG CIRC,1443-9506,1444-2892,2.5,2.4,Q2,111/237,Q3,Q3,0.53,53.4,101.0,4911.0,CARDIAC & CARDIOVASCULAR SYSTEMS,CARDIAC & CARDIOVASCULAR SYSTEMS(JIF Q2/JCI Q3),ELSEVIER SCIENCE INC,Elsevier,是,SCIE,混合为主,"订阅路线通常无APC；Gold OA常见 USD 2,200-4,200",中,https://www.elsevier.com/open-access/agreements,https://www.google.com/search?q=Heart+Lung+and+Circulation+aims+scope+instructions+for+authors+APC
782,3-Q2,2,International Health,INT HEALTH,1876-3413,1876-3405,2.4,2.8,Q2,193/443,Q2,Q2,0.65,56.5,101.0,2457.0,"PUBLIC, ENVIRONMENTAL & OCCUPATIONAL HEALTH","PUBLIC, ENVIRONMENTAL & OCCUPATIONAL HEALTH(JIF Q2/JCI Q2)",OXFORD UNIV PRESS,Oxford UP,是,"SCIE, SSCI",混合为主,订阅路线通常无APC；可选OA，费用因刊而异,中,https://academic.oup.com/pages/open-research/open-access,https://www.google.com/search?q=International+Health+aims+scope+instructions+for+authors+APC
783,3-Q2,2,VETERINARY PATHOLOGY,VET PATHOL,0300-9858,1544-2217,2.3,2.6,Q2,45/170,Q2,Q2,0.82,54.5,101.0,7233.0,PATHOLOGY,PATHOLOGY(JIF Q2/JCI Q2),SAGE PUBLICATIONS INC,SAGE,是,SCIE,混合为主,"订阅路线通常无APC；SAGE Choice常见 USD 2,000-4,000",中,https://us.sagepub.com/en-us/nam/sage-choice,https://www.google.com/search?q=VETERINARY+PATHOLOGY+aims+scope+instructions+for+authors+APC
784,3-Q2,2,Journal of Sport Rehabilitation,J SPORT REHABIL,1056-6716,1543-3072,1.7,2.0,Q2,87/175,Q3,Q3,0.67,50.6,101.0,3562.0,REHABILITATION; SPORT SCIENCES,REHABILITATION(JIF Q2/JCI Q3) | SPORT SCIENCES(JIF Q3/JCI Q3),HUMAN KINETICS PUBL INC,其他,是,SCIE,需核实,请查期刊官网 Author / Open Access 页面,未知,,https://www.google.com/search?q=Journal+of+Sport+Rehabilitation+aims+scope+instructions+for+authors+APC
785,3-Q2,2,JNCI Cancer Spectrum,JNCI CANCER SPECT,,2515-5091,4.8,4.6,Q2,92/333,Q2,Q2,0.82,72.5,100.0,2957.0,ONCOLOGY,ONCOLOGY(JIF Q2/JCI Q2),OXFORD UNIV PRESS,Oxford UP,否,ESCI,混合为主,订阅路线通常无APC；可选OA，费用因刊而异,中,https://academic.oup.com/pages/open-research/open-access,https://www.google.com/search?q=JNCI+Cancer+Spectrum+aims+scope+instructions+for+authors+APC
786,3-Q2,2,Diabetes Therapy,DIABETES THER,1869-6953,1869-6961,4.2,3.7,Q2,66/198,Q2,Q2,0.73,66.9,100.0,4891.0,ENDOCRINOLOGY & METABOLISM,ENDOCRINOLOGY & METABOLISM(JIF Q2/JCI Q2),SPRINGER HEIDELBERG,Springer,是,SCIE,混合为主,"订阅路线通常无APC；选OA约 USD 2,790-4,290",中,https://www.springer.com/gp/open-access,https://www.google.com/search?q=Diabetes+Therapy+aims+scope+instructions+for+authors+APC
787,3-Q2,2,Journal of Neuromuscular Diseases,J NEUROMUSCULAR DIS,2214-3599,2214-3602,3.5,3.5,Q2,93/296,Q2,Q2,0.89,68.8,100.0,2304.0,CLINICAL NEUROLOGY; NEUROSCIENCES,CLINICAL NEUROLOGY(JIF Q2/JCI Q2) | NEUROSCIENCES(JIF Q2/JCI Q2),SAGE PUBLICATIONS INC,SAGE,是,SCIE,混合为主,"订阅路线通常无APC；SAGE Choice常见 USD 2,000-4,000",中,https://us.sagepub.com/en-us/nam/sage-choice,https://www.google.com/search?q=Journal+of+Neuromuscular+Diseases+aims+scope+instructions+for+authors+APC
788,3-Q2,2,TROPICAL MEDICINE & INTERNATIONAL HEALTH,TROP MED INT HEALTH,1360-2276,1365-3156,2.6,3.0,Q2,9/27,Q2,Q2,0.71,68.5,100.0,6994.0,"PUBLIC, ENVIRONMENTAL & OCCUPATIONAL HEALTH; TROPICAL MEDICINE","PUBLIC, ENVIRONMENTAL & OCCUPATIONAL HEALTH(JIF Q2/JCI Q2) | TROPICAL MEDICINE(JIF Q2/JCI Q2)",WILEY,Wiley,是,SCIE,混合为主,"订阅路线通常无APC；OnlineOpen常见 USD 3,200-4,700",中,https://authorservices.wiley.com/author-resources/Journal-Authors/open-access/article-publication-charges.html,https://www.google.com/search?q=TROPICAL+MEDICINE+&+INTERNATIONAL+HEALTH+aims+scope+instructions+for+authors+APC
789,3-Q2,2,Australian Journal of Rural Health,AUST J RURAL HEALTH,1038-5282,1440-1584,2.4,2.4,Q2,58/194,Q2,Q2,0.71,70.4,100.0,2375.0,"NURSING; PUBLIC, ENVIRONMENTAL & OCCUPATIONAL HEALTH","NURSING(JIF Q2/JCI Q2) | PUBLIC, ENVIRONMENTAL & OCCUPATIONAL HEALTH(JIF Q2/JCI Q2)",WILEY,Wiley,是,"SCIE, SSCI",混合为主,"订阅路线通常无APC；OnlineOpen常见 USD 3,200-4,700",中,https://authorservices.wiley.com/author-resources/Journal-Authors/open-access/article-publication-charges.html,https://www.google.com/search?q=Australian+Journal+of+Rural+Health+aims+scope+instructions+for+authors+APC
790,3-Q2,2,Journal of the Chinese Medical Association,J CHIN MED ASSOC,1726-4901,1728-7731,2.3,1.8,Q2,99/336,Q1,Q1,0.74,70.7,100.0,3478.0,"MEDICINE, GENERAL & INTERNAL","MEDICINE, GENERAL & INTERNAL(JIF Q2/JCI Q1)",LIPPINCOTT WILLIAMS & WILKINS,Wolters Kluwer/LWW,是,SCIE,混合为主,"订阅路线通常无APC；OA常见 USD 2,000-4,000；MEDICINE已拉黑",中,https://wkauthorservices.editage.com/open-access/,https://www.google.com/search?q=Journal+of+the+Chinese+Medical+Association+aims+scope+instructions+for+authors+APC
791,3-Q2,2,Addiction Science & Clinical Practice,ADDICT SCI CLIN PRAC,,1940-0640,2.6,3.0,Q2,25/61,Q2,Q2,0.96,59.8,99.0,1727.0,SUBSTANCE ABUSE,SUBSTANCE ABUSE(JIF Q2/JCI Q2),BMC,BMC,是,"SCIE, SSCI",全OA,"约 USD 1,990-2,890（旗舰刊更高）",高,https://www.biomedcentral.com/getpublished/article-processing-charges,https://www.google.com/search?q=Addiction+Science+&+Clinical+Practice+aims+scope+instructions+for+authors+APC
792,3-Q2,2,Cardio-Oncology,CARDIO-ONCOLOGY,,2057-3804,3.4,3.3,Q2,74/237,Q2,Q2,0.72,69.0,94.0,995.0,CARDIAC & CARDIOVASCULAR SYSTEMS; ONCOLOGY,CARDIAC & CARDIOVASCULAR SYSTEMS(JIF Q2/JCI Q2) | ONCOLOGY(JIF Q2/JCI Q2),BMC,BMC,否,ESCI,全OA,"约 USD 1,990-2,890（旗舰刊更高）",高,https://www.biomedcentral.com/getpublished/article-processing-charges,https://www.google.com/search?q=Cardio-Oncology+aims+scope+instructions+for+authors+APC
793,3-Q2,2,SEXUALLY TRANSMITTED INFECTIONS,SEX TRANSM INFECT,1368-4973,1472-3263,3.0,3.1,Q2,62/141,Q2,Q2,0.68,56.4,91.0,4312.0,INFECTIOUS DISEASES,INFECTIOUS DISEASES(JIF Q2/JCI Q2),BMJ PUBLISHING GROUP,BMJ,是,SCIE,混合/全OA,"BMJ Open约GBP 2,175；旗舰刊更高",高,https://authors.bmj.com/open-access/,https://www.google.com/search?q=SEXUALLY+TRANSMITTED+INFECTIONS+aims+scope+instructions+for+authors+APC
794,3-Q2,2,Trauma Surgery & Acute Care Open,TRAUMA SURG ACUTE CA,,2397-5776,2.5,2.6,Q2,85/321,Q2,Q2,0.8,73.7,91.0,1932.0,CRITICAL CARE MEDICINE; SURGERY,CRITICAL CARE MEDICINE(JIF Q3/JCI Q2) | SURGERY(JIF Q2/JCI Q2),BMJ PUBLISHING GROUP,BMJ,否,ESCI,混合/全OA,"BMJ Open约GBP 2,175；旗舰刊更高",高,https://authors.bmj.com/open-access/,https://www.google.com/search?q=Trauma+Surgery+&+Acute+Care+Open+aims+scope+instructions+for+authors+APC
795,3-Q2,2,Injury Epidemiology,INJURY EPIDEMIOL,,2197-1714,2.3,2.6,Q2,209/443,Q2,Q2,0.71,52.9,89.0,1213.0,"PUBLIC, ENVIRONMENTAL & OCCUPATIONAL HEALTH","PUBLIC, ENVIRONMENTAL & OCCUPATIONAL HEALTH(JIF Q2/JCI Q2)",BMC,BMC,是,"SCIE, SSCI",全OA,"约 USD 1,990-2,890（旗舰刊更高）",高,https://www.biomedcentral.com/getpublished/article-processing-charges,https://www.google.com/search?q=Injury+Epidemiology+aims+scope+instructions+for+authors+APC
796,3-Q2,2,Frontiers in Molecular Neuroscience,FRONT MOL NEUROSCI,1662-5099,1662-5099,4.4,4.9,Q2,92/330,Q2,Q2,0.79,72.3,88.0,17894.0,NEUROSCIENCES,NEUROSCIENCES(JIF Q2/JCI Q2),FRONTIERS MEDIA SA,Frontiers,是,SCIE,全OA,"约 CHF 1,495-3,150（Frontiers in Medicine A类=CHF 3,150）",高,https://www.frontiersin.org/about/fee-policy,https://www.google.com/search?q=Frontiers+in+Molecular+Neuroscience+aims+scope+instructions+for+authors+APC
797,3-Q2,2,EMERGENCY MEDICINE JOURNAL,EMERG MED J,1472-0205,1472-0213,2.8,3.6,Q2,17/55,Q1,Q1,1.29,70.0,88.0,6484.0,EMERGENCY MEDICINE,EMERGENCY MEDICINE(JIF Q2/JCI Q1),BMJ PUBLISHING GROUP,BMJ,是,SCIE,混合/全OA,"BMJ Open约GBP 2,175；旗舰刊更高",高,https://authors.bmj.com/open-access/,https://www.google.com/search?q=EMERGENCY+MEDICINE+JOURNAL+aims+scope+instructions+for+authors+APC
798,3-Q2,2,Head & Face Medicine,HEAD FACE MED,,1746-160X,3.0,3.3,Q2,44/165,Q1,Q1,1.21,73.6,87.0,1944.0,"DENTISTRY, ORAL SURGERY & MEDICINE","DENTISTRY, ORAL SURGERY & MEDICINE(JIF Q2/JCI Q1)",BMC,BMC,是,SCIE,全OA,"约 USD 1,990-2,890（旗舰刊更高）",高,https://www.biomedcentral.com/getpublished/article-processing-charges,https://www.google.com/search?q=Head+&+Face+Medicine+aims+scope+instructions+for+authors+APC
799,3-Q2,2,Molecular Brain,MOL BRAIN,,1756-6606,3.8,3.7,Q2,118/330,Q2,Q2,0.81,64.4,86.0,4883.0,NEUROSCIENCES,NEUROSCIENCES(JIF Q2/JCI Q2),BMC,BMC,是,SCIE,全OA,"约 USD 1,990-2,890（旗舰刊更高）",高,https://www.biomedcentral.com/getpublished/article-processing-charges,https://www.google.com/search?q=Molecular+Brain+aims+scope+instructions+for+authors+APC
800,3-Q2,2,Frontiers in Ophthalmology,FRONT OPHTHALMOL-SWI,,2674-0826,2.4,2.2,Q2,37/98,Q3,Q3,0.54,62.8,84.0,625.0,OPHTHALMOLOGY,OPHTHALMOLOGY(JIF Q2/JCI Q3),FRONTIERS MEDIA SA,Frontiers,否,ESCI,全OA,"约 CHF 1,495-3,150（Frontiers in Medicine A类=CHF 3,150）",高,https://www.frontiersin.org/about/fee-policy,https://www.google.com/search?q=Frontiers+in+Ophthalmology+aims+scope+instructions+for+authors+APC
801,3-Q2,2,Epidemiologia,EPIDEMIOLOGIA-BASEL,,2673-3986,3.2,2.5,Q2,120/443,Q2,Q2,0.81,73.0,82.0,546.0,"PUBLIC, ENVIRONMENTAL & OCCUPATIONAL HEALTH","PUBLIC, ENVIRONMENTAL & OCCUPATIONAL HEALTH(JIF Q2/JCI Q2)",MDPI,MDPI,否,ESCI,全OA,"约 CHF 1,600-2,900（如 JCM=CHF 2,600）",高,https://www.mdpi.com/about/apc,https://www.google.com/search?q=Epidemiologia+aims+scope+instructions+for+authors+APC
802,3-Q2,2,Vision,VISION-BASEL,,2411-5150,2.7,,Q2,32/98,Q3,Q3,0.61,67.9,81.0,963.0,OPHTHALMOLOGY,OPHTHALMOLOGY(JIF Q2/JCI Q3),MDPI,MDPI,否,ESCI,全OA,"约 CHF 1,600-2,900（如 JCM=CHF 2,600）",高,https://www.mdpi.com/about/apc,https://www.google.com/search?q=Vision+aims+scope+instructions+for+authors+APC
803,3-Q2,2,EXPERIMENTAL BIOLOGY AND MEDICINE,EXP BIOL MED,1535-3702,1535-3699,3.8,4.0,Q2,72/191,Q3,Q3,0.57,62.6,80.0,9181.0,"MEDICINE, RESEARCH & EXPERIMENTAL","MEDICINE, RESEARCH & EXPERIMENTAL(JIF Q2/JCI Q3)",FRONTIERS MEDIA SA,Frontiers,是,SCIE,全OA,"约 CHF 1,495-3,150（Frontiers in Medicine A类=CHF 3,150）",高,https://www.frontiersin.org/about/fee-policy,https://www.google.com/search?q=EXPERIMENTAL+BIOLOGY+AND+MEDICINE+aims+scope+instructions+for+authors+APC
804,3-Q2,1,CLINICAL PHARMACOKINETICS,CLIN PHARMACOKINET,0312-5963,1179-1926,4.0,4.6,Q2,109/356,Q2,Q2,0.9,69.5,99.0,12151.0,PHARMACOLOGY & PHARMACY,PHARMACOLOGY & PHARMACY(JIF Q2/JCI Q2),ADIS INT LTD,其他,是,SCIE,需核实,请查期刊官网 Author / Open Access 页面,未知,,https://www.google.com/search?q=CLINICAL+PHARMACOKINETICS+aims+scope+instructions+for+authors+APC
805,3-Q2,1,BIOMETALS,BIOMETALS,0966-0844,1572-8773,4.0,4.2,Q2,140/328,Q2,Q2,0.71,57.5,99.0,5423.0,BIOCHEMISTRY & MOLECULAR BIOLOGY,BIOCHEMISTRY & MOLECULAR BIOLOGY(JIF Q2/JCI Q2),SPRINGER,Springer,是,SCIE,混合为主,"订阅路线通常无APC；选OA约 USD 2,790-4,290",中,https://www.springer.com/gp/open-access,https://www.google.com/search?q=BIOMETALS+aims+scope+instructions+for+authors+APC
806,3-Q2,1,Sexual Medicine,SEX MED-UK,,2050-1161,2.4,2.6,Q2,94/336,Q1,Q1,0.76,72.2,99.0,1870.0,"MEDICINE, GENERAL & INTERNAL; UROLOGY & NEPHROLOGY","MEDICINE, GENERAL & INTERNAL(JIF Q2/JCI Q1) | UROLOGY & NEPHROLOGY(JIF Q2/JCI Q2)",OXFORD UNIV PRESS,Oxford UP,是,SCIE,混合为主,订阅路线通常无APC；可选OA，费用因刊而异,中,https://academic.oup.com/pages/open-research/open-access,https://www.google.com/search?q=Sexual+Medicine+aims+scope+instructions+for+authors+APC
807,3-Q2,1,Journal of Pediatric and Adolescent Gynecology,J PEDIATR ADOL GYNEC,1083-3188,1873-4332,2.0,2.2,Q2,78/190,Q2,Q2,0.87,59.2,99.0,3406.0,OBSTETRICS & GYNECOLOGY; PEDIATRICS,OBSTETRICS & GYNECOLOGY(JIF Q3/JCI Q2) | PEDIATRICS(JIF Q2/JCI Q2),ELSEVIER SCIENCE INC,Elsevier,是,SCIE,混合为主,"订阅路线通常无APC；Gold OA常见 USD 2,200-4,200",中,https://www.elsevier.com/open-access/agreements,https://www.google.com/search?q=Journal+of+Pediatric+and+Adolescent+Gynecology+aims+scope+instructions+for+authors+APC
808,3-Q2,1,Issues in Mental Health Nursing,ISSUES MENT HEALTH N,0161-2840,1096-4673,2.0,2.3,Q2,87/194,Q3,Q3,0.59,55.4,99.0,3958.0,NURSING; PSYCHIATRY,NURSING(JIF Q2/JCI Q3) | PSYCHIATRY(JIF Q3/JCI Q3),TAYLOR & FRANCIS INC,Taylor & Francis,是,"SCIE, SSCI",混合为主,"订阅路线通常无APC；Open Select常见 USD 2,500-3,500",中,https://authorservices.taylorandfrancis.com/publishing-open-access/,https://www.google.com/search?q=Issues+in+Mental+Health+Nursing+aims+scope+instructions+for+authors+APC
809,3-Q2,1,CURRENT OPINION IN CELL BIOLOGY,CURR OPIN CELL BIOL,0955-0674,1879-0410,6.2,6.7,Q2,56/207,Q2,Q2,0.84,73.2,98.0,12807.0,CELL BIOLOGY,CELL BIOLOGY(JIF Q2/JCI Q2),CURRENT BIOLOGY LTD,其他,是,SCIE,需核实,请查期刊官网 Author / Open Access 页面,未知,,https://www.google.com/search?q=CURRENT+OPINION+IN+CELL+BIOLOGY+aims+scope+instructions+for+authors+APC
810,3-Q2,1,World Allergy Organization Journal,WORLD ALLERGY ORGAN,1939-4551,1939-4551,4.0,4.8,Q2,15/40,Q2,Q2,0.93,63.7,98.0,4620.0,ALLERGY; IMMUNOLOGY,ALLERGY(JIF Q2/JCI Q2) | IMMUNOLOGY(JIF Q2/JCI Q2),ELSEVIER,Elsevier,是,SCIE,混合为主,"订阅路线通常无APC；Gold OA常见 USD 2,200-4,200",中,https://www.elsevier.com/open-access/agreements,https://www.google.com/search?q=World+Allergy+Organization+Journal+aims+scope+instructions+for+authors+APC
811,3-Q2,1,Intensive Care Medicine Experimental,INTENS CARE MED EXP,2197-425X,2197-425X,2.9,3.1,Q2,28/66,Q2,Q2,0.65,58.3,98.0,1958.0,CRITICAL CARE MEDICINE,CRITICAL CARE MEDICINE(JIF Q2/JCI Q2),SPRINGER,Springer,否,ESCI,混合为主,"订阅路线通常无APC；选OA约 USD 2,790-4,290",中,https://www.springer.com/gp/open-access,https://www.google.com/search?q=Intensive+Care+Medicine+Experimental+aims+scope+instructions+for+authors+APC
812,3-Q2,1,Alpha Psychiatry,ALPHA PSYCHIAT,,2757-8038,2.9,2.7,Q2,119/293,Q3,Q3,0.59,59.6,98.0,691.0,PSYCHIATRY,PSYCHIATRY(JIF Q2/JCI Q3),IMR PRESS,其他,是,SCIE,需核实,请查期刊官网 Author / Open Access 页面,未知,,https://www.google.com/search?q=Alpha+Psychiatry+aims+scope+instructions+for+authors+APC
813,3-Q2,1,Journal of Anesthesia,J ANESTH,0913-8668,1438-8359,2.8,3.1,Q2,25/72,Q1,Q1,1.07,66.0,98.0,3711.0,ANESTHESIOLOGY,ANESTHESIOLOGY(JIF Q2/JCI Q1),SPRINGER JAPAN KK,Springer,是,SCIE,混合为主,"订阅路线通常无APC；选OA约 USD 2,790-4,290",中,https://www.springer.com/gp/open-access,https://www.google.com/search?q=Journal+of+Anesthesia+aims+scope+instructions+for+authors+APC
814,3-Q2,1,APPLIED NURSING RESEARCH,APPL NURS RES,0897-1897,1532-8201,2.2,3.2,Q2,69/194,Q2,Q2,1.01,64.7,98.0,3861.0,NURSING,NURSING(JIF Q2/JCI Q2),W B SAUNDERS CO-ELSEVIER INC,Elsevier,是,"SCIE, SSCI",混合为主,"订阅路线通常无APC；Gold OA常见 USD 2,200-4,200",中,https://www.elsevier.com/open-access/agreements,https://www.google.com/search?q=APPLIED+NURSING+RESEARCH+aims+scope+instructions+for+authors+APC
815,3-Q2,1,CLINICAL OTOLARYNGOLOGY,CLIN OTOLARYNGOL,1749-4478,1749-4486,1.9,2.0,Q2,20/67,Q2,Q2,0.82,70.9,98.0,4321.0,OTORHINOLARYNGOLOGY,OTORHINOLARYNGOLOGY(JIF Q2/JCI Q2),WILEY,Wiley,是,SCIE,混合为主,"订阅路线通常无APC；OnlineOpen常见 USD 3,200-4,700",中,https://authorservices.wiley.com/author-resources/Journal-Authors/open-access/article-publication-charges.html,https://www.google.com/search?q=CLINICAL+OTOLARYNGOLOGY+aims+scope+instructions+for+authors+APC
816,3-Q2,1,JOURNAL OF SEX RESEARCH,J SEX RES,0022-4499,1559-8519,3.0,3.8,Q2,30/275,Q1,Q1,1.16,74.2,97.0,7380.0,"PSYCHOLOGY, CLINICAL","PSYCHOLOGY, CLINICAL(JIF Q2/JCI Q1)","ROUTLEDGE JOURNALS, TAYLOR & FRANCIS LTD",Taylor & Francis,否,SSCI,混合为主,"订阅路线通常无APC；Open Select常见 USD 2,500-3,500",中,https://authorservices.taylorandfrancis.com/publishing-open-access/,https://www.google.com/search?q=JOURNAL+OF+SEX+RESEARCH+aims+scope+instructions+for+authors+APC
817,3-Q2,1,AMERICAN JOURNAL OF PHYSIOLOGY-GASTROINTESTINAL AND LIVER PHYSIOLOGY,AM J PHYSIOL-GASTR L,0193-1857,1522-1547,3.0,4.3,Q2,33/89,Q1,Q1,0.95,56.5,97.0,14211.0,GASTROENTEROLOGY & HEPATOLOGY,GASTROENTEROLOGY & HEPATOLOGY(JIF Q2/JCI Q1),AMER PHYSIOLOGICAL SOC,其他,是,SCIE,需核实,请查期刊官网 Author / Open Access 页面,未知,,https://www.google.com/search?q=AMERICAN+JOURNAL+OF+PHYSIOLOGY-GASTROINTESTINAL+AND+LIVER+PHYSIOLOGY+aims+scope+instructions+for+authors+APC
818,3-Q2,1,Middle East Current Psychiatry-MECPsych,MIDDLE EAST CURR PSY,,2090-5416,2.6,2.3,Q2,139/293,Q3,Q3,0.56,52.7,97.0,1186.0,PSYCHIATRY,PSYCHIATRY(JIF Q2/JCI Q3),SPRINGERNATURE,Springer Nature,否,ESCI,混合/全OA,"全OA约 USD 2,090-3,490；Nature系更高；Scientific Reports已拉黑",中高,https://www.springernature.com/gp/open-research/journals-books/journals,https://www.google.com/search?q=Middle+East+Current+Psychiatry-MECPsych+aims+scope+instructions+for+authors+APC
819,3-Q2,1,JOURNAL OF REHABILITATION MEDICINE,J REHABIL MED,1650-1977,1651-2081,2.3,2.8,Q2,46/175,Q2,Q2,0.86,74.0,97.0,6071.0,REHABILITATION; SPORT SCIENCES,REHABILITATION(JIF Q2/JCI Q2) | SPORT SCIENCES(JIF Q2/JCI Q2),FOUNDATION REHABILITATION INFORMATION,其他,是,SCIE,需核实,请查期刊官网 Author / Open Access 页面,未知,,https://www.google.com/search?q=JOURNAL+OF+REHABILITATION+MEDICINE+aims+scope+instructions+for+authors+APC
820,3-Q2,1,THERAPEUTIC DRUG MONITORING,THER DRUG MONIT,0163-4356,1536-3694,2.3,2.4,Q2,14/33,Q3,Q3,0.62,59.1,97.0,4334.0,MEDICAL LABORATORY TECHNOLOGY; PHARMACOLOGY & PHARMACY; TOXICOLOGY,MEDICAL LABORATORY TECHNOLOGY(JIF Q2/JCI Q3) | PHARMACOLOGY & PHARMACY(JIF Q3/JCI Q3) | TOXICOLOGY(JIF Q3/JCI Q3),LIPPINCOTT WILLIAMS & WILKINS,Wolters Kluwer/LWW,是,SCIE,混合为主,"订阅路线通常无APC；OA常见 USD 2,000-4,000；MEDICINE已拉黑",中,https://wkauthorservices.editage.com/open-access/,https://www.google.com/search?q=THERAPEUTIC+DRUG+MONITORING+aims+scope+instructions+for+authors+APC
821,3-Q2,1,International Journal of Spine Surgery,INT J SPINE SURG,,2211-4599,2.1,2.4,Q2,128/321,Q2,Q2,0.84,60.3,97.0,2461.0,SURGERY,SURGERY(JIF Q2/JCI Q2),INT SOC ADVANCEMENT SPINE SURGERY-ISASS,其他,否,ESCI,需核实,请查期刊官网 Author / Open Access 页面,未知,,https://www.google.com/search?q=International+Journal+of+Spine+Surgery+aims+scope+instructions+for+authors+APC
822,3-Q2,1,PROTEOMICS,PROTEOMICS,1615-9853,1615-9861,4.1,3.9,Q2,22/85,Q2,Q2,0.69,60.5,96.0,11300.0,BIOCHEMISTRY & MOLECULAR BIOLOGY,BIOCHEMISTRY & MOLECULAR BIOLOGY(JIF Q2/JCI Q2),WILEY-V C H VERLAG GMBH,Wiley,是,SCIE,混合为主,"订阅路线通常无APC；OnlineOpen常见 USD 3,200-4,700",中,https://authorservices.wiley.com/author-resources/Journal-Authors/open-access/article-publication-charges.html,https://www.google.com/search?q=PROTEOMICS+aims+scope+instructions+for+authors+APC
823,3-Q2,1,Cardiovascular Toxicology,CARDIOVASC TOXICOL,1530-7905,1559-0259,3.3,3.7,Q2,81/237,Q2,Q2,0.92,66.0,96.0,2641.0,CARDIAC & CARDIOVASCULAR SYSTEMS; TOXICOLOGY,CARDIAC & CARDIOVASCULAR SYSTEMS(JIF Q2/JCI Q2) | TOXICOLOGY(JIF Q2/JCI Q2),HUMANA PRESS INC,其他,是,SCIE,需核实,请查期刊官网 Author / Open Access 页面,未知,,https://www.google.com/search?q=Cardiovascular+Toxicology+aims+scope+instructions+for+authors+APC
824,3-Q2,1,PHARMACEUTICAL DEVELOPMENT AND TECHNOLOGY,PHARM DEV TECHNOL,1083-7450,1097-9867,2.9,3.2,Q2,173/356,Q2,Q2,0.75,51.5,96.0,4117.0,PHARMACOLOGY & PHARMACY,PHARMACOLOGY & PHARMACY(JIF Q2/JCI Q2),TAYLOR & FRANCIS LTD,Taylor & Francis,是,SCIE,混合为主,"订阅路线通常无APC；Open Select常见 USD 2,500-3,500",中,https://authorservices.taylorandfrancis.com/publishing-open-access/,https://www.google.com/search?q=PHARMACEUTICAL+DEVELOPMENT+AND+TECHNOLOGY+aims+scope+instructions+for+authors+APC
825,3-Q2,1,Journal of Comparative Effectiveness Research,J COMP EFFECT RES,2042-6305,2042-6313,2.8,2.7,Q2,81/194,Q2,Q2,0.69,58.5,96.0,2099.0,HEALTH CARE SCIENCES & SERVICES,HEALTH CARE SCIENCES & SERVICES(JIF Q2/JCI Q2),Becaris Publishing,其他,是,SCIE,需核实,请查期刊官网 Author / Open Access 页面,未知,,https://www.google.com/search?q=Journal+of+Comparative+Effectiveness+Research+aims+scope+instructions+for+authors+APC
826,3-Q2,1,Journal of Hepato-Biliary-Pancreatic Sciences,J HEPATO-BIL-PAN SCI,1868-6974,1868-6982,2.5,3.2,Q2,85/321,Q2,Q2,0.88,73.7,96.0,5490.0,GASTROENTEROLOGY & HEPATOLOGY; SURGERY,GASTROENTEROLOGY & HEPATOLOGY(JIF Q3/JCI Q2) | SURGERY(JIF Q2/JCI Q2),WILEY,Wiley,是,SCIE,混合为主,"订阅路线通常无APC；OnlineOpen常见 USD 3,200-4,700",中,https://authorservices.wiley.com/author-resources/Journal-Authors/open-access/article-publication-charges.html,https://www.google.com/search?q=Journal+of+Hepato-Biliary-Pancreatic+Sciences+aims+scope+instructions+for+authors+APC
827,3-Q2,1,Virus Evolution,VIRUS EVOL,,2057-1577,3.8,4.3,Q2,12/44,Q1,Q1,1.14,73.9,95.0,3915.0,VIROLOGY,VIROLOGY(JIF Q2/JCI Q1),OXFORD UNIV PRESS,Oxford UP,是,SCIE,混合为主,订阅路线通常无APC；可选OA，费用因刊而异,中,https://academic.oup.com/pages/open-research/open-access,https://www.google.com/search?q=Virus+Evolution+aims+scope+instructions+for+authors+APC
828,3-Q2,1,JOURNAL OF PHARMACY AND PHARMACOLOGY,J PHARM PHARMACOL,0022-3573,2042-7158,3.7,3.7,Q2,120/356,Q2,Q2,0.77,66.4,95.0,10931.0,PHARMACOLOGY & PHARMACY,PHARMACOLOGY & PHARMACY(JIF Q2/JCI Q2),OXFORD UNIV PRESS,Oxford UP,是,SCIE,混合为主,订阅路线通常无APC；可选OA，费用因刊而异,中,https://academic.oup.com/pages/open-research/open-access,https://www.google.com/search?q=JOURNAL+OF+PHARMACY+AND+PHARMACOLOGY+aims+scope+instructions+for+authors+APC
829,3-Q2,1,PLANT MOLECULAR BIOLOGY,PLANT MOL BIOL,0167-4412,1573-5028,3.7,4.6,Q2,73/285,Q2,Q2,0.77,53.5,95.0,15938.0,BIOCHEMISTRY & MOLECULAR BIOLOGY,BIOCHEMISTRY & MOLECULAR BIOLOGY(JIF Q2/JCI Q2),SPRINGER,Springer,是,SCIE,混合为主,"订阅路线通常无APC；选OA约 USD 2,790-4,290",中,https://www.springer.com/gp/open-access,https://www.google.com/search?q=PLANT+MOLECULAR+BIOLOGY+aims+scope+instructions+for+authors+APC
830,3-Q2,1,MOLECULAR IMAGING AND BIOLOGY,MOL IMAGING BIOL,1536-1632,1860-2002,2.5,2.6,Q2,93/217,Q2,Q2,0.74,57.4,95.0,3108.0,"RADIOLOGY, NUCLEAR MEDICINE & MEDICAL IMAGING","RADIOLOGY, NUCLEAR MEDICINE & MEDICAL IMAGING(JIF Q2/JCI Q2)",SPRINGER,Springer,是,SCIE,混合为主,"订阅路线通常无APC；选OA约 USD 2,790-4,290",中,https://www.springer.com/gp/open-access,https://www.google.com/search?q=MOLECULAR+IMAGING+AND+BIOLOGY+aims+scope+instructions+for+authors+APC
831,3-Q2,1,JOURNAL OF INVESTIGATIVE MEDICINE,J INVEST MED,1081-5589,1708-8267,1.9,2.1,Q2,123/336,Q2,Q2,0.43,63.5,95.0,2921.0,"MEDICINE, GENERAL & INTERNAL; MEDICINE, RESEARCH & EXPERIMENTAL","MEDICINE, GENERAL & INTERNAL(JIF Q2/JCI Q2) | MEDICINE, RESEARCH & EXPERIMENTAL(JIF Q3/JCI Q3)",SAGE PUBLICATIONS LTD,SAGE,是,SCIE,混合为主,"订阅路线通常无APC；SAGE Choice常见 USD 2,000-4,000",中,https://us.sagepub.com/en-us/nam/sage-choice,https://www.google.com/search?q=JOURNAL+OF+INVESTIGATIVE+MEDICINE+aims+scope+instructions+for+authors+APC
832,3-Q2,1,Beni-Suef University Journal of Basic and Applied Sciences,BENI-SUEF U J BASIC,,2314-8543,3.1,3.4,Q2,41/140,Q2,Q2,0.58,71.1,94.0,2560.0,MULTIDISCIPLINARY SCIENCES,MULTIDISCIPLINARY SCIENCES(JIF Q2/JCI Q2),SPRINGERNATURE,Springer Nature,否,ESCI,混合/全OA,"全OA约 USD 2,090-3,490；Nature系更高；Scientific Reports已拉黑",中高,https://www.springernature.com/gp/open-research/journals-books/journals,https://www.google.com/search?q=Beni-Suef+University+Journal+of+Basic+and+Applied+Sciences+aims+scope+instructions+for+authors+APC
833,3-Q2,1,Environmental Health and Preventive Medicine,ENVIRON HEALTH PREV,1342-078X,1347-4715,2.9,4.3,Q2,139/443,Q2,Q2,0.9,68.7,94.0,3721.0,"PUBLIC, ENVIRONMENTAL & OCCUPATIONAL HEALTH","PUBLIC, ENVIRONMENTAL & OCCUPATIONAL HEALTH(JIF Q2/JCI Q2)",JAPANESE SOC HYGIENE,其他,是,"SCIE, SSCI",需核实,请查期刊官网 Author / Open Access 页面,未知,,https://www.google.com/search?q=Environmental+Health+and+Preventive+Medicine+aims+scope+instructions+for+authors+APC
834,3-Q2,1,Brain Imaging and Behavior,BRAIN IMAGING BEHAV,1931-7557,1931-7565,2.8,3.1,Q2,9/18,Q3,Q3,0.7,52.8,94.0,5750.0,NEUROIMAGING,NEUROIMAGING(JIF Q2/JCI Q3),SPRINGER,Springer,是,SCIE,混合为主,"订阅路线通常无APC；选OA约 USD 2,790-4,290",中,https://www.springer.com/gp/open-access,https://www.google.com/search?q=Brain+Imaging+and+Behavior+aims+scope+instructions+for+authors+APC
835,3-Q2,1,npj Science of Learning,NPJ SCI LEARN,,2056-7936,4.3,5.0,Q2,61/760,Q1,Q1,1.23,70.5,93.0,1727.0,NEUROSCIENCES,NEUROSCIENCES(JIF Q2/JCI Q1),NATURE PORTFOLIO,Springer Nature,是,SSCI; SCIE,混合/全OA,"全OA约 USD 2,090-3,490；Nature系更高；Scientific Reports已拉黑",中高,https://www.springernature.com/gp/open-research/journals-books/journals,https://www.google.com/search?q=npj+Science+of+Learning+aims+scope+instructions+for+authors+APC
836,3-Q2,1,MEDICINAL CHEMISTRY RESEARCH,MED CHEM RES,1054-2523,1554-8120,3.5,3.0,Q2,36/72,Q3,Q3,0.58,50.7,93.0,6793.0,"CHEMISTRY, MEDICINAL","CHEMISTRY, MEDICINAL(JIF Q2/JCI Q3)",SPRINGER BIRKHAUSER,Springer,是,SCIE,混合为主,"订阅路线通常无APC；选OA约 USD 2,790-4,290",中,https://www.springer.com/gp/open-access,https://www.google.com/search?q=MEDICINAL+CHEMISTRY+RESEARCH+aims+scope+instructions+for+authors+APC
837,3-Q2,1,JOURNAL OF HUMAN HYPERTENSION,J HUM HYPERTENS,0950-9240,1476-5527,3.3,3.0,Q2,33/100,Q2,Q2,0.7,67.5,93.0,4916.0,PERIPHERAL VASCULAR DISEASE,PERIPHERAL VASCULAR DISEASE(JIF Q2/JCI Q2),SPRINGERNATURE,Springer Nature,是,SCIE,混合/全OA,"全OA约 USD 2,090-3,490；Nature系更高；Scientific Reports已拉黑",中高,https://www.springernature.com/gp/open-research/journals-books/journals,https://www.google.com/search?q=JOURNAL+OF+HUMAN+HYPERTENSION+aims+scope+instructions+for+authors+APC
838,3-Q2,1,DNA REPAIR,DNA REPAIR,1568-7864,1568-7856,3.2,3.6,Q2,72/192,Q2,Q2,0.84,62.8,93.0,6424.0,GENETICS & HEREDITY; TOXICOLOGY,GENETICS & HEREDITY(JIF Q2/JCI Q2) | TOXICOLOGY(JIF Q2/JCI Q2),ELSEVIER,Elsevier,是,SCIE,混合为主,"订阅路线通常无APC；Gold OA常见 USD 2,200-4,200",中,https://www.elsevier.com/open-access/agreements,https://www.google.com/search?q=DNA+REPAIR+aims+scope+instructions+for+authors+APC
839,3-Q2,1,Sports Health-A Multidisciplinary Approach,SPORTS HEALTH,1941-7381,1941-0921,3.1,4.0,Q2,35/136,Q2,Q2,0.82,74.6,93.0,5331.0,SPORT SCIENCES,SPORT SCIENCES(JIF Q2/JCI Q2),SAGE PUBLICATIONS INC,SAGE,是,SCIE,混合为主,"订阅路线通常无APC；SAGE Choice常见 USD 2,000-4,000",中,https://us.sagepub.com/en-us/nam/sage-choice,https://www.google.com/search?q=Sports+Health-A+Multidisciplinary+Approach+aims+scope+instructions+for+authors+APC
840,3-Q2,1,Current Research in Parasitology & Vector-Borne Diseases,CURR RES PARASITOL V,2667-114X,2667-114X,3.0,3.6,Q2,13/47,Q1,Q1,0.99,73.4,93.0,820.0,PARASITOLOGY,PARASITOLOGY(JIF Q2/JCI Q1),ELSEVIER,Elsevier,否,ESCI,混合为主,"订阅路线通常无APC；Gold OA常见 USD 2,200-4,200",中,https://www.elsevier.com/open-access/agreements,https://www.google.com/search?q=Current+Research+in+Parasitology+&+Vector-Borne+Diseases+aims+scope+instructions+for+authors+APC
841,3-Q2,1,Substance Use & Addiction Journal,SUBST USE ADDICT J,2976-7342,2976-7350,2.4,2.4,Q2,28/61,Q2,Q2,0.88,54.9,93.0,311.0,SUBSTANCE ABUSE,SUBSTANCE ABUSE(JIF Q2/JCI Q2),SAGE PUBLICATIONS INC,SAGE,是,"SCIE, SSCI",混合为主,"订阅路线通常无APC；SAGE Choice常见 USD 2,000-4,000",中,https://us.sagepub.com/en-us/nam/sage-choice,https://www.google.com/search?q=Substance+Use+&+Addiction+Journal+aims+scope+instructions+for+authors+APC
842,3-Q2,1,Journal of Cardiovascular Nursing,J CARDIOVASC NURS,0889-4655,1550-5049,2.3,2.4,Q2,62/194,Q2,Q2,0.91,68.3,93.0,2827.0,CARDIAC & CARDIOVASCULAR SYSTEMS; NURSING,CARDIAC & CARDIOVASCULAR SYSTEMS(JIF Q3/JCI Q2) | NURSING(JIF Q2/JCI Q2),LIPPINCOTT WILLIAMS & WILKINS,Wolters Kluwer/LWW,是,"SCIE; SCIE, SSCI",混合为主,"订阅路线通常无APC；OA常见 USD 2,000-4,000；MEDICINE已拉黑",中,https://wkauthorservices.editage.com/open-access/,https://www.google.com/search?q=Journal+of+Cardiovascular+Nursing+aims+scope+instructions+for+authors+APC
843,3-Q2,1,Primary Health Care Research & Development,PRIM HEALTH CARE RES,1463-4236,1477-1128,2.0,2.3,Q2,14/29,Q3,Q3,0.86,53.4,93.0,1977.0,PRIMARY HEALTH CARE,PRIMARY HEALTH CARE(JIF Q2/JCI Q3),CAMBRIDGE UNIV PRESS,Cambridge UP,是,SCIE,混合为主,订阅路线通常无APC；Gold OA因刊而异,中,https://www.cambridge.org/core/open-research/open-access,https://www.google.com/search?q=Primary+Health+Care+Research+&+Development+aims+scope+instructions+for+authors+APC
844,3-Q2,1,OTOLARYNGOLOGIC CLINICS OF NORTH AMERICA,OTOLARYNG CLIN N AM,0030-6665,1557-8259,1.9,1.8,Q2,20/67,Q2,Q2,0.96,70.9,93.0,3704.0,OTORHINOLARYNGOLOGY,OTORHINOLARYNGOLOGY(JIF Q2/JCI Q2),W B SAUNDERS CO-ELSEVIER INC,Elsevier,是,SCIE,混合为主,"订阅路线通常无APC；Gold OA常见 USD 2,200-4,200",中,https://www.elsevier.com/open-access/agreements,https://www.google.com/search?q=OTOLARYNGOLOGIC+CLINICS+OF+NORTH+AMERICA+aims+scope+instructions+for+authors+APC
845,3-Q2,1,IEEE Transactions on Biomedical Circuits and Systems,IEEE T BIOMED CIRC S,1932-4545,1940-9990,5.1,5.5,Q2,90/369,Q1,Q1,0.97,71.9,92.0,6393.0,"ENGINEERING, BIOMEDICAL","ENGINEERING, BIOMEDICAL(JIF Q2/JCI Q1)",IEEE-INST ELECTRICAL ELECTRONICS ENGINEERS INC,IEEE,是,SCIE,混合/OA,因刊而异,中,https://open.ieee.org/,https://www.google.com/search?q=IEEE+Transactions+on+Biomedical+Circuits+and+Systems+aims+scope+instructions+for+authors+APC
846,3-Q2,1,MOLECULAR PHARMACOLOGY,MOL PHARMACOL,0026-895X,1521-0111,3.0,3.3,Q2,169/356,Q2,Q2,0.79,52.7,92.0,11944.0,PHARMACOLOGY & PHARMACY,PHARMACOLOGY & PHARMACY(JIF Q2/JCI Q2),ELSEVIER,Elsevier,是,SCIE,混合为主,"订阅路线通常无APC；Gold OA常见 USD 2,200-4,200",中,https://www.elsevier.com/open-access/agreements,https://www.google.com/search?q=MOLECULAR+PHARMACOLOGY+aims+scope+instructions+for+authors+APC
847,3-Q2,1,Explore-The Journal of Science and Healing,EXPLORE-NY,1550-8307,1878-7541,2.4,2.4,Q2,22/48,Q2,Q2,0.55,55.2,92.0,2157.0,INTEGRATIVE & COMPLEMENTARY MEDICINE,INTEGRATIVE & COMPLEMENTARY MEDICINE(JIF Q2/JCI Q2),ELSEVIER SCIENCE INC,Elsevier,是,SCIE,混合为主,"订阅路线通常无APC；Gold OA常见 USD 2,200-4,200",中,https://www.elsevier.com/open-access/agreements,https://www.google.com/search?q=Explore-The+Journal+of+Science+and+Healing+aims+scope+instructions+for+authors+APC
848,3-Q2,1,PUBLIC HEALTH REPORTS,PUBLIC HEALTH REP,0033-3549,1468-2877,2.3,2.8,Q2,209/443,Q2,Q2,0.69,52.9,92.0,7956.0,"PUBLIC, ENVIRONMENTAL & OCCUPATIONAL HEALTH","PUBLIC, ENVIRONMENTAL & OCCUPATIONAL HEALTH(JIF Q2/JCI Q2)",SAGE PUBLICATIONS INC,SAGE,是,"SCIE, SSCI",混合为主,"订阅路线通常无APC；SAGE Choice常见 USD 2,000-4,000",中,https://us.sagepub.com/en-us/nam/sage-choice,https://www.google.com/search?q=PUBLIC+HEALTH+REPORTS+aims+scope+instructions+for+authors+APC
849,3-Q2,1,Science of Nature,SCI NAT-HEIDELBERG,0028-1042,1432-1904,1.7,2.1,Q2,67/140,Q2,Q2,0.65,52.5,92.0,1447.0,MULTIDISCIPLINARY SCIENCES,MULTIDISCIPLINARY SCIENCES(JIF Q2/JCI Q2),SPRINGER HEIDELBERG,Springer,是,SCIE,混合为主,"订阅路线通常无APC；选OA约 USD 2,790-4,290",中,https://www.springer.com/gp/open-access,https://www.google.com/search?q=Science+of+Nature+aims+scope+instructions+for+authors+APC
850,3-Q2,1,Acta Medica Portuguesa,ACTA MEDICA PORT,0870-399X,1646-0758,1.2,1.0,Q2,167/336,Q3,Q3,0.32,50.4,92.0,1378.0,"MEDICINE, GENERAL & INTERNAL","MEDICINE, GENERAL & INTERNAL(JIF Q2/JCI Q3)",ORDEM MEDICOS,其他,是,SCIE,需核实,请查期刊官网 Author / Open Access 页面,未知,,https://www.google.com/search?q=Acta+Medica+Portuguesa+aims+scope+instructions+for+authors+APC
851,3-Q2,1,ACTA CARDIOLOGICA,ACTA CARDIOL,0001-5385,1784-973X,4.0,2.4,Q2,64/237,Q2,Q2,0.73,73.2,91.0,2198.0,CARDIAC & CARDIOVASCULAR SYSTEMS,CARDIAC & CARDIOVASCULAR SYSTEMS(JIF Q2/JCI Q2),TAYLOR & FRANCIS LTD,Taylor & Francis,是,SCIE,混合为主,"订阅路线通常无APC；Open Select常见 USD 2,500-3,500",中,https://authorservices.taylorandfrancis.com/publishing-open-access/,https://www.google.com/search?q=ACTA+CARDIOLOGICA+aims+scope+instructions+for+authors+APC
852,3-Q2,1,PREVENTION SCIENCE,PREV SCI,1389-4986,1573-6695,2.5,3.8,Q2,186/443,Q2,Q2,0.83,58.1,91.0,6528.0,"PUBLIC, ENVIRONMENTAL & OCCUPATIONAL HEALTH","PUBLIC, ENVIRONMENTAL & OCCUPATIONAL HEALTH(JIF Q2/JCI Q2)",SPRINGER/PLENUM PUBLISHERS,Springer,否,SSCI,混合为主,"订阅路线通常无APC；选OA约 USD 2,790-4,290",中,https://www.springer.com/gp/open-access,https://www.google.com/search?q=PREVENTION+SCIENCE+aims+scope+instructions+for+authors+APC
853,3-Q2,1,World Journal of Orthopedics,WORLD J ORTHOP,2218-5836,2218-5836,2.3,2.5,Q2,62/147,Q2,Q2,0.76,58.2,91.0,3201.0,ORTHOPEDICS,ORTHOPEDICS(JIF Q2/JCI Q2),BAISHIDENG PUBLISHING GROUP INC,其他,否,ESCI,需核实,请查期刊官网 Author / Open Access 页面,未知,,https://www.google.com/search?q=World+Journal+of+Orthopedics+aims+scope+instructions+for+authors+APC
854,3-Q2,1,International Emergency Nursing,INT EMERG NURS,1755-599X,1878-013X,2.2,2.7,Q2,69/194,Q2,Q2,0.89,64.7,91.0,2219.0,NURSING,NURSING(JIF Q2/JCI Q2),ELSEVIER SCI LTD,Elsevier,是,"SCIE, SSCI",混合为主,"订阅路线通常无APC；Gold OA常见 USD 2,200-4,200",中,https://www.elsevier.com/open-access/agreements,https://www.google.com/search?q=International+Emergency+Nursing+aims+scope+instructions+for+authors+APC
855,3-Q2,1,CytoJournal,CYTOJOURNAL,0974-5963,1742-6413,2.2,2.7,Q2,44/89,Q2,Q2,0.85,51.1,91.0,785.0,PATHOLOGY,PATHOLOGY(JIF Q2/JCI Q2),SCIENTIFIC SCHOLAR LLC,其他,是,SCIE,需核实,请查期刊官网 Author / Open Access 页面,未知,,https://www.google.com/search?q=CytoJournal+aims+scope+instructions+for+authors+APC
856,3-Q2,1,SURGICAL ONCOLOGY-OXFORD,SURG ONCOL,0960-7404,1879-3320,2.1,2.6,Q2,128/321,Q2,Q2,0.74,60.3,91.0,3538.0,ONCOLOGY; SURGERY,ONCOLOGY(JIF Q3/JCI Q2) | SURGERY(JIF Q2/JCI Q2),ELSEVIER SCI LTD,Elsevier,是,SCIE,混合为主,"订阅路线通常无APC；Gold OA常见 USD 2,200-4,200",中,https://www.elsevier.com/open-access/agreements,https://www.google.com/search?q=SURGICAL+ONCOLOGY-OXFORD+aims+scope+instructions+for+authors+APC
857,3-Q2,1,BMC Digital Health,BMC DIGIT HEALTH,,2731-684X,3.2,3.2,Q2,67/194,Q3,Q3,0.67,65.7,90.0,456.0,HEALTH CARE SCIENCES & SERVICES; MEDICAL INFORMATICS,HEALTH CARE SCIENCES & SERVICES(JIF Q2/JCI Q3) | MEDICAL INFORMATICS(JIF Q3/JCI Q3),SPRINGERNATURE,Springer Nature,否,ESCI,混合/全OA,"全OA约 USD 2,090-3,490；Nature系更高；Scientific Reports已拉黑",中高,https://www.springernature.com/gp/open-research/journals-books/journals,https://www.google.com/search?q=BMC+Digital+Health+aims+scope+instructions+for+authors+APC
858,3-Q2,1,Eating Behaviors,EAT BEHAV,1471-0153,1873-7358,2.8,3.2,Q2,54/184,Q2,Q2,0.87,70.9,90.0,4306.0,"PSYCHIATRY; PSYCHOLOGY, CLINICAL","PSYCHIATRY(JIF Q2/JCI Q2) | PSYCHOLOGY, CLINICAL(JIF Q2/JCI Q2)",ELSEVIER,Elsevier,否,SSCI,混合为主,"订阅路线通常无APC；Gold OA常见 USD 2,200-4,200",中,https://www.elsevier.com/open-access/agreements,https://www.google.com/search?q=Eating+Behaviors+aims+scope+instructions+for+authors+APC
859,3-Q2,1,RESPIRATION,RESPIRATION,0025-7931,1423-0356,2.6,3.2,Q2,53/107,Q2,Q2,0.83,50.9,90.0,5149.0,RESPIRATORY SYSTEM,RESPIRATORY SYSTEM(JIF Q2/JCI Q2),KARGER,Karger,是,SCIE,混合/OA,"因刊而异，常见 USD 2,500-3,800",中,https://karger.com/pages/Open-Access,https://www.google.com/search?q=RESPIRATION+aims+scope+instructions+for+authors+APC
860,3-Q2,1,Journal of Studies on Alcohol and Drugs,J STUD ALCOHOL DRUGS,1937-1888,1938-4114,2.4,2.7,Q2,28/61,Q2,Q2,0.85,54.9,90.0,5843.0,SUBSTANCE ABUSE,SUBSTANCE ABUSE(JIF Q2/JCI Q2),ALCOHOL RES DOCUMENTATION INC CENT ALCOHOL STUD RUTGERS UNIV,其他,是,"SCIE; SCIE, SSCI",需核实,请查期刊官网 Author / Open Access 页面,未知,,https://www.google.com/search?q=Journal+of+Studies+on+Alcohol+and+Drugs+aims+scope+instructions+for+authors+APC
861,3-Q2,1,Journal of Pediatric Health Care,J PEDIATR HEALTH CAR,0891-5245,1532-656X,2.0,2.6,Q2,78/190,Q2,Q2,0.79,59.2,90.0,2133.0,HEALTH POLICY & SERVICES; NURSING; PEDIATRICS,HEALTH POLICY & SERVICES(JIF Q3/JCI Q2) | NURSING(JIF Q2/JCI Q2) | PEDIATRICS(JIF Q2/JCI Q2),ELSEVIER SCIENCE INC,Elsevier,是,"SSCI; SCIE, SSCI; SCIE",混合为主,"订阅路线通常无APC；Gold OA常见 USD 2,200-4,200",中,https://www.elsevier.com/open-access/agreements,https://www.google.com/search?q=Journal+of+Pediatric+Health+Care+aims+scope+instructions+for+authors+APC
862,3-Q2,1,American Journal of Audiology,AM J AUDIOL,1059-0889,1558-9137,1.7,1.9,Q2,27/67,Q2,Q2,0.92,60.4,90.0,1995.0,AUDIOLOGY & SPEECH-LANGUAGE PATHOLOGY; OTORHINOLARYNGOLOGY,AUDIOLOGY & SPEECH-LANGUAGE PATHOLOGY(JIF Q2/JCI Q2) | OTORHINOLARYNGOLOGY(JIF Q2/JCI Q2),AMER SPEECH-LANGUAGE-HEARING ASSOC,其他,是,SCIE,需核实,请查期刊官网 Author / Open Access 页面,未知,,https://www.google.com/search?q=American+Journal+of+Audiology+aims+scope+instructions+for+authors+APC
863,3-Q2,1,Neurophotonics,NEUROPHOTONICS,2329-423X,2329-4248,3.6,5.0,Q2,42/129,Q2,Q2,0.98,60.2,89.0,2916.0,NEUROSCIENCES,NEUROSCIENCES(JIF Q2/JCI Q2),SPIE-SOC PHOTO-OPTICAL INSTRUMENTATION ENGINEERS,其他,是,SCIE,需核实,请查期刊官网 Author / Open Access 页面,未知,,https://www.google.com/search?q=Neurophotonics+aims+scope+instructions+for+authors+APC
864,3-Q2,1,MICROBES AND INFECTION,MICROBES INFECT,1286-4579,1769-714X,2.9,2.9,Q2,64/141,Q2,Q2,0.79,55.0,89.0,6701.0,IMMUNOLOGY; INFECTIOUS DISEASES; MICROBIOLOGY,IMMUNOLOGY(JIF Q3/JCI Q2) | INFECTIOUS DISEASES(JIF Q2/JCI Q2) | MICROBIOLOGY(JIF Q3/JCI Q2),ELSEVIER,Elsevier,是,SCIE,混合为主,"订阅路线通常无APC；Gold OA常见 USD 2,200-4,200",中,https://www.elsevier.com/open-access/agreements,https://www.google.com/search?q=MICROBES+AND+INFECTION+aims+scope+instructions+for+authors+APC
865,3-Q2,1,Journal of Athletic Training,J ATHL TRAINING,1062-6050,1938-162X,2.6,3.4,Q2,48/136,Q1,Q1,1.08,65.1,89.0,9415.0,SPORT SCIENCES,SPORT SCIENCES(JIF Q2/JCI Q1),NATL ATHLETIC TRAINERS ASSOC INC,其他,是,SCIE,需核实,请查期刊官网 Author / Open Access 页面,未知,,https://www.google.com/search?q=Journal+of+Athletic+Training+aims+scope+instructions+for+authors+APC
866,3-Q2,1,Journal of Tissue Viability,J TISSUE VIABILITY,0965-206X,1876-4746,2.5,2.9,Q2,49/194,Q1,Q1,1.05,75.0,89.0,2368.0,DERMATOLOGY; NURSING,DERMATOLOGY(JIF Q2/JCI Q2) | NURSING(JIF Q2/JCI Q1),ELSEVIER SCI LTD,Elsevier,是,"SCIE; SCIE, SSCI",混合为主,"订阅路线通常无APC；Gold OA常见 USD 2,200-4,200",中,https://www.elsevier.com/open-access/agreements,https://www.google.com/search?q=Journal+of+Tissue+Viability+aims+scope+instructions+for+authors+APC
867,3-Q2,1,World Neurosurgery-X,WORLD NEUROSURG-X,,2590-1397,2.5,,Q2,85/321,Q2,Q2,0.88,73.7,89.0,760.0,CLINICAL NEUROLOGY; SURGERY,CLINICAL NEUROLOGY(JIF Q3/JCI Q2) | SURGERY(JIF Q2/JCI Q2),ELSEVIER,Elsevier,否,ESCI,混合为主,"订阅路线通常无APC；Gold OA常见 USD 2,200-4,200",中,https://www.elsevier.com/open-access/agreements,https://www.google.com/search?q=World+Neurosurgery-X+aims+scope+instructions+for+authors+APC
868,3-Q2,1,INTERNATIONAL JOURNAL OF HEALTH PLANNING AND MANAGEMENT,INT J HEALTH PLAN M,0749-6753,1099-1751,2.5,2.2,Q2,186/443,Q2,Q2,0.74,58.1,89.0,3226.0,"HEALTH POLICY & SERVICES; PUBLIC, ENVIRONMENTAL & OCCUPATIONAL HEALTH","HEALTH POLICY & SERVICES(JIF Q2/JCI Q3) | PUBLIC, ENVIRONMENTAL & OCCUPATIONAL HEALTH(JIF Q2/JCI Q2)",WILEY,Wiley,否,SSCI,混合为主,"订阅路线通常无APC；OnlineOpen常见 USD 3,200-4,700",中,https://authorservices.wiley.com/author-resources/Journal-Authors/open-access/article-publication-charges.html,https://www.google.com/search?q=INTERNATIONAL+JOURNAL+OF+HEALTH+PLANNING+AND+MANAGEMENT+aims+scope+instructions+for+authors+APC
869,3-Q2,1,American Journal of Mens Health,AM J MENS HEALTH,1557-9883,1557-9891,2.4,3.1,Q2,193/443,Q2,Q2,0.67,56.5,89.0,3918.0,"PUBLIC, ENVIRONMENTAL & OCCUPATIONAL HEALTH","PUBLIC, ENVIRONMENTAL & OCCUPATIONAL HEALTH(JIF Q2/JCI Q2)",SAGE PUBLICATIONS INC,SAGE,否,SSCI,混合为主,"订阅路线通常无APC；SAGE Choice常见 USD 2,000-4,000",中,https://us.sagepub.com/en-us/nam/sage-choice,https://www.google.com/search?q=American+Journal+of+Mens+Health+aims+scope+instructions+for+authors+APC
870,3-Q2,1,CRIMINAL JUSTICE AND BEHAVIOR,CRIM JUSTICE BEHAV,0093-8548,1552-3594,2.0,2.6,Q2,27/113,Q2,Q2,1.0,51.9,89.0,4859.0,"PSYCHOLOGY, CLINICAL","PSYCHOLOGY, CLINICAL(JIF Q2/JCI Q2)",SAGE PUBLICATIONS INC,SAGE,否,SSCI,混合为主,"订阅路线通常无APC；SAGE Choice常见 USD 2,000-4,000",中,https://us.sagepub.com/en-us/nam/sage-choice,https://www.google.com/search?q=CRIMINAL+JUSTICE+AND+BEHAVIOR+aims+scope+instructions+for+authors+APC
871,3-Q2,1,JOURNAL OF CLINICAL IMMUNOLOGY,J CLIN IMMUNOL,0271-9142,1573-2592,4.1,5.1,Q2,70/183,Q1,Q1,1.04,62.0,88.0,7123.0,IMMUNOLOGY,IMMUNOLOGY(JIF Q2/JCI Q1),SPRINGER/PLENUM PUBLISHERS,Springer,是,SCIE,混合为主,"订阅路线通常无APC；选OA约 USD 2,790-4,290",中,https://www.springer.com/gp/open-access,https://www.google.com/search?q=JOURNAL+OF+CLINICAL+IMMUNOLOGY+aims+scope+instructions+for+authors+APC
872,3-Q2,1,Gut and Liver,GUT LIVER,1976-2283,2005-1212,4.1,4.1,Q2,40/153,Q2,Q2,0.77,74.2,88.0,4124.0,GASTROENTEROLOGY & HEPATOLOGY,GASTROENTEROLOGY & HEPATOLOGY(JIF Q2/JCI Q2),EDITORIAL OFFICE GUT & LIVER,其他,是,SCIE,需核实,请查期刊官网 Author / Open Access 页面,未知,,https://www.google.com/search?q=Gut+and+Liver+aims+scope+instructions+for+authors+APC
873,3-Q2,1,ARCHIVES OF MEDICAL RESEARCH,ARCH MED RES,0188-4409,1873-5487,3.6,4.2,Q2,79/191,Q2,Q2,0.68,58.9,88.0,4900.0,"MEDICINE, RESEARCH & EXPERIMENTAL","MEDICINE, RESEARCH & EXPERIMENTAL(JIF Q2/JCI Q2)",ELSEVIER SCIENCE INC,Elsevier,是,SCIE,混合为主,"订阅路线通常无APC；Gold OA常见 USD 2,200-4,200",中,https://www.elsevier.com/open-access/agreements,https://www.google.com/search?q=ARCHIVES+OF+MEDICAL+RESEARCH+aims+scope+instructions+for+authors+APC
874,3-Q2,1,NUTRITION RESEARCH,NUTR RES,0271-5317,1879-0739,3.6,4.0,Q2,45/114,Q2,Q2,0.61,61.0,88.0,7043.0,NUTRITION & DIETETICS,NUTRITION & DIETETICS(JIF Q2/JCI Q2),PERGAMON-ELSEVIER SCIENCE LTD,Elsevier,是,SCIE,混合为主,"订阅路线通常无APC；Gold OA常见 USD 2,200-4,200",中,https://www.elsevier.com/open-access/agreements,https://www.google.com/search?q=NUTRITION+RESEARCH+aims+scope+instructions+for+authors+APC
875,3-Q2,1,EUROPEAN JOURNAL OF CLINICAL PHARMACOLOGY,EUR J CLIN PHARMACOL,0031-6970,1432-1041,3.5,3.0,Q2,134/356,Q2,Q2,0.67,62.5,88.0,8649.0,PHARMACOLOGY & PHARMACY,PHARMACOLOGY & PHARMACY(JIF Q2/JCI Q2),SPRINGER HEIDELBERG,Springer,是,SCIE,混合为主,"订阅路线通常无APC；选OA约 USD 2,790-4,290",中,https://www.springer.com/gp/open-access,https://www.google.com/search?q=EUROPEAN+JOURNAL+OF+CLINICAL+PHARMACOLOGY+aims+scope+instructions+for+authors+APC
876,3-Q2,1,JOURNAL OF NEUROPATHOLOGY AND EXPERIMENTAL NEUROLOGY,J NEUROPATH EXP NEUR,0022-3069,1554-6578,3.3,3.2,Q2,24/89,Q2,Q2,0.86,73.6,88.0,8761.0,CLINICAL NEUROLOGY; NEUROSCIENCES; PATHOLOGY,CLINICAL NEUROLOGY(JIF Q2/JCI Q2) | NEUROSCIENCES(JIF Q2/JCI Q2) | PATHOLOGY(JIF Q2/JCI Q2),OXFORD UNIV PRESS INC,Oxford UP,是,SCIE,混合为主,订阅路线通常无APC；可选OA，费用因刊而异,中,https://academic.oup.com/pages/open-research/open-access,https://www.google.com/search?q=JOURNAL+OF+NEUROPATHOLOGY+AND+EXPERIMENTAL+NEUROLOGY+aims+scope+instructions+for+authors+APC
877,3-Q2,1,SCANDINAVIAN JOURNAL OF PRIMARY HEALTH CARE,SCAND J PRIM HEALTH,0281-3432,1502-7724,1.9,2.1,Q2,123/336,Q1,Q1,0.8,63.5,88.0,1952.0,"HEALTH CARE SCIENCES & SERVICES; MEDICINE, GENERAL & INTERNAL; PRIMARY HEALTH CARE","HEALTH CARE SCIENCES & SERVICES(JIF Q3/JCI Q2) | MEDICINE, GENERAL & INTERNAL(JIF Q2/JCI Q1) | PRIMARY HEALTH CARE(JIF Q3/JCI Q3)",TAYLOR & FRANCIS LTD,Taylor & Francis,是,SCIE,混合为主,"订阅路线通常无APC；Open Select常见 USD 2,500-3,500",中,https://authorservices.taylorandfrancis.com/publishing-open-access/,https://www.google.com/search?q=SCANDINAVIAN+JOURNAL+OF+PRIMARY+HEALTH+CARE+aims+scope+instructions+for+authors+APC
878,3-Q2,1,JOURNAL OF MICROBIOLOGY IMMUNOLOGY AND INFECTION,J MICROBIOL IMMUNOL,1684-1182,1995-9133,3.8,3.5,Q2,41/141,Q2,Q2,0.86,71.3,87.0,4598.0,IMMUNOLOGY; INFECTIOUS DISEASES; MICROBIOLOGY,IMMUNOLOGY(JIF Q2/JCI Q2) | INFECTIOUS DISEASES(JIF Q2/JCI Q2) | MICROBIOLOGY(JIF Q2/JCI Q2),ELSEVIER TAIWAN,Elsevier,是,SCIE,混合为主,"订阅路线通常无APC；Gold OA常见 USD 2,200-4,200",中,https://www.elsevier.com/open-access/agreements,https://www.google.com/search?q=JOURNAL+OF+MICROBIOLOGY+IMMUNOLOGY+AND+INFECTION+aims+scope+instructions+for+authors+APC
879,3-Q2,1,JOURNAL OF INHERITED METABOLIC DISEASE,J INHERIT METAB DIS,0141-8955,1573-2665,3.8,4.6,Q2,59/192,Q2,Q2,0.83,69.5,87.0,8544.0,"ENDOCRINOLOGY & METABOLISM; GENETICS & HEREDITY; MEDICINE, RESEARCH & EXPERIMENTAL","ENDOCRINOLOGY & METABOLISM(JIF Q2/JCI Q2) | GENETICS & HEREDITY(JIF Q2/JCI Q2) | MEDICINE, RESEARCH & EXPERIMENTAL(JIF Q2/JCI Q2)",WILEY,Wiley,是,SCIE,混合为主,"订阅路线通常无APC；OnlineOpen常见 USD 3,200-4,700",中,https://authorservices.wiley.com/author-resources/Journal-Authors/open-access/article-publication-charges.html,https://www.google.com/search?q=JOURNAL+OF+INHERITED+METABOLIC+DISEASE+aims+scope+instructions+for+authors+APC
880,3-Q2,1,Pain Physician,PAIN PHYSICIAN,1533-3159,,3.2,3.4,Q2,21/72,Q2,Q2,0.81,71.5,87.0,6528.0,ANESTHESIOLOGY; CLINICAL NEUROLOGY,ANESTHESIOLOGY(JIF Q2/JCI Q2) | CLINICAL NEUROLOGY(JIF Q2/JCI Q2),ASIPP Publishing,其他,是,SCIE,需核实,请查期刊官网 Author / Open Access 页面,未知,,https://www.google.com/search?q=Pain+Physician+aims+scope+instructions+for+authors+APC
881,3-Q2,1,Clinical Neuroradiology,CLIN NEURORADIOL,1869-1439,1869-1447,3.2,2.9,Q2,64/217,Q2,Q2,0.8,70.7,87.0,2209.0,"CLINICAL NEUROLOGY; RADIOLOGY, NUCLEAR MEDICINE & MEDICAL IMAGING","CLINICAL NEUROLOGY(JIF Q2/JCI Q2) | RADIOLOGY, NUCLEAR MEDICINE & MEDICAL IMAGING(JIF Q2/JCI Q2)",SPRINGER HEIDELBERG,Springer,是,SCIE,混合为主,"订阅路线通常无APC；选OA约 USD 2,790-4,290",中,https://www.springer.com/gp/open-access,https://www.google.com/search?q=Clinical+Neuroradiology+aims+scope+instructions+for+authors+APC
882,3-Q2,1,Infectious Diseases Now,INFECT DIS NOW,2666-9927,2666-9919,3.0,2.9,Q2,62/141,Q3,Q3,0.6,56.4,87.0,1119.0,INFECTIOUS DISEASES,INFECTIOUS DISEASES(JIF Q2/JCI Q3),ELSEVIER FRANCE-EDITIONS SCIENTIFIQUES MEDICALES ELSEVIER,Elsevier,是,SCIE,混合为主,"订阅路线通常无APC；Gold OA常见 USD 2,200-4,200",中,https://www.elsevier.com/open-access/agreements,https://www.google.com/search?q=Infectious+Diseases+Now+aims+scope+instructions+for+authors+APC
883,3-Q2,1,SOCIOLOGY OF HEALTH & ILLNESS,SOCIOL HEALTH ILL,0141-9889,1467-9566,2.6,3.5,Q2,47/222,Q1,Q1,1.06,71.9,87.0,6324.0,"PUBLIC, ENVIRONMENTAL & OCCUPATIONAL HEALTH; SOCIAL SCIENCES, BIOMEDICAL","PUBLIC, ENVIRONMENTAL & OCCUPATIONAL HEALTH(JIF Q2/JCI Q1) | SOCIAL SCIENCES, BIOMEDICAL(JIF Q2/JCI Q1)",WILEY,Wiley,否,SSCI,混合为主,"订阅路线通常无APC；OnlineOpen常见 USD 3,200-4,700",中,https://authorservices.wiley.com/author-resources/Journal-Authors/open-access/article-publication-charges.html,https://www.google.com/search?q=SOCIOLOGY+OF+HEALTH+&+ILLNESS+aims+scope+instructions+for+authors+APC
884,3-Q2,1,ADDICTION BIOLOGY,ADDICT BIOL,1355-6215,1369-1600,2.6,2.9,Q2,25/61,Q2,Q2,0.76,59.8,87.0,4771.0,BIOCHEMISTRY & MOLECULAR BIOLOGY; SUBSTANCE ABUSE,BIOCHEMISTRY & MOLECULAR BIOLOGY(JIF Q3/JCI Q2) | SUBSTANCE ABUSE(JIF Q2/JCI Q2),WILEY,Wiley,是,SCIE,混合为主,"订阅路线通常无APC；OnlineOpen常见 USD 3,200-4,700",中,https://authorservices.wiley.com/author-resources/Journal-Authors/open-access/article-publication-charges.html,https://www.google.com/search?q=ADDICTION+BIOLOGY+aims+scope+instructions+for+authors+APC
885,3-Q2,1,JOURNAL OF NEUROIMAGING,J NEUROIMAGING,1051-2284,1552-6569,2.5,2.6,Q2,93/217,Q2,Q2,0.67,57.4,87.0,3235.0,"CLINICAL NEUROLOGY; NEUROIMAGING; RADIOLOGY, NUCLEAR MEDICINE & MEDICAL IMAGING","CLINICAL NEUROLOGY(JIF Q3/JCI Q3) | NEUROIMAGING(JIF Q3/JCI Q3) | RADIOLOGY, NUCLEAR MEDICINE & MEDICAL IMAGING(JIF Q2/JCI Q2)",WILEY,Wiley,是,SCIE,混合为主,"订阅路线通常无APC；OnlineOpen常见 USD 3,200-4,700",中,https://authorservices.wiley.com/author-resources/Journal-Authors/open-access/article-publication-charges.html,https://www.google.com/search?q=JOURNAL+OF+NEUROIMAGING+aims+scope+instructions+for+authors+APC
886,3-Q2,1,JOURNAL OF CLINICAL VIROLOGY,J CLIN VIROL,1386-6532,1873-5967,3.7,2.9,Q2,16/44,Q2,Q2,0.99,64.8,86.0,6851.0,VIROLOGY,VIROLOGY(JIF Q2/JCI Q2),ELSEVIER,Elsevier,是,SCIE,混合为主,"订阅路线通常无APC；Gold OA常见 USD 2,200-4,200",中,https://www.elsevier.com/open-access/agreements,https://www.google.com/search?q=JOURNAL+OF+CLINICAL+VIROLOGY+aims+scope+instructions+for+authors+APC
887,3-Q2,1,Journal of Cardiology,J CARDIOL,0914-5087,1876-4738,3.5,3.0,Q2,72/237,Q2,Q2,0.72,69.8,86.0,4940.0,CARDIAC & CARDIOVASCULAR SYSTEMS,CARDIAC & CARDIOVASCULAR SYSTEMS(JIF Q2/JCI Q2),ELSEVIER,Elsevier,是,SCIE,混合为主,"订阅路线通常无APC；Gold OA常见 USD 2,200-4,200",中,https://www.elsevier.com/open-access/agreements,https://www.google.com/search?q=Journal+of+Cardiology+aims+scope+instructions+for+authors+APC
888,3-Q2,1,Chinese Journal of Integrative Medicine,CHIN J INTEGR MED,1672-0415,1993-0402,3.1,3.1,Q2,16/48,Q2,Q2,0.63,67.7,86.0,4150.0,INTEGRATIVE & COMPLEMENTARY MEDICINE,INTEGRATIVE & COMPLEMENTARY MEDICINE(JIF Q2/JCI Q2),SPRINGER,Springer,是,SCIE,混合为主,"订阅路线通常无APC；选OA约 USD 2,790-4,290",中,https://www.springer.com/gp/open-access,https://www.google.com/search?q=Chinese+Journal+of+Integrative+Medicine+aims+scope+instructions+for+authors+APC
889,3-Q2,1,INDOOR AND BUILT ENVIRONMENT,INDOOR BUILT ENVIRON,1420-326X,1423-0070,2.7,2.9,Q2,160/443,Q3,Q2,0.5,64.0,86.0,3863.0,"PUBLIC, ENVIRONMENTAL & OCCUPATIONAL HEALTH","PUBLIC, ENVIRONMENTAL & OCCUPATIONAL HEALTH(JIF Q2/JCI Q3)",SAGE PUBLICATIONS LTD,SAGE,是,SCIE,混合为主,"订阅路线通常无APC；SAGE Choice常见 USD 2,000-4,000",中,https://us.sagepub.com/en-us/nam/sage-choice,https://www.google.com/search?q=INDOOR+AND+BUILT+ENVIRONMENT+aims+scope+instructions+for+authors+APC
890,3-Q2,1,International Journal of Medical Robotics and Computer Assisted Surgery,INT J MED ROBOT COMP,1478-5951,1478-596X,2.4,2.7,Q2,95/321,Q1,Q1,1.04,70.6,86.0,3247.0,SURGERY,SURGERY(JIF Q2/JCI Q1),WILEY,Wiley,是,SCIE,混合为主,"订阅路线通常无APC；OnlineOpen常见 USD 3,200-4,700",中,https://authorservices.wiley.com/author-resources/Journal-Authors/open-access/article-publication-charges.html,https://www.google.com/search?q=International+Journal+of+Medical+Robotics+and+Computer+Assisted+Surgery+aims+scope+instructions+for+authors+APC
891,3-Q2,1,BRITISH JOURNAL OF ORAL & MAXILLOFACIAL SURGERY,BRIT J ORAL MAX SURG,0266-4356,1532-1940,2.0,1.9,Q2,137/321,Q2,Q2,0.69,57.5,86.0,5988.0,"DENTISTRY, ORAL SURGERY & MEDICINE; SURGERY","DENTISTRY, ORAL SURGERY & MEDICINE(JIF Q2/JCI Q3) | SURGERY(JIF Q2/JCI Q2)",CHURCHILL LIVINGSTONE,Elsevier,是,SCIE,混合为主,"订阅路线通常无APC；Gold OA常见 USD 2,200-4,200",中,https://www.elsevier.com/open-access/agreements,https://www.google.com/search?q=BRITISH+JOURNAL+OF+ORAL+&+MAXILLOFACIAL+SURGERY+aims+scope+instructions+for+authors+APC
892,3-Q2,1,NEUROREHABILITATION,NEUROREHABILITATION,1053-8135,1878-6448,2.0,2.4,Q2,69/175,Q3,Q3,0.64,60.9,86.0,4111.0,CLINICAL NEUROLOGY; REHABILITATION,CLINICAL NEUROLOGY(JIF Q3/JCI Q3) | REHABILITATION(JIF Q2/JCI Q3),SAGE PUBLICATIONS INC,SAGE,是,"SCIE; SCIE, SSCI",混合为主,"订阅路线通常无APC；SAGE Choice常见 USD 2,000-4,000",中,https://us.sagepub.com/en-us/nam/sage-choice,https://www.google.com/search?q=NEUROREHABILITATION+aims+scope+instructions+for+authors+APC
893,3-Q2,1,Stem Cell Reviews and Reports,STEM CELL REV REP,2629-3269,2629-3277,4.9,4.9,Q2,52/191,Q2,Q2,0.88,73.0,85.0,5725.0,"CELL & TISSUE ENGINEERING; CELL BIOLOGY; MEDICINE, RESEARCH & EXPERIMENTAL","CELL & TISSUE ENGINEERING(JIF Q2/JCI Q2) | CELL BIOLOGY(JIF Q2/JCI Q2) | MEDICINE, RESEARCH & EXPERIMENTAL(JIF Q2/JCI Q2)",SPRINGER,Springer,是,SCIE,混合为主,"订阅路线通常无APC；选OA约 USD 2,790-4,290",中,https://www.springer.com/gp/open-access,https://www.google.com/search?q=Stem+Cell+Reviews+and+Reports+aims+scope+instructions+for+authors+APC
894,3-Q2,1,Clinical and Translational Allergy,CLIN TRANSL ALLERGY,,2045-7022,4.2,4.6,Q2,13/40,Q1,Q1,0.98,68.8,85.0,2679.0,ALLERGY,ALLERGY(JIF Q2/JCI Q1),WILEY,Wiley,是,SCIE,混合为主,"订阅路线通常无APC；OnlineOpen常见 USD 3,200-4,700",中,https://authorservices.wiley.com/author-resources/Journal-Authors/open-access/article-publication-charges.html,https://www.google.com/search?q=Clinical+and+Translational+Allergy+aims+scope+instructions+for+authors+APC
895,3-Q2,1,NEUROEPIDEMIOLOGY,NEUROEPIDEMIOLOGY,0251-5350,1423-0208,2.9,5.0,Q2,139/443,Q1,Q1,0.95,68.7,85.0,4723.0,"CLINICAL NEUROLOGY; PUBLIC, ENVIRONMENTAL & OCCUPATIONAL HEALTH","CLINICAL NEUROLOGY(JIF Q2/JCI Q2) | PUBLIC, ENVIRONMENTAL & OCCUPATIONAL HEALTH(JIF Q2/JCI Q1)",KARGER,Karger,是,SCIE,混合/OA,"因刊而异，常见 USD 2,500-3,800",中,https://karger.com/pages/Open-Access,https://www.google.com/search?q=NEUROEPIDEMIOLOGY+aims+scope+instructions+for+authors+APC
896,3-Q2,1,Wellbeing Space and Society,WELLBEING SPACE SOC,2666-5581,2666-5581,2.9,3.4,Q2,40/174,Q2,Q2,0.86,68.7,85.0,753.0,"PUBLIC, ENVIRONMENTAL & OCCUPATIONAL HEALTH","PUBLIC, ENVIRONMENTAL & OCCUPATIONAL HEALTH(JIF Q2/JCI Q2)",ELSEVIER,Elsevier,否,ESCI,混合为主,"订阅路线通常无APC；Gold OA常见 USD 2,200-4,200",中,https://www.elsevier.com/open-access/agreements,https://www.google.com/search?q=Wellbeing+Space+and+Society+aims+scope+instructions+for+authors+APC
897,3-Q2,1,INDIAN JOURNAL OF PEDIATRICS,INDIAN J PEDIATR,0019-5456,0973-7693,2.4,2.8,Q2,50/190,Q2,Q2,0.78,73.9,85.0,5501.0,PEDIATRICS,PEDIATRICS(JIF Q2/JCI Q2),SPRINGER INDIA,Springer,是,SCIE,混合为主,"订阅路线通常无APC；选OA约 USD 2,790-4,290",中,https://www.springer.com/gp/open-access,https://www.google.com/search?q=INDIAN+JOURNAL+OF+PEDIATRICS+aims+scope+instructions+for+authors+APC
898,3-Q2,1,JOURNAL OF GAMBLING STUDIES,J GAMBL STUD,1050-5350,1573-3602,2.4,2.7,Q2,68/222,Q3,Q2,0.74,54.9,85.0,3483.0,SUBSTANCE ABUSE,SUBSTANCE ABUSE(JIF Q2/JCI Q3),SPRINGER,Springer,否,SSCI,混合为主,"订阅路线通常无APC；选OA约 USD 2,790-4,290",中,https://www.springer.com/gp/open-access,https://www.google.com/search?q=JOURNAL+OF+GAMBLING+STUDIES+aims+scope+instructions+for+authors+APC
899,3-Q2,1,Pediatrics and Neonatology,PEDIATR NEONATOL,1875-9572,2212-1692,2.3,2.4,Q2,55/190,Q1,Q1,1.11,71.3,85.0,2307.0,PEDIATRICS,PEDIATRICS(JIF Q2/JCI Q1),ELSEVIER TAIWAN,Elsevier,是,SCIE,混合为主,"订阅路线通常无APC；Gold OA常见 USD 2,200-4,200",中,https://www.elsevier.com/open-access/agreements,https://www.google.com/search?q=Pediatrics+and+Neonatology+aims+scope+instructions+for+authors+APC
900,3-Q2,1,Annals of Surgical Treatment and Research,ANN SURG TREAT RES,2288-6575,2288-6796,2.0,1.8,Q2,137/321,Q2,Q2,0.79,57.5,85.0,1532.0,SURGERY,SURGERY(JIF Q2/JCI Q2),KOREAN SURGICAL SOCIETY,其他,是,SCIE,需核实,请查期刊官网 Author / Open Access 页面,未知,,https://www.google.com/search?q=Annals+of+Surgical+Treatment+and+Research+aims+scope+instructions+for+authors+APC
901,3-Q2,1,Perspectives on Medical Education,PERSPECT MED EDUC,2212-2761,2212-277X,3.5,5.2,Q2,17/89,Q1,Q1,1.3,72.4,84.0,2881.0,HEALTH CARE SCIENCES & SERVICES,HEALTH CARE SCIENCES & SERVICES(JIF Q2/JCI Q1),UBIQUITY PRESS LTD,其他,是,SCIE,需核实,请查期刊官网 Author / Open Access 页面,未知,,https://www.google.com/search?q=Perspectives+on+Medical+Education+aims+scope+instructions+for+authors+APC
902,3-Q2,1,AMERICAN JOURNAL OF COMMUNITY PSYCHOLOGY,AM J COMMUN PSYCHOL,0091-0562,1573-2770,2.8,4.5,Q2,4/99,Q1,Q1,1.06,66.5,84.0,8049.0,"PUBLIC, ENVIRONMENTAL & OCCUPATIONAL HEALTH","PUBLIC, ENVIRONMENTAL & OCCUPATIONAL HEALTH(JIF Q2/JCI Q1)",WILEY,Wiley,否,SSCI,混合为主,"订阅路线通常无APC；OnlineOpen常见 USD 3,200-4,700",中,https://authorservices.wiley.com/author-resources/Journal-Authors/open-access/article-publication-charges.html,https://www.google.com/search?q=AMERICAN+JOURNAL+OF+COMMUNITY+PSYCHOLOGY+aims+scope+instructions+for+authors+APC
903,3-Q2,1,JOURNAL OF TOXICOLOGY AND ENVIRONMENTAL HEALTH-PART A-CURRENT ISSUES,J TOXICOL ENV HEAL A,1528-7394,1087-2620,2.4,2.3,Q2,193/443,Q2,Q2,0.71,56.5,84.0,3923.0,"PUBLIC, ENVIRONMENTAL & OCCUPATIONAL HEALTH; TOXICOLOGY","PUBLIC, ENVIRONMENTAL & OCCUPATIONAL HEALTH(JIF Q2/JCI Q2) | TOXICOLOGY(JIF Q3/JCI Q2)",TAYLOR & FRANCIS INC,Taylor & Francis,是,SCIE,混合为主,"订阅路线通常无APC；Open Select常见 USD 2,500-3,500",中,https://authorservices.taylorandfrancis.com/publishing-open-access/,https://www.google.com/search?q=JOURNAL+OF+TOXICOLOGY+AND+ENVIRONMENTAL+HEALTH-PART+A-CURRENT+ISSUES+aims+scope+instructions+for+authors+APC
904,3-Q2,1,APL Bioengineering,APL BIOENG,2473-2877,2473-2877,4.9,5.7,Q2,40/130,Q2,Q2,0.74,69.6,83.0,2453.0,"ENGINEERING, BIOMEDICAL","ENGINEERING, BIOMEDICAL(JIF Q2/JCI Q2)",AIP Publishing,其他,是,SCIE,需核实,请查期刊官网 Author / Open Access 页面,未知,,https://www.google.com/search?q=APL+Bioengineering+aims+scope+instructions+for+authors+APC
905,3-Q2,1,Health Information Science and Systems,HEALTH INF SCI SYST,2047-2501,2047-2501,4.4,4.4,Q2,24/54,Q2,Q2,0.95,56.5,83.0,1463.0,MEDICAL INFORMATICS,MEDICAL INFORMATICS(JIF Q2/JCI Q2),SPRINGER,Springer,是,SCIE,混合为主,"订阅路线通常无APC；选OA约 USD 2,790-4,290",中,https://www.springer.com/gp/open-access,https://www.google.com/search?q=Health+Information+Science+and+Systems+aims+scope+instructions+for+authors+APC
906,3-Q2,1,CURRENT TOPICS IN MEDICINAL CHEMISTRY,CURR TOP MED CHEM,1568-0266,1873-4294,3.6,3.5,Q2,35/72,Q3,Q3,0.49,52.1,83.0,9131.0,"CHEMISTRY, MEDICINAL","CHEMISTRY, MEDICINAL(JIF Q2/JCI Q3)",BENTHAM SCIENCE PUBL LTD,其他,是,SCIE,需核实,请查期刊官网 Author / Open Access 页面,未知,,https://www.google.com/search?q=CURRENT+TOPICS+IN+MEDICINAL+CHEMISTRY+aims+scope+instructions+for+authors+APC
907,3-Q2,1,Stroke-Vascular and Interventional Neurology,STROKE-VASC INTERV N,2694-5746,2694-5746,3.1,3.0,Q2,36/100,Q2,Q2,0.71,64.5,83.0,1145.0,CLINICAL NEUROLOGY; PERIPHERAL VASCULAR DISEASE,CLINICAL NEUROLOGY(JIF Q2/JCI Q3) | PERIPHERAL VASCULAR DISEASE(JIF Q2/JCI Q2),LIPPINCOTT WILLIAMS & WILKINS,Wolters Kluwer/LWW,否,ESCI,混合为主,"订阅路线通常无APC；OA常见 USD 2,000-4,000；MEDICINE已拉黑",中,https://wkauthorservices.editage.com/open-access/,https://www.google.com/search?q=Stroke-Vascular+and+Interventional+Neurology+aims+scope+instructions+for+authors+APC
908,3-Q2,1,Rheumatology Advances in Practice,RHEUMATOL ADV PRACT,,2514-1775,2.8,2.6,Q2,27/58,Q3,Q3,0.62,54.3,83.0,1104.0,RHEUMATOLOGY,RHEUMATOLOGY(JIF Q2/JCI Q3),OXFORD UNIV PRESS,Oxford UP,否,ESCI,混合为主,订阅路线通常无APC；可选OA，费用因刊而异,中,https://academic.oup.com/pages/open-research/open-access,https://www.google.com/search?q=Rheumatology+Advances+in+Practice+aims+scope+instructions+for+authors+APC
909,3-Q2,1,Palliative Care & Social Practice,PALLIAT CARE SOC PR,2632-3524,2632-3524,2.7,,Q2,160/443,Q2,Q2,0.74,64.0,83.0,753.0,"HEALTH CARE SCIENCES & SERVICES; PUBLIC, ENVIRONMENTAL & OCCUPATIONAL HEALTH","HEALTH CARE SCIENCES & SERVICES(JIF Q2/JCI Q2) | PUBLIC, ENVIRONMENTAL & OCCUPATIONAL HEALTH(JIF Q2/JCI Q2)",SAGE PUBLICATIONS INC,SAGE,否,ESCI,混合为主,"订阅路线通常无APC；SAGE Choice常见 USD 2,000-4,000",中,https://us.sagepub.com/en-us/nam/sage-choice,https://www.google.com/search?q=Palliative+Care+&+Social+Practice+aims+scope+instructions+for+authors+APC
910,3-Q2,1,WIENER KLINISCHE WOCHENSCHRIFT,WIEN KLIN WOCHENSCHR,0043-5325,1613-7671,2.6,2.2,Q2,90/336,Q2,Q2,0.58,73.4,83.0,3304.0,"MEDICINE, GENERAL & INTERNAL","MEDICINE, GENERAL & INTERNAL(JIF Q2/JCI Q2)",SPRINGER WIEN,Springer,是,SCIE,混合为主,"订阅路线通常无APC；选OA约 USD 2,790-4,290",中,https://www.springer.com/gp/open-access,https://www.google.com/search?q=WIENER+KLINISCHE+WOCHENSCHRIFT+aims+scope+instructions+for+authors+APC
911,3-Q2,1,BRAIN AND LANGUAGE,BRAIN LANG,0093-934X,1090-2155,2.4,2.6,Q2,58/312,Q2,Q2,0.91,72.9,83.0,6427.0,AUDIOLOGY & SPEECH-LANGUAGE PATHOLOGY; NEUROSCIENCES,AUDIOLOGY & SPEECH-LANGUAGE PATHOLOGY(JIF Q2/JCI Q2) | NEUROSCIENCES(JIF Q3/JCI Q2),ACADEMIC PRESS INC ELSEVIER SCIENCE,Elsevier,是,SCIE; SSCI,混合为主,"订阅路线通常无APC；Gold OA常见 USD 2,200-4,200",中,https://www.elsevier.com/open-access/agreements,https://www.google.com/search?q=BRAIN+AND+LANGUAGE+aims+scope+instructions+for+authors+APC
912,3-Q2,1,Foot and Ankle Surgery,FOOT ANKLE SURG,1268-7731,1460-9584,2.4,2.4,Q2,53/147,Q2,Q2,0.89,64.3,83.0,3183.0,ORTHOPEDICS,ORTHOPEDICS(JIF Q2/JCI Q2),ELSEVIER,Elsevier,是,SCIE,混合为主,"订阅路线通常无APC；Gold OA常见 USD 2,200-4,200",中,https://www.elsevier.com/open-access/agreements,https://www.google.com/search?q=Foot+and+Ankle+Surgery+aims+scope+instructions+for+authors+APC
913,3-Q2,1,Primary Care Diabetes,PRIM CARE DIABETES,1751-9918,1878-0210,2.3,2.6,Q2,12/29,Q2,Q2,0.87,60.3,83.0,2402.0,ENDOCRINOLOGY & METABOLISM; PRIMARY HEALTH CARE,ENDOCRINOLOGY & METABOLISM(JIF Q3/JCI Q2) | PRIMARY HEALTH CARE(JIF Q2/JCI Q3),ELSEVIER SCI LTD,Elsevier,是,SCIE,混合为主,"订阅路线通常无APC；Gold OA常见 USD 2,200-4,200",中,https://www.elsevier.com/open-access/agreements,https://www.google.com/search?q=Primary+Care+Diabetes+aims+scope+instructions+for+authors+APC
914,3-Q2,1,Journal of Spine Surgery,J SPINE SURG-HK,2414-469X,2414-4630,2.3,,Q2,105/321,Q2,Q2,0.73,67.4,83.0,358.0,CLINICAL NEUROLOGY; ORTHOPEDICS; SURGERY,CLINICAL NEUROLOGY(JIF Q3/JCI Q2) | ORTHOPEDICS(JIF Q2/JCI Q2) | SURGERY(JIF Q2/JCI Q2),AME PUBLISHING COMPANY,其他,否,ESCI,需核实,请查期刊官网 Author / Open Access 页面,未知,,https://www.google.com/search?q=Journal+of+Spine+Surgery+aims+scope+instructions+for+authors+APC
915,3-Q2,1,International Journal of Paediatric Dentistry,INT J PAEDIATR DENT,0960-7439,1365-263X,2.2,3.1,Q2,66/190,Q2,Q2,0.92,65.5,83.0,4074.0,"DENTISTRY, ORAL SURGERY & MEDICINE; PEDIATRICS","DENTISTRY, ORAL SURGERY & MEDICINE(JIF Q2/JCI Q2) | PEDIATRICS(JIF Q2/JCI Q2)",WILEY,Wiley,是,SCIE,混合为主,"订阅路线通常无APC；OnlineOpen常见 USD 3,200-4,700",中,https://authorservices.wiley.com/author-resources/Journal-Authors/open-access/article-publication-charges.html,https://www.google.com/search?q=International+Journal+of+Paediatric+Dentistry+aims+scope+instructions+for+authors+APC
916,3-Q2,1,Plant Signaling & Behavior,PLANT SIGNAL BEHAV,1559-2316,1559-2324,4.1,4.2,Q2,61/285,Q2,Q2,0.79,60.5,82.0,11736.0,BIOCHEMISTRY & MOLECULAR BIOLOGY,BIOCHEMISTRY & MOLECULAR BIOLOGY(JIF Q2/JCI Q2),TAYLOR & FRANCIS INC,Taylor & Francis,是,SCIE,混合为主,"订阅路线通常无APC；Open Select常见 USD 2,500-3,500",中,https://authorservices.taylorandfrancis.com/publishing-open-access/,https://www.google.com/search?q=Plant+Signaling+&+Behavior+aims+scope+instructions+for+authors+APC
917,3-Q2,1,MOLECULAR PLANT-MICROBE INTERACTIONS,MOL PLANT MICROBE IN,0894-0282,1943-7706,3.9,3.6,Q2,69/285,Q2,Q1,0.87,58.6,82.0,11190.0,BIOCHEMISTRY & MOLECULAR BIOLOGY; BIOTECHNOLOGY & APPLIED MICROBIOLOGY,BIOCHEMISTRY & MOLECULAR BIOLOGY(JIF Q2/JCI Q2) | BIOTECHNOLOGY & APPLIED MICROBIOLOGY(JIF Q2/JCI Q2),AMER PHYTOPATHOLOGICAL SOC,其他,是,SCIE,需核实,请查期刊官网 Author / Open Access 页面,未知,,https://www.google.com/search?q=MOLECULAR+PLANT-MICROBE+INTERACTIONS+aims+scope+instructions+for+authors+APC
918,3-Q2,1,NEUROMUSCULAR DISORDERS,NEUROMUSCULAR DISORD,0960-8966,1873-2364,3.5,3.2,Q2,93/296,Q3,Q3,0.7,68.8,82.0,6584.0,CLINICAL NEUROLOGY; NEUROSCIENCES,CLINICAL NEUROLOGY(JIF Q2/JCI Q3) | NEUROSCIENCES(JIF Q2/JCI Q3),PERGAMON-ELSEVIER SCIENCE LTD,Elsevier,是,SCIE,混合为主,"订阅路线通常无APC；Gold OA常见 USD 2,200-4,200",中,https://www.elsevier.com/open-access/agreements,https://www.google.com/search?q=NEUROMUSCULAR+DISORDERS+aims+scope+instructions+for+authors+APC
919,3-Q2,1,Advanced Therapeutics,ADV THER-GERMANY,,2366-3987,3.2,3.8,Q2,156/356,Q2,Q2,0.64,56.3,82.0,3609.0,PHARMACOLOGY & PHARMACY,PHARMACOLOGY & PHARMACY(JIF Q2/JCI Q2),WILEY-V C H VERLAG GMBH,Wiley,是,SCIE,混合为主,"订阅路线通常无APC；OnlineOpen常见 USD 3,200-4,700",中,https://authorservices.wiley.com/author-resources/Journal-Authors/open-access/article-publication-charges.html,https://www.google.com/search?q=Advanced+Therapeutics+aims+scope+instructions+for+authors+APC
920,3-Q2,1,Database-The Journal of Biological Databases and Curation,DATABASE-OXFORD,1758-0463,1758-0463,2.7,4.6,Q2,26/67,Q2,Q2,0.77,61.9,82.0,6351.0,MATHEMATICAL & COMPUTATIONAL BIOLOGY,MATHEMATICAL & COMPUTATIONAL BIOLOGY(JIF Q2/JCI Q2),OXFORD UNIV PRESS,Oxford UP,是,SCIE,混合为主,订阅路线通常无APC；可选OA，费用因刊而异,中,https://academic.oup.com/pages/open-research/open-access,https://www.google.com/search?q=Database-The+Journal+of+Biological+Databases+and+Curation+aims+scope+instructions+for+authors+APC
921,3-Q2,1,International Journal of Integrated Care,INT J INTEGR CARE,1568-4156,1568-4156,2.7,3.7,Q2,45/125,Q2,Q2,0.76,64.4,82.0,3033.0,HEALTH CARE SCIENCES & SERVICES; HEALTH POLICY & SERVICES,HEALTH CARE SCIENCES & SERVICES(JIF Q2/JCI Q2) | HEALTH POLICY & SERVICES(JIF Q2/JCI Q2),UBIQUITY PRESS LTD,其他,是,SCIE; SSCI,需核实,请查期刊官网 Author / Open Access 页面,未知,,https://www.google.com/search?q=International+Journal+of+Integrated+Care+aims+scope+instructions+for+authors+APC
922,3-Q2,1,Global Advances in Integrative Medicine and Health,GLOB ADV INTEGR MED,,2753-6130,2.1,2.2,Q2,24/48,Q3,Q3,0.42,51.0,82.0,241.0,INTEGRATIVE & COMPLEMENTARY MEDICINE,INTEGRATIVE & COMPLEMENTARY MEDICINE(JIF Q2/JCI Q3),SAGE PUBLICATIONS INC,SAGE,否,ESCI,混合为主,"订阅路线通常无APC；SAGE Choice常见 USD 2,000-4,000",中,https://us.sagepub.com/en-us/nam/sage-choice,https://www.google.com/search?q=Global+Advances+in+Integrative+Medicine+and+Health+aims+scope+instructions+for+authors+APC
923,3-Q2,1,Journal of Orthopaedic Surgery,J ORTHOP SURG-HONG K,1022-5536,2309-4990,1.8,2.0,Q2,157/321,Q2,Q2,0.71,51.2,82.0,2945.0,ORTHOPEDICS; SURGERY,ORTHOPEDICS(JIF Q3/JCI Q3) | SURGERY(JIF Q2/JCI Q2),SAGE PUBLICATIONS LTD,SAGE,是,SCIE,混合为主,"订阅路线通常无APC；SAGE Choice常见 USD 2,000-4,000",中,https://us.sagepub.com/en-us/nam/sage-choice,https://www.google.com/search?q=Journal+of+Orthopaedic+Surgery+aims+scope+instructions+for+authors+APC
924,3-Q2,1,ENDOCRINE-RELATED CANCER,ENDOCR-RELAT CANCER,1351-0088,1479-6821,4.4,4.2,Q2,59/198,Q2,Q2,0.87,70.5,81.0,6905.0,ENDOCRINOLOGY & METABOLISM; ONCOLOGY,ENDOCRINOLOGY & METABOLISM(JIF Q2/JCI Q2) | ONCOLOGY(JIF Q2/JCI Q2),BIOSCIENTIFICA LTD,其他,是,SCIE,需核实,请查期刊官网 Author / Open Access 页面,未知,,https://www.google.com/search?q=ENDOCRINE-RELATED+CANCER+aims+scope+instructions+for+authors+APC
925,3-Q2,1,MOLECULAR BREEDING,MOL BREEDING,1380-3743,1572-9788,3.6,3.5,Q2,22/133,Q2,Q1,0.88,68.5,81.0,6229.0,GENETICS & HEREDITY,GENETICS & HEREDITY(JIF Q2/JCI Q2),SPRINGER,Springer,是,SCIE,混合为主,"订阅路线通常无APC；选OA约 USD 2,790-4,290",中,https://www.springer.com/gp/open-access,https://www.google.com/search?q=MOLECULAR+BREEDING+aims+scope+instructions+for+authors+APC
926,3-Q2,1,Breast Cancer-Targets and Therapy,BREAST CANCER-TARGET,1179-1314,1179-1314,3.6,3.9,Q2,132/333,Q3,Q3,0.61,60.5,81.0,1880.0,ONCOLOGY,ONCOLOGY(JIF Q2/JCI Q3),DOVE MEDICAL PRESS LTD,其他,是,SCIE,需核实,请查期刊官网 Author / Open Access 页面,未知,,https://www.google.com/search?q=Breast+Cancer-Targets+and+Therapy+aims+scope+instructions+for+authors+APC
927,3-Q2,1,JOURNAL OF PARENTERAL AND ENTERAL NUTRITION,JPEN-PARENTER ENTER,0148-6071,1941-2444,3.3,3.5,Q2,52/114,Q2,Q2,0.71,54.8,81.0,8423.0,NUTRITION & DIETETICS,NUTRITION & DIETETICS(JIF Q2/JCI Q2),WILEY,Wiley,是,SCIE,混合为主,"订阅路线通常无APC；OnlineOpen常见 USD 3,200-4,700",中,https://authorservices.wiley.com/author-resources/Journal-Authors/open-access/article-publication-charges.html,https://www.google.com/search?q=JOURNAL+OF+PARENTERAL+AND+ENTERAL+NUTRITION+aims+scope+instructions+for+authors+APC
928,3-Q2,1,ALCOHOL,ALCOHOL,0741-8329,1873-6823,2.9,2.5,Q2,17/61,Q2,Q2,0.75,73.0,81.0,3173.0,PHARMACOLOGY & PHARMACY; SUBSTANCE ABUSE; TOXICOLOGY,PHARMACOLOGY & PHARMACY(JIF Q2/JCI Q2) | SUBSTANCE ABUSE(JIF Q2/JCI Q3) | TOXICOLOGY(JIF Q3/JCI Q2),ELSEVIER SCIENCE INC,Elsevier,是,SCIE,混合为主,"订阅路线通常无APC；Gold OA常见 USD 2,200-4,200",中,https://www.elsevier.com/open-access/agreements,https://www.google.com/search?q=ALCOHOL+aims+scope+instructions+for+authors+APC
929,3-Q2,1,Journal of Migration and Health,J MIGRATION HEALTH,2666-6235,2666-6235,2.8,3.5,Q2,149/443,Q2,Q2,0.78,66.5,81.0,1012.0,"PUBLIC, ENVIRONMENTAL & OCCUPATIONAL HEALTH","PUBLIC, ENVIRONMENTAL & OCCUPATIONAL HEALTH(JIF Q2/JCI Q2)",ELSEVIER,Elsevier,否,ESCI,混合为主,"订阅路线通常无APC；Gold OA常见 USD 2,200-4,200",中,https://www.elsevier.com/open-access/agreements,https://www.google.com/search?q=Journal+of+Migration+and+Health+aims+scope+instructions+for+authors+APC
930,3-Q2,1,International Journal of Nursing Practice,INT J NURS PRACT,1322-7114,1440-172X,2.5,3.1,Q2,49/194,Q2,Q2,0.92,75.0,81.0,3631.0,NURSING,NURSING(JIF Q2/JCI Q2),WILEY,Wiley,是,"SCIE, SSCI",混合为主,"订阅路线通常无APC；OnlineOpen常见 USD 3,200-4,700",中,https://authorservices.wiley.com/author-resources/Journal-Authors/open-access/article-publication-charges.html,https://www.google.com/search?q=International+Journal+of+Nursing+Practice+aims+scope+instructions+for+authors+APC
931,3-Q2,1,Journal of Medical Imaging and Radiation Sciences,J MED IMAGING RADIAT,1939-8654,1939-8654,2.3,2.0,Q2,107/217,Q3,Q3,0.48,50.9,81.0,1665.0,"RADIOLOGY, NUCLEAR MEDICINE & MEDICAL IMAGING","RADIOLOGY, NUCLEAR MEDICINE & MEDICAL IMAGING(JIF Q2/JCI Q3)",ELSEVIER SCIENCE INC,Elsevier,否,ESCI,混合为主,"订阅路线通常无APC；Gold OA常见 USD 2,200-4,200",中,https://www.elsevier.com/open-access/agreements,https://www.google.com/search?q=Journal+of+Medical+Imaging+and+Radiation+Sciences+aims+scope+instructions+for+authors+APC
932,3-Q2,1,Archives of Rehabilitation Research and Clinical Translation,ARCH REHAB RES CLIN,2590-1095,2590-1095,2.0,2.5,Q2,69/175,Q2,Q2,0.86,60.9,81.0,902.0,REHABILITATION,REHABILITATION(JIF Q2/JCI Q2),ELSEVIER,Elsevier,否,ESCI,混合为主,"订阅路线通常无APC；Gold OA常见 USD 2,200-4,200",中,https://www.elsevier.com/open-access/agreements,https://www.google.com/search?q=Archives+of+Rehabilitation+Research+and+Clinical+Translation+aims+scope+instructions+for+authors+APC
933,3-Q2,1,JOURNAL OF CLINICAL AND EXPERIMENTAL NEUROPSYCHOLOGY,J CLIN EXP NEUROPSYC,1380-3395,1744-411X,2.0,2.2,Q2,89/184,Q2,Q2,0.77,51.9,81.0,5264.0,"CLINICAL NEUROLOGY; PSYCHOLOGY, CLINICAL","CLINICAL NEUROLOGY(JIF Q3/JCI Q2) | PSYCHOLOGY, CLINICAL(JIF Q2/JCI Q2)",TAYLOR & FRANCIS INC,Taylor & Francis,是,SCIE; SSCI,混合为主,"订阅路线通常无APC；Open Select常见 USD 2,500-3,500",中,https://authorservices.taylorandfrancis.com/publishing-open-access/,https://www.google.com/search?q=JOURNAL+OF+CLINICAL+AND+EXPERIMENTAL+NEUROPSYCHOLOGY+aims+scope+instructions+for+authors+APC
934,3-Q2,1,JSLS-Journal of the Society of Laparoendoscopic Surgeons,JSLS-J SOC LAPAROEND,1086-8089,,2.0,2.2,Q2,137/321,Q3,Q3,0.64,57.5,81.0,2195.0,SURGERY,SURGERY(JIF Q2/JCI Q3),SOC LAPAROENDOSCOPIC SURGEONS,其他,是,SCIE,需核实,请查期刊官网 Author / Open Access 页面,未知,,https://www.google.com/search?q=JSLS-Journal+of+the+Society+of+Laparoendoscopic+Surgeons+aims+scope+instructions+for+authors+APC
935,3-Q2,1,Journal of Atherosclerosis and Thrombosis,J ATHEROSCLER THROMB,1340-3478,1880-3873,3.4,3.6,Q2,27/100,Q2,Q2,0.76,73.5,80.0,5132.0,PERIPHERAL VASCULAR DISEASE,PERIPHERAL VASCULAR DISEASE(JIF Q2/JCI Q2),JAPAN ATHEROSCLEROSIS SOC,其他,是,SCIE,需核实,请查期刊官网 Author / Open Access 页面,未知,,https://www.google.com/search?q=Journal+of+Atherosclerosis+and+Thrombosis+aims+scope+instructions+for+authors+APC
936,3-Q2,1,CURRENT OPINION IN PULMONARY MEDICINE,CURR OPIN PULM MED,1070-5287,1531-6971,2.7,2.6,Q2,49/107,Q2,Q2,0.66,54.7,80.0,3216.0,RESPIRATORY SYSTEM,RESPIRATORY SYSTEM(JIF Q2/JCI Q2),LIPPINCOTT WILLIAMS & WILKINS,Wolters Kluwer/LWW,是,SCIE,混合为主,"订阅路线通常无APC；OA常见 USD 2,000-4,000；MEDICINE已拉黑",中,https://wkauthorservices.editage.com/open-access/,https://www.google.com/search?q=CURRENT+OPINION+IN+PULMONARY+MEDICINE+aims+scope+instructions+for+authors+APC
937,3-Q2,1,Journal of Cardiovascular Translational Research,J CARDIOVASC TRANSL,1937-5387,1937-5395,2.6,2.8,Q2,106/237,Q2,Q2,0.58,55.5,80.0,2922.0,"CARDIAC & CARDIOVASCULAR SYSTEMS; MEDICINE, RESEARCH & EXPERIMENTAL","CARDIAC & CARDIOVASCULAR SYSTEMS(JIF Q2/JCI Q2) | MEDICINE, RESEARCH & EXPERIMENTAL(JIF Q3/JCI Q2)",SPRINGER,Springer,是,SCIE,混合为主,"订阅路线通常无APC；选OA约 USD 2,790-4,290",中,https://www.springer.com/gp/open-access,https://www.google.com/search?q=Journal+of+Cardiovascular+Translational+Research+aims+scope+instructions+for+authors+APC
938,3-Q2,1,JOURNAL OF PSYCHOACTIVE DRUGS,J PSYCHOACTIVE DRUGS,0279-1072,2159-9777,2.4,3.0,Q2,72/184,Q2,Q2,0.83,61.1,80.0,3106.0,"PSYCHOLOGY, CLINICAL; SUBSTANCE ABUSE","PSYCHOLOGY, CLINICAL(JIF Q2/JCI Q2) | SUBSTANCE ABUSE(JIF Q2/JCI Q2)","ROUTLEDGE JOURNALS, TAYLOR & FRANCIS LTD",Taylor & Francis,否,SSCI,混合为主,"订阅路线通常无APC；Open Select常见 USD 2,500-3,500",中,https://authorservices.taylorandfrancis.com/publishing-open-access/,https://www.google.com/search?q=JOURNAL+OF+PSYCHOACTIVE+DRUGS+aims+scope+instructions+for+authors+APC
939,3-Q2,1,CLINICAL JOURNAL OF SPORT MEDICINE,CLIN J SPORT MED,1050-642X,1536-3724,2.1,2.3,Q2,67/147,Q2,Q2,0.72,54.8,80.0,4608.0,ORTHOPEDICS; SPORT SCIENCES,ORTHOPEDICS(JIF Q2/JCI Q2) | SPORT SCIENCES(JIF Q2/JCI Q2),LIPPINCOTT WILLIAMS & WILKINS,Wolters Kluwer/LWW,是,SCIE,混合为主,"订阅路线通常无APC；OA常见 USD 2,000-4,000；MEDICINE已拉黑",中,https://wkauthorservices.editage.com/open-access/,https://www.google.com/search?q=CLINICAL+JOURNAL+OF+SPORT+MEDICINE+aims+scope+instructions+for+authors+APC
940,3-Q2,1,NURSING FORUM,NURS FORUM,0029-6473,1744-6198,1.9,3.2,Q2,95/194,Q2,Q2,0.84,51.3,80.0,2781.0,NURSING,NURSING(JIF Q2/JCI Q2),WILEY,Wiley,否,ESCI,混合为主,"订阅路线通常无APC；OnlineOpen常见 USD 3,200-4,700",中,https://authorservices.wiley.com/author-resources/Journal-Authors/open-access/article-publication-charges.html,https://www.google.com/search?q=NURSING+FORUM+aims+scope+instructions+for+authors+APC
941,3-Q2,1,BIOCHEMICAL JOURNAL,BIOCHEM J,0264-6021,1470-8728,3.9,4.4,Q2,146/328,Q3,Q3,0.56,55.6,79.0,36956.0,BIOCHEMISTRY & MOLECULAR BIOLOGY,BIOCHEMISTRY & MOLECULAR BIOLOGY(JIF Q2/JCI Q3),PORTLAND PRESS LTD,其他,是,SCIE,需核实,请查期刊官网 Author / Open Access 页面,未知,,https://www.google.com/search?q=BIOCHEMICAL+JOURNAL+aims+scope+instructions+for+authors+APC
942,3-Q2,1,INVESTIGATIONAL NEW DRUGS,INVEST NEW DRUG,0167-6997,1573-0646,3.4,3.4,Q2,143/356,Q2,Q2,0.79,60.0,79.0,5761.0,ONCOLOGY; PHARMACOLOGY & PHARMACY,ONCOLOGY(JIF Q2/JCI Q2) | PHARMACOLOGY & PHARMACY(JIF Q2/JCI Q2),SPRINGER,Springer,是,SCIE,混合为主,"订阅路线通常无APC；选OA约 USD 2,790-4,290",中,https://www.springer.com/gp/open-access,https://www.google.com/search?q=INVESTIGATIONAL+NEW+DRUGS+aims+scope+instructions+for+authors+APC
943,3-Q2,1,Current Opinion in HIV and AIDS,CURR OPIN HIV AIDS,1746-630X,1746-6318,3.4,3.8,Q2,49/141,Q2,Q2,0.71,65.6,79.0,2728.0,IMMUNOLOGY; INFECTIOUS DISEASES,IMMUNOLOGY(JIF Q3/JCI Q2) | INFECTIOUS DISEASES(JIF Q2/JCI Q2),LIPPINCOTT WILLIAMS & WILKINS,Wolters Kluwer/LWW,是,SCIE,混合为主,"订阅路线通常无APC；OA常见 USD 2,000-4,000；MEDICINE已拉黑",中,https://wkauthorservices.editage.com/open-access/,https://www.google.com/search?q=Current+Opinion+in+HIV+and+AIDS+aims+scope+instructions+for+authors+APC
944,3-Q2,1,BIOMETRIKA,BIOMETRIKA,0006-3444,1464-3510,2.8,4.1,Q2,22/170,Q1,Q1,1.05,70.3,79.0,29361.0,BIOLOGY; MATHEMATICAL & COMPUTATIONAL BIOLOGY,BIOLOGY(JIF Q2/JCI Q1) | MATHEMATICAL & COMPUTATIONAL BIOLOGY(JIF Q2/JCI Q1),OXFORD UNIV PRESS,Oxford UP,是,SCIE,混合为主,订阅路线通常无APC；可选OA，费用因刊而异,中,https://academic.oup.com/pages/open-research/open-access,https://www.google.com/search?q=BIOMETRIKA+aims+scope+instructions+for+authors+APC
945,3-Q2,1,Translational Behavioral Medicine,TRANSL BEHAV MED,1869-6716,1613-9860,2.8,4.3,Q2,149/443,Q2,Q2,0.66,66.5,79.0,4677.0,"PUBLIC, ENVIRONMENTAL & OCCUPATIONAL HEALTH","PUBLIC, ENVIRONMENTAL & OCCUPATIONAL HEALTH(JIF Q2/JCI Q2)",OXFORD UNIV PRESS,Oxford UP,是,"SCIE, SSCI",混合为主,订阅路线通常无APC；可选OA，费用因刊而异,中,https://academic.oup.com/pages/open-research/open-access,https://www.google.com/search?q=Translational+Behavioral+Medicine+aims+scope+instructions+for+authors+APC
946,3-Q2,1,Contraception and Reproductive Medicine,CONTRACEP REPROD MED,,2055-7426,2.5,2.9,Q2,53/143,Q2,Q2,0.93,63.3,79.0,872.0,OBSTETRICS & GYNECOLOGY,OBSTETRICS & GYNECOLOGY(JIF Q2/JCI Q2),BMC,BMC,否,ESCI,全OA,"约 USD 1,990-2,890（旗舰刊更高）",高,https://www.biomedcentral.com/getpublished/article-processing-charges,https://www.google.com/search?q=Contraception+and+Reproductive+Medicine+aims+scope+instructions+for+authors+APC
947,3-Q2,1,SUICIDE AND LIFE-THREATENING BEHAVIOR,SUICIDE LIFE-THREAT,0363-0234,1943-278X,2.5,3.3,Q2,62/222,Q2,Q2,0.89,50.3,79.0,6088.0,PSYCHIATRY,PSYCHIATRY(JIF Q2/JCI Q2),WILEY,Wiley,否,SSCI,混合为主,"订阅路线通常无APC；OnlineOpen常见 USD 3,200-4,700",中,https://authorservices.wiley.com/author-resources/Journal-Authors/open-access/article-publication-charges.html,https://www.google.com/search?q=SUICIDE+AND+LIFE-THREATENING+BEHAVIOR+aims+scope+instructions+for+authors+APC
948,3-Q2,1,Journal of Interprofessional Care,J INTERPROF CARE,1356-1820,1469-9567,2.3,3.2,Q2,61/125,Q3,Q3,0.62,51.6,79.0,4951.0,HEALTH CARE SCIENCES & SERVICES; HEALTH POLICY & SERVICES,HEALTH CARE SCIENCES & SERVICES(JIF Q3/JCI Q3) | HEALTH POLICY & SERVICES(JIF Q2/JCI Q3),TAYLOR & FRANCIS INC,Taylor & Francis,是,SCIE; SSCI,混合为主,"订阅路线通常无APC；Open Select常见 USD 2,500-3,500",中,https://authorservices.taylorandfrancis.com/publishing-open-access/,https://www.google.com/search?q=Journal+of+Interprofessional+Care+aims+scope+instructions+for+authors+APC
949,3-Q2,1,Journal of Bioethical Inquiry,J BIOETHIC INQ,1176-7529,1872-4353,2.1,1.9,Q2,26/78,Q2,Q2,0.82,55.2,79.0,1457.0,"MEDICAL ETHICS; SOCIAL SCIENCES, BIOMEDICAL","MEDICAL ETHICS(JIF Q3/JCI Q3) | SOCIAL SCIENCES, BIOMEDICAL(JIF Q2/JCI Q2)",SPRINGER,Springer,是,SSCI; SCIE,混合为主,"订阅路线通常无APC；选OA约 USD 2,790-4,290",中,https://www.springer.com/gp/open-access,https://www.google.com/search?q=Journal+of+Bioethical+Inquiry+aims+scope+instructions+for+authors+APC
950,3-Q2,1,RESEARCH QUARTERLY FOR EXERCISE AND SPORT,RES Q EXERCISE SPORT,0270-1367,2168-3824,2.1,2.5,Q2,65/136,Q3,Q2,0.63,52.6,79.0,5218.0,SPORT SCIENCES,SPORT SCIENCES(JIF Q2/JCI Q3),"ROUTLEDGE JOURNALS, TAYLOR & FRANCIS LTD",Taylor & Francis,是,SSCI; SCIE,混合为主,"订阅路线通常无APC；Open Select常见 USD 2,500-3,500",中,https://authorservices.taylorandfrancis.com/publishing-open-access/,https://www.google.com/search?q=RESEARCH+QUARTERLY+FOR+EXERCISE+AND+SPORT+aims+scope+instructions+for+authors+APC
951,3-Q2,1,Journal of Hand Therapy,J HAND THER,0894-1130,1545-004X,1.8,2.1,Q2,83/175,Q2,Q2,0.91,52.9,79.0,2575.0,ORTHOPEDICS; REHABILITATION; SURGERY,ORTHOPEDICS(JIF Q3/JCI Q2) | REHABILITATION(JIF Q2/JCI Q2) | SURGERY(JIF Q2/JCI Q2),HANLEY & BELFUS-ELSEVIER INC,Elsevier,是,SCIE,混合为主,"订阅路线通常无APC；Gold OA常见 USD 2,200-4,200",中,https://www.elsevier.com/open-access/agreements,https://www.google.com/search?q=Journal+of+Hand+Therapy+aims+scope+instructions+for+authors+APC
952,3-Q2,1,COMPLEXITY,COMPLEXITY,1076-2787,1099-0526,1.6,1.7,Q2,69/140,Q2,Q2,0.56,51.1,79.0,9543.0,MULTIDISCIPLINARY SCIENCES,MULTIDISCIPLINARY SCIENCES(JIF Q2/JCI Q2),WILEY,Wiley,是,SCIE,混合为主,"订阅路线通常无APC；OnlineOpen常见 USD 3,200-4,700",中,https://authorservices.wiley.com/author-resources/Journal-Authors/open-access/article-publication-charges.html,https://www.google.com/search?q=COMPLEXITY+aims+scope+instructions+for+authors+APC
953,3-Q2,1,SAMJ SOUTH AFRICAN MEDICAL JOURNAL,SAMJ S AFR MED J,0256-9574,2078-5135,1.4,1.4,Q2,152/336,Q2,Q2,0.35,54.9,79.0,4150.0,"MEDICINE, GENERAL & INTERNAL","MEDICINE, GENERAL & INTERNAL(JIF Q2/JCI Q2)",SA MEDICAL ASSOC,其他,是,SCIE,需核实,请查期刊官网 Author / Open Access 页面,未知,,https://www.google.com/search?q=SAMJ+SOUTH+AFRICAN+MEDICAL+JOURNAL+aims+scope+instructions+for+authors+APC
954,3-Q2,1,Caspian Journal of Internal Medicine,CASP J INTERN MED,2008-6164,2008-6172,1.2,1.2,Q2,167/336,Q3,Q3,0.27,50.4,79.0,1576.0,"MEDICINE, GENERAL & INTERNAL","MEDICINE, GENERAL & INTERNAL(JIF Q2/JCI Q3)",BABOL UNIV MEDICAL SCIENCES,其他,否,ESCI,需核实,请查期刊官网 Author / Open Access 页面,未知,,https://www.google.com/search?q=Caspian+Journal+of+Internal+Medicine+aims+scope+instructions+for+authors+APC
955,3-Q2,1,BMJ Open Diabetes Research & Care,BMJ OPEN DIAB RES CA,,2052-4897,4.4,4.5,Q2,59/198,Q2,Q2,0.93,70.5,78.0,5773.0,ENDOCRINOLOGY & METABOLISM,ENDOCRINOLOGY & METABOLISM(JIF Q2/JCI Q2),BMJ PUBLISHING GROUP,BMJ,是,SCIE,混合/全OA,"BMJ Open约GBP 2,175；旗舰刊更高",高,https://authors.bmj.com/open-access/,https://www.google.com/search?q=BMJ+Open+Diabetes+Research+&+Care+aims+scope+instructions+for+authors+APC
956,3-Q2,1,MAGNETIC RESONANCE MATERIALS IN PHYSICS BIOLOGY AND MEDICINE,MAGN RESON MATER PHY,1352-8661,1352-8661,3.1,2.8,Q2,70/217,Q2,Q2,0.76,68.0,78.0,2139.0,"RADIOLOGY, NUCLEAR MEDICINE & MEDICAL IMAGING","RADIOLOGY, NUCLEAR MEDICINE & MEDICAL IMAGING(JIF Q2/JCI Q2)",SPRINGER,Springer,是,SCIE,混合为主,"订阅路线通常无APC；选OA约 USD 2,790-4,290",中,https://www.springer.com/gp/open-access,https://www.google.com/search?q=MAGNETIC+RESONANCE+MATERIALS+IN+PHYSICS+BIOLOGY+AND+MEDICINE+aims+scope+instructions+for+authors+APC
957,3-Q2,1,Pain Research & Management,PAIN RES MANAG,1203-6765,1918-1523,3.1,3.5,Q2,127/296,Q2,Q2,0.75,57.3,78.0,3781.0,CLINICAL NEUROLOGY,CLINICAL NEUROLOGY(JIF Q2/JCI Q2),WILEY,Wiley,是,SCIE,混合为主,"订阅路线通常无APC；OnlineOpen常见 USD 3,200-4,700",中,https://authorservices.wiley.com/author-resources/Journal-Authors/open-access/article-publication-charges.html,https://www.google.com/search?q=Pain+Research+&+Management+aims+scope+instructions+for+authors+APC
958,3-Q2,1,ANGIOLOGY,ANGIOLOGY,0003-3197,1940-1574,2.7,2.6,Q2,48/100,Q2,Q2,0.59,52.5,78.0,4004.0,PERIPHERAL VASCULAR DISEASE,PERIPHERAL VASCULAR DISEASE(JIF Q2/JCI Q2),SAGE PUBLICATIONS INC,SAGE,是,SCIE,混合为主,"订阅路线通常无APC；SAGE Choice常见 USD 2,000-4,000",中,https://us.sagepub.com/en-us/nam/sage-choice,https://www.google.com/search?q=ANGIOLOGY+aims+scope+instructions+for+authors+APC
959,3-Q2,1,RADIATION RESEARCH,RADIAT RES,0033-7587,1938-5404,2.4,2.9,Q2,39/106,Q2,Q2,0.73,63.7,78.0,8203.0,"BIOLOGY; RADIOLOGY, NUCLEAR MEDICINE & MEDICAL IMAGING","BIOLOGY(JIF Q2/JCI Q2) | RADIOLOGY, NUCLEAR MEDICINE & MEDICAL IMAGING(JIF Q2/JCI Q2)",RADIATION RESEARCH SOC,其他,是,SCIE,需核实,请查期刊官网 Author / Open Access 页面,未知,,https://www.google.com/search?q=RADIATION+RESEARCH+aims+scope+instructions+for+authors+APC
960,3-Q2,1,Belitung Nursing Journal,BELITUNG NURS J,2528-181X,2477-4073,2.1,1.9,Q2,78/194,Q2,Q2,0.69,60.1,78.0,782.0,NURSING,NURSING(JIF Q2/JCI Q2),BELITUNG RAYA FOUNDATION,其他,否,ESCI,需核实,请查期刊官网 Author / Open Access 页面,未知,,https://www.google.com/search?q=Belitung+Nursing+Journal+aims+scope+instructions+for+authors+APC
961,3-Q2,1,Archives of Iranian Medicine,ARCH IRAN MED,1029-2977,1735-3947,1.2,1.4,Q2,167/336,Q2,Q2,0.33,50.4,78.0,2306.0,"MEDICINE, GENERAL & INTERNAL","MEDICINE, GENERAL & INTERNAL(JIF Q2/JCI Q2)",ACAD MEDICAL SCIENCES I R IRAN,其他,是,SCIE,需核实,请查期刊官网 Author / Open Access 页面,未知,,https://www.google.com/search?q=Archives+of+Iranian+Medicine+aims+scope+instructions+for+authors+APC
962,3-Q2,1,AMERICAN JOURNAL OF INDUSTRIAL MEDICINE,AM J IND MED,0271-3586,1097-0274,2.4,3.5,Q2,193/443,Q2,Q2,0.73,56.5,77.0,6194.0,"PUBLIC, ENVIRONMENTAL & OCCUPATIONAL HEALTH","PUBLIC, ENVIRONMENTAL & OCCUPATIONAL HEALTH(JIF Q2/JCI Q2)",WILEY,Wiley,是,SCIE,混合为主,"订阅路线通常无APC；OnlineOpen常见 USD 3,200-4,700",中,https://authorservices.wiley.com/author-resources/Journal-Authors/open-access/article-publication-charges.html,https://www.google.com/search?q=AMERICAN+JOURNAL+OF+INDUSTRIAL+MEDICINE+aims+scope+instructions+for+authors+APC
963,3-Q2,1,International Journal of Sexual Health,INT J SEX HEALTH,1931-7611,1931-762X,2.2,2.6,Q2,58/275,Q2,Q2,0.83,55.2,77.0,1111.0,"PSYCHOLOGY, CLINICAL; PUBLIC, ENVIRONMENTAL & OCCUPATIONAL HEALTH","PSYCHOLOGY, CLINICAL(JIF Q2/JCI Q2) | PUBLIC, ENVIRONMENTAL & OCCUPATIONAL HEALTH(JIF Q2/JCI Q2)","ROUTLEDGE JOURNALS, TAYLOR & FRANCIS LTD",Taylor & Francis,否,SSCI,混合为主,"订阅路线通常无APC；Open Select常见 USD 2,500-3,500",中,https://authorservices.taylorandfrancis.com/publishing-open-access/,https://www.google.com/search?q=International+Journal+of+Sexual+Health+aims+scope+instructions+for+authors+APC
964,3-Q2,1,International Journal of Performance Analysis in Sport,INT J PERF ANAL SPOR,2474-8668,1474-8185,2.1,2.4,Q2,65/136,Q2,Q2,0.77,52.6,77.0,2947.0,SPORT SCIENCES,SPORT SCIENCES(JIF Q2/JCI Q2),"ROUTLEDGE JOURNALS, TAYLOR & FRANCIS LTD",Taylor & Francis,是,SCIE,混合为主,"订阅路线通常无APC；Open Select常见 USD 2,500-3,500",中,https://authorservices.taylorandfrancis.com/publishing-open-access/,https://www.google.com/search?q=International+Journal+of+Performance+Analysis+in+Sport+aims+scope+instructions+for+authors+APC
965,3-Q2,1,BioTech,BIOTECH-BASEL,,2673-6284,3.6,,Q2,84/180,Q3,Q3,0.61,53.6,76.0,852.0,BIOTECHNOLOGY & APPLIED MICROBIOLOGY,BIOTECHNOLOGY & APPLIED MICROBIOLOGY(JIF Q2/JCI Q3),MDPI,MDPI,否,ESCI,全OA,"约 CHF 1,600-2,900（如 JCM=CHF 2,600）",高,https://www.mdpi.com/about/apc,https://www.google.com/search?q=BioTech+aims+scope+instructions+for+authors+APC
966,3-Q2,1,INTERNATIONAL JOURNAL OF BIOCHEMISTRY & CELL BIOLOGY,INT J BIOCHEM CELL B,1357-2725,1878-5875,3.5,3.8,Q2,163/328,Q3,Q3,0.57,50.5,76.0,14584.0,BIOCHEMISTRY & MOLECULAR BIOLOGY; CELL BIOLOGY,BIOCHEMISTRY & MOLECULAR BIOLOGY(JIF Q2/JCI Q3) | CELL BIOLOGY(JIF Q3/JCI Q3),PERGAMON-ELSEVIER SCIENCE LTD,Elsevier,是,SCIE,混合为主,"订阅路线通常无APC；Gold OA常见 USD 2,200-4,200",中,https://www.elsevier.com/open-access/agreements,https://www.google.com/search?q=INTERNATIONAL+JOURNAL+OF+BIOCHEMISTRY+&+CELL+BIOLOGY+aims+scope+instructions+for+authors+APC
967,3-Q2,1,Dermatitis,DERMATITIS,1710-3568,2162-5220,3.4,3.7,Q2,25/99,Q2,Q2,1.01,75.3,76.0,2309.0,DERMATOLOGY,DERMATOLOGY(JIF Q2/JCI Q2),SAGE PUBLICATIONS INC,SAGE,是,SCIE,混合为主,"订阅路线通常无APC；SAGE Choice常见 USD 2,000-4,000",中,https://us.sagepub.com/en-us/nam/sage-choice,https://www.google.com/search?q=Dermatitis+aims+scope+instructions+for+authors+APC
968,3-Q2,1,CURRENT PHARMACEUTICAL BIOTECHNOLOGY,CURR PHARM BIOTECHNO,1389-2010,1873-4316,2.9,2.7,Q2,173/356,Q3,Q3,0.44,51.5,76.0,5388.0,BIOCHEMISTRY & MOLECULAR BIOLOGY; PHARMACOLOGY & PHARMACY,BIOCHEMISTRY & MOLECULAR BIOLOGY(JIF Q3/JCI Q4) | PHARMACOLOGY & PHARMACY(JIF Q2/JCI Q3),BENTHAM SCIENCE PUBL LTD,其他,是,SCIE,需核实,请查期刊官网 Author / Open Access 页面,未知,,https://www.google.com/search?q=CURRENT+PHARMACEUTICAL+BIOTECHNOLOGY+aims+scope+instructions+for+authors+APC
969,3-Q2,1,INTERNATIONAL JOURNAL OF GYNECOLOGICAL PATHOLOGY,INT J GYNECOL PATHOL,0277-1691,1538-7151,2.1,2.1,Q2,70/143,Q2,Q2,0.87,51.4,76.0,3000.0,OBSTETRICS & GYNECOLOGY; PATHOLOGY,OBSTETRICS & GYNECOLOGY(JIF Q2/JCI Q2) | PATHOLOGY(JIF Q3/JCI Q2),LIPPINCOTT WILLIAMS & WILKINS,Wolters Kluwer/LWW,是,SCIE,混合为主,"订阅路线通常无APC；OA常见 USD 2,000-4,000；MEDICINE已拉黑",中,https://wkauthorservices.editage.com/open-access/,https://www.google.com/search?q=INTERNATIONAL+JOURNAL+OF+GYNECOLOGICAL+PATHOLOGY+aims+scope+instructions+for+authors+APC
970,3-Q2,1,Journal of Transcultural Nursing,J TRANSCULT NURS,1043-6596,1552-7832,1.9,2.7,Q2,95/194,Q2,Q2,0.69,51.3,76.0,2368.0,NURSING,NURSING(JIF Q2/JCI Q2),SAGE PUBLICATIONS INC,SAGE,是,"SCIE, SSCI",混合为主,"订阅路线通常无APC；SAGE Choice常见 USD 2,000-4,000",中,https://us.sagepub.com/en-us/nam/sage-choice,https://www.google.com/search?q=Journal+of+Transcultural+Nursing+aims+scope+instructions+for+authors+APC
971,3-Q2,1,Endocrinology Diabetes & Metabolism,ENDOCRIN DIAB METAB,,2398-9238,3.4,3.1,Q2,95/198,Q3,Q3,0.61,52.3,75.0,1441.0,ENDOCRINOLOGY & METABOLISM,ENDOCRINOLOGY & METABOLISM(JIF Q2/JCI Q3),WILEY,Wiley,否,ESCI,混合为主,"订阅路线通常无APC；OnlineOpen常见 USD 3,200-4,700",中,https://authorservices.wiley.com/author-resources/Journal-Authors/open-access/article-publication-charges.html,https://www.google.com/search?q=Endocrinology+Diabetes+&+Metabolism+aims+scope+instructions+for+authors+APC
972,3-Q2,1,JOURNAL OF THE PERIPHERAL NERVOUS SYSTEM,J PERIPHER NERV SYST,1085-9489,1529-8027,3.0,3.4,Q2,133/296,Q2,Q2,0.73,55.2,75.0,2369.0,CLINICAL NEUROLOGY; NEUROSCIENCES,CLINICAL NEUROLOGY(JIF Q2/JCI Q2) | NEUROSCIENCES(JIF Q3/JCI Q3),WILEY,Wiley,是,SCIE,混合为主,"订阅路线通常无APC；OnlineOpen常见 USD 3,200-4,700",中,https://authorservices.wiley.com/author-resources/Journal-Authors/open-access/article-publication-charges.html,https://www.google.com/search?q=JOURNAL+OF+THE+PERIPHERAL+NERVOUS+SYSTEM+aims+scope+instructions+for+authors+APC
973,3-Q2,1,OPTOMETRY AND VISION SCIENCE,OPTOMETRY VISION SCI,1040-5488,1538-9235,2.4,2.0,Q2,37/98,Q2,Q2,0.86,62.8,75.0,7230.0,OPHTHALMOLOGY,OPHTHALMOLOGY(JIF Q2/JCI Q2),LIPPINCOTT WILLIAMS & WILKINS,Wolters Kluwer/LWW,是,SCIE,混合为主,"订阅路线通常无APC；OA常见 USD 2,000-4,000；MEDICINE已拉黑",中,https://wkauthorservices.editage.com/open-access/,https://www.google.com/search?q=OPTOMETRY+AND+VISION+SCIENCE+aims+scope+instructions+for+authors+APC
974,3-Q2,1,Oral Radiology,ORAL RADIOL,0911-6028,1613-9674,2.3,2.5,Q2,67/165,Q2,Q2,0.75,59.7,75.0,1330.0,"DENTISTRY, ORAL SURGERY & MEDICINE","DENTISTRY, ORAL SURGERY & MEDICINE(JIF Q2/JCI Q2)",SPRINGER,Springer,是,SCIE,混合为主,"订阅路线通常无APC；选OA约 USD 2,790-4,290",中,https://www.springer.com/gp/open-access,https://www.google.com/search?q=Oral+Radiology+aims+scope+instructions+for+authors+APC
975,3-Q2,1,Journal of Eye Movement Research,J EYE MOVEMENT RES,1995-8692,1995-8692,2.2,3.1,Q2,43/98,Q2,Q2,1.02,56.6,75.0,1222.0,OPHTHALMOLOGY,OPHTHALMOLOGY(JIF Q2/JCI Q2),MDPI,MDPI,是,SCIE,全OA,"约 CHF 1,600-2,900（如 JCM=CHF 2,600）",高,https://www.mdpi.com/about/apc,https://www.google.com/search?q=Journal+of+Eye+Movement+Research+aims+scope+instructions+for+authors+APC
976,3-Q2,1,PEDIATRIC CLINICS OF NORTH AMERICA,PEDIATR CLIN N AM,0031-3955,1557-8240,2.2,2.5,Q2,66/190,Q1,Q1,0.98,65.5,75.0,4859.0,PEDIATRICS,PEDIATRICS(JIF Q2/JCI Q1),W B SAUNDERS CO-ELSEVIER INC,Elsevier,是,SCIE,混合为主,"订阅路线通常无APC；Gold OA常见 USD 2,200-4,200",中,https://www.elsevier.com/open-access/agreements,https://www.google.com/search?q=PEDIATRIC+CLINICS+OF+NORTH+AMERICA+aims+scope+instructions+for+authors+APC
977,3-Q2,1,Eye & Contact Lens-Science and Clinical Practice,EYE CONTACT LENS,1542-2321,1542-233X,2.2,2.3,Q2,43/98,Q3,Q3,0.74,56.6,75.0,3054.0,OPHTHALMOLOGY,OPHTHALMOLOGY(JIF Q2/JCI Q3),LIPPINCOTT WILLIAMS & WILKINS,Wolters Kluwer/LWW,是,SCIE,混合为主,"订阅路线通常无APC；OA常见 USD 2,000-4,000；MEDICINE已拉黑",中,https://wkauthorservices.editage.com/open-access/,https://www.google.com/search?q=Eye+&+Contact+Lens-Science+and+Clinical+Practice+aims+scope+instructions+for+authors+APC
978,3-Q2,1,SPINAL CORD,SPINAL CORD,1362-4393,1476-5624,1.8,2.5,Q2,83/175,Q2,Q2,0.76,52.9,75.0,7040.0,CLINICAL NEUROLOGY; REHABILITATION,CLINICAL NEUROLOGY(JIF Q3/JCI Q2) | REHABILITATION(JIF Q2/JCI Q2),SPRINGERNATURE,Springer Nature,是,SCIE,混合/全OA,"全OA约 USD 2,090-3,490；Nature系更高；Scientific Reports已拉黑",中高,https://www.springernature.com/gp/open-research/journals-books/journals,https://www.google.com/search?q=SPINAL+CORD+aims+scope+instructions+for+authors+APC
979,3-Q2,1,South African Family Practice,S AFR FAM PRACT,2078-6190,2078-6204,1.2,1.5,Q2,167/336,Q2,Q2,0.39,50.4,75.0,988.0,"MEDICINE, GENERAL & INTERNAL","MEDICINE, GENERAL & INTERNAL(JIF Q2/JCI Q2)",AOSIS,其他,否,ESCI,需核实,请查期刊官网 Author / Open Access 页面,未知,,https://www.google.com/search?q=South+African+Family+Practice+aims+scope+instructions+for+authors+APC
980,3-Q2,1,Eating and Weight Disorders-Studies on Anorexia Bulimia and Obesity,EAT WEIGHT DISORD-ST,1124-4909,1590-1262,3.5,3.4,Q2,85/293,Q2,Q2,0.85,71.2,74.0,5512.0,PSYCHIATRY,PSYCHIATRY(JIF Q2/JCI Q2),SPRINGER,Springer,是,SCIE,混合为主,"订阅路线通常无APC；选OA约 USD 2,790-4,290",中,https://www.springer.com/gp/open-access,https://www.google.com/search?q=Eating+and+Weight+Disorders-Studies+on+Anorexia+Bulimia+and+Obesity+aims+scope+instructions+for+authors+APC
981,3-Q2,1,IEEE Open Journal of Engineering in Medicine and Biology,IEEE OPEN J ENG MED,,2644-1276,3.1,3.4,Q2,64/130,Q2,Q2,0.64,51.2,74.0,837.0,"ENGINEERING, BIOMEDICAL","ENGINEERING, BIOMEDICAL(JIF Q2/JCI Q2)",IEEE-INST ELECTRICAL ELECTRONICS ENGINEERS INC,IEEE,否,ESCI,混合/OA,因刊而异,中,https://open.ieee.org/,https://www.google.com/search?q=IEEE+Open+Journal+of+Engineering+in+Medicine+and+Biology+aims+scope+instructions+for+authors+APC
982,3-Q2,1,JOURNAL OF THE INTERNATIONAL NEUROPSYCHOLOGICAL SOCIETY,J INT NEUROPSYCH SOC,1355-6177,1469-7661,3.0,3.1,Q2,28/93,Q2,Q2,0.8,61.9,74.0,7460.0,CLINICAL NEUROLOGY; NEUROSCIENCES; PSYCHIATRY,CLINICAL NEUROLOGY(JIF Q2/JCI Q2) | NEUROSCIENCES(JIF Q3/JCI Q2) | PSYCHIATRY(JIF Q2/JCI Q2),CAMBRIDGE UNIV PRESS,Cambridge UP,是,SCIE,混合为主,订阅路线通常无APC；Gold OA因刊而异,中,https://www.cambridge.org/core/open-research/open-access,https://www.google.com/search?q=JOURNAL+OF+THE+INTERNATIONAL+NEUROPSYCHOLOGICAL+SOCIETY+aims+scope+instructions+for+authors+APC
983,3-Q2,1,World Journal of Cardiology,WORLD J CARDIOL,1949-8462,1949-8462,2.9,2.9,Q2,95/237,Q3,Q3,0.53,60.1,74.0,2283.0,CARDIAC & CARDIOVASCULAR SYSTEMS,CARDIAC & CARDIOVASCULAR SYSTEMS(JIF Q2/JCI Q3),BAISHIDENG PUBLISHING GROUP INC,其他,否,ESCI,需核实,请查期刊官网 Author / Open Access 页面,未知,,https://www.google.com/search?q=World+Journal+of+Cardiology+aims+scope+instructions+for+authors+APC
984,3-Q2,1,INTERNATIONAL JOURNAL FOR QUALITY IN HEALTH CARE,INT J QUAL HEALTH C,1353-4505,1464-3677,2.6,2.9,Q2,49/125,Q3,Q3,0.68,61.2,74.0,11130.0,HEALTH CARE SCIENCES & SERVICES; HEALTH POLICY & SERVICES,HEALTH CARE SCIENCES & SERVICES(JIF Q2/JCI Q3) | HEALTH POLICY & SERVICES(JIF Q2/JCI Q3),OXFORD UNIV PRESS,Oxford UP,是,SCIE; SSCI,混合为主,订阅路线通常无APC；可选OA，费用因刊而异,中,https://academic.oup.com/pages/open-research/open-access,https://www.google.com/search?q=INTERNATIONAL+JOURNAL+FOR+QUALITY+IN+HEALTH+CARE+aims+scope+instructions+for+authors+APC
985,3-Q2,1,JOURNAL OF COMMUNICATION DISORDERS,J COMMUN DISORD,0021-9924,1873-7994,2.2,2.7,Q2,67/312,Q2,Q2,0.96,67.1,74.0,3267.0,AUDIOLOGY & SPEECH-LANGUAGE PATHOLOGY; REHABILITATION,AUDIOLOGY & SPEECH-LANGUAGE PATHOLOGY(JIF Q2/JCI Q2) | REHABILITATION(JIF Q2/JCI Q2),ELSEVIER SCIENCE INC,Elsevier,是,"SCIE; SSCI; SCIE, SSCI",混合为主,"订阅路线通常无APC；Gold OA常见 USD 2,200-4,200",中,https://www.elsevier.com/open-access/agreements,https://www.google.com/search?q=JOURNAL+OF+COMMUNICATION+DISORDERS+aims+scope+instructions+for+authors+APC
986,3-Q2,1,Language Cognition and Neuroscience,LANG COGN NEUROSCI,2327-3798,2327-3801,2.2,2.4,Q2,67/312,Q2,Q2,0.8,64.3,74.0,2420.0,AUDIOLOGY & SPEECH-LANGUAGE PATHOLOGY,AUDIOLOGY & SPEECH-LANGUAGE PATHOLOGY(JIF Q2/JCI Q2),"ROUTLEDGE JOURNALS, TAYLOR & FRANCIS LTD",Taylor & Francis,是,SCIE; SSCI,混合为主,"订阅路线通常无APC；Open Select常见 USD 2,500-3,500",中,https://authorservices.taylorandfrancis.com/publishing-open-access/,https://www.google.com/search?q=Language+Cognition+and+Neuroscience+aims+scope+instructions+for+authors+APC
987,3-Q2,1,Applied Network Science,APPL NETW SCI,,2364-8228,1.9,2.2,Q2,64/140,Q3,Q3,0.38,54.6,74.0,1583.0,MULTIDISCIPLINARY SCIENCES,MULTIDISCIPLINARY SCIENCES(JIF Q2/JCI Q3),SPRINGERNATURE,Springer Nature,否,ESCI,混合/全OA,"全OA约 USD 2,090-3,490；Nature系更高；Scientific Reports已拉黑",中高,https://www.springernature.com/gp/open-research/journals-books/journals,https://www.google.com/search?q=Applied+Network+Science+aims+scope+instructions+for+authors+APC
988,3-Q2,1,REVISTA CLINICA ESPANOLA,REV CLIN ESP,0014-2565,1578-1860,1.7,1.7,Q2,135/336,Q2,Q2,0.5,60.0,74.0,1010.0,"MEDICINE, GENERAL & INTERNAL","MEDICINE, GENERAL & INTERNAL(JIF Q2/JCI Q2)",EDICIONES DOYMA S A,其他,是,SCIE,需核实,请查期刊官网 Author / Open Access 页面,未知,,https://www.google.com/search?q=REVISTA+CLINICA+ESPANOLA+aims+scope+instructions+for+authors+APC
989,3-Q2,1,DEVELOPMENTAL DYNAMICS,DEV DYNAM,1058-8388,1097-0177,1.5,2.2,Q2,11/25,Q3,Q2,0.65,58.0,74.0,8151.0,ANATOMY & MORPHOLOGY,ANATOMY & MORPHOLOGY(JIF Q2/JCI Q3),WILEY,Wiley,是,SCIE,混合为主,"订阅路线通常无APC；OnlineOpen常见 USD 3,200-4,700",中,https://authorservices.wiley.com/author-resources/Journal-Authors/open-access/article-publication-charges.html,https://www.google.com/search?q=DEVELOPMENTAL+DYNAMICS+aims+scope+instructions+for+authors+APC
990,3-Q2,1,Nanomedicine,NANOMEDICINE-UK,1743-5889,1748-6963,4.6,4.5,Q2,54/180,Q3,Q3,0.56,70.3,73.0,9889.0,BIOTECHNOLOGY & APPLIED MICROBIOLOGY,BIOTECHNOLOGY & APPLIED MICROBIOLOGY(JIF Q2/JCI Q3),TAYLOR & FRANCIS LTD,Taylor & Francis,是,SCIE,混合为主,"订阅路线通常无APC；Open Select常见 USD 2,500-3,500",中,https://authorservices.taylorandfrancis.com/publishing-open-access/,https://www.google.com/search?q=Nanomedicine+aims+scope+instructions+for+authors+APC
991,3-Q2,1,REVISTA ESPANOLA DE CARDIOLOGIA,REV ESP CARDIOL,,1885-5857,4.2,6.7,Q2,62/237,Q1,Q1,1.02,74.1,73.0,5484.0,CARDIAC & CARDIOVASCULAR SYSTEMS,CARDIAC & CARDIOVASCULAR SYSTEMS(JIF Q2/JCI Q1),EDICIONES DOYMA S A,其他,是,SCIE,需核实,请查期刊官网 Author / Open Access 页面,未知,,https://www.google.com/search?q=REVISTA+ESPANOLA+DE+CARDIOLOGIA+aims+scope+instructions+for+authors+APC
992,3-Q2,1,Metabolism Open,METAB OPEN,,2589-9368,3.5,,Q2,87/198,Q3,Q3,0.69,56.3,73.0,1060.0,ENDOCRINOLOGY & METABOLISM,ENDOCRINOLOGY & METABOLISM(JIF Q2/JCI Q3),ELSEVIER,Elsevier,否,ESCI,混合为主,"订阅路线通常无APC；Gold OA常见 USD 2,200-4,200",中,https://www.elsevier.com/open-access/agreements,https://www.google.com/search?q=Metabolism+Open+aims+scope+instructions+for+authors+APC
993,3-Q2,1,Frontiers in Neurorobotics,FRONT NEUROROBOTICS,1662-5218,1662-5218,3.5,3.5,Q2,138/330,Q3,Q2,0.65,58.3,73.0,5024.0,NEUROSCIENCES,NEUROSCIENCES(JIF Q2/JCI Q3),FRONTIERS MEDIA SA,Frontiers,是,SCIE,全OA,"约 CHF 1,495-3,150（Frontiers in Medicine A类=CHF 3,150）",高,https://www.frontiersin.org/about/fee-policy,https://www.google.com/search?q=Frontiers+in+Neurorobotics+aims+scope+instructions+for+authors+APC
994,3-Q2,1,CELL BIOCHEMISTRY AND FUNCTION,CELL BIOCHEM FUNCT,0263-6484,1099-0844,3.5,3.3,Q2,163/328,Q3,Q3,0.44,50.5,73.0,4136.0,BIOCHEMISTRY & MOLECULAR BIOLOGY; CELL BIOLOGY,BIOCHEMISTRY & MOLECULAR BIOLOGY(JIF Q2/JCI Q4) | CELL BIOLOGY(JIF Q3/JCI Q3),WILEY,Wiley,是,SCIE,混合为主,"订阅路线通常无APC；OnlineOpen常见 USD 3,200-4,700",中,https://authorservices.wiley.com/author-resources/Journal-Authors/open-access/article-publication-charges.html,https://www.google.com/search?q=CELL+BIOCHEMISTRY+AND+FUNCTION+aims+scope+instructions+for+authors+APC
995,3-Q2,1,Infectious Agents and Cancer,INFECT AGENTS CANCER,1750-9378,1750-9378,3.2,3.4,Q2,161/333,Q3,Q3,0.58,51.8,73.0,2166.0,IMMUNOLOGY; ONCOLOGY,IMMUNOLOGY(JIF Q3/JCI Q3) | ONCOLOGY(JIF Q2/JCI Q3),BMC,BMC,是,SCIE,全OA,"约 USD 1,990-2,890（旗舰刊更高）",高,https://www.biomedcentral.com/getpublished/article-processing-charges,https://www.google.com/search?q=Infectious+Agents+and+Cancer+aims+scope+instructions+for+authors+APC
996,3-Q2,1,Israel Journal of Health Policy Research,ISR J HEALTH POLICY,2045-4015,2045-4015,2.4,2.6,Q2,193/443,Q2,Q2,0.87,56.5,73.0,1224.0,"HEALTH POLICY & SERVICES; PUBLIC, ENVIRONMENTAL & OCCUPATIONAL HEALTH","HEALTH POLICY & SERVICES(JIF Q2/JCI Q2) | PUBLIC, ENVIRONMENTAL & OCCUPATIONAL HEALTH(JIF Q2/JCI Q2)",BMC,BMC,否,SSCI,全OA,"约 USD 1,990-2,890（旗舰刊更高）",高,https://www.biomedcentral.com/getpublished/article-processing-charges,https://www.google.com/search?q=Israel+Journal+of+Health+Policy+Research+aims+scope+instructions+for+authors+APC
997,3-Q2,1,LASERS IN SURGERY AND MEDICINE,LASER SURG MED,0196-8092,1096-9101,2.1,2.4,Q2,128/321,Q2,Q2,0.86,60.3,73.0,5689.0,DERMATOLOGY; SURGERY,DERMATOLOGY(JIF Q3/JCI Q2) | SURGERY(JIF Q2/JCI Q2),WILEY,Wiley,是,SCIE,混合为主,"订阅路线通常无APC；OnlineOpen常见 USD 3,200-4,700",中,https://authorservices.wiley.com/author-resources/Journal-Authors/open-access/article-publication-charges.html,https://www.google.com/search?q=LASERS+IN+SURGERY+AND+MEDICINE+aims+scope+instructions+for+authors+APC
998,3-Q2,1,ADVANCES IN HEALTH SCIENCES EDUCATION,ADV HEALTH SCI EDUC,1382-4996,1573-1677,3.4,4.5,Q2,104/760,Q1,Q1,1.14,70.9,72.0,5115.0,HEALTH CARE SCIENCES & SERVICES,HEALTH CARE SCIENCES & SERVICES(JIF Q2/JCI Q1),SPRINGER,Springer,是,SSCI; SCIE,混合为主,"订阅路线通常无APC；选OA约 USD 2,790-4,290",中,https://www.springer.com/gp/open-access,https://www.google.com/search?q=ADVANCES+IN+HEALTH+SCIENCES+EDUCATION+aims+scope+instructions+for+authors+APC
999,3-Q2,1,INTEGRATIVE CANCER THERAPIES,INTEGR CANCER THER,1534-7354,1552-695X,3.1,3.4,Q2,16/48,Q2,Q2,0.6,67.7,72.0,3794.0,INTEGRATIVE & COMPLEMENTARY MEDICINE; ONCOLOGY,INTEGRATIVE & COMPLEMENTARY MEDICINE(JIF Q2/JCI Q2) | ONCOLOGY(JIF Q2/JCI Q3),SAGE PUBLICATIONS INC,SAGE,是,SCIE,混合为主,"订阅路线通常无APC；SAGE Choice常见 USD 2,000-4,000",中,https://us.sagepub.com/en-us/nam/sage-choice,https://www.google.com/search?q=INTEGRATIVE+CANCER+THERAPIES+aims+scope+instructions+for+authors+APC
1000,3-Q2,1,Crohns & Colitis 360,CROHNS COLITIS 360,,2631-827X,3.0,2.9,Q2,67/153,Q2,Q2,0.62,56.5,72.0,1025.0,GASTROENTEROLOGY & HEPATOLOGY,GASTROENTEROLOGY & HEPATOLOGY(JIF Q2/JCI Q2),OXFORD UNIV PRESS,Oxford UP,否,ESCI,混合为主,订阅路线通常无APC；可选OA，费用因刊而异,中,https://academic.oup.com/pages/open-research/open-access,https://www.google.com/search?q=Crohns+&+Colitis+360+aims+scope+instructions+for+authors+APC
1001,3-Q2,1,MICROVASCULAR RESEARCH,MICROVASC RES,0026-2862,1095-9319,2.9,3.0,Q2,43/100,Q2,Q2,0.68,57.5,72.0,4597.0,PERIPHERAL VASCULAR DISEASE,PERIPHERAL VASCULAR DISEASE(JIF Q2/JCI Q2),ACADEMIC PRESS INC ELSEVIER SCIENCE,Elsevier,是,SCIE,混合为主,"订阅路线通常无APC；Gold OA常见 USD 2,200-4,200",中,https://www.elsevier.com/open-access/agreements,https://www.google.com/search?q=MICROVASCULAR+RESEARCH+aims+scope+instructions+for+authors+APC
1002,3-Q2,1,Parasite,PARASITE,1252-607X,1776-1042,2.8,3.2,Q2,14/47,Q2,Q2,0.85,71.3,72.0,2927.0,PARASITOLOGY,PARASITOLOGY(JIF Q2/JCI Q2),EDP SCIENCES S A,其他,是,SCIE,需核实,请查期刊官网 Author / Open Access 页面,未知,,https://www.google.com/search?q=Parasite+aims+scope+instructions+for+authors+APC
1003,3-Q2,1,NEUROLOGIA,NEUROLOGIA,0213-4853,1578-1968,2.8,2.8,Q2,143/296,Q2,Q2,0.82,51.9,72.0,2348.0,CLINICAL NEUROLOGY,CLINICAL NEUROLOGY(JIF Q2/JCI Q2),ELSEVIER ESPANA SLU,Elsevier,是,SCIE,混合为主,"订阅路线通常无APC；Gold OA常见 USD 2,200-4,200",中,https://www.elsevier.com/open-access/agreements,https://www.google.com/search?q=NEUROLOGIA+aims+scope+instructions+for+authors+APC
1004,3-Q2,1,JOURNAL OF BEHAVIORAL MEDICINE,J BEHAV MED,0160-7715,1573-3521,2.7,3.1,Q2,60/184,Q1,Q1,1.02,67.7,72.0,6300.0,"PSYCHOLOGY, CLINICAL","PSYCHOLOGY, CLINICAL(JIF Q2/JCI Q1)",SPRINGER/PLENUM PUBLISHERS,Springer,否,SSCI,混合为主,"订阅路线通常无APC；选OA约 USD 2,790-4,290",中,https://www.springer.com/gp/open-access,https://www.google.com/search?q=JOURNAL+OF+BEHAVIORAL+MEDICINE+aims+scope+instructions+for+authors+APC
1005,3-Q2,1,Journal of Physics-Complexity,J PHYS-COMPLEXITY,,2632-072X,2.3,2.5,Q2,14/61,Q2,Q2,0.68,59.6,72.0,800.0,MULTIDISCIPLINARY SCIENCES,MULTIDISCIPLINARY SCIENCES(JIF Q2/JCI Q2),IOP Publishing Ltd,其他,否,ESCI,需核实,请查期刊官网 Author / Open Access 页面,未知,,https://www.google.com/search?q=Journal+of+Physics-Complexity+aims+scope+instructions+for+authors+APC
1006,3-Q2,1,FAMILY MEDICINE,FAM MED,0742-3225,1938-3800,2.0,2.1,Q2,113/336,Q1,Q1,1.01,66.5,72.0,2811.0,"MEDICINE, GENERAL & INTERNAL; PRIMARY HEALTH CARE","MEDICINE, GENERAL & INTERNAL(JIF Q2/JCI Q1) | PRIMARY HEALTH CARE(JIF Q2/JCI Q2)",SOC TEACHERS FAMILY MEDICINE,其他,是,SCIE,需核实,请查期刊官网 Author / Open Access 页面,未知,,https://www.google.com/search?q=FAMILY+MEDICINE+aims+scope+instructions+for+authors+APC
1007,3-Q2,1,INTERNATIONAL JOURNAL OF ORAL & MAXILLOFACIAL IMPLANTS,INT J ORAL MAX IMPL,0882-2786,1942-4434,2.0,2.1,Q2,81/165,Q3,Q3,0.67,51.2,72.0,8118.0,"DENTISTRY, ORAL SURGERY & MEDICINE","DENTISTRY, ORAL SURGERY & MEDICINE(JIF Q2/JCI Q3)",QUINTESSENCE PUBLISHING CO INC,其他,是,SCIE,需核实,请查期刊官网 Author / Open Access 页面,未知,,https://www.google.com/search?q=INTERNATIONAL+JOURNAL+OF+ORAL+&+MAXILLOFACIAL+IMPLANTS+aims+scope+instructions+for+authors+APC
1008,3-Q2,1,JOURNAL OF MICROBIOLOGY,J MICROBIOL,1225-8873,1976-3794,3.8,3.7,Q2,76/167,Q3,Q3,0.62,54.8,71.0,5334.0,MICROBIOLOGY,MICROBIOLOGY(JIF Q2/JCI Q3),MICROBIOLOGICAL SOCIETY KOREA,其他,是,SCIE,需核实,请查期刊官网 Author / Open Access 页面,未知,,https://www.google.com/search?q=JOURNAL+OF+MICROBIOLOGY+aims+scope+instructions+for+authors+APC
1009,3-Q2,1,European Journal of Radiology Open,EUR J RADIOL OPEN,,2352-0477,3.5,2.7,Q2,55/217,Q2,Q2,0.82,74.9,71.0,1372.0,"RADIOLOGY, NUCLEAR MEDICINE & MEDICAL IMAGING","RADIOLOGY, NUCLEAR MEDICINE & MEDICAL IMAGING(JIF Q2/JCI Q2)",ELSEVIER,Elsevier,否,ESCI,混合为主,"订阅路线通常无APC；Gold OA常见 USD 2,200-4,200",中,https://www.elsevier.com/open-access/agreements,https://www.google.com/search?q=European+Journal+of+Radiology+Open+aims+scope+instructions+for+authors+APC
1010,3-Q2,1,Systems Microbiology and Biomanufacturing,SYST MICROBIOL BIOM,2662-7655,2662-7663,3.5,3.7,Q2,88/180,Q2,Q2,0.64,51.4,71.0,1210.0,BIOTECHNOLOGY & APPLIED MICROBIOLOGY,BIOTECHNOLOGY & APPLIED MICROBIOLOGY(JIF Q2/JCI Q2),SPRINGERNATURE,Springer Nature,否,ESCI,混合/全OA,"全OA约 USD 2,090-3,490；Nature系更高；Scientific Reports已拉黑",中高,https://www.springernature.com/gp/open-research/journals-books/journals,https://www.google.com/search?q=Systems+Microbiology+and+Biomanufacturing+aims+scope+instructions+for+authors+APC
1011,3-Q2,1,Vascular Health and Risk Management,VASC HEALTH RISK MAN,1176-6344,1178-2048,3.2,3.1,Q2,34/100,Q2,Q2,0.63,66.5,71.0,3296.0,PERIPHERAL VASCULAR DISEASE,PERIPHERAL VASCULAR DISEASE(JIF Q2/JCI Q2),DOVE MEDICAL PRESS LTD,其他,否,ESCI,需核实,请查期刊官网 Author / Open Access 页面,未知,,https://www.google.com/search?q=Vascular+Health+and+Risk+Management+aims+scope+instructions+for+authors+APC
1012,3-Q2,1,GYNECOLOGICAL ENDOCRINOLOGY,GYNECOL ENDOCRINOL,0951-3590,1473-0766,3.0,2.3,Q2,36/143,Q3,Q3,0.63,75.2,71.0,5674.0,ENDOCRINOLOGY & METABOLISM; OBSTETRICS & GYNECOLOGY,ENDOCRINOLOGY & METABOLISM(JIF Q3/JCI Q3) | OBSTETRICS & GYNECOLOGY(JIF Q2/JCI Q3),TAYLOR & FRANCIS LTD,Taylor & Francis,是,SCIE,混合为主,"订阅路线通常无APC；Open Select常见 USD 2,500-3,500",中,https://authorservices.taylorandfrancis.com/publishing-open-access/,https://www.google.com/search?q=GYNECOLOGICAL+ENDOCRINOLOGY+aims+scope+instructions+for+authors+APC
1013,3-Q2,1,NEUROPSYCHOLOGY,NEUROPSYCHOLOGY,0894-4105,1931-1559,2.9,3.4,Q2,51/184,Q2,Q2,0.97,72.6,71.0,5715.0,"NEUROSCIENCES; PSYCHOLOGY, CLINICAL","NEUROSCIENCES(JIF Q3/JCI Q2) | PSYCHOLOGY, CLINICAL(JIF Q2/JCI Q2)",AMER PSYCHOLOGICAL ASSOC,其他,是,SCIE; SSCI,需核实,请查期刊官网 Author / Open Access 页面,未知,,https://www.google.com/search?q=NEUROPSYCHOLOGY+aims+scope+instructions+for+authors+APC
1014,3-Q2,1,JOURNAL OF OCCUPATIONAL HEALTH,J OCCUP HEALTH,1341-9145,1348-9585,2.8,3.0,Q2,149/443,Q2,Q2,0.8,66.5,71.0,3059.0,"PUBLIC, ENVIRONMENTAL & OCCUPATIONAL HEALTH","PUBLIC, ENVIRONMENTAL & OCCUPATIONAL HEALTH(JIF Q2/JCI Q2)",OXFORD UNIV PRESS,Oxford UP,是,SCIE,混合为主,订阅路线通常无APC；可选OA，费用因刊而异,中,https://academic.oup.com/pages/open-research/open-access,https://www.google.com/search?q=JOURNAL+OF+OCCUPATIONAL+HEALTH+aims+scope+instructions+for+authors+APC
1015,3-Q2,1,GEBURTSHILFE UND FRAUENHEILKUNDE,GEBURTSH FRAUENHEILK,0016-5751,1438-8804,2.6,2.6,Q2,48/143,Q2,Q2,0.8,66.8,71.0,1715.0,OBSTETRICS & GYNECOLOGY,OBSTETRICS & GYNECOLOGY(JIF Q2/JCI Q2),GEORG THIEME VERLAG KG,Thieme,是,SCIE,混合为主,订阅路线通常无APC；OA另计,中低,https://www.thieme.com/en-us/open-access,https://www.google.com/search?q=GEBURTSHILFE+UND+FRAUENHEILKUNDE+aims+scope+instructions+for+authors+APC
1016,3-Q2,1,Cancer Genomics & Proteomics,CANCER GENOM PROTEOM,1109-6535,1790-6245,2.6,2.5,Q2,96/192,Q2,Q2,0.67,50.3,71.0,1764.0,GENETICS & HEREDITY; ONCOLOGY,GENETICS & HEREDITY(JIF Q2/JCI Q2) | ONCOLOGY(JIF Q3/JCI Q2),INT INST ANTICANCER RESEARCH,其他,是,SCIE,需核实,请查期刊官网 Author / Open Access 页面,未知,,https://www.google.com/search?q=Cancer+Genomics+&+Proteomics+aims+scope+instructions+for+authors+APC
1017,3-Q2,1,JOURNAL OF CARDIOVASCULAR PHARMACOLOGY,J CARDIOVASC PHARM,0160-2446,1533-4023,2.5,2.4,Q2,111/237,Q3,Q3,0.55,53.4,71.0,5670.0,CARDIAC & CARDIOVASCULAR SYSTEMS; PHARMACOLOGY & PHARMACY,CARDIAC & CARDIOVASCULAR SYSTEMS(JIF Q2/JCI Q3) | PHARMACOLOGY & PHARMACY(JIF Q3/JCI Q3),LIPPINCOTT WILLIAMS & WILKINS,Wolters Kluwer/LWW,是,SCIE,混合为主,"订阅路线通常无APC；OA常见 USD 2,000-4,000；MEDICINE已拉黑",中,https://wkauthorservices.editage.com/open-access/,https://www.google.com/search?q=JOURNAL+OF+CARDIOVASCULAR+PHARMACOLOGY+aims+scope+instructions+for+authors+APC
1018,3-Q2,1,International Journal of Lower Extremity Wounds,INT J LOW EXTR WOUND,1534-7346,1552-6941,2.2,2.2,Q2,116/321,Q2,Q2,0.69,64.0,71.0,2124.0,DERMATOLOGY; SURGERY,DERMATOLOGY(JIF Q3/JCI Q2) | SURGERY(JIF Q2/JCI Q2),SAGE PUBLICATIONS INC,SAGE,是,SCIE,混合为主,"订阅路线通常无APC；SAGE Choice常见 USD 2,000-4,000",中,https://us.sagepub.com/en-us/nam/sage-choice,https://www.google.com/search?q=International+Journal+of+Lower+Extremity+Wounds+aims+scope+instructions+for+authors+APC
1019,3-Q2,1,HEALTH EDUCATION & BEHAVIOR,HEALTH EDUC BEHAV,1090-1981,1552-6127,2.2,3.4,Q2,218/443,Q3,Q3,0.58,50.9,71.0,5938.0,"PUBLIC, ENVIRONMENTAL & OCCUPATIONAL HEALTH","PUBLIC, ENVIRONMENTAL & OCCUPATIONAL HEALTH(JIF Q2/JCI Q3)",SAGE PUBLICATIONS INC,SAGE,否,SSCI,混合为主,"订阅路线通常无APC；SAGE Choice常见 USD 2,000-4,000",中,https://us.sagepub.com/en-us/nam/sage-choice,https://www.google.com/search?q=HEALTH+EDUCATION+&+BEHAVIOR+aims+scope+instructions+for+authors+APC
1020,3-Q2,1,KOREAN JOURNAL OF INTERNAL MEDICINE,KOREAN J INTERN MED,1226-3303,2005-6648,2.2,2.5,Q2,104/336,Q2,Q2,0.56,69.2,71.0,3664.0,"MEDICINE, GENERAL & INTERNAL","MEDICINE, GENERAL & INTERNAL(JIF Q2/JCI Q2)",KOREAN ASSOC INTERNAL MEDICINE,其他,是,SCIE,需核实,请查期刊官网 Author / Open Access 页面,未知,,https://www.google.com/search?q=KOREAN+JOURNAL+OF+INTERNAL+MEDICINE+aims+scope+instructions+for+authors+APC
1021,3-Q2,1,FAMILY PRACTICE,FAM PRACT,0263-2136,1460-2229,1.9,2.7,Q2,123/336,Q1,Q1,1.07,63.5,71.0,5522.0,"MEDICINE, GENERAL & INTERNAL; PRIMARY HEALTH CARE","MEDICINE, GENERAL & INTERNAL(JIF Q2/JCI Q1) | PRIMARY HEALTH CARE(JIF Q3/JCI Q2)",OXFORD UNIV PRESS,Oxford UP,是,SCIE,混合为主,订阅路线通常无APC；可选OA，费用因刊而异,中,https://academic.oup.com/pages/open-research/open-access,https://www.google.com/search?q=FAMILY+PRACTICE+aims+scope+instructions+for+authors+APC
1022,3-Q2,1,SOUTH AFRICAN JOURNAL OF SCIENCE,S AFR J SCI,0038-2353,1996-7489,1.9,2.5,Q2,64/140,Q2,Q2,0.44,54.6,71.0,3756.0,MULTIDISCIPLINARY SCIENCES,MULTIDISCIPLINARY SCIENCES(JIF Q2/JCI Q2),ACAD SCIENCE SOUTH AFRICA - ASSAf,其他,是,SCIE,需核实,请查期刊官网 Author / Open Access 页面,未知,,https://www.google.com/search?q=SOUTH+AFRICAN+JOURNAL+OF+SCIENCE+aims+scope+instructions+for+authors+APC
1023,3-Q2,1,African Journal of Science Technology Innovation & Development,AFR J SCI TECHNOL IN,2042-1338,2042-1346,1.6,1.6,Q2,69/140,Q3,Q3,0.36,51.1,71.0,1193.0,MULTIDISCIPLINARY SCIENCES,MULTIDISCIPLINARY SCIENCES(JIF Q2/JCI Q3),"ROUTLEDGE JOURNALS, TAYLOR & FRANCIS LTD",Taylor & Francis,否,ESCI,混合为主,"订阅路线通常无APC；Open Select常见 USD 2,500-3,500",中,https://authorservices.taylorandfrancis.com/publishing-open-access/,https://www.google.com/search?q=African+Journal+of+Science+Technology+Innovation+&+Development+aims+scope+instructions+for+authors+APC
1024,3-Q2,1,Journal of Osteopathic Medicine,J OSTEOPATH MED,,2702-3648,1.3,1.5,Q2,160/336,Q2,Q2,0.42,52.5,71.0,598.0,"MEDICINE, GENERAL & INTERNAL","MEDICINE, GENERAL & INTERNAL(JIF Q2/JCI Q2)",WALTER DE GRUYTER GMBH,De Gruyter,否,ESCI,混合/OA,因刊而异,中,https://www.degruyter.com/publishing/publications/openaccess,https://www.google.com/search?q=Journal+of+Osteopathic+Medicine+aims+scope+instructions+for+authors+APC
1025,3-Q2,1,PHARMACOTHERAPY,PHARMACOTHERAPY,0277-0008,1875-9114,4.0,3.9,Q2,109/356,Q2,Q2,0.77,69.5,70.0,7303.0,PHARMACOLOGY & PHARMACY,PHARMACOLOGY & PHARMACY(JIF Q2/JCI Q2),WILEY,Wiley,是,SCIE,混合为主,"订阅路线通常无APC；OnlineOpen常见 USD 3,200-4,700",中,https://authorservices.wiley.com/author-resources/Journal-Authors/open-access/article-publication-charges.html,https://www.google.com/search?q=PHARMACOTHERAPY+aims+scope+instructions+for+authors+APC
1026,3-Q2,1,Journal of Translational Autoimmunity,J TRANSL AUTOIMMUN,2589-9090,2589-9090,3.8,4.5,Q2,81/183,Q2,Q2,0.78,56.0,70.0,1144.0,IMMUNOLOGY,IMMUNOLOGY(JIF Q2/JCI Q2),ELSEVIER,Elsevier,否,ESCI,混合为主,"订阅路线通常无APC；Gold OA常见 USD 2,200-4,200",中,https://www.elsevier.com/open-access/agreements,https://www.google.com/search?q=Journal+of+Translational+Autoimmunity+aims+scope+instructions+for+authors+APC
1027,3-Q2,1,Therapeutic Advances in Respiratory Disease,THER ADV RESPIR DIS,1753-4658,1753-4666,3.2,3.5,Q2,43/107,Q2,Q2,0.79,60.3,70.0,2238.0,RESPIRATORY SYSTEM,RESPIRATORY SYSTEM(JIF Q2/JCI Q2),SAGE PUBLICATIONS LTD,SAGE,是,SCIE,混合为主,"订阅路线通常无APC；SAGE Choice常见 USD 2,000-4,000",中,https://us.sagepub.com/en-us/nam/sage-choice,https://www.google.com/search?q=Therapeutic+Advances+in+Respiratory+Disease+aims+scope+instructions+for+authors+APC
1028,3-Q2,1,AMERICAN JOURNAL OF DRUG AND ALCOHOL ABUSE,AM J DRUG ALCOHOL AB,0095-2990,1097-9891,2.6,2.8,Q2,66/184,Q2,Q2,0.93,64.4,70.0,3560.0,"PSYCHOLOGY, CLINICAL; SUBSTANCE ABUSE","PSYCHOLOGY, CLINICAL(JIF Q2/JCI Q2) | SUBSTANCE ABUSE(JIF Q2/JCI Q2)",TAYLOR & FRANCIS INC,Taylor & Francis,是,"SSCI; SCIE, SSCI",混合为主,"订阅路线通常无APC；Open Select常见 USD 2,500-3,500",中,https://authorservices.taylorandfrancis.com/publishing-open-access/,https://www.google.com/search?q=AMERICAN+JOURNAL+OF+DRUG+AND+ALCOHOL+ABUSE+aims+scope+instructions+for+authors+APC
1029,3-Q2,1,HEREDITY,HEREDITY,0018-067X,1365-2540,2.6,4.0,Q2,25/54,Q2,Q2,0.91,50.3,70.0,9578.0,GENETICS & HEREDITY,GENETICS & HEREDITY(JIF Q2/JCI Q2),SPRINGERNATURE,Springer Nature,是,SCIE,混合/全OA,"全OA约 USD 2,090-3,490；Nature系更高；Scientific Reports已拉黑",中高,https://www.springernature.com/gp/open-research/journals-books/journals,https://www.google.com/search?q=HEREDITY+aims+scope+instructions+for+authors+APC
1030,3-Q2,1,JOURNAL OF PERSONALITY ASSESSMENT,J PERS ASSESS,0022-3891,1532-7752,2.6,3.7,Q2,66/184,Q2,Q2,0.91,64.4,70.0,12517.0,"PSYCHOLOGY, CLINICAL","PSYCHOLOGY, CLINICAL(JIF Q2/JCI Q2)","ROUTLEDGE JOURNALS, TAYLOR & FRANCIS LTD",Taylor & Francis,否,SSCI,混合为主,"订阅路线通常无APC；Open Select常见 USD 2,500-3,500",中,https://authorservices.taylorandfrancis.com/publishing-open-access/,https://www.google.com/search?q=JOURNAL+OF+PERSONALITY+ASSESSMENT+aims+scope+instructions+for+authors+APC
1031,3-Q2,1,NURSING RESEARCH,NURS RES,0029-6562,1538-9847,2.5,2.9,Q2,49/194,Q1,Q1,1.02,75.0,70.0,5534.0,NURSING,NURSING(JIF Q2/JCI Q1),LIPPINCOTT WILLIAMS & WILKINS,Wolters Kluwer/LWW,是,"SCIE, SSCI",混合为主,"订阅路线通常无APC；OA常见 USD 2,000-4,000；MEDICINE已拉黑",中,https://wkauthorservices.editage.com/open-access/,https://www.google.com/search?q=NURSING+RESEARCH+aims+scope+instructions+for+authors+APC
1032,3-Q2,1,LEUKEMIA RESEARCH,LEUKEMIA RES,0145-2126,1873-5835,2.4,2.5,Q2,51/103,Q3,Q3,0.52,51.0,70.0,4850.0,HEMATOLOGY; ONCOLOGY,HEMATOLOGY(JIF Q2/JCI Q3) | ONCOLOGY(JIF Q3/JCI Q3),PERGAMON-ELSEVIER SCIENCE LTD,Elsevier,是,SCIE,混合为主,"订阅路线通常无APC；Gold OA常见 USD 2,200-4,200",中,https://www.elsevier.com/open-access/agreements,https://www.google.com/search?q=LEUKEMIA+RESEARCH+aims+scope+instructions+for+authors+APC
1033,3-Q2,1,Medicina Oral Patologia Oral y Cirugia Bucal,MED ORAL PATOL ORAL,1698-6946,1698-6946,2.2,2.4,Q2,73/165,Q2,Q2,0.74,56.1,70.0,4315.0,"DENTISTRY, ORAL SURGERY & MEDICINE","DENTISTRY, ORAL SURGERY & MEDICINE(JIF Q2/JCI Q2)",MEDICINA ORAL S L,其他,是,SCIE,需核实,请查期刊官网 Author / Open Access 页面,未知,,https://www.google.com/search?q=Medicina+Oral+Patologia+Oral+y+Cirugia+Bucal+aims+scope+instructions+for+authors+APC
1034,3-Q2,1,ONCOLOGY REPORTS,ONCOL REP,1021-335X,1791-2431,4.7,3.9,Q2,97/333,Q2,Q2,0.82,71.0,69.0,18981.0,ONCOLOGY,ONCOLOGY(JIF Q2/JCI Q2),SPANDIDOS PUBL LTD,其他,是,SCIE,需核实,请查期刊官网 Author / Open Access 页面,未知,,https://www.google.com/search?q=ONCOLOGY+REPORTS+aims+scope+instructions+for+authors+APC
1035,3-Q2,1,Pharmacological Reports,PHARMACOL REP,1734-1140,2299-5684,4.5,4.2,Q2,90/356,Q2,Q2,0.74,74.9,69.0,6498.0,PHARMACOLOGY & PHARMACY,PHARMACOLOGY & PHARMACY(JIF Q2/JCI Q2),SPRINGER HEIDELBERG,Springer,是,SCIE,混合为主,"订阅路线通常无APC；选OA约 USD 2,790-4,290",中,https://www.springer.com/gp/open-access,https://www.google.com/search?q=Pharmacological+Reports+aims+scope+instructions+for+authors+APC
1036,3-Q2,1,Nanomedicine-Nanotechnology Biology and Medicine,NANOMED-NANOTECHNOL,1549-9634,1549-9642,4.3,4.6,Q2,64/191,Q2,Q2,0.83,66.8,69.0,11020.0,"MEDICINE, RESEARCH & EXPERIMENTAL","MEDICINE, RESEARCH & EXPERIMENTAL(JIF Q2/JCI Q2)",ELSEVIER,Elsevier,是,SCIE,混合为主,"订阅路线通常无APC；Gold OA常见 USD 2,200-4,200",中,https://www.elsevier.com/open-access/agreements,https://www.google.com/search?q=Nanomedicine-Nanotechnology+Biology+and+Medicine+aims+scope+instructions+for+authors+APC
1037,3-Q2,1,BJC Reports,BJC REP,,2731-9377,3.8,3.8,Q2,125/333,Q2,Q2,0.65,62.6,69.0,444.0,ONCOLOGY,ONCOLOGY(JIF Q2/JCI Q2),SPRINGERNATURE,Springer Nature,否,ESCI,混合/全OA,"全OA约 USD 2,090-3,490；Nature系更高；Scientific Reports已拉黑",中高,https://www.springernature.com/gp/open-research/journals-books/journals,https://www.google.com/search?q=BJC+Reports+aims+scope+instructions+for+authors+APC
1038,3-Q2,1,HEALTH TECHNOLOGY ASSESSMENT,HEALTH TECHNOL ASSES,1366-5278,2046-4924,3.4,4.4,Q2,57/194,Q2,Q2,0.92,70.9,69.0,5893.0,HEALTH CARE SCIENCES & SERVICES,HEALTH CARE SCIENCES & SERVICES(JIF Q2/JCI Q2),NIHR JOURNALS LIBRARY,其他,是,SCIE,需核实,请查期刊官网 Author / Open Access 页面,未知,,https://www.google.com/search?q=HEALTH+TECHNOLOGY+ASSESSMENT+aims+scope+instructions+for+authors+APC
1039,3-Q2,1,OCCUPATIONAL AND ENVIRONMENTAL MEDICINE,OCCUP ENVIRON MED,1351-0711,1470-7926,3.2,3.5,Q2,120/443,Q1,Q1,0.97,73.0,69.0,9046.0,"PUBLIC, ENVIRONMENTAL & OCCUPATIONAL HEALTH","PUBLIC, ENVIRONMENTAL & OCCUPATIONAL HEALTH(JIF Q2/JCI Q1)",BMJ PUBLISHING GROUP,BMJ,是,SCIE,混合/全OA,"BMJ Open约GBP 2,175；旗舰刊更高",高,https://authors.bmj.com/open-access/,https://www.google.com/search?q=OCCUPATIONAL+AND+ENVIRONMENTAL+MEDICINE+aims+scope+instructions+for+authors+APC
1040,3-Q2,1,IMMUNOPHARMACOLOGY AND IMMUNOTOXICOLOGY,IMMUNOPHARM IMMUNOT,0892-3973,1532-2513,3.1,3.3,Q2,163/356,Q2,Q2,0.81,54.4,69.0,3070.0,IMMUNOLOGY; PHARMACOLOGY & PHARMACY; TOXICOLOGY,IMMUNOLOGY(JIF Q3/JCI Q2) | PHARMACOLOGY & PHARMACY(JIF Q2/JCI Q2) | TOXICOLOGY(JIF Q2/JCI Q2),TAYLOR & FRANCIS LTD,Taylor & Francis,是,SCIE,混合为主,"订阅路线通常无APC；Open Select常见 USD 2,500-3,500",中,https://authorservices.taylorandfrancis.com/publishing-open-access/,https://www.google.com/search?q=IMMUNOPHARMACOLOGY+AND+IMMUNOTOXICOLOGY+aims+scope+instructions+for+authors+APC
1041,3-Q2,1,INTERNATIONAL JOURNAL OF TECHNOLOGY ASSESSMENT IN HEALTH CARE,INT J TECHNOL ASSESS,0266-4623,1471-6348,3.0,3.4,Q2,133/443,Q3,Q3,0.64,70.1,69.0,3037.0,"HEALTH CARE SCIENCES & SERVICES; MEDICAL INFORMATICS; PUBLIC, ENVIRONMENTAL & OCCUPATIONAL HEALTH","HEALTH CARE SCIENCES & SERVICES(JIF Q2/JCI Q3) | MEDICAL INFORMATICS(JIF Q3/JCI Q3) | PUBLIC, ENVIRONMENTAL & OCCUPATIONAL HEALTH(JIF Q2/JCI Q3)",CAMBRIDGE UNIV PRESS,Cambridge UP,是,SCIE,混合为主,订阅路线通常无APC；Gold OA因刊而异,中,https://www.cambridge.org/core/open-research/open-access,https://www.google.com/search?q=INTERNATIONAL+JOURNAL+OF+TECHNOLOGY+ASSESSMENT+IN+HEALTH+CARE+aims+scope+instructions+for+authors+APC
1042,3-Q2,1,SURGICAL CLINICS OF NORTH AMERICA,SURG CLIN N AM,0039-6109,1558-3171,2.5,3.5,Q2,85/321,Q1,Q1,1.19,73.7,69.0,4888.0,SURGERY,SURGERY(JIF Q2/JCI Q1),W B SAUNDERS CO-ELSEVIER INC,Elsevier,是,SCIE,混合为主,"订阅路线通常无APC；Gold OA常见 USD 2,200-4,200",中,https://www.elsevier.com/open-access/agreements,https://www.google.com/search?q=SURGICAL+CLINICS+OF+NORTH+AMERICA+aims+scope+instructions+for+authors+APC
1043,3-Q2,1,Epidemiology and Health,EPIDEMIOL HEALTH,2092-7193,2092-7193,2.4,2.9,Q2,193/443,Q2,Q2,0.73,56.5,69.0,2754.0,"PUBLIC, ENVIRONMENTAL & OCCUPATIONAL HEALTH","PUBLIC, ENVIRONMENTAL & OCCUPATIONAL HEALTH(JIF Q2/JCI Q2)",KOREAN SOC EPIDEMIOLOGY,其他,是,SCIE,需核实,请查期刊官网 Author / Open Access 页面,未知,,https://www.google.com/search?q=Epidemiology+and+Health+aims+scope+instructions+for+authors+APC
1044,3-Q2,1,Surgical Innovation,SURG INNOV,1553-3506,1553-3514,2.2,1.9,Q2,116/321,Q2,Q2,0.78,64.0,69.0,1986.0,SURGERY,SURGERY(JIF Q2/JCI Q2),SAGE PUBLICATIONS INC,SAGE,是,SCIE,混合为主,"订阅路线通常无APC；SAGE Choice常见 USD 2,000-4,000",中,https://us.sagepub.com/en-us/nam/sage-choice,https://www.google.com/search?q=Surgical+Innovation+aims+scope+instructions+for+authors+APC
1045,3-Q2,1,Journal of Herbal Medicine,J HERB MED,2210-8033,2210-8041,2.1,2.3,Q2,24/48,Q2,Q2,0.46,51.0,69.0,2261.0,INTEGRATIVE & COMPLEMENTARY MEDICINE,INTEGRATIVE & COMPLEMENTARY MEDICINE(JIF Q2/JCI Q2),ELSEVIER GMBH,Elsevier,是,SCIE,混合为主,"订阅路线通常无APC；Gold OA常见 USD 2,200-4,200",中,https://www.elsevier.com/open-access/agreements,https://www.google.com/search?q=Journal+of+Herbal+Medicine+aims+scope+instructions+for+authors+APC
1046,3-Q2,1,ANATOMICAL SCIENCE INTERNATIONAL,ANAT SCI INT,1447-6959,1447-073X,1.7,1.7,Q2,10/25,Q3,Q3,0.78,62.0,69.0,1263.0,ANATOMY & MORPHOLOGY,ANATOMY & MORPHOLOGY(JIF Q2/JCI Q3),SPRINGER,Springer,是,SCIE,混合为主,"订阅路线通常无APC；选OA约 USD 2,790-4,290",中,https://www.springer.com/gp/open-access,https://www.google.com/search?q=ANATOMICAL+SCIENCE+INTERNATIONAL+aims+scope+instructions+for+authors+APC
1047,3-Q2,1,Global Change Biology Bioenergy,GCB BIOENERGY,1757-1693,1757-1707,4.9,6.4,Q2,46/180,Q2,Q2,0.86,74.7,68.0,5862.0,BIOTECHNOLOGY & APPLIED MICROBIOLOGY,BIOTECHNOLOGY & APPLIED MICROBIOLOGY(JIF Q2/JCI Q2),WILEY,Wiley,是,SCIE,混合为主,"订阅路线通常无APC；OnlineOpen常见 USD 3,200-4,700",中,https://authorservices.wiley.com/author-resources/Journal-Authors/open-access/article-publication-charges.html,https://www.google.com/search?q=Global+Change+Biology+Bioenergy+aims+scope+instructions+for+authors+APC
1048,3-Q2,1,Therapeutic Advances in Infectious Disease,THER ADV INFECT DIS,2049-9361,2049-937X,3.8,3.9,Q2,41/141,Q2,Q2,0.68,71.3,68.0,1616.0,INFECTIOUS DISEASES,INFECTIOUS DISEASES(JIF Q2/JCI Q2),SAGE PUBLICATIONS LTD,SAGE,否,ESCI,混合为主,"订阅路线通常无APC；SAGE Choice常见 USD 2,000-4,000",中,https://us.sagepub.com/en-us/nam/sage-choice,https://www.google.com/search?q=Therapeutic+Advances+in+Infectious+Disease+aims+scope+instructions+for+authors+APC
1049,3-Q2,1,Journal of Neurodevelopmental Disorders,J NEURODEV DISORD,1866-1947,1866-1955,3.6,4.9,Q2,90/296,Q2,Q2,0.96,69.8,68.0,2737.0,CLINICAL NEUROLOGY; NEUROSCIENCES,CLINICAL NEUROLOGY(JIF Q2/JCI Q2) | NEUROSCIENCES(JIF Q2/JCI Q2),BMC,BMC,是,SCIE,全OA,"约 USD 1,990-2,890（旗舰刊更高）",高,https://www.biomedcentral.com/getpublished/article-processing-charges,https://www.google.com/search?q=Journal+of+Neurodevelopmental+Disorders+aims+scope+instructions+for+authors+APC
1050,3-Q2,1,Population Health Metrics,POPUL HEALTH METR,1478-7954,1478-7954,3.3,4.1,Q2,113/443,Q1,Q1,0.96,74.6,68.0,1932.0,"PUBLIC, ENVIRONMENTAL & OCCUPATIONAL HEALTH","PUBLIC, ENVIRONMENTAL & OCCUPATIONAL HEALTH(JIF Q2/JCI Q1)",BMC,BMC,否,SSCI,全OA,"约 USD 1,990-2,890（旗舰刊更高）",高,https://www.biomedcentral.com/getpublished/article-processing-charges,https://www.google.com/search?q=Population+Health+Metrics+aims+scope+instructions+for+authors+APC
1051,3-Q2,1,PSYCHOLOGY OF ADDICTIVE BEHAVIORS,PSYCHOL ADDICT BEHAV,0893-164X,1939-1501,2.8,3.7,Q2,54/222,Q2,Q2,0.97,68.0,68.0,5708.0,SUBSTANCE ABUSE,SUBSTANCE ABUSE(JIF Q2/JCI Q2),EDUCATIONAL PUBLISHING FOUNDATION-AMERICAN PSYCHOLOGICAL ASSOC,其他,否,SSCI,需核实,请查期刊官网 Author / Open Access 页面,未知,,https://www.google.com/search?q=PSYCHOLOGY+OF+ADDICTIVE+BEHAVIORS+aims+scope+instructions+for+authors+APC
1052,3-Q2,1,Expert Review of Hematology,EXPERT REV HEMATOL,1747-4086,1747-4094,2.8,2.4,Q2,42/103,Q3,Q3,0.47,59.7,68.0,2537.0,HEMATOLOGY,HEMATOLOGY(JIF Q2/JCI Q3),TAYLOR & FRANCIS LTD,Taylor & Francis,是,SCIE,混合为主,"订阅路线通常无APC；Open Select常见 USD 2,500-3,500",中,https://authorservices.taylorandfrancis.com/publishing-open-access/,https://www.google.com/search?q=Expert+Review+of+Hematology+aims+scope+instructions+for+authors+APC
1053,3-Q2,1,Cartilage,CARTILAGE,1947-6035,1947-6043,2.6,3.4,Q2,44/147,Q1,Q1,1.09,70.4,68.0,3246.0,ORTHOPEDICS,ORTHOPEDICS(JIF Q2/JCI Q1),SAGE PUBLICATIONS INC,SAGE,是,SCIE,混合为主,"订阅路线通常无APC；SAGE Choice常见 USD 2,000-4,000",中,https://us.sagepub.com/en-us/nam/sage-choice,https://www.google.com/search?q=Cartilage+aims+scope+instructions+for+authors+APC
1054,3-Q2,1,MAMMALIAN GENOME,MAMM GENOME,0938-8990,1432-1777,2.6,2.6,Q2,96/192,Q3,Q3,0.55,50.3,68.0,2514.0,BIOCHEMISTRY & MOLECULAR BIOLOGY; BIOTECHNOLOGY & APPLIED MICROBIOLOGY; GENETICS & HEREDITY,BIOCHEMISTRY & MOLECULAR BIOLOGY(JIF Q3/JCI Q3) | BIOTECHNOLOGY & APPLIED MICROBIOLOGY(JIF Q3/JCI Q3) | GENETICS & HEREDITY(JIF Q2/JCI Q3),SPRINGER,Springer,是,SCIE,混合为主,"订阅路线通常无APC；选OA约 USD 2,790-4,290",中,https://www.springer.com/gp/open-access,https://www.google.com/search?q=MAMMALIAN+GENOME+aims+scope+instructions+for+authors+APC
1055,3-Q2,1,Saudi Dental Journal,SAUDI DENT J,1013-9052,1658-3558,2.4,2.4,Q2,63/165,Q2,Q2,0.78,62.1,68.0,2498.0,"DENTISTRY, ORAL SURGERY & MEDICINE","DENTISTRY, ORAL SURGERY & MEDICINE(JIF Q2/JCI Q2)",SPRINGERNATURE,Springer Nature,否,ESCI,混合/全OA,"全OA约 USD 2,090-3,490；Nature系更高；Scientific Reports已拉黑",中高,https://www.springernature.com/gp/open-research/journals-books/journals,https://www.google.com/search?q=Saudi+Dental+Journal+aims+scope+instructions+for+authors+APC
1056,3-Q2,1,INTERNATIONAL JOURNAL OF BEHAVIORAL MEDICINE,INT J BEHAV MED,1070-5503,1532-7558,2.3,2.9,Q2,75/184,Q3,Q3,0.69,59.5,68.0,4997.0,"PSYCHOLOGY, CLINICAL","PSYCHOLOGY, CLINICAL(JIF Q2/JCI Q3)",SPRINGER,Springer,否,SSCI,混合为主,"订阅路线通常无APC；选OA约 USD 2,790-4,290",中,https://www.springer.com/gp/open-access,https://www.google.com/search?q=INTERNATIONAL+JOURNAL+OF+BEHAVIORAL+MEDICINE+aims+scope+instructions+for+authors+APC
1057,3-Q2,1,Diagnosis,DIAGNOSIS,2194-8011,2194-802X,1.9,2.2,Q2,123/336,Q2,Q2,0.58,63.5,68.0,1209.0,"MEDICINE, GENERAL & INTERNAL","MEDICINE, GENERAL & INTERNAL(JIF Q2/JCI Q2)",WALTER DE GRUYTER GMBH,De Gruyter,否,ESCI,混合/OA,因刊而异,中,https://www.degruyter.com/publishing/publications/openaccess,https://www.google.com/search?q=Diagnosis+aims+scope+instructions+for+authors+APC
1058,3-Q2,1,Iranian Journal of Medical Sciences,IRAN J MED SCI,0253-0716,1735-3688,1.6,1.7,Q2,139/336,Q2,Q2,0.4,58.8,68.0,1502.0,"MEDICINE, GENERAL & INTERNAL","MEDICINE, GENERAL & INTERNAL(JIF Q2/JCI Q2)",SHIRAZ UNIV MEDICAL SCIENCES,其他,否,ESCI,需核实,请查期刊官网 Author / Open Access 页面,未知,,https://www.google.com/search?q=Iranian+Journal+of+Medical+Sciences+aims+scope+instructions+for+authors+APC
1059,3-Q2,1,Eurasian Journal of Medicine and Oncology,EURASIAN J MED ONCOL,,2587-196X,1.3,0.9,Q2,160/336,Q3,Q3,0.19,52.5,68.0,256.0,"MEDICINE, GENERAL & INTERNAL; ONCOLOGY","MEDICINE, GENERAL & INTERNAL(JIF Q2/JCI Q3) | ONCOLOGY(JIF Q4/JCI Q4)",Accscience Publishing,其他,否,ESCI,需核实,请查期刊官网 Author / Open Access 页面,未知,,https://www.google.com/search?q=Eurasian+Journal+of+Medicine+and+Oncology+aims+scope+instructions+for+authors+APC
1060,3-Q2,1,Tissue Engineering and Regenerative Medicine,TISSUE ENG REGEN MED,1738-2696,2212-5469,5.1,4.9,Q2,37/130,Q2,Q2,0.79,71.9,67.0,3073.0,"CELL & TISSUE ENGINEERING; ENGINEERING, BIOMEDICAL","CELL & TISSUE ENGINEERING(JIF Q2/JCI Q2) | ENGINEERING, BIOMEDICAL(JIF Q2/JCI Q2)",KOREAN TISSUE ENGINEERING REGENERATIVE MEDICINE SOC,其他,是,SCIE,需核实,请查期刊官网 Author / Open Access 页面,未知,,https://www.google.com/search?q=Tissue+Engineering+and+Regenerative+Medicine+aims+scope+instructions+for+authors+APC
1061,3-Q2,1,Interactive Journal of Medical Research,INTERACT J MED RES,1929-073X,1929-073X,3.3,3.3,Q2,86/191,Q3,Q3,0.5,55.2,67.0,1270.0,"MEDICINE, RESEARCH & EXPERIMENTAL","MEDICINE, RESEARCH & EXPERIMENTAL(JIF Q2/JCI Q3)","JMIR PUBLICATIONS, INC",其他,否,ESCI,需核实,请查期刊官网 Author / Open Access 页面,未知,,https://www.google.com/search?q=Interactive+Journal+of+Medical+Research+aims+scope+instructions+for+authors+APC
1062,3-Q2,1,NUCLEAR MEDICINE AND BIOLOGY,NUCL MED BIOL,0969-8051,1872-9614,3.1,3.3,Q2,70/217,Q2,Q2,0.96,68.0,67.0,3473.0,"RADIOLOGY, NUCLEAR MEDICINE & MEDICAL IMAGING","RADIOLOGY, NUCLEAR MEDICINE & MEDICAL IMAGING(JIF Q2/JCI Q2)",ELSEVIER SCIENCE INC,Elsevier,是,SCIE,混合为主,"订阅路线通常无APC；Gold OA常见 USD 2,200-4,200",中,https://www.elsevier.com/open-access/agreements,https://www.google.com/search?q=NUCLEAR+MEDICINE+AND+BIOLOGY+aims+scope+instructions+for+authors+APC
1063,3-Q2,1,NUTRITIONAL NEUROSCIENCE,NUTR NEUROSCI,1028-415X,1476-8305,3.1,4.0,Q2,56/114,Q2,Q2,0.69,51.3,67.0,4683.0,NEUROSCIENCES; NUTRITION & DIETETICS,NEUROSCIENCES(JIF Q3/JCI Q3) | NUTRITION & DIETETICS(JIF Q2/JCI Q2),TAYLOR & FRANCIS LTD,Taylor & Francis,是,SCIE,混合为主,"订阅路线通常无APC；Open Select常见 USD 2,500-3,500",中,https://authorservices.taylorandfrancis.com/publishing-open-access/,https://www.google.com/search?q=NUTRITIONAL+NEUROSCIENCE+aims+scope+instructions+for+authors+APC
1064,3-Q2,1,ClinicoEconomics and Outcomes Research,CLINICOECONOMIC OUTC,1178-6981,1178-6981,2.6,2.5,Q2,89/194,Q3,Q3,0.65,54.4,67.0,1664.0,HEALTH CARE SCIENCES & SERVICES,HEALTH CARE SCIENCES & SERVICES(JIF Q2/JCI Q3),DOVE MEDICAL PRESS LTD,其他,否,ESCI,需核实,请查期刊官网 Author / Open Access 页面,未知,,https://www.google.com/search?q=ClinicoEconomics+and+Outcomes+Research+aims+scope+instructions+for+authors+APC
1065,3-Q2,1,BLOOD PURIFICATION,BLOOD PURIFICAT,0253-5068,1421-9735,2.2,2.6,Q2,66/134,Q2,Q2,0.59,51.1,67.0,3431.0,HEMATOLOGY; UROLOGY & NEPHROLOGY,HEMATOLOGY(JIF Q3/JCI Q2) | UROLOGY & NEPHROLOGY(JIF Q2/JCI Q3),KARGER,Karger,是,SCIE,混合/OA,"因刊而异，常见 USD 2,500-3,800",中,https://karger.com/pages/Open-Access,https://www.google.com/search?q=BLOOD+PURIFICATION+aims+scope+instructions+for+authors+APC
1066,3-Q2,1,JOURNAL OF RADIATION RESEARCH,J RADIAT RES,0449-3060,1349-9157,2.1,2.2,Q2,44/106,Q2,Q2,0.53,59.0,67.0,3539.0,"BIOLOGY; ONCOLOGY; RADIOLOGY, NUCLEAR MEDICINE & MEDICAL IMAGING","BIOLOGY(JIF Q2/JCI Q2) | ONCOLOGY(JIF Q3/JCI Q3) | RADIOLOGY, NUCLEAR MEDICINE & MEDICAL IMAGING(JIF Q3/JCI Q3)",OXFORD UNIV PRESS,Oxford UP,是,SCIE,混合为主,订阅路线通常无APC；可选OA，费用因刊而异,中,https://academic.oup.com/pages/open-research/open-access,https://www.google.com/search?q=JOURNAL+OF+RADIATION+RESEARCH+aims+scope+instructions+for+authors+APC
1067,3-Q2,1,Journal of General and Family Medicine,J GEN FAM MED,2189-7948,2189-7948,1.3,2.0,Q2,160/336,Q2,Q2,0.38,52.5,67.0,781.0,"MEDICINE, GENERAL & INTERNAL","MEDICINE, GENERAL & INTERNAL(JIF Q2/JCI Q2)",WILEY,Wiley,否,ESCI,混合为主,"订阅路线通常无APC；OnlineOpen常见 USD 3,200-4,700",中,https://authorservices.wiley.com/author-resources/Journal-Authors/open-access/article-publication-charges.html,https://www.google.com/search?q=Journal+of+General+and+Family+Medicine+aims+scope+instructions+for+authors+APC
1068,3-Q2,1,World Journal of Stem Cells,WORLD J STEM CELLS,1948-0210,1948-0210,4.9,4.8,Q2,11/32,Q3,Q3,0.62,67.2,66.0,3101.0,CELL & TISSUE ENGINEERING; CELL BIOLOGY,CELL & TISSUE ENGINEERING(JIF Q2/JCI Q3) | CELL BIOLOGY(JIF Q2/JCI Q3),BAISHIDENG PUBLISHING GROUP INC,其他,是,SCIE,需核实,请查期刊官网 Author / Open Access 页面,未知,,https://www.google.com/search?q=World+Journal+of+Stem+Cells+aims+scope+instructions+for+authors+APC
1069,3-Q2,1,CURRENT OPINION IN CLINICAL NUTRITION AND METABOLIC CARE,CURR OPIN CLIN NUTR,1363-1950,1473-6519,3.8,3.5,Q2,42/114,Q2,Q2,0.61,63.6,66.0,6003.0,ENDOCRINOLOGY & METABOLISM; NUTRITION & DIETETICS,ENDOCRINOLOGY & METABOLISM(JIF Q2/JCI Q3) | NUTRITION & DIETETICS(JIF Q2/JCI Q2),LIPPINCOTT WILLIAMS & WILKINS,Wolters Kluwer/LWW,是,SCIE,混合为主,"订阅路线通常无APC；OA常见 USD 2,000-4,000；MEDICINE已拉黑",中,https://wkauthorservices.editage.com/open-access/,https://www.google.com/search?q=CURRENT+OPINION+IN+CLINICAL+NUTRITION+AND+METABOLIC+CARE+aims+scope+instructions+for+authors+APC
1070,3-Q2,1,Journal of Applied Oral Science,J APPL ORAL SCI,1678-7757,1678-7765,3.0,3.0,Q2,44/165,Q2,Q2,1.02,73.6,66.0,3737.0,"DENTISTRY, ORAL SURGERY & MEDICINE","DENTISTRY, ORAL SURGERY & MEDICINE(JIF Q2/JCI Q2)",UNIV SAO PAULO FAC ODONTOLOGIA BAURU,其他,是,SCIE,需核实,请查期刊官网 Author / Open Access 页面,未知,,https://www.google.com/search?q=Journal+of+Applied+Oral+Science+aims+scope+instructions+for+authors+APC
1071,3-Q2,1,INTERNATIONAL ARCHIVES OF OCCUPATIONAL AND ENVIRONMENTAL HEALTH,INT ARCH OCC ENV HEA,0340-0131,1432-1246,2.7,3.2,Q2,160/443,Q2,Q2,0.79,64.0,66.0,5728.0,"PUBLIC, ENVIRONMENTAL & OCCUPATIONAL HEALTH","PUBLIC, ENVIRONMENTAL & OCCUPATIONAL HEALTH(JIF Q2/JCI Q2)",SPRINGER,Springer,是,SCIE,混合为主,"订阅路线通常无APC；选OA约 USD 2,790-4,290",中,https://www.springer.com/gp/open-access,https://www.google.com/search?q=INTERNATIONAL+ARCHIVES+OF+OCCUPATIONAL+AND+ENVIRONMENTAL+HEALTH+aims+scope+instructions+for+authors+APC
1072,3-Q2,1,POSTGRADUATE MEDICINE,POSTGRAD MED,0032-5481,1941-9260,2.7,3.1,Q2,85/336,Q1,Q1,0.76,74.9,66.0,4155.0,"MEDICINE, GENERAL & INTERNAL","MEDICINE, GENERAL & INTERNAL(JIF Q2/JCI Q1)",TAYLOR & FRANCIS LTD,Taylor & Francis,是,SCIE,混合为主,"订阅路线通常无APC；Open Select常见 USD 2,500-3,500",中,https://authorservices.taylorandfrancis.com/publishing-open-access/,https://www.google.com/search?q=POSTGRADUATE+MEDICINE+aims+scope+instructions+for+authors+APC
1073,3-Q2,1,Journal of Foot and Ankle Research,J FOOT ANKLE RES,,1757-1146,2.3,3.3,Q2,62/147,Q2,Q2,0.88,58.2,66.0,2656.0,ORTHOPEDICS,ORTHOPEDICS(JIF Q2/JCI Q2),WILEY,Wiley,是,SCIE,混合为主,"订阅路线通常无APC；OnlineOpen常见 USD 3,200-4,700",中,https://authorservices.wiley.com/author-resources/Journal-Authors/open-access/article-publication-charges.html,https://www.google.com/search?q=Journal+of+Foot+and+Ankle+Research+aims+scope+instructions+for+authors+APC
1074,3-Q2,1,Turkish Archives of Pediatrics,TURK ARCH PEDIATR,,2757-6256,2.3,2.0,Q2,55/190,Q2,Q2,0.75,71.3,66.0,675.0,PEDIATRICS,PEDIATRICS(JIF Q2/JCI Q2),AVES,其他,否,ESCI,需核实,请查期刊官网 Author / Open Access 页面,未知,,https://www.google.com/search?q=Turkish+Archives+of+Pediatrics+aims+scope+instructions+for+authors+APC
1075,3-Q2,1,Health Equity,HEALTH EQUITY,,2473-1242,2.3,3.0,Q2,209/443,Q2,Q2,0.66,52.9,66.0,2055.0,"PUBLIC, ENVIRONMENTAL & OCCUPATIONAL HEALTH","PUBLIC, ENVIRONMENTAL & OCCUPATIONAL HEALTH(JIF Q2/JCI Q2)",SAGE PUBLICATIONS INC,SAGE,否,ESCI,混合为主,"订阅路线通常无APC；SAGE Choice常见 USD 2,000-4,000",中,https://us.sagepub.com/en-us/nam/sage-choice,https://www.google.com/search?q=Health+Equity+aims+scope+instructions+for+authors+APC
1076,3-Q2,1,ASTROBIOLOGY,ASTROBIOLOGY,1531-1074,1557-8070,2.3,3.2,Q2,41/106,Q2,Q2,0.62,61.8,66.0,5468.0,BIOLOGY,BIOLOGY(JIF Q2/JCI Q2),SAGE PUBLICATIONS INC,SAGE,是,SCIE,混合为主,"订阅路线通常无APC；SAGE Choice常见 USD 2,000-4,000",中,https://us.sagepub.com/en-us/nam/sage-choice,https://www.google.com/search?q=ASTROBIOLOGY+aims+scope+instructions+for+authors+APC
1077,3-Q2,1,JOURNAL OF COMMUNITY PSYCHOLOGY,J COMMUNITY PSYCHOL,0090-4392,1520-6629,2.2,2.5,Q2,11/99,Q2,Q2,0.85,50.9,66.0,5400.0,"PUBLIC, ENVIRONMENTAL & OCCUPATIONAL HEALTH","PUBLIC, ENVIRONMENTAL & OCCUPATIONAL HEALTH(JIF Q2/JCI Q2)",WILEY,Wiley,否,SSCI,混合为主,"订阅路线通常无APC；OnlineOpen常见 USD 3,200-4,700",中,https://authorservices.wiley.com/author-resources/Journal-Authors/open-access/article-publication-charges.html,https://www.google.com/search?q=JOURNAL+OF+COMMUNITY+PSYCHOLOGY+aims+scope+instructions+for+authors+APC
1078,3-Q2,1,Journal of Ophthalmology,J OPHTHALMOL,2090-004X,2090-0058,2.2,2.2,Q2,43/98,Q3,Q3,0.74,56.6,66.0,5428.0,OPHTHALMOLOGY,OPHTHALMOLOGY(JIF Q2/JCI Q3),WILEY,Wiley,是,SCIE,混合为主,"订阅路线通常无APC；OnlineOpen常见 USD 3,200-4,700",中,https://authorservices.wiley.com/author-resources/Journal-Authors/open-access/article-publication-charges.html,https://www.google.com/search?q=Journal+of+Ophthalmology+aims+scope+instructions+for+authors+APC
1079,3-Q2,1,INTERNATIONAL JOURNAL OF PROSTHODONTICS,INT J PROSTHODONT,0893-2174,1942-4426,2.1,2.4,Q2,78/165,Q2,Q2,0.83,53.0,66.0,4211.0,"DENTISTRY, ORAL SURGERY & MEDICINE","DENTISTRY, ORAL SURGERY & MEDICINE(JIF Q2/JCI Q2)",QUINTESSENCE PUBLISHING CO INC,其他,是,SCIE,需核实,请查期刊官网 Author / Open Access 页面,未知,,https://www.google.com/search?q=INTERNATIONAL+JOURNAL+OF+PROSTHODONTICS+aims+scope+instructions+for+authors+APC
1080,3-Q2,1,Annals of Clinical Microbiology and Antimicrobials,ANN CLIN MICROB ANTI,,1476-0711,5.2,5.6,Q2,42/167,Q1,Q1,1.06,75.1,65.0,4139.0,MICROBIOLOGY,MICROBIOLOGY(JIF Q2/JCI Q1),BMC,BMC,是,SCIE,全OA,"约 USD 1,990-2,890（旗舰刊更高）",高,https://www.biomedcentral.com/getpublished/article-processing-charges,https://www.google.com/search?q=Annals+of+Clinical+Microbiology+and+Antimicrobials+aims+scope+instructions+for+authors+APC
1081,3-Q2,1,Biocybernetics and Biomedical Engineering,BIOCYBERN BIOMED ENG,0208-5216,0208-5216,4.9,5.9,Q2,40/130,Q1,Q1,1.07,69.6,65.0,3362.0,"ENGINEERING, BIOMEDICAL","ENGINEERING, BIOMEDICAL(JIF Q2/JCI Q1)",ELSEVIER,Elsevier,是,SCIE,混合为主,"订阅路线通常无APC；Gold OA常见 USD 2,200-4,200",中,https://www.elsevier.com/open-access/agreements,https://www.google.com/search?q=Biocybernetics+and+Biomedical+Engineering+aims+scope+instructions+for+authors+APC
1082,3-Q2,1,Advanced NanoBiomed Research,ADV NANOBIOMED RES,2699-9307,2699-9307,4.8,5.2,Q2,42/130,Q3,Q3,0.53,68.1,65.0,2002.0,"ENGINEERING, BIOMEDICAL; MATERIALS SCIENCE, BIOMATERIALS","ENGINEERING, BIOMEDICAL(JIF Q2/JCI Q3) | MATERIALS SCIENCE, BIOMATERIALS(JIF Q2/JCI Q3)",WILEY-V C H VERLAG GMBH,Wiley,否,ESCI,混合为主,"订阅路线通常无APC；OnlineOpen常见 USD 3,200-4,700",中,https://authorservices.wiley.com/author-resources/Journal-Authors/open-access/article-publication-charges.html,https://www.google.com/search?q=Advanced+NanoBiomed+Research+aims+scope+instructions+for+authors+APC
1083,3-Q2,1,Clinical Psychopharmacology and Neuroscience,CLIN PSYCHOPHARM NEU,1738-1088,2093-4327,3.4,3.1,Q2,143/356,Q2,Q2,0.67,60.0,65.0,2007.0,NEUROSCIENCES; PHARMACOLOGY & PHARMACY,NEUROSCIENCES(JIF Q2/JCI Q3) | PHARMACOLOGY & PHARMACY(JIF Q2/JCI Q2),KOREAN COLL NEUROPSYCHOPHARMACOLOGY,其他,是,SCIE,需核实,请查期刊官网 Author / Open Access 页面,未知,,https://www.google.com/search?q=Clinical+Psychopharmacology+and+Neuroscience+aims+scope+instructions+for+authors+APC
1084,3-Q2,1,ANNALES D ENDOCRINOLOGIE,ANN ENDOCRINOL-PARIS,0003-4266,2213-3941,3.4,3.2,Q2,95/198,Q3,Q3,0.64,52.3,65.0,1658.0,ENDOCRINOLOGY & METABOLISM,ENDOCRINOLOGY & METABOLISM(JIF Q2/JCI Q3),MASSON EDITEUR,其他,是,SCIE,需核实,请查期刊官网 Author / Open Access 页面,未知,,https://www.google.com/search?q=ANNALES+D+ENDOCRINOLOGIE+aims+scope+instructions+for+authors+APC
1085,3-Q2,1,Journal of Geriatric Cardiology,J GERIATR CARDIOL,1671-5411,1671-5411,3.4,2.6,Q2,74/237,Q2,Q2,0.61,69.0,65.0,2585.0,CARDIAC & CARDIOVASCULAR SYSTEMS; GERIATRICS & GERONTOLOGY,CARDIAC & CARDIOVASCULAR SYSTEMS(JIF Q2/JCI Q2) | GERIATRICS & GERONTOLOGY(JIF Q2/JCI Q3),TSINGHUA UNIV PRESS,其他,是,SCIE,需核实,请查期刊官网 Author / Open Access 页面,未知,,https://www.google.com/search?q=Journal+of+Geriatric+Cardiology+aims+scope+instructions+for+authors+APC
1086,3-Q2,1,Biomedical Engineering Letters,BIOMED ENG LETT,2093-9868,2093-985X,3.4,3.9,Q2,63/130,Q3,Q3,0.45,51.9,65.0,1987.0,"ENGINEERING, BIOMEDICAL","ENGINEERING, BIOMEDICAL(JIF Q2/JCI Q3)",SPRINGERNATURE,Springer Nature,是,SCIE,混合/全OA,"全OA约 USD 2,090-3,490；Nature系更高；Scientific Reports已拉黑",中高,https://www.springernature.com/gp/open-research/journals-books/journals,https://www.google.com/search?q=Biomedical+Engineering+Letters+aims+scope+instructions+for+authors+APC
1087,3-Q2,1,Journal of the American Nutrition Association,J AM NUTR ASSOC,2769-7061,2769-707X,3.3,3.3,Q2,52/114,Q2,Q2,0.61,54.8,65.0,933.0,NUTRITION & DIETETICS,NUTRITION & DIETETICS(JIF Q2/JCI Q2),"ROUTLEDGE JOURNALS, TAYLOR & FRANCIS LTD",Taylor & Francis,是,SCIE,混合为主,"订阅路线通常无APC；Open Select常见 USD 2,500-3,500",中,https://authorservices.taylorandfrancis.com/publishing-open-access/,https://www.google.com/search?q=Journal+of+the+American+Nutrition+Association+aims+scope+instructions+for+authors+APC
1088,3-Q2,1,CURRENT OPINION IN OPHTHALMOLOGY,CURR OPIN OPHTHALMOL,1040-8738,1531-7021,3.1,3.2,Q2,25/98,Q2,Q2,0.97,75.0,65.0,4573.0,OPHTHALMOLOGY,OPHTHALMOLOGY(JIF Q2/JCI Q2),LIPPINCOTT WILLIAMS & WILKINS,Wolters Kluwer/LWW,是,SCIE,混合为主,"订阅路线通常无APC；OA常见 USD 2,000-4,000；MEDICINE已拉黑",中,https://wkauthorservices.editage.com/open-access/,https://www.google.com/search?q=CURRENT+OPINION+IN+OPHTHALMOLOGY+aims+scope+instructions+for+authors+APC
1089,3-Q2,1,HEMATOLOGY-ONCOLOGY CLINICS OF NORTH AMERICA,HEMATOL ONCOL CLIN N,0889-8588,1558-1977,3.1,3.1,Q2,37/103,Q2,Q2,0.72,64.6,65.0,3562.0,HEMATOLOGY; ONCOLOGY,HEMATOLOGY(JIF Q2/JCI Q2) | ONCOLOGY(JIF Q2/JCI Q2),W B SAUNDERS CO-ELSEVIER INC,Elsevier,是,SCIE,混合为主,"订阅路线通常无APC；Gold OA常见 USD 2,200-4,200",中,https://www.elsevier.com/open-access/agreements,https://www.google.com/search?q=HEMATOLOGY-ONCOLOGY+CLINICS+OF+NORTH+AMERICA+aims+scope+instructions+for+authors+APC
1090,3-Q2,1,Joint Commission Journal on Quality and Patient Safety,JT COMM J QUAL PATIE,1553-7250,1938-131X,3.0,3.0,Q2,72/194,Q2,Q2,0.75,63.1,65.0,2834.0,HEALTH CARE SCIENCES & SERVICES,HEALTH CARE SCIENCES & SERVICES(JIF Q2/JCI Q2),ACADEMIC PRESS INC ELSEVIER SCIENCE,Elsevier,否,ESCI,混合为主,"订阅路线通常无APC；Gold OA常见 USD 2,200-4,200",中,https://www.elsevier.com/open-access/agreements,https://www.google.com/search?q=Joint+Commission+Journal+on+Quality+and+Patient+Safety+aims+scope+instructions+for+authors+APC
1091,3-Q2,1,COMMUNITY DENTISTRY AND ORAL EPIDEMIOLOGY,COMMUNITY DENT ORAL,0301-5661,1600-0528,2.9,3.1,Q2,46/165,Q2,Q2,0.75,72.4,65.0,5788.0,"DENTISTRY, ORAL SURGERY & MEDICINE; PUBLIC, ENVIRONMENTAL & OCCUPATIONAL HEALTH","DENTISTRY, ORAL SURGERY & MEDICINE(JIF Q2/JCI Q2) | PUBLIC, ENVIRONMENTAL & OCCUPATIONAL HEALTH(JIF Q2/JCI Q2)",WILEY,Wiley,是,SCIE,混合为主,"订阅路线通常无APC；OnlineOpen常见 USD 3,200-4,700",中,https://authorservices.wiley.com/author-resources/Journal-Authors/open-access/article-publication-charges.html,https://www.google.com/search?q=COMMUNITY+DENTISTRY+AND+ORAL+EPIDEMIOLOGY+aims+scope+instructions+for+authors+APC
1092,3-Q2,1,Journal of Taibah University Medical Sciences,J TAIBAH UNIV MED SC,1658-3612,1658-3612,2.7,2.3,Q2,85/336,Q2,Q2,0.63,74.9,65.0,2213.0,"MEDICINE, GENERAL & INTERNAL","MEDICINE, GENERAL & INTERNAL(JIF Q2/JCI Q2)",ELSEVIER,Elsevier,否,ESCI,混合为主,"订阅路线通常无APC；Gold OA常见 USD 2,200-4,200",中,https://www.elsevier.com/open-access/agreements,https://www.google.com/search?q=Journal+of+Taibah+University+Medical+Sciences+aims+scope+instructions+for+authors+APC
1093,3-Q2,1,RENDICONTI LINCEI-SCIENZE FISICHE E NATURALI,REND LINCEI-SCI FIS,2037-4631,1720-0776,2.7,2.4,Q2,49/140,Q2,Q2,0.53,65.4,65.0,1932.0,MULTIDISCIPLINARY SCIENCES,MULTIDISCIPLINARY SCIENCES(JIF Q2/JCI Q2),SPRINGER-VERLAG ITALIA SRL,Springer,是,SCIE,混合为主,"订阅路线通常无APC；选OA约 USD 2,790-4,290",中,https://www.springer.com/gp/open-access,https://www.google.com/search?q=RENDICONTI+LINCEI-SCIENZE+FISICHE+E+NATURALI+aims+scope+instructions+for+authors+APC
1094,3-Q2,1,OCCUPATIONAL MEDICINE-OXFORD,OCCUP MED-OXFORD,0962-7480,1471-8405,2.4,2.6,Q2,193/443,Q3,Q3,0.59,56.5,65.0,5004.0,"PUBLIC, ENVIRONMENTAL & OCCUPATIONAL HEALTH","PUBLIC, ENVIRONMENTAL & OCCUPATIONAL HEALTH(JIF Q2/JCI Q3)",OXFORD UNIV PRESS,Oxford UP,是,SCIE,混合为主,订阅路线通常无APC；可选OA，费用因刊而异,中,https://academic.oup.com/pages/open-research/open-access,https://www.google.com/search?q=OCCUPATIONAL+MEDICINE-OXFORD+aims+scope+instructions+for+authors+APC
1095,3-Q2,1,Topics in Stroke Rehabilitation,TOP STROKE REHABIL,1074-9357,1945-5119,2.3,3.0,Q2,46/175,Q1,Q1,1.03,74.0,65.0,3442.0,REHABILITATION,REHABILITATION(JIF Q2/JCI Q1),TAYLOR & FRANCIS LTD,Taylor & Francis,是,SCIE,混合为主,"订阅路线通常无APC；Open Select常见 USD 2,500-3,500",中,https://authorservices.taylorandfrancis.com/publishing-open-access/,https://www.google.com/search?q=Topics+in+Stroke+Rehabilitation+aims+scope+instructions+for+authors+APC
1096,3-Q2,1,JDR Clinical & Translational Research,JDR CLIN TRANSL RES,2380-0844,2380-0852,2.0,2.8,Q2,81/165,Q2,Q2,0.74,51.2,65.0,1155.0,"DENTISTRY, ORAL SURGERY & MEDICINE","DENTISTRY, ORAL SURGERY & MEDICINE(JIF Q2/JCI Q2)",SAGE PUBLICATIONS INC,SAGE,否,ESCI,混合为主,"订阅路线通常无APC；SAGE Choice常见 USD 2,000-4,000",中,https://us.sagepub.com/en-us/nam/sage-choice,https://www.google.com/search?q=JDR+Clinical+&+Translational+Research+aims+scope+instructions+for+authors+APC
1097,3-Q2,1,SCIENCE & JUSTICE,SCI JUSTICE,1355-0306,1876-4452,1.8,2.4,Q2,12/24,Q2,Q2,0.83,52.1,65.0,2166.0,"MEDICINE, LEGAL; PATHOLOGY","MEDICINE, LEGAL(JIF Q2/JCI Q2) | PATHOLOGY(JIF Q3/JCI Q2)",ELSEVIER SCI LTD,Elsevier,是,SCIE,混合为主,"订阅路线通常无APC；Gold OA常见 USD 2,200-4,200",中,https://www.elsevier.com/open-access/agreements,https://www.google.com/search?q=SCIENCE+&+JUSTICE+aims+scope+instructions+for+authors+APC
1098,3-Q2,1,Journal of Extracellular Biology,J EXTRACELL BIOL,2768-2811,2768-2811,4.8,5.9,Q2,92/328,Q2,Q2,0.7,72.1,64.0,990.0,BIOCHEMISTRY & MOLECULAR BIOLOGY; CELL BIOLOGY,BIOCHEMISTRY & MOLECULAR BIOLOGY(JIF Q2/JCI Q2) | CELL BIOLOGY(JIF Q2/JCI Q2),WILEY,Wiley,否,ESCI,混合为主,"订阅路线通常无APC；OnlineOpen常见 USD 3,200-4,700",中,https://authorservices.wiley.com/author-resources/Journal-Authors/open-access/article-publication-charges.html,https://www.google.com/search?q=Journal+of+Extracellular+Biology+aims+scope+instructions+for+authors+APC
1099,3-Q2,1,npj Viruses,NPJ VIRUSES,,2948-1767,3.5,3.5,Q2,18/44,Q2,Q2,0.79,60.2,64.0,384.0,VIROLOGY,VIROLOGY(JIF Q2/JCI Q2),SPRINGERNATURE,Springer Nature,否,ESCI,混合/全OA,"全OA约 USD 2,090-3,490；Nature系更高；Scientific Reports已拉黑",中高,https://www.springernature.com/gp/open-research/journals-books/journals,https://www.google.com/search?q=npj+Viruses+aims+scope+instructions+for+authors+APC
1100,3-Q2,1,BMC NEUROSCIENCE,BMC NEUROSCI,1471-2202,1471-2202,3.3,3.2,Q2,156/330,Q3,Q3,0.71,52.9,64.0,5039.0,NEUROSCIENCES,NEUROSCIENCES(JIF Q2/JCI Q3),BMC,BMC,是,SCIE,全OA,"约 USD 1,990-2,890（旗舰刊更高）",高,https://www.biomedcentral.com/getpublished/article-processing-charges,https://www.google.com/search?q=BMC+NEUROSCIENCE+aims+scope+instructions+for+authors+APC
1101,3-Q2,1,CHEST Critical Care,CHEST CRIT CARE,,2949-7884,2.7,2.7,Q2,30/66,Q3,Q3,0.46,55.3,64.0,254.0,CRITICAL CARE MEDICINE; RESPIRATORY SYSTEM,CRITICAL CARE MEDICINE(JIF Q2/JCI Q3) | RESPIRATORY SYSTEM(JIF Q2/JCI Q3),ELSEVIER,Elsevier,否,ESCI,混合为主,"订阅路线通常无APC；Gold OA常见 USD 2,200-4,200",中,https://www.elsevier.com/open-access/agreements,https://www.google.com/search?q=CHEST+Critical+Care+aims+scope+instructions+for+authors+APC
1102,3-Q2,1,F&S Reports,F&S REP,,2666-3341,2.6,2.7,Q2,48/143,Q2,Q2,0.84,66.8,64.0,899.0,OBSTETRICS & GYNECOLOGY; REPRODUCTIVE BIOLOGY,OBSTETRICS & GYNECOLOGY(JIF Q2/JCI Q2) | REPRODUCTIVE BIOLOGY(JIF Q2/JCI Q2),ELSEVIER,Elsevier,否,ESCI,混合为主,"订阅路线通常无APC；Gold OA常见 USD 2,200-4,200",中,https://www.elsevier.com/open-access/agreements,https://www.google.com/search?q=F&S+Reports+aims+scope+instructions+for+authors+APC
1103,3-Q2,1,INTERNATIONAL JOURNAL OF IMPOTENCE RESEARCH,INT J IMPOT RES,0955-9930,1476-5489,2.5,2.6,Q2,54/134,Q2,Q2,0.83,60.1,64.0,3824.0,UROLOGY & NEPHROLOGY,UROLOGY & NEPHROLOGY(JIF Q2/JCI Q2),SPRINGERNATURE,Springer Nature,是,SCIE,混合/全OA,"全OA约 USD 2,090-3,490；Nature系更高；Scientific Reports已拉黑",中高,https://www.springernature.com/gp/open-research/journals-books/journals,https://www.google.com/search?q=INTERNATIONAL+JOURNAL+OF+IMPOTENCE+RESEARCH+aims+scope+instructions+for+authors+APC
1104,3-Q2,1,Sao Paulo Medical Journal,SAO PAULO MED J,1516-3180,,1.2,1.5,Q2,167/336,Q2,Q2,0.47,50.4,64.0,1671.0,"MEDICINE, GENERAL & INTERNAL","MEDICINE, GENERAL & INTERNAL(JIF Q2/JCI Q2)",ASSOCIACAO PAULISTA MEDICINA,其他,是,SCIE,需核实,请查期刊官网 Author / Open Access 页面,未知,,https://www.google.com/search?q=Sao+Paulo+Medical+Journal+aims+scope+instructions+for+authors+APC
1105,3-Q2,1,Nigerian Postgraduate Medical Journal,NIGER POSTGRAD MED J,1117-1936,2468-6875,1.2,1.2,Q2,167/336,Q3,Q3,0.3,50.4,64.0,662.0,"MEDICINE, GENERAL & INTERNAL","MEDICINE, GENERAL & INTERNAL(JIF Q2/JCI Q3)",WOLTERS KLUWER MEDKNOW PUBLICATIONS,Wolters Kluwer/LWW,否,ESCI,混合为主,"订阅路线通常无APC；OA常见 USD 2,000-4,000；MEDICINE已拉黑",中,https://wkauthorservices.editage.com/open-access/,https://www.google.com/search?q=Nigerian+Postgraduate+Medical+Journal+aims+scope+instructions+for+authors+APC
1106,3-Q2,1,CARDIOVASCULAR DRUGS AND THERAPY,CARDIOVASC DRUG THER,0920-3206,1573-7241,3.5,3.7,Q2,72/237,Q2,Q2,0.78,69.8,63.0,3976.0,CARDIAC & CARDIOVASCULAR SYSTEMS; PHARMACOLOGY & PHARMACY,CARDIAC & CARDIOVASCULAR SYSTEMS(JIF Q2/JCI Q2) | PHARMACOLOGY & PHARMACY(JIF Q2/JCI Q2),SPRINGER,Springer,是,SCIE,混合为主,"订阅路线通常无APC；选OA约 USD 2,790-4,290",中,https://www.springer.com/gp/open-access,https://www.google.com/search?q=CARDIOVASCULAR+DRUGS+AND+THERAPY+aims+scope+instructions+for+authors+APC
1107,3-Q2,1,Rheumatology and Therapy,RHEUMATOL THER,2198-6576,2198-6584,3.1,3.6,Q2,22/58,Q2,Q2,0.9,62.9,63.0,2349.0,RHEUMATOLOGY,RHEUMATOLOGY(JIF Q2/JCI Q2),SPRINGER,Springer,是,SCIE,混合为主,"订阅路线通常无APC；选OA约 USD 2,790-4,290",中,https://www.springer.com/gp/open-access,https://www.google.com/search?q=Rheumatology+and+Therapy+aims+scope+instructions+for+authors+APC
1108,3-Q2,1,JID Innovations,JID INNOV,,2667-0267,3.0,3.6,Q2,32/99,Q2,Q2,1.07,68.2,63.0,893.0,DERMATOLOGY,DERMATOLOGY(JIF Q2/JCI Q2),ELSEVIER,Elsevier,否,ESCI,混合为主,"订阅路线通常无APC；Gold OA常见 USD 2,200-4,200",中,https://www.elsevier.com/open-access/agreements,https://www.google.com/search?q=JID+Innovations+aims+scope+instructions+for+authors+APC
1109,3-Q2,1,Journal of Preventive Medicine & Public Health,J PREV MED PUBLIC HL,1975-8375,2233-4521,2.9,,Q2,139/443,Q2,Q2,0.72,68.7,63.0,2014.0,"PUBLIC, ENVIRONMENTAL & OCCUPATIONAL HEALTH","PUBLIC, ENVIRONMENTAL & OCCUPATIONAL HEALTH(JIF Q2/JCI Q2)",Korean Soc Preventive Medicine,其他,否,ESCI,需核实,请查期刊官网 Author / Open Access 页面,未知,,https://www.google.com/search?q=Journal+of+Preventive+Medicine+&+Public+Health+aims+scope+instructions+for+authors+APC
1110,3-Q2,1,JOURNAL OF CLINICAL PSYCHOPHARMACOLOGY,J CLIN PSYCHOPHARM,0271-0749,1533-712X,2.9,2.8,Q2,119/293,Q3,Q3,0.61,59.6,63.0,4724.0,PHARMACOLOGY & PHARMACY; PSYCHIATRY,PHARMACOLOGY & PHARMACY(JIF Q2/JCI Q3) | PSYCHIATRY(JIF Q2/JCI Q3),LIPPINCOTT WILLIAMS & WILKINS,Wolters Kluwer/LWW,是,SCIE,混合为主,"订阅路线通常无APC；OA常见 USD 2,000-4,000；MEDICINE已拉黑",中,https://wkauthorservices.editage.com/open-access/,https://www.google.com/search?q=JOURNAL+OF+CLINICAL+PSYCHOPHARMACOLOGY+aims+scope+instructions+for+authors+APC
1111,3-Q2,1,JOURNAL OF CLINICAL APHERESIS,J CLIN APHERESIS,0733-2459,1098-1101,2.8,1.9,Q2,42/103,Q2,Q2,0.59,59.7,63.0,1547.0,HEMATOLOGY,HEMATOLOGY(JIF Q2/JCI Q2),WILEY,Wiley,是,SCIE,混合为主,"订阅路线通常无APC；OnlineOpen常见 USD 3,200-4,700",中,https://authorservices.wiley.com/author-resources/Journal-Authors/open-access/article-publication-charges.html,https://www.google.com/search?q=JOURNAL+OF+CLINICAL+APHERESIS+aims+scope+instructions+for+authors+APC
1112,3-Q2,1,Diagnostic and Interventional Radiology,DIAGN INTERV RADIOL,1305-3612,1305-3612,2.7,2.2,Q2,88/217,Q2,Q2,0.68,59.7,63.0,2501.0,"RADIOLOGY, NUCLEAR MEDICINE & MEDICAL IMAGING","RADIOLOGY, NUCLEAR MEDICINE & MEDICAL IMAGING(JIF Q2/JCI Q2)",TURKISH SOC RADIOLOGY,其他,是,SCIE,需核实,请查期刊官网 Author / Open Access 页面,未知,,https://www.google.com/search?q=Diagnostic+and+Interventional+Radiology+aims+scope+instructions+for+authors+APC
1113,3-Q2,1,SINGAPORE MEDICAL JOURNAL,SINGAP MED J,0037-5675,2737-5935,2.7,2.7,Q2,85/336,Q2,Q2,0.62,74.9,63.0,4404.0,"MEDICINE, GENERAL & INTERNAL","MEDICINE, GENERAL & INTERNAL(JIF Q2/JCI Q2)",WOLTERS KLUWER MEDKNOW PUBLICATIONS,Wolters Kluwer/LWW,是,SCIE,混合为主,"订阅路线通常无APC；OA常见 USD 2,000-4,000；MEDICINE已拉黑",中,https://wkauthorservices.editage.com/open-access/,https://www.google.com/search?q=SINGAPORE+MEDICAL+JOURNAL+aims+scope+instructions+for+authors+APC
1114,3-Q2,1,Nursing Research and Practice,NURS RES PRACT,2090-1429,2090-1437,2.5,3.6,Q2,49/194,Q1,Q1,1.11,75.0,63.0,911.0,NURSING,NURSING(JIF Q2/JCI Q1),WILEY,Wiley,否,ESCI,混合为主,"订阅路线通常无APC；OnlineOpen常见 USD 3,200-4,700",中,https://authorservices.wiley.com/author-resources/Journal-Authors/open-access/article-publication-charges.html,https://www.google.com/search?q=Nursing+Research+and+Practice+aims+scope+instructions+for+authors+APC
1115,3-Q2,1,BMJ Leader,BMJ LEAD,,2398-631X,2.4,2.4,Q2,97/194,Q4,Q4,0.39,50.3,63.0,718.0,HEALTH CARE SCIENCES & SERVICES,HEALTH CARE SCIENCES & SERVICES(JIF Q2/JCI Q4),BMJ PUBLISHING GROUP,BMJ,否,ESCI,混合/全OA,"BMJ Open约GBP 2,175；旗舰刊更高",高,https://authors.bmj.com/open-access/,https://www.google.com/search?q=BMJ+Leader+aims+scope+instructions+for+authors+APC
1116,3-Q2,1,BIRTH-ISSUES IN PERINATAL CARE,BIRTH-ISS PERINAT C,0730-7659,1523-536X,2.3,3.2,Q2,55/190,Q1,Q1,1.05,71.3,63.0,3311.0,NURSING; OBSTETRICS & GYNECOLOGY; PEDIATRICS,NURSING(JIF Q2/JCI Q1) | OBSTETRICS & GYNECOLOGY(JIF Q2/JCI Q1) | PEDIATRICS(JIF Q2/JCI Q1),WILEY,Wiley,是,"SCIE, SSCI; SCIE",混合为主,"订阅路线通常无APC；OnlineOpen常见 USD 3,200-4,700",中,https://authorservices.wiley.com/author-resources/Journal-Authors/open-access/article-publication-charges.html,https://www.google.com/search?q=BIRTH-ISSUES+IN+PERINATAL+CARE+aims+scope+instructions+for+authors+APC
1117,3-Q2,1,Obesity Facts,OBESITY FACTS,1662-4025,1662-4033,4.1,5.1,Q2,36/114,Q1,Q1,2.03,68.9,62.0,3878.0,ENDOCRINOLOGY & METABOLISM; NUTRITION & DIETETICS,ENDOCRINOLOGY & METABOLISM(JIF Q2/JCI Q1) | NUTRITION & DIETETICS(JIF Q2/JCI Q1),KARGER,Karger,是,SCIE,混合/OA,"因刊而异，常见 USD 2,500-3,800",中,https://karger.com/pages/Open-Access,https://www.google.com/search?q=Obesity+Facts+aims+scope+instructions+for+authors+APC
1118,3-Q2,1,ImmunoTargets and Therapy,IMMUNOTARGETS THER,,2253-1556,4.1,6.3,Q2,70/183,Q3,Q3,0.65,62.0,62.0,1277.0,IMMUNOLOGY,IMMUNOLOGY(JIF Q2/JCI Q3),DOVE MEDICAL PRESS LTD,其他,否,ESCI,需核实,请查期刊官网 Author / Open Access 页面,未知,,https://www.google.com/search?q=ImmunoTargets+and+Therapy+aims+scope+instructions+for+authors+APC
1119,3-Q2,1,Network Neuroscience,NETW NEUROSCI,2472-1751,2472-1751,3.4,4.2,Q2,144/330,Q2,Q2,0.86,56.5,62.0,1807.0,NEUROSCIENCES,NEUROSCIENCES(JIF Q2/JCI Q2),MIT PRESS,其他,是,SCIE,需核实,请查期刊官网 Author / Open Access 页面,未知,,https://www.google.com/search?q=Network+Neuroscience+aims+scope+instructions+for+authors+APC
1120,3-Q2,1,HUMAN GENETICS,HUM GENET,0340-6717,1432-1203,3.4,4.6,Q2,67/192,Q2,Q2,0.83,65.4,62.0,8986.0,GENETICS & HEREDITY,GENETICS & HEREDITY(JIF Q2/JCI Q2),SPRINGER,Springer,是,SCIE,混合为主,"订阅路线通常无APC；选OA约 USD 2,790-4,290",中,https://www.springer.com/gp/open-access,https://www.google.com/search?q=HUMAN+GENETICS+aims+scope+instructions+for+authors+APC
1121,3-Q2,1,Korean Circulation Journal,KOREAN CIRC J,1738-5520,1738-5555,3.4,3.0,Q2,74/237,Q2,Q2,0.76,69.0,62.0,2098.0,CARDIAC & CARDIOVASCULAR SYSTEMS,CARDIAC & CARDIOVASCULAR SYSTEMS(JIF Q2/JCI Q2),KOREAN SOC CARDIOLOGY,其他,是,SCIE,需核实,请查期刊官网 Author / Open Access 页面,未知,,https://www.google.com/search?q=Korean+Circulation+Journal+aims+scope+instructions+for+authors+APC
1122,3-Q2,1,Structural Heart-The Journal of the Heart Team,STRUCT HEART,2474-8706,2474-8714,3.4,2.6,Q2,74/237,Q2,Q2,0.6,69.0,62.0,774.0,CARDIAC & CARDIOVASCULAR SYSTEMS,CARDIAC & CARDIOVASCULAR SYSTEMS(JIF Q2/JCI Q2),ELSEVIER SCIENCE INC,Elsevier,否,ESCI,混合为主,"订阅路线通常无APC；Gold OA常见 USD 2,200-4,200",中,https://www.elsevier.com/open-access/agreements,https://www.google.com/search?q=Structural+Heart-The+Journal+of+the+Heart+Team+aims+scope+instructions+for+authors+APC
1123,3-Q2,1,Epigenomics,EPIGENOMICS-UK,1750-1911,1750-192X,3.1,2.9,Q2,74/192,Q3,Q3,0.6,61.7,62.0,3705.0,GENETICS & HEREDITY,GENETICS & HEREDITY(JIF Q2/JCI Q3),TAYLOR & FRANCIS LTD,Taylor & Francis,是,SCIE,混合为主,"订阅路线通常无APC；Open Select常见 USD 2,500-3,500",中,https://authorservices.taylorandfrancis.com/publishing-open-access/,https://www.google.com/search?q=Epigenomics+aims+scope+instructions+for+authors+APC
1124,3-Q2,1,Environmental Research: Health,ENVIRON RES-HEALTH,,2752-5309,3.0,,Q2,133/443,Q2,Q2,0.86,70.1,62.0,301.0,"PUBLIC, ENVIRONMENTAL & OCCUPATIONAL HEALTH","PUBLIC, ENVIRONMENTAL & OCCUPATIONAL HEALTH(JIF Q2/JCI Q2)",IOP Publishing Ltd,其他,否,ESCI,需核实,请查期刊官网 Author / Open Access 页面,未知,,https://www.google.com/search?q=Environmental+Research:+Health+aims+scope+instructions+for+authors+APC
1125,3-Q2,1,Health & Justice,HEAL JUSTICE,,2194-7899,2.8,3.7,Q2,9/113,Q1,Q1,1.3,66.5,62.0,1083.0,"PUBLIC, ENVIRONMENTAL & OCCUPATIONAL HEALTH","PUBLIC, ENVIRONMENTAL & OCCUPATIONAL HEALTH(JIF Q2/JCI Q1)",SPRINGERNATURE,Springer Nature,否,ESCI,混合/全OA,"全OA约 USD 2,090-3,490；Nature系更高；Scientific Reports已拉黑",中高,https://www.springernature.com/gp/open-research/journals-books/journals,https://www.google.com/search?q=Health+&+Justice+aims+scope+instructions+for+authors+APC
1126,3-Q2,1,Chinese Journal of Traumatology,CHIN J TRAUMATOL,1008-1275,1008-1275,2.5,2.5,Q2,47/147,Q2,Q2,0.84,68.4,62.0,1801.0,ORTHOPEDICS,ORTHOPEDICS(JIF Q2/JCI Q2),ELSEVIER INC,Elsevier,否,ESCI,混合为主,"订阅路线通常无APC；Gold OA常见 USD 2,200-4,200",中,https://www.elsevier.com/open-access/agreements,https://www.google.com/search?q=Chinese+Journal+of+Traumatology+aims+scope+instructions+for+authors+APC
1127,3-Q2,1,JOURNAL OF OCULAR PHARMACOLOGY AND THERAPEUTICS,J OCUL PHARMACOL TH,1080-7683,1557-7732,2.2,2.6,Q2,43/98,Q2,Q2,0.67,56.6,62.0,2948.0,OPHTHALMOLOGY; PHARMACOLOGY & PHARMACY,OPHTHALMOLOGY(JIF Q2/JCI Q3) | PHARMACOLOGY & PHARMACY(JIF Q3/JCI Q2),SAGE PUBLICATIONS INC,SAGE,是,SCIE,混合为主,"订阅路线通常无APC；SAGE Choice常见 USD 2,000-4,000",中,https://us.sagepub.com/en-us/nam/sage-choice,https://www.google.com/search?q=JOURNAL+OF+OCULAR+PHARMACOLOGY+AND+THERAPEUTICS+aims+scope+instructions+for+authors+APC
1128,3-Q2,1,Australian Journal of General Practice,AUST J GEN PRACT,2208-794X,2208-7958,2.0,2.2,Q2,113/336,Q1,Q1,0.9,66.5,62.0,1832.0,"MEDICINE, GENERAL & INTERNAL; PRIMARY HEALTH CARE","MEDICINE, GENERAL & INTERNAL(JIF Q2/JCI Q1) | PRIMARY HEALTH CARE(JIF Q2/JCI Q3)",ROYAL AUSTRALIAN COLLEGE GENERAL PRACTITIONERS,其他,是,SCIE,需核实,请查期刊官网 Author / Open Access 页面,未知,,https://www.google.com/search?q=Australian+Journal+of+General+Practice+aims+scope+instructions+for+authors+APC
1129,3-Q2,1,PEDIATRIC DIABETES,PEDIATR DIABETES,1399-543X,1399-5448,1.9,3.8,Q2,85/190,Q1,Q1,1.49,55.5,62.0,5224.0,ENDOCRINOLOGY & METABOLISM; PEDIATRICS,ENDOCRINOLOGY & METABOLISM(JIF Q4/JCI Q1) | PEDIATRICS(JIF Q2/JCI Q1),WILEY,Wiley,是,SCIE,混合为主,"订阅路线通常无APC；OnlineOpen常见 USD 3,200-4,700",中,https://authorservices.wiley.com/author-resources/Journal-Authors/open-access/article-publication-charges.html,https://www.google.com/search?q=PEDIATRIC+DIABETES+aims+scope+instructions+for+authors+APC
1130,3-Q2,1,Egyptian Journal of Forensic Sciences,EGYPT J FORENSIC SCI,2090-536X,2090-5939,1.9,2.0,Q2,10/24,Q3,Q3,0.7,60.4,62.0,901.0,"MEDICINE, LEGAL","MEDICINE, LEGAL(JIF Q2/JCI Q3)",INT ASSOC LAW & FORENSIC SCIENCES,其他,否,ESCI,需核实,请查期刊官网 Author / Open Access 页面,未知,,https://www.google.com/search?q=Egyptian+Journal+of+Forensic+Sciences+aims+scope+instructions+for+authors+APC
1131,3-Q2,1,Journal of Korean Neurosurgical Society,J KOREAN NEUROSURG S,2005-3711,1598-7876,1.9,1.7,Q2,145/321,Q3,Q3,0.62,55.0,62.0,2860.0,CLINICAL NEUROLOGY; SURGERY,CLINICAL NEUROLOGY(JIF Q3/JCI Q3) | SURGERY(JIF Q2/JCI Q3),KOREAN NEUROSURGICAL SOC,其他,是,SCIE,需核实,请查期刊官网 Author / Open Access 页面,未知,,https://www.google.com/search?q=Journal+of+Korean+Neurosurgical+Society+aims+scope+instructions+for+authors+APC
1132,3-Q2,1,BMJ Military Health,BMJ MILITARY HEALTH,2633-3767,2633-3775,1.7,1.8,Q2,135/336,Q2,Q2,0.52,60.0,62.0,1024.0,"MEDICINE, GENERAL & INTERNAL","MEDICINE, GENERAL & INTERNAL(JIF Q2/JCI Q2)",BMJ PUBLISHING GROUP,BMJ,是,SCIE,混合/全OA,"BMJ Open约GBP 2,175；旗舰刊更高",高,https://authors.bmj.com/open-access/,https://www.google.com/search?q=BMJ+Military+Health+aims+scope+instructions+for+authors+APC
1133,3-Q2,1,CLINICAL AND EXPERIMENTAL IMMUNOLOGY,CLIN EXP IMMUNOL,0009-9104,1365-2249,3.9,4.2,Q2,78/183,Q2,Q2,0.68,57.7,61.0,12550.0,IMMUNOLOGY,IMMUNOLOGY(JIF Q2/JCI Q2),OXFORD UNIV PRESS,Oxford UP,是,SCIE,混合为主,订阅路线通常无APC；可选OA，费用因刊而异,中,https://academic.oup.com/pages/open-research/open-access,https://www.google.com/search?q=CLINICAL+AND+EXPERIMENTAL+IMMUNOLOGY+aims+scope+instructions+for+authors+APC
1134,3-Q2,1,CARCINOGENESIS,CARCINOGENESIS,0143-3334,1460-2180,3.8,3.8,Q2,125/333,Q2,Q2,0.75,62.6,61.0,13877.0,ONCOLOGY,ONCOLOGY(JIF Q2/JCI Q2),OXFORD UNIV PRESS,Oxford UP,是,SCIE,混合为主,订阅路线通常无APC；可选OA，费用因刊而异,中,https://academic.oup.com/pages/open-research/open-access,https://www.google.com/search?q=CARCINOGENESIS+aims+scope+instructions+for+authors+APC
1135,3-Q2,1,ADDICTION RESEARCH & THEORY,ADDICT RES THEORY,1606-6359,1476-7392,2.9,3.0,Q2,13/72,Q2,Q2,0.84,73.0,61.0,2316.0,SUBSTANCE ABUSE,SUBSTANCE ABUSE(JIF Q2/JCI Q2),TAYLOR & FRANCIS LTD,Taylor & Francis,否,SSCI,混合为主,"订阅路线通常无APC；Open Select常见 USD 2,500-3,500",中,https://authorservices.taylorandfrancis.com/publishing-open-access/,https://www.google.com/search?q=ADDICTION+RESEARCH+&+THEORY+aims+scope+instructions+for+authors+APC
1136,3-Q2,1,Tuberculosis,TUBERCULOSIS,1472-9792,1873-281X,2.9,2.8,Q2,46/107,Q3,Q3,0.52,57.5,61.0,3797.0,IMMUNOLOGY; MICROBIOLOGY; RESPIRATORY SYSTEM,IMMUNOLOGY(JIF Q3/JCI Q3) | MICROBIOLOGY(JIF Q3/JCI Q3) | RESPIRATORY SYSTEM(JIF Q2/JCI Q3),CHURCHILL LIVINGSTONE,Elsevier,是,SCIE,混合为主,"订阅路线通常无APC；Gold OA常见 USD 2,200-4,200",中,https://www.elsevier.com/open-access/agreements,https://www.google.com/search?q=Tuberculosis+aims+scope+instructions+for+authors+APC
1137,3-Q2,1,REVISTA DE SAUDE PUBLICA,REV SAUDE PUBL,0034-8910,1518-8787,2.4,2.9,Q2,193/443,Q2,Q2,0.67,56.5,61.0,5031.0,"PUBLIC, ENVIRONMENTAL & OCCUPATIONAL HEALTH","PUBLIC, ENVIRONMENTAL & OCCUPATIONAL HEALTH(JIF Q2/JCI Q2)",REVISTA DE SAUDE PUBLICA,其他,是,"SCIE, SSCI",需核实,请查期刊官网 Author / Open Access 页面,未知,,https://www.google.com/search?q=REVISTA+DE+SAUDE+PUBLICA+aims+scope+instructions+for+authors+APC
1138,3-Q2,1,RADIATION AND ENVIRONMENTAL BIOPHYSICS,RADIAT ENVIRON BIOPH,0301-634X,1432-2099,2.4,2.0,Q2,39/106,Q2,Q2,0.54,63.7,61.0,1734.0,"BIOLOGY; RADIOLOGY, NUCLEAR MEDICINE & MEDICAL IMAGING","BIOLOGY(JIF Q2/JCI Q2) | RADIOLOGY, NUCLEAR MEDICINE & MEDICAL IMAGING(JIF Q2/JCI Q3)",SPRINGER,Springer,是,SCIE,混合为主,"订阅路线通常无APC；选OA约 USD 2,790-4,290",中,https://www.springer.com/gp/open-access,https://www.google.com/search?q=RADIATION+AND+ENVIRONMENTAL+BIOPHYSICS+aims+scope+instructions+for+authors+APC
1139,3-Q2,1,Journal of Lower Genital Tract Disease,J LOW GENIT TRACT DI,1089-2591,1526-0976,2.3,3.4,Q2,60/143,Q2,Q2,0.96,58.4,61.0,2228.0,OBSTETRICS & GYNECOLOGY,OBSTETRICS & GYNECOLOGY(JIF Q2/JCI Q2),LIPPINCOTT WILLIAMS & WILKINS,Wolters Kluwer/LWW,是,SCIE,混合为主,"订阅路线通常无APC；OA常见 USD 2,000-4,000；MEDICINE已拉黑",中,https://wkauthorservices.editage.com/open-access/,https://www.google.com/search?q=Journal+of+Lower+Genital+Tract+Disease+aims+scope+instructions+for+authors+APC
1140,3-Q2,1,Radiology and Oncology,RADIOL ONCOL,1318-2099,1581-3207,2.3,2.5,Q2,107/217,Q3,Q3,0.52,50.9,61.0,1612.0,"ONCOLOGY; RADIOLOGY, NUCLEAR MEDICINE & MEDICAL IMAGING","ONCOLOGY(JIF Q3/JCI Q3) | RADIOLOGY, NUCLEAR MEDICINE & MEDICAL IMAGING(JIF Q2/JCI Q3)",Paradigm Publishing Services-De Gruyter Brill Sp Zoo,De Gruyter,是,SCIE,混合/OA,因刊而异,中,https://www.degruyter.com/publishing/publications/openaccess,https://www.google.com/search?q=Radiology+and+Oncology+aims+scope+instructions+for+authors+APC
1141,3-Q2,1,Journal of Rational-Emotive and Cognitive-Behavior Therapy,J RATION-EMOT COGN-B,0894-9085,1573-6563,2.1,2.1,Q2,88/184,Q3,Q3,0.72,52.4,61.0,1163.0,"PSYCHOLOGY, CLINICAL","PSYCHOLOGY, CLINICAL(JIF Q2/JCI Q3)",SPRINGER,Springer,否,SSCI,混合为主,"订阅路线通常无APC；选OA约 USD 2,790-4,290",中,https://www.springer.com/gp/open-access,https://www.google.com/search?q=Journal+of+Rational-Emotive+and+Cognitive-Behavior+Therapy+aims+scope+instructions+for+authors+APC
1142,3-Q2,1,ANNALS OF THE ROYAL COLLEGE OF SURGEONS OF ENGLAND,ANN ROY COLL SURG,0035-8843,1478-7083,2.0,1.9,Q2,137/321,Q2,Q2,0.76,57.5,61.0,4893.0,SURGERY,SURGERY(JIF Q2/JCI Q2),ROYAL COLL SURGEONS ENGLAND,其他,是,SCIE,需核实,请查期刊官网 Author / Open Access 页面,未知,,https://www.google.com/search?q=ANNALS+OF+THE+ROYAL+COLLEGE+OF+SURGEONS+OF+ENGLAND+aims+scope+instructions+for+authors+APC
1143,3-Q2,1,Journal of Traditional and Complementary Medicine,J TRADIT COMPL MED,2225-4110,2225-4110,3.9,3.7,Q2,13/48,Q1,Q1,0.96,74.0,60.0,2877.0,INTEGRATIVE & COMPLEMENTARY MEDICINE,INTEGRATIVE & COMPLEMENTARY MEDICINE(JIF Q2/JCI Q1),ELSEVIER,Elsevier,是,SCIE,混合为主,"订阅路线通常无APC；Gold OA常见 USD 2,200-4,200",中,https://www.elsevier.com/open-access/agreements,https://www.google.com/search?q=Journal+of+Traditional+and+Complementary+Medicine+aims+scope+instructions+for+authors+APC
1144,3-Q2,1,PEPTIDES,PEPTIDES,0196-9781,1873-5169,3.5,3.4,Q2,134/356,Q2,Q2,0.78,62.5,60.0,9353.0,BIOCHEMISTRY & MOLECULAR BIOLOGY; ENDOCRINOLOGY & METABOLISM; PHARMACOLOGY & PHARMACY,BIOCHEMISTRY & MOLECULAR BIOLOGY(JIF Q2/JCI Q2) | ENDOCRINOLOGY & METABOLISM(JIF Q2/JCI Q2) | PHARMACOLOGY & PHARMACY(JIF Q2/JCI Q2),ELSEVIER SCIENCE INC,Elsevier,是,SCIE,混合为主,"订阅路线通常无APC；Gold OA常见 USD 2,200-4,200",中,https://www.elsevier.com/open-access/agreements,https://www.google.com/search?q=PEPTIDES+aims+scope+instructions+for+authors+APC
1145,3-Q2,1,CLINICAL JOURNAL OF PAIN,CLIN J PAIN,0749-8047,1536-5409,3.2,3.4,Q2,21/72,Q2,Q2,0.95,71.5,60.0,7813.0,ANESTHESIOLOGY; CLINICAL NEUROLOGY,ANESTHESIOLOGY(JIF Q2/JCI Q2) | CLINICAL NEUROLOGY(JIF Q2/JCI Q2),LIPPINCOTT WILLIAMS & WILKINS,Wolters Kluwer/LWW,是,SCIE,混合为主,"订阅路线通常无APC；OA常见 USD 2,000-4,000；MEDICINE已拉黑",中,https://wkauthorservices.editage.com/open-access/,https://www.google.com/search?q=CLINICAL+JOURNAL+OF+PAIN+aims+scope+instructions+for+authors+APC
1146,3-Q2,1,APPLIED PSYCHOPHYSIOLOGY AND BIOFEEDBACK,APPL PSYCHOPHYS BIOF,1090-0586,1573-3270,3.0,3.6,Q2,48/184,Q2,Q2,0.85,74.2,60.0,2042.0,"PSYCHOLOGY, CLINICAL","PSYCHOLOGY, CLINICAL(JIF Q2/JCI Q2)",SPRINGER/PLENUM PUBLISHERS,Springer,否,SSCI,混合为主,"订阅路线通常无APC；选OA约 USD 2,790-4,290",中,https://www.springer.com/gp/open-access,https://www.google.com/search?q=APPLIED+PSYCHOPHYSIOLOGY+AND+BIOFEEDBACK+aims+scope+instructions+for+authors+APC
1147,3-Q2,1,Journal of Cardiovascular Medicine,J CARDIOVASC MED,1558-2027,1558-2035,2.6,1.8,Q2,106/237,Q2,Q2,0.56,55.5,60.0,2270.0,CARDIAC & CARDIOVASCULAR SYSTEMS,CARDIAC & CARDIOVASCULAR SYSTEMS(JIF Q2/JCI Q2),LIPPINCOTT WILLIAMS & WILKINS,Wolters Kluwer/LWW,是,SCIE,混合为主,"订阅路线通常无APC；OA常见 USD 2,000-4,000；MEDICINE已拉黑",中,https://wkauthorservices.editage.com/open-access/,https://www.google.com/search?q=Journal+of+Cardiovascular+Medicine+aims+scope+instructions+for+authors+APC
1148,3-Q2,1,TEACHING AND LEARNING IN MEDICINE,TEACH LEARN MED,1040-1334,1532-8015,2.4,2.8,Q2,29/89,Q2,Q2,0.81,50.3,60.0,2331.0,HEALTH CARE SCIENCES & SERVICES,HEALTH CARE SCIENCES & SERVICES(JIF Q2/JCI Q2),"ROUTLEDGE JOURNALS, TAYLOR & FRANCIS LTD",Taylor & Francis,是,SCIE,混合为主,"订阅路线通常无APC；Open Select常见 USD 2,500-3,500",中,https://authorservices.taylorandfrancis.com/publishing-open-access/,https://www.google.com/search?q=TEACHING+AND+LEARNING+IN+MEDICINE+aims+scope+instructions+for+authors+APC
1149,3-Q2,1,Annali di Igiene Medicina Preventiva e di Comunita,ANN IG MED PREV COMU,1120-9135,1120-9135,2.4,1.9,Q2,97/194,Q2,Q2,0.76,50.3,60.0,878.0,HEALTH CARE SCIENCES & SERVICES,HEALTH CARE SCIENCES & SERVICES(JIF Q2/JCI Q2),MATTIOLI 1885,其他,否,ESCI,需核实,请查期刊官网 Author / Open Access 页面,未知,,https://www.google.com/search?q=Annali+di+Igiene+Medicina+Preventiva+e+di+Comunita+aims+scope+instructions+for+authors+APC
1150,3-Q2,1,JOURNAL OF SEX & MARITAL THERAPY,J SEX MARITAL THER,0092-623X,1521-0715,2.2,2.8,Q2,14/66,Q2,Q2,1.0,55.2,60.0,3454.0,"PSYCHOLOGY, CLINICAL","PSYCHOLOGY, CLINICAL(JIF Q2/JCI Q2)","ROUTLEDGE JOURNALS, TAYLOR & FRANCIS LTD",Taylor & Francis,否,SSCI,混合为主,"订阅路线通常无APC；Open Select常见 USD 2,500-3,500",中,https://authorservices.taylorandfrancis.com/publishing-open-access/,https://www.google.com/search?q=JOURNAL+OF+SEX+&+MARITAL+THERAPY+aims+scope+instructions+for+authors+APC
1151,3-Q2,1,Journal of Research in Nursing,J RES NURS,1744-9871,1744-988X,2.1,7.9,Q2,78/194,Q2,Q2,0.81,60.1,60.0,3055.0,NURSING,NURSING(JIF Q2/JCI Q2),SAGE PUBLICATIONS LTD,SAGE,否,ESCI,混合为主,"订阅路线通常无APC；SAGE Choice常见 USD 2,000-4,000",中,https://us.sagepub.com/en-us/nam/sage-choice,https://www.google.com/search?q=Journal+of+Research+in+Nursing+aims+scope+instructions+for+authors+APC
1152,3-Q2,1,Facial Plastic Surgery & Aesthetic Medicine,FACIAL PLAST SURG AE,2689-3614,2689-3622,1.8,2.0,Q2,157/321,Q2,Q2,0.77,51.2,60.0,1017.0,SURGERY,SURGERY(JIF Q2/JCI Q2),SAGE PUBLICATIONS INC,SAGE,是,SCIE,混合为主,"订阅路线通常无APC；SAGE Choice常见 USD 2,000-4,000",中,https://us.sagepub.com/en-us/nam/sage-choice,https://www.google.com/search?q=Facial+Plastic+Surgery+&+Aesthetic+Medicine+aims+scope+instructions+for+authors+APC
1153,3-Q2,1,Atencion Primaria,ATEN PRIM,0212-6567,1578-1275,1.6,1.7,Q2,139/336,Q2,Q2,0.62,58.8,60.0,1685.0,"MEDICINE, GENERAL & INTERNAL; PRIMARY HEALTH CARE","MEDICINE, GENERAL & INTERNAL(JIF Q2/JCI Q2) | PRIMARY HEALTH CARE(JIF Q3/JCI Q4)",ELSEVIER ESPANA SLU,Elsevier,是,SCIE,混合为主,"订阅路线通常无APC；Gold OA常见 USD 2,200-4,200",中,https://www.elsevier.com/open-access/agreements,https://www.google.com/search?q=Atencion+Primaria+aims+scope+instructions+for+authors+APC
1154,3-Q2,1,Gaceta Medica de Mexico,GAC MED MEX,0016-3813,0016-3813,1.3,1.0,Q2,160/336,Q3,Q3,0.23,52.5,60.0,849.0,"MEDICINE, GENERAL & INTERNAL","MEDICINE, GENERAL & INTERNAL(JIF Q2/JCI Q3)",ACAD NACIONAL MEDICINA MEXICO,其他,是,SCIE,需核实,请查期刊官网 Author / Open Access 页面,未知,,https://www.google.com/search?q=Gaceta+Medica+de+Mexico+aims+scope+instructions+for+authors+APC
1155,3-Q2,1,NEUROMOLECULAR MEDICINE,NEUROMOL MED,1535-1084,1559-1174,3.8,3.7,Q2,118/330,Q2,Q2,0.83,64.4,59.0,2587.0,NEUROSCIENCES,NEUROSCIENCES(JIF Q2/JCI Q2),HUMANA PRESS INC,其他,是,SCIE,需核实,请查期刊官网 Author / Open Access 页面,未知,,https://www.google.com/search?q=NEUROMOLECULAR+MEDICINE+aims+scope+instructions+for+authors+APC
1156,3-Q2,1,CELL TRANSPLANTATION,CELL TRANSPLANT,0963-6897,1555-3892,3.7,3.3,Q2,9/30,Q2,Q2,0.84,71.7,59.0,6543.0,"CELL & TISSUE ENGINEERING; MEDICINE, RESEARCH & EXPERIMENTAL; TRANSPLANTATION","CELL & TISSUE ENGINEERING(JIF Q3/JCI Q2) | MEDICINE, RESEARCH & EXPERIMENTAL(JIF Q2/JCI Q2) | TRANSPLANTATION(JIF Q2/JCI Q2)",SAGE PUBLICATIONS INC,SAGE,是,SCIE,混合为主,"订阅路线通常无APC；SAGE Choice常见 USD 2,000-4,000",中,https://us.sagepub.com/en-us/nam/sage-choice,https://www.google.com/search?q=CELL+TRANSPLANTATION+aims+scope+instructions+for+authors+APC
1157,3-Q2,1,Advances in Simulation,ADV SIMUL,,2059-0628,3.6,,Q2,53/194,Q1,Q1,1.27,72.9,59.0,1246.0,HEALTH CARE SCIENCES & SERVICES,HEALTH CARE SCIENCES & SERVICES(JIF Q2/JCI Q1),SPRINGERNATURE,Springer Nature,否,ESCI,混合/全OA,"全OA约 USD 2,090-3,490；Nature系更高；Scientific Reports已拉黑",中高,https://www.springernature.com/gp/open-research/journals-books/journals,https://www.google.com/search?q=Advances+in+Simulation+aims+scope+instructions+for+authors+APC
1158,3-Q2,1,INTERNATIONAL JOURNAL OF TUBERCULOSIS AND LUNG DISEASE,INT J TUBERC LUNG D,1027-3719,1815-7920,3.6,3.2,Q2,31/107,Q2,Q2,0.64,71.5,59.0,5985.0,INFECTIOUS DISEASES; RESPIRATORY SYSTEM,INFECTIOUS DISEASES(JIF Q2/JCI Q3) | RESPIRATORY SYSTEM(JIF Q2/JCI Q2),INT UNION AGAINST TUBERCULOSIS and LUNG DISEASE (I U A T L D),其他,是,SCIE,需核实,请查期刊官网 Author / Open Access 页面,未知,,https://www.google.com/search?q=INTERNATIONAL+JOURNAL+OF+TUBERCULOSIS+AND+LUNG+DISEASE+aims+scope+instructions+for+authors+APC
1159,3-Q2,1,Complementary Therapies in Clinical Practice,COMPLEMENT THER CLIN,1744-3881,1873-6947,3.4,3.7,Q2,14/48,Q2,Q2,0.75,71.9,59.0,4515.0,INTEGRATIVE & COMPLEMENTARY MEDICINE,INTEGRATIVE & COMPLEMENTARY MEDICINE(JIF Q2/JCI Q2),ELSEVIER SCI LTD,Elsevier,是,SCIE,混合为主,"订阅路线通常无APC；Gold OA常见 USD 2,200-4,200",中,https://www.elsevier.com/open-access/agreements,https://www.google.com/search?q=Complementary+Therapies+in+Clinical+Practice+aims+scope+instructions+for+authors+APC
1160,3-Q2,1,DIGESTION,DIGESTION,0012-2823,1421-9867,3.4,3.3,Q2,55/153,Q2,Q2,0.61,64.4,59.0,3412.0,GASTROENTEROLOGY & HEPATOLOGY,GASTROENTEROLOGY & HEPATOLOGY(JIF Q2/JCI Q2),KARGER,Karger,是,SCIE,混合/OA,"因刊而异，常见 USD 2,500-3,800",中,https://karger.com/pages/Open-Access,https://www.google.com/search?q=DIGESTION+aims+scope+instructions+for+authors+APC
1161,3-Q2,1,3D Printing in Medicine,3D PRINT MED,,2365-6271,3.1,3.6,Q2,70/217,Q2,Q2,0.87,68.0,59.0,896.0,"RADIOLOGY, NUCLEAR MEDICINE & MEDICAL IMAGING","RADIOLOGY, NUCLEAR MEDICINE & MEDICAL IMAGING(JIF Q2/JCI Q2)",SPRINGERNATURE,Springer Nature,否,ESCI,混合/全OA,"全OA约 USD 2,090-3,490；Nature系更高；Scientific Reports已拉黑",中高,https://www.springernature.com/gp/open-research/journals-books/journals,https://www.google.com/search?q=3D+Printing+in+Medicine+aims+scope+instructions+for+authors+APC
1162,3-Q2,1,Journal of Oral & Facial Pain and Headache,J ORAL FACIAL PAIN H,2333-0384,2333-0376,2.9,3.2,Q2,46/165,Q2,Q2,0.91,72.4,59.0,1562.0,"DENTISTRY, ORAL SURGERY & MEDICINE","DENTISTRY, ORAL SURGERY & MEDICINE(JIF Q2/JCI Q2)",MRE PRESS,其他,是,SCIE,需核实,请查期刊官网 Author / Open Access 页面,未知,,https://www.google.com/search?q=Journal+of+Oral+&+Facial+Pain+and+Headache+aims+scope+instructions+for+authors+APC
1163,3-Q2,1,Archives of Cardiovascular Diseases,ARCH CARDIOVASC DIS,1875-2136,1875-2128,2.9,2.9,Q2,95/237,Q3,Q3,0.54,60.1,59.0,2211.0,CARDIAC & CARDIOVASCULAR SYSTEMS,CARDIAC & CARDIOVASCULAR SYSTEMS(JIF Q2/JCI Q3),"ELSEVIER MASSON, CORP OFF",Elsevier,是,SCIE,混合为主,"订阅路线通常无APC；Gold OA常见 USD 2,200-4,200",中,https://www.elsevier.com/open-access/agreements,https://www.google.com/search?q=Archives+of+Cardiovascular+Diseases+aims+scope+instructions+for+authors+APC
1164,3-Q2,1,Pharmacoeconomics-Open,PHARMACOECON-OPEN,2509-4262,2509-4254,2.4,2.6,Q2,196/626,Q2,Q2,0.72,55.6,59.0,1214.0,HEALTH CARE SCIENCES & SERVICES; HEALTH POLICY & SERVICES; PHARMACOLOGY & PHARMACY,HEALTH CARE SCIENCES & SERVICES(JIF Q2/JCI Q2) | HEALTH POLICY & SERVICES(JIF Q2/JCI Q3) | PHARMACOLOGY & PHARMACY(JIF Q3/JCI Q2),SPRINGER INT PUBL AG,Springer,否,ESCI,混合为主,"订阅路线通常无APC；选OA约 USD 2,790-4,290",中,https://www.springer.com/gp/open-access,https://www.google.com/search?q=Pharmacoeconomics-Open+aims+scope+instructions+for+authors+APC
1165,3-Q2,1,HERD-Health Environments Research & Design Journal,HERD-HEALTH ENV RES,1937-5867,2167-5112,2.3,2.8,Q2,209/443,Q3,Q3,0.55,52.9,59.0,2481.0,"PUBLIC, ENVIRONMENTAL & OCCUPATIONAL HEALTH","PUBLIC, ENVIRONMENTAL & OCCUPATIONAL HEALTH(JIF Q2/JCI Q3)",SAGE PUBLICATIONS INC,SAGE,否,SSCI,混合为主,"订阅路线通常无APC；SAGE Choice常见 USD 2,000-4,000",中,https://us.sagepub.com/en-us/nam/sage-choice,https://www.google.com/search?q=HERD-Health+Environments+Research+&+Design+Journal+aims+scope+instructions+for+authors+APC
1166,3-Q2,1,Medizinische Klinik-Intensivmedizin und Notfallmedizin,MED KLIN-INTENSIVMED,2193-6218,2193-6226,1.6,1.4,Q2,139/336,Q2,Q2,0.44,58.8,59.0,942.0,"MEDICINE, GENERAL & INTERNAL","MEDICINE, GENERAL & INTERNAL(JIF Q2/JCI Q2)",SPRINGER HEIDELBERG,Springer,是,SCIE,混合为主,"订阅路线通常无APC；选OA约 USD 2,790-4,290",中,https://www.springer.com/gp/open-access,https://www.google.com/search?q=Medizinische+Klinik-Intensivmedizin+und+Notfallmedizin+aims+scope+instructions+for+authors+APC
1167,3-Q2,1,DRUGS & AGING,DRUG AGING,1170-229X,1179-1969,4.2,4.0,Q2,102/356,Q2,Q2,0.81,71.5,58.0,4941.0,GERIATRICS & GERONTOLOGY; PHARMACOLOGY & PHARMACY,GERIATRICS & GERONTOLOGY(JIF Q2/JCI Q2) | PHARMACOLOGY & PHARMACY(JIF Q2/JCI Q2),ADIS INT LTD,其他,是,SCIE,需核实,请查期刊官网 Author / Open Access 页面,未知,,https://www.google.com/search?q=DRUGS+&+AGING+aims+scope+instructions+for+authors+APC
1168,3-Q2,1,Gastroenterology Report,GASTROENTEROL REP,2052-0034,2052-0034,4.0,4.1,Q2,42/153,Q2,Q2,0.72,72.9,58.0,2146.0,GASTROENTEROLOGY & HEPATOLOGY,GASTROENTEROLOGY & HEPATOLOGY(JIF Q2/JCI Q2),OXFORD UNIV PRESS,Oxford UP,是,SCIE,混合为主,订阅路线通常无APC；可选OA，费用因刊而异,中,https://academic.oup.com/pages/open-research/open-access,https://www.google.com/search?q=Gastroenterology+Report+aims+scope+instructions+for+authors+APC
1169,3-Q2,1,Journal of Bone Oncology,J BONE ONCOL,,2212-1374,3.6,3.7,Q2,132/333,Q2,Q2,0.73,60.5,58.0,1769.0,ONCOLOGY,ONCOLOGY(JIF Q2/JCI Q2),ELSEVIER,Elsevier,是,SCIE,混合为主,"订阅路线通常无APC；Gold OA常见 USD 2,200-4,200",中,https://www.elsevier.com/open-access/agreements,https://www.google.com/search?q=Journal+of+Bone+Oncology+aims+scope+instructions+for+authors+APC
1170,3-Q2,1,Frontiers in Nephrology,FRONT NEPHROL,,2813-0626,2.9,2.6,Q2,44/134,Q3,Q3,0.51,67.5,58.0,455.0,UROLOGY & NEPHROLOGY,UROLOGY & NEPHROLOGY(JIF Q2/JCI Q3),FRONTIERS MEDIA SA,Frontiers,否,ESCI,全OA,"约 CHF 1,495-3,150（Frontiers in Medicine A类=CHF 3,150）",高,https://www.frontiersin.org/about/fee-policy,https://www.google.com/search?q=Frontiers+in+Nephrology+aims+scope+instructions+for+authors+APC
1171,3-Q2,1,Archives of Academic Emergency Medicine,ARCH ACAD EMERG MED,,2645-4904,2.8,2.5,Q2,17/55,Q2,Q2,0.94,70.0,58.0,1045.0,EMERGENCY MEDICINE,EMERGENCY MEDICINE(JIF Q2/JCI Q2),SHAHID BEHESHTI UNIV MEDICAL SCIENCES,其他,否,ESCI,需核实,请查期刊官网 Author / Open Access 页面,未知,,https://www.google.com/search?q=Archives+of+Academic+Emergency+Medicine+aims+scope+instructions+for+authors+APC
1172,3-Q2,1,Journal of Tropical Medicine,J TROP MED-US,1687-9686,1687-9694,2.6,3.1,Q2,9/27,Q2,Q2,0.81,68.5,58.0,1652.0,"PUBLIC, ENVIRONMENTAL & OCCUPATIONAL HEALTH; TROPICAL MEDICINE","PUBLIC, ENVIRONMENTAL & OCCUPATIONAL HEALTH(JIF Q2/JCI Q2) | TROPICAL MEDICINE(JIF Q2/JCI Q2)",WILEY,Wiley,是,SCIE,混合为主,"订阅路线通常无APC；OnlineOpen常见 USD 3,200-4,700",中,https://authorservices.wiley.com/author-resources/Journal-Authors/open-access/article-publication-charges.html,https://www.google.com/search?q=Journal+of+Tropical+Medicine+aims+scope+instructions+for+authors+APC
1173,3-Q2,1,CURRENT OPINION IN OBSTETRICS & GYNECOLOGY,CURR OPIN OBSTET GYN,1040-872X,1473-656X,2.4,2.4,Q2,58/143,Q3,Q3,0.7,59.8,58.0,2644.0,OBSTETRICS & GYNECOLOGY,OBSTETRICS & GYNECOLOGY(JIF Q2/JCI Q3),LIPPINCOTT WILLIAMS & WILKINS,Wolters Kluwer/LWW,是,SCIE,混合为主,"订阅路线通常无APC；OA常见 USD 2,000-4,000；MEDICINE已拉黑",中,https://wkauthorservices.editage.com/open-access/,https://www.google.com/search?q=CURRENT+OPINION+IN+OBSTETRICS+&+GYNECOLOGY+aims+scope+instructions+for+authors+APC
1174,3-Q2,1,BRITISH JOURNAL OF CLINICAL PSYCHOLOGY,BRIT J CLIN PSYCHOL,0144-6657,2044-8260,2.3,5.4,Q2,75/184,Q2,Q2,0.98,59.5,58.0,5136.0,"PSYCHOLOGY, CLINICAL","PSYCHOLOGY, CLINICAL(JIF Q2/JCI Q2)",WILEY,Wiley,否,SSCI,混合为主,"订阅路线通常无APC；OnlineOpen常见 USD 3,200-4,700",中,https://authorservices.wiley.com/author-resources/Journal-Authors/open-access/article-publication-charges.html,https://www.google.com/search?q=BRITISH+JOURNAL+OF+CLINICAL+PSYCHOLOGY+aims+scope+instructions+for+authors+APC
1175,3-Q2,1,Journal of Clinical Medicine Research-Canada,J CLIN MED RES-CAN,1918-3003,1918-3011,2.2,,Q2,104/336,Q2,Q2,0.43,69.2,58.0,1304.0,"MEDICINE, GENERAL & INTERNAL","MEDICINE, GENERAL & INTERNAL(JIF Q2/JCI Q2)",ELMER PRESS INC,其他,否,ESCI,需核实,请查期刊官网 Author / Open Access 页面,未知,,https://www.google.com/search?q=Journal+of+Clinical+Medicine+Research-Canada+aims+scope+instructions+for+authors+APC
1176,3-Q2,1,JBI Evidence Implementation,JBI EVID IMPLEMENT,2691-3321,2691-3321,2.0,3.6,Q2,113/336,Q2,Q2,0.45,66.5,58.0,777.0,"HEALTH CARE SCIENCES & SERVICES; MEDICINE, GENERAL & INTERNAL","HEALTH CARE SCIENCES & SERVICES(JIF Q3/JCI Q4) | MEDICINE, GENERAL & INTERNAL(JIF Q2/JCI Q2)",LIPPINCOTT WILLIAMS & WILKINS,Wolters Kluwer/LWW,是,SCIE,混合为主,"订阅路线通常无APC；OA常见 USD 2,000-4,000；MEDICINE已拉黑",中,https://wkauthorservices.editage.com/open-access/,https://www.google.com/search?q=JBI+Evidence+Implementation+aims+scope+instructions+for+authors+APC
1177,3-Q2,1,Facial Plastic Surgery Clinics of North America,FACIAL PLAST SURG CL,1064-7406,1558-1926,1.9,2.5,Q2,145/321,Q2,Q2,0.86,55.0,58.0,1975.0,SURGERY,SURGERY(JIF Q2/JCI Q2),W B SAUNDERS CO-ELSEVIER INC,Elsevier,是,SCIE,混合为主,"订阅路线通常无APC；Gold OA常见 USD 2,200-4,200",中,https://www.elsevier.com/open-access/agreements,https://www.google.com/search?q=Facial+Plastic+Surgery+Clinics+of+North+America+aims+scope+instructions+for+authors+APC
1178,3-Q2,1,Molecular Pain,MOL PAIN,,1744-8069,3.8,3.6,Q2,118/330,Q2,Q2,0.76,64.4,57.0,4049.0,NEUROSCIENCES,NEUROSCIENCES(JIF Q2/JCI Q2),SAGE PUBLICATIONS INC,SAGE,是,SCIE,混合为主,"订阅路线通常无APC；SAGE Choice常见 USD 2,000-4,000",中,https://us.sagepub.com/en-us/nam/sage-choice,https://www.google.com/search?q=Molecular+Pain+aims+scope+instructions+for+authors+APC
1179,3-Q2,1,Clinical Endoscopy,CLIN ENDOSC,2234-2400,2234-2443,3.4,2.8,Q2,55/153,Q2,Q2,0.57,64.4,57.0,2539.0,GASTROENTEROLOGY & HEPATOLOGY,GASTROENTEROLOGY & HEPATOLOGY(JIF Q2/JCI Q2),KOREAN SOC GASTROINTESTINAL ENDOSCOPY,其他,否,ESCI,需核实,请查期刊官网 Author / Open Access 页面,未知,,https://www.google.com/search?q=Clinical+Endoscopy+aims+scope+instructions+for+authors+APC
1180,3-Q2,1,Oncology and Therapy,ONCOL THER,2366-1070,2366-1089,3.4,3.6,Q2,148/333,Q3,Q3,0.53,55.7,57.0,832.0,ONCOLOGY,ONCOLOGY(JIF Q2/JCI Q3),SPRINGER,Springer,否,ESCI,混合为主,"订阅路线通常无APC；选OA约 USD 2,790-4,290",中,https://www.springer.com/gp/open-access,https://www.google.com/search?q=Oncology+and+Therapy+aims+scope+instructions+for+authors+APC
1181,3-Q2,1,Safety and Health at Work,SAF HEALTH WORK-KR,2093-7911,2093-7997,3.2,3.7,Q2,120/443,Q2,Q2,0.87,73.0,57.0,2707.0,"PUBLIC, ENVIRONMENTAL & OCCUPATIONAL HEALTH","PUBLIC, ENVIRONMENTAL & OCCUPATIONAL HEALTH(JIF Q2/JCI Q2)",ELSEVIER,Elsevier,是,"SCIE, SSCI",混合为主,"订阅路线通常无APC；Gold OA常见 USD 2,200-4,200",中,https://www.elsevier.com/open-access/agreements,https://www.google.com/search?q=Safety+and+Health+at+Work+aims+scope+instructions+for+authors+APC
1182,3-Q2,1,JOURNAL OF NUCLEAR CARDIOLOGY,J NUCL CARDIOL,1071-3581,1532-6551,3.0,2.4,Q2,78/217,Q1,Q1,1.56,64.3,57.0,4305.0,"CARDIAC & CARDIOVASCULAR SYSTEMS; RADIOLOGY, NUCLEAR MEDICINE & MEDICAL IMAGING","CARDIAC & CARDIOVASCULAR SYSTEMS(JIF Q2/JCI Q1) | RADIOLOGY, NUCLEAR MEDICINE & MEDICAL IMAGING(JIF Q2/JCI Q1)",ELSEVIER SCIENCE INC,Elsevier,是,SCIE,混合为主,"订阅路线通常无APC；Gold OA常见 USD 2,200-4,200",中,https://www.elsevier.com/open-access/agreements,https://www.google.com/search?q=JOURNAL+OF+NUCLEAR+CARDIOLOGY+aims+scope+instructions+for+authors+APC
1183,3-Q2,1,FUNGAL GENETICS AND BIOLOGY,FUNGAL GENET BIOL,1087-1845,1096-0937,3.0,3.0,Q2,80/192,Q2,Q2,0.72,58.6,57.0,5633.0,GENETICS & HEREDITY,GENETICS & HEREDITY(JIF Q2/JCI Q2),ACADEMIC PRESS INC ELSEVIER SCIENCE,Elsevier,是,SCIE,混合为主,"订阅路线通常无APC；Gold OA常见 USD 2,200-4,200",中,https://www.elsevier.com/open-access/agreements,https://www.google.com/search?q=FUNGAL+GENETICS+AND+BIOLOGY+aims+scope+instructions+for+authors+APC
1184,3-Q2,1,Investigative and Clinical Urology,INVESTIG CLIN UROL,2466-0493,2466-054X,2.9,2.6,Q2,44/134,Q2,Q2,0.8,67.5,57.0,1494.0,UROLOGY & NEPHROLOGY,UROLOGY & NEPHROLOGY(JIF Q2/JCI Q2),KOREAN UROLOGICAL ASSOC,其他,是,SCIE,需核实,请查期刊官网 Author / Open Access 页面,未知,,https://www.google.com/search?q=Investigative+and+Clinical+Urology+aims+scope+instructions+for+authors+APC
1185,3-Q2,1,Advances in Rheumatology,ADV RHEUMATOL,2523-3106,2523-3106,2.8,2.7,Q2,27/58,Q2,Q2,0.71,54.3,57.0,1131.0,RHEUMATOLOGY,RHEUMATOLOGY(JIF Q2/JCI Q2),BMC,BMC,是,SCIE,全OA,"约 USD 1,990-2,890（旗舰刊更高）",高,https://www.biomedcentral.com/getpublished/article-processing-charges,https://www.google.com/search?q=Advances+in+Rheumatology+aims+scope+instructions+for+authors+APC
1186,3-Q2,1,JOURNAL OF CLINICAL PATHOLOGY,J CLIN PATHOL,0021-9746,1472-4146,2.6,2.5,Q2,37/89,Q2,Q2,0.87,59.0,57.0,9748.0,PATHOLOGY,PATHOLOGY(JIF Q2/JCI Q2),BMJ PUBLISHING GROUP,BMJ,是,SCIE,混合/全OA,"BMJ Open约GBP 2,175；旗舰刊更高",高,https://authors.bmj.com/open-access/,https://www.google.com/search?q=JOURNAL+OF+CLINICAL+PATHOLOGY+aims+scope+instructions+for+authors+APC
1187,3-Q2,1,CARIES RESEARCH,CARIES RES,0008-6568,1421-976X,2.5,3.8,Q2,58/165,Q2,Q2,0.96,65.2,57.0,4544.0,"DENTISTRY, ORAL SURGERY & MEDICINE","DENTISTRY, ORAL SURGERY & MEDICINE(JIF Q2/JCI Q2)",KARGER,Karger,是,SCIE,混合/OA,"因刊而异，常见 USD 2,500-3,800",中,https://karger.com/pages/Open-Access,https://www.google.com/search?q=CARIES+RESEARCH+aims+scope+instructions+for+authors+APC
1188,3-Q2,1,International Journal of Preventive Medicine,INT J PREVENTIVE MED,2008-7802,2008-8213,1.8,2.5,Q2,127/336,Q2,Q2,0.38,62.4,57.0,3756.0,"MEDICINE, GENERAL & INTERNAL","MEDICINE, GENERAL & INTERNAL(JIF Q2/JCI Q2)",WOLTERS KLUWER MEDKNOW PUBLICATIONS,Wolters Kluwer/LWW,否,ESCI,混合为主,"订阅路线通常无APC；OA常见 USD 2,000-4,000；MEDICINE已拉黑",中,https://wkauthorservices.editage.com/open-access/,https://www.google.com/search?q=International+Journal+of+Preventive+Medicine+aims+scope+instructions+for+authors+APC
1189,3-Q2,1,Translational Research in Anatomy,TRANSL RES ANAT,,2214-854X,1.5,,Q2,11/25,Q2,Q2,0.89,58.0,57.0,483.0,ANATOMY & MORPHOLOGY,ANATOMY & MORPHOLOGY(JIF Q2/JCI Q2),ELSEVIER,Elsevier,否,ESCI,混合为主,"订阅路线通常无APC；Gold OA常见 USD 2,200-4,200",中,https://www.elsevier.com/open-access/agreements,https://www.google.com/search?q=Translational+Research+in+Anatomy+aims+scope+instructions+for+authors+APC
1190,3-Q2,1,Acute Medicine & Surgery,ACUTE MED SURG,2052-8817,2052-8817,1.4,1.4,Q2,152/336,Q2,Q2,0.39,54.9,57.0,1156.0,"MEDICINE, GENERAL & INTERNAL","MEDICINE, GENERAL & INTERNAL(JIF Q2/JCI Q2)",WILEY,Wiley,否,ESCI,混合为主,"订阅路线通常无APC；OnlineOpen常见 USD 3,200-4,700",中,https://authorservices.wiley.com/author-resources/Journal-Authors/open-access/article-publication-charges.html,https://www.google.com/search?q=Acute+Medicine+&+Surgery+aims+scope+instructions+for+authors+APC
1191,3-Q2,1,Neurobiology of Stress,NEUROBIOL STRESS,2352-2895,2352-2895,4.2,4.8,Q2,103/330,Q1,Q1,1.05,68.9,56.0,3705.0,NEUROSCIENCES,NEUROSCIENCES(JIF Q2/JCI Q1),ELSEVIER SCIENCE INC,Elsevier,是,SCIE,混合为主,"订阅路线通常无APC；Gold OA常见 USD 2,200-4,200",中,https://www.elsevier.com/open-access/agreements,https://www.google.com/search?q=Neurobiology+of+Stress+aims+scope+instructions+for+authors+APC
1192,3-Q2,1,GASTROENTEROLOGY CLINICS OF NORTH AMERICA,GASTROENTEROL CLIN N,0889-8553,1558-1942,3.7,4.4,Q2,49/153,Q2,Q2,0.8,68.3,56.0,3043.0,GASTROENTEROLOGY & HEPATOLOGY,GASTROENTEROLOGY & HEPATOLOGY(JIF Q2/JCI Q2),W B SAUNDERS CO-ELSEVIER INC,Elsevier,是,SCIE,混合为主,"订阅路线通常无APC；Gold OA常见 USD 2,200-4,200",中,https://www.elsevier.com/open-access/agreements,https://www.google.com/search?q=GASTROENTEROLOGY+CLINICS+OF+NORTH+AMERICA+aims+scope+instructions+for+authors+APC
1193,3-Q2,1,CLINICS IN CHEST MEDICINE,CLIN CHEST MED,0272-5231,1557-8216,3.6,5.4,Q2,31/107,Q2,Q2,0.96,71.5,56.0,4286.0,RESPIRATORY SYSTEM,RESPIRATORY SYSTEM(JIF Q2/JCI Q2),W B SAUNDERS CO-ELSEVIER INC,Elsevier,是,SCIE,混合为主,"订阅路线通常无APC；Gold OA常见 USD 2,200-4,200",中,https://www.elsevier.com/open-access/agreements,https://www.google.com/search?q=CLINICS+IN+CHEST+MEDICINE+aims+scope+instructions+for+authors+APC
1194,3-Q2,1,Cancer Prevention Research,CANCER PREV RES,1940-6207,1940-6215,3.4,3.4,Q2,148/333,Q3,Q3,0.62,55.7,56.0,4888.0,ONCOLOGY,ONCOLOGY(JIF Q2/JCI Q3),AMER ASSOC CANCER RESEARCH,其他,是,SCIE,需核实,请查期刊官网 Author / Open Access 页面,未知,,https://www.google.com/search?q=Cancer+Prevention+Research+aims+scope+instructions+for+authors+APC
1195,3-Q2,1,Regenerative Engineering and Translational Medicine,REGEN ENG TRANSL MED,2364-4133,2364-4141,3.1,2.9,Q2,64/130,Q4,Q4,0.33,51.2,56.0,997.0,"ENGINEERING, BIOMEDICAL","ENGINEERING, BIOMEDICAL(JIF Q2/JCI Q4)",SPRINGER HEIDELBERG,Springer,否,ESCI,混合为主,"订阅路线通常无APC；选OA约 USD 2,790-4,290",中,https://www.springer.com/gp/open-access,https://www.google.com/search?q=Regenerative+Engineering+and+Translational+Medicine+aims+scope+instructions+for+authors+APC
1196,3-Q2,1,AUSTRALIAN AND NEW ZEALAND JOURNAL OF PUBLIC HEALTH,AUST NZ J PUBL HEAL,1326-0200,1753-6405,2.9,3.0,Q2,139/443,Q2,Q2,0.82,68.7,56.0,4153.0,"PUBLIC, ENVIRONMENTAL & OCCUPATIONAL HEALTH","PUBLIC, ENVIRONMENTAL & OCCUPATIONAL HEALTH(JIF Q2/JCI Q2)",ELSEVIER SCIENCE INC,Elsevier,是,"SCIE, SSCI",混合为主,"订阅路线通常无APC；Gold OA常见 USD 2,200-4,200",中,https://www.elsevier.com/open-access/agreements,https://www.google.com/search?q=AUSTRALIAN+AND+NEW+ZEALAND+JOURNAL+OF+PUBLIC+HEALTH+aims+scope+instructions+for+authors+APC
1197,3-Q2,1,Simulation in Healthcare-Journal of the Society for Simulation in Healthcare,SIMUL HEALTHC,1559-2332,1559-713X,2.9,2.5,Q2,78/194,Q2,Q2,0.8,60.1,56.0,2645.0,HEALTH CARE SCIENCES & SERVICES,HEALTH CARE SCIENCES & SERVICES(JIF Q2/JCI Q2),LIPPINCOTT WILLIAMS & WILKINS,Wolters Kluwer/LWW,是,SCIE,混合为主,"订阅路线通常无APC；OA常见 USD 2,000-4,000；MEDICINE已拉黑",中,https://wkauthorservices.editage.com/open-access/,https://www.google.com/search?q=Simulation+in+Healthcare-Journal+of+the+Society+for+Simulation+in+Healthcare+aims+scope+instructions+for+authors+APC
1198,3-Q2,1,PATHOLOGICA,PATHOLOGICA,0031-2983,1591-951X,2.8,5.0,Q2,32/89,Q3,Q3,0.7,64.6,56.0,1354.0,PATHOLOGY,PATHOLOGY(JIF Q2/JCI Q3),PACINI EDITORE,其他,否,ESCI,需核实,请查期刊官网 Author / Open Access 页面,未知,,https://www.google.com/search?q=PATHOLOGICA+aims+scope+instructions+for+authors+APC
1199,3-Q2,1,OPERATIVE DENTISTRY,OPER DENT,0361-7734,1559-2863,2.3,2.7,Q2,67/165,Q2,Q2,0.86,59.7,56.0,4615.0,"DENTISTRY, ORAL SURGERY & MEDICINE","DENTISTRY, ORAL SURGERY & MEDICINE(JIF Q2/JCI Q2)",OPERATIVE DENTISTRY INC,其他,是,SCIE,需核实,请查期刊官网 Author / Open Access 页面,未知,,https://www.google.com/search?q=OPERATIVE+DENTISTRY+aims+scope+instructions+for+authors+APC
1200,3-Q2,1,Breast Care,BREAST CARE,1661-3791,1661-3805,2.3,2.3,Q2,60/143,Q3,Q3,0.55,58.4,56.0,1634.0,OBSTETRICS & GYNECOLOGY; ONCOLOGY,OBSTETRICS & GYNECOLOGY(JIF Q2/JCI Q3) | ONCOLOGY(JIF Q3/JCI Q3),KARGER,Karger,是,SCIE,混合/OA,"因刊而异，常见 USD 2,500-3,800",中,https://karger.com/pages/Open-Access,https://www.google.com/search?q=Breast+Care+aims+scope+instructions+for+authors+APC
1201,3-Q2,1,JOURNAL OF OBSTETRICS AND GYNAECOLOGY,J OBSTET GYNAECOL,0144-3615,1364-6893,2.2,1.6,Q2,67/143,Q3,Q3,0.54,53.5,56.0,4443.0,OBSTETRICS & GYNECOLOGY,OBSTETRICS & GYNECOLOGY(JIF Q2/JCI Q3),TAYLOR & FRANCIS INC,Taylor & Francis,是,SCIE,混合为主,"订阅路线通常无APC；Open Select常见 USD 2,500-3,500",中,https://authorservices.taylorandfrancis.com/publishing-open-access/,https://www.google.com/search?q=JOURNAL+OF+OBSTETRICS+AND+GYNAECOLOGY+aims+scope+instructions+for+authors+APC
1202,3-Q2,1,Gynecology and Minimally Invasive Therapy-GMIT,GYNECOL MINIM INVASI,2213-3070,2213-3089,2.1,1.9,Q2,70/143,Q3,Q3,0.56,51.4,56.0,719.0,OBSTETRICS & GYNECOLOGY,OBSTETRICS & GYNECOLOGY(JIF Q2/JCI Q3),WOLTERS KLUWER MEDKNOW PUBLICATIONS,Wolters Kluwer/LWW,否,ESCI,混合为主,"订阅路线通常无APC；OA常见 USD 2,000-4,000；MEDICINE已拉黑",中,https://wkauthorservices.editage.com/open-access/,https://www.google.com/search?q=Gynecology+and+Minimally+Invasive+Therapy-GMIT+aims+scope+instructions+for+authors+APC
1203,3-Q2,1,EUROPEAN JOURNAL OF ORAL SCIENCES,EUR J ORAL SCI,0909-8836,1600-0722,2.0,2.2,Q2,81/165,Q2,Q2,0.73,51.2,56.0,3727.0,"DENTISTRY, ORAL SURGERY & MEDICINE","DENTISTRY, ORAL SURGERY & MEDICINE(JIF Q2/JCI Q2)",WILEY,Wiley,是,SCIE,混合为主,"订阅路线通常无APC；OnlineOpen常见 USD 3,200-4,700",中,https://authorservices.wiley.com/author-resources/Journal-Authors/open-access/article-publication-charges.html,https://www.google.com/search?q=EUROPEAN+JOURNAL+OF+ORAL+SCIENCES+aims+scope+instructions+for+authors+APC
1204,3-Q2,1,Journal of Clinical Research in Pediatric Endocrinology,J CLIN RES PEDIATR E,1308-5727,1308-5735,1.9,2.0,Q2,85/190,Q3,Q3,0.65,55.5,56.0,1828.0,ENDOCRINOLOGY & METABOLISM; PEDIATRICS,ENDOCRINOLOGY & METABOLISM(JIF Q4/JCI Q3) | PEDIATRICS(JIF Q2/JCI Q3),GALENOS PUBL HOUSE,其他,是,SCIE,需核实,请查期刊官网 Author / Open Access 页面,未知,,https://www.google.com/search?q=Journal+of+Clinical+Research+in+Pediatric+Endocrinology+aims+scope+instructions+for+authors+APC
1205,3-Q2,1,Geriatric Orthopaedic Surgery & Rehabilitation,GERIATR ORTHOP SURG,2151-4585,2151-4593,1.8,2.0,Q2,83/175,Q3,Q3,0.62,52.9,56.0,1451.0,GERIATRICS & GERONTOLOGY; ORTHOPEDICS; REHABILITATION; SURGERY,GERIATRICS & GERONTOLOGY(JIF Q4/JCI Q3) | ORTHOPEDICS(JIF Q3/JCI Q3) | REHABILITATION(JIF Q2/JCI Q3) | SURGERY(JIF Q2/JCI Q3),SAGE PUBLICATIONS INC,SAGE,是,SCIE,混合为主,"订阅路线通常无APC；SAGE Choice常见 USD 2,000-4,000",中,https://us.sagepub.com/en-us/nam/sage-choice,https://www.google.com/search?q=Geriatric+Orthopaedic+Surgery+&+Rehabilitation+aims+scope+instructions+for+authors+APC
1206,3-Q2,1,JOURNAL OF NIPPON MEDICAL SCHOOL,J NIPPON MED SCH,1345-4676,1347-3409,1.8,1.6,Q2,127/336,Q2,Q2,0.45,62.4,56.0,1163.0,"MEDICINE, GENERAL & INTERNAL","MEDICINE, GENERAL & INTERNAL(JIF Q2/JCI Q2)",MEDICAL ASSOC NIPPON MEDICAL SCH,其他,是,SCIE,需核实,请查期刊官网 Author / Open Access 页面,未知,,https://www.google.com/search?q=JOURNAL+OF+NIPPON+MEDICAL+SCHOOL+aims+scope+instructions+for+authors+APC
1207,3-Q2,1,HUMAN & EXPERIMENTAL TOXICOLOGY,HUM EXP TOXICOL,0960-3271,1477-0903,3.5,3.2,Q2,41/106,Q2,Q2,0.82,61.8,55.0,5767.0,TOXICOLOGY,TOXICOLOGY(JIF Q2/JCI Q2),SAGE PUBLICATIONS LTD,SAGE,是,SCIE,混合为主,"订阅路线通常无APC；SAGE Choice常见 USD 2,000-4,000",中,https://us.sagepub.com/en-us/nam/sage-choice,https://www.google.com/search?q=HUMAN+&+EXPERIMENTAL+TOXICOLOGY+aims+scope+instructions+for+authors+APC
1208,3-Q2,1,ACS Bio & Med Chem Au,ACS BIO MED CHEM AU,,2694-2437,3.5,4.4,Q2,36/72,Q2,Q2,0.75,50.7,55.0,687.0,"BIOCHEMISTRY & MOLECULAR BIOLOGY; CHEMISTRY, MEDICINAL","BIOCHEMISTRY & MOLECULAR BIOLOGY(JIF Q2/JCI Q2) | CHEMISTRY, MEDICINAL(JIF Q2/JCI Q2)",AMER CHEMICAL SOC,其他,否,ESCI,需核实,请查期刊官网 Author / Open Access 页面,未知,,https://www.google.com/search?q=ACS+Bio+&+Med+Chem+Au+aims+scope+instructions+for+authors+APC
1209,3-Q2,1,Neurology-Genetics,NEUROL-GENET,2376-7839,2376-7839,3.3,3.6,Q2,107/296,Q2,Q2,0.83,64.0,55.0,2046.0,CLINICAL NEUROLOGY; GENETICS & HEREDITY,CLINICAL NEUROLOGY(JIF Q2/JCI Q2) | GENETICS & HEREDITY(JIF Q2/JCI Q2),LIPPINCOTT WILLIAMS & WILKINS,Wolters Kluwer/LWW,是,SCIE,混合为主,"订阅路线通常无APC；OA常见 USD 2,000-4,000；MEDICINE已拉黑",中,https://wkauthorservices.editage.com/open-access/,https://www.google.com/search?q=Neurology-Genetics+aims+scope+instructions+for+authors+APC
1210,3-Q2,1,CLINICAL DRUG INVESTIGATION,CLIN DRUG INVEST,1173-2563,1179-1918,3.1,2.7,Q2,163/356,Q2,Q2,0.68,54.4,55.0,3039.0,PHARMACOLOGY & PHARMACY,PHARMACOLOGY & PHARMACY(JIF Q2/JCI Q2),ADIS INT LTD,其他,是,SCIE,需核实,请查期刊官网 Author / Open Access 页面,未知,,https://www.google.com/search?q=CLINICAL+DRUG+INVESTIGATION+aims+scope+instructions+for+authors+APC
1211,3-Q2,1,JOURNAL OF GERIATRIC PSYCHIATRY AND NEUROLOGY,J GERIATR PSYCH NEUR,0891-9887,1552-5708,2.8,3.4,Q2,128/293,Q2,Q2,0.72,56.5,55.0,2686.0,CLINICAL NEUROLOGY; GERIATRICS & GERONTOLOGY; PSYCHIATRY,CLINICAL NEUROLOGY(JIF Q2/JCI Q3) | GERIATRICS & GERONTOLOGY(JIF Q3/JCI Q3) | PSYCHIATRY(JIF Q2/JCI Q2),SAGE PUBLICATIONS INC,SAGE,是,SCIE,混合为主,"订阅路线通常无APC；SAGE Choice常见 USD 2,000-4,000",中,https://us.sagepub.com/en-us/nam/sage-choice,https://www.google.com/search?q=JOURNAL+OF+GERIATRIC+PSYCHIATRY+AND+NEUROLOGY+aims+scope+instructions+for+authors+APC
1212,3-Q2,1,IRISH JOURNAL OF PSYCHOLOGICAL MEDICINE,IRISH J PSYCHOL MED,0790-9667,2051-6967,2.5,2.2,Q2,146/293,Q3,Q3,0.69,50.3,55.0,1022.0,PSYCHIATRY,PSYCHIATRY(JIF Q2/JCI Q3),CAMBRIDGE UNIV PRESS,Cambridge UP,否,ESCI,混合为主,订阅路线通常无APC；Gold OA因刊而异,中,https://www.cambridge.org/core/open-research/open-access,https://www.google.com/search?q=IRISH+JOURNAL+OF+PSYCHOLOGICAL+MEDICINE+aims+scope+instructions+for+authors+APC
1213,3-Q2,1,Journal of Prevention,J PREV,2731-5533,2731-5541,2.5,2.7,Q2,186/443,Q3,Q3,0.64,58.1,55.0,446.0,"PUBLIC, ENVIRONMENTAL & OCCUPATIONAL HEALTH","PUBLIC, ENVIRONMENTAL & OCCUPATIONAL HEALTH(JIF Q2/JCI Q3)",SPRINGER,Springer,否,SSCI,混合为主,"订阅路线通常无APC；选OA约 USD 2,790-4,290",中,https://www.springer.com/gp/open-access,https://www.google.com/search?q=Journal+of+Prevention+aims+scope+instructions+for+authors+APC
1214,3-Q2,1,DRUGS-EDUCATION PREVENTION AND POLICY,DRUG-EDUC PREV POLIC,0968-7637,1465-3370,2.4,2.4,Q2,28/61,Q3,Q3,0.73,54.9,55.0,1781.0,SUBSTANCE ABUSE,SUBSTANCE ABUSE(JIF Q2/JCI Q3),TAYLOR & FRANCIS LTD,Taylor & Francis,否,SSCI,混合为主,"订阅路线通常无APC；Open Select常见 USD 2,500-3,500",中,https://authorservices.taylorandfrancis.com/publishing-open-access/,https://www.google.com/search?q=DRUGS-EDUCATION+PREVENTION+AND+POLICY+aims+scope+instructions+for+authors+APC
1215,3-Q2,1,JMIR Cardio,JMIR CARDIO,,2561-1011,2.4,,Q2,117/237,Q2,Q2,0.57,50.8,55.0,597.0,CARDIAC & CARDIOVASCULAR SYSTEMS,CARDIAC & CARDIOVASCULAR SYSTEMS(JIF Q2/JCI Q2),"JMIR PUBLICATIONS, INC",其他,否,ESCI,需核实,请查期刊官网 Author / Open Access 页面,未知,,https://www.google.com/search?q=JMIR+Cardio+aims+scope+instructions+for+authors+APC
1216,3-Q2,1,NEPHRON,NEPHRON,1660-8151,2235-3186,2.3,2.4,Q2,61/134,Q2,Q2,0.62,54.9,55.0,3891.0,UROLOGY & NEPHROLOGY,UROLOGY & NEPHROLOGY(JIF Q2/JCI Q2),KARGER,Karger,是,SCIE,混合/OA,"因刊而异，常见 USD 2,500-3,800",中,https://karger.com/pages/Open-Access,https://www.google.com/search?q=NEPHRON+aims+scope+instructions+for+authors+APC
1217,3-Q2,1,Journal of Deaf Studies and Deaf Education,J DEAF STUD DEAF EDU,1081-4159,1465-7325,2.2,2.5,Q2,12/62,Q1,Q1,1.48,67.1,55.0,2377.0,REHABILITATION,REHABILITATION(JIF Q2/JCI Q1),OXFORD UNIV PRESS,Oxford UP,否,SSCI,混合为主,订阅路线通常无APC；可选OA，费用因刊而异,中,https://academic.oup.com/pages/open-research/open-access,https://www.google.com/search?q=Journal+of+Deaf+Studies+and+Deaf+Education+aims+scope+instructions+for+authors+APC
1218,3-Q2,1,Acta Crystallographica Section D-Structural Biology,ACTA CRYSTALLOGR D,2059-7983,2059-7983,4.3,2.9,Q2,3/31,Q1,Q1,1.12,63.9,54.0,19882.0,BIOCHEMISTRY & MOLECULAR BIOLOGY,BIOCHEMISTRY & MOLECULAR BIOLOGY(JIF Q2/JCI Q1),INT UNION CRYSTALLOGRAPHY,其他,是,SCIE,需核实,请查期刊官网 Author / Open Access 页面,未知,,https://www.google.com/search?q=Acta+Crystallographica+Section+D-Structural+Biology+aims+scope+instructions+for+authors+APC
1219,3-Q2,1,RNA Biology,RNA BIOL,1547-6286,1555-8584,4.1,4.1,Q2,130/328,Q3,Q3,0.58,60.5,54.0,7801.0,BIOCHEMISTRY & MOLECULAR BIOLOGY,BIOCHEMISTRY & MOLECULAR BIOLOGY(JIF Q2/JCI Q3),TAYLOR & FRANCIS INC,Taylor & Francis,是,SCIE,混合为主,"订阅路线通常无APC；Open Select常见 USD 2,500-3,500",中,https://authorservices.taylorandfrancis.com/publishing-open-access/,https://www.google.com/search?q=RNA+Biology+aims+scope+instructions+for+authors+APC
1220,3-Q2,1,INTERNATIONAL JOURNAL OF FOOD SCIENCES AND NUTRITION,INT J FOOD SCI NUTR,0963-7486,1465-3478,3.7,3.6,Q2,43/114,Q2,Q2,0.62,62.7,54.0,6236.0,NUTRITION & DIETETICS,NUTRITION & DIETETICS(JIF Q2/JCI Q2),TAYLOR & FRANCIS LTD,Taylor & Francis,是,SCIE,混合为主,"订阅路线通常无APC；Open Select常见 USD 2,500-3,500",中,https://authorservices.taylorandfrancis.com/publishing-open-access/,https://www.google.com/search?q=INTERNATIONAL+JOURNAL+OF+FOOD+SCIENCES+AND+NUTRITION+aims+scope+instructions+for+authors+APC
1221,3-Q2,1,Clocks & Sleep,CLOCKS SLEEP,,2624-5175,3.2,3.0,Q2,117/296,Q3,Q3,0.6,60.6,54.0,870.0,CLINICAL NEUROLOGY; NEUROSCIENCES,CLINICAL NEUROLOGY(JIF Q2/JCI Q3) | NEUROSCIENCES(JIF Q3/JCI Q3),MDPI,MDPI,否,ESCI,全OA,"约 CHF 1,600-2,900（如 JCM=CHF 2,600）",高,https://www.mdpi.com/about/apc,https://www.google.com/search?q=Clocks+&+Sleep+aims+scope+instructions+for+authors+APC
1222,3-Q2,1,ASIAN JOURNAL OF ANDROLOGY,ASIAN J ANDROL,1008-682X,1745-7262,3.0,3.1,Q2,41/134,Q1,Q1,1.09,69.8,54.0,5130.0,ANDROLOGY; UROLOGY & NEPHROLOGY,ANDROLOGY(JIF Q2/JCI Q2) | UROLOGY & NEPHROLOGY(JIF Q2/JCI Q1),WOLTERS KLUWER MEDKNOW PUBLICATIONS,Wolters Kluwer/LWW,是,SCIE,混合为主,"订阅路线通常无APC；OA常见 USD 2,000-4,000；MEDICINE已拉黑",中,https://wkauthorservices.editage.com/open-access/,https://www.google.com/search?q=ASIAN+JOURNAL+OF+ANDROLOGY+aims+scope+instructions+for+authors+APC
1223,3-Q2,1,Cardiovascular Therapeutics,CARDIOVASC THER,1755-5914,1755-5922,2.8,3.2,Q2,101/237,Q2,Q2,0.79,57.6,54.0,1832.0,CARDIAC & CARDIOVASCULAR SYSTEMS; PHARMACOLOGY & PHARMACY,CARDIAC & CARDIOVASCULAR SYSTEMS(JIF Q2/JCI Q2) | PHARMACOLOGY & PHARMACY(JIF Q3/JCI Q2),WILEY,Wiley,是,SCIE,混合为主,"订阅路线通常无APC；OnlineOpen常见 USD 3,200-4,700",中,https://authorservices.wiley.com/author-resources/Journal-Authors/open-access/article-publication-charges.html,https://www.google.com/search?q=Cardiovascular+Therapeutics+aims+scope+instructions+for+authors+APC
1224,3-Q2,1,JOURNAL OF THE NATIONAL MEDICAL ASSOCIATION,J NATL MED ASSOC,0027-9684,1943-4693,2.3,3.0,Q2,99/336,Q2,Q2,0.67,70.7,54.0,3998.0,"MEDICINE, GENERAL & INTERNAL","MEDICINE, GENERAL & INTERNAL(JIF Q2/JCI Q2)",ELSEVIER SCIENCE INC,Elsevier,是,SCIE,混合为主,"订阅路线通常无APC；Gold OA常见 USD 2,200-4,200",中,https://www.elsevier.com/open-access/agreements,https://www.google.com/search?q=JOURNAL+OF+THE+NATIONAL+MEDICAL+ASSOCIATION+aims+scope+instructions+for+authors+APC
1225,3-Q2,1,Science and Innovation,SCI INNOV,2409-9066,2413-4996,1.6,0.9,Q2,69/140,Q4,Q4,0.13,51.1,54.0,330.0,MULTIDISCIPLINARY SCIENCES,MULTIDISCIPLINARY SCIENCES(JIF Q2/JCI Q4),NATL ACAD SCIENCES UKRAINE,其他,否,ESCI,需核实,请查期刊官网 Author / Open Access 页面,未知,,https://www.google.com/search?q=Science+and+Innovation+aims+scope+instructions+for+authors+APC
1226,3-Q2,1,World Journal of Otorhinolaryngology-Head & Neck Surgery,WORLD J OTORHIN-HEAD,2095-8811,2589-1081,1.5,,Q2,33/67,Q3,Q3,0.7,51.5,54.0,865.0,OTORHINOLARYNGOLOGY,OTORHINOLARYNGOLOGY(JIF Q2/JCI Q3),WILEY,Wiley,否,ESCI,混合为主,"订阅路线通常无APC；OnlineOpen常见 USD 3,200-4,700",中,https://authorservices.wiley.com/author-resources/Journal-Authors/open-access/article-publication-charges.html,https://www.google.com/search?q=World+Journal+of+Otorhinolaryngology-Head+&+Neck+Surgery+aims+scope+instructions+for+authors+APC
1227,3-Q2,1,Diabetes & Metabolic Syndrome-Clinical Research & Reviews,DIAB MET SYND CLIN R,1871-4021,1878-0334,4.4,3.8,Q2,59/198,Q2,Q2,0.76,70.5,53.0,7536.0,ENDOCRINOLOGY & METABOLISM,ENDOCRINOLOGY & METABOLISM(JIF Q2/JCI Q2),ELSEVIER SCI LTD,Elsevier,否,ESCI,混合为主,"订阅路线通常无APC；Gold OA常见 USD 2,200-4,200",中,https://www.elsevier.com/open-access/agreements,https://www.google.com/search?q=Diabetes+&+Metabolic+Syndrome-Clinical+Research+&+Reviews+aims+scope+instructions+for+authors+APC
1228,3-Q2,1,Proteomes,PROTEOMES,,2227-7382,4.3,4.4,Q2,119/328,Q3,Q3,0.55,63.9,53.0,1278.0,BIOCHEMISTRY & MOLECULAR BIOLOGY,BIOCHEMISTRY & MOLECULAR BIOLOGY(JIF Q2/JCI Q3),MDPI,MDPI,否,ESCI,全OA,"约 CHF 1,600-2,900（如 JCM=CHF 2,600）",高,https://www.mdpi.com/about/apc,https://www.google.com/search?q=Proteomes+aims+scope+instructions+for+authors+APC
1229,3-Q2,1,VASCULAR PHARMACOLOGY,VASC PHARMACOL,1537-1891,1879-3649,3.7,3.6,Q2,120/356,Q1,Q1,0.98,66.4,53.0,3765.0,PHARMACOLOGY & PHARMACY,PHARMACOLOGY & PHARMACY(JIF Q2/JCI Q1),ELSEVIER SCIENCE INC,Elsevier,是,SCIE,混合为主,"订阅路线通常无APC；Gold OA常见 USD 2,200-4,200",中,https://www.elsevier.com/open-access/agreements,https://www.google.com/search?q=VASCULAR+PHARMACOLOGY+aims+scope+instructions+for+authors+APC
1230,3-Q2,1,Therapeutic Advances in Drug Safety,THER ADV DRUG SAF,2042-0986,2042-0994,3.3,4.2,Q2,149/356,Q2,Q2,0.75,58.3,53.0,1777.0,PHARMACOLOGY & PHARMACY,PHARMACOLOGY & PHARMACY(JIF Q2/JCI Q2),SAGE PUBLICATIONS LTD,SAGE,是,SCIE,混合为主,"订阅路线通常无APC；SAGE Choice常见 USD 2,000-4,000",中,https://us.sagepub.com/en-us/nam/sage-choice,https://www.google.com/search?q=Therapeutic+Advances+in+Drug+Safety+aims+scope+instructions+for+authors+APC
1231,3-Q2,1,Borderline Personality Disorder and Emotion Dysregulation,BORDER PERS DIS EMOT,2051-6673,2051-6673,3.2,4.9,Q2,103/293,Q2,Q2,0.85,65.0,53.0,1318.0,PSYCHIATRY,PSYCHIATRY(JIF Q2/JCI Q2),BMC,BMC,是,SCIE,全OA,"约 USD 1,990-2,890（旗舰刊更高）",高,https://www.biomedcentral.com/getpublished/article-processing-charges,https://www.google.com/search?q=Borderline+Personality+Disorder+and+Emotion+Dysregulation+aims+scope+instructions+for+authors+APC
1232,3-Q2,1,Brazilian Journal of Psychiatry,BRAZ J PSYCHIAT,1516-4446,1809-452X,2.9,4.1,Q2,119/293,Q3,Q3,0.59,59.6,53.0,1763.0,PSYCHIATRY,PSYCHIATRY(JIF Q2/JCI Q3),ASSOC BRASILEIRA PSIQUIATRIA,其他,是,"SCIE, SSCI",需核实,请查期刊官网 Author / Open Access 页面,未知,,https://www.google.com/search?q=Brazilian+Journal+of+Psychiatry+aims+scope+instructions+for+authors+APC
1233,3-Q2,1,Dose-Response,DOSE-RESPONSE,1559-3258,1559-3258,2.8,2.9,Q2,80/217,Q2,Q2,0.69,63.4,53.0,2795.0,"PHARMACOLOGY & PHARMACY; RADIOLOGY, NUCLEAR MEDICINE & MEDICAL IMAGING","PHARMACOLOGY & PHARMACY(JIF Q3/JCI Q2) | RADIOLOGY, NUCLEAR MEDICINE & MEDICAL IMAGING(JIF Q2/JCI Q2)",SAGE PUBLICATIONS INC,SAGE,是,SCIE,混合为主,"订阅路线通常无APC；SAGE Choice常见 USD 2,000-4,000",中,https://us.sagepub.com/en-us/nam/sage-choice,https://www.google.com/search?q=Dose-Response+aims+scope+instructions+for+authors+APC
1234,3-Q2,1,SAR AND QSAR IN ENVIRONMENTAL RESEARCH,SAR QSAR ENVIRON RES,1062-936X,1029-046X,2.8,2.1,Q2,24/67,Q3,Q2,0.59,64.9,53.0,1455.0,MATHEMATICAL & COMPUTATIONAL BIOLOGY; TOXICOLOGY,MATHEMATICAL & COMPUTATIONAL BIOLOGY(JIF Q2/JCI Q3) | TOXICOLOGY(JIF Q3/JCI Q3),TAYLOR & FRANCIS LTD,Taylor & Francis,是,SCIE,混合为主,"订阅路线通常无APC；Open Select常见 USD 2,500-3,500",中,https://authorservices.taylorandfrancis.com/publishing-open-access/,https://www.google.com/search?q=SAR+AND+QSAR+IN+ENVIRONMENTAL+RESEARCH+aims+scope+instructions+for+authors+APC
1235,3-Q2,1,Administration and Policy in Mental Health and Mental Health Services Research,ADM POLICY MENT HLTH,0894-587X,1573-3289,2.6,3.2,Q2,49/125,Q2,Q2,0.94,61.2,53.0,6588.0,"HEALTH POLICY & SERVICES; PUBLIC, ENVIRONMENTAL & OCCUPATIONAL HEALTH","HEALTH POLICY & SERVICES(JIF Q2/JCI Q2) | PUBLIC, ENVIRONMENTAL & OCCUPATIONAL HEALTH(JIF Q2/JCI Q2)",SPRINGER,Springer,否,SSCI,混合为主,"订阅路线通常无APC；选OA约 USD 2,790-4,290",中,https://www.springer.com/gp/open-access,https://www.google.com/search?q=Administration+and+Policy+in+Mental+Health+and+Mental+Health+Services+Research+aims+scope+instructions+for+authors+APC
1236,3-Q2,1,European Endodontic Journal,EUR ENDOD J,2548-0839,2548-0839,2.5,2.8,Q2,58/165,Q2,Q2,0.86,65.2,53.0,761.0,"DENTISTRY, ORAL SURGERY & MEDICINE","DENTISTRY, ORAL SURGERY & MEDICINE(JIF Q2/JCI Q2)",KARE PUBL,其他,否,ESCI,需核实,请查期刊官网 Author / Open Access 页面,未知,,https://www.google.com/search?q=European+Endodontic+Journal+aims+scope+instructions+for+authors+APC
1237,3-Q2,1,TOXICOLOGIC PATHOLOGY,TOXICOL PATHOL,0192-6233,1533-1601,2.4,2.4,Q2,40/89,Q3,Q3,0.64,55.6,53.0,5739.0,PATHOLOGY; TOXICOLOGY,PATHOLOGY(JIF Q2/JCI Q3) | TOXICOLOGY(JIF Q3/JCI Q3),SAGE PUBLICATIONS INC,SAGE,是,SCIE,混合为主,"订阅路线通常无APC；SAGE Choice常见 USD 2,000-4,000",中,https://us.sagepub.com/en-us/nam/sage-choice,https://www.google.com/search?q=TOXICOLOGIC+PATHOLOGY+aims+scope+instructions+for+authors+APC
1238,3-Q2,1,AMERICAN JOURNAL OF NURSING,AM J NURS,0002-936X,1538-7488,2.1,2.4,Q2,78/194,Q3,Q3,0.57,60.1,53.0,3169.0,NURSING,NURSING(JIF Q2/JCI Q3),LIPPINCOTT WILLIAMS & WILKINS,Wolters Kluwer/LWW,是,"SCIE, SSCI",混合为主,"订阅路线通常无APC；OA常见 USD 2,000-4,000；MEDICINE已拉黑",中,https://wkauthorservices.editage.com/open-access/,https://www.google.com/search?q=AMERICAN+JOURNAL+OF+NURSING+aims+scope+instructions+for+authors+APC
1239,3-Q2,1,REHABILITATION PSYCHOLOGY,REHABIL PSYCHOL,0090-5550,1939-1544,2.0,2.7,Q2,69/175,Q3,Q3,0.73,60.9,53.0,2807.0,"PSYCHOLOGY, CLINICAL; REHABILITATION","PSYCHOLOGY, CLINICAL(JIF Q2/JCI Q3) | REHABILITATION(JIF Q2/JCI Q3)",EDUCATIONAL PUBLISHING FOUNDATION-AMERICAN PSYCHOLOGICAL ASSOC,其他,否,SSCI,需核实,请查期刊官网 Author / Open Access 页面,未知,,https://www.google.com/search?q=REHABILITATION+PSYCHOLOGY+aims+scope+instructions+for+authors+APC
1240,3-Q2,1,EUROPEAN JOURNAL OF PEDIATRIC SURGERY,EUR J PEDIATR SURG,0939-7248,1439-359X,1.8,1.8,Q2,90/190,Q2,Q2,0.75,52.9,53.0,2153.0,PEDIATRICS; SURGERY,PEDIATRICS(JIF Q2/JCI Q2) | SURGERY(JIF Q2/JCI Q2),GEORG THIEME VERLAG KG,Thieme,是,SCIE,混合为主,订阅路线通常无APC；OA另计,中低,https://www.thieme.com/en-us/open-access,https://www.google.com/search?q=EUROPEAN+JOURNAL+OF+PEDIATRIC+SURGERY+aims+scope+instructions+for+authors+APC
1241,3-Q2,1,Current Opinion in Biomedical Engineering,CURR OPIN BIOMED ENG,2468-4511,2468-4511,3.8,4.9,Q2,57/130,Q2,Q2,0.75,56.5,52.0,2144.0,"ENGINEERING, BIOMEDICAL","ENGINEERING, BIOMEDICAL(JIF Q2/JCI Q2)",ELSEVIER,Elsevier,是,SCIE,混合为主,"订阅路线通常无APC；Gold OA常见 USD 2,200-4,200",中,https://www.elsevier.com/open-access/agreements,https://www.google.com/search?q=Current+Opinion+in+Biomedical+Engineering+aims+scope+instructions+for+authors+APC
1242,3-Q2,1,Vasa-European Journal of Vascular Medicine,VASA,0301-1526,1664-2872,3.4,2.3,Q2,27/100,Q2,Q2,0.65,73.5,52.0,1220.0,PERIPHERAL VASCULAR DISEASE,PERIPHERAL VASCULAR DISEASE(JIF Q2/JCI Q2),HOGREFE AG-HOGREFE AG SUISSE,其他,是,SCIE,需核实,请查期刊官网 Author / Open Access 页面,未知,,https://www.google.com/search?q=Vasa-European+Journal+of+Vascular+Medicine+aims+scope+instructions+for+authors+APC
1243,3-Q2,1,CRITICAL CARE CLINICS,CRIT CARE CLIN,0749-0704,1557-8232,3.0,4.5,Q2,27/66,Q2,Q2,0.63,59.8,52.0,2996.0,CRITICAL CARE MEDICINE,CRITICAL CARE MEDICINE(JIF Q2/JCI Q2),W B SAUNDERS CO-ELSEVIER INC,Elsevier,是,SCIE,混合为主,"订阅路线通常无APC；Gold OA常见 USD 2,200-4,200",中,https://www.elsevier.com/open-access/agreements,https://www.google.com/search?q=CRITICAL+CARE+CLINICS+aims+scope+instructions+for+authors+APC
1244,3-Q2,1,INTERNATIONAL JOURNAL OF IMMUNOPATHOLOGY AND PHARMACOLOGY,INT J IMMUNOPATH PH,0394-6320,2058-7384,2.8,3.0,Q2,32/89,Q2,Q2,0.8,64.6,52.0,3205.0,IMMUNOLOGY; PATHOLOGY; PHARMACOLOGY & PHARMACY,IMMUNOLOGY(JIF Q3/JCI Q2) | PATHOLOGY(JIF Q2/JCI Q2) | PHARMACOLOGY & PHARMACY(JIF Q3/JCI Q2),SAGE PUBLICATIONS INC,SAGE,是,SCIE,混合为主,"订阅路线通常无APC；SAGE Choice常见 USD 2,000-4,000",中,https://us.sagepub.com/en-us/nam/sage-choice,https://www.google.com/search?q=INTERNATIONAL+JOURNAL+OF+IMMUNOPATHOLOGY+AND+PHARMACOLOGY+aims+scope+instructions+for+authors+APC
1245,3-Q2,1,ACTA HAEMATOLOGICA,ACTA HAEMATOL-BASEL,0001-5792,1421-9662,2.8,2.1,Q2,42/103,Q2,Q2,0.58,59.7,52.0,2158.0,HEMATOLOGY,HEMATOLOGY(JIF Q2/JCI Q2),KARGER,Karger,是,SCIE,混合/OA,"因刊而异，常见 USD 2,500-3,800",中,https://karger.com/pages/Open-Access,https://www.google.com/search?q=ACTA+HAEMATOLOGICA+aims+scope+instructions+for+authors+APC
1246,3-Q2,1,Health Psychology and Behavioral Medicine,HEALTH PSYCHOL BEHAV,2164-2850,2164-2850,2.7,3.5,Q2,60/184,Q2,Q2,0.86,67.7,52.0,1662.0,"PSYCHOLOGY, CLINICAL","PSYCHOLOGY, CLINICAL(JIF Q2/JCI Q2)","ROUTLEDGE JOURNALS, TAYLOR & FRANCIS LTD",Taylor & Francis,否,ESCI,混合为主,"订阅路线通常无APC；Open Select常见 USD 2,500-3,500",中,https://authorservices.taylorandfrancis.com/publishing-open-access/,https://www.google.com/search?q=Health+Psychology+and+Behavioral+Medicine+aims+scope+instructions+for+authors+APC
1247,3-Q2,1,MOLECULAR REPRODUCTION AND DEVELOPMENT,MOL REPROD DEV,1040-452X,1098-2795,2.6,3.2,Q2,13/39,Q3,Q3,0.56,53.4,52.0,5469.0,BIOCHEMISTRY & MOLECULAR BIOLOGY; CELL BIOLOGY; REPRODUCTIVE BIOLOGY,BIOCHEMISTRY & MOLECULAR BIOLOGY(JIF Q3/JCI Q3) | CELL BIOLOGY(JIF Q3/JCI Q3) | REPRODUCTIVE BIOLOGY(JIF Q2/JCI Q4),WILEY,Wiley,是,SCIE,混合为主,"订阅路线通常无APC；OnlineOpen常见 USD 3,200-4,700",中,https://authorservices.wiley.com/author-resources/Journal-Authors/open-access/article-publication-charges.html,https://www.google.com/search?q=MOLECULAR+REPRODUCTION+AND+DEVELOPMENT+aims+scope+instructions+for+authors+APC
1248,3-Q2,1,Research in Sports Medicine,RES SPORTS MED,1543-8627,1543-8635,2.4,2.8,Q2,53/136,Q2,Q2,0.72,61.4,52.0,1791.0,SPORT SCIENCES,SPORT SCIENCES(JIF Q2/JCI Q2),TAYLOR & FRANCIS LTD,Taylor & Francis,是,SCIE,混合为主,"订阅路线通常无APC；Open Select常见 USD 2,500-3,500",中,https://authorservices.taylorandfrancis.com/publishing-open-access/,https://www.google.com/search?q=Research+in+Sports+Medicine+aims+scope+instructions+for+authors+APC
1249,3-Q2,1,Annals of Coloproctology,ANN COLOPROCTOL,2287-9714,2287-9722,2.2,2.1,Q2,116/321,Q2,Q2,0.86,64.0,52.0,1118.0,GASTROENTEROLOGY & HEPATOLOGY; SURGERY,GASTROENTEROLOGY & HEPATOLOGY(JIF Q3/JCI Q2) | SURGERY(JIF Q2/JCI Q2),KOREAN SOC COLOPROCTOLOGY,其他,否,ESCI,需核实,请查期刊官网 Author / Open Access 页面,未知,,https://www.google.com/search?q=Annals+of+Coloproctology+aims+scope+instructions+for+authors+APC
1250,3-Q2,1,International Journal of Fertility & Sterility,INT J FERTIL STERIL,2008-076X,2008-0778,2.2,2.9,Q2,67/143,Q2,Q2,0.79,53.5,52.0,1608.0,OBSTETRICS & GYNECOLOGY,OBSTETRICS & GYNECOLOGY(JIF Q2/JCI Q2),ROYAN INST,其他,否,ESCI,需核实,请查期刊官网 Author / Open Access 页面,未知,,https://www.google.com/search?q=International+Journal+of+Fertility+&+Sterility+aims+scope+instructions+for+authors+APC
1251,3-Q2,1,Journal of Yeungnam Medical Science,J YEUNGNAM MED SCI,,2799-8010,2.0,2.0,Q2,113/336,Q2,Q2,0.41,66.5,52.0,382.0,"MEDICINE, GENERAL & INTERNAL","MEDICINE, GENERAL & INTERNAL(JIF Q2/JCI Q2)","YEUNGNAM UNIV COLL MEDICINE, YEUNGNAM UNIV INST MEDICAL SCIENCE",其他,否,ESCI,需核实,请查期刊官网 Author / Open Access 页面,未知,,https://www.google.com/search?q=Journal+of+Yeungnam+Medical+Science+aims+scope+instructions+for+authors+APC
1252,3-Q2,1,CLINICS IN PLASTIC SURGERY,CLIN PLAST SURG,0094-1298,1558-0504,1.9,2.5,Q2,145/321,Q2,Q2,0.88,55.0,52.0,3130.0,SURGERY,SURGERY(JIF Q2/JCI Q2),W B SAUNDERS CO-ELSEVIER INC,Elsevier,是,SCIE,混合为主,"订阅路线通常无APC；Gold OA常见 USD 2,200-4,200",中,https://www.elsevier.com/open-access/agreements,https://www.google.com/search?q=CLINICS+IN+PLASTIC+SURGERY+aims+scope+instructions+for+authors+APC
1253,3-Q2,1,Annals of Hepato-Biliary-Pancreatic Surgery,ANN HEPATO-BIL-PANCR,2508-5778,2508-5859,1.8,,Q2,157/321,Q2,Q2,0.53,51.2,52.0,680.0,GASTROENTEROLOGY & HEPATOLOGY; SURGERY,GASTROENTEROLOGY & HEPATOLOGY(JIF Q3/JCI Q2) | SURGERY(JIF Q2/JCI Q3),Korean Assoc Hepato-Biliary-Pancreatic Surgery KAHBPS,其他,否,ESCI,需核实,请查期刊官网 Author / Open Access 页面,未知,,https://www.google.com/search?q=Annals+of+Hepato-Biliary-Pancreatic+Surgery+aims+scope+instructions+for+authors+APC
1254,3-Q2,1,Sexes,SEXES,,2411-5118,1.3,1.5,Q2,113/275,Q2,Q2,0.52,52.5,52.0,298.0,"MEDICINE, GENERAL & INTERNAL","MEDICINE, GENERAL & INTERNAL(JIF Q2/JCI Q2)",MDPI,MDPI,否,ESCI,全OA,"约 CHF 1,600-2,900（如 JCM=CHF 2,600）",高,https://www.mdpi.com/about/apc,https://www.google.com/search?q=Sexes+aims+scope+instructions+for+authors+APC
1255,3-Q2,1,ACM Transactions on Computing for Healthcare,ACM T COMPUT HEALTHC,2691-1957,2637-8051,4.0,6.9,Q2,76/185,Q1,Q1,1.56,54.6,51.0,1175.0,MEDICAL INFORMATICS,MEDICAL INFORMATICS(JIF Q2/JCI Q1),ASSOC COMPUTING MACHINERY,其他,否,ESCI,需核实,请查期刊官网 Author / Open Access 页面,未知,,https://www.google.com/search?q=ACM+Transactions+on+Computing+for+Healthcare+aims+scope+instructions+for+authors+APC
1256,3-Q2,1,Epigenetics,EPIGENETICS-US,1559-2294,1559-2308,3.7,3.7,Q2,60/192,Q2,Q2,0.81,69.0,51.0,5878.0,BIOCHEMISTRY & MOLECULAR BIOLOGY; GENETICS & HEREDITY,BIOCHEMISTRY & MOLECULAR BIOLOGY(JIF Q2/JCI Q2) | GENETICS & HEREDITY(JIF Q2/JCI Q2),TAYLOR & FRANCIS INC,Taylor & Francis,是,SCIE,混合为主,"订阅路线通常无APC；Open Select常见 USD 2,500-3,500",中,https://authorservices.taylorandfrancis.com/publishing-open-access/,https://www.google.com/search?q=Epigenetics+aims+scope+instructions+for+authors+APC
1257,3-Q2,1,DERMATOLOGIC CLINICS,DERMATOL CLIN,0733-8635,1558-0520,3.4,2.7,Q2,25/99,Q1,Q1,1.13,75.3,51.0,3055.0,DERMATOLOGY,DERMATOLOGY(JIF Q2/JCI Q1),W B SAUNDERS CO-ELSEVIER INC,Elsevier,是,SCIE,混合为主,"订阅路线通常无APC；Gold OA常见 USD 2,200-4,200",中,https://www.elsevier.com/open-access/agreements,https://www.google.com/search?q=DERMATOLOGIC+CLINICS+aims+scope+instructions+for+authors+APC
1258,3-Q2,1,INTERNATIONAL JOURNAL OF MEDICAL MICROBIOLOGY,INT J MED MICROBIOL,1438-4221,1618-0607,3.2,4.0,Q2,21/44,Q2,Q2,0.91,53.4,51.0,4252.0,MICROBIOLOGY; VIROLOGY,MICROBIOLOGY(JIF Q3/JCI Q2) | VIROLOGY(JIF Q2/JCI Q2),ELSEVIER GMBH,Elsevier,是,SCIE,混合为主,"订阅路线通常无APC；Gold OA常见 USD 2,200-4,200",中,https://www.elsevier.com/open-access/agreements,https://www.google.com/search?q=INTERNATIONAL+JOURNAL+OF+MEDICAL+MICROBIOLOGY+aims+scope+instructions+for+authors+APC
1259,3-Q2,1,Neurologia i Neurochirurgia Polska,NEUROL NEUROCHIR POL,0028-3843,1897-4260,3.2,2.5,Q2,117/296,Q2,Q2,0.75,60.6,51.0,1559.0,CLINICAL NEUROLOGY,CLINICAL NEUROLOGY(JIF Q2/JCI Q2),VIA MEDICA,其他,是,SCIE,需核实,请查期刊官网 Author / Open Access 页面,未知,,https://www.google.com/search?q=Neurologia+i+Neurochirurgia+Polska+aims+scope+instructions+for+authors+APC
1260,3-Q2,1,Seminars in Ophthalmology,SEMIN OPHTHALMOL,0882-0538,1744-5205,3.1,2.6,Q2,25/98,Q2,Q2,0.75,75.0,51.0,3218.0,OPHTHALMOLOGY,OPHTHALMOLOGY(JIF Q2/JCI Q2),TAYLOR & FRANCIS INC,Taylor & Francis,是,SCIE,混合为主,"订阅路线通常无APC；Open Select常见 USD 2,500-3,500",中,https://authorservices.taylorandfrancis.com/publishing-open-access/,https://www.google.com/search?q=Seminars+in+Ophthalmology+aims+scope+instructions+for+authors+APC
1261,3-Q2,1,Translational Journal of the American College of Sports Medicine,TRANSL J AM COLL SPO,,2379-2868,3.0,1.8,Q2,38/136,Q2,Q2,0.77,72.4,51.0,448.0,SPORT SCIENCES,SPORT SCIENCES(JIF Q2/JCI Q2),LIPPINCOTT WILLIAMS & WILKINS,Wolters Kluwer/LWW,否,ESCI,混合为主,"订阅路线通常无APC；OA常见 USD 2,000-4,000；MEDICINE已拉黑",中,https://wkauthorservices.editage.com/open-access/,https://www.google.com/search?q=Translational+Journal+of+the+American+College+of+Sports+Medicine+aims+scope+instructions+for+authors+APC
1262,3-Q2,1,QUEST,QUEST,0033-6297,1543-2750,2.2,2.6,Q2,215/760,Q2,Q2,0.73,54.0,51.0,2224.0,SPORT SCIENCES,SPORT SCIENCES(JIF Q2/JCI Q2),"ROUTLEDGE JOURNALS, TAYLOR & FRANCIS LTD",Taylor & Francis,是,SSCI; SCIE,混合为主,"订阅路线通常无APC；Open Select常见 USD 2,500-3,500",中,https://authorservices.taylorandfrancis.com/publishing-open-access/,https://www.google.com/search?q=QUEST+aims+scope+instructions+for+authors+APC
1263,3-Q2,1,European Journal of Obstetrics & Gynecology and Reproductive Biology-X,EUR J OBST GYN R B-X,2590-1613,2590-1613,2.1,2.2,Q2,70/143,Q2,Q2,0.73,51.4,51.0,571.0,OBSTETRICS & GYNECOLOGY; REPRODUCTIVE BIOLOGY,OBSTETRICS & GYNECOLOGY(JIF Q2/JCI Q2) | REPRODUCTIVE BIOLOGY(JIF Q3/JCI Q3),ELSEVIER,Elsevier,否,ESCI,混合为主,"订阅路线通常无APC；Gold OA常见 USD 2,200-4,200",中,https://www.elsevier.com/open-access/agreements,https://www.google.com/search?q=European+Journal+of+Obstetrics+&+Gynecology+and+Reproductive+Biology-X+aims+scope+instructions+for+authors+APC
1264,3-Q2,1,Scandinavian Journal of Occupational Therapy,SCAND J OCCUP THER,1103-8128,1651-2014,1.7,2.6,Q2,87/175,Q3,Q3,0.71,50.6,51.0,2088.0,REHABILITATION,REHABILITATION(JIF Q2/JCI Q3),SPRINGERNATURE,Springer Nature,是,"SCIE, SSCI",混合/全OA,"全OA约 USD 2,090-3,490；Nature系更高；Scientific Reports已拉黑",中高,https://www.springernature.com/gp/open-research/journals-books/journals,https://www.google.com/search?q=Scandinavian+Journal+of+Occupational+Therapy+aims+scope+instructions+for+authors+APC
1265,3-Q2,1,Indian Journal of Dermatology Venereology & Leprology,INDIAN J DERMATOL VE,0378-6323,0973-3922,3.4,3.3,Q2,25/99,Q2,Q2,0.79,75.3,50.0,3354.0,DERMATOLOGY,DERMATOLOGY(JIF Q2/JCI Q2),SCIENTIFIC SCHOLAR LLC,其他,是,SCIE,需核实,请查期刊官网 Author / Open Access 页面,未知,,https://www.google.com/search?q=Indian+Journal+of+Dermatology+Venereology+&+Leprology+aims+scope+instructions+for+authors+APC
1266,3-Q2,1,Expert Review of Respiratory Medicine,EXPERT REV RESP MED,1747-6348,1747-6356,3.3,3.4,Q2,39/107,Q2,Q2,0.65,64.0,50.0,3544.0,RESPIRATORY SYSTEM,RESPIRATORY SYSTEM(JIF Q2/JCI Q2),TAYLOR & FRANCIS LTD,Taylor & Francis,是,SCIE,混合为主,"订阅路线通常无APC；Open Select常见 USD 2,500-3,500",中,https://authorservices.taylorandfrancis.com/publishing-open-access/,https://www.google.com/search?q=Expert+Review+of+Respiratory+Medicine+aims+scope+instructions+for+authors+APC
1267,3-Q2,1,Sleep Medicine Clinics,SLEEP MED CLIN,1556-407X,1556-4088,2.9,5.0,Q2,139/296,Q1,Q1,1.28,53.2,50.0,2854.0,CLINICAL NEUROLOGY,CLINICAL NEUROLOGY(JIF Q2/JCI Q1),ELSEVIER INC,Elsevier,否,ESCI,混合为主,"订阅路线通常无APC；Gold OA常见 USD 2,200-4,200",中,https://www.elsevier.com/open-access/agreements,https://www.google.com/search?q=Sleep+Medicine+Clinics+aims+scope+instructions+for+authors+APC
1268,3-Q2,1,High Blood Pressure & Cardiovascular Prevention,HIGH BLOOD PRESS CAR,1120-9879,1179-1985,2.9,2.8,Q2,43/100,Q3,Q3,0.57,57.5,50.0,1227.0,PERIPHERAL VASCULAR DISEASE,PERIPHERAL VASCULAR DISEASE(JIF Q2/JCI Q3),ADIS INT LTD,其他,否,ESCI,需核实,请查期刊官网 Author / Open Access 页面,未知,,https://www.google.com/search?q=High+Blood+Pressure+&+Cardiovascular+Prevention+aims+scope+instructions+for+authors+APC
1269,3-Q2,1,Frontiers in Epidemiology,FRONT EPIDEMIOL,,2674-1199,2.9,2.9,Q2,139/443,Q3,Q3,0.55,68.7,50.0,566.0,"PUBLIC, ENVIRONMENTAL & OCCUPATIONAL HEALTH","PUBLIC, ENVIRONMENTAL & OCCUPATIONAL HEALTH(JIF Q2/JCI Q3)",FRONTIERS MEDIA SA,Frontiers,否,ESCI,全OA,"约 CHF 1,495-3,150（Frontiers in Medicine A类=CHF 3,150）",高,https://www.frontiersin.org/about/fee-policy,https://www.google.com/search?q=Frontiers+in+Epidemiology+aims+scope+instructions+for+authors+APC
1270,3-Q2,1,CURRENT OPINION IN GASTROENTEROLOGY,CURR OPIN GASTROEN,0267-1379,1531-7056,2.8,2.8,Q2,73/153,Q3,Q3,0.5,52.6,50.0,3161.0,GASTROENTEROLOGY & HEPATOLOGY,GASTROENTEROLOGY & HEPATOLOGY(JIF Q2/JCI Q3),LIPPINCOTT WILLIAMS & WILKINS,Wolters Kluwer/LWW,是,SCIE,混合为主,"订阅路线通常无APC；OA常见 USD 2,000-4,000；MEDICINE已拉黑",中,https://wkauthorservices.editage.com/open-access/,https://www.google.com/search?q=CURRENT+OPINION+IN+GASTROENTEROLOGY+aims+scope+instructions+for+authors+APC
1271,3-Q2,1,Asia Pacific Allergy,ASIA PAC ALLERGY,2233-8276,2233-8268,2.8,1.9,Q2,20/40,Q3,Q3,0.47,51.2,50.0,735.0,ALLERGY,ALLERGY(JIF Q2/JCI Q3),LIPPINCOTT WILLIAMS & WILKINS,Wolters Kluwer/LWW,否,ESCI,混合为主,"订阅路线通常无APC；OA常见 USD 2,000-4,000；MEDICINE已拉黑",中,https://wkauthorservices.editage.com/open-access/,https://www.google.com/search?q=Asia+Pacific+Allergy+aims+scope+instructions+for+authors+APC
1272,3-Q2,1,International Journal of Population Data Science (IJPDS),INT J POPUL DATA SCI,,2399-4908,2.7,2.8,Q2,40/275,Q3,Q2,0.55,64.0,50.0,944.0,"HEALTH CARE SCIENCES & SERVICES; PUBLIC, ENVIRONMENTAL & OCCUPATIONAL HEALTH","HEALTH CARE SCIENCES & SERVICES(JIF Q2/JCI Q3) | PUBLIC, ENVIRONMENTAL & OCCUPATIONAL HEALTH(JIF Q2/JCI Q3)",SWANSEA UNIV,其他,否,ESCI,需核实,请查期刊官网 Author / Open Access 页面,未知,,https://www.google.com/search?q=International+Journal+of+Population+Data+Science+(IJPDS)+aims+scope+instructions+for+authors+APC
1273,3-Q2,1,WOMENS HEALTH ISSUES,WOMEN HEALTH ISS,1049-3867,1878-4321,2.6,3.5,Q2,8/71,Q1,Q1,1.17,61.1,50.0,3470.0,"PUBLIC, ENVIRONMENTAL & OCCUPATIONAL HEALTH","PUBLIC, ENVIRONMENTAL & OCCUPATIONAL HEALTH(JIF Q2/JCI Q1)",ELSEVIER SCIENCE INC,Elsevier,否,SSCI,混合为主,"订阅路线通常无APC；Gold OA常见 USD 2,200-4,200",中,https://www.elsevier.com/open-access/agreements,https://www.google.com/search?q=WOMENS+HEALTH+ISSUES+aims+scope+instructions+for+authors+APC
1274,3-Q2,1,Infection Prevention in Practice,INFECT PREV PRACT,2590-0889,2590-0889,2.6,2.4,Q2,173/443,Q3,Q3,0.58,61.1,50.0,781.0,"INFECTIOUS DISEASES; PUBLIC, ENVIRONMENTAL & OCCUPATIONAL HEALTH","INFECTIOUS DISEASES(JIF Q3/JCI Q3) | PUBLIC, ENVIRONMENTAL & OCCUPATIONAL HEALTH(JIF Q2/JCI Q3)",ELSEVIER,Elsevier,否,ESCI,混合为主,"订阅路线通常无APC；Gold OA常见 USD 2,200-4,200",中,https://www.elsevier.com/open-access/agreements,https://www.google.com/search?q=Infection+Prevention+in+Practice+aims+scope+instructions+for+authors+APC
1275,3-Q2,1,ACADEMIC PSYCHIATRY,ACAD PSYCHIATR,1042-9670,1545-7230,2.6,2.5,Q2,168/760,Q3,Q3,0.53,52.7,50.0,2776.0,PSYCHIATRY,PSYCHIATRY(JIF Q2/JCI Q3),SPRINGER,Springer,否,SSCI,混合为主,"订阅路线通常无APC；选OA约 USD 2,790-4,290",中,https://www.springer.com/gp/open-access,https://www.google.com/search?q=ACADEMIC+PSYCHIATRY+aims+scope+instructions+for+authors+APC
1276,3-Q2,1,Clinics in Shoulder and Elbow,CLIN SHOULDER ELB,2383-8337,2288-8721,2.5,,Q2,47/147,Q2,Q2,0.94,68.4,50.0,654.0,ORTHOPEDICS,ORTHOPEDICS(JIF Q2/JCI Q2),Korean Shoulder and Elbow Soc,其他,否,ESCI,需核实,请查期刊官网 Author / Open Access 页面,未知,,https://www.google.com/search?q=Clinics+in+Shoulder+and+Elbow+aims+scope+instructions+for+authors+APC
1277,3-Q2,1,UROLOGIC CLINICS OF NORTH AMERICA,UROL CLIN N AM,0094-0143,1558-318X,2.5,2.7,Q2,54/134,Q2,Q2,0.85,60.1,50.0,2281.0,UROLOGY & NEPHROLOGY,UROLOGY & NEPHROLOGY(JIF Q2/JCI Q2),W B SAUNDERS CO-ELSEVIER INC,Elsevier,是,SCIE,混合为主,"订阅路线通常无APC；Gold OA常见 USD 2,200-4,200",中,https://www.elsevier.com/open-access/agreements,https://www.google.com/search?q=UROLOGIC+CLINICS+OF+NORTH+AMERICA+aims+scope+instructions+for+authors+APC
1278,3-Q2,1,Journal of Health Economics and Outcomes Research,J HEALTH ECON OUTCOM,2327-2236,2327-2236,2.5,,Q2,185/626,Q3,Q2,0.67,57.2,50.0,477.0,HEALTH CARE SCIENCES & SERVICES; HEALTH POLICY & SERVICES,HEALTH CARE SCIENCES & SERVICES(JIF Q2/JCI Q3) | HEALTH POLICY & SERVICES(JIF Q2/JCI Q3),"COLUMBIA DATA ANALYTICS, LLC",其他,否,ESCI,需核实,请查期刊官网 Author / Open Access 页面,未知,,https://www.google.com/search?q=Journal+of+Health+Economics+and+Outcomes+Research+aims+scope+instructions+for+authors+APC
1279,3-Q2,1,SICOT-J,SICOT-J,2426-8887,2426-8887,2.4,2.6,Q2,53/147,Q2,Q2,0.89,64.3,50.0,1144.0,ORTHOPEDICS,ORTHOPEDICS(JIF Q2/JCI Q2),EDP SCIENCES S A,其他,否,ESCI,需核实,请查期刊官网 Author / Open Access 页面,未知,,https://www.google.com/search?q=SICOT-J+aims+scope+instructions+for+authors+APC
1280,3-Q2,1,Revista da Sociedade Brasileira de Medicina Tropical,REV SOC BRAS MED TRO,0037-8682,,2.4,2.0,Q2,19/47,Q3,Q3,0.53,60.6,50.0,3406.0,PARASITOLOGY; TROPICAL MEDICINE,PARASITOLOGY(JIF Q2/JCI Q3) | TROPICAL MEDICINE(JIF Q2/JCI Q3),SOC BRASILEIRA MEDICINA TROPICAL,其他,是,SCIE,需核实,请查期刊官网 Author / Open Access 页面,未知,,https://www.google.com/search?q=Revista+da+Sociedade+Brasileira+de+Medicina+Tropical+aims+scope+instructions+for+authors+APC
1281,3-Q2,1,Global Health & Medicine,GLOB HLTH MED-JPN,2434-9186,2434-9194,2.3,2.0,Q2,209/443,Q3,Q3,0.46,52.9,50.0,721.0,"PUBLIC, ENVIRONMENTAL & OCCUPATIONAL HEALTH","PUBLIC, ENVIRONMENTAL & OCCUPATIONAL HEALTH(JIF Q2/JCI Q3)",Natl Ctr Global Health and Medicine - NCGM,其他,否,ESCI,需核实,请查期刊官网 Author / Open Access 页面,未知,,https://www.google.com/search?q=Global+Health+&+Medicine+aims+scope+instructions+for+authors+APC
1282,3-Q2,1,Applied Research,APPL RES-GER,2702-4288,2702-4288,2.0,2.0,Q2,63/140,Q3,Q3,0.29,55.4,50.0,424.0,MULTIDISCIPLINARY SCIENCES,MULTIDISCIPLINARY SCIENCES(JIF Q2/JCI Q3),WILEY-V C H VERLAG GMBH,Wiley,否,ESCI,混合为主,"订阅路线通常无APC；OnlineOpen常见 USD 3,200-4,700",中,https://authorservices.wiley.com/author-resources/Journal-Authors/open-access/article-publication-charges.html,https://www.google.com/search?q=Applied+Research+aims+scope+instructions+for+authors+APC
1283,3-Q2,0,ENDOCRINOLOGY AND METABOLISM CLINICS OF NORTH AMERICA,ENDOCRIN METAB CLIN,0889-8529,1558-4410,4.6,6.5,Q2,55/198,Q1,Q1,1.03,72.5,49.0,5025.0,ENDOCRINOLOGY & METABOLISM,ENDOCRINOLOGY & METABOLISM(JIF Q2/JCI Q1),W B SAUNDERS CO-ELSEVIER INC,Elsevier,是,SCIE,混合为主,"订阅路线通常无APC；Gold OA常见 USD 2,200-4,200",中,https://www.elsevier.com/open-access/agreements,https://www.google.com/search?q=ENDOCRINOLOGY+AND+METABOLISM+CLINICS+OF+NORTH+AMERICA+aims+scope+instructions+for+authors+APC
1284,3-Q2,0,Journal of Nutrition and Metabolism,J NUTR METAB,2090-0724,2090-0732,4.0,3.4,Q2,37/114,Q3,Q3,0.52,68.0,49.0,2216.0,NUTRITION & DIETETICS,NUTRITION & DIETETICS(JIF Q2/JCI Q3),WILEY,Wiley,否,ESCI,混合为主,"订阅路线通常无APC；OnlineOpen常见 USD 3,200-4,700",中,https://authorservices.wiley.com/author-resources/Journal-Authors/open-access/article-publication-charges.html,https://www.google.com/search?q=Journal+of+Nutrition+and+Metabolism+aims+scope+instructions+for+authors+APC
1285,3-Q2,0,NITRIC OXIDE-BIOLOGY AND CHEMISTRY,NITRIC OXIDE-BIOL CH,1089-8603,1089-8611,3.8,3.6,Q2,149/328,Q2,Q2,0.66,54.7,49.0,4585.0,BIOCHEMISTRY & MOLECULAR BIOLOGY; CELL BIOLOGY,BIOCHEMISTRY & MOLECULAR BIOLOGY(JIF Q2/JCI Q2) | CELL BIOLOGY(JIF Q3/JCI Q2),ACADEMIC PRESS INC ELSEVIER SCIENCE,Elsevier,是,SCIE,混合为主,"订阅路线通常无APC；Gold OA常见 USD 2,200-4,200",中,https://www.elsevier.com/open-access/agreements,https://www.google.com/search?q=NITRIC+OXIDE-BIOLOGY+AND+CHEMISTRY+aims+scope+instructions+for+authors+APC
1286,3-Q2,0,JOURNAL OF TELEMEDICINE AND TELECARE,J TELEMED TELECARE,1357-633X,1758-1109,3.3,4.0,Q2,63/194,Q2,Q2,0.94,67.8,49.0,5263.0,HEALTH CARE SCIENCES & SERVICES,HEALTH CARE SCIENCES & SERVICES(JIF Q2/JCI Q2),SAGE PUBLICATIONS LTD,SAGE,是,SCIE,混合为主,"订阅路线通常无APC；SAGE Choice常见 USD 2,000-4,000",中,https://us.sagepub.com/en-us/nam/sage-choice,https://www.google.com/search?q=JOURNAL+OF+TELEMEDICINE+AND+TELECARE+aims+scope+instructions+for+authors+APC
1287,3-Q2,0,Hellenic Journal of Cardiology,HELL J CARDIOL,1109-9666,2241-5955,3.2,3.0,Q2,86/237,Q2,Q2,0.64,63.9,49.0,1377.0,CARDIAC & CARDIOVASCULAR SYSTEMS,CARDIAC & CARDIOVASCULAR SYSTEMS(JIF Q2/JCI Q2),ELSEVIER,Elsevier,是,SCIE,混合为主,"订阅路线通常无APC；Gold OA常见 USD 2,200-4,200",中,https://www.elsevier.com/open-access/agreements,https://www.google.com/search?q=Hellenic+Journal+of+Cardiology+aims+scope+instructions+for+authors+APC
1288,3-Q2,0,Advances in Kidney Disease and Health,ADV KIDNEY DIS HEAL,2949-8147,2949-8139,3.1,3.1,Q2,38/134,Q1,Q1,1.06,72.0,49.0,350.0,UROLOGY & NEPHROLOGY,UROLOGY & NEPHROLOGY(JIF Q2/JCI Q1),W B SAUNDERS CO-ELSEVIER INC,Elsevier,是,SCIE,混合为主,"订阅路线通常无APC；Gold OA常见 USD 2,200-4,200",中,https://www.elsevier.com/open-access/agreements,https://www.google.com/search?q=Advances+in+Kidney+Disease+and+Health+aims+scope+instructions+for+authors+APC
1289,3-Q2,0,Computational Toxicology,COMPUT TOXICOL,2468-1113,2468-1113,3.1,,Q2,52/106,Q2,Q2,0.85,51.4,49.0,1020.0,TOXICOLOGY,TOXICOLOGY(JIF Q2/JCI Q2),ELSEVIER,Elsevier,否,ESCI,混合为主,"订阅路线通常无APC；Gold OA常见 USD 2,200-4,200",中,https://www.elsevier.com/open-access/agreements,https://www.google.com/search?q=Computational+Toxicology+aims+scope+instructions+for+authors+APC
1290,3-Q2,0,Journal of Cardiopulmonary Rehabilitation and Prevention,J CARDIOPULM REHABIL,1932-7501,1932-751X,2.9,3.0,Q2,95/237,Q2,Q2,0.64,60.1,49.0,2663.0,CARDIAC & CARDIOVASCULAR SYSTEMS,CARDIAC & CARDIOVASCULAR SYSTEMS(JIF Q2/JCI Q2),LIPPINCOTT WILLIAMS & WILKINS,Wolters Kluwer/LWW,是,SCIE,混合为主,"订阅路线通常无APC；OA常见 USD 2,000-4,000；MEDICINE已拉黑",中,https://wkauthorservices.editage.com/open-access/,https://www.google.com/search?q=Journal+of+Cardiopulmonary+Rehabilitation+and+Prevention+aims+scope+instructions+for+authors+APC
1291,3-Q2,0,Therapeutic Advances in Hematology,THER ADV HEMATOL,2040-6207,2040-6215,2.8,2.9,Q2,42/103,Q2,Q2,0.58,59.7,49.0,1329.0,HEMATOLOGY,HEMATOLOGY(JIF Q2/JCI Q2),SAGE PUBLICATIONS LTD,SAGE,是,SCIE,混合为主,"订阅路线通常无APC；SAGE Choice常见 USD 2,000-4,000",中,https://us.sagepub.com/en-us/nam/sage-choice,https://www.google.com/search?q=Therapeutic+Advances+in+Hematology+aims+scope+instructions+for+authors+APC
1292,3-Q2,0,Forensic Sciences Research,FOREN SCI RES,2096-1790,2471-1411,2.1,2.1,Q2,8/24,Q2,Q2,0.87,68.8,49.0,1036.0,"MEDICINE, LEGAL","MEDICINE, LEGAL(JIF Q2/JCI Q2)",OXFORD UNIV PRESS,Oxford UP,否,ESCI,混合为主,订阅路线通常无APC；可选OA，费用因刊而异,中,https://academic.oup.com/pages/open-research/open-access,https://www.google.com/search?q=Forensic+Sciences+Research+aims+scope+instructions+for+authors+APC
1293,3-Q2,0,Journal of Manual & Manipulative Therapy,J MAN MANIP THER,1066-9817,2042-6186,2.1,2.4,Q2,66/175,Q2,Q2,0.81,62.6,49.0,1729.0,REHABILITATION,REHABILITATION(JIF Q2/JCI Q2),"ROUTLEDGE JOURNALS, TAYLOR & FRANCIS LTD",Taylor & Francis,否,ESCI,混合为主,"订阅路线通常无APC；Open Select常见 USD 2,500-3,500",中,https://authorservices.taylorandfrancis.com/publishing-open-access/,https://www.google.com/search?q=Journal+of+Manual+&+Manipulative+Therapy+aims+scope+instructions+for+authors+APC
1294,3-Q2,0,PLANTA MEDICA,PLANTA MED,0032-0943,1439-0221,2.1,2.6,Q2,131/285,Q2,Q2,0.47,51.0,49.0,12125.0,"CHEMISTRY, MEDICINAL; INTEGRATIVE & COMPLEMENTARY MEDICINE; PHARMACOLOGY & PHARMACY","CHEMISTRY, MEDICINAL(JIF Q4/JCI Q3) | INTEGRATIVE & COMPLEMENTARY MEDICINE(JIF Q2/JCI Q2) | PHARMACOLOGY & PHARMACY(JIF Q3/JCI Q3)",GEORG THIEME VERLAG KG,Thieme,是,SCIE,混合为主,订阅路线通常无APC；OA另计,中低,https://www.thieme.com/en-us/open-access,https://www.google.com/search?q=PLANTA+MEDICA+aims+scope+instructions+for+authors+APC
1295,3-Q2,0,JOURNAL OF CHILD AND ADOLESCENT PSYCHOPHARMACOLOGY,J CHILD ADOL PSYCHOP,1044-5463,1557-8992,1.8,1.9,Q2,90/190,Q2,Q2,0.72,52.9,49.0,3057.0,PEDIATRICS; PHARMACOLOGY & PHARMACY; PSYCHIATRY,PEDIATRICS(JIF Q2/JCI Q2) | PHARMACOLOGY & PHARMACY(JIF Q3/JCI Q2) | PSYCHIATRY(JIF Q3/JCI Q2),SAGE PUBLICATIONS INC,SAGE,是,SCIE,混合为主,"订阅路线通常无APC；SAGE Choice常见 USD 2,000-4,000",中,https://us.sagepub.com/en-us/nam/sage-choice,https://www.google.com/search?q=JOURNAL+OF+CHILD+AND+ADOLESCENT+PSYCHOPHARMACOLOGY+aims+scope+instructions+for+authors+APC
1296,3-Q2,0,CELL CALCIUM,CELL CALCIUM,0143-4160,1532-1991,4.9,4.6,Q2,12/89,Q1,Q1,1.08,62.6,48.0,5847.0,CELL BIOLOGY,CELL BIOLOGY(JIF Q2/JCI Q1),ELSEVIER SCI LTD,Elsevier,是,SCIE,混合为主,"订阅路线通常无APC；Gold OA常见 USD 2,200-4,200",中,https://www.elsevier.com/open-access/agreements,https://www.google.com/search?q=CELL+CALCIUM+aims+scope+instructions+for+authors+APC
1297,3-Q2,0,NAR Cancer,NAR CANCER,2632-8674,2632-8674,4.6,4.7,Q2,97/328,Q2,Q2,0.81,70.6,48.0,1159.0,BIOCHEMISTRY & MOLECULAR BIOLOGY; ONCOLOGY,BIOCHEMISTRY & MOLECULAR BIOLOGY(JIF Q2/JCI Q2) | ONCOLOGY(JIF Q2/JCI Q2),OXFORD UNIV PRESS,Oxford UP,否,ESCI,混合为主,订阅路线通常无APC；可选OA，费用因刊而异,中,https://academic.oup.com/pages/open-research/open-access,https://www.google.com/search?q=NAR+Cancer+aims+scope+instructions+for+authors+APC
1298,3-Q2,0,IEEE Journal of Translational Engineering in Health and Medicine,IEEE J TRANSL ENG HE,2168-2372,2168-2372,3.9,4.4,Q2,55/130,Q2,Q2,0.86,58.1,48.0,1897.0,"ENGINEERING, BIOMEDICAL","ENGINEERING, BIOMEDICAL(JIF Q2/JCI Q2)",IEEE-INST ELECTRICAL ELECTRONICS ENGINEERS INC,IEEE,是,SCIE,混合/OA,因刊而异,中,https://open.ieee.org/,https://www.google.com/search?q=IEEE+Journal+of+Translational+Engineering+in+Health+and+Medicine+aims+scope+instructions+for+authors+APC
1299,3-Q2,0,Frontiers in Clinical Diabetes and Healthcare,FRONT CLIN DIABETES,,2673-6616,3.5,3.1,Q2,87/198,Q3,Q3,0.47,56.3,48.0,666.0,ENDOCRINOLOGY & METABOLISM,ENDOCRINOLOGY & METABOLISM(JIF Q2/JCI Q3),FRONTIERS MEDIA SA,Frontiers,否,ESCI,全OA,"约 CHF 1,495-3,150（Frontiers in Medicine A类=CHF 3,150）",高,https://www.frontiersin.org/about/fee-policy,https://www.google.com/search?q=Frontiers+in+Clinical+Diabetes+and+Healthcare+aims+scope+instructions+for+authors+APC
1300,3-Q2,0,Therapeutic Delivery,THER DELIV,2041-5990,2041-6008,3.4,3.5,Q2,143/356,Q3,Q3,0.63,60.0,48.0,2860.0,PHARMACOLOGY & PHARMACY,PHARMACOLOGY & PHARMACY(JIF Q2/JCI Q3),TAYLOR & FRANCIS LTD,Taylor & Francis,否,ESCI,混合为主,"订阅路线通常无APC；Open Select常见 USD 2,500-3,500",中,https://authorservices.taylorandfrancis.com/publishing-open-access/,https://www.google.com/search?q=Therapeutic+Delivery+aims+scope+instructions+for+authors+APC
1301,3-Q2,0,Archives of Womens Mental Health,ARCH WOMEN MENT HLTH,1434-1816,1435-1102,3.2,4.1,Q2,103/293,Q2,Q2,0.78,65.0,48.0,5897.0,PSYCHIATRY,PSYCHIATRY(JIF Q2/JCI Q2),SPRINGER WIEN,Springer,是,SCIE,混合为主,"订阅路线通常无APC；选OA约 USD 2,790-4,290",中,https://www.springer.com/gp/open-access,https://www.google.com/search?q=Archives+of+Womens+Mental+Health+aims+scope+instructions+for+authors+APC
1302,3-Q2,0,JOURNAL OF GENE MEDICINE,J GENE MED,1099-498X,1521-2254,3.0,2.7,Q2,80/192,Q2,Q2,0.62,58.6,48.0,2785.0,"BIOTECHNOLOGY & APPLIED MICROBIOLOGY; GENETICS & HEREDITY; MEDICINE, RESEARCH & EXPERIMENTAL","BIOTECHNOLOGY & APPLIED MICROBIOLOGY(JIF Q3/JCI Q3) | GENETICS & HEREDITY(JIF Q2/JCI Q3) | MEDICINE, RESEARCH & EXPERIMENTAL(JIF Q3/JCI Q2)",WILEY,Wiley,是,SCIE,混合为主,"订阅路线通常无APC；OnlineOpen常见 USD 3,200-4,700",中,https://authorservices.wiley.com/author-resources/Journal-Authors/open-access/article-publication-charges.html,https://www.google.com/search?q=JOURNAL+OF+GENE+MEDICINE+aims+scope+instructions+for+authors+APC
1303,3-Q2,0,Clinics in Liver Disease,CLIN LIVER DIS,1089-3261,1557-8224,2.9,3.9,Q2,70/153,Q2,Q2,0.79,54.6,48.0,3196.0,GASTROENTEROLOGY & HEPATOLOGY,GASTROENTEROLOGY & HEPATOLOGY(JIF Q2/JCI Q2),W B SAUNDERS CO-ELSEVIER INC,Elsevier,是,SCIE,混合为主,"订阅路线通常无APC；Gold OA常见 USD 2,200-4,200",中,https://www.elsevier.com/open-access/agreements,https://www.google.com/search?q=Clinics+in+Liver+Disease+aims+scope+instructions+for+authors+APC
1304,3-Q2,0,JMIR Diabetes,JMIR DIABETES,2371-4379,2371-4379,2.9,,Q2,78/194,Q2,Q2,0.71,60.1,48.0,778.0,ENDOCRINOLOGY & METABOLISM; HEALTH CARE SCIENCES & SERVICES,ENDOCRINOLOGY & METABOLISM(JIF Q3/JCI Q2) | HEALTH CARE SCIENCES & SERVICES(JIF Q2/JCI Q2),"JMIR PUBLICATIONS, INC",其他,否,ESCI,需核实,请查期刊官网 Author / Open Access 页面,未知,,https://www.google.com/search?q=JMIR+Diabetes+aims+scope+instructions+for+authors+APC
1305,3-Q2,0,GYNECOLOGIC AND OBSTETRIC INVESTIGATION,GYNECOL OBSTET INVES,0378-7346,1423-002X,2.7,2.2,Q2,43/143,Q2,Q2,0.95,70.3,48.0,2587.0,OBSTETRICS & GYNECOLOGY,OBSTETRICS & GYNECOLOGY(JIF Q2/JCI Q2),KARGER,Karger,是,SCIE,混合/OA,"因刊而异，常见 USD 2,500-3,800",中,https://karger.com/pages/Open-Access,https://www.google.com/search?q=GYNECOLOGIC+AND+OBSTETRIC+INVESTIGATION+aims+scope+instructions+for+authors+APC
1306,3-Q2,0,Journal of Breath Research,J BREATH RES,1752-7155,1752-7163,2.7,3.4,Q2,49/107,Q2,Q2,0.8,54.7,48.0,2704.0,RESPIRATORY SYSTEM,RESPIRATORY SYSTEM(JIF Q2/JCI Q2),IOP Publishing Ltd,其他,是,SCIE,需核实,请查期刊官网 Author / Open Access 页面,未知,,https://www.google.com/search?q=Journal+of+Breath+Research+aims+scope+instructions+for+authors+APC
1307,3-Q2,0,Parasite Epidemiology and Control,PARASITE EPIDEM CONT,2405-6731,2405-6731,2.4,2.8,Q2,19/47,Q2,Q2,0.7,60.6,48.0,987.0,"INFECTIOUS DISEASES; PARASITOLOGY; PUBLIC, ENVIRONMENTAL & OCCUPATIONAL HEALTH","INFECTIOUS DISEASES(JIF Q3/JCI Q2) | PARASITOLOGY(JIF Q2/JCI Q2) | PUBLIC, ENVIRONMENTAL & OCCUPATIONAL HEALTH(JIF Q2/JCI Q2)",ELSEVIER,Elsevier,否,ESCI,混合为主,"订阅路线通常无APC；Gold OA常见 USD 2,200-4,200",中,https://www.elsevier.com/open-access/agreements,https://www.google.com/search?q=Parasite+Epidemiology+and+Control+aims+scope+instructions+for+authors+APC
1308,3-Q2,0,Physical Medicine and Rehabilitation Clinics of North America,PHYS MED REH CLIN N,1047-9651,1558-1381,2.3,2.1,Q2,46/175,Q2,Q2,0.9,74.0,48.0,2521.0,REHABILITATION,REHABILITATION(JIF Q2/JCI Q2),W B SAUNDERS CO-ELSEVIER INC,Elsevier,是,SCIE,混合为主,"订阅路线通常无APC；Gold OA常见 USD 2,200-4,200",中,https://www.elsevier.com/open-access/agreements,https://www.google.com/search?q=Physical+Medicine+and+Rehabilitation+Clinics+of+North+America+aims+scope+instructions+for+authors+APC
1309,3-Q2,0,Journal of Liquid Biopsy,J LIQ BIOPSY,,2950-1954,5.0,5.1,Q2,86/333,Q2,Q2,0.91,74.3,47.0,429.0,ONCOLOGY,ONCOLOGY(JIF Q2/JCI Q2),ELSEVIER,Elsevier,否,ESCI,混合为主,"订阅路线通常无APC；Gold OA常见 USD 2,200-4,200",中,https://www.elsevier.com/open-access/agreements,https://www.google.com/search?q=Journal+of+Liquid+Biopsy+aims+scope+instructions+for+authors+APC
1310,3-Q2,0,Allergy Asthma & Immunology Research,ALLERGY ASTHMA IMMUN,2092-7355,2092-7363,4.3,4.6,Q2,12/40,Q2,Q2,0.93,71.3,47.0,3061.0,ALLERGY; IMMUNOLOGY,ALLERGY(JIF Q2/JCI Q2) | IMMUNOLOGY(JIF Q2/JCI Q2),KOREAN ACAD ASTHMA ALLERGY & CLINICAL IMMUNOLOGY,其他,是,SCIE,需核实,请查期刊官网 Author / Open Access 页面,未知,,https://www.google.com/search?q=Allergy+Asthma+&+Immunology+Research+aims+scope+instructions+for+authors+APC
1311,3-Q2,0,EUROPEAN JOURNAL OF CELL BIOLOGY,EUR J CELL BIOL,0171-9335,1618-1298,4.3,5.7,Q2,94/207,Q2,Q2,0.68,54.8,47.0,4498.0,CELL BIOLOGY,CELL BIOLOGY(JIF Q2/JCI Q2),ELSEVIER GMBH,Elsevier,是,SCIE,混合为主,"订阅路线通常无APC；Gold OA常见 USD 2,200-4,200",中,https://www.elsevier.com/open-access/agreements,https://www.google.com/search?q=EUROPEAN+JOURNAL+OF+CELL+BIOLOGY+aims+scope+instructions+for+authors+APC
1312,3-Q2,0,ENGINEERING IN LIFE SCIENCES,ENG LIFE SCI,1618-0240,1618-2863,4.1,3.9,Q2,69/180,Q2,Q2,0.71,61.9,47.0,3307.0,BIOTECHNOLOGY & APPLIED MICROBIOLOGY,BIOTECHNOLOGY & APPLIED MICROBIOLOGY(JIF Q2/JCI Q2),WILEY-V C H VERLAG GMBH,Wiley,是,SCIE,混合为主,"订阅路线通常无APC；OnlineOpen常见 USD 3,200-4,700",中,https://authorservices.wiley.com/author-resources/Journal-Authors/open-access/article-publication-charges.html,https://www.google.com/search?q=ENGINEERING+IN+LIFE+SCIENCES+aims+scope+instructions+for+authors+APC
1313,3-Q2,0,Hepatobiliary & Pancreatic Diseases International,HEPATOB PANCREAT DIS,1499-3872,2352-9377,3.9,3.6,Q2,44/153,Q2,Q2,0.88,71.6,47.0,2568.0,GASTROENTEROLOGY & HEPATOLOGY,GASTROENTEROLOGY & HEPATOLOGY(JIF Q2/JCI Q2),ELSEVIER,Elsevier,是,SCIE,混合为主,"订阅路线通常无APC；Gold OA常见 USD 2,200-4,200",中,https://www.elsevier.com/open-access/agreements,https://www.google.com/search?q=Hepatobiliary+&+Pancreatic+Diseases+International+aims+scope+instructions+for+authors+APC
1314,3-Q2,0,PSYCHIATRIC CLINICS OF NORTH AMERICA,PSYCHIAT CLIN N AM,0193-953X,1558-3147,3.8,3.3,Q2,75/293,Q2,Q2,0.98,74.6,47.0,4083.0,PSYCHIATRY,PSYCHIATRY(JIF Q2/JCI Q2),W B SAUNDERS CO-ELSEVIER INC,Elsevier,否,SSCI,混合为主,"订阅路线通常无APC；Gold OA常见 USD 2,200-4,200",中,https://www.elsevier.com/open-access/agreements,https://www.google.com/search?q=PSYCHIATRIC+CLINICS+OF+NORTH+AMERICA+aims+scope+instructions+for+authors+APC
1315,3-Q2,0,mHealth,MHEALTH,,2306-9740,3.3,3.6,Q2,63/194,Q3,Q3,0.6,67.8,47.0,1195.0,HEALTH CARE SCIENCES & SERVICES; MEDICAL INFORMATICS,HEALTH CARE SCIENCES & SERVICES(JIF Q2/JCI Q3) | MEDICAL INFORMATICS(JIF Q3/JCI Q3),AME PUBLISHING COMPANY,其他,否,ESCI,需核实,请查期刊官网 Author / Open Access 页面,未知,,https://www.google.com/search?q=mHealth+aims+scope+instructions+for+authors+APC
1316,3-Q2,0,Frontiers in Neuroinformatics,FRONT NEUROINFORM,,1662-5196,2.9,3.4,Q2,23/67,Q2,Q2,0.71,66.4,47.0,5176.0,MATHEMATICAL & COMPUTATIONAL BIOLOGY; NEUROSCIENCES,MATHEMATICAL & COMPUTATIONAL BIOLOGY(JIF Q2/JCI Q2) | NEUROSCIENCES(JIF Q3/JCI Q3),FRONTIERS MEDIA SA,Frontiers,是,SCIE,全OA,"约 CHF 1,495-3,150（Frontiers in Medicine A类=CHF 3,150）",高,https://www.frontiersin.org/about/fee-policy,https://www.google.com/search?q=Frontiers+in+Neuroinformatics+aims+scope+instructions+for+authors+APC
1317,3-Q2,0,JOURNAL OF CUTANEOUS MEDICINE AND SURGERY,J CUTAN MED SURG,1203-4754,1615-7109,2.8,2.9,Q2,36/99,Q2,Q2,0.66,64.1,47.0,2190.0,DERMATOLOGY,DERMATOLOGY(JIF Q2/JCI Q2),SAGE PUBLICATIONS INC,SAGE,是,SCIE,混合为主,"订阅路线通常无APC；SAGE Choice常见 USD 2,000-4,000",中,https://us.sagepub.com/en-us/nam/sage-choice,https://www.google.com/search?q=JOURNAL+OF+CUTANEOUS+MEDICINE+AND+SURGERY+aims+scope+instructions+for+authors+APC
1318,3-Q2,0,Pain Practice,PAIN PRACT,1530-7085,1533-2500,2.7,3.1,Q2,27/72,Q2,Q2,0.75,63.2,47.0,3720.0,ANESTHESIOLOGY; CLINICAL NEUROLOGY,ANESTHESIOLOGY(JIF Q2/JCI Q2) | CLINICAL NEUROLOGY(JIF Q3/JCI Q2),WILEY,Wiley,是,SCIE,混合为主,"订阅路线通常无APC；OnlineOpen常见 USD 3,200-4,700",中,https://authorservices.wiley.com/author-resources/Journal-Authors/open-access/article-publication-charges.html,https://www.google.com/search?q=Pain+Practice+aims+scope+instructions+for+authors+APC
1319,3-Q2,0,Food and Waterborne Parasitology,FOOD WATERB PARASIT,2405-6766,2405-6766,2.6,3.0,Q2,33/170,Q1,Q1,1.24,67.0,47.0,837.0,PARASITOLOGY,PARASITOLOGY(JIF Q2/JCI Q1),ELSEVIER,Elsevier,否,ESCI,混合为主,"订阅路线通常无APC；Gold OA常见 USD 2,200-4,200",中,https://www.elsevier.com/open-access/agreements,https://www.google.com/search?q=Food+and+Waterborne+Parasitology+aims+scope+instructions+for+authors+APC
1320,3-Q2,0,Canadian Journal of Occupational Therapy-Revue Canadienne d Ergotherapie,CAN J OCCUP THER,0008-4174,1911-9828,2.3,2.6,Q2,46/175,Q2,Q2,0.78,74.0,47.0,1752.0,REHABILITATION,REHABILITATION(JIF Q2/JCI Q2),SAGE PUBLICATIONS INC,SAGE,是,"SCIE, SSCI",混合为主,"订阅路线通常无APC；SAGE Choice常见 USD 2,000-4,000",中,https://us.sagepub.com/en-us/nam/sage-choice,https://www.google.com/search?q=Canadian+Journal+of+Occupational+Therapy-Revue+Canadienne+d+Ergotherapie+aims+scope+instructions+for+authors+APC
1321,3-Q2,0,Australian Occupational Therapy Journal,AUST OCCUP THER J,0045-0766,1440-1630,2.1,2.5,Q2,66/175,Q2,Q2,0.86,62.6,47.0,2158.0,REHABILITATION,REHABILITATION(JIF Q2/JCI Q2),WILEY,Wiley,是,SCIE,混合为主,"订阅路线通常无APC；OnlineOpen常见 USD 3,200-4,700",中,https://authorservices.wiley.com/author-resources/Journal-Authors/open-access/article-publication-charges.html,https://www.google.com/search?q=Australian+Occupational+Therapy+Journal+aims+scope+instructions+for+authors+APC
1322,3-Q2,0,JOGNN-JOURNAL OF OBSTETRIC GYNECOLOGIC AND NEONATAL NURSING,JOGNN-J OBST GYN NEO,0884-2175,1552-6909,2.1,2.3,Q2,78/194,Q2,Q2,0.71,60.1,47.0,3160.0,NURSING; OBSTETRICS & GYNECOLOGY,NURSING(JIF Q2/JCI Q2) | OBSTETRICS & GYNECOLOGY(JIF Q2/JCI Q2),ELSEVIER SCIENCE INC,Elsevier,是,"SCIE, SSCI; SCIE",混合为主,"订阅路线通常无APC；Gold OA常见 USD 2,200-4,200",中,https://www.elsevier.com/open-access/agreements,https://www.google.com/search?q=JOGNN-JOURNAL+OF+OBSTETRIC+GYNECOLOGIC+AND+NEONATAL+NURSING+aims+scope+instructions+for+authors+APC
1323,3-Q2,0,Integrative Organismal Biology,INTEGR ORGANISM BIOL,,2517-4843,2.0,2.3,Q2,37/183,Q2,Q2,0.72,54.2,47.0,716.0,BIOLOGY,BIOLOGY(JIF Q2/JCI Q2),OXFORD UNIV PRESS,Oxford UP,是,SCIE,混合为主,订阅路线通常无APC；可选OA，费用因刊而异,中,https://academic.oup.com/pages/open-research/open-access,https://www.google.com/search?q=Integrative+Organismal+Biology+aims+scope+instructions+for+authors+APC
1324,3-Q2,0,HEALTH,HEALTH-LONDON,1363-4593,1461-7196,2.0,2.4,Q2,24/48,Q4,Q4,0.44,51.0,47.0,1768.0,"PUBLIC, ENVIRONMENTAL & OCCUPATIONAL HEALTH; SOCIAL SCIENCES, BIOMEDICAL","PUBLIC, ENVIRONMENTAL & OCCUPATIONAL HEALTH(JIF Q3/JCI Q4) | SOCIAL SCIENCES, BIOMEDICAL(JIF Q2/JCI Q4)",SAGE PUBLICATIONS LTD,SAGE,否,SSCI,混合为主,"订阅路线通常无APC；SAGE Choice常见 USD 2,000-4,000",中,https://us.sagepub.com/en-us/nam/sage-choice,https://www.google.com/search?q=HEALTH+aims+scope+instructions+for+authors+APC
1325,3-Q2,0,Surgical Oncology Clinics of North America,SURG ONCOL CLIN N AM,1055-3207,1558-5042,1.9,2.5,Q2,145/321,Q2,Q2,0.81,55.0,47.0,1771.0,ONCOLOGY; SURGERY,ONCOLOGY(JIF Q4/JCI Q2) | SURGERY(JIF Q2/JCI Q2),W B SAUNDERS CO-ELSEVIER INC,Elsevier,是,SCIE,混合为主,"订阅路线通常无APC；Gold OA常见 USD 2,200-4,200",中,https://www.elsevier.com/open-access/agreements,https://www.google.com/search?q=Surgical+Oncology+Clinics+of+North+America+aims+scope+instructions+for+authors+APC
1326,3-Q2,0,JOURNAL OF INTELLECTUAL & DEVELOPMENTAL DISABILITY,J INTELLECT DEV DIS,1366-8250,1469-9532,1.7,1.9,Q2,26/62,Q1,Q1,1.03,50.6,47.0,1789.0,REHABILITATION,REHABILITATION(JIF Q2/JCI Q1),"ROUTLEDGE JOURNALS, TAYLOR & FRANCIS LTD",Taylor & Francis,否,SSCI,混合为主,"订阅路线通常无APC；Open Select常见 USD 2,500-3,500",中,https://authorservices.taylorandfrancis.com/publishing-open-access/,https://www.google.com/search?q=JOURNAL+OF+INTELLECTUAL+&+DEVELOPMENTAL+DISABILITY+aims+scope+instructions+for+authors+APC
1327,3-Q2,0,Journal of Molecular Cell Biology,J MOL CELL BIOL,1674-2788,1759-4685,6.0,6.2,Q2,59/207,Q2,Q2,0.73,71.7,46.0,4024.0,CELL BIOLOGY,CELL BIOLOGY(JIF Q2/JCI Q2),OXFORD UNIV PRESS,Oxford UP,是,SCIE,混合为主,订阅路线通常无APC；可选OA，费用因刊而异,中,https://academic.oup.com/pages/open-research/open-access,https://www.google.com/search?q=Journal+of+Molecular+Cell+Biology+aims+scope+instructions+for+authors+APC
1328,3-Q2,0,Jornal Brasileiro de Pneumologia,J BRAS PNEUMOL,1806-3713,1806-3756,3.6,3.7,Q2,31/107,Q3,Q3,0.58,71.5,46.0,2658.0,RESPIRATORY SYSTEM,RESPIRATORY SYSTEM(JIF Q2/JCI Q3),SOC BRASILEIRA PNEUMOLOGIA TISIOLOGIA,其他,是,SCIE,需核实,请查期刊官网 Author / Open Access 页面,未知,,https://www.google.com/search?q=Jornal+Brasileiro+de+Pneumologia+aims+scope+instructions+for+authors+APC
1329,3-Q2,0,JOURNAL OF PHARMACOKINETICS AND PHARMACODYNAMICS,J PHARMACOKINET PHAR,1567-567X,1573-8744,3.3,3.2,Q2,149/356,Q2,Q2,0.77,58.3,46.0,2179.0,PHARMACOLOGY & PHARMACY,PHARMACOLOGY & PHARMACY(JIF Q2/JCI Q2),SPRINGER/PLENUM PUBLISHERS,Springer,是,SCIE,混合为主,"订阅路线通常无APC；选OA约 USD 2,790-4,290",中,https://www.springer.com/gp/open-access,https://www.google.com/search?q=JOURNAL+OF+PHARMACOKINETICS+AND+PHARMACODYNAMICS+aims+scope+instructions+for+authors+APC
1330,3-Q2,0,Aging Male,AGING MALE,1368-5538,1473-0790,3.0,2.3,Q2,41/134,Q2,Q2,0.7,69.8,46.0,1487.0,ENDOCRINOLOGY & METABOLISM; UROLOGY & NEPHROLOGY,ENDOCRINOLOGY & METABOLISM(JIF Q3/JCI Q2) | UROLOGY & NEPHROLOGY(JIF Q2/JCI Q2),TAYLOR & FRANCIS LTD,Taylor & Francis,是,SCIE,混合为主,"订阅路线通常无APC；Open Select常见 USD 2,500-3,500",中,https://authorservices.taylorandfrancis.com/publishing-open-access/,https://www.google.com/search?q=Aging+Male+aims+scope+instructions+for+authors+APC
1331,3-Q2,0,Neurodegenerative Disease Management,NEURODEGENER DIS MAN,1758-2024,1758-2032,2.8,2.8,Q2,143/296,Q3,Q3,0.72,51.9,46.0,973.0,CLINICAL NEUROLOGY,CLINICAL NEUROLOGY(JIF Q2/JCI Q3),TAYLOR & FRANCIS LTD,Taylor & Francis,否,ESCI,混合为主,"订阅路线通常无APC；Open Select常见 USD 2,500-3,500",中,https://authorservices.taylorandfrancis.com/publishing-open-access/,https://www.google.com/search?q=Neurodegenerative+Disease+Management+aims+scope+instructions+for+authors+APC
1332,3-Q2,0,International Journal of Injury Control and Safety Promotion,INT J INJ CONTROL SA,1745-7300,1745-7319,2.7,2.9,Q2,160/443,Q2,Q2,0.82,64.0,46.0,1474.0,"PUBLIC, ENVIRONMENTAL & OCCUPATIONAL HEALTH","PUBLIC, ENVIRONMENTAL & OCCUPATIONAL HEALTH(JIF Q2/JCI Q2)",TAYLOR & FRANCIS LTD,Taylor & Francis,否,SSCI,混合为主,"订阅路线通常无APC；Open Select常见 USD 2,500-3,500",中,https://authorservices.taylorandfrancis.com/publishing-open-access/,https://www.google.com/search?q=International+Journal+of+Injury+Control+and+Safety+Promotion+aims+scope+instructions+for+authors+APC
1333,3-Q2,0,PATHOLOGY & ONCOLOGY RESEARCH,PATHOL ONCOL RES,1219-4956,1532-2807,2.7,2.5,Q2,35/89,Q2,Q2,0.69,61.2,46.0,3514.0,ONCOLOGY; PATHOLOGY,ONCOLOGY(JIF Q3/JCI Q2) | PATHOLOGY(JIF Q2/JCI Q3),FRONTIERS MEDIA SA,Frontiers,是,SCIE,全OA,"约 CHF 1,495-3,150（Frontiers in Medicine A类=CHF 3,150）",高,https://www.frontiersin.org/about/fee-policy,https://www.google.com/search?q=PATHOLOGY+&+ONCOLOGY+RESEARCH+aims+scope+instructions+for+authors+APC
1334,3-Q2,0,VASCULAR MEDICINE,VASC MED,1358-863X,1477-0377,2.7,3.4,Q2,48/100,Q2,Q2,0.59,52.5,46.0,2567.0,PERIPHERAL VASCULAR DISEASE,PERIPHERAL VASCULAR DISEASE(JIF Q2/JCI Q2),SAGE PUBLICATIONS LTD,SAGE,是,SCIE,混合为主,"订阅路线通常无APC；SAGE Choice常见 USD 2,000-4,000",中,https://us.sagepub.com/en-us/nam/sage-choice,https://www.google.com/search?q=VASCULAR+MEDICINE+aims+scope+instructions+for+authors+APC
1335,3-Q2,0,World Journal of Traditional Chinese Medicine,WORLD J TRAD CHINESE,2311-8571,2589-2894,2.6,2.4,Q2,20/48,Q2,Q2,0.59,59.4,46.0,705.0,"INTEGRATIVE & COMPLEMENTARY MEDICINE; MEDICINE, RESEARCH & EXPERIMENTAL; PHARMACOLOGY & PHARMACY","INTEGRATIVE & COMPLEMENTARY MEDICINE(JIF Q2/JCI Q2) | MEDICINE, RESEARCH & EXPERIMENTAL(JIF Q3/JCI Q2) | PHARMACOLOGY & PHARMACY(JIF Q3/JCI Q3)",WOLTERS KLUWER MEDKNOW PUBLICATIONS,Wolters Kluwer/LWW,否,ESCI,混合为主,"订阅路线通常无APC；OA常见 USD 2,000-4,000；MEDICINE已拉黑",中,https://wkauthorservices.editage.com/open-access/,https://www.google.com/search?q=World+Journal+of+Traditional+Chinese+Medicine+aims+scope+instructions+for+authors+APC
1336,3-Q2,0,Learning Health Systems,LEARN HEALTH SYST,2379-6146,2379-6146,2.3,3.8,Q2,61/125,Q3,Q3,0.62,51.6,46.0,928.0,HEALTH CARE SCIENCES & SERVICES; HEALTH POLICY & SERVICES; MEDICAL INFORMATICS,HEALTH CARE SCIENCES & SERVICES(JIF Q3/JCI Q3) | HEALTH POLICY & SERVICES(JIF Q2/JCI Q3) | MEDICAL INFORMATICS(JIF Q4/JCI Q3),WILEY,Wiley,否,ESCI,混合为主,"订阅路线通常无APC；OnlineOpen常见 USD 3,200-4,700",中,https://authorservices.wiley.com/author-resources/Journal-Authors/open-access/article-publication-charges.html,https://www.google.com/search?q=Learning+Health+Systems+aims+scope+instructions+for+authors+APC
1337,3-Q2,0,Pediatric Physical Therapy,PEDIATR PHYS THER,0898-5669,1538-005X,1.9,1.9,Q2,76/175,Q2,Q2,0.77,56.9,46.0,1729.0,PEDIATRICS; REHABILITATION,PEDIATRICS(JIF Q2/JCI Q2) | REHABILITATION(JIF Q2/JCI Q2),LIPPINCOTT WILLIAMS & WILKINS,Wolters Kluwer/LWW,是,SCIE,混合为主,"订阅路线通常无APC；OA常见 USD 2,000-4,000；MEDICINE已拉黑",中,https://wkauthorservices.editage.com/open-access/,https://www.google.com/search?q=Pediatric+Physical+Therapy+aims+scope+instructions+for+authors+APC
1338,3-Q2,0,BIOMEDICAL MICRODEVICES,BIOMED MICRODEVICES,1387-2176,1572-8781,4.4,3.5,Q2,47/130,Q3,Q3,0.53,64.2,45.0,3487.0,"ENGINEERING, BIOMEDICAL","ENGINEERING, BIOMEDICAL(JIF Q2/JCI Q3)",SPRINGER,Springer,是,SCIE,混合为主,"订阅路线通常无APC；选OA约 USD 2,790-4,290",中,https://www.springer.com/gp/open-access,https://www.google.com/search?q=BIOMEDICAL+MICRODEVICES+aims+scope+instructions+for+authors+APC
1339,3-Q2,0,SCIENTIA PHARMACEUTICA,SCI PHARM,,2218-0532,3.6,3.3,Q2,128/356,Q2,Q2,0.65,64.2,45.0,2492.0,PHARMACOLOGY & PHARMACY,PHARMACOLOGY & PHARMACY(JIF Q2/JCI Q2),MDPI,MDPI,否,ESCI,全OA,"约 CHF 1,600-2,900（如 JCM=CHF 2,600）",高,https://www.mdpi.com/about/apc,https://www.google.com/search?q=SCIENTIA+PHARMACEUTICA+aims+scope+instructions+for+authors+APC
1340,3-Q2,0,NEUROLOGIC CLINICS,NEUROL CLIN,0733-8619,1557-9875,3.5,3.3,Q2,93/296,Q2,Q2,0.8,68.8,45.0,3460.0,CLINICAL NEUROLOGY; NEUROSCIENCES,CLINICAL NEUROLOGY(JIF Q2/JCI Q2) | NEUROSCIENCES(JIF Q2/JCI Q2),W B SAUNDERS CO-ELSEVIER INC,Elsevier,是,SCIE,混合为主,"订阅路线通常无APC；Gold OA常见 USD 2,200-4,200",中,https://www.elsevier.com/open-access/agreements,https://www.google.com/search?q=NEUROLOGIC+CLINICS+aims+scope+instructions+for+authors+APC
1341,3-Q2,0,SCIENCE AND ENGINEERING ETHICS,SCI ENG ETHICS,1353-3452,1471-5546,3.4,5.3,Q2,5/111,Q1,Q1,2.56,74.6,45.0,4484.0,MULTIDISCIPLINARY SCIENCES,MULTIDISCIPLINARY SCIENCES(JIF Q2/JCI Q1),SPRINGER,Springer,是,SCIE; SSCI,混合为主,"订阅路线通常无APC；选OA约 USD 2,790-4,290",中,https://www.springer.com/gp/open-access,https://www.google.com/search?q=SCIENCE+AND+ENGINEERING+ETHICS+aims+scope+instructions+for+authors+APC
1342,3-Q2,0,JOURNAL OF BIOLOGICAL RHYTHMS,J BIOL RHYTHM,0748-7304,1552-4531,3.0,3.6,Q2,30/106,Q1,Q1,0.78,72.2,45.0,3869.0,BIOLOGY,BIOLOGY(JIF Q2/JCI Q1),SAGE PUBLICATIONS INC,SAGE,是,SCIE,混合为主,"订阅路线通常无APC；SAGE Choice常见 USD 2,000-4,000",中,https://us.sagepub.com/en-us/nam/sage-choice,https://www.google.com/search?q=JOURNAL+OF+BIOLOGICAL+RHYTHMS+aims+scope+instructions+for+authors+APC
1343,3-Q2,0,Personality and Mental Health,PERSONAL MENT HEALTH,1932-8621,1932-863X,2.8,3.0,Q2,26/77,Q2,Q2,0.88,56.5,45.0,1105.0,PSYCHIATRY,PSYCHIATRY(JIF Q2/JCI Q2),WILEY,Wiley,否,SSCI,混合为主,"订阅路线通常无APC；OnlineOpen常见 USD 3,200-4,700",中,https://authorservices.wiley.com/author-resources/Journal-Authors/open-access/article-publication-charges.html,https://www.google.com/search?q=Personality+and+Mental+Health+aims+scope+instructions+for+authors+APC
1344,3-Q2,0,JOURNAL OF EPIDEMIOLOGY,J EPIDEMIOL,0917-5040,0917-5040,2.7,3.6,Q2,160/443,Q1,Q1,0.98,64.0,45.0,4698.0,"PUBLIC, ENVIRONMENTAL & OCCUPATIONAL HEALTH","PUBLIC, ENVIRONMENTAL & OCCUPATIONAL HEALTH(JIF Q2/JCI Q1)",JAPAN EPIDEMIOLOGICAL ASSOC,其他,是,SCIE,需核实,请查期刊官网 Author / Open Access 页面,未知,,https://www.google.com/search?q=JOURNAL+OF+EPIDEMIOLOGY+aims+scope+instructions+for+authors+APC
1345,3-Q2,0,Comprehensive Psychoneuroendocrinology,COMPR PSYCHONEUROEND,2666-4976,2666-4976,2.7,3.0,Q2,134/293,Q3,Q3,0.67,54.4,45.0,682.0,ENDOCRINOLOGY & METABOLISM; NEUROSCIENCES; PSYCHIATRY,ENDOCRINOLOGY & METABOLISM(JIF Q3/JCI Q3) | NEUROSCIENCES(JIF Q3/JCI Q3) | PSYCHIATRY(JIF Q2/JCI Q3),ELSEVIER,Elsevier,否,ESCI,混合为主,"订阅路线通常无APC；Gold OA常见 USD 2,200-4,200",中,https://www.elsevier.com/open-access/agreements,https://www.google.com/search?q=Comprehensive+Psychoneuroendocrinology+aims+scope+instructions+for+authors+APC
1346,3-Q2,0,EXPERIMENTAL HEMATOLOGY,EXP HEMATOL,0301-472X,1873-2399,2.7,2.7,Q2,46/103,Q3,Q3,0.5,55.8,45.0,4463.0,"HEMATOLOGY; MEDICINE, RESEARCH & EXPERIMENTAL","HEMATOLOGY(JIF Q2/JCI Q3) | MEDICINE, RESEARCH & EXPERIMENTAL(JIF Q3/JCI Q3)",ELSEVIER SCIENCE INC,Elsevier,是,SCIE,混合为主,"订阅路线通常无APC；Gold OA常见 USD 2,200-4,200",中,https://www.elsevier.com/open-access/agreements,https://www.google.com/search?q=EXPERIMENTAL+HEMATOLOGY+aims+scope+instructions+for+authors+APC
1347,3-Q2,0,Health Information Management Journal,HEALTH INF MANAG J,1833-3583,1833-3575,2.3,3.9,Q2,61/125,Q3,Q3,0.64,51.6,45.0,878.0,HEALTH POLICY & SERVICES; MEDICAL INFORMATICS,HEALTH POLICY & SERVICES(JIF Q2/JCI Q3) | MEDICAL INFORMATICS(JIF Q4/JCI Q3),SAGE PUBLICATIONS INC,SAGE,是,SSCI; SCIE,混合为主,"订阅路线通常无APC；SAGE Choice常见 USD 2,000-4,000",中,https://us.sagepub.com/en-us/nam/sage-choice,https://www.google.com/search?q=Health+Information+Management+Journal+aims+scope+instructions+for+authors+APC
1348,3-Q2,0,JOURNAL OF HUMAN LACTATION,J HUM LACT,0890-3344,1552-5732,2.0,2.6,Q2,78/190,Q2,Q2,0.77,59.2,45.0,2767.0,NURSING; OBSTETRICS & GYNECOLOGY; PEDIATRICS,NURSING(JIF Q2/JCI Q2) | OBSTETRICS & GYNECOLOGY(JIF Q3/JCI Q2) | PEDIATRICS(JIF Q2/JCI Q2),SAGE PUBLICATIONS INC,SAGE,是,SCIE,混合为主,"订阅路线通常无APC；SAGE Choice常见 USD 2,000-4,000",中,https://us.sagepub.com/en-us/nam/sage-choice,https://www.google.com/search?q=JOURNAL+OF+HUMAN+LACTATION+aims+scope+instructions+for+authors+APC
1349,3-Q2,0,Frontiers in Medical Technology,FRONT MED TECHNOL,,2673-3129,4.6,4.8,Q2,44/130,Q3,Q3,0.57,66.5,44.0,1509.0,"ENGINEERING, BIOMEDICAL","ENGINEERING, BIOMEDICAL(JIF Q2/JCI Q3)",FRONTIERS MEDIA SA,Frontiers,否,ESCI,全OA,"约 CHF 1,495-3,150（Frontiers in Medicine A类=CHF 3,150）",高,https://www.frontiersin.org/about/fee-policy,https://www.google.com/search?q=Frontiers+in+Medical+Technology+aims+scope+instructions+for+authors+APC
1350,3-Q2,0,Food & Nutrition Research,FOOD NUTR RES,1654-6628,1654-661X,4.5,4.5,Q2,31/114,Q3,Q3,0.58,73.2,44.0,3538.0,NUTRITION & DIETETICS,NUTRITION & DIETETICS(JIF Q2/JCI Q3),SWEDISH NUTRITION FOUNDATION-SNF,其他,是,SCIE,需核实,请查期刊官网 Author / Open Access 页面,未知,,https://www.google.com/search?q=Food+&+Nutrition+Research+aims+scope+instructions+for+authors+APC
1351,3-Q2,0,SAUDI PHARMACEUTICAL JOURNAL,SAUDI PHARM J,1319-0164,2213-7475,4.3,4.0,Q2,95/356,Q1,Q1,1.0,73.5,44.0,7889.0,PHARMACOLOGY & PHARMACY,PHARMACOLOGY & PHARMACY(JIF Q2/JCI Q1),SPRINGERNATURE,Springer Nature,是,SCIE,混合/全OA,"全OA约 USD 2,090-3,490；Nature系更高；Scientific Reports已拉黑",中高,https://www.springernature.com/gp/open-research/journals-books/journals,https://www.google.com/search?q=SAUDI+PHARMACEUTICAL+JOURNAL+aims+scope+instructions+for+authors+APC
1352,3-Q2,0,Allergy Asthma and Clinical Immunology,ALLERGY ASTHMA CL IM,1710-1492,1710-1492,3.0,2.9,Q2,19/40,Q3,Q3,0.56,53.8,44.0,3001.0,ALLERGY; IMMUNOLOGY,ALLERGY(JIF Q2/JCI Q3) | IMMUNOLOGY(JIF Q3/JCI Q3),BMC,BMC,是,SCIE,全OA,"约 USD 1,990-2,890（旗舰刊更高）",高,https://www.biomedcentral.com/getpublished/article-processing-charges,https://www.google.com/search?q=Allergy+Asthma+and+Clinical+Immunology+aims+scope+instructions+for+authors+APC
1353,3-Q2,0,Chronic Respiratory Disease,CHRON RESP DIS,1479-9723,1479-9731,2.9,3.2,Q2,46/107,Q2,Q2,0.67,57.5,44.0,1633.0,RESPIRATORY SYSTEM,RESPIRATORY SYSTEM(JIF Q2/JCI Q2),SAGE PUBLICATIONS LTD,SAGE,是,SCIE,混合为主,"订阅路线通常无APC；SAGE Choice常见 USD 2,000-4,000",中,https://us.sagepub.com/en-us/nam/sage-choice,https://www.google.com/search?q=Chronic+Respiratory+Disease+aims+scope+instructions+for+authors+APC
1354,3-Q2,0,BJA Education,BJA EDUC,2058-5349,2058-5357,2.7,4.6,Q2,27/72,Q1,Q1,1.06,63.2,44.0,2934.0,ANESTHESIOLOGY,ANESTHESIOLOGY(JIF Q2/JCI Q1),ELSEVIER SCI LTD,Elsevier,否,ESCI,混合为主,"订阅路线通常无APC；Gold OA常见 USD 2,200-4,200",中,https://www.elsevier.com/open-access/agreements,https://www.google.com/search?q=BJA+Education+aims+scope+instructions+for+authors+APC
1355,3-Q2,0,ANXIETY STRESS AND COPING,ANXIETY STRESS COPIN,1061-5806,1477-2205,2.6,3.8,Q2,59/222,Q3,Q2,0.7,52.7,44.0,4029.0,PSYCHIATRY,PSYCHIATRY(JIF Q2/JCI Q3),TAYLOR & FRANCIS LTD,Taylor & Francis,否,SSCI,混合为主,"订阅路线通常无APC；Open Select常见 USD 2,500-3,500",中,https://authorservices.taylorandfrancis.com/publishing-open-access/,https://www.google.com/search?q=ANXIETY+STRESS+AND+COPING+aims+scope+instructions+for+authors+APC
1356,3-Q2,0,Kinesiology Review,KINESIOL REV,2163-0453,2161-6035,2.2,,Q2,63/136,Q2,Q2,0.78,54.0,44.0,758.0,SPORT SCIENCES,SPORT SCIENCES(JIF Q2/JCI Q2),HUMAN KINETICS PUBL INC,其他,否,ESCI,需核实,请查期刊官网 Author / Open Access 页面,未知,,https://www.google.com/search?q=Kinesiology+Review+aims+scope+instructions+for+authors+APC
1357,3-Q2,0,Intellectual and Developmental Disabilities,INTELLECT DEV DISAB,1934-9491,1934-9556,1.9,2.3,Q2,17/62,Q1,Q1,1.1,56.9,44.0,1469.0,REHABILITATION,REHABILITATION(JIF Q2/JCI Q1),AMER ASSOC INTELLECTUAL and DEVELOPMENTAL DISABILITIES-AAIDD,其他,否,SSCI,需核实,请查期刊官网 Author / Open Access 页面,未知,,https://www.google.com/search?q=Intellectual+and+Developmental+Disabilities+aims+scope+instructions+for+authors+APC
1358,3-Q2,0,European Annals of Otorhinolaryngology-Head and Neck Diseases,EUR ANN OTORHINOLARY,1879-7296,1879-730X,1.6,1.7,Q2,29/67,Q2,Q2,1.03,57.5,44.0,1636.0,OTORHINOLARYNGOLOGY,OTORHINOLARYNGOLOGY(JIF Q2/JCI Q2),"ELSEVIER MASSON, CORP OFF",Elsevier,是,SCIE,混合为主,"订阅路线通常无APC；Gold OA常见 USD 2,200-4,200",中,https://www.elsevier.com/open-access/agreements,https://www.google.com/search?q=European+Annals+of+Otorhinolaryngology-Head+and+Neck+Diseases+aims+scope+instructions+for+authors+APC
1359,3-Q2,0,International Journal of Applied and Basic Medical Research,INT J APPL BASIC MED,2229-516X,2248-9606,1.2,1.3,Q2,167/336,Q3,Q3,0.29,50.4,44.0,1010.0,"MEDICINE, GENERAL & INTERNAL","MEDICINE, GENERAL & INTERNAL(JIF Q2/JCI Q3)",WOLTERS KLUWER MEDKNOW PUBLICATIONS,Wolters Kluwer/LWW,否,ESCI,混合为主,"订阅路线通常无APC；OA常见 USD 2,000-4,000；MEDICINE已拉黑",中,https://wkauthorservices.editage.com/open-access/,https://www.google.com/search?q=International+Journal+of+Applied+and+Basic+Medical+Research+aims+scope+instructions+for+authors+APC
1360,3-Q2,0,NATIONAL MEDICAL JOURNAL OF INDIA,NATL MED J INDIA,2583-150X,0970-258X,1.2,1.1,Q2,167/336,Q3,Q3,0.18,50.4,44.0,937.0,"MEDICINE, GENERAL & INTERNAL","MEDICINE, GENERAL & INTERNAL(JIF Q2/JCI Q3)",SCIENTIFIC SCHOLAR LLC,其他,是,SCIE,需核实,请查期刊官网 Author / Open Access 页面,未知,,https://www.google.com/search?q=NATIONAL+MEDICAL+JOURNAL+OF+INDIA+aims+scope+instructions+for+authors+APC
1361,3-Q2,0,JOURNAL OF PHYSIOLOGY AND BIOCHEMISTRY,J PHYSIOL BIOCHEM,1138-7548,1877-8755,5.1,4.8,Q2,10/89,Q1,Q1,1.01,74.8,43.0,3122.0,BIOCHEMISTRY & MOLECULAR BIOLOGY,BIOCHEMISTRY & MOLECULAR BIOLOGY(JIF Q2/JCI Q1),SPRINGER,Springer,是,SCIE,混合为主,"订阅路线通常无APC；选OA约 USD 2,790-4,290",中,https://www.springer.com/gp/open-access,https://www.google.com/search?q=JOURNAL+OF+PHYSIOLOGY+AND+BIOCHEMISTRY+aims+scope+instructions+for+authors+APC
1362,3-Q2,0,Current Opinion in Behavioral Sciences,CURR OPIN BEHAV SCI,2352-1546,2352-1554,4.4,6.6,Q2,4/57,Q1,Q1,1.16,72.3,43.0,7949.0,NEUROSCIENCES,NEUROSCIENCES(JIF Q2/JCI Q1),ELSEVIER,Elsevier,是,SCIE; SSCI,混合为主,"订阅路线通常无APC；Gold OA常见 USD 2,200-4,200",中,https://www.elsevier.com/open-access/agreements,https://www.google.com/search?q=Current+Opinion+in+Behavioral+Sciences+aims+scope+instructions+for+authors+APC
1363,3-Q2,0,CELL STRESS & CHAPERONES,CELL STRESS CHAPERON,1355-8145,1466-1268,4.1,4.1,Q2,102/207,Q2,Q2,0.68,51.0,43.0,4519.0,CELL BIOLOGY,CELL BIOLOGY(JIF Q2/JCI Q2),ELSEVIER SCIENCE INC,Elsevier,是,SCIE,混合为主,"订阅路线通常无APC；Gold OA常见 USD 2,200-4,200",中,https://www.elsevier.com/open-access/agreements,https://www.google.com/search?q=CELL+STRESS+&+CHAPERONES+aims+scope+instructions+for+authors+APC
1364,3-Q2,0,Journal of Neurogastroenterology and Motility,J NEUROGASTROENTEROL,2093-0879,2093-0887,3.7,4.1,Q2,85/296,Q2,Q2,0.85,71.5,43.0,2980.0,CLINICAL NEUROLOGY; GASTROENTEROLOGY & HEPATOLOGY,CLINICAL NEUROLOGY(JIF Q2/JCI Q2) | GASTROENTEROLOGY & HEPATOLOGY(JIF Q2/JCI Q2),KOREAN SOC NEUROGASTROENTEROLOGY & MOTILITY,其他,是,SCIE,需核实,请查期刊官网 Author / Open Access 页面,未知,,https://www.google.com/search?q=Journal+of+Neurogastroenterology+and+Motility+aims+scope+instructions+for+authors+APC
1365,3-Q2,0,CLINICAL & EXPERIMENTAL METASTASIS,CLIN EXP METASTAS,0262-0898,1573-7276,3.7,3.7,Q2,129/333,Q2,Q2,0.67,61.4,43.0,3464.0,ONCOLOGY,ONCOLOGY(JIF Q2/JCI Q2),SPRINGER,Springer,是,SCIE,混合为主,"订阅路线通常无APC；选OA约 USD 2,790-4,290",中,https://www.springer.com/gp/open-access,https://www.google.com/search?q=CLINICAL+&+EXPERIMENTAL+METASTASIS+aims+scope+instructions+for+authors+APC
1366,3-Q2,0,Blood Research,BLOOD RES,2287-979X,2288-0011,3.7,3.4,Q2,28/103,Q2,Q2,0.53,73.3,43.0,1088.0,HEMATOLOGY,HEMATOLOGY(JIF Q2/JCI Q2),SPRINGER,Springer,否,ESCI,混合为主,"订阅路线通常无APC；选OA约 USD 2,790-4,290",中,https://www.springer.com/gp/open-access,https://www.google.com/search?q=Blood+Research+aims+scope+instructions+for+authors+APC
1367,3-Q2,0,MOLECULAR AND CELLULAR NEUROSCIENCE,MOL CELL NEUROSCI,1044-7431,1095-9327,3.4,3.5,Q2,144/330,Q2,Q2,0.78,56.5,43.0,5524.0,NEUROSCIENCES,NEUROSCIENCES(JIF Q2/JCI Q2),ACADEMIC PRESS INC ELSEVIER SCIENCE,Elsevier,是,SCIE,混合为主,"订阅路线通常无APC；Gold OA常见 USD 2,200-4,200",中,https://www.elsevier.com/open-access/agreements,https://www.google.com/search?q=MOLECULAR+AND+CELLULAR+NEUROSCIENCE+aims+scope+instructions+for+authors+APC
1368,3-Q2,0,Toxicological Research,TOXICOL RES-GER,1976-8257,2234-2753,3.3,2.8,Q2,46/106,Q3,Q3,0.67,57.1,43.0,1804.0,TOXICOLOGY,TOXICOLOGY(JIF Q2/JCI Q3),KOREAN SOC TOXICOLOGY,其他,是,SCIE,需核实,请查期刊官网 Author / Open Access 页面,未知,,https://www.google.com/search?q=Toxicological+Research+aims+scope+instructions+for+authors+APC
1369,3-Q2,0,Translational Gastroenterology and Hepatology,TRANSL GASTROENT HEP,,2415-1289,3.3,3.6,Q2,59/153,Q2,Q2,0.54,61.8,43.0,1468.0,GASTROENTEROLOGY & HEPATOLOGY,GASTROENTEROLOGY & HEPATOLOGY(JIF Q2/JCI Q2),AME PUBLISHING COMPANY,其他,否,ESCI,需核实,请查期刊官网 Author / Open Access 页面,未知,,https://www.google.com/search?q=Translational+Gastroenterology+and+Hepatology+aims+scope+instructions+for+authors+APC
1370,3-Q2,0,PET Clinics,PET CLIN,1556-8598,1559-7814,3.1,2.8,Q2,70/217,Q2,Q2,0.78,68.0,43.0,1129.0,"RADIOLOGY, NUCLEAR MEDICINE & MEDICAL IMAGING","RADIOLOGY, NUCLEAR MEDICINE & MEDICAL IMAGING(JIF Q2/JCI Q2)",ELSEVIER INC,Elsevier,否,ESCI,混合为主,"订阅路线通常无APC；Gold OA常见 USD 2,200-4,200",中,https://www.elsevier.com/open-access/agreements,https://www.google.com/search?q=PET+Clinics+aims+scope+instructions+for+authors+APC
1371,3-Q2,0,CURRENT OPINION IN HEMATOLOGY,CURR OPIN HEMATOL,1065-6251,1531-7048,2.9,3.3,Q2,41/103,Q2,Q2,0.6,60.7,43.0,2826.0,HEMATOLOGY,HEMATOLOGY(JIF Q2/JCI Q2),LIPPINCOTT WILLIAMS & WILKINS,Wolters Kluwer/LWW,是,SCIE,混合为主,"订阅路线通常无APC；OA常见 USD 2,000-4,000；MEDICINE已拉黑",中,https://wkauthorservices.editage.com/open-access/,https://www.google.com/search?q=CURRENT+OPINION+IN+HEMATOLOGY+aims+scope+instructions+for+authors+APC
1372,3-Q2,0,Korean Journal of Orthodontics,KOREAN J ORTHOD,2234-7518,2005-372X,2.8,3.1,Q2,51/165,Q1,Q1,1.16,69.4,43.0,1404.0,"DENTISTRY, ORAL SURGERY & MEDICINE","DENTISTRY, ORAL SURGERY & MEDICINE(JIF Q2/JCI Q1)",KOREAN ASSOC ORTHODONTISTS,其他,是,SCIE,需核实,请查期刊官网 Author / Open Access 页面,未知,,https://www.google.com/search?q=Korean+Journal+of+Orthodontics+aims+scope+instructions+for+authors+APC
1373,3-Q2,0,MUTATION RESEARCH-GENETIC TOXICOLOGY AND ENVIRONMENTAL MUTAGENESIS,MUTAT RES-GEN TOX EN,1383-5718,1879-3592,2.8,2.5,Q2,86/192,Q2,Q2,0.69,55.5,43.0,4756.0,BIOTECHNOLOGY & APPLIED MICROBIOLOGY; GENETICS & HEREDITY; TOXICOLOGY,BIOTECHNOLOGY & APPLIED MICROBIOLOGY(JIF Q3/JCI Q2) | GENETICS & HEREDITY(JIF Q2/JCI Q2) | TOXICOLOGY(JIF Q3/JCI Q3),ELSEVIER,Elsevier,是,SCIE,混合为主,"订阅路线通常无APC；Gold OA常见 USD 2,200-4,200",中,https://www.elsevier.com/open-access/agreements,https://www.google.com/search?q=MUTATION+RESEARCH-GENETIC+TOXICOLOGY+AND+ENVIRONMENTAL+MUTAGENESIS+aims+scope+instructions+for+authors+APC
1374,3-Q2,0,Augmentative and Alternative Communication,AUGMENT ALTERN COMM,0743-4618,1477-3848,2.3,2.8,Q2,46/175,Q2,Q2,0.93,74.0,43.0,1865.0,AUDIOLOGY & SPEECH-LANGUAGE PATHOLOGY; REHABILITATION,AUDIOLOGY & SPEECH-LANGUAGE PATHOLOGY(JIF Q2/JCI Q2) | REHABILITATION(JIF Q2/JCI Q2),TAYLOR & FRANCIS LTD,Taylor & Francis,是,SCIE; SSCI,混合为主,"订阅路线通常无APC；Open Select常见 USD 2,500-3,500",中,https://authorservices.taylorandfrancis.com/publishing-open-access/,https://www.google.com/search?q=Augmentative+and+Alternative+Communication+aims+scope+instructions+for+authors+APC
1375,3-Q2,0,Basic and Clinical Andrology,BASIC CLIN ANDROL,,2051-4190,2.3,2.4,Q2,4/8,Q3,Q3,0.78,56.3,43.0,591.0,ANDROLOGY,ANDROLOGY(JIF Q2/JCI Q3),BMC,BMC,是,SCIE,全OA,"约 USD 1,990-2,890（旗舰刊更高）",高,https://www.biomedcentral.com/getpublished/article-processing-charges,https://www.google.com/search?q=Basic+and+Clinical+Andrology+aims+scope+instructions+for+authors+APC
1376,3-Q2,0,JOURNAL OF BEHAVIOR THERAPY AND EXPERIMENTAL PSYCHIATRY,J BEHAV THER EXP PSY,0005-7916,1873-7943,2.3,2.3,Q2,75/184,Q3,Q3,0.68,59.5,43.0,4583.0,"PSYCHIATRY; PSYCHOLOGY, CLINICAL","PSYCHIATRY(JIF Q3/JCI Q3) | PSYCHOLOGY, CLINICAL(JIF Q2/JCI Q3)",PERGAMON-ELSEVIER SCIENCE LTD,Elsevier,否,SSCI,混合为主,"订阅路线通常无APC；Gold OA常见 USD 2,200-4,200",中,https://www.elsevier.com/open-access/agreements,https://www.google.com/search?q=JOURNAL+OF+BEHAVIOR+THERAPY+AND+EXPERIMENTAL+PSYCHIATRY+aims+scope+instructions+for+authors+APC
1377,3-Q2,0,Scandinavian Journal of Surgery,SCAND J SURG,1457-4969,1799-7267,2.1,2.8,Q2,128/321,Q2,Q2,0.81,60.3,43.0,1587.0,SURGERY,SURGERY(JIF Q2/JCI Q2),SAGE PUBLICATIONS LTD,SAGE,是,SCIE,混合为主,"订阅路线通常无APC；SAGE Choice常见 USD 2,000-4,000",中,https://us.sagepub.com/en-us/nam/sage-choice,https://www.google.com/search?q=Scandinavian+Journal+of+Surgery+aims+scope+instructions+for+authors+APC
1378,3-Q2,0,Journal of School Nursing,J SCH NURS,1059-8405,1546-8364,2.1,2.5,Q2,78/194,Q2,Q2,0.72,60.1,43.0,1627.0,NURSING,NURSING(JIF Q2/JCI Q2),SAGE PUBLICATIONS INC,SAGE,是,"SCIE, SSCI",混合为主,"订阅路线通常无APC；SAGE Choice常见 USD 2,000-4,000",中,https://us.sagepub.com/en-us/nam/sage-choice,https://www.google.com/search?q=Journal+of+School+Nursing+aims+scope+instructions+for+authors+APC
1379,3-Q2,0,Nursing Philosophy,NURS PHILOS,1466-7681,1466-769X,2.0,3.1,Q2,87/194,Q1,Q1,1.26,55.4,43.0,1056.0,NURSING,NURSING(JIF Q2/JCI Q1),WILEY,Wiley,是,"SCIE, SSCI",混合为主,"订阅路线通常无APC；OnlineOpen常见 USD 3,200-4,700",中,https://authorservices.wiley.com/author-resources/Journal-Authors/open-access/article-publication-charges.html,https://www.google.com/search?q=Nursing+Philosophy+aims+scope+instructions+for+authors+APC
1380,3-Q2,0,EJC Paediatric Oncology,EJC PAEDIATR ONCOL,,2772-610X,2.0,2.0,Q2,78/190,Q3,Q3,0.57,59.2,43.0,267.0,ONCOLOGY; PEDIATRICS,ONCOLOGY(JIF Q4/JCI Q3) | PEDIATRICS(JIF Q2/JCI Q3),ELSEVIER,Elsevier,否,ESCI,混合为主,"订阅路线通常无APC；Gold OA常见 USD 2,200-4,200",中,https://www.elsevier.com/open-access/agreements,https://www.google.com/search?q=EJC+Paediatric+Oncology+aims+scope+instructions+for+authors+APC
1381,3-Q2,0,Applied Biosciences,APPL BIOSCI-BASEL,,2813-0464,4.3,4.2,Q2,62/180,Q3,Q3,0.54,65.8,42.0,481.0,BIOTECHNOLOGY & APPLIED MICROBIOLOGY,BIOTECHNOLOGY & APPLIED MICROBIOLOGY(JIF Q2/JCI Q3),MDPI,MDPI,否,ESCI,全OA,"约 CHF 1,600-2,900（如 JCM=CHF 2,600）",高,https://www.mdpi.com/about/apc,https://www.google.com/search?q=Applied+Biosciences+aims+scope+instructions+for+authors+APC
1382,3-Q2,0,BMB Reports,BMB REP,1976-6696,1976-670X,4.1,3.9,Q2,130/328,Q3,Q3,0.53,60.5,42.0,4444.0,BIOCHEMISTRY & MOLECULAR BIOLOGY,BIOCHEMISTRY & MOLECULAR BIOLOGY(JIF Q2/JCI Q3),KOREAN SOCIETY BIOCHEMISTRY & MOLECULAR BIOLOGY,其他,是,SCIE,需核实,请查期刊官网 Author / Open Access 页面,未知,,https://www.google.com/search?q=BMB+Reports+aims+scope+instructions+for+authors+APC
1383,3-Q2,0,Journal of Biomedical Research,J BIOMED RES,1674-8301,1876-4819,3.7,3.6,Q2,75/191,Q3,Q3,0.56,61.0,42.0,1754.0,"MEDICINE, RESEARCH & EXPERIMENTAL","MEDICINE, RESEARCH & EXPERIMENTAL(JIF Q2/JCI Q3)",NANJING MEDICAL UNIV,其他,否,ESCI,需核实,请查期刊官网 Author / Open Access 页面,未知,,https://www.google.com/search?q=Journal+of+Biomedical+Research+aims+scope+instructions+for+authors+APC
1384,3-Q2,0,Journal of Clinical Neurology,J CLIN NEUROL,1738-6586,2005-5013,3.6,3.4,Q2,90/296,Q2,Q2,0.8,69.8,42.0,2516.0,CLINICAL NEUROLOGY,CLINICAL NEUROLOGY(JIF Q2/JCI Q2),KOREAN NEUROLOGICAL ASSOC,其他,是,SCIE,需核实,请查期刊官网 Author / Open Access 页面,未知,,https://www.google.com/search?q=Journal+of+Clinical+Neurology+aims+scope+instructions+for+authors+APC
1385,3-Q2,0,Magnetic Resonance in Medical Sciences,MAGN RESON MED SCI,1347-3182,1880-2206,3.4,3.4,Q2,59/217,Q2,Q2,0.94,73.0,42.0,1608.0,"RADIOLOGY, NUCLEAR MEDICINE & MEDICAL IMAGING","RADIOLOGY, NUCLEAR MEDICINE & MEDICAL IMAGING(JIF Q2/JCI Q2)",JPN SOC MAGNETIC RESONANCE MEDICINE,其他,是,SCIE,需核实,请查期刊官网 Author / Open Access 页面,未知,,https://www.google.com/search?q=Magnetic+Resonance+in+Medical+Sciences+aims+scope+instructions+for+authors+APC
1386,3-Q2,0,Nutrition & Dietetics,NUTR DIET,1446-6368,1747-0080,3.4,3.7,Q2,50/114,Q2,Q2,0.61,56.6,42.0,1856.0,NUTRITION & DIETETICS,NUTRITION & DIETETICS(JIF Q2/JCI Q2),WILEY,Wiley,是,SCIE,混合为主,"订阅路线通常无APC；OnlineOpen常见 USD 3,200-4,700",中,https://authorservices.wiley.com/author-resources/Journal-Authors/open-access/article-publication-charges.html,https://www.google.com/search?q=Nutrition+&+Dietetics+aims+scope+instructions+for+authors+APC
1387,3-Q2,0,Current Drug Delivery,CURR DRUG DELIV,1567-2018,1875-5704,3.1,2.9,Q2,163/356,Q2,Q2,0.66,54.4,42.0,3509.0,PHARMACOLOGY & PHARMACY,PHARMACOLOGY & PHARMACY(JIF Q2/JCI Q2),BENTHAM SCIENCE PUBL LTD,其他,是,SCIE,需核实,请查期刊官网 Author / Open Access 页面,未知,,https://www.google.com/search?q=Current+Drug+Delivery+aims+scope+instructions+for+authors+APC
1388,3-Q2,0,IMMUNOLOGY AND ALLERGY CLINICS OF NORTH AMERICA,IMMUNOL ALLERGY CLIN,0889-8561,1557-8607,3.1,2.9,Q2,18/40,Q2,Q2,0.66,56.3,42.0,2177.0,ALLERGY; IMMUNOLOGY,ALLERGY(JIF Q2/JCI Q2) | IMMUNOLOGY(JIF Q3/JCI Q3),W B SAUNDERS CO-ELSEVIER INC,Elsevier,是,SCIE,混合为主,"订阅路线通常无APC；Gold OA常见 USD 2,200-4,200",中,https://www.elsevier.com/open-access/agreements,https://www.google.com/search?q=IMMUNOLOGY+AND+ALLERGY+CLINICS+OF+NORTH+AMERICA+aims+scope+instructions+for+authors+APC
1389,3-Q2,0,Crisis-The Journal of Crisis Intervention and Suicide Prevention,CRISIS,0227-5910,2151-2396,3.0,2.6,Q2,52/222,Q3,Q3,0.63,61.9,42.0,2567.0,PSYCHIATRY,PSYCHIATRY(JIF Q2/JCI Q3),HOGREFE PUBLISHING CORP,其他,否,SSCI,需核实,请查期刊官网 Author / Open Access 页面,未知,,https://www.google.com/search?q=Crisis-The+Journal+of+Crisis+Intervention+and+Suicide+Prevention+aims+scope+instructions+for+authors+APC
1390,3-Q2,0,Imaging Science in Dentistry,IMAGNG SCI DENT,2233-7822,2233-7830,2.3,2.7,Q2,67/165,Q2,Q2,0.83,59.7,42.0,1396.0,"DENTISTRY, ORAL SURGERY & MEDICINE","DENTISTRY, ORAL SURGERY & MEDICINE(JIF Q2/JCI Q2)",KOREAN ACAD ORAL & MAXILLOFACIAL RADIOLOGY,其他,否,ESCI,需核实,请查期刊官网 Author / Open Access 页面,未知,,https://www.google.com/search?q=Imaging+Science+in+Dentistry+aims+scope+instructions+for+authors+APC
1391,3-Q2,0,Hygiene,HYGIENE-BASEL,,2673-947X,2.3,2.2,Q2,209/443,Q3,Q3,0.44,52.9,42.0,256.0,"INFECTIOUS DISEASES; PUBLIC, ENVIRONMENTAL & OCCUPATIONAL HEALTH","INFECTIOUS DISEASES(JIF Q3/JCI Q3) | PUBLIC, ENVIRONMENTAL & OCCUPATIONAL HEALTH(JIF Q2/JCI Q4)",MDPI,MDPI,否,ESCI,全OA,"约 CHF 1,600-2,900（如 JCM=CHF 2,600）",高,https://www.mdpi.com/about/apc,https://www.google.com/search?q=Hygiene+aims+scope+instructions+for+authors+APC
1392,3-Q2,0,Workplace Health & Safety,WORKPLACE HEALTH SAF,2165-0799,2165-0969,2.2,2.9,Q2,69/194,Q2,Q2,0.81,64.7,42.0,1790.0,NURSING,NURSING(JIF Q2/JCI Q2),SAGE PUBLICATIONS INC,SAGE,是,"SCIE, SSCI",混合为主,"订阅路线通常无APC；SAGE Choice常见 USD 2,000-4,000",中,https://us.sagepub.com/en-us/nam/sage-choice,https://www.google.com/search?q=Workplace+Health+&+Safety+aims+scope+instructions+for+authors+APC
1393,3-Q2,0,CROATIAN MEDICAL JOURNAL,CROAT MED J,0353-9504,1332-8166,2.1,1.8,Q2,107/336,Q2,Q2,0.44,68.3,42.0,1958.0,"MEDICINE, GENERAL & INTERNAL","MEDICINE, GENERAL & INTERNAL(JIF Q2/JCI Q2)",MEDICINSKA NAKLADA,其他,是,SCIE,需核实,请查期刊官网 Author / Open Access 页面,未知,,https://www.google.com/search?q=CROATIAN+MEDICAL+JOURNAL+aims+scope+instructions+for+authors+APC
1394,3-Q2,0,Journal of Research in Medical Sciences,J RES MED SCI,1735-1995,1735-7136,1.7,1.7,Q2,135/336,Q2,Q2,0.38,60.0,42.0,3497.0,"MEDICINE, GENERAL & INTERNAL","MEDICINE, GENERAL & INTERNAL(JIF Q2/JCI Q2)",WOLTERS KLUWER MEDKNOW PUBLICATIONS,Wolters Kluwer/LWW,是,SCIE,混合为主,"订阅路线通常无APC；OA常见 USD 2,000-4,000；MEDICINE已拉黑",中,https://wkauthorservices.editage.com/open-access/,https://www.google.com/search?q=Journal+of+Research+in+Medical+Sciences+aims+scope+instructions+for+authors+APC
1395,3-Q2,0,International Journal of Osteopathic Medicine,INT J OSTEOPATH MED,1746-0689,1878-0164,1.3,1.5,Q2,160/336,Q2,Q2,0.55,52.5,42.0,604.0,"MEDICINE, GENERAL & INTERNAL; REHABILITATION","MEDICINE, GENERAL & INTERNAL(JIF Q2/JCI Q2) | REHABILITATION(JIF Q3/JCI Q3)",ELSEVIER SCI LTD,Elsevier,是,SCIE,混合为主,"订阅路线通常无APC；Gold OA常见 USD 2,200-4,200",中,https://www.elsevier.com/open-access/agreements,https://www.google.com/search?q=International+Journal+of+Osteopathic+Medicine+aims+scope+instructions+for+authors+APC
1396,3-Q2,0,Medicine in Novel Technology and Devices,MED NOV TECHNOL DEV,,2590-0935,4.5,,Q2,46/130,Q2,Q2,0.65,65.0,41.0,1030.0,"ENGINEERING, BIOMEDICAL","ENGINEERING, BIOMEDICAL(JIF Q2/JCI Q2)",ELSEVIER,Elsevier,否,ESCI,混合为主,"订阅路线通常无APC；Gold OA常见 USD 2,200-4,200",中,https://www.elsevier.com/open-access/agreements,https://www.google.com/search?q=Medicine+in+Novel+Technology+and+Devices+aims+scope+instructions+for+authors+APC
1397,3-Q2,0,NEUROTOXICITY RESEARCH,NEUROTOX RES,1029-8428,1476-3524,3.9,3.6,Q2,115/330,Q2,Q2,0.82,65.3,41.0,4935.0,NEUROSCIENCES,NEUROSCIENCES(JIF Q2/JCI Q2),SPRINGER,Springer,是,SCIE,混合为主,"订阅路线通常无APC；选OA约 USD 2,790-4,290",中,https://www.springer.com/gp/open-access,https://www.google.com/search?q=NEUROTOXICITY+RESEARCH+aims+scope+instructions+for+authors+APC
1398,3-Q2,0,Psoriasis-Targets and Therapy,PSORIASIS-TARGETS TH,,2230-326X,3.4,4.9,Q2,25/99,Q1,Q1,1.37,75.3,41.0,643.0,DERMATOLOGY,DERMATOLOGY(JIF Q2/JCI Q1),DOVE MEDICAL PRESS LTD,其他,否,ESCI,需核实,请查期刊官网 Author / Open Access 页面,未知,,https://www.google.com/search?q=Psoriasis-Targets+and+Therapy+aims+scope+instructions+for+authors+APC
1399,3-Q2,0,NEUROPATHOLOGY AND APPLIED NEUROBIOLOGY,NEUROPATH APPL NEURO,0305-1846,1365-2990,3.0,4.2,Q2,26/89,Q1,Q1,1.02,71.3,41.0,4383.0,CLINICAL NEUROLOGY; NEUROSCIENCES; PATHOLOGY,CLINICAL NEUROLOGY(JIF Q2/JCI Q1) | NEUROSCIENCES(JIF Q3/JCI Q2) | PATHOLOGY(JIF Q2/JCI Q2),WILEY,Wiley,是,SCIE,混合为主,"订阅路线通常无APC；OnlineOpen常见 USD 3,200-4,700",中,https://authorservices.wiley.com/author-resources/Journal-Authors/open-access/article-publication-charges.html,https://www.google.com/search?q=NEUROPATHOLOGY+AND+APPLIED+NEUROBIOLOGY+aims+scope+instructions+for+authors+APC
1400,3-Q2,0,Research Ethics,RES ETHICS-UK,1747-0161,2047-6094,2.9,2.7,Q2,13/72,Q2,Q1,1.07,65.9,41.0,768.0,MEDICAL ETHICS,MEDICAL ETHICS(JIF Q2/JCI Q2),SAGE PUBLICATIONS INC,SAGE,否,ESCI,混合为主,"订阅路线通常无APC；SAGE Choice常见 USD 2,000-4,000",中,https://us.sagepub.com/en-us/nam/sage-choice,https://www.google.com/search?q=Research+Ethics+aims+scope+instructions+for+authors+APC
1401,3-Q2,0,Evidence-Based Dentistry,EVID-BASED DENT,1462-0049,1476-5446,2.9,,Q2,46/165,Q3,Q3,0.72,72.4,41.0,1177.0,"DENTISTRY, ORAL SURGERY & MEDICINE","DENTISTRY, ORAL SURGERY & MEDICINE(JIF Q2/JCI Q3)",SPRINGERNATURE,Springer Nature,否,ESCI,混合/全OA,"全OA约 USD 2,090-3,490；Nature系更高；Scientific Reports已拉黑",中高,https://www.springernature.com/gp/open-research/journals-books/journals,https://www.google.com/search?q=Evidence-Based+Dentistry+aims+scope+instructions+for+authors+APC
1402,3-Q2,0,Health Care Management Science,HEALTH CARE MANAG SC,1386-9620,1572-9389,2.8,2.9,Q2,42/125,Q2,Q2,0.9,66.8,41.0,1594.0,HEALTH POLICY & SERVICES,HEALTH POLICY & SERVICES(JIF Q2/JCI Q2),SPRINGER,Springer,否,SSCI,混合为主,"订阅路线通常无APC；选OA约 USD 2,790-4,290",中,https://www.springer.com/gp/open-access,https://www.google.com/search?q=Health+Care+Management+Science+aims+scope+instructions+for+authors+APC
1403,3-Q2,0,Asian Journal of Urology,ASIAN J UROL,2214-3882,2214-3890,2.7,2.8,Q2,50/134,Q2,Q2,0.77,63.1,41.0,1366.0,UROLOGY & NEPHROLOGY,UROLOGY & NEPHROLOGY(JIF Q2/JCI Q2),ELSEVIER SINGAPORE PTE LTD,Elsevier,否,ESCI,混合为主,"订阅路线通常无APC；Gold OA常见 USD 2,200-4,200",中,https://www.elsevier.com/open-access/agreements,https://www.google.com/search?q=Asian+Journal+of+Urology+aims+scope+instructions+for+authors+APC
1404,3-Q2,0,Chronic Obstructive Pulmonary Diseases-Journal of the COPD Foundation,COPD-J COPD FDN,2372-952X,2372-952X,2.7,2.8,Q2,49/107,Q2,Q2,0.66,54.7,41.0,984.0,RESPIRATORY SYSTEM,RESPIRATORY SYSTEM(JIF Q2/JCI Q2),COPD FOUNDATION,其他,是,SCIE,需核实,请查期刊官网 Author / Open Access 页面,未知,,https://www.google.com/search?q=Chronic+Obstructive+Pulmonary+Diseases-Journal+of+the+COPD+Foundation+aims+scope+instructions+for+authors+APC
1405,3-Q2,0,NEUROSURGERY CLINICS OF NORTH AMERICA,NEUROSURG CLIN N AM,1042-3680,1558-1349,2.5,2.9,Q2,85/321,Q2,Q2,0.86,73.7,41.0,2775.0,CLINICAL NEUROLOGY; SURGERY,CLINICAL NEUROLOGY(JIF Q3/JCI Q2) | SURGERY(JIF Q2/JCI Q2),W B SAUNDERS CO-ELSEVIER INC,Elsevier,是,SCIE,混合为主,"订阅路线通常无APC；Gold OA常见 USD 2,200-4,200",中,https://www.elsevier.com/open-access/agreements,https://www.google.com/search?q=NEUROSURGERY+CLINICS+OF+NORTH+AMERICA+aims+scope+instructions+for+authors+APC
1406,3-Q2,0,INTERNATIONAL JOURNAL OF SPORT NUTRITION AND EXERCISE METABOLISM,INT J SPORT NUTR EXE,1526-484X,1543-2742,2.5,2.9,Q2,51/136,Q2,Q2,0.83,62.9,41.0,3770.0,NUTRITION & DIETETICS; SPORT SCIENCES,NUTRITION & DIETETICS(JIF Q3/JCI Q2) | SPORT SCIENCES(JIF Q2/JCI Q2),HUMAN KINETICS PUBL INC,其他,是,SCIE,需核实,请查期刊官网 Author / Open Access 页面,未知,,https://www.google.com/search?q=INTERNATIONAL+JOURNAL+OF+SPORT+NUTRITION+AND+EXERCISE+METABOLISM+aims+scope+instructions+for+authors+APC
1407,3-Q2,0,Cardiovascular Engineering and Technology,CARDIOVASC ENG TECHN,1869-408X,1869-4098,2.4,2.4,Q2,117/237,Q3,Q3,0.47,50.8,41.0,1330.0,"CARDIAC & CARDIOVASCULAR SYSTEMS; ENGINEERING, BIOMEDICAL","CARDIAC & CARDIOVASCULAR SYSTEMS(JIF Q2/JCI Q3) | ENGINEERING, BIOMEDICAL(JIF Q3/JCI Q3)",SPRINGER,Springer,是,SCIE,混合为主,"订阅路线通常无APC；选OA约 USD 2,790-4,290",中,https://www.springer.com/gp/open-access,https://www.google.com/search?q=Cardiovascular+Engineering+and+Technology+aims+scope+instructions+for+authors+APC
1408,3-Q2,0,Collegian,COLLEGIAN,1322-7696,1876-7575,2.2,2.3,Q2,69/194,Q2,Q2,0.9,64.7,41.0,2080.0,NURSING,NURSING(JIF Q2/JCI Q2),ELSEVIER,Elsevier,是,"SCIE, SSCI",混合为主,"订阅路线通常无APC；Gold OA常见 USD 2,200-4,200",中,https://www.elsevier.com/open-access/agreements,https://www.google.com/search?q=Collegian+aims+scope+instructions+for+authors+APC
1409,3-Q2,0,GM Crops & Food-Biotechnology in Agriculture and the Food Chain,GM CROPS FOOD,2164-5698,2164-5701,4.3,4.6,Q2,54/285,Q1,Q1,0.98,65.8,40.0,1091.0,BIOTECHNOLOGY & APPLIED MICROBIOLOGY,BIOTECHNOLOGY & APPLIED MICROBIOLOGY(JIF Q2/JCI Q1),TAYLOR & FRANCIS LTD,Taylor & Francis,是,SCIE,混合为主,"订阅路线通常无APC；Open Select常见 USD 2,500-3,500",中,https://authorservices.taylorandfrancis.com/publishing-open-access/,https://www.google.com/search?q=GM+Crops+&+Food-Biotechnology+in+Agriculture+and+the+Food+Chain+aims+scope+instructions+for+authors+APC
1410,3-Q2,0,Clinical Neuropsychiatry,CLIN NEUROPSYCHIATR,1724-4935,2385-0787,3.8,3.6,Q2,75/293,Q2,Q2,0.9,74.6,40.0,1163.0,CLINICAL NEUROLOGY; PSYCHIATRY,CLINICAL NEUROLOGY(JIF Q2/JCI Q2) | PSYCHIATRY(JIF Q2/JCI Q2),GIOVANNI FIORITI EDITORE,其他,否,ESCI,需核实,请查期刊官网 Author / Open Access 页面,未知,,https://www.google.com/search?q=Clinical+Neuropsychiatry+aims+scope+instructions+for+authors+APC
1411,3-Q2,0,Journal of the Canadian Association of Gastroenterology,J CAN ASSOC GASTROEN,2515-2084,2515-2092,3.8,4.6,Q2,46/153,Q3,Q3,0.51,70.3,40.0,871.0,GASTROENTEROLOGY & HEPATOLOGY,GASTROENTEROLOGY & HEPATOLOGY(JIF Q2/JCI Q3),OXFORD UNIV PRESS,Oxford UP,否,ESCI,混合为主,订阅路线通常无APC；可选OA，费用因刊而异,中,https://academic.oup.com/pages/open-research/open-access,https://www.google.com/search?q=Journal+of+the+Canadian+Association+of+Gastroenterology+aims+scope+instructions+for+authors+APC
1412,3-Q2,0,Advances in Pharmacological and Pharmaceutical Sciences,ADV PHARM PHARM SCI,2633-4682,2633-4690,2.9,3.4,Q2,173/356,Q2,Q2,0.67,51.5,40.0,847.0,PHARMACOLOGY & PHARMACY,PHARMACOLOGY & PHARMACY(JIF Q2/JCI Q2),WILEY,Wiley,否,ESCI,混合为主,"订阅路线通常无APC；OnlineOpen常见 USD 3,200-4,700",中,https://authorservices.wiley.com/author-resources/Journal-Authors/open-access/article-publication-charges.html,https://www.google.com/search?q=Advances+in+Pharmacological+and+Pharmaceutical+Sciences+aims+scope+instructions+for+authors+APC
1413,3-Q2,0,BLOOD PRESSURE,BLOOD PRESSURE,0803-7051,1651-1999,2.8,2.1,Q2,47/100,Q3,Q3,0.53,53.5,40.0,1238.0,PERIPHERAL VASCULAR DISEASE,PERIPHERAL VASCULAR DISEASE(JIF Q2/JCI Q3),TAYLOR & FRANCIS LTD,Taylor & Francis,是,SCIE,混合为主,"订阅路线通常无APC；Open Select常见 USD 2,500-3,500",中,https://authorservices.taylorandfrancis.com/publishing-open-access/,https://www.google.com/search?q=BLOOD+PRESSURE+aims+scope+instructions+for+authors+APC
1414,3-Q2,0,Obstetrics & Gynecology Science,OBSTET GYNECOL SCI,2287-8572,2287-8580,2.5,2.1,Q2,53/143,Q2,Q2,0.79,63.3,40.0,1449.0,OBSTETRICS & GYNECOLOGY,OBSTETRICS & GYNECOLOGY(JIF Q2/JCI Q2),Korean Soc Obstetrics and Gynecology (KSOG),其他,否,ESCI,需核实,请查期刊官网 Author / Open Access 页面,未知,,https://www.google.com/search?q=Obstetrics+&+Gynecology+Science+aims+scope+instructions+for+authors+APC
1415,3-Q2,0,Leadership in Health Services,LEADERSH HEALTH SERV,1751-1879,1751-1887,2.3,2.5,Q2,61/125,Q3,Q3,0.7,51.6,40.0,918.0,HEALTH POLICY & SERVICES,HEALTH POLICY & SERVICES(JIF Q2/JCI Q3),EMERALD GROUP PUBLISHING LTD,其他,否,ESCI,需核实,请查期刊官网 Author / Open Access 页面,未知,,https://www.google.com/search?q=Leadership+in+Health+Services+aims+scope+instructions+for+authors+APC
1416,3-Q2,0,Brazilian Journal of Anesthesiology,BRAZ J ANESTHESIOL,0104-0014,2352-2291,2.2,2.1,Q2,34/72,Q2,Q2,0.86,53.5,40.0,869.0,ANESTHESIOLOGY,ANESTHESIOLOGY(JIF Q2/JCI Q2),ELSEVIER SCIENCE INC,Elsevier,是,SCIE,混合为主,"订阅路线通常无APC；Gold OA常见 USD 2,200-4,200",中,https://www.elsevier.com/open-access/agreements,https://www.google.com/search?q=Brazilian+Journal+of+Anesthesiology+aims+scope+instructions+for+authors+APC
1417,3-Q2,0,Biological Research for Nursing,BIOL RES NURS,1099-8004,1552-4175,2.0,2.8,Q2,87/194,Q2,Q2,0.83,55.4,40.0,2139.0,NURSING,NURSING(JIF Q2/JCI Q2),SAGE PUBLICATIONS INC,SAGE,是,SCIE,混合为主,"订阅路线通常无APC；SAGE Choice常见 USD 2,000-4,000",中,https://us.sagepub.com/en-us/nam/sage-choice,https://www.google.com/search?q=Biological+Research+for+Nursing+aims+scope+instructions+for+authors+APC
1418,3-Q2,0,ANNALS OF SAUDI MEDICINE,ANN SAUDI MED,0256-4947,1319-9226,1.8,1.8,Q2,127/336,Q2,Q2,0.59,62.4,40.0,2424.0,"MEDICINE, GENERAL & INTERNAL","MEDICINE, GENERAL & INTERNAL(JIF Q2/JCI Q2)",K FAISAL SPEC HOSP RES CENTRE,其他,是,SCIE,需核实,请查期刊官网 Author / Open Access 页面,未知,,https://www.google.com/search?q=ANNALS+OF+SAUDI+MEDICINE+aims+scope+instructions+for+authors+APC
1419,3-Q2,0,Ochsner Journal,OCHSNER J,1524-5012,2831-4107,1.5,1.6,Q2,148/336,Q2,Q2,0.44,56.1,40.0,1870.0,"MEDICINE, GENERAL & INTERNAL","MEDICINE, GENERAL & INTERNAL(JIF Q2/JCI Q2)",OCHSNER CLINIC,其他,否,ESCI,需核实,请查期刊官网 Author / Open Access 页面,未知,,https://www.google.com/search?q=Ochsner+Journal+aims+scope+instructions+for+authors+APC
1420,3-Q2,0,ACTA CLINICA BELGICA,ACTA CLIN BELG,1784-3286,2295-3337,1.4,1.3,Q2,152/336,Q3,Q3,0.27,54.9,40.0,1289.0,"MEDICINE, GENERAL & INTERNAL","MEDICINE, GENERAL & INTERNAL(JIF Q2/JCI Q3)",TAYLOR & FRANCIS LTD,Taylor & Francis,是,SCIE,混合为主,"订阅路线通常无APC；Open Select常见 USD 2,500-3,500",中,https://authorservices.taylorandfrancis.com/publishing-open-access/,https://www.google.com/search?q=ACTA+CLINICA+BELGICA+aims+scope+instructions+for+authors+APC
1421,3-Q2,0,Function,FUNCTION,,2633-8823,5.0,5.5,Q2,11/89,Q1,Q1,1.08,63.5,39.0,912.0,CELL BIOLOGY,CELL BIOLOGY(JIF Q2/JCI Q1),OXFORD UNIV PRESS,Oxford UP,否,ESCI,混合为主,订阅路线通常无APC；可选OA，费用因刊而异,中,https://academic.oup.com/pages/open-research/open-access,https://www.google.com/search?q=Function+aims+scope+instructions+for+authors+APC
1422,3-Q2,0,BBA Advances,BBA ADV,,2667-1603,4.5,3.4,Q2,13/81,Q2,Q1,0.82,68.8,39.0,516.0,BIOCHEMISTRY & MOLECULAR BIOLOGY,BIOCHEMISTRY & MOLECULAR BIOLOGY(JIF Q2/JCI Q2),ELSEVIER,Elsevier,否,ESCI,混合为主,"订阅路线通常无APC；Gold OA常见 USD 2,200-4,200",中,https://www.elsevier.com/open-access/agreements,https://www.google.com/search?q=BBA+Advances+aims+scope+instructions+for+authors+APC
1423,3-Q2,0,Environmental Pollutants and Bioavailability,ENV POLLUT BIOAVAIL,2639-5932,2639-5940,4.0,4.0,Q2,30/106,Q2,Q2,0.66,72.2,39.0,1015.0,BIOCHEMISTRY & MOLECULAR BIOLOGY; TOXICOLOGY,BIOCHEMISTRY & MOLECULAR BIOLOGY(JIF Q2/JCI Q2) | TOXICOLOGY(JIF Q2/JCI Q3),TAYLOR & FRANCIS LTD,Taylor & Francis,是,SCIE,混合为主,"订阅路线通常无APC；Open Select常见 USD 2,500-3,500",中,https://authorservices.taylorandfrancis.com/publishing-open-access/,https://www.google.com/search?q=Environmental+Pollutants+and+Bioavailability+aims+scope+instructions+for+authors+APC
1424,3-Q2,0,Frontiers in Systems Neuroscience,FRONT SYST NEUROSCI,,1662-5137,3.6,4.2,Q2,132/330,Q3,Q3,0.7,60.2,39.0,7002.0,NEUROSCIENCES,NEUROSCIENCES(JIF Q2/JCI Q3),FRONTIERS MEDIA SA,Frontiers,是,SCIE,全OA,"约 CHF 1,495-3,150（Frontiers in Medicine A类=CHF 3,150）",高,https://www.frontiersin.org/about/fee-policy,https://www.google.com/search?q=Frontiers+in+Systems+Neuroscience+aims+scope+instructions+for+authors+APC
1425,3-Q2,0,FEMS YEAST RESEARCH,FEMS YEAST RES,1567-1356,1567-1364,3.5,3.7,Q2,13/33,Q2,Q2,0.66,51.4,39.0,4899.0,BIOTECHNOLOGY & APPLIED MICROBIOLOGY; MICROBIOLOGY,BIOTECHNOLOGY & APPLIED MICROBIOLOGY(JIF Q2/JCI Q2) | MICROBIOLOGY(JIF Q2/JCI Q3),OXFORD UNIV PRESS,Oxford UP,是,SCIE,混合为主,订阅路线通常无APC；可选OA，费用因刊而异,中,https://academic.oup.com/pages/open-research/open-access,https://www.google.com/search?q=FEMS+YEAST+RESEARCH+aims+scope+instructions+for+authors+APC
1426,3-Q2,0,Cognitive Behaviour Therapist,COGN BEH THER,1754-470X,1754-470X,2.8,3.8,Q2,54/184,Q2,Q2,0.75,70.9,39.0,2116.0,"PSYCHOLOGY, CLINICAL","PSYCHOLOGY, CLINICAL(JIF Q2/JCI Q2)",CAMBRIDGE UNIV PRESS,Cambridge UP,否,ESCI,混合为主,订阅路线通常无APC；Gold OA因刊而异,中,https://www.cambridge.org/core/open-research/open-access,https://www.google.com/search?q=Cognitive+Behaviour+Therapist+aims+scope+instructions+for+authors+APC
1427,3-Q2,0,PHOTODERMATOLOGY PHOTOIMMUNOLOGY & PHOTOMEDICINE,PHOTODERMATOL PHOTO,0905-4383,1600-0781,2.7,3.0,Q2,39/99,Q2,Q2,0.76,61.1,39.0,2337.0,DERMATOLOGY,DERMATOLOGY(JIF Q2/JCI Q2),WILEY,Wiley,是,SCIE,混合为主,"订阅路线通常无APC；OnlineOpen常见 USD 3,200-4,700",中,https://authorservices.wiley.com/author-resources/Journal-Authors/open-access/article-publication-charges.html,https://www.google.com/search?q=PHOTODERMATOLOGY+PHOTOIMMUNOLOGY+&+PHOTOMEDICINE+aims+scope+instructions+for+authors+APC
1428,3-Q2,0,MEDICAL PRINCIPLES AND PRACTICE,MED PRIN PRACT,1011-7571,1423-0151,2.7,3.6,Q2,85/336,Q2,Q2,0.66,74.9,39.0,3340.0,"MEDICINE, GENERAL & INTERNAL","MEDICINE, GENERAL & INTERNAL(JIF Q2/JCI Q2)",KARGER,Karger,是,SCIE,混合/OA,"因刊而异，常见 USD 2,500-3,800",中,https://karger.com/pages/Open-Access,https://www.google.com/search?q=MEDICAL+PRINCIPLES+AND+PRACTICE+aims+scope+instructions+for+authors+APC
1429,3-Q2,0,Holistic Nursing Practice,HOLIST NURS PRACT,0887-9311,1550-5138,2.3,2.1,Q2,62/194,Q2,Q2,0.63,68.3,39.0,1263.0,INTEGRATIVE & COMPLEMENTARY MEDICINE; NURSING,INTEGRATIVE & COMPLEMENTARY MEDICINE(JIF Q2/JCI Q2) | NURSING(JIF Q2/JCI Q3),LIPPINCOTT WILLIAMS & WILKINS,Wolters Kluwer/LWW,是,"SCIE; SCIE, SSCI",混合为主,"订阅路线通常无APC；OA常见 USD 2,000-4,000；MEDICINE已拉黑",中,https://wkauthorservices.editage.com/open-access/,https://www.google.com/search?q=Holistic+Nursing+Practice+aims+scope+instructions+for+authors+APC
1430,3-Q2,0,Community Health Equity Research & Policy,COMMUNITY HLTH EQUIT,2752-535X,2752-5368,2.2,2.1,Q2,218/443,Q3,Q3,0.62,50.9,39.0,322.0,"PUBLIC, ENVIRONMENTAL & OCCUPATIONAL HEALTH","PUBLIC, ENVIRONMENTAL & OCCUPATIONAL HEALTH(JIF Q2/JCI Q3)",SAGE PUBLICATIONS INC,SAGE,否,ESCI,混合为主,"订阅路线通常无APC；SAGE Choice常见 USD 2,000-4,000",中,https://us.sagepub.com/en-us/nam/sage-choice,https://www.google.com/search?q=Community+Health+Equity+Research+&+Policy+aims+scope+instructions+for+authors+APC
1431,3-Q2,0,Perspectives on Behavior Science,PERSPECT BEHAV SCI,2520-8969,2520-8977,2.0,3.5,Q2,89/184,Q2,Q2,0.86,51.9,39.0,896.0,"PSYCHOLOGY, CLINICAL","PSYCHOLOGY, CLINICAL(JIF Q2/JCI Q2)",SPRINGER INT PUBL AG,Springer,否,SSCI,混合为主,"订阅路线通常无APC；选OA约 USD 2,790-4,290",中,https://www.springer.com/gp/open-access,https://www.google.com/search?q=Perspectives+on+Behavior+Science+aims+scope+instructions+for+authors+APC
1432,3-Q2,0,JOURNAL OF MEDICINE AND PHILOSOPHY,J MED PHILOS,0360-5310,1744-5019,2.0,1.9,Q2,27/78,Q2,Q2,0.8,51.0,39.0,1537.0,"SOCIAL SCIENCES, BIOMEDICAL","SOCIAL SCIENCES, BIOMEDICAL(JIF Q2/JCI Q2)",OXFORD UNIV PRESS INC,Oxford UP,否,SSCI,混合为主,订阅路线通常无APC；可选OA，费用因刊而异,中,https://academic.oup.com/pages/open-research/open-access,https://www.google.com/search?q=JOURNAL+OF+MEDICINE+AND+PHILOSOPHY+aims+scope+instructions+for+authors+APC
1433,3-Q2,0,Revista de Investigacion Clinica-Clinical and Translational Investigation,REV INVEST CLIN,0034-8376,2564-8896,2.0,1.8,Q2,113/336,Q2,Q2,0.38,66.5,39.0,907.0,"MEDICINE, GENERAL & INTERNAL","MEDICINE, GENERAL & INTERNAL(JIF Q2/JCI Q2)",INST NACIONAL NUTRICION,其他,是,SCIE,需核实,请查期刊官网 Author / Open Access 页面,未知,,https://www.google.com/search?q=Revista+de+Investigacion+Clinica-Clinical+and+Translational+Investigation+aims+scope+instructions+for+authors+APC
1434,3-Q2,0,PSYCHIATRIC REHABILITATION JOURNAL,PSYCHIATR REHABIL J,1095-158X,1559-3126,1.9,2.2,Q2,76/175,Q2,Q2,0.72,56.9,39.0,2156.0,PSYCHIATRY; REHABILITATION,PSYCHIATRY(JIF Q3/JCI Q2) | REHABILITATION(JIF Q2/JCI Q3),EDUCATIONAL PUBLISHING FOUNDATION-AMERICAN PSYCHOLOGICAL ASSOC,其他,否,SSCI,需核实,请查期刊官网 Author / Open Access 页面,未知,,https://www.google.com/search?q=PSYCHIATRIC+REHABILITATION+JOURNAL+aims+scope+instructions+for+authors+APC
1435,3-Q2,0,Journal of Childrens Orthopaedics,J CHILD ORTHOP,1863-2521,1863-2548,1.8,1.8,Q2,90/190,Q3,Q3,0.66,52.9,39.0,2308.0,ORTHOPEDICS; PEDIATRICS,ORTHOPEDICS(JIF Q3/JCI Q3) | PEDIATRICS(JIF Q2/JCI Q3),SAGE PUBLICATIONS INC,SAGE,是,SCIE,混合为主,"订阅路线通常无APC；SAGE Choice常见 USD 2,000-4,000",中,https://us.sagepub.com/en-us/nam/sage-choice,https://www.google.com/search?q=Journal+of+Childrens+Orthopaedics+aims+scope+instructions+for+authors+APC
1436,3-Q2,0,Tuberculosis and Respiratory Diseases,TUBERC RESPIR DIS,1738-3536,2005-6184,3.6,3.5,Q2,31/107,Q2,Q2,0.71,71.5,38.0,1490.0,RESPIRATORY SYSTEM,RESPIRATORY SYSTEM(JIF Q2/JCI Q2),THE KOREAN ACAD TUBERCULOSIS & RESPIRATORY DISEASES,其他,否,ESCI,需核实,请查期刊官网 Author / Open Access 页面,未知,,https://www.google.com/search?q=Tuberculosis+and+Respiratory+Diseases+aims+scope+instructions+for+authors+APC
1437,3-Q2,0,Cellular and Molecular Bioengineering,CELL MOL BIOENG,1865-5025,1865-5033,3.5,3.0,Q2,24/81,Q3,Q3,0.46,54.2,38.0,1495.0,"CELL & TISSUE ENGINEERING; CELL BIOLOGY; ENGINEERING, BIOMEDICAL","CELL & TISSUE ENGINEERING(JIF Q3/JCI Q3) | CELL BIOLOGY(JIF Q3/JCI Q3) | ENGINEERING, BIOMEDICAL(JIF Q2/JCI Q3)",SPRINGER,Springer,是,SCIE,混合为主,"订阅路线通常无APC；选OA约 USD 2,790-4,290",中,https://www.springer.com/gp/open-access,https://www.google.com/search?q=Cellular+and+Molecular+Bioengineering+aims+scope+instructions+for+authors+APC
1438,3-Q2,0,JMIR Dermatology,JMIR DERMATOL,,2562-0959,3.4,,Q2,25/99,Q2,Q2,0.84,75.3,38.0,573.0,DERMATOLOGY,DERMATOLOGY(JIF Q2/JCI Q2),"JMIR PUBLICATIONS, INC",其他,否,ESCI,需核实,请查期刊官网 Author / Open Access 页面,未知,,https://www.google.com/search?q=JMIR+Dermatology+aims+scope+instructions+for+authors+APC
1439,3-Q2,0,ULTRASCHALL IN DER MEDIZIN,ULTRASCHALL MED,0172-4614,1438-8782,3.2,3.5,Q2,10/41,Q2,Q2,0.74,70.7,38.0,2577.0,"RADIOLOGY, NUCLEAR MEDICINE & MEDICAL IMAGING","RADIOLOGY, NUCLEAR MEDICINE & MEDICAL IMAGING(JIF Q2/JCI Q2)",GEORG THIEME VERLAG KG,Thieme,是,SCIE,混合为主,订阅路线通常无APC；OA另计,中低,https://www.thieme.com/en-us/open-access,https://www.google.com/search?q=ULTRASCHALL+IN+DER+MEDIZIN+aims+scope+instructions+for+authors+APC
1440,3-Q2,0,Sports Medicine and Health Science,SPORTS MED HLTH SCI,2097-6291,2666-3376,3.1,3.8,Q2,35/136,Q2,Q2,0.88,74.6,38.0,1072.0,SPORT SCIENCES,SPORT SCIENCES(JIF Q2/JCI Q2),KEAI PUBLISHING LTD,其他,否,ESCI,需核实,请查期刊官网 Author / Open Access 页面,未知,,https://www.google.com/search?q=Sports+Medicine+and+Health+Science+aims+scope+instructions+for+authors+APC
1441,3-Q2,0,British Journal of Pain,BRIT J PAIN,2049-4637,2049-4645,2.8,2.8,Q2,143/296,Q3,Q3,0.54,51.9,38.0,1388.0,CLINICAL NEUROLOGY,CLINICAL NEUROLOGY(JIF Q2/JCI Q3),SAGE PUBLICATIONS LTD,SAGE,否,ESCI,混合为主,"订阅路线通常无APC；SAGE Choice常见 USD 2,000-4,000",中,https://us.sagepub.com/en-us/nam/sage-choice,https://www.google.com/search?q=British+Journal+of+Pain+aims+scope+instructions+for+authors+APC
1442,3-Q2,0,Journal of Trauma & Dissociation,J TRAUMA DISSOCIATIO,1529-9732,1529-9740,2.7,3.5,Q2,60/184,Q2,Q2,0.82,67.7,38.0,2084.0,"PSYCHIATRY; PSYCHOLOGY, CLINICAL","PSYCHIATRY(JIF Q2/JCI Q2) | PSYCHOLOGY, CLINICAL(JIF Q2/JCI Q2)","ROUTLEDGE JOURNALS, TAYLOR & FRANCIS LTD",Taylor & Francis,否,SSCI,混合为主,"订阅路线通常无APC；Open Select常见 USD 2,500-3,500",中,https://authorservices.taylorandfrancis.com/publishing-open-access/,https://www.google.com/search?q=Journal+of+Trauma+&+Dissociation+aims+scope+instructions+for+authors+APC
1443,3-Q2,0,Journal of Environmental Exposure Assessment,J ENVIRON EXPO ASSES,,2771-5949,2.7,3.0,Q2,160/443,Q3,Q3,0.61,64.0,38.0,234.0,"PUBLIC, ENVIRONMENTAL & OCCUPATIONAL HEALTH; TOXICOLOGY","PUBLIC, ENVIRONMENTAL & OCCUPATIONAL HEALTH(JIF Q2/JCI Q3) | TOXICOLOGY(JIF Q3/JCI Q3)",OAE PUBLISHING INC,其他,否,ESCI,需核实,请查期刊官网 Author / Open Access 页面,未知,,https://www.google.com/search?q=Journal+of+Environmental+Exposure+Assessment+aims+scope+instructions+for+authors+APC
1444,3-Q2,0,Creative Nursing,CREAT NURS,1078-4535,1946-1895,2.5,1.5,Q2,49/194,Q2,Q2,0.75,75.0,38.0,565.0,NURSING,NURSING(JIF Q2/JCI Q2),SAGE PUBLICATIONS INC,SAGE,否,ESCI,混合为主,"订阅路线通常无APC；SAGE Choice常见 USD 2,000-4,000",中,https://us.sagepub.com/en-us/nam/sage-choice,https://www.google.com/search?q=Creative+Nursing+aims+scope+instructions+for+authors+APC
1445,3-Q2,0,DEMENTIA AND GERIATRIC COGNITIVE DISORDERS,DEMENT GERIATR COGN,1420-8008,1421-9824,2.5,2.8,Q2,146/293,Q3,Q3,0.61,50.3,38.0,4612.0,CLINICAL NEUROLOGY; GERIATRICS & GERONTOLOGY; PSYCHIATRY,CLINICAL NEUROLOGY(JIF Q3/JCI Q3) | GERIATRICS & GERONTOLOGY(JIF Q3/JCI Q3) | PSYCHIATRY(JIF Q2/JCI Q3),KARGER,Karger,是,SCIE,混合/OA,"因刊而异，常见 USD 2,500-3,800",中,https://karger.com/pages/Open-Access,https://www.google.com/search?q=DEMENTIA+AND+GERIATRIC+COGNITIVE+DISORDERS+aims+scope+instructions+for+authors+APC
1446,3-Q2,0,Breast Journal,BREAST J,1075-122X,1524-4741,2.4,1.9,Q2,58/143,Q3,Q3,0.55,59.8,38.0,2990.0,OBSTETRICS & GYNECOLOGY; ONCOLOGY,OBSTETRICS & GYNECOLOGY(JIF Q2/JCI Q3) | ONCOLOGY(JIF Q3/JCI Q3),WILEY,Wiley,是,SCIE,混合为主,"订阅路线通常无APC；OnlineOpen常见 USD 3,200-4,700",中,https://authorservices.wiley.com/author-resources/Journal-Authors/open-access/article-publication-charges.html,https://www.google.com/search?q=Breast+Journal+aims+scope+instructions+for+authors+APC
1447,3-Q2,0,AJIDD-American Journal on Intellectual and Developmental Disabilities,AJIDD-AM J INTELLECT,1944-7515,1944-7558,2.3,2.8,Q2,10/62,Q1,Q1,1.33,74.0,38.0,1578.0,REHABILITATION,REHABILITATION(JIF Q2/JCI Q1),AMER ASSOC INTELLECTUAL and DEVELOPMENTAL DISABILITIES-AAIDD,其他,否,SSCI,需核实,请查期刊官网 Author / Open Access 页面,未知,,https://www.google.com/search?q=AJIDD-American+Journal+on+Intellectual+and+Developmental+Disabilities+aims+scope+instructions+for+authors+APC
1448,3-Q2,0,Health Psychology Research,HEALTH PSYCHOL RES,2420-8124,2420-8124,2.3,3.5,Q2,75/184,Q2,Q2,0.8,59.5,38.0,1032.0,"PSYCHOLOGY, CLINICAL","PSYCHOLOGY, CLINICAL(JIF Q2/JCI Q2)",POL SCIENTIFIC LLC,其他,否,ESCI,需核实,请查期刊官网 Author / Open Access 页面,未知,,https://www.google.com/search?q=Health+Psychology+Research+aims+scope+instructions+for+authors+APC
1449,3-Q2,0,EJVES Vascular Forum,EJVES VASC FORUM,2666-688X,2666-688X,1.8,1.2,Q2,157/321,Q3,Q3,0.46,51.2,38.0,241.0,PERIPHERAL VASCULAR DISEASE; SURGERY,PERIPHERAL VASCULAR DISEASE(JIF Q3/JCI Q3) | SURGERY(JIF Q2/JCI Q3),ELSEVIER,Elsevier,否,ESCI,混合为主,"订阅路线通常无APC；Gold OA常见 USD 2,200-4,200",中,https://www.elsevier.com/open-access/agreements,https://www.google.com/search?q=EJVES+Vascular+Forum+aims+scope+instructions+for+authors+APC
1450,3-Q2,0,Journal of Breast Cancer,J BREAST CANCER,1738-6756,2092-9900,3.6,2.7,Q2,132/333,Q3,Q3,0.53,60.5,37.0,1600.0,ONCOLOGY,ONCOLOGY(JIF Q2/JCI Q3),KOREAN BREAST CANCER SOC,其他,是,SCIE,需核实,请查期刊官网 Author / Open Access 页面,未知,,https://www.google.com/search?q=Journal+of+Breast+Cancer+aims+scope+instructions+for+authors+APC
1451,3-Q2,0,Current Pharmaceutical Analysis,CURR PHARM ANAL,1573-4129,1875-676X,3.6,1.6,Q2,128/356,Q3,Q3,0.51,64.2,37.0,1158.0,PHARMACOLOGY & PHARMACY,PHARMACOLOGY & PHARMACY(JIF Q2/JCI Q3),KEAI PUBLISHING LTD,其他,是,SCIE,需核实,请查期刊官网 Author / Open Access 页面,未知,,https://www.google.com/search?q=Current+Pharmaceutical+Analysis+aims+scope+instructions+for+authors+APC
1452,3-Q2,0,Pulmonary Therapy,PULM THER,2364-1754,2364-1746,3.4,3.0,Q2,36/107,Q2,Q2,0.66,66.8,37.0,623.0,RESPIRATORY SYSTEM,RESPIRATORY SYSTEM(JIF Q2/JCI Q2),SPRINGERNATURE,Springer Nature,否,ESCI,混合/全OA,"全OA约 USD 2,090-3,490；Nature系更高；Scientific Reports已拉黑",中高,https://www.springernature.com/gp/open-research/journals-books/journals,https://www.google.com/search?q=Pulmonary+Therapy+aims+scope+instructions+for+authors+APC
1453,3-Q2,0,JOURNAL OF NEURORADIOLOGY,J NEURORADIOLOGY,0150-9861,1773-0406,3.3,3.2,Q2,62/217,Q1,Q1,1.02,71.7,37.0,1687.0,"CLINICAL NEUROLOGY; NEUROIMAGING; RADIOLOGY, NUCLEAR MEDICINE & MEDICAL IMAGING","CLINICAL NEUROLOGY(JIF Q2/JCI Q1) | NEUROIMAGING(JIF Q2/JCI Q2) | RADIOLOGY, NUCLEAR MEDICINE & MEDICAL IMAGING(JIF Q2/JCI Q1)",MASSON EDITEUR,其他,是,SCIE,需核实,请查期刊官网 Author / Open Access 页面,未知,,https://www.google.com/search?q=JOURNAL+OF+NEURORADIOLOGY+aims+scope+instructions+for+authors+APC
1454,3-Q2,0,JOURNAL OF NEUROPSYCHIATRY AND CLINICAL NEUROSCIENCES,J NEUROPSYCH CLIN N,0895-0172,1545-7222,3.3,3.1,Q2,97/293,Q2,Q2,0.74,67.1,37.0,3598.0,CLINICAL NEUROLOGY; NEUROSCIENCES; PSYCHIATRY,CLINICAL NEUROLOGY(JIF Q2/JCI Q2) | NEUROSCIENCES(JIF Q2/JCI Q3) | PSYCHIATRY(JIF Q2/JCI Q2),"AMER PSYCHIATRIC PUBLISHING, INC",其他,是,SCIE,需核实,请查期刊官网 Author / Open Access 页面,未知,,https://www.google.com/search?q=JOURNAL+OF+NEUROPSYCHIATRY+AND+CLINICAL+NEUROSCIENCES+aims+scope+instructions+for+authors+APC
1455,3-Q2,0,LGBT Health,LGBT HEALTH,2325-8292,2325-8306,3.1,4.6,Q2,128/443,Q1,Q1,1.05,71.2,37.0,3070.0,"PUBLIC, ENVIRONMENTAL & OCCUPATIONAL HEALTH","PUBLIC, ENVIRONMENTAL & OCCUPATIONAL HEALTH(JIF Q2/JCI Q1)",SAGE PUBLICATIONS INC,SAGE,是,"SCIE, SSCI",混合为主,"订阅路线通常无APC；SAGE Choice常见 USD 2,000-4,000",中,https://us.sagepub.com/en-us/nam/sage-choice,https://www.google.com/search?q=LGBT+Health+aims+scope+instructions+for+authors+APC
1456,3-Q2,0,Journal of the American Society of Cytopathology,J AM SOC CYTOPATHOL,2213-2945,2213-2953,2.7,,Q2,35/89,Q1,Q1,1.53,61.2,37.0,844.0,ONCOLOGY; PATHOLOGY,ONCOLOGY(JIF Q3/JCI Q1) | PATHOLOGY(JIF Q2/JCI Q1),ELSEVIER,Elsevier,否,ESCI,混合为主,"订阅路线通常无APC；Gold OA常见 USD 2,200-4,200",中,https://www.elsevier.com/open-access/agreements,https://www.google.com/search?q=Journal+of+the+American+Society+of+Cytopathology+aims+scope+instructions+for+authors+APC
1457,3-Q2,0,Canadian Journal of Nursing Research,CAN J NURS RES,0844-5621,1705-7051,2.4,3.2,Q2,58/194,Q1,Q1,1.15,70.4,37.0,1257.0,NURSING,NURSING(JIF Q2/JCI Q1),SAGE PUBLICATIONS INC,SAGE,否,ESCI,混合为主,"订阅路线通常无APC；SAGE Choice常见 USD 2,000-4,000",中,https://us.sagepub.com/en-us/nam/sage-choice,https://www.google.com/search?q=Canadian+Journal+of+Nursing+Research+aims+scope+instructions+for+authors+APC
1458,3-Q2,0,INTERNATIONAL JOURNAL OF MENTAL HEALTH,INT J MENT HEALTH,0020-7411,1557-9328,2.4,2.4,Q2,72/184,Q3,Q3,0.61,61.1,37.0,761.0,"PSYCHOLOGY, CLINICAL","PSYCHOLOGY, CLINICAL(JIF Q2/JCI Q3)","ROUTLEDGE JOURNALS, TAYLOR & FRANCIS LTD",Taylor & Francis,否,ESCI,混合为主,"订阅路线通常无APC；Open Select常见 USD 2,500-3,500",中,https://authorservices.taylorandfrancis.com/publishing-open-access/,https://www.google.com/search?q=INTERNATIONAL+JOURNAL+OF+MENTAL+HEALTH+aims+scope+instructions+for+authors+APC
1459,3-Q2,0,Orthopedic Research and Reviews,ORTHOP RES REV,,1179-1462,2.0,2.7,Q2,70/147,Q2,Q2,0.79,52.7,37.0,703.0,ORTHOPEDICS,ORTHOPEDICS(JIF Q2/JCI Q2),DOVE MEDICAL PRESS LTD,其他,否,ESCI,需核实,请查期刊官网 Author / Open Access 页面,未知,,https://www.google.com/search?q=Orthopedic+Research+and+Reviews+aims+scope+instructions+for+authors+APC
1460,3-Q2,0,MINIMALLY INVASIVE THERAPY & ALLIED TECHNOLOGIES,MINIM INVASIV THER,1364-5706,1365-2931,1.8,1.7,Q2,157/321,Q2,Q2,0.84,51.2,37.0,1461.0,SURGERY,SURGERY(JIF Q2/JCI Q2),TAYLOR & FRANCIS LTD,Taylor & Francis,是,SCIE,混合为主,"订阅路线通常无APC；Open Select常见 USD 2,500-3,500",中,https://authorservices.taylorandfrancis.com/publishing-open-access/,https://www.google.com/search?q=MINIMALLY+INVASIVE+THERAPY+&+ALLIED+TECHNOLOGIES+aims+scope+instructions+for+authors+APC
1461,3-Q2,0,LARYNGO-RHINO-OTOLOGIE,LARYNGO RHINO OTOL,0935-8943,1438-8685,1.6,1.0,Q2,29/67,Q3,Q3,0.55,57.5,37.0,864.0,OTORHINOLARYNGOLOGY,OTORHINOLARYNGOLOGY(JIF Q2/JCI Q3),GEORG THIEME VERLAG KG,Thieme,是,SCIE,混合为主,订阅路线通常无APC；OA另计,中低,https://www.thieme.com/en-us/open-access,https://www.google.com/search?q=LARYNGO-RHINO-OTOLOGIE+aims+scope+instructions+for+authors+APC
1462,3-Q2,0,NEUROTOXICOLOGY AND TERATOLOGY,NEUROTOXICOL TERATOL,0892-0362,1872-9738,3.7,3.4,Q2,33/106,Q2,Q2,0.79,69.3,36.0,3182.0,NEUROSCIENCES; TOXICOLOGY,NEUROSCIENCES(JIF Q2/JCI Q2) | TOXICOLOGY(JIF Q2/JCI Q2),PERGAMON-ELSEVIER SCIENCE LTD,Elsevier,是,SCIE,混合为主,"订阅路线通常无APC；Gold OA常见 USD 2,200-4,200",中,https://www.elsevier.com/open-access/agreements,https://www.google.com/search?q=NEUROTOXICOLOGY+AND+TERATOLOGY+aims+scope+instructions+for+authors+APC
1463,3-Q2,0,Beneficial Microbes,BENEF MICROBES,1876-2883,1876-2891,3.5,5.2,Q2,49/114,Q2,Q2,0.66,57.5,36.0,3241.0,MICROBIOLOGY; NUTRITION & DIETETICS,MICROBIOLOGY(JIF Q2/JCI Q3) | NUTRITION & DIETETICS(JIF Q2/JCI Q2),BRILL,其他,是,SCIE,需核实,请查期刊官网 Author / Open Access 页面,未知,,https://www.google.com/search?q=Beneficial+Microbes+aims+scope+instructions+for+authors+APC
1464,3-Q2,0,Best Practice & Research-Clinical Anaesthesiology,BEST PRAC RES-CL ANA,1521-6896,1878-1608,3.3,4.4,Q2,20/72,Q1,Q1,1.21,72.9,36.0,2489.0,ANESTHESIOLOGY,ANESTHESIOLOGY(JIF Q2/JCI Q1),ELSEVIER,Elsevier,是,SCIE,混合为主,"订阅路线通常无APC；Gold OA常见 USD 2,200-4,200",中,https://www.elsevier.com/open-access/agreements,https://www.google.com/search?q=Best+Practice+&+Research-Clinical+Anaesthesiology+aims+scope+instructions+for+authors+APC
1465,3-Q2,0,Sexual and Reproductive Health Matters,SEX REPROD HLTH MATT,,2641-0397,3.3,4.8,Q2,113/443,Q2,Q2,0.66,74.6,36.0,1446.0,"PUBLIC, ENVIRONMENTAL & OCCUPATIONAL HEALTH","PUBLIC, ENVIRONMENTAL & OCCUPATIONAL HEALTH(JIF Q2/JCI Q2)",TAYLOR & FRANCIS LTD,Taylor & Francis,否,SSCI,混合为主,"订阅路线通常无APC；Open Select常见 USD 2,500-3,500",中,https://authorservices.taylorandfrancis.com/publishing-open-access/,https://www.google.com/search?q=Sexual+and+Reproductive+Health+Matters+aims+scope+instructions+for+authors+APC
1466,3-Q2,0,Journal of Optometry,J OPTOM,1888-4296,1989-1342,3.1,3.0,Q2,25/98,Q2,Q2,1.0,75.0,36.0,1159.0,OPHTHALMOLOGY,OPHTHALMOLOGY(JIF Q2/JCI Q2),ELSEVIER,Elsevier,否,ESCI,混合为主,"订阅路线通常无APC；Gold OA常见 USD 2,200-4,200",中,https://www.elsevier.com/open-access/agreements,https://www.google.com/search?q=Journal+of+Optometry+aims+scope+instructions+for+authors+APC
1467,3-Q2,0,Restorative Dentistry and Endodontics,RESTOR DENT ENDOD,2234-7658,2234-7666,2.9,,Q2,46/165,Q2,Q2,0.94,72.4,36.0,2117.0,"DENTISTRY, ORAL SURGERY & MEDICINE","DENTISTRY, ORAL SURGERY & MEDICINE(JIF Q2/JCI Q2)",Korean Acad Conservative Dentistry,其他,否,ESCI,需核实,请查期刊官网 Author / Open Access 页面,未知,,https://www.google.com/search?q=Restorative+Dentistry+and+Endodontics+aims+scope+instructions+for+authors+APC
1468,3-Q2,0,CANCER CYTOPATHOLOGY,CANCER CYTOPATHOL,1934-662X,1934-6638,2.9,3.0,Q2,30/89,Q2,Q2,0.86,66.9,36.0,3016.0,ONCOLOGY; PATHOLOGY,ONCOLOGY(JIF Q3/JCI Q2) | PATHOLOGY(JIF Q2/JCI Q2),WILEY,Wiley,是,SCIE,混合为主,"订阅路线通常无APC；OnlineOpen常见 USD 3,200-4,700",中,https://authorservices.wiley.com/author-resources/Journal-Authors/open-access/article-publication-charges.html,https://www.google.com/search?q=CANCER+CYTOPATHOLOGY+aims+scope+instructions+for+authors+APC
1469,3-Q2,0,DNA AND CELL BIOLOGY,DNA CELL BIOL,1044-5498,1557-7430,2.6,2.4,Q2,96/192,Q3,Q3,0.49,50.3,36.0,3818.0,BIOCHEMISTRY & MOLECULAR BIOLOGY; CELL BIOLOGY; GENETICS & HEREDITY,BIOCHEMISTRY & MOLECULAR BIOLOGY(JIF Q3/JCI Q3) | CELL BIOLOGY(JIF Q3/JCI Q3) | GENETICS & HEREDITY(JIF Q2/JCI Q3),SAGE PUBLICATIONS INC,SAGE,是,SCIE,混合为主,"订阅路线通常无APC；SAGE Choice常见 USD 2,000-4,000",中,https://us.sagepub.com/en-us/nam/sage-choice,https://www.google.com/search?q=DNA+AND+CELL+BIOLOGY+aims+scope+instructions+for+authors+APC
1470,3-Q2,0,Research and Reports in Urology,RES REP UROL,2253-2447,2253-2447,2.4,2.5,Q2,57/134,Q2,Q2,0.75,57.8,36.0,1169.0,UROLOGY & NEPHROLOGY,UROLOGY & NEPHROLOGY(JIF Q2/JCI Q2),DOVE MEDICAL PRESS LTD,其他,否,ESCI,需核实,请查期刊官网 Author / Open Access 页面,未知,,https://www.google.com/search?q=Research+and+Reports+in+Urology+aims+scope+instructions+for+authors+APC
1471,3-Q2,0,Critical Care Nurse,CRIT CARE NURSE,0279-5442,1940-8250,2.3,2.5,Q2,62/194,Q2,Q2,0.61,68.3,36.0,1420.0,CRITICAL CARE MEDICINE; NURSING,CRITICAL CARE MEDICINE(JIF Q3/JCI Q2) | NURSING(JIF Q2/JCI Q3),AMER ASSOC CRITICAL CARE NURSES,其他,是,"SCIE; SCIE, SSCI",需核实,请查期刊官网 Author / Open Access 页面,未知,,https://www.google.com/search?q=Critical+Care+Nurse+aims+scope+instructions+for+authors+APC
1472,3-Q2,0,Journal of Policy and Practice in Intellectual Disabilities,J POLICY PRACT INTEL,1741-1122,1741-1130,2.2,2.8,Q2,58/175,Q1,Q1,1.01,67.1,36.0,1366.0,HEALTH POLICY & SERVICES; REHABILITATION,HEALTH POLICY & SERVICES(JIF Q3/JCI Q1) | REHABILITATION(JIF Q2/JCI Q1),WILEY,Wiley,否,SSCI,混合为主,"订阅路线通常无APC；OnlineOpen常见 USD 3,200-4,700",中,https://authorservices.wiley.com/author-resources/Journal-Authors/open-access/article-publication-charges.html,https://www.google.com/search?q=Journal+of+Policy+and+Practice+in+Intellectual+Disabilities+aims+scope+instructions+for+authors+APC
1473,3-Q2,0,STEREOTACTIC AND FUNCTIONAL NEUROSURGERY,STEREOT FUNCT NEUROS,1011-6125,1423-0372,2.1,2.0,Q2,128/321,Q2,Q2,0.7,60.3,36.0,1859.0,NEUROIMAGING; NEUROSCIENCES; SURGERY,NEUROIMAGING(JIF Q4/JCI Q3) | NEUROSCIENCES(JIF Q3/JCI Q3) | SURGERY(JIF Q2/JCI Q2),KARGER,Karger,是,SCIE,混合/OA,"因刊而异，常见 USD 2,500-3,800",中,https://karger.com/pages/Open-Access,https://www.google.com/search?q=STEREOTACTIC+AND+FUNCTIONAL+NEUROSURGERY+aims+scope+instructions+for+authors+APC
1474,3-Q2,0,AEROBIOLOGIA,AEROBIOLOGIA,0393-5965,1573-3025,2.1,2.1,Q2,44/106,Q3,Q3,0.47,59.0,36.0,1514.0,BIOLOGY,BIOLOGY(JIF Q2/JCI Q3),SPRINGER,Springer,是,SCIE,混合为主,"订阅路线通常无APC；选OA约 USD 2,790-4,290",中,https://www.springer.com/gp/open-access,https://www.google.com/search?q=AEROBIOLOGIA+aims+scope+instructions+for+authors+APC
1475,3-Q2,0,Biologia Futura,BIOL FUTURA,2676-8615,2676-8607,2.1,2.0,Q2,44/106,Q3,Q3,0.45,59.0,36.0,549.0,BIOLOGY,BIOLOGY(JIF Q2/JCI Q3),SPRINGER HEIDELBERG,Springer,是,SCIE,混合为主,"订阅路线通常无APC；选OA约 USD 2,790-4,290",中,https://www.springer.com/gp/open-access,https://www.google.com/search?q=Biologia+Futura+aims+scope+instructions+for+authors+APC
1476,3-Q2,0,Eurasian Journal of Medicine,EURASIAN J MED,,1308-8742,1.6,1.8,Q2,139/336,Q2,Q2,0.38,58.8,36.0,1221.0,"MEDICINE, GENERAL & INTERNAL","MEDICINE, GENERAL & INTERNAL(JIF Q2/JCI Q2)",AVES,其他,否,ESCI,需核实,请查期刊官网 Author / Open Access 页面,未知,,https://www.google.com/search?q=Eurasian+Journal+of+Medicine+aims+scope+instructions+for+authors+APC
1477,3-Q2,0,BIOSCIENCE REPORTS,BIOSCIENCE REP,0144-8463,1573-4935,4.5,3.7,Q2,103/328,Q3,Q3,0.55,68.8,35.0,11943.0,BIOCHEMISTRY & MOLECULAR BIOLOGY; CELL BIOLOGY,BIOCHEMISTRY & MOLECULAR BIOLOGY(JIF Q2/JCI Q3) | CELL BIOLOGY(JIF Q2/JCI Q3),PORTLAND PRESS LTD,其他,是,SCIE,需核实,请查期刊官网 Author / Open Access 页面,未知,,https://www.google.com/search?q=BIOSCIENCE+REPORTS+aims+scope+instructions+for+authors+APC
1478,3-Q2,0,Mycotoxin Research,MYCOTOXIN RES,0178-7888,1867-1632,3.5,3.3,Q2,13/33,Q2,Q2,0.82,61.8,35.0,1673.0,TOXICOLOGY,TOXICOLOGY(JIF Q2/JCI Q2),SPRINGER HEIDELBERG,Springer,是,SCIE,混合为主,"订阅路线通常无APC；选OA约 USD 2,790-4,290",中,https://www.springer.com/gp/open-access,https://www.google.com/search?q=Mycotoxin+Research+aims+scope+instructions+for+authors+APC
1479,3-Q2,0,Current Opinion in Endocrinology Diabetes and Obesity,CURR OPIN ENDOCRINOL,1752-296X,1752-2978,3.5,3.4,Q2,87/198,Q3,Q3,0.58,56.3,35.0,3183.0,ENDOCRINOLOGY & METABOLISM,ENDOCRINOLOGY & METABOLISM(JIF Q2/JCI Q3),LIPPINCOTT WILLIAMS & WILKINS,Wolters Kluwer/LWW,是,SCIE,混合为主,"订阅路线通常无APC；OA常见 USD 2,000-4,000；MEDICINE已拉黑",中,https://wkauthorservices.editage.com/open-access/,https://www.google.com/search?q=Current+Opinion+in+Endocrinology+Diabetes+and+Obesity+aims+scope+instructions+for+authors+APC
1480,3-Q2,0,INTERNATIONAL JOURNAL OF METHODS IN PSYCHIATRIC RESEARCH,INT J METH PSYCH RES,1049-8931,1557-0657,3.4,3.5,Q2,92/293,Q1,Q1,1.04,68.8,35.0,4651.0,PSYCHIATRY,PSYCHIATRY(JIF Q2/JCI Q1),WILEY,Wiley,是,"SCIE, SSCI",混合为主,"订阅路线通常无APC；OnlineOpen常见 USD 3,200-4,700",中,https://authorservices.wiley.com/author-resources/Journal-Authors/open-access/article-publication-charges.html,https://www.google.com/search?q=INTERNATIONAL+JOURNAL+OF+METHODS+IN+PSYCHIATRIC+RESEARCH+aims+scope+instructions+for+authors+APC
1481,3-Q2,0,Cardiology and Therapy,CARDIOL THER,2193-8261,2193-6544,3.2,3.3,Q2,86/237,Q2,Q2,0.67,63.9,35.0,906.0,CARDIAC & CARDIOVASCULAR SYSTEMS,CARDIAC & CARDIOVASCULAR SYSTEMS(JIF Q2/JCI Q2),SPRINGER LONDON LTD,Springer,否,ESCI,混合为主,"订阅路线通常无APC；选OA约 USD 2,790-4,290",中,https://www.springer.com/gp/open-access,https://www.google.com/search?q=Cardiology+and+Therapy+aims+scope+instructions+for+authors+APC
1482,3-Q2,0,Biosafety and Health,BIOSAF HEALTH,2096-6962,2590-0536,2.8,2.7,Q2,149/443,Q2,Q2,0.85,66.5,35.0,718.0,"PUBLIC, ENVIRONMENTAL & OCCUPATIONAL HEALTH","PUBLIC, ENVIRONMENTAL & OCCUPATIONAL HEALTH(JIF Q2/JCI Q2)",ELSEVIER,Elsevier,否,ESCI,混合为主,"订阅路线通常无APC；Gold OA常见 USD 2,200-4,200",中,https://www.elsevier.com/open-access/agreements,https://www.google.com/search?q=Biosafety+and+Health+aims+scope+instructions+for+authors+APC
1483,3-Q2,0,DNA RESEARCH,DNA RES,1340-2838,1756-1663,2.8,3.8,Q2,86/192,Q2,Q2,0.81,55.5,35.0,3006.0,GENETICS & HEREDITY,GENETICS & HEREDITY(JIF Q2/JCI Q2),OXFORD UNIV PRESS,Oxford UP,是,SCIE,混合为主,订阅路线通常无APC；可选OA，费用因刊而异,中,https://academic.oup.com/pages/open-research/open-access,https://www.google.com/search?q=DNA+RESEARCH+aims+scope+instructions+for+authors+APC
1484,3-Q2,0,Blood Transfusion,BLOOD TRANSFUS-ITALY,1723-2007,1723-2007,2.7,2.5,Q2,46/103,Q2,Q2,0.7,55.8,35.0,2313.0,HEMATOLOGY,HEMATOLOGY(JIF Q2/JCI Q2),SIMTIPRO SRL,其他,是,SCIE,需核实,请查期刊官网 Author / Open Access 页面,未知,,https://www.google.com/search?q=Blood+Transfusion+aims+scope+instructions+for+authors+APC
1485,3-Q2,0,Journal of Psychosomatic Obstetrics & Gynecology,J PSYCHOSOM OBST GYN,0167-482X,1743-8942,2.6,3.2,Q2,48/143,Q2,Q2,0.8,66.8,35.0,2231.0,"OBSTETRICS & GYNECOLOGY; PSYCHIATRY; PSYCHOLOGY, CLINICAL","OBSTETRICS & GYNECOLOGY(JIF Q2/JCI Q2) | PSYCHIATRY(JIF Q2/JCI Q2) | PSYCHOLOGY, CLINICAL(JIF Q2/JCI Q2)",TAYLOR & FRANCIS LTD,Taylor & Francis,是,SCIE; SSCI,混合为主,"订阅路线通常无APC；Open Select常见 USD 2,500-3,500",中,https://authorservices.taylorandfrancis.com/publishing-open-access/,https://www.google.com/search?q=Journal+of+Psychosomatic+Obstetrics+&+Gynecology+aims+scope+instructions+for+authors+APC
1486,3-Q2,0,Netherlands Heart Journal,NETH HEART J,1568-5888,1876-6250,2.5,2.0,Q2,111/237,Q2,Q2,0.56,53.4,35.0,1737.0,CARDIAC & CARDIOVASCULAR SYSTEMS,CARDIAC & CARDIOVASCULAR SYSTEMS(JIF Q2/JCI Q2),BOHN STAFLEU VAN LOGHUM BV,其他,是,SCIE,需核实,请查期刊官网 Author / Open Access 页面,未知,,https://www.google.com/search?q=Netherlands+Heart+Journal+aims+scope+instructions+for+authors+APC
1487,3-Q2,0,International Journal of Workplace Health Management,INT J WORKPLACE HEAL,1753-8351,1753-836X,2.4,2.8,Q2,193/443,Q2,Q2,0.84,56.5,35.0,885.0,"PUBLIC, ENVIRONMENTAL & OCCUPATIONAL HEALTH","PUBLIC, ENVIRONMENTAL & OCCUPATIONAL HEALTH(JIF Q2/JCI Q2)",EMERALD GROUP PUBLISHING LTD,其他,否,ESCI,需核实,请查期刊官网 Author / Open Access 页面,未知,,https://www.google.com/search?q=International+Journal+of+Workplace+Health+Management+aims+scope+instructions+for+authors+APC
1488,3-Q2,0,International Journal of Pediatrics,INT J PEDIAT,1687-9740,1687-9759,2.2,2.7,Q2,66/190,Q3,Q3,0.61,65.5,35.0,1239.0,PEDIATRICS,PEDIATRICS(JIF Q2/JCI Q3),WILEY,Wiley,否,ESCI,混合为主,"订阅路线通常无APC；OnlineOpen常见 USD 3,200-4,700",中,https://authorservices.wiley.com/author-resources/Journal-Authors/open-access/article-publication-charges.html,https://www.google.com/search?q=International+Journal+of+Pediatrics+aims+scope+instructions+for+authors+APC
1489,3-Q2,0,PERSPECTIVES IN PSYCHIATRIC CARE,PERSPECT PSYCHIATR C,0031-5990,1744-6163,2.1,2.6,Q2,78/194,Q2,Q2,0.71,60.1,35.0,2877.0,NURSING; PSYCHIATRY,NURSING(JIF Q2/JCI Q2) | PSYCHIATRY(JIF Q3/JCI Q3),WILEY,Wiley,是,"SCIE, SSCI",混合为主,"订阅路线通常无APC；OnlineOpen常见 USD 3,200-4,700",中,https://authorservices.wiley.com/author-resources/Journal-Authors/open-access/article-publication-charges.html,https://www.google.com/search?q=PERSPECTIVES+IN+PSYCHIATRIC+CARE+aims+scope+instructions+for+authors+APC
1490,3-Q2,0,PEDIATRIC DENTISTRY,PEDIATR DENT,0164-1263,1942-5473,2.1,2.3,Q2,73/190,Q2,Q2,0.68,61.8,35.0,3045.0,"DENTISTRY, ORAL SURGERY & MEDICINE; PEDIATRICS","DENTISTRY, ORAL SURGERY & MEDICINE(JIF Q2/JCI Q3) | PEDIATRICS(JIF Q2/JCI Q2)",AMER ACAD PEDIATRIC DENTISTRY,其他,是,SCIE,需核实,请查期刊官网 Author / Open Access 页面,未知,,https://www.google.com/search?q=PEDIATRIC+DENTISTRY+aims+scope+instructions+for+authors+APC
1491,3-Q2,0,Journal of the American Psychiatric Nurses Association,J AM PSYCHIAT NURSES,1078-3903,1532-5725,2.1,2.5,Q2,78/194,Q3,Q3,0.58,60.1,35.0,1323.0,NURSING; PSYCHIATRY,NURSING(JIF Q2/JCI Q3) | PSYCHIATRY(JIF Q3/JCI Q3),SAGE PUBLICATIONS INC,SAGE,是,"SCIE, SSCI",混合为主,"订阅路线通常无APC；SAGE Choice常见 USD 2,000-4,000",中,https://us.sagepub.com/en-us/nam/sage-choice,https://www.google.com/search?q=Journal+of+the+American+Psychiatric+Nurses+Association+aims+scope+instructions+for+authors+APC
1492,3-Q2,0,ORTHOPEDIC CLINICS OF NORTH AMERICA,ORTHOP CLIN N AM,0030-5898,1558-1373,2.0,2.3,Q2,70/147,Q2,Q2,0.75,52.7,35.0,3392.0,ORTHOPEDICS,ORTHOPEDICS(JIF Q2/JCI Q2),W B SAUNDERS CO-ELSEVIER INC,Elsevier,是,SCIE,混合为主,"订阅路线通常无APC；Gold OA常见 USD 2,200-4,200",中,https://www.elsevier.com/open-access/agreements,https://www.google.com/search?q=ORTHOPEDIC+CLINICS+OF+NORTH+AMERICA+aims+scope+instructions+for+authors+APC
1493,3-Q2,0,MCN-The American Journal of Maternal-Child Nursing,MCN-AM J MATERN-CHIL,0361-929X,1539-0683,1.9,2.2,Q2,95/194,Q2,Q2,0.68,51.3,35.0,1213.0,NURSING,NURSING(JIF Q2/JCI Q2),LIPPINCOTT WILLIAMS & WILKINS,Wolters Kluwer/LWW,是,"SCIE, SSCI",混合为主,"订阅路线通常无APC；OA常见 USD 2,000-4,000；MEDICINE已拉黑",中,https://wkauthorservices.editage.com/open-access/,https://www.google.com/search?q=MCN-The+American+Journal+of+Maternal-Child+Nursing+aims+scope+instructions+for+authors+APC
1494,3-Q2,0,Journal of Audiology and Otology,J AUDIOL OTOL,2384-1621,2384-1710,1.8,1.5,Q2,23/67,Q2,Q2,0.83,66.4,35.0,472.0,OTORHINOLARYNGOLOGY,OTORHINOLARYNGOLOGY(JIF Q2/JCI Q2),KOREAN AUDIOLOGICAL SOC,其他,否,ESCI,需核实,请查期刊官网 Author / Open Access 页面,未知,,https://www.google.com/search?q=Journal+of+Audiology+and+Otology+aims+scope+instructions+for+authors+APC
1495,3-Q2,0,Journal of the Royal College of Physicians of Edinburgh,J ROY COLL PHYS EDIN,1478-2715,2042-8189,1.8,1.9,Q2,127/336,Q3,Q3,0.27,62.4,35.0,1042.0,"MEDICINE, GENERAL & INTERNAL","MEDICINE, GENERAL & INTERNAL(JIF Q2/JCI Q3)",SAGE PUBLICATIONS LTD,SAGE,否,ESCI,混合为主,"订阅路线通常无APC；SAGE Choice常见 USD 2,000-4,000",中,https://us.sagepub.com/en-us/nam/sage-choice,https://www.google.com/search?q=Journal+of+the+Royal+College+of+Physicians+of+Edinburgh+aims+scope+instructions+for+authors+APC
1496,3-Q2,0,RESEARCH IN MICROBIOLOGY,RES MICROBIOL,0923-2508,1769-7123,4.4,3.8,Q2,56/167,Q2,Q2,0.85,66.8,34.0,5539.0,MICROBIOLOGY,MICROBIOLOGY(JIF Q2/JCI Q2),ELSEVIER,Elsevier,是,SCIE,混合为主,"订阅路线通常无APC；Gold OA常见 USD 2,200-4,200",中,https://www.elsevier.com/open-access/agreements,https://www.google.com/search?q=RESEARCH+IN+MICROBIOLOGY+aims+scope+instructions+for+authors+APC
1497,3-Q2,0,Therapeutic Advances in Musculoskeletal Disease,THER ADV MUSCULOSKEL,1759-720X,1759-7218,3.3,4.0,Q2,20/58,Q2,Q2,0.84,66.4,34.0,2630.0,RHEUMATOLOGY,RHEUMATOLOGY(JIF Q2/JCI Q2),SAGE PUBLICATIONS LTD,SAGE,是,SCIE,混合为主,"订阅路线通常无APC；SAGE Choice常见 USD 2,000-4,000",中,https://us.sagepub.com/en-us/nam/sage-choice,https://www.google.com/search?q=Therapeutic+Advances+in+Musculoskeletal+Disease+aims+scope+instructions+for+authors+APC
1498,3-Q2,0,Journal of Occupational Medicine and Toxicology,J OCCUP MED TOXICOL,1745-6673,1745-6673,3.2,3.3,Q2,120/443,Q2,Q2,0.9,73.0,34.0,1510.0,"PUBLIC, ENVIRONMENTAL & OCCUPATIONAL HEALTH","PUBLIC, ENVIRONMENTAL & OCCUPATIONAL HEALTH(JIF Q2/JCI Q2)",BMC,BMC,是,SCIE,全OA,"约 USD 1,990-2,890（旗舰刊更高）",高,https://www.biomedcentral.com/getpublished/article-processing-charges,https://www.google.com/search?q=Journal+of+Occupational+Medicine+and+Toxicology+aims+scope+instructions+for+authors+APC
1499,3-Q2,0,NEUROPHYSIOLOGIE CLINIQUE-CLINICAL NEUROPHYSIOLOGY,NEUROPHYSIOL CLIN,0987-7053,1769-7131,3.0,3.3,Q2,33/89,Q2,Q2,0.74,55.2,34.0,2269.0,CLINICAL NEUROLOGY; NEUROSCIENCES,CLINICAL NEUROLOGY(JIF Q2/JCI Q2) | NEUROSCIENCES(JIF Q3/JCI Q3),ELSEVIER FRANCE-EDITIONS SCIENTIFIQUES MEDICALES ELSEVIER,Elsevier,是,SCIE,混合为主,"订阅路线通常无APC；Gold OA常见 USD 2,200-4,200",中,https://www.elsevier.com/open-access/agreements,https://www.google.com/search?q=NEUROPHYSIOLOGIE+CLINIQUE-CLINICAL+NEUROPHYSIOLOGY+aims+scope+instructions+for+authors+APC
1500,3-Q2,0,European Journal of General Practice,EUR J GEN PRACT,1381-4788,1751-1402,2.7,2.8,Q2,85/336,Q1,Q1,1.35,74.9,34.0,1990.0,"MEDICINE, GENERAL & INTERNAL; PRIMARY HEALTH CARE","MEDICINE, GENERAL & INTERNAL(JIF Q2/JCI Q1) | PRIMARY HEALTH CARE(JIF Q2/JCI Q1)",TAYLOR & FRANCIS LTD,Taylor & Francis,是,SCIE,混合为主,"订阅路线通常无APC；Open Select常见 USD 2,500-3,500",中,https://authorservices.taylorandfrancis.com/publishing-open-access/,https://www.google.com/search?q=European+Journal+of+General+Practice+aims+scope+instructions+for+authors+APC
1501,3-Q2,0,Saudi Journal of Medicine & Medical Sciences,SAUDI J MED MED SCI,1658-631X,2321-4856,2.4,2.0,Q2,94/336,Q2,Q2,0.5,72.2,34.0,644.0,"MEDICINE, GENERAL & INTERNAL","MEDICINE, GENERAL & INTERNAL(JIF Q2/JCI Q2)",WOLTERS KLUWER MEDKNOW PUBLICATIONS,Wolters Kluwer/LWW,否,ESCI,混合为主,"订阅路线通常无APC；OA常见 USD 2,000-4,000；MEDICINE已拉黑",中,https://wkauthorservices.editage.com/open-access/,https://www.google.com/search?q=Saudi+Journal+of+Medicine+&+Medical+Sciences+aims+scope+instructions+for+authors+APC
1502,3-Q2,0,Tzu Chi Medical Journal,TZU CHI MED J,1016-3190,2223-8956,2.4,2.4,Q2,94/336,Q2,Q2,0.47,72.2,34.0,1169.0,"MEDICINE, GENERAL & INTERNAL","MEDICINE, GENERAL & INTERNAL(JIF Q2/JCI Q2)",WOLTERS KLUWER MEDKNOW PUBLICATIONS,Wolters Kluwer/LWW,否,ESCI,混合为主,"订阅路线通常无APC；OA常见 USD 2,000-4,000；MEDICINE已拉黑",中,https://wkauthorservices.editage.com/open-access/,https://www.google.com/search?q=Tzu+Chi+Medical+Journal+aims+scope+instructions+for+authors+APC
1503,3-Q2,0,OPHTHALMOLOGICA,OPHTHALMOLOGICA,0030-3755,1423-0267,2.3,2.6,Q2,40/98,Q2,Q2,0.85,59.7,34.0,2697.0,OPHTHALMOLOGY,OPHTHALMOLOGY(JIF Q2/JCI Q2),KARGER,Karger,是,SCIE,混合/OA,"因刊而异，常见 USD 2,500-3,800",中,https://karger.com/pages/Open-Access,https://www.google.com/search?q=OPHTHALMOLOGICA+aims+scope+instructions+for+authors+APC
1504,3-Q2,0,JOURNAL OF THE ROYAL SOCIETY OF NEW ZEALAND,J ROY SOC NEW ZEAL,0303-6758,1175-8899,2.3,2.3,Q2,57/140,Q2,Q2,0.56,59.6,34.0,1453.0,MULTIDISCIPLINARY SCIENCES,MULTIDISCIPLINARY SCIENCES(JIF Q2/JCI Q2),WILEY,Wiley,是,SCIE,混合为主,"订阅路线通常无APC；OnlineOpen常见 USD 3,200-4,700",中,https://authorservices.wiley.com/author-resources/Journal-Authors/open-access/article-publication-charges.html,https://www.google.com/search?q=JOURNAL+OF+THE+ROYAL+SOCIETY+OF+NEW+ZEALAND+aims+scope+instructions+for+authors+APC
1505,3-Q2,0,Nuclear Medicine and Molecular Imaging,NUCL MED MOLEC IMAG,1869-3474,1869-3482,2.3,1.9,Q2,107/217,Q3,Q3,0.5,50.9,34.0,1133.0,"RADIOLOGY, NUCLEAR MEDICINE & MEDICAL IMAGING","RADIOLOGY, NUCLEAR MEDICINE & MEDICAL IMAGING(JIF Q2/JCI Q3)",SPRINGER HEIDELBERG,Springer,否,ESCI,混合为主,"订阅路线通常无APC；选OA约 USD 2,790-4,290",中,https://www.springer.com/gp/open-access,https://www.google.com/search?q=Nuclear+Medicine+and+Molecular+Imaging+aims+scope+instructions+for+authors+APC
1506,3-Q2,0,Contemporary Nurse,CONTEMP NURSE,1037-6178,1839-3535,2.2,2.4,Q2,69/194,Q2,Q2,0.84,64.7,34.0,1958.0,NURSING,NURSING(JIF Q2/JCI Q2),"ROUTLEDGE JOURNALS, TAYLOR & FRANCIS LTD",Taylor & Francis,是,"SCIE, SSCI",混合为主,"订阅路线通常无APC；Open Select常见 USD 2,500-3,500",中,https://authorservices.taylorandfrancis.com/publishing-open-access/,https://www.google.com/search?q=Contemporary+Nurse+aims+scope+instructions+for+authors+APC
1507,3-Q2,0,Journal of Advanced Prosthodontics,J ADV PROSTHODONT,2005-7806,2005-7814,2.0,3.9,Q2,81/165,Q2,Q2,0.99,51.2,34.0,2014.0,"DENTISTRY, ORAL SURGERY & MEDICINE","DENTISTRY, ORAL SURGERY & MEDICINE(JIF Q2/JCI Q2)",KOREAN ACAD PROSTHODONTICS,其他,是,SCIE,需核实,请查期刊官网 Author / Open Access 页面,未知,,https://www.google.com/search?q=Journal+of+Advanced+Prosthodontics+aims+scope+instructions+for+authors+APC
1508,3-Q2,0,MORPHOLOGIE,MORPHOLOGIE,1286-0115,2352-3387,1.5,,Q2,11/25,Q2,Q2,0.79,58.0,34.0,589.0,ANATOMY & MORPHOLOGY,ANATOMY & MORPHOLOGY(JIF Q2/JCI Q2),ELSEVIER,Elsevier,否,ESCI,混合为主,"订阅路线通常无APC；Gold OA常见 USD 2,200-4,200",中,https://www.elsevier.com/open-access/agreements,https://www.google.com/search?q=MORPHOLOGIE+aims+scope+instructions+for+authors+APC
1509,3-Q2,0,Biologics-Targets & Therapy,BIOL-TARGETS THER,1177-5475,1177-5491,4.5,5.9,Q2,59/191,Q2,Q2,0.65,69.4,33.0,1311.0,"MEDICINE, RESEARCH & EXPERIMENTAL","MEDICINE, RESEARCH & EXPERIMENTAL(JIF Q2/JCI Q2)",DOVE MEDICAL PRESS LTD,其他,否,ESCI,需核实,请查期刊官网 Author / Open Access 页面,未知,,https://www.google.com/search?q=Biologics-Targets+&+Therapy+aims+scope+instructions+for+authors+APC
1510,3-Q2,0,Metabolism and Target Organ Damage,METAB TARGET ORGAN D,,2769-6375,3.9,3.4,Q2,73/198,Q3,Q3,0.44,63.4,33.0,282.0,ENDOCRINOLOGY & METABOLISM,ENDOCRINOLOGY & METABOLISM(JIF Q2/JCI Q3),OAE PUBLISHING INC,其他,否,ESCI,需核实,请查期刊官网 Author / Open Access 页面,未知,,https://www.google.com/search?q=Metabolism+and+Target+Organ+Damage+aims+scope+instructions+for+authors+APC
1511,3-Q2,0,Neurobiology of Language,NEUROBIOL LANG,2641-4368,2641-4368,3.7,3.9,Q2,28/312,Q1,Q1,1.43,62.0,33.0,620.0,NEUROSCIENCES,NEUROSCIENCES(JIF Q2/JCI Q1),MIT PRESS,其他,否,ESCI,需核实,请查期刊官网 Author / Open Access 页面,未知,,https://www.google.com/search?q=Neurobiology+of+Language+aims+scope+instructions+for+authors+APC
1512,3-Q2,0,NUTRITION BULLETIN,NUTR BULL,1471-9827,1467-3010,3.6,3.8,Q2,45/114,Q3,Q3,0.58,61.0,33.0,1860.0,NUTRITION & DIETETICS,NUTRITION & DIETETICS(JIF Q2/JCI Q3),WILEY,Wiley,是,SCIE,混合为主,"订阅路线通常无APC；OnlineOpen常见 USD 3,200-4,700",中,https://authorservices.wiley.com/author-resources/Journal-Authors/open-access/article-publication-charges.html,https://www.google.com/search?q=NUTRITION+BULLETIN+aims+scope+instructions+for+authors+APC
1513,3-Q2,0,CardioRenal Medicine,CARDIORENAL MED,1664-3828,1664-5502,3.2,2.8,Q2,34/134,Q2,Q2,0.83,75.0,33.0,1079.0,CARDIAC & CARDIOVASCULAR SYSTEMS; UROLOGY & NEPHROLOGY,CARDIAC & CARDIOVASCULAR SYSTEMS(JIF Q2/JCI Q2) | UROLOGY & NEPHROLOGY(JIF Q2/JCI Q2),KARGER,Karger,是,SCIE,混合/OA,"因刊而异，常见 USD 2,500-3,800",中,https://karger.com/pages/Open-Access,https://www.google.com/search?q=CardioRenal+Medicine+aims+scope+instructions+for+authors+APC
1514,3-Q2,0,PLATELETS,PLATELETS,0953-7104,1369-1635,3.1,2.8,Q2,37/103,Q2,Q2,0.57,64.6,33.0,3874.0,CELL BIOLOGY; HEMATOLOGY,CELL BIOLOGY(JIF Q3/JCI Q3) | HEMATOLOGY(JIF Q2/JCI Q2),TAYLOR & FRANCIS INC,Taylor & Francis,是,SCIE,混合为主,"订阅路线通常无APC；Open Select常见 USD 2,500-3,500",中,https://authorservices.taylorandfrancis.com/publishing-open-access/,https://www.google.com/search?q=PLATELETS+aims+scope+instructions+for+authors+APC
1515,3-Q2,0,Journal of Pathology and Translational Medicine,J PATHOL TRANSL MED,2383-7837,2383-7845,3.0,2.8,Q2,26/89,Q2,Q2,0.8,71.3,33.0,1230.0,PATHOLOGY,PATHOLOGY(JIF Q2/JCI Q2),KOREAN SOC PATHOLOGISTS,其他,否,ESCI,需核实,请查期刊官网 Author / Open Access 页面,未知,,https://www.google.com/search?q=Journal+of+Pathology+and+Translational+Medicine+aims+scope+instructions+for+authors+APC
1516,3-Q2,0,CABI One Health,CABI ONE HEALTH,,2791-223X,2.9,3.0,Q2,139/443,Q2,Q2,0.68,68.7,33.0,154.0,"INFECTIOUS DISEASES; PUBLIC, ENVIRONMENTAL & OCCUPATIONAL HEALTH","INFECTIOUS DISEASES(JIF Q2/JCI Q2) | PUBLIC, ENVIRONMENTAL & OCCUPATIONAL HEALTH(JIF Q2/JCI Q2)",CABI PUBLISHING,其他,否,ESCI,需核实,请查期刊官网 Author / Open Access 页面,未知,,https://www.google.com/search?q=CABI+One+Health+aims+scope+instructions+for+authors+APC
1517,3-Q2,0,Scandinavian Journal of Urology,SCAND J UROL,2168-1805,2168-1813,2.8,1.9,Q2,48/134,Q2,Q2,0.72,64.6,33.0,1158.0,UROLOGY & NEPHROLOGY,UROLOGY & NEPHROLOGY(JIF Q2/JCI Q2),Medical Journal Sweden AB,其他,是,SCIE,需核实,请查期刊官网 Author / Open Access 页面,未知,,https://www.google.com/search?q=Scandinavian+Journal+of+Urology+aims+scope+instructions+for+authors+APC
1518,3-Q2,0,HEALTH CARE MANAGEMENT REVIEW,HEALTH CARE MANAGE R,0361-6274,1550-5030,2.6,3.0,Q2,49/125,Q1,Q1,0.99,61.2,33.0,1688.0,HEALTH POLICY & SERVICES,HEALTH POLICY & SERVICES(JIF Q2/JCI Q1),LIPPINCOTT WILLIAMS & WILKINS,Wolters Kluwer/LWW,否,SSCI,混合为主,"订阅路线通常无APC；OA常见 USD 2,000-4,000；MEDICINE已拉黑",中,https://wkauthorservices.editage.com/open-access/,https://www.google.com/search?q=HEALTH+CARE+MANAGEMENT+REVIEW+aims+scope+instructions+for+authors+APC
1519,3-Q2,0,SOCIOLOGY OF SPORT JOURNAL,SOCIOL SPORT J,0741-1235,1543-2785,2.4,2.6,Q2,59/222,Q2,Q2,0.89,61.4,33.0,2001.0,SPORT SCIENCES,SPORT SCIENCES(JIF Q2/JCI Q2),HUMAN KINETICS PUBL INC,其他,是,SSCI; SCIE,需核实,请查期刊官网 Author / Open Access 页面,未知,,https://www.google.com/search?q=SOCIOLOGY+OF+SPORT+JOURNAL+aims+scope+instructions+for+authors+APC
1520,3-Q2,0,Clinical Optometry,CLIN OPTOM,1179-2752,1179-2752,2.4,2.6,Q2,37/98,Q3,Q3,0.73,62.8,33.0,593.0,OPHTHALMOLOGY,OPHTHALMOLOGY(JIF Q2/JCI Q3),DOVE MEDICAL PRESS LTD,其他,否,ESCI,需核实,请查期刊官网 Author / Open Access 页面,未知,,https://www.google.com/search?q=Clinical+Optometry+aims+scope+instructions+for+authors+APC
1521,3-Q2,0,Acta Kinesiologica,ACTA KINESIOL,1840-2976,1840-3700,2.4,1.1,Q2,53/136,Q3,Q3,0.69,61.4,33.0,269.0,SPORT SCIENCES,SPORT SCIENCES(JIF Q2/JCI Q3),European Inst Talents Education & Dev-Assoc Physical Education,其他,否,ESCI,需核实,请查期刊官网 Author / Open Access 页面,未知,,https://www.google.com/search?q=Acta+Kinesiologica+aims+scope+instructions+for+authors+APC
1522,3-Q2,0,Public Health Research & Practice,PUBLIC HEALTH RES PR,2204-2091,2204-2091,2.2,3.6,Q2,218/443,Q1,Q1,0.96,50.9,33.0,1103.0,"PUBLIC, ENVIRONMENTAL & OCCUPATIONAL HEALTH","PUBLIC, ENVIRONMENTAL & OCCUPATIONAL HEALTH(JIF Q2/JCI Q1)",CSIRO PUBLISHING,其他,否,ESCI,需核实,请查期刊官网 Author / Open Access 页面,未知,,https://www.google.com/search?q=Public+Health+Research+&+Practice+aims+scope+instructions+for+authors+APC
1523,3-Q2,0,REHABILITATION COUNSELING BULLETIN,REHABIL COUNS BULL,0034-3552,1538-4853,1.9,2.2,Q2,76/175,Q3,Q3,0.58,56.9,33.0,842.0,REHABILITATION,REHABILITATION(JIF Q2/JCI Q3),SAGE PUBLICATIONS INC,SAGE,否,SSCI,混合为主,"订阅路线通常无APC；SAGE Choice常见 USD 2,000-4,000",中,https://us.sagepub.com/en-us/nam/sage-choice,https://www.google.com/search?q=REHABILITATION+COUNSELING+BULLETIN+aims+scope+instructions+for+authors+APC
1524,3-Q2,0,AUTOIMMUNITY,AUTOIMMUNITY,0891-6934,1607-842X,4.3,3.3,Q2,64/183,Q2,Q2,0.77,65.3,32.0,2667.0,IMMUNOLOGY,IMMUNOLOGY(JIF Q2/JCI Q2),TAYLOR & FRANCIS LTD,Taylor & Francis,是,SCIE,混合为主,"订阅路线通常无APC；Open Select常见 USD 2,500-3,500",中,https://authorservices.taylorandfrancis.com/publishing-open-access/,https://www.google.com/search?q=AUTOIMMUNITY+aims+scope+instructions+for+authors+APC
1525,3-Q2,0,WORLD JOURNAL OF BIOLOGICAL PSYCHIATRY,WORLD J BIOL PSYCHIA,1562-2975,1814-1412,3.5,3.9,Q2,85/293,Q2,Q2,0.96,71.2,32.0,3125.0,PSYCHIATRY,PSYCHIATRY(JIF Q2/JCI Q2),TAYLOR & FRANCIS LTD,Taylor & Francis,是,SCIE,混合为主,"订阅路线通常无APC；Open Select常见 USD 2,500-3,500",中,https://authorservices.taylorandfrancis.com/publishing-open-access/,https://www.google.com/search?q=WORLD+JOURNAL+OF+BIOLOGICAL+PSYCHIATRY+aims+scope+instructions+for+authors+APC
1526,3-Q2,0,Critical Care and Resuscitation,CRIT CARE RESUSC,1441-2772,1441-2772,3.2,3.0,Q2,24/66,Q3,Q3,0.51,64.4,32.0,1333.0,CRITICAL CARE MEDICINE,CRITICAL CARE MEDICINE(JIF Q2/JCI Q3),ELSEVIER,Elsevier,是,SCIE,混合为主,"订阅路线通常无APC；Gold OA常见 USD 2,200-4,200",中,https://www.elsevier.com/open-access/agreements,https://www.google.com/search?q=Critical+Care+and+Resuscitation+aims+scope+instructions+for+authors+APC
1527,3-Q2,0,Molecular Informatics,MOL INFORM,1868-1743,1868-1751,3.1,4.1,Q2,18/67,Q2,Q2,0.76,73.9,32.0,2533.0,"CHEMISTRY, MEDICINAL; MATHEMATICAL & COMPUTATIONAL BIOLOGY","CHEMISTRY, MEDICINAL(JIF Q3/JCI Q2) | MATHEMATICAL & COMPUTATIONAL BIOLOGY(JIF Q2/JCI Q2)",WILEY-V C H VERLAG GMBH,Wiley,是,SCIE,混合为主,"订阅路线通常无APC；OnlineOpen常见 USD 3,200-4,700",中,https://authorservices.wiley.com/author-resources/Journal-Authors/open-access/article-publication-charges.html,https://www.google.com/search?q=Molecular+Informatics+aims+scope+instructions+for+authors+APC
1528,3-Q2,0,Journal of Multimorbidity and Comorbidity,J MULTIMORB COMORB,,2633-5565,2.7,,Q2,160/443,Q2,Q2,0.74,64.0,32.0,434.0,"PUBLIC, ENVIRONMENTAL & OCCUPATIONAL HEALTH","PUBLIC, ENVIRONMENTAL & OCCUPATIONAL HEALTH(JIF Q2/JCI Q2)",SAGE PUBLICATIONS INC,SAGE,否,ESCI,混合为主,"订阅路线通常无APC；SAGE Choice常见 USD 2,000-4,000",中,https://us.sagepub.com/en-us/nam/sage-choice,https://www.google.com/search?q=Journal+of+Multimorbidity+and+Comorbidity+aims+scope+instructions+for+authors+APC
1529,3-Q2,0,Geobiology,GEOBIOLOGY,1472-4677,1472-4669,2.7,3.6,Q2,33/106,Q2,Q2,0.72,69.3,32.0,2942.0,BIOLOGY,BIOLOGY(JIF Q2/JCI Q2),WILEY,Wiley,是,SCIE,混合为主,"订阅路线通常无APC；OnlineOpen常见 USD 3,200-4,700",中,https://authorservices.wiley.com/author-resources/Journal-Authors/open-access/article-publication-charges.html,https://www.google.com/search?q=Geobiology+aims+scope+instructions+for+authors+APC
1530,3-Q2,0,MEDICAL CARE RESEARCH AND REVIEW,MED CARE RES REV,1077-5587,1552-6801,2.7,3.0,Q2,45/125,Q2,Q2,0.71,64.4,32.0,2687.0,HEALTH CARE SCIENCES & SERVICES; HEALTH POLICY & SERVICES,HEALTH CARE SCIENCES & SERVICES(JIF Q2/JCI Q2) | HEALTH POLICY & SERVICES(JIF Q2/JCI Q3),SAGE PUBLICATIONS INC,SAGE,是,SCIE; SSCI,混合为主,"订阅路线通常无APC；SAGE Choice常见 USD 2,000-4,000",中,https://us.sagepub.com/en-us/nam/sage-choice,https://www.google.com/search?q=MEDICAL+CARE+RESEARCH+AND+REVIEW+aims+scope+instructions+for+authors+APC
1531,3-Q2,0,ENVIRONMENTAL AND MOLECULAR MUTAGENESIS,ENVIRON MOL MUTAGEN,0893-6692,1098-2280,2.7,2.8,Q2,92/192,Q3,Q3,0.56,52.3,32.0,3051.0,GENETICS & HEREDITY; TOXICOLOGY,GENETICS & HEREDITY(JIF Q2/JCI Q3) | TOXICOLOGY(JIF Q3/JCI Q3),WILEY,Wiley,是,SCIE,混合为主,"订阅路线通常无APC；OnlineOpen常见 USD 3,200-4,700",中,https://authorservices.wiley.com/author-resources/Journal-Authors/open-access/article-publication-charges.html,https://www.google.com/search?q=ENVIRONMENTAL+AND+MOLECULAR+MUTAGENESIS+aims+scope+instructions+for+authors+APC
1532,3-Q2,0,Ultrasonography,ULTRASONOGRAPHY,2288-5919,2288-5943,2.4,2.9,Q2,101/217,Q2,Q2,0.64,53.7,32.0,1480.0,"RADIOLOGY, NUCLEAR MEDICINE & MEDICAL IMAGING","RADIOLOGY, NUCLEAR MEDICINE & MEDICAL IMAGING(JIF Q2/JCI Q2)",KOREAN SOC ULTRASOUND MEDICINE,其他,是,SCIE,需核实,请查期刊官网 Author / Open Access 页面,未知,,https://www.google.com/search?q=Ultrasonography+aims+scope+instructions+for+authors+APC
1533,3-Q2,0,JOURNAL OF NEUROSCIENCE NURSING,J NEUROSCI NURS,0888-0395,1945-2810,2.3,1.9,Q2,62/194,Q2,Q2,0.79,68.3,32.0,1454.0,CLINICAL NEUROLOGY; NURSING,CLINICAL NEUROLOGY(JIF Q3/JCI Q2) | NURSING(JIF Q2/JCI Q2),LIPPINCOTT WILLIAMS & WILKINS,Wolters Kluwer/LWW,是,"SCIE; SCIE, SSCI",混合为主,"订阅路线通常无APC；OA常见 USD 2,000-4,000；MEDICINE已拉黑",中,https://wkauthorservices.editage.com/open-access/,https://www.google.com/search?q=JOURNAL+OF+NEUROSCIENCE+NURSING+aims+scope+instructions+for+authors+APC
1534,3-Q2,0,Occupational Therapy International,OCCUP THER INT,0966-7903,1557-0703,2.2,1.8,Q2,58/175,Q3,Q3,0.69,67.1,32.0,1149.0,REHABILITATION,REHABILITATION(JIF Q2/JCI Q3),WILEY,Wiley,是,"SCIE, SSCI",混合为主,"订阅路线通常无APC；OnlineOpen常见 USD 3,200-4,700",中,https://authorservices.wiley.com/author-resources/Journal-Authors/open-access/article-publication-charges.html,https://www.google.com/search?q=Occupational+Therapy+International+aims+scope+instructions+for+authors+APC
1535,3-Q2,0,World Journal of Pediatric Surgery,WORLD J PEDIATR SURG,2096-6938,2516-5410,2.1,1.9,Q2,73/190,Q3,Q3,0.62,61.8,32.0,340.0,PEDIATRICS; SURGERY,PEDIATRICS(JIF Q2/JCI Q3) | SURGERY(JIF Q2/JCI Q3),BMJ PUBLISHING GROUP,BMJ,否,ESCI,混合/全OA,"BMJ Open约GBP 2,175；旗舰刊更高",高,https://authors.bmj.com/open-access/,https://www.google.com/search?q=World+Journal+of+Pediatric+Surgery+aims+scope+instructions+for+authors+APC
1536,3-Q2,0,Journal of Exercise Rehabilitation,J EXERC REHABIL,2288-176X,2288-1778,1.9,2.3,Q2,76/175,Q3,Q3,0.74,56.9,32.0,1620.0,REHABILITATION,REHABILITATION(JIF Q2/JCI Q3),KOREAN SOC EXERCISE REHABILITATION,其他,否,ESCI,需核实,请查期刊官网 Author / Open Access 页面,未知,,https://www.google.com/search?q=Journal+of+Exercise+Rehabilitation+aims+scope+instructions+for+authors+APC
1537,3-Q2,0,CRISPR Journal,CRISPR J,2573-1599,2573-1602,3.6,4.2,Q2,61/192,Q1,Q1,1.08,68.5,31.0,1423.0,GENETICS & HEREDITY,GENETICS & HEREDITY(JIF Q2/JCI Q1),SAGE PUBLICATIONS INC,SAGE,是,SCIE,混合为主,"订阅路线通常无APC；SAGE Choice常见 USD 2,000-4,000",中,https://us.sagepub.com/en-us/nam/sage-choice,https://www.google.com/search?q=CRISPR+Journal+aims+scope+instructions+for+authors+APC
1538,3-Q2,0,Atherosclerosis Plus,ATHEROSCLEROSIS PLUS,2667-0909,2667-0895,3.4,2.6,Q2,27/100,Q2,Q2,0.67,73.5,31.0,274.0,PERIPHERAL VASCULAR DISEASE,PERIPHERAL VASCULAR DISEASE(JIF Q2/JCI Q2),ELSEVIER,Elsevier,是,SCIE,混合为主,"订阅路线通常无APC；Gold OA常见 USD 2,200-4,200",中,https://www.elsevier.com/open-access/agreements,https://www.google.com/search?q=Atherosclerosis+Plus+aims+scope+instructions+for+authors+APC
1539,3-Q2,0,Mechanobiology in Medicine,MECHANOBIOL MED,,2949-9070,3.1,3.1,Q2,64/130,Q4,Q4,0.36,51.2,31.0,226.0,"ENGINEERING, BIOMEDICAL","ENGINEERING, BIOMEDICAL(JIF Q2/JCI Q4)",ELSEVIER,Elsevier,否,ESCI,混合为主,"订阅路线通常无APC；Gold OA常见 USD 2,200-4,200",中,https://www.elsevier.com/open-access/agreements,https://www.google.com/search?q=Mechanobiology+in+Medicine+aims+scope+instructions+for+authors+APC
1540,3-Q2,0,JOURNAL OF SPORT & EXERCISE PSYCHOLOGY,J SPORT EXERCISE PSY,0895-2779,1543-2904,3.0,3.2,Q2,38/136,Q2,Q2,0.88,72.4,31.0,5207.0,SPORT SCIENCES,SPORT SCIENCES(JIF Q2/JCI Q2),HUMAN KINETICS PUBL INC,其他,是,SSCI; SCIE,需核实,请查期刊官网 Author / Open Access 页面,未知,,https://www.google.com/search?q=JOURNAL+OF+SPORT+&+EXERCISE+PSYCHOLOGY+aims+scope+instructions+for+authors+APC
1541,3-Q2,0,Acupuncture in Medicine,ACUPUNCT MED,0964-5284,1759-9873,2.7,3.1,Q2,19/48,Q2,Q2,0.65,61.5,31.0,1841.0,INTEGRATIVE & COMPLEMENTARY MEDICINE,INTEGRATIVE & COMPLEMENTARY MEDICINE(JIF Q2/JCI Q2),SAGE PUBLICATIONS LTD,SAGE,是,SCIE,混合为主,"订阅路线通常无APC；SAGE Choice常见 USD 2,000-4,000",中,https://us.sagepub.com/en-us/nam/sage-choice,https://www.google.com/search?q=Acupuncture+in+Medicine+aims+scope+instructions+for+authors+APC
1542,3-Q2,0,Philosophy Ethics and Humanities in Medicine,PHILOS ETHICS HUM ME,1747-5341,1747-5341,2.4,3.2,Q2,12/111,Q1,Q1,1.95,56.8,31.0,566.0,MEDICAL ETHICS,MEDICAL ETHICS(JIF Q2/JCI Q1),BMC,BMC,是,"SSCI; AHCI, SCIE, SSCI; SCIE; AHCI",全OA,"约 USD 1,990-2,890（旗舰刊更高）",高,https://www.biomedcentral.com/getpublished/article-processing-charges,https://www.google.com/search?q=Philosophy+Ethics+and+Humanities+in+Medicine+aims+scope+instructions+for+authors+APC
1543,3-Q2,0,Advances in Neurodevelopmental Disorders,ADV NEURODEV DISORD,2366-7532,2366-7540,2.0,2.1,Q2,15/62,Q2,Q2,0.97,60.9,31.0,776.0,REHABILITATION,REHABILITATION(JIF Q2/JCI Q2),SPRINGERNATURE,Springer Nature,否,ESCI,混合/全OA,"全OA约 USD 2,090-3,490；Nature系更高；Scientific Reports已拉黑",中高,https://www.springernature.com/gp/open-research/journals-books/journals,https://www.google.com/search?q=Advances+in+Neurodevelopmental+Disorders+aims+scope+instructions+for+authors+APC
1544,3-Q2,0,Research in Gerontological Nursing,RES GERONTOL NURS,1940-4921,1938-2464,2.0,2.0,Q2,87/194,Q2,Q2,0.75,55.4,31.0,710.0,NURSING,NURSING(JIF Q2/JCI Q2),SLACK INC,其他,是,"SCIE, SSCI",需核实,请查期刊官网 Author / Open Access 页面,未知,,https://www.google.com/search?q=Research+in+Gerontological+Nursing+aims+scope+instructions+for+authors+APC
1545,3-Q2,0,Clinical Psychologist,CLIN PSYCHOL-UK,1328-4207,1742-9552,2.0,2.0,Q2,89/184,Q3,Q3,0.47,51.9,31.0,878.0,"PSYCHOLOGY, CLINICAL","PSYCHOLOGY, CLINICAL(JIF Q2/JCI Q3)",TAYLOR & FRANCIS LTD,Taylor & Francis,是,SCIE; SSCI,混合为主,"订阅路线通常无APC；Open Select常见 USD 2,500-3,500",中,https://authorservices.taylorandfrancis.com/publishing-open-access/,https://www.google.com/search?q=Clinical+Psychologist+aims+scope+instructions+for+authors+APC
1546,3-Q2,0,Medeniyet Medical Journal,MEDENI MED J,2149-2042,2149-4606,1.5,,Q2,148/336,Q2,Q2,0.47,56.1,31.0,338.0,"MEDICINE, GENERAL & INTERNAL","MEDICINE, GENERAL & INTERNAL(JIF Q2/JCI Q2)",GALENOS PUBL HOUSE,其他,否,ESCI,需核实,请查期刊官网 Author / Open Access 页面,未知,,https://www.google.com/search?q=Medeniyet+Medical+Journal+aims+scope+instructions+for+authors+APC
1547,3-Q2,0,Cancer Innovation,CANCER INNOV,2770-9191,2770-9183,4.1,3.9,Q2,111/333,Q3,Q3,0.53,66.8,30.0,526.0,ONCOLOGY,ONCOLOGY(JIF Q2/JCI Q3),WILEY,Wiley,否,ESCI,混合为主,"订阅路线通常无APC；OnlineOpen常见 USD 3,200-4,700",中,https://authorservices.wiley.com/author-resources/Journal-Authors/open-access/article-publication-charges.html,https://www.google.com/search?q=Cancer+Innovation+aims+scope+instructions+for+authors+APC
1548,3-Q2,0,Expert Review of Clinical Immunology,EXPERT REV CLIN IMMU,1744-666X,1744-8409,4.0,4.1,Q2,75/183,Q3,Q3,0.5,59.3,30.0,4861.0,IMMUNOLOGY,IMMUNOLOGY(JIF Q2/JCI Q3),TAYLOR & FRANCIS LTD,Taylor & Francis,是,SCIE,混合为主,"订阅路线通常无APC；Open Select常见 USD 2,500-3,500",中,https://authorservices.taylorandfrancis.com/publishing-open-access/,https://www.google.com/search?q=Expert+Review+of+Clinical+Immunology+aims+scope+instructions+for+authors+APC
1549,3-Q2,0,NFS Journal,NFS J,2352-3646,2352-3646,3.7,,Q2,43/114,Q2,Q2,0.68,62.7,30.0,1014.0,NUTRITION & DIETETICS,NUTRITION & DIETETICS(JIF Q2/JCI Q2),ELSEVIER,Elsevier,否,ESCI,混合为主,"订阅路线通常无APC；Gold OA常见 USD 2,200-4,200",中,https://www.elsevier.com/open-access/agreements,https://www.google.com/search?q=NFS+Journal+aims+scope+instructions+for+authors+APC
1550,3-Q2,0,Tropical Diseases Travel Medicine and Vaccines,TROP DIS TRAVEL MED,2055-0936,2055-0936,3.1,3.1,Q2,7/27,Q2,Q2,0.81,75.9,30.0,644.0,"INFECTIOUS DISEASES; PUBLIC, ENVIRONMENTAL & OCCUPATIONAL HEALTH; TROPICAL MEDICINE","INFECTIOUS DISEASES(JIF Q2/JCI Q2) | PUBLIC, ENVIRONMENTAL & OCCUPATIONAL HEALTH(JIF Q2/JCI Q2) | TROPICAL MEDICINE(JIF Q2/JCI Q2)",SPRINGERNATURE,Springer Nature,否,ESCI,混合/全OA,"全OA约 USD 2,090-3,490；Nature系更高；Scientific Reports已拉黑",中高,https://www.springernature.com/gp/open-research/journals-books/journals,https://www.google.com/search?q=Tropical+Diseases+Travel+Medicine+and+Vaccines+aims+scope+instructions+for+authors+APC
1551,3-Q2,0,INTERNATIONAL CLINICAL PSYCHOPHARMACOLOGY,INT CLIN PSYCHOPHARM,0268-1315,1473-5857,3.0,2.5,Q2,112/293,Q2,Q2,0.72,61.9,30.0,2187.0,PHARMACOLOGY & PHARMACY; PSYCHIATRY,PHARMACOLOGY & PHARMACY(JIF Q2/JCI Q2) | PSYCHIATRY(JIF Q2/JCI Q2),LIPPINCOTT WILLIAMS & WILKINS,Wolters Kluwer/LWW,是,SCIE,混合为主,"订阅路线通常无APC；OA常见 USD 2,000-4,000；MEDICINE已拉黑",中,https://wkauthorservices.editage.com/open-access/,https://www.google.com/search?q=INTERNATIONAL+CLINICAL+PSYCHOPHARMACOLOGY+aims+scope+instructions+for+authors+APC
1552,3-Q2,0,Journal of the Academy of Consultation-Liaison Psychiatry,J ACAD CONSULT-LIAIS,2667-2960,2667-2960,2.7,2.5,Q2,38/93,Q2,Q2,0.76,54.4,30.0,610.0,PSYCHIATRY,PSYCHIATRY(JIF Q2/JCI Q2),ELSEVIER SCIENCE INC,Elsevier,是,"SCIE, SSCI; SCIE",混合为主,"订阅路线通常无APC；Gold OA常见 USD 2,200-4,200",中,https://www.elsevier.com/open-access/agreements,https://www.google.com/search?q=Journal+of+the+Academy+of+Consultation-Liaison+Psychiatry+aims+scope+instructions+for+authors+APC
1553,3-Q2,0,Health Promotion and Chronic Disease Prevention in Canada-Research Policy and Practice,HEALTH PROMOT CHRON,2368-738X,2368-738X,2.7,3.0,Q2,160/443,Q2,Q2,0.74,64.0,30.0,1250.0,"PUBLIC, ENVIRONMENTAL & OCCUPATIONAL HEALTH","PUBLIC, ENVIRONMENTAL & OCCUPATIONAL HEALTH(JIF Q2/JCI Q2)",PUBLIC HEALTH AGENCY CANADA,其他,是,SCIE,需核实,请查期刊官网 Author / Open Access 页面,未知,,https://www.google.com/search?q=Health+Promotion+and+Chronic+Disease+Prevention+in+Canada-Research+Policy+and+Practice+aims+scope+instructions+for+authors+APC
1554,3-Q2,0,Spanish Journal of Psychiatry and Mental Health,SPAN J PSYCHIAT MENT,2950-2861,2950-2853,2.6,2.6,Q2,139/293,Q1,Q1,1.07,52.7,30.0,241.0,PSYCHIATRY,PSYCHIATRY(JIF Q2/JCI Q1),ELSEVIER ESPANA SLU,Elsevier,是,"SCIE, SSCI",混合为主,"订阅路线通常无APC；Gold OA常见 USD 2,200-4,200",中,https://www.elsevier.com/open-access/agreements,https://www.google.com/search?q=Spanish+Journal+of+Psychiatry+and+Mental+Health+aims+scope+instructions+for+authors+APC
1555,3-Q2,0,MICROCIRCULATION,MICROCIRCULATION,1073-9688,1549-8719,2.4,2.3,Q2,51/103,Q3,Q3,0.52,51.0,30.0,2342.0,HEMATOLOGY; PERIPHERAL VASCULAR DISEASE,HEMATOLOGY(JIF Q2/JCI Q3) | PERIPHERAL VASCULAR DISEASE(JIF Q3/JCI Q3),WILEY,Wiley,是,SCIE,混合为主,"订阅路线通常无APC；OnlineOpen常见 USD 3,200-4,700",中,https://authorservices.wiley.com/author-resources/Journal-Authors/open-access/article-publication-charges.html,https://www.google.com/search?q=MICROCIRCULATION+aims+scope+instructions+for+authors+APC
1556,3-Q2,0,Anaesthesiology Intensive Therapy,ANAESTH INTENSIVE TH,1642-5758,1731-2531,2.3,2.4,Q2,33/72,Q2,Q2,0.69,54.9,30.0,1126.0,ANESTHESIOLOGY,ANESTHESIOLOGY(JIF Q2/JCI Q2),TERMEDIA PUBLISHING HOUSE LTD,其他,否,ESCI,需核实,请查期刊官网 Author / Open Access 页面,未知,,https://www.google.com/search?q=Anaesthesiology+Intensive+Therapy+aims+scope+instructions+for+authors+APC
1557,3-Q2,0,Health and Human Rights,HEALTH HUM RIGHTS,,2150-4113,2.2,3.2,Q2,218/443,Q3,Q3,0.47,50.9,30.0,1316.0,"PUBLIC, ENVIRONMENTAL & OCCUPATIONAL HEALTH","PUBLIC, ENVIRONMENTAL & OCCUPATIONAL HEALTH(JIF Q2/JCI Q3)",HARVARD UNIV PRESS,其他,否,SSCI,需核实,请查期刊官网 Author / Open Access 页面,未知,,https://www.google.com/search?q=Health+and+Human+Rights+aims+scope+instructions+for+authors+APC
1558,3-Q2,0,Pediatric Investigation,PEDIATR INVEST,2096-3726,2574-2272,2.0,2.4,Q2,78/190,Q2,Q2,0.67,59.2,30.0,567.0,PEDIATRICS,PEDIATRICS(JIF Q2/JCI Q2),WILEY,Wiley,否,ESCI,混合为主,"订阅路线通常无APC；OnlineOpen常见 USD 3,200-4,700",中,https://authorservices.wiley.com/author-resources/Journal-Authors/open-access/article-publication-charges.html,https://www.google.com/search?q=Pediatric+Investigation+aims+scope+instructions+for+authors+APC
1559,3-Q2,0,Open Access Emergency Medicine,OPEN ACCESS EMERG M,1179-1500,1179-1500,1.7,2.1,Q2,26/55,Q3,Q3,0.67,53.6,30.0,859.0,EMERGENCY MEDICINE,EMERGENCY MEDICINE(JIF Q2/JCI Q3),DOVE MEDICAL PRESS LTD,其他,否,ESCI,需核实,请查期刊官网 Author / Open Access 页面,未知,,https://www.google.com/search?q=Open+Access+Emergency+Medicine+aims+scope+instructions+for+authors+APC
1560,3-Q2,0,EXPERT OPINION ON BIOLOGICAL THERAPY,EXPERT OPIN BIOL TH,1471-2598,1744-7682,4.0,4.1,Q2,70/191,Q3,Q3,0.52,63.6,29.0,6077.0,"BIOTECHNOLOGY & APPLIED MICROBIOLOGY; MEDICINE, RESEARCH & EXPERIMENTAL","BIOTECHNOLOGY & APPLIED MICROBIOLOGY(JIF Q2/JCI Q3) | MEDICINE, RESEARCH & EXPERIMENTAL(JIF Q2/JCI Q3)",TAYLOR & FRANCIS LTD,Taylor & Francis,是,SCIE,混合为主,"订阅路线通常无APC；Open Select常见 USD 2,500-3,500",中,https://authorservices.taylorandfrancis.com/publishing-open-access/,https://www.google.com/search?q=EXPERT+OPINION+ON+BIOLOGICAL+THERAPY+aims+scope+instructions+for+authors+APC
1561,3-Q2,0,Journal of Mass Spectrometry and Advances in the Clinical Lab,J MASS SPECTROM ADV,2667-1468,2667-145X,3.7,3.5,Q2,10/33,Q1,Q1,1.44,71.2,29.0,445.0,MEDICAL LABORATORY TECHNOLOGY,MEDICAL LABORATORY TECHNOLOGY(JIF Q2/JCI Q1),Stanford Univ Press,其他,是,SCIE,需核实,请查期刊官网 Author / Open Access 页面,未知,,https://www.google.com/search?q=Journal+of+Mass+Spectrometry+and+Advances+in+the+Clinical+Lab+aims+scope+instructions+for+authors+APC
1562,3-Q2,0,Journal of Psychedelic Studies,J PSYCHEDELIC STUD,,2559-9283,3.7,4.6,Q2,37/222,Q2,Q2,0.9,72.5,29.0,712.0,PHARMACOLOGY & PHARMACY; PSYCHIATRY,PHARMACOLOGY & PHARMACY(JIF Q2/JCI Q2) | PSYCHIATRY(JIF Q2/JCI Q2),AKADEMIAI KIADO ZRT,其他,否,ESCI,需核实,请查期刊官网 Author / Open Access 页面,未知,,https://www.google.com/search?q=Journal+of+Psychedelic+Studies+aims+scope+instructions+for+authors+APC
1563,3-Q2,0,Journal of Neurorestoratology,J NEURORESTORATOLOGY,2324-2426,2324-2426,3.4,2.8,Q2,98/296,Q2,Q2,0.77,67.1,29.0,502.0,CLINICAL NEUROLOGY,CLINICAL NEUROLOGY(JIF Q2/JCI Q2),ELSEVIER,Elsevier,否,ESCI,混合为主,"订阅路线通常无APC；Gold OA常见 USD 2,200-4,200",中,https://www.elsevier.com/open-access/agreements,https://www.google.com/search?q=Journal+of+Neurorestoratology+aims+scope+instructions+for+authors+APC
1564,3-Q2,0,BEST PRACTICE & RESEARCH CLINICAL HAEMATOLOGY,BEST PRACT RES CL HA,1521-6926,1532-1924,3.4,2.4,Q2,34/103,Q2,Q2,0.74,67.5,29.0,1327.0,HEMATOLOGY,HEMATOLOGY(JIF Q2/JCI Q2),ELSEVIER SCI LTD,Elsevier,是,SCIE,混合为主,"订阅路线通常无APC；Gold OA常见 USD 2,200-4,200",中,https://www.elsevier.com/open-access/agreements,https://www.google.com/search?q=BEST+PRACTICE+&+RESEARCH+CLINICAL+HAEMATOLOGY+aims+scope+instructions+for+authors+APC
1565,3-Q2,0,JOURNAL OF FOOD AND DRUG ANALYSIS,J FOOD DRUG ANAL,1021-9498,1021-9498,3.3,4.2,Q2,149/356,Q2,Q2,0.64,58.3,29.0,5365.0,PHARMACOLOGY & PHARMACY,PHARMACOLOGY & PHARMACY(JIF Q2/JCI Q2),DIGITAL COMMONS BEPRESS,其他,是,SCIE,需核实,请查期刊官网 Author / Open Access 页面,未知,,https://www.google.com/search?q=JOURNAL+OF+FOOD+AND+DRUG+ANALYSIS+aims+scope+instructions+for+authors+APC
1566,3-Q2,0,Cerebral Circulation-Cognition and Behavior,CEREB CIRC-COGN BEHA,2666-2450,2666-2450,3.2,3.2,Q2,34/100,Q2,Q2,0.84,66.5,29.0,480.0,CLINICAL NEUROLOGY; PERIPHERAL VASCULAR DISEASE,CLINICAL NEUROLOGY(JIF Q2/JCI Q2) | PERIPHERAL VASCULAR DISEASE(JIF Q2/JCI Q2),ELSEVIER,Elsevier,否,ESCI,混合为主,"订阅路线通常无APC；Gold OA常见 USD 2,200-4,200",中,https://www.elsevier.com/open-access/agreements,https://www.google.com/search?q=Cerebral+Circulation-Cognition+and+Behavior+aims+scope+instructions+for+authors+APC
1567,3-Q2,0,Journal of Dietary Supplements,J DIET SUPPL,1939-0211,1939-022X,3.1,2.9,Q2,163/356,Q3,Q3,0.6,54.4,29.0,1463.0,NUTRITION & DIETETICS; PHARMACOLOGY & PHARMACY,NUTRITION & DIETETICS(JIF Q2/JCI Q3) | PHARMACOLOGY & PHARMACY(JIF Q2/JCI Q3),TAYLOR & FRANCIS LTD,Taylor & Francis,否,ESCI,混合为主,"订阅路线通常无APC；Open Select常见 USD 2,500-3,500",中,https://authorservices.taylorandfrancis.com/publishing-open-access/,https://www.google.com/search?q=Journal+of+Dietary+Supplements+aims+scope+instructions+for+authors+APC
1568,3-Q2,0,CYTOMETRY PART B-CLINICAL CYTOMETRY,CYTOM PART B-CLIN CY,1552-4949,1552-4957,2.9,3.0,Q2,30/89,Q1,Q1,1.12,66.9,29.0,1928.0,MEDICAL LABORATORY TECHNOLOGY; PATHOLOGY,MEDICAL LABORATORY TECHNOLOGY(JIF Q2/JCI Q2) | PATHOLOGY(JIF Q2/JCI Q1),WILEY,Wiley,是,SCIE,混合为主,"订阅路线通常无APC；OnlineOpen常见 USD 3,200-4,700",中,https://authorservices.wiley.com/author-resources/Journal-Authors/open-access/article-publication-charges.html,https://www.google.com/search?q=CYTOMETRY+PART+B-CLINICAL+CYTOMETRY+aims+scope+instructions+for+authors+APC
1569,3-Q2,0,SKIN RESEARCH AND TECHNOLOGY,SKIN RES TECHNOL,0909-752X,1600-0846,2.8,2.6,Q2,36/99,Q1,Q1,1.34,64.1,29.0,4651.0,DERMATOLOGY,DERMATOLOGY(JIF Q2/JCI Q1),WILEY,Wiley,是,SCIE,混合为主,"订阅路线通常无APC；OnlineOpen常见 USD 3,200-4,700",中,https://authorservices.wiley.com/author-resources/Journal-Authors/open-access/article-publication-charges.html,https://www.google.com/search?q=SKIN+RESEARCH+AND+TECHNOLOGY+aims+scope+instructions+for+authors+APC
1570,3-Q2,0,COPD-Journal of Chronic Obstructive Pulmonary Disease,COPD,1541-2555,1541-2563,2.8,2.7,Q2,48/107,Q2,Q2,0.62,55.6,29.0,2860.0,RESPIRATORY SYSTEM,RESPIRATORY SYSTEM(JIF Q2/JCI Q2),TAYLOR & FRANCIS INC,Taylor & Francis,是,SCIE,混合为主,"订阅路线通常无APC；Open Select常见 USD 2,500-3,500",中,https://authorservices.taylorandfrancis.com/publishing-open-access/,https://www.google.com/search?q=COPD-Journal+of+Chronic+Obstructive+Pulmonary+Disease+aims+scope+instructions+for+authors+APC
1571,3-Q2,0,Social Theory & Health,SOC THEOR HEALTH,1477-8211,1477-822X,2.3,2.4,Q2,19/48,Q3,Q3,0.79,61.5,29.0,880.0,"SOCIAL SCIENCES, BIOMEDICAL","SOCIAL SCIENCES, BIOMEDICAL(JIF Q2/JCI Q3)",PALGRAVE MACMILLAN LTD,其他,否,SSCI,需核实,请查期刊官网 Author / Open Access 页面,未知,,https://www.google.com/search?q=Social+Theory+&+Health+aims+scope+instructions+for+authors+APC
1572,3-Q2,0,BEHAVIOURAL AND COGNITIVE PSYCHOTHERAPY,BEHAV COGN PSYCHOTH,1352-4658,1469-1833,2.3,2.3,Q2,75/184,Q3,Q3,0.71,59.5,29.0,2566.0,"PSYCHOLOGY, CLINICAL","PSYCHOLOGY, CLINICAL(JIF Q2/JCI Q3)",CAMBRIDGE UNIV PRESS,Cambridge UP,否,SSCI,混合为主,订阅路线通常无APC；Gold OA因刊而异,中,https://www.cambridge.org/core/open-research/open-access,https://www.google.com/search?q=BEHAVIOURAL+AND+COGNITIVE+PSYCHOTHERAPY+aims+scope+instructions+for+authors+APC
1573,3-Q2,0,JOURNAL OF MEDICAL SCREENING,J MED SCREEN,0969-1413,1475-5793,2.3,2.7,Q2,209/443,Q2,Q2,0.69,52.9,29.0,1358.0,"PUBLIC, ENVIRONMENTAL & OCCUPATIONAL HEALTH","PUBLIC, ENVIRONMENTAL & OCCUPATIONAL HEALTH(JIF Q2/JCI Q2)",SAGE PUBLICATIONS LTD,SAGE,是,SCIE,混合为主,"订阅路线通常无APC；SAGE Choice常见 USD 2,000-4,000",中,https://us.sagepub.com/en-us/nam/sage-choice,https://www.google.com/search?q=JOURNAL+OF+MEDICAL+SCREENING+aims+scope+instructions+for+authors+APC
1574,3-Q2,0,Obstetrics and Gynecology International,OBSTET GYNECOL INT,1687-9589,1687-9597,2.1,2.4,Q2,70/143,Q3,Q3,0.67,51.4,29.0,889.0,OBSTETRICS & GYNECOLOGY,OBSTETRICS & GYNECOLOGY(JIF Q2/JCI Q3),WILEY,Wiley,否,ESCI,混合为主,"订阅路线通常无APC；OnlineOpen常见 USD 3,200-4,700",中,https://authorservices.wiley.com/author-resources/Journal-Authors/open-access/article-publication-charges.html,https://www.google.com/search?q=Obstetrics+and+Gynecology+International+aims+scope+instructions+for+authors+APC
1575,3-Q2,0,SEXUALITY AND DISABILITY,SEX DISABIL,0146-1044,1573-6717,2.0,2.2,Q2,69/175,Q2,Q2,0.79,60.9,29.0,1471.0,REHABILITATION,REHABILITATION(JIF Q2/JCI Q2),SPRINGER,Springer,否,SSCI,混合为主,"订阅路线通常无APC；选OA约 USD 2,790-4,290",中,https://www.springer.com/gp/open-access,https://www.google.com/search?q=SEXUALITY+AND+DISABILITY+aims+scope+instructions+for+authors+APC
1576,3-Q2,0,Journal of Renal Care,J RENAL CARE,1755-6678,1755-6686,2.0,2.4,Q2,87/194,Q3,Q3,0.54,55.4,29.0,810.0,NURSING; UROLOGY & NEPHROLOGY,NURSING(JIF Q2/JCI Q3) | UROLOGY & NEPHROLOGY(JIF Q3/JCI Q3),WILEY,Wiley,是,"SCIE, SSCI; SCIE",混合为主,"订阅路线通常无APC；OnlineOpen常见 USD 3,200-4,700",中,https://authorservices.wiley.com/author-resources/Journal-Authors/open-access/article-publication-charges.html,https://www.google.com/search?q=Journal+of+Renal+Care+aims+scope+instructions+for+authors+APC
1577,3-Q2,0,Advances in Cancer Biology-Metastasis,ADV CANCER BIOL-MET,,2667-3940,4.2,3.6,Q2,108/333,Q2,Q2,0.79,67.7,28.0,436.0,ONCOLOGY,ONCOLOGY(JIF Q2/JCI Q2),ELSEVIER,Elsevier,否,ESCI,混合为主,"订阅路线通常无APC；Gold OA常见 USD 2,200-4,200",中,https://www.elsevier.com/open-access/agreements,https://www.google.com/search?q=Advances+in+Cancer+Biology-Metastasis+aims+scope+instructions+for+authors+APC
1578,3-Q2,0,Epigenomes,EPIGENOMES,,2075-4655,4.1,3.5,Q2,49/192,Q3,Q3,0.59,74.7,28.0,698.0,GENETICS & HEREDITY,GENETICS & HEREDITY(JIF Q2/JCI Q3),MDPI,MDPI,否,ESCI,全OA,"约 CHF 1,600-2,900（如 JCM=CHF 2,600）",高,https://www.mdpi.com/about/apc,https://www.google.com/search?q=Epigenomes+aims+scope+instructions+for+authors+APC
1579,3-Q2,0,Pneumonia,PNEUMONIA,2200-6133,2200-6133,3.8,5.5,Q2,28/107,Q2,Q2,0.9,74.3,28.0,673.0,RESPIRATORY SYSTEM,RESPIRATORY SYSTEM(JIF Q2/JCI Q2),BMC,BMC,否,ESCI,全OA,"约 USD 1,990-2,890（旗舰刊更高）",高,https://www.biomedcentral.com/getpublished/article-processing-charges,https://www.google.com/search?q=Pneumonia+aims+scope+instructions+for+authors+APC
1580,3-Q2,0,STRESS-THE INTERNATIONAL JOURNAL ON THE BIOLOGY OF STRESS,STRESS,1025-3890,1607-8888,3.7,3.2,Q2,7/57,Q2,Q2,0.72,62.0,28.0,3748.0,ENDOCRINOLOGY & METABOLISM; NEUROSCIENCES,ENDOCRINOLOGY & METABOLISM(JIF Q2/JCI Q2) | NEUROSCIENCES(JIF Q2/JCI Q3),TAYLOR & FRANCIS LTD,Taylor & Francis,是,SCIE,混合为主,"订阅路线通常无APC；Open Select常见 USD 2,500-3,500",中,https://authorservices.taylorandfrancis.com/publishing-open-access/,https://www.google.com/search?q=STRESS-THE+INTERNATIONAL+JOURNAL+ON+THE+BIOLOGY+OF+STRESS+aims+scope+instructions+for+authors+APC
1581,3-Q2,0,Expert Review of Gastroenterology & Hepatology,EXPERT REV GASTROENT,1747-4124,1747-4132,3.3,3.7,Q2,59/153,Q3,Q3,0.47,61.8,28.0,4041.0,GASTROENTEROLOGY & HEPATOLOGY,GASTROENTEROLOGY & HEPATOLOGY(JIF Q2/JCI Q3),TAYLOR & FRANCIS LTD,Taylor & Francis,是,SCIE,混合为主,"订阅路线通常无APC；Open Select常见 USD 2,500-3,500",中,https://authorservices.taylorandfrancis.com/publishing-open-access/,https://www.google.com/search?q=Expert+Review+of+Gastroenterology+&+Hepatology+aims+scope+instructions+for+authors+APC
1582,3-Q2,0,SEMINARS IN ULTRASOUND CT AND MRI,SEMIN ULTRASOUND CT,0887-2171,1558-5034,2.5,2.0,Q2,93/217,Q2,Q2,0.7,57.4,28.0,1527.0,"RADIOLOGY, NUCLEAR MEDICINE & MEDICAL IMAGING","RADIOLOGY, NUCLEAR MEDICINE & MEDICAL IMAGING(JIF Q2/JCI Q2)",W B SAUNDERS CO-ELSEVIER INC,Elsevier,是,SCIE,混合为主,"订阅路线通常无APC；Gold OA常见 USD 2,200-4,200",中,https://www.elsevier.com/open-access/agreements,https://www.google.com/search?q=SEMINARS+IN+ULTRASOUND+CT+AND+MRI+aims+scope+instructions+for+authors+APC
1583,3-Q2,0,Annals of Pediatric Endocrinology & Metabolism,ANN PEDIATR ENDOCRIN,2287-1012,2287-1292,2.4,2.4,Q2,50/190,Q2,Q2,0.86,73.9,28.0,1093.0,ENDOCRINOLOGY & METABOLISM; PEDIATRICS,ENDOCRINOLOGY & METABOLISM(JIF Q3/JCI Q2) | PEDIATRICS(JIF Q2/JCI Q2),KOREAN SOC PEDIATRIC ENDOCRINOLOGY,其他,否,ESCI,需核实,请查期刊官网 Author / Open Access 页面,未知,,https://www.google.com/search?q=Annals+of+Pediatric+Endocrinology+&+Metabolism+aims+scope+instructions+for+authors+APC
1584,3-Q2,0,Journal of Visceral Surgery,J VISC SURG,1878-7886,1878-7886,2.3,2.2,Q2,105/321,Q2,Q2,0.71,67.4,28.0,1607.0,SURGERY,SURGERY(JIF Q2/JCI Q2),"ELSEVIER MASSON, CORP OFF",Elsevier,是,SCIE,混合为主,"订阅路线通常无APC；Gold OA常见 USD 2,200-4,200",中,https://www.elsevier.com/open-access/agreements,https://www.google.com/search?q=Journal+of+Visceral+Surgery+aims+scope+instructions+for+authors+APC
1585,3-Q2,0,International Journal of Nephrology and Renovascular Disease,INT J NEPHROL RENOV,1178-7058,1178-7058,2.3,2.7,Q2,61/134,Q3,Q3,0.59,54.9,28.0,1194.0,UROLOGY & NEPHROLOGY,UROLOGY & NEPHROLOGY(JIF Q2/JCI Q3),DOVE MEDICAL PRESS LTD,其他,否,ESCI,需核实,请查期刊官网 Author / Open Access 页面,未知,,https://www.google.com/search?q=International+Journal+of+Nephrology+and+Renovascular+Disease+aims+scope+instructions+for+authors+APC
1586,3-Q2,0,Intractable & Rare Diseases Research,INTRACTABLE RARE DIS,2186-3644,2186-361X,2.1,1.8,Q2,107/336,Q2,Q2,0.39,68.3,28.0,913.0,"MEDICINE, GENERAL & INTERNAL","MEDICINE, GENERAL & INTERNAL(JIF Q2/JCI Q2)",INT RESEARCH & COOPERATION ASSOC BIO & SOCIO-SCIENCES ADVANCEMENT,其他,否,ESCI,需核实,请查期刊官网 Author / Open Access 页面,未知,,https://www.google.com/search?q=Intractable+&+Rare+Diseases+Research+aims+scope+instructions+for+authors+APC
1587,3-Q2,0,Journal of Child Health Care,J CHILD HEALTH CARE,1367-4935,1741-2889,1.9,2.4,Q2,85/190,Q3,Q3,0.66,55.5,28.0,1658.0,NURSING; PEDIATRICS,NURSING(JIF Q2/JCI Q3) | PEDIATRICS(JIF Q2/JCI Q3),SAGE PUBLICATIONS LTD,SAGE,是,"SCIE, SSCI; SCIE",混合为主,"订阅路线通常无APC；SAGE Choice常见 USD 2,000-4,000",中,https://us.sagepub.com/en-us/nam/sage-choice,https://www.google.com/search?q=Journal+of+Child+Health+Care+aims+scope+instructions+for+authors+APC
1588,3-Q2,0,Smart Science,SMART SCI,,2308-0477,1.6,1.8,Q2,69/140,Q3,Q3,0.29,51.1,28.0,488.0,MULTIDISCIPLINARY SCIENCES,MULTIDISCIPLINARY SCIENCES(JIF Q2/JCI Q3),TAYLOR & FRANCIS LTD,Taylor & Francis,否,ESCI,混合为主,"订阅路线通常无APC；Open Select常见 USD 2,500-3,500",中,https://authorservices.taylorandfrancis.com/publishing-open-access/,https://www.google.com/search?q=Smart+Science+aims+scope+instructions+for+authors+APC
1589,3-Q2,0,JOURNAL OF INDUSTRIAL MICROBIOLOGY & BIOTECHNOLOGY,J IND MICROBIOL BIOT,1367-5435,1476-5535,4.5,4.3,Q2,57/180,Q2,Q2,0.7,68.6,27.0,7317.0,BIOTECHNOLOGY & APPLIED MICROBIOLOGY,BIOTECHNOLOGY & APPLIED MICROBIOLOGY(JIF Q2/JCI Q2),OXFORD UNIV PRESS,Oxford UP,是,SCIE,混合为主,订阅路线通常无APC；可选OA，费用因刊而异,中,https://academic.oup.com/pages/open-research/open-access,https://www.google.com/search?q=JOURNAL+OF+INDUSTRIAL+MICROBIOLOGY+&+BIOTECHNOLOGY+aims+scope+instructions+for+authors+APC
1590,3-Q2,0,Frontiers in Chemical Engineering,FRONT CHEM ENG,,2673-2718,4.0,4.2,Q2,71/180,Q4,Q3,0.41,60.8,27.0,1445.0,BIOTECHNOLOGY & APPLIED MICROBIOLOGY,BIOTECHNOLOGY & APPLIED MICROBIOLOGY(JIF Q2/JCI Q4),FRONTIERS MEDIA SA,Frontiers,否,ESCI,全OA,"约 CHF 1,495-3,150（Frontiers in Medicine A类=CHF 3,150）",高,https://www.frontiersin.org/about/fee-policy,https://www.google.com/search?q=Frontiers+in+Chemical+Engineering+aims+scope+instructions+for+authors+APC
1591,3-Q2,0,PharmaNutrition,PHARMANUTRITION,2213-4344,2213-4344,2.9,2.8,Q2,173/356,Q2,Q2,0.67,51.5,27.0,897.0,NUTRITION & DIETETICS; PHARMACOLOGY & PHARMACY,NUTRITION & DIETETICS(JIF Q3/JCI Q2) | PHARMACOLOGY & PHARMACY(JIF Q2/JCI Q2),ELSEVIER,Elsevier,否,ESCI,混合为主,"订阅路线通常无APC；Gold OA常见 USD 2,200-4,200",中,https://www.elsevier.com/open-access/agreements,https://www.google.com/search?q=PharmaNutrition+aims+scope+instructions+for+authors+APC
1592,3-Q2,0,BJPsych Bulletin,BJPSYCH BULL,2056-4694,2056-4708,2.9,2.9,Q2,119/293,Q3,Q3,0.53,59.6,27.0,1336.0,PSYCHIATRY,PSYCHIATRY(JIF Q2/JCI Q3),CAMBRIDGE UNIV PRESS,Cambridge UP,否,ESCI,混合为主,订阅路线通常无APC；Gold OA因刊而异,中,https://www.cambridge.org/core/open-research/open-access,https://www.google.com/search?q=BJPsych+Bulletin+aims+scope+instructions+for+authors+APC
1593,3-Q2,0,Journal of Virus Eradication,J VIRUS ERAD,2055-6640,2055-6659,2.8,3.0,Q2,67/141,Q3,Q3,0.54,52.8,27.0,752.0,IMMUNOLOGY; INFECTIOUS DISEASES; VIROLOGY,IMMUNOLOGY(JIF Q3/JCI Q3) | INFECTIOUS DISEASES(JIF Q2/JCI Q3) | VIROLOGY(JIF Q3/JCI Q3),MEDISCRIPT LTD,其他,是,SCIE,需核实,请查期刊官网 Author / Open Access 页面,未知,,https://www.google.com/search?q=Journal+of+Virus+Eradication+aims+scope+instructions+for+authors+APC
1594,3-Q2,0,JOURNAL OF ADHESIVE DENTISTRY,J ADHES DENT,1461-5185,1757-9988,2.7,3.5,Q2,52/165,Q2,Q2,1.06,68.8,27.0,2233.0,"DENTISTRY, ORAL SURGERY & MEDICINE","DENTISTRY, ORAL SURGERY & MEDICINE(JIF Q2/JCI Q2)",QUINTESSENCE PUBLISHING CO INC,其他,是,SCIE,需核实,请查期刊官网 Author / Open Access 页面,未知,,https://www.google.com/search?q=JOURNAL+OF+ADHESIVE+DENTISTRY+aims+scope+instructions+for+authors+APC
1595,3-Q2,0,Evolution Medicine and Public Health,EVOL MED PUBLIC HLTH,,2050-6201,2.7,3.3,Q2,160/443,Q2,Q2,0.69,64.0,27.0,1179.0,"PUBLIC, ENVIRONMENTAL & OCCUPATIONAL HEALTH","PUBLIC, ENVIRONMENTAL & OCCUPATIONAL HEALTH(JIF Q2/JCI Q2)",OXFORD UNIV PRESS,Oxford UP,是,SCIE,混合为主,订阅路线通常无APC；可选OA，费用因刊而异,中,https://academic.oup.com/pages/open-research/open-access,https://www.google.com/search?q=Evolution+Medicine+and+Public+Health+aims+scope+instructions+for+authors+APC
1596,3-Q2,0,Dermatologica Sinica,DERMATOL SIN,1027-8117,2223-330X,2.7,1.8,Q2,39/99,Q3,Q3,0.59,61.1,27.0,456.0,DERMATOLOGY,DERMATOLOGY(JIF Q2/JCI Q3),WOLTERS KLUWER MEDKNOW PUBLICATIONS,Wolters Kluwer/LWW,是,SCIE,混合为主,"订阅路线通常无APC；OA常见 USD 2,000-4,000；MEDICINE已拉黑",中,https://wkauthorservices.editage.com/open-access/,https://www.google.com/search?q=Dermatologica+Sinica+aims+scope+instructions+for+authors+APC
1597,3-Q2,0,JOURNAL OF PERSONALITY DISORDERS,J PERS DISORD,0885-579X,1943-2763,2.6,2.8,Q2,139/293,Q2,Q2,0.76,52.7,27.0,3386.0,PSYCHIATRY,PSYCHIATRY(JIF Q2/JCI Q2),GUILFORD PUBLICATIONS INC,其他,否,SSCI,需核实,请查期刊官网 Author / Open Access 页面,未知,,https://www.google.com/search?q=JOURNAL+OF+PERSONALITY+DISORDERS+aims+scope+instructions+for+authors+APC
1598,3-Q2,0,Analytical Cellular Pathology,ANAL CELL PATHOL,2210-7177,2210-7185,2.5,3.0,Q2,38/89,Q2,Q2,0.67,57.9,27.0,1282.0,CELL BIOLOGY; ONCOLOGY; PATHOLOGY,CELL BIOLOGY(JIF Q4/JCI Q2) | ONCOLOGY(JIF Q3/JCI Q2) | PATHOLOGY(JIF Q2/JCI Q3),WILEY,Wiley,是,SCIE,混合为主,"订阅路线通常无APC；OnlineOpen常见 USD 3,200-4,700",中,https://authorservices.wiley.com/author-resources/Journal-Authors/open-access/article-publication-charges.html,https://www.google.com/search?q=Analytical+Cellular+Pathology+aims+scope+instructions+for+authors+APC
1599,3-Q2,0,Expert Review of Cardiovascular Therapy,EXPERT REV CARDIOVAS,1477-9072,1744-8344,2.5,2.1,Q2,111/237,Q3,Q3,0.44,53.4,27.0,2310.0,CARDIAC & CARDIOVASCULAR SYSTEMS,CARDIAC & CARDIOVASCULAR SYSTEMS(JIF Q2/JCI Q3),TAYLOR & FRANCIS INC,Taylor & Francis,否,ESCI,混合为主,"订阅路线通常无APC；Open Select常见 USD 2,500-3,500",中,https://authorservices.taylorandfrancis.com/publishing-open-access/,https://www.google.com/search?q=Expert+Review+of+Cardiovascular+Therapy+aims+scope+instructions+for+authors+APC
1600,3-Q2,0,Hamostaseologie,HAMOSTASEOLOGIE,0720-9355,2567-5761,2.4,2.4,Q2,51/103,Q2,Q2,0.61,51.0,27.0,954.0,HEMATOLOGY,HEMATOLOGY(JIF Q2/JCI Q2),GEORG THIEME VERLAG KG,Thieme,是,SCIE,混合为主,订阅路线通常无APC；OA另计,中低,https://www.thieme.com/en-us/open-access,https://www.google.com/search?q=Hamostaseologie+aims+scope+instructions+for+authors+APC
1601,3-Q2,0,JOURNAL OF LEARNING DISABILITIES,J LEARN DISABIL-US,0022-2194,1538-4780,2.3,4.3,Q2,10/62,Q1,Q1,1.78,74.0,27.0,3926.0,REHABILITATION,REHABILITATION(JIF Q2/JCI Q1),SAGE PUBLICATIONS INC,SAGE,否,SSCI,混合为主,"订阅路线通常无APC；SAGE Choice常见 USD 2,000-4,000",中,https://us.sagepub.com/en-us/nam/sage-choice,https://www.google.com/search?q=JOURNAL+OF+LEARNING+DISABILITIES+aims+scope+instructions+for+authors+APC
1602,3-Q2,0,RESEARCH AND PRACTICE FOR PERSONS WITH SEVERE DISABILITIES,RES PRACT PERS SEV D,1540-7969,2169-2408,1.9,3.0,Q2,17/62,Q1,Q1,1.53,56.9,27.0,979.0,REHABILITATION,REHABILITATION(JIF Q2/JCI Q1),SAGE PUBLICATIONS INC,SAGE,否,SSCI,混合为主,"订阅路线通常无APC；SAGE Choice常见 USD 2,000-4,000",中,https://us.sagepub.com/en-us/nam/sage-choice,https://www.google.com/search?q=RESEARCH+AND+PRACTICE+FOR+PERSONS+WITH+SEVERE+DISABILITIES+aims+scope+instructions+for+authors+APC
1603,3-Q2,0,Pediatric Health Medicine and Therapeutics,PEDIATR HEALTH MED T,,1179-9927,1.8,2.7,Q2,90/190,Q2,Q2,0.82,52.9,27.0,920.0,PEDIATRICS,PEDIATRICS(JIF Q2/JCI Q2),DOVE MEDICAL PRESS LTD,其他,否,ESCI,需核实,请查期刊官网 Author / Open Access 页面,未知,,https://www.google.com/search?q=Pediatric+Health+Medicine+and+Therapeutics+aims+scope+instructions+for+authors+APC
1604,3-Q2,0,JOURNAL OF PERINATAL & NEONATAL NURSING,J PERINAT NEONAT NUR,0893-2190,1550-5073,1.8,1.8,Q2,90/190,Q3,Q3,0.59,52.9,27.0,1066.0,NURSING; OBSTETRICS & GYNECOLOGY; PEDIATRICS,NURSING(JIF Q3/JCI Q3) | OBSTETRICS & GYNECOLOGY(JIF Q3/JCI Q3) | PEDIATRICS(JIF Q2/JCI Q3),LIPPINCOTT WILLIAMS & WILKINS,Wolters Kluwer/LWW,是,"SCIE, SSCI; SCIE",混合为主,"订阅路线通常无APC；OA常见 USD 2,000-4,000；MEDICINE已拉黑",中,https://wkauthorservices.editage.com/open-access/,https://www.google.com/search?q=JOURNAL+OF+PERINATAL+&+NEONATAL+NURSING+aims+scope+instructions+for+authors+APC
1605,3-Q2,0,Cell Division,CELL DIV,,1747-1028,4.9,4.4,Q2,78/207,Q3,Q3,0.49,62.6,26.0,914.0,CELL BIOLOGY,CELL BIOLOGY(JIF Q2/JCI Q3),BMC,BMC,是,SCIE,全OA,"约 USD 1,990-2,890（旗舰刊更高）",高,https://www.biomedcentral.com/getpublished/article-processing-charges,https://www.google.com/search?q=Cell+Division+aims+scope+instructions+for+authors+APC
1606,3-Q2,0,Journal of Innate Immunity,J INNATE IMMUN,1662-811X,1662-8128,4.6,4.8,Q2,58/183,Q2,Q2,0.82,68.6,26.0,3241.0,IMMUNOLOGY,IMMUNOLOGY(JIF Q2/JCI Q2),KARGER,Karger,是,SCIE,混合/OA,"因刊而异，常见 USD 2,500-3,800",中,https://karger.com/pages/Open-Access,https://www.google.com/search?q=Journal+of+Innate+Immunity+aims+scope+instructions+for+authors+APC
1607,3-Q2,0,EXPERT OPINION ON INVESTIGATIONAL DRUGS,EXPERT OPIN INV DRUG,1354-3784,1744-7658,4.3,4.1,Q2,95/356,Q2,Q2,0.68,73.5,26.0,5677.0,PHARMACOLOGY & PHARMACY,PHARMACOLOGY & PHARMACY(JIF Q2/JCI Q2),TAYLOR & FRANCIS LTD,Taylor & Francis,是,SCIE,混合为主,"订阅路线通常无APC；Open Select常见 USD 2,500-3,500",中,https://authorservices.taylorandfrancis.com/publishing-open-access/,https://www.google.com/search?q=EXPERT+OPINION+ON+INVESTIGATIONAL+DRUGS+aims+scope+instructions+for+authors+APC
1608,3-Q2,0,Expert Review of Clinical Pharmacology,EXPERT REV CLIN PHAR,1751-2433,1751-2441,3.6,3.7,Q2,128/356,Q3,Q3,0.6,64.2,26.0,3810.0,PHARMACOLOGY & PHARMACY,PHARMACOLOGY & PHARMACY(JIF Q2/JCI Q3),TAYLOR & FRANCIS LTD,Taylor & Francis,是,SCIE,混合为主,"订阅路线通常无APC；Open Select常见 USD 2,500-3,500",中,https://authorservices.taylorandfrancis.com/publishing-open-access/,https://www.google.com/search?q=Expert+Review+of+Clinical+Pharmacology+aims+scope+instructions+for+authors+APC
1609,3-Q2,0,Blood Science,BLOOD SCI,2543-6368,2543-6368,3.6,2.7,Q2,31/103,Q2,Q2,0.53,70.4,26.0,434.0,HEMATOLOGY,HEMATOLOGY(JIF Q2/JCI Q2),LIPPINCOTT WILLIAMS & WILKINS,Wolters Kluwer/LWW,否,ESCI,混合为主,"订阅路线通常无APC；OA常见 USD 2,000-4,000；MEDICINE已拉黑",中,https://wkauthorservices.editage.com/open-access/,https://www.google.com/search?q=Blood+Science+aims+scope+instructions+for+authors+APC
1610,3-Q2,0,NEURAL PLASTICITY,NEURAL PLAST,2090-5904,1687-5443,3.4,4.3,Q2,144/330,Q2,Q2,0.86,56.5,26.0,6770.0,NEUROSCIENCES,NEUROSCIENCES(JIF Q2/JCI Q2),WILEY,Wiley,是,SCIE,混合为主,"订阅路线通常无APC；OnlineOpen常见 USD 3,200-4,700",中,https://authorservices.wiley.com/author-resources/Journal-Authors/open-access/article-publication-charges.html,https://www.google.com/search?q=NEURAL+PLASTICITY+aims+scope+instructions+for+authors+APC
1611,3-Q2,0,Trends in Neuroscience and Education,TRENDS NEUROSCI EDUC,2452-0837,2211-9493,3.3,3.6,Q2,156/330,Q2,Q2,0.77,52.9,26.0,890.0,NEUROSCIENCES,NEUROSCIENCES(JIF Q2/JCI Q2),ELSEVIER,Elsevier,否,ESCI,混合为主,"订阅路线通常无APC；Gold OA常见 USD 2,200-4,200",中,https://www.elsevier.com/open-access/agreements,https://www.google.com/search?q=Trends+in+Neuroscience+and+Education+aims+scope+instructions+for+authors+APC
1612,3-Q2,0,Annals of Occupational and Environmental Medicine,ANN OCCUP ENVIRON ME,2052-4374,2052-4374,3.0,1.9,Q2,133/443,Q2,Q2,0.71,70.1,26.0,1085.0,"PUBLIC, ENVIRONMENTAL & OCCUPATIONAL HEALTH","PUBLIC, ENVIRONMENTAL & OCCUPATIONAL HEALTH(JIF Q2/JCI Q2)",Korean Soc Occupational & Environmental Medicine,其他,否,ESCI,需核实,请查期刊官网 Author / Open Access 页面,未知,,https://www.google.com/search?q=Annals+of+Occupational+and+Environmental+Medicine+aims+scope+instructions+for+authors+APC
1613,3-Q2,0,Rheumatology and Immunology Research,RHEUMATOL IMMUNOL RE,,2719-4523,3.0,3.0,Q2,24/58,Q3,Q3,0.53,59.5,26.0,345.0,IMMUNOLOGY; RHEUMATOLOGY,IMMUNOLOGY(JIF Q3/JCI Q3) | RHEUMATOLOGY(JIF Q2/JCI Q3),WALTER DE GRUYTER GMBH,De Gruyter,否,ESCI,混合/OA,因刊而异,中,https://www.degruyter.com/publishing/publications/openaccess,https://www.google.com/search?q=Rheumatology+and+Immunology+Research+aims+scope+instructions+for+authors+APC
1614,3-Q2,0,HARVARD REVIEW OF PSYCHIATRY,HARVARD REV PSYCHIAT,1067-3229,1465-7309,2.9,4.8,Q2,119/293,Q2,Q2,0.73,59.6,26.0,3156.0,PSYCHIATRY,PSYCHIATRY(JIF Q2/JCI Q2),LIPPINCOTT WILLIAMS & WILKINS,Wolters Kluwer/LWW,是,"SCIE, SSCI",混合为主,"订阅路线通常无APC；OA常见 USD 2,000-4,000；MEDICINE已拉黑",中,https://wkauthorservices.editage.com/open-access/,https://www.google.com/search?q=HARVARD+REVIEW+OF+PSYCHIATRY+aims+scope+instructions+for+authors+APC
1615,3-Q2,0,Physical Activity Review,PHYS ACT REV,2300-5076,2300-5076,2.6,1.7,Q2,48/136,Q2,Q2,0.78,65.1,26.0,312.0,SPORT SCIENCES,SPORT SCIENCES(JIF Q2/JCI Q2),PROJACK,其他,否,ESCI,需核实,请查期刊官网 Author / Open Access 页面,未知,,https://www.google.com/search?q=Physical+Activity+Review+aims+scope+instructions+for+authors+APC
1616,3-Q2,0,Journal of Evidence-Based Dental Practice,J EVID-BASED DENT PR,1532-3382,1532-3390,2.5,3.5,Q2,58/165,Q1,Q1,1.09,65.2,26.0,1582.0,"DENTISTRY, ORAL SURGERY & MEDICINE","DENTISTRY, ORAL SURGERY & MEDICINE(JIF Q2/JCI Q1)",ELSEVIER INC,Elsevier,是,SCIE,混合为主,"订阅路线通常无APC；Gold OA常见 USD 2,200-4,200",中,https://www.elsevier.com/open-access/agreements,https://www.google.com/search?q=Journal+of+Evidence-Based+Dental+Practice+aims+scope+instructions+for+authors+APC
1617,3-Q2,0,Occupational Health Science,OCCUP HEALTH SCI,2367-0134,2367-0142,2.4,2.5,Q2,193/443,Q2,Q2,0.75,56.5,26.0,601.0,"PUBLIC, ENVIRONMENTAL & OCCUPATIONAL HEALTH","PUBLIC, ENVIRONMENTAL & OCCUPATIONAL HEALTH(JIF Q2/JCI Q2)",SPRINGERNATURE,Springer Nature,否,ESCI,混合/全OA,"全OA约 USD 2,090-3,490；Nature系更高；Scientific Reports已拉黑",中高,https://www.springernature.com/gp/open-research/journals-books/journals,https://www.google.com/search?q=Occupational+Health+Science+aims+scope+instructions+for+authors+APC
1618,3-Q2,0,Perspectives in Public Health,PERSPECT PUBLIC HEAL,1757-9139,1757-9147,2.3,3.6,Q2,209/443,Q3,Q3,0.51,52.9,26.0,1646.0,"PUBLIC, ENVIRONMENTAL & OCCUPATIONAL HEALTH","PUBLIC, ENVIRONMENTAL & OCCUPATIONAL HEALTH(JIF Q2/JCI Q3)",SAGE PUBLICATIONS LTD,SAGE,否,SSCI,混合为主,"订阅路线通常无APC；SAGE Choice常见 USD 2,000-4,000",中,https://us.sagepub.com/en-us/nam/sage-choice,https://www.google.com/search?q=Perspectives+in+Public+Health+aims+scope+instructions+for+authors+APC
1619,3-Q2,0,Implementation Research and Practice,IMPLEMENT RES PRACT,2633-4895,2633-4895,2.2,4.1,Q2,218/443,Q2,Q2,0.82,50.9,26.0,733.0,"HEALTH CARE SCIENCES & SERVICES; HEALTH POLICY & SERVICES; PUBLIC, ENVIRONMENTAL & OCCUPATIONAL HEALTH","HEALTH CARE SCIENCES & SERVICES(JIF Q3/JCI Q2) | HEALTH POLICY & SERVICES(JIF Q3/JCI Q2) | PUBLIC, ENVIRONMENTAL & OCCUPATIONAL HEALTH(JIF Q2/JCI Q2)",SAGE PUBLICATIONS INC,SAGE,否,ESCI,混合为主,"订阅路线通常无APC；SAGE Choice常见 USD 2,000-4,000",中,https://us.sagepub.com/en-us/nam/sage-choice,https://www.google.com/search?q=Implementation+Research+and+Practice+aims+scope+instructions+for+authors+APC
1620,3-Q2,0,Menopause Review-Przeglad Menopauzalny,MENOPAUSE REV,1643-8876,2299-0038,2.2,2.2,Q2,67/143,Q3,Q3,0.59,53.5,26.0,951.0,OBSTETRICS & GYNECOLOGY,OBSTETRICS & GYNECOLOGY(JIF Q2/JCI Q3),TERMEDIA PUBLISHING HOUSE LTD,其他,否,ESCI,需核实,请查期刊官网 Author / Open Access 页面,未知,,https://www.google.com/search?q=Menopause+Review-Przeglad+Menopauzalny+aims+scope+instructions+for+authors+APC
1621,3-Q2,0,Journal of Community Health Nursing,J COMMUN HEALTH NURS,0737-0016,1532-7655,1.9,1.4,Q2,95/194,Q3,Q3,0.65,51.3,26.0,559.0,NURSING,NURSING(JIF Q2/JCI Q3),"ROUTLEDGE JOURNALS, TAYLOR & FRANCIS LTD",Taylor & Francis,是,"SCIE, SSCI",混合为主,"订阅路线通常无APC；Open Select常见 USD 2,500-3,500",中,https://authorservices.taylorandfrancis.com/publishing-open-access/,https://www.google.com/search?q=Journal+of+Community+Health+Nursing+aims+scope+instructions+for+authors+APC
1622,3-Q2,0,SOUTH AFRICAN JOURNAL OF COMMUNICATION DISORDERS,S AFR J COMMUN DISOR,0379-8046,2225-4765,1.7,2.0,Q2,17/35,Q3,Q3,0.77,52.9,26.0,517.0,AUDIOLOGY & SPEECH-LANGUAGE PATHOLOGY,AUDIOLOGY & SPEECH-LANGUAGE PATHOLOGY(JIF Q2/JCI Q3),AOSIS,其他,否,ESCI,需核实,请查期刊官网 Author / Open Access 页面,未知,,https://www.google.com/search?q=SOUTH+AFRICAN+JOURNAL+OF+COMMUNICATION+DISORDERS+aims+scope+instructions+for+authors+APC
1623,3-Q2,0,GigaByte,GIGABYTE-PRC,,2709-4715,1.6,2.1,Q2,69/140,Q2,Q2,0.39,51.1,26.0,311.0,MULTIDISCIPLINARY SCIENCES,MULTIDISCIPLINARY SCIENCES(JIF Q2/JCI Q2),GigaScience Press,其他,否,ESCI,需核实,请查期刊官网 Author / Open Access 页面,未知,,https://www.google.com/search?q=GigaByte+aims+scope+instructions+for+authors+APC
1624,3-Q2,0,Nucleic Acid Therapeutics,NUCLEIC ACID THER,2159-3337,2159-3345,4.5,4.6,Q2,59/191,Q2,Q2,0.89,69.4,25.0,1950.0,"BIOCHEMISTRY & MOLECULAR BIOLOGY; CHEMISTRY, MEDICINAL; MEDICINE, RESEARCH & EXPERIMENTAL","BIOCHEMISTRY & MOLECULAR BIOLOGY(JIF Q2/JCI Q2) | CHEMISTRY, MEDICINAL(JIF Q2/JCI Q2) | MEDICINE, RESEARCH & EXPERIMENTAL(JIF Q2/JCI Q2)",SAGE PUBLICATIONS INC,SAGE,是,SCIE,混合为主,"订阅路线通常无APC；SAGE Choice常见 USD 2,000-4,000",中,https://us.sagepub.com/en-us/nam/sage-choice,https://www.google.com/search?q=Nucleic+Acid+Therapeutics+aims+scope+instructions+for+authors+APC
1625,3-Q2,0,PSYCHOPATHOLOGY,PSYCHOPATHOLOGY,0254-4962,1423-033X,3.1,3.6,Q2,108/293,Q3,Q3,0.69,63.3,25.0,2675.0,PSYCHIATRY,PSYCHIATRY(JIF Q2/JCI Q3),KARGER,Karger,是,"SCIE, SSCI",混合/OA,"因刊而异，常见 USD 2,500-3,800",中,https://karger.com/pages/Open-Access,https://www.google.com/search?q=PSYCHOPATHOLOGY+aims+scope+instructions+for+authors+APC
1626,3-Q2,0,JOURNAL OF MICROENCAPSULATION,J MICROENCAPSUL,0265-2048,1464-5246,3.1,3.4,Q2,35/77,Q3,Q2,0.6,54.4,25.0,3051.0,PHARMACOLOGY & PHARMACY,PHARMACOLOGY & PHARMACY(JIF Q2/JCI Q3),TAYLOR & FRANCIS LTD,Taylor & Francis,是,SCIE,混合为主,"订阅路线通常无APC；Open Select常见 USD 2,500-3,500",中,https://authorservices.taylorandfrancis.com/publishing-open-access/,https://www.google.com/search?q=JOURNAL+OF+MICROENCAPSULATION+aims+scope+instructions+for+authors+APC
1627,3-Q2,0,International Journal of Hypertension,INT J HYPERTENS,2090-0384,2090-0392,3.1,2.4,Q2,36/100,Q3,Q3,0.45,64.5,25.0,1321.0,PERIPHERAL VASCULAR DISEASE,PERIPHERAL VASCULAR DISEASE(JIF Q2/JCI Q3),WILEY,Wiley,是,SCIE,混合为主,"订阅路线通常无APC；OnlineOpen常见 USD 3,200-4,700",中,https://authorservices.wiley.com/author-resources/Journal-Authors/open-access/article-publication-charges.html,https://www.google.com/search?q=International+Journal+of+Hypertension+aims+scope+instructions+for+authors+APC
1628,3-Q2,0,SEMINARS IN REPRODUCTIVE MEDICINE,SEMIN REPROD MED,1526-8004,1526-4564,2.6,3.7,Q2,48/143,Q2,Q2,0.79,66.8,25.0,2438.0,OBSTETRICS & GYNECOLOGY; REPRODUCTIVE BIOLOGY,OBSTETRICS & GYNECOLOGY(JIF Q2/JCI Q2) | REPRODUCTIVE BIOLOGY(JIF Q2/JCI Q2),THIEME MEDICAL PUBL INC,Thieme,是,SCIE,混合为主,订阅路线通常无APC；OA另计,中低,https://www.thieme.com/en-us/open-access,https://www.google.com/search?q=SEMINARS+IN+REPRODUCTIVE+MEDICINE+aims+scope+instructions+for+authors+APC
1629,3-Q2,0,iRADIOLOGY,IRADIOLOGY,2834-2860,2834-2879,2.4,2.4,Q2,101/217,Q3,Q3,0.5,53.7,25.0,206.0,"RADIOLOGY, NUCLEAR MEDICINE & MEDICAL IMAGING","RADIOLOGY, NUCLEAR MEDICINE & MEDICAL IMAGING(JIF Q2/JCI Q3)",WILEY,Wiley,否,ESCI,混合为主,"订阅路线通常无APC；OnlineOpen常见 USD 3,200-4,700",中,https://authorservices.wiley.com/author-resources/Journal-Authors/open-access/article-publication-charges.html,https://www.google.com/search?q=iRADIOLOGY+aims+scope+instructions+for+authors+APC
1630,3-Q2,0,International Journal of Older People Nursing,INT J OLDER PEOPLE N,1748-3735,1748-3743,2.2,2.6,Q2,69/194,Q3,Q3,0.61,64.7,25.0,1573.0,GERIATRICS & GERONTOLOGY; NURSING,GERIATRICS & GERONTOLOGY(JIF Q3/JCI Q3) | NURSING(JIF Q2/JCI Q3),WILEY,Wiley,是,"SCIE; SSCI; SCIE, SSCI",混合为主,"订阅路线通常无APC；OnlineOpen常见 USD 3,200-4,700",中,https://authorservices.wiley.com/author-resources/Journal-Authors/open-access/article-publication-charges.html,https://www.google.com/search?q=International+Journal+of+Older+People+Nursing+aims+scope+instructions+for+authors+APC
1631,3-Q2,0,Pleura and Peritoneum,PLEURA PERITONEUM,2364-7671,2364-768X,2.0,2.0,Q2,137/321,Q2,Q2,0.65,57.5,25.0,439.0,ONCOLOGY; SURGERY,ONCOLOGY(JIF Q4/JCI Q2) | SURGERY(JIF Q2/JCI Q3),WALTER DE GRUYTER GMBH,De Gruyter,否,ESCI,混合/OA,因刊而异,中,https://www.degruyter.com/publishing/publications/openaccess,https://www.google.com/search?q=Pleura+and+Peritoneum+aims+scope+instructions+for+authors+APC
1632,3-Q2,0,PULMONARY PHARMACOLOGY & THERAPEUTICS,PULM PHARMACOL THER,1094-5539,,3.8,3.2,Q2,28/107,Q2,Q2,0.87,74.3,24.0,2769.0,PHARMACOLOGY & PHARMACY; RESPIRATORY SYSTEM,PHARMACOLOGY & PHARMACY(JIF Q2/JCI Q2) | RESPIRATORY SYSTEM(JIF Q2/JCI Q2),ACADEMIC PRESS LTD- ELSEVIER SCIENCE LTD,Elsevier,是,SCIE,混合为主,"订阅路线通常无APC；Gold OA常见 USD 2,200-4,200",中,https://www.elsevier.com/open-access/agreements,https://www.google.com/search?q=PULMONARY+PHARMACOLOGY+&+THERAPEUTICS+aims+scope+instructions+for+authors+APC
1633,3-Q2,0,Biochimica et Biophysica Acta-Gene Regulatory Mechanisms,BBA-GENE REGUL MECH,1874-9399,1876-4320,3.6,3.7,Q2,23/81,Q2,Q2,0.66,52.0,24.0,6523.0,BIOCHEMISTRY & MOLECULAR BIOLOGY,BIOCHEMISTRY & MOLECULAR BIOLOGY(JIF Q2/JCI Q2),ELSEVIER,Elsevier,是,SCIE,混合为主,"订阅路线通常无APC；Gold OA常见 USD 2,200-4,200",中,https://www.elsevier.com/open-access/agreements,https://www.google.com/search?q=Biochimica+et+Biophysica+Acta-Gene+Regulatory+Mechanisms+aims+scope+instructions+for+authors+APC
1634,3-Q2,0,AMERICAN JOURNAL OF THERAPEUTICS,AM J THER,1075-2765,1536-3686,3.5,2.6,Q2,134/356,Q3,Q3,0.51,62.5,24.0,2054.0,PHARMACOLOGY & PHARMACY,PHARMACOLOGY & PHARMACY(JIF Q2/JCI Q3),LIPPINCOTT WILLIAMS & WILKINS,Wolters Kluwer/LWW,是,SCIE,混合为主,"订阅路线通常无APC；OA常见 USD 2,000-4,000；MEDICINE已拉黑",中,https://wkauthorservices.editage.com/open-access/,https://www.google.com/search?q=AMERICAN+JOURNAL+OF+THERAPEUTICS+aims+scope+instructions+for+authors+APC
1635,3-Q2,0,Laboratory Animal Research,LAB ANIM RES,1738-6055,2233-7660,3.1,3.9,Q2,17/170,Q2,Q2,0.87,52.1,24.0,1251.0,"MEDICINE, RESEARCH & EXPERIMENTAL","MEDICINE, RESEARCH & EXPERIMENTAL(JIF Q2/JCI Q2)",SPRINGERNATURE,Springer Nature,否,ESCI,混合/全OA,"全OA约 USD 2,090-3,490；Nature系更高；Scientific Reports已拉黑",中高,https://www.springernature.com/gp/open-research/journals-books/journals,https://www.google.com/search?q=Laboratory+Animal+Research+aims+scope+instructions+for+authors+APC
1636,3-Q2,0,JOURNAL OF HEALTHCARE MANAGEMENT,J HEALTHC MANAG,1096-9012,1944-7396,2.8,2.6,Q2,42/125,Q2,Q2,0.82,66.8,24.0,841.0,HEALTH POLICY & SERVICES,HEALTH POLICY & SERVICES(JIF Q2/JCI Q2),LIPPINCOTT WILLIAMS & WILKINS,Wolters Kluwer/LWW,否,SSCI,混合为主,"订阅路线通常无APC；OA常见 USD 2,000-4,000；MEDICINE已拉黑",中,https://wkauthorservices.editage.com/open-access/,https://www.google.com/search?q=JOURNAL+OF+HEALTHCARE+MANAGEMENT+aims+scope+instructions+for+authors+APC
1637,3-Q2,0,PHARMACOGENOMICS JOURNAL,PHARMACOGENOMICS J,1470-269X,1473-1150,2.8,2.6,Q2,86/192,Q2,Q2,0.77,55.5,24.0,2219.0,GENETICS & HEREDITY; PHARMACOLOGY & PHARMACY,GENETICS & HEREDITY(JIF Q2/JCI Q2) | PHARMACOLOGY & PHARMACY(JIF Q3/JCI Q2),SPRINGERNATURE,Springer Nature,是,SCIE,混合/全OA,"全OA约 USD 2,090-3,490；Nature系更高；Scientific Reports已拉黑",中高,https://www.springernature.com/gp/open-research/journals-books/journals,https://www.google.com/search?q=PHARMACOGENOMICS+JOURNAL+aims+scope+instructions+for+authors+APC
1638,3-Q2,0,Genes and Nutrition,GENES NUTR,1555-8932,1865-3499,2.8,3.8,Q2,86/192,Q2,Q2,0.73,55.5,24.0,1808.0,GENETICS & HEREDITY; NUTRITION & DIETETICS,GENETICS & HEREDITY(JIF Q2/JCI Q2) | NUTRITION & DIETETICS(JIF Q3/JCI Q2),BMC,BMC,是,SCIE,全OA,"约 USD 1,990-2,890（旗舰刊更高）",高,https://www.biomedcentral.com/getpublished/article-processing-charges,https://www.google.com/search?q=Genes+and+Nutrition+aims+scope+instructions+for+authors+APC
1639,3-Q2,0,Cardiology Plus,CARDIOL PLUS,2470-7511,2470-752X,2.4,,Q2,117/237,Q4,Q4,0.3,50.8,24.0,245.0,CARDIAC & CARDIOVASCULAR SYSTEMS,CARDIAC & CARDIOVASCULAR SYSTEMS(JIF Q2/JCI Q4),LIPPINCOTT WILLIAMS & WILKINS,Wolters Kluwer/LWW,否,ESCI,混合为主,"订阅路线通常无APC；OA常见 USD 2,000-4,000；MEDICINE已拉黑",中,https://wkauthorservices.editage.com/open-access/,https://www.google.com/search?q=Cardiology+Plus+aims+scope+instructions+for+authors+APC
1640,3-Q2,0,International Journal of Community-Based Nursing and Midwifery,INT J COMM-BASED NUR,2322-2476,2322-4835,2.2,,Q2,69/194,Q2,Q2,0.9,64.7,24.0,796.0,NURSING,NURSING(JIF Q2/JCI Q2),SHIRAZ UNIV MEDICAL SCIENCES,其他,否,ESCI,需核实,请查期刊官网 Author / Open Access 页面,未知,,https://www.google.com/search?q=International+Journal+of+Community-Based+Nursing+and+Midwifery+aims+scope+instructions+for+authors+APC
1641,3-Q2,0,Journal of Science in Sport and Exercise,J SCI SPORT EXERC,2096-6709,2662-1371,2.1,1.9,Q2,65/136,Q3,Q3,0.64,52.6,24.0,572.0,SPORT SCIENCES,SPORT SCIENCES(JIF Q2/JCI Q3),SPRINGERNATURE,Springer Nature,否,ESCI,混合/全OA,"全OA约 USD 2,090-3,490；Nature系更高；Scientific Reports已拉黑",中高,https://www.springernature.com/gp/open-research/journals-books/journals,https://www.google.com/search?q=Journal+of+Science+in+Sport+and+Exercise+aims+scope+instructions+for+authors+APC
1642,3-Q2,0,ORL-Journal for Oto-Rhino-Laryngology Head and Neck Surgery,ORL J OTO-RHINO-LARY,0301-1569,1423-0275,2.0,1.4,Q2,17/67,Q2,Q2,0.85,75.4,24.0,698.0,OTORHINOLARYNGOLOGY,OTORHINOLARYNGOLOGY(JIF Q2/JCI Q2),KARGER,Karger,是,SCIE,混合/OA,"因刊而异，常见 USD 2,500-3,800",中,https://karger.com/pages/Open-Access,https://www.google.com/search?q=ORL-Journal+for+Oto-Rhino-Laryngology+Head+and+Neck+Surgery+aims+scope+instructions+for+authors+APC
1643,3-Q2,0,Hand Therapy,HAND THER,1758-9983,1758-9991,1.7,1.4,Q2,87/175,Q4,Q4,0.48,50.6,24.0,273.0,REHABILITATION,REHABILITATION(JIF Q2/JCI Q4),SAGE PUBLICATIONS LTD,SAGE,否,ESCI,混合为主,"订阅路线通常无APC；SAGE Choice常见 USD 2,000-4,000",中,https://us.sagepub.com/en-us/nam/sage-choice,https://www.google.com/search?q=Hand+Therapy+aims+scope+instructions+for+authors+APC
1644,3-Q2,0,Microbiome Research Reports,MICROBIOME RES REP,,2771-5965,5.2,5.3,Q2,42/167,Q2,Q2,0.79,75.1,23.0,607.0,MICROBIOLOGY,MICROBIOLOGY(JIF Q2/JCI Q2),OAE PUBLISHING INC,其他,否,ESCI,需核实,请查期刊官网 Author / Open Access 页面,未知,,https://www.google.com/search?q=Microbiome+Research+Reports+aims+scope+instructions+for+authors+APC
1645,3-Q2,0,Australian Prescriber,AUST PRESCR,0312-8008,1839-3942,4.3,4.7,Q2,95/356,Q2,Q2,0.9,73.5,23.0,1193.0,PHARMACOLOGY & PHARMACY,PHARMACOLOGY & PHARMACY(JIF Q2/JCI Q2),Therapeutic Guidelines Ltd,其他,否,ESCI,需核实,请查期刊官网 Author / Open Access 页面,未知,,https://www.google.com/search?q=Australian+Prescriber+aims+scope+instructions+for+authors+APC
1646,3-Q2,0,Medical Gas Research,MED GAS RES,2045-9912,2045-9912,4.2,3.6,Q2,67/191,Q2,Q2,0.68,65.2,23.0,1314.0,"MEDICINE, RESEARCH & EXPERIMENTAL","MEDICINE, RESEARCH & EXPERIMENTAL(JIF Q2/JCI Q2)",WOLTERS KLUWER MEDKNOW PUBLICATIONS,Wolters Kluwer/LWW,否,ESCI,混合为主,"订阅路线通常无APC；OA常见 USD 2,000-4,000；MEDICINE已拉黑",中,https://wkauthorservices.editage.com/open-access/,https://www.google.com/search?q=Medical+Gas+Research+aims+scope+instructions+for+authors+APC
1647,3-Q2,0,NEUROPSYCHOBIOLOGY,NEUROPSYCHOBIOLOGY,0302-282X,1423-0224,3.7,4.0,Q2,15/93,Q2,Q2,0.86,72.5,23.0,2861.0,NEUROSCIENCES; PSYCHIATRY,NEUROSCIENCES(JIF Q2/JCI Q2) | PSYCHIATRY(JIF Q2/JCI Q2),KARGER,Karger,是,SCIE,混合/OA,"因刊而异，常见 USD 2,500-3,800",中,https://karger.com/pages/Open-Access,https://www.google.com/search?q=NEUROPSYCHOBIOLOGY+aims+scope+instructions+for+authors+APC
1648,3-Q2,0,Neurobiology of Pain,NEUROBIOL PAIN,,2452-073X,3.4,,Q2,98/296,Q2,Q2,0.86,67.1,23.0,592.0,CLINICAL NEUROLOGY; NEUROSCIENCES,CLINICAL NEUROLOGY(JIF Q2/JCI Q2) | NEUROSCIENCES(JIF Q2/JCI Q2),ELSEVIER,Elsevier,否,ESCI,混合为主,"订阅路线通常无APC；Gold OA常见 USD 2,200-4,200",中,https://www.elsevier.com/open-access/agreements,https://www.google.com/search?q=Neurobiology+of+Pain+aims+scope+instructions+for+authors+APC
1649,3-Q2,0,CNS & Neurological Disorders-Drug Targets,CNS NEUROL DISORD-DR,1871-5273,1996-3181,3.3,3.3,Q2,149/356,Q3,Q3,0.58,58.3,23.0,4030.0,NEUROSCIENCES; PHARMACOLOGY & PHARMACY,NEUROSCIENCES(JIF Q2/JCI Q3) | PHARMACOLOGY & PHARMACY(JIF Q2/JCI Q3),BENTHAM SCIENCE PUBL,其他,是,SCIE,需核实,请查期刊官网 Author / Open Access 页面,未知,,https://www.google.com/search?q=CNS+&+Neurological+Disorders-Drug+Targets+aims+scope+instructions+for+authors+APC
1650,3-Q2,0,American Journal of Cardiovascular Drugs,AM J CARDIOVASC DRUG,1175-3277,1179-187X,3.2,2.8,Q2,86/237,Q2,Q2,0.64,63.9,23.0,1721.0,CARDIAC & CARDIOVASCULAR SYSTEMS; PHARMACOLOGY & PHARMACY,CARDIAC & CARDIOVASCULAR SYSTEMS(JIF Q2/JCI Q2) | PHARMACOLOGY & PHARMACY(JIF Q2/JCI Q2),ADIS INT LTD,其他,是,SCIE,需核实,请查期刊官网 Author / Open Access 页面,未知,,https://www.google.com/search?q=American+Journal+of+Cardiovascular+Drugs+aims+scope+instructions+for+authors+APC
1651,3-Q2,0,Frontiers in Nuclear Medicine,FRONT NUCL MED,,2673-8880,2.5,2.4,Q2,93/217,Q3,Q3,0.47,57.4,23.0,320.0,"RADIOLOGY, NUCLEAR MEDICINE & MEDICAL IMAGING","RADIOLOGY, NUCLEAR MEDICINE & MEDICAL IMAGING(JIF Q2/JCI Q3)",FRONTIERS MEDIA SA,Frontiers,否,ESCI,全OA,"约 CHF 1,495-3,150（Frontiers in Medicine A类=CHF 3,150）",高,https://www.frontiersin.org/about/fee-policy,https://www.google.com/search?q=Frontiers+in+Nuclear+Medicine+aims+scope+instructions+for+authors+APC
1652,3-Q2,0,Journal of Behavioral and Cognitive Therapy,J BEHAV COGN THER,2589-9791,2589-9791,2.3,,Q2,75/184,Q3,Q3,0.63,59.5,23.0,294.0,"PSYCHIATRY; PSYCHOLOGY, CLINICAL","PSYCHIATRY(JIF Q3/JCI Q3) | PSYCHOLOGY, CLINICAL(JIF Q2/JCI Q3)",ELSEVIER,Elsevier,否,ESCI,混合为主,"订阅路线通常无APC；Gold OA常见 USD 2,200-4,200",中,https://www.elsevier.com/open-access/agreements,https://www.google.com/search?q=Journal+of+Behavioral+and+Cognitive+Therapy+aims+scope+instructions+for+authors+APC
1653,3-Q2,0,Frontiers in Parasitology,FRONT PARASITOL-SWIT,,2813-2424,2.1,2.2,Q2,23/47,Q4,Q4,0.4,52.1,23.0,190.0,PARASITOLOGY,PARASITOLOGY(JIF Q2/JCI Q4),FRONTIERS MEDIA SA,Frontiers,否,ESCI,全OA,"约 CHF 1,495-3,150（Frontiers in Medicine A类=CHF 3,150）",高,https://www.frontiersin.org/about/fee-policy,https://www.google.com/search?q=Frontiers+in+Parasitology+aims+scope+instructions+for+authors+APC
1654,3-Q2,0,HUMAN NATURE-AN INTERDISCIPLINARY BIOSOCIAL PERSPECTIVE,HUM NATURE-INT BIOS,1045-6767,1936-4776,2.0,2.2,Q2,20/143,Q1,Q1,1.01,51.0,23.0,1883.0,"SOCIAL SCIENCES, BIOMEDICAL","SOCIAL SCIENCES, BIOMEDICAL(JIF Q2/JCI Q1)",SPRINGER,Springer,否,SSCI,混合为主,"订阅路线通常无APC；选OA约 USD 2,790-4,290",中,https://www.springer.com/gp/open-access,https://www.google.com/search?q=HUMAN+NATURE-AN+INTERDISCIPLINARY+BIOSOCIAL+PERSPECTIVE+aims+scope+instructions+for+authors+APC
1655,3-Q2,0,Romanian Journal of Internal Medicine,ROM J INTERN MED,1582-3296,2501-062X,1.6,1.7,Q2,139/336,Q2,Q2,0.33,58.8,23.0,618.0,"MEDICINE, GENERAL & INTERNAL","MEDICINE, GENERAL & INTERNAL(JIF Q2/JCI Q2)",Paradigm Publishing Services-De Gruyter Brill Sp Zoo,De Gruyter,否,ESCI,混合/OA,因刊而异,中,https://www.degruyter.com/publishing/publications/openaccess,https://www.google.com/search?q=Romanian+Journal+of+Internal+Medicine+aims+scope+instructions+for+authors+APC
1656,3-Q2,0,BIOINORGANIC CHEMISTRY AND APPLICATIONS,BIOINORG CHEM APPL,1565-3633,1687-479X,4.1,4.1,Q2,8/58,Q1,Q1,1.07,60.5,22.0,2100.0,BIOCHEMISTRY & MOLECULAR BIOLOGY,BIOCHEMISTRY & MOLECULAR BIOLOGY(JIF Q2/JCI Q1),WILEY,Wiley,是,SCIE,混合为主,"订阅路线通常无APC；OnlineOpen常见 USD 3,200-4,700",中,https://authorservices.wiley.com/author-resources/Journal-Authors/open-access/article-publication-charges.html,https://www.google.com/search?q=BIOINORGANIC+CHEMISTRY+AND+APPLICATIONS+aims+scope+instructions+for+authors+APC
1657,3-Q2,0,CURRENT GENE THERAPY,CURR GENE THER,1566-5232,1875-5631,4.1,3.2,Q2,49/192,Q2,Q2,0.87,74.7,22.0,1650.0,GENETICS & HEREDITY,GENETICS & HEREDITY(JIF Q2/JCI Q2),BENTHAM SCIENCE PUBL LTD,其他,是,SCIE,需核实,请查期刊官网 Author / Open Access 页面,未知,,https://www.google.com/search?q=CURRENT+GENE+THERAPY+aims+scope+instructions+for+authors+APC
1658,3-Q2,0,Oxygen,OXYGEN-BASEL,,2673-9801,3.7,6.5,Q2,153/328,Q2,Q2,0.65,53.5,22.0,686.0,BIOCHEMISTRY & MOLECULAR BIOLOGY,BIOCHEMISTRY & MOLECULAR BIOLOGY(JIF Q2/JCI Q2),MDPI,MDPI,否,ESCI,全OA,"约 CHF 1,600-2,900（如 JCM=CHF 2,600）",高,https://www.mdpi.com/about/apc,https://www.google.com/search?q=Oxygen+aims+scope+instructions+for+authors+APC
1659,3-Q2,0,Nanotoxicology,NANOTOXICOLOGY,1743-5390,1743-5404,3.6,3.9,Q2,35/106,Q3,Q2,0.58,67.5,22.0,4009.0,TOXICOLOGY,TOXICOLOGY(JIF Q2/JCI Q3),TAYLOR & FRANCIS LTD,Taylor & Francis,是,SCIE,混合为主,"订阅路线通常无APC；Open Select常见 USD 2,500-3,500",中,https://authorservices.taylorandfrancis.com/publishing-open-access/,https://www.google.com/search?q=Nanotoxicology+aims+scope+instructions+for+authors+APC
1660,3-Q2,0,American Journal of Alzheimers Disease and Other Dementias,AM J ALZHEIMERS DIS,1533-3175,1938-2731,3.3,3.5,Q2,107/296,Q2,Q2,0.74,64.0,22.0,2887.0,CLINICAL NEUROLOGY; GERIATRICS & GERONTOLOGY,CLINICAL NEUROLOGY(JIF Q2/JCI Q2) | GERIATRICS & GERONTOLOGY(JIF Q2/JCI Q3),SAGE PUBLICATIONS INC,SAGE,是,SCIE,混合为主,"订阅路线通常无APC；SAGE Choice常见 USD 2,000-4,000",中,https://us.sagepub.com/en-us/nam/sage-choice,https://www.google.com/search?q=American+Journal+of+Alzheimers+Disease+and+Other+Dementias+aims+scope+instructions+for+authors+APC
1661,3-Q2,0,Tissue Barriers,TISSUE BARRIERS,2168-8370,2168-8370,3.1,5.0,Q2,92/191,Q2,Q2,0.63,52.1,22.0,1983.0,"MEDICINE, RESEARCH & EXPERIMENTAL","MEDICINE, RESEARCH & EXPERIMENTAL(JIF Q2/JCI Q2)",TAYLOR & FRANCIS INC,Taylor & Francis,否,ESCI,混合为主,"订阅路线通常无APC；Open Select常见 USD 2,500-3,500",中,https://authorservices.taylorandfrancis.com/publishing-open-access/,https://www.google.com/search?q=Tissue+Barriers+aims+scope+instructions+for+authors+APC
1662,3-Q2,0,Journal of Immunotherapy and Precision Oncology,J IMMUNOTHER PRECIS,2666-2345,2590-017X,3.1,,Q2,165/333,Q3,Q3,0.54,50.6,22.0,388.0,IMMUNOLOGY; ONCOLOGY,IMMUNOLOGY(JIF Q3/JCI Q3) | ONCOLOGY(JIF Q2/JCI Q3),Innovative Healthcare Institute,其他,否,ESCI,需核实,请查期刊官网 Author / Open Access 页面,未知,,https://www.google.com/search?q=Journal+of+Immunotherapy+and+Precision+Oncology+aims+scope+instructions+for+authors+APC
1663,3-Q2,0,Global Health-Science and Practice,GLOB HEALTH-SCI PRAC,2169-575X,2169-575X,2.8,3.3,Q2,149/443,Q3,Q3,0.6,66.5,22.0,2639.0,"PUBLIC, ENVIRONMENTAL & OCCUPATIONAL HEALTH","PUBLIC, ENVIRONMENTAL & OCCUPATIONAL HEALTH(JIF Q2/JCI Q3)",JOHNS HOPKINS CENTER COMMUNICATION PROGRAMS-CCP,其他,是,"SCIE, SSCI",需核实,请查期刊官网 Author / Open Access 页面,未知,,https://www.google.com/search?q=Global+Health-Science+and+Practice+aims+scope+instructions+for+authors+APC
1664,3-Q2,0,Therapeutic Advances in Reproductive Health,THER ADV REPROD HEAL,,2633-4941,2.3,3.1,Q2,60/143,Q3,Q3,0.64,58.4,22.0,212.0,OBSTETRICS & GYNECOLOGY,OBSTETRICS & GYNECOLOGY(JIF Q2/JCI Q3),SAGE PUBLICATIONS LTD,SAGE,否,ESCI,混合为主,"订阅路线通常无APC；SAGE Choice常见 USD 2,000-4,000",中,https://us.sagepub.com/en-us/nam/sage-choice,https://www.google.com/search?q=Therapeutic+Advances+in+Reproductive+Health+aims+scope+instructions+for+authors+APC
1665,3-Q2,0,CELLS TISSUES ORGANS,CELLS TISSUES ORGANS,1422-6405,1422-6421,2.2,2.4,Q2,7/25,Q2,Q2,0.66,74.0,22.0,2043.0,ANATOMY & MORPHOLOGY; CELL BIOLOGY,ANATOMY & MORPHOLOGY(JIF Q2/JCI Q3) | CELL BIOLOGY(JIF Q4/JCI Q2),KARGER,Karger,是,SCIE,混合/OA,"因刊而异，常见 USD 2,500-3,800",中,https://karger.com/pages/Open-Access,https://www.google.com/search?q=CELLS+TISSUES+ORGANS+aims+scope+instructions+for+authors+APC
1666,3-Q2,0,Brain Tumor Pathology,BRAIN TUMOR PATHOL,1433-7398,1861-387X,2.2,2.2,Q2,44/89,Q3,Q3,0.56,51.1,22.0,725.0,CLINICAL NEUROLOGY; ONCOLOGY; PATHOLOGY,CLINICAL NEUROLOGY(JIF Q3/JCI Q3) | ONCOLOGY(JIF Q3/JCI Q3) | PATHOLOGY(JIF Q2/JCI Q3),SPRINGER JAPAN KK,Springer,是,SCIE,混合为主,"订阅路线通常无APC；选OA约 USD 2,790-4,290",中,https://www.springer.com/gp/open-access,https://www.google.com/search?q=Brain+Tumor+Pathology+aims+scope+instructions+for+authors+APC
1667,3-Q2,0,Journal of Obesity,J OBES,2090-0708,2090-0716,4.1,5.3,Q2,68/198,Q2,Q2,0.81,65.9,21.0,2110.0,ENDOCRINOLOGY & METABOLISM,ENDOCRINOLOGY & METABOLISM(JIF Q2/JCI Q2),WILEY,Wiley,否,ESCI,混合为主,"订阅路线通常无APC；OnlineOpen常见 USD 3,200-4,700",中,https://authorservices.wiley.com/author-resources/Journal-Authors/open-access/article-publication-charges.html,https://www.google.com/search?q=Journal+of+Obesity+aims+scope+instructions+for+authors+APC
1668,3-Q2,0,Clinical and Translational Discovery,CLIN TRANSL DISCOV,,2768-0622,3.1,2.5,Q2,92/191,Q4,Q4,0.24,52.1,21.0,381.0,"MEDICINE, RESEARCH & EXPERIMENTAL","MEDICINE, RESEARCH & EXPERIMENTAL(JIF Q2/JCI Q4)",WILEY,Wiley,否,ESCI,混合为主,"订阅路线通常无APC；OnlineOpen常见 USD 3,200-4,700",中,https://authorservices.wiley.com/author-resources/Journal-Authors/open-access/article-publication-charges.html,https://www.google.com/search?q=Clinical+and+Translational+Discovery+aims+scope+instructions+for+authors+APC
1669,3-Q2,0,Libyan Journal of Medicine,LIBYAN J MED,1993-2820,1819-6357,2.5,2.5,Q2,92/336,Q2,Q2,0.67,72.8,21.0,692.0,"MEDICINE, GENERAL & INTERNAL","MEDICINE, GENERAL & INTERNAL(JIF Q2/JCI Q2)",TAYLOR & FRANCIS LTD,Taylor & Francis,是,SCIE,混合为主,"订阅路线通常无APC；Open Select常见 USD 2,500-3,500",中,https://authorservices.taylorandfrancis.com/publishing-open-access/,https://www.google.com/search?q=Libyan+Journal+of+Medicine+aims+scope+instructions+for+authors+APC
1670,3-Q2,0,Patient-Related Outcome Measures,PATIENT-RELAT OUTCOM,1179-271X,1179-271X,2.4,2.8,Q2,97/194,Q3,Q3,0.65,50.3,21.0,1068.0,HEALTH CARE SCIENCES & SERVICES,HEALTH CARE SCIENCES & SERVICES(JIF Q2/JCI Q3),DOVE MEDICAL PRESS LTD,其他,否,ESCI,需核实,请查期刊官网 Author / Open Access 页面,未知,,https://www.google.com/search?q=Patient-Related+Outcome+Measures+aims+scope+instructions+for+authors+APC
1671,3-Q2,0,Annals of Breast Surgery,ANN BREAST SURG,,2616-2776,1.8,,Q2,157/321,Q4,Q4,0.32,51.2,21.0,216.0,ONCOLOGY; SURGERY,ONCOLOGY(JIF Q4/JCI Q4) | SURGERY(JIF Q2/JCI Q4),AME PUBLISHING COMPANY,其他,否,ESCI,需核实,请查期刊官网 Author / Open Access 页面,未知,,https://www.google.com/search?q=Annals+of+Breast+Surgery+aims+scope+instructions+for+authors+APC
1672,3-Q2,0,Liver Research,LIVER RES-PRC,2096-2878,2542-5684,4.3,,Q2,39/153,Q3,Q3,0.51,74.8,20.0,1015.0,GASTROENTEROLOGY & HEPATOLOGY,GASTROENTEROLOGY & HEPATOLOGY(JIF Q2/JCI Q3),KEAI PUBLISHING LTD,其他,否,ESCI,需核实,请查期刊官网 Author / Open Access 页面,未知,,https://www.google.com/search?q=Liver+Research+aims+scope+instructions+for+authors+APC
1673,3-Q2,0,Microbial Cell,MICROB CELL,2311-2638,2311-2638,4.1,5.0,Q2,64/167,Q3,Q3,0.52,62.0,20.0,1352.0,CELL BIOLOGY; MICROBIOLOGY,CELL BIOLOGY(JIF Q2/JCI Q3) | MICROBIOLOGY(JIF Q2/JCI Q3),SHARED SCIENCE PUBLISHERS OG,其他,是,SCIE,需核实,请查期刊官网 Author / Open Access 页面,未知,,https://www.google.com/search?q=Microbial+Cell+aims+scope+instructions+for+authors+APC
1674,3-Q2,0,Tumour Virus Research,TUMOUR VIRUS RES,2666-6790,2666-6790,3.8,6.4,Q2,12/44,Q1,Q1,1.48,73.9,20.0,494.0,VIROLOGY,VIROLOGY(JIF Q2/JCI Q1),ELSEVIER,Elsevier,否,ESCI,混合为主,"订阅路线通常无APC；Gold OA常见 USD 2,200-4,200",中,https://www.elsevier.com/open-access/agreements,https://www.google.com/search?q=Tumour+Virus+Research+aims+scope+instructions+for+authors+APC
1675,3-Q2,0,Anemia,ANEMIA,2090-1267,2090-1275,3.7,3.0,Q2,28/103,Q3,Q3,0.47,73.3,20.0,492.0,HEMATOLOGY,HEMATOLOGY(JIF Q2/JCI Q3),WILEY,Wiley,否,ESCI,混合为主,"订阅路线通常无APC；OnlineOpen常见 USD 3,200-4,700",中,https://authorservices.wiley.com/author-resources/Journal-Authors/open-access/article-publication-charges.html,https://www.google.com/search?q=Anemia+aims+scope+instructions+for+authors+APC
1676,3-Q2,0,EXPERT OPINION ON PHARMACOTHERAPY,EXPERT OPIN PHARMACO,1465-6566,1744-7666,3.4,3.0,Q2,143/356,Q3,Q3,0.52,60.0,20.0,7175.0,PHARMACOLOGY & PHARMACY,PHARMACOLOGY & PHARMACY(JIF Q2/JCI Q3),TAYLOR & FRANCIS LTD,Taylor & Francis,是,SCIE,混合为主,"订阅路线通常无APC；Open Select常见 USD 2,500-3,500",中,https://authorservices.taylorandfrancis.com/publishing-open-access/,https://www.google.com/search?q=EXPERT+OPINION+ON+PHARMACOTHERAPY+aims+scope+instructions+for+authors+APC
1677,3-Q2,0,ANNALES DE DERMATOLOGIE ET DE VENEREOLOGIE,ANN DERMATOL VENER,0151-9638,2214-5451,2.9,1.7,Q2,34/99,Q3,Q3,0.53,66.2,20.0,1222.0,DERMATOLOGY,DERMATOLOGY(JIF Q2/JCI Q3),MASSON EDITEUR,其他,是,SCIE,需核实,请查期刊官网 Author / Open Access 页面,未知,,https://www.google.com/search?q=ANNALES+DE+DERMATOLOGIE+ET+DE+VENEREOLOGIE+aims+scope+instructions+for+authors+APC
1678,3-Q2,0,Clinical Psychology in Europe,CLIN PSYCHOL EUR,2625-3410,2625-3410,2.8,,Q2,54/184,Q2,Q2,0.94,70.9,20.0,538.0,"PSYCHOLOGY, CLINICAL","PSYCHOLOGY, CLINICAL(JIF Q2/JCI Q2)",Leibniz Institute Psychology,其他,否,ESCI,需核实,请查期刊官网 Author / Open Access 页面,未知,,https://www.google.com/search?q=Clinical+Psychology+in+Europe+aims+scope+instructions+for+authors+APC
1679,3-Q2,0,Aging Brain,AGING BRAIN,,2589-9589,2.8,3.0,Q2,143/296,Q3,Q3,0.69,51.9,20.0,354.0,CLINICAL NEUROLOGY; GERIATRICS & GERONTOLOGY; NEUROSCIENCES,CLINICAL NEUROLOGY(JIF Q2/JCI Q3) | GERIATRICS & GERONTOLOGY(JIF Q3/JCI Q3) | NEUROSCIENCES(JIF Q3/JCI Q3),ELSEVIER,Elsevier,否,ESCI,混合为主,"订阅路线通常无APC；Gold OA常见 USD 2,200-4,200",中,https://www.elsevier.com/open-access/agreements,https://www.google.com/search?q=Aging+Brain+aims+scope+instructions+for+authors+APC
1680,3-Q2,0,Journal of Biomedical Semantics,J BIOMED SEMANT,2041-1480,2041-1480,2.6,2.6,Q2,29/67,Q2,Q2,0.66,57.5,20.0,773.0,MATHEMATICAL & COMPUTATIONAL BIOLOGY,MATHEMATICAL & COMPUTATIONAL BIOLOGY(JIF Q2/JCI Q2),BMC,BMC,是,SCIE,全OA,"约 USD 1,990-2,890（旗舰刊更高）",高,https://www.biomedcentral.com/getpublished/article-processing-charges,https://www.google.com/search?q=Journal+of+Biomedical+Semantics+aims+scope+instructions+for+authors+APC
1681,3-Q2,0,JOURNAL OF THE EGYPTIAN PUBLIC HEALTH ASSOCIATION,J EGYPT PUBLIC HEAL,,2090-262X,2.4,3.2,Q2,193/443,Q2,Q2,0.72,56.5,20.0,790.0,"PUBLIC, ENVIRONMENTAL & OCCUPATIONAL HEALTH","PUBLIC, ENVIRONMENTAL & OCCUPATIONAL HEALTH(JIF Q2/JCI Q2)",SPRINGER,Springer,否,ESCI,混合为主,"订阅路线通常无APC；选OA约 USD 2,790-4,290",中,https://www.springer.com/gp/open-access,https://www.google.com/search?q=JOURNAL+OF+THE+EGYPTIAN+PUBLIC+HEALTH+ASSOCIATION+aims+scope+instructions+for+authors+APC
1682,3-Q2,0,FEMS Microbes,FEMS MICROBES,,2633-6685,4.2,3.5,Q2,61/167,Q2,Q2,0.89,63.8,19.0,396.0,MICROBIOLOGY,MICROBIOLOGY(JIF Q2/JCI Q2),OXFORD UNIV PRESS,Oxford UP,否,ESCI,混合为主,订阅路线通常无APC；可选OA，费用因刊而异,中,https://academic.oup.com/pages/open-research/open-access,https://www.google.com/search?q=FEMS+Microbes+aims+scope+instructions+for+authors+APC
1683,3-Q2,0,Frontiers in Antibiotics,FRONT ANTIBIOT,,2813-2467,3.9,4.0,Q2,113/356,Q3,Q3,0.53,68.4,19.0,272.0,MICROBIOLOGY; PHARMACOLOGY & PHARMACY,MICROBIOLOGY(JIF Q2/JCI Q3) | PHARMACOLOGY & PHARMACY(JIF Q2/JCI Q3),FRONTIERS MEDIA SA,Frontiers,否,ESCI,全OA,"约 CHF 1,495-3,150（Frontiers in Medicine A类=CHF 3,150）",高,https://www.frontiersin.org/about/fee-policy,https://www.google.com/search?q=Frontiers+in+Antibiotics+aims+scope+instructions+for+authors+APC
1684,3-Q2,0,Advances in Redox Research,ADV REDOX RES,,2667-1379,3.8,3.8,Q2,149/328,Q3,Q3,0.6,54.7,19.0,393.0,BIOCHEMISTRY & MOLECULAR BIOLOGY,BIOCHEMISTRY & MOLECULAR BIOLOGY(JIF Q2/JCI Q3),ELSEVIER,Elsevier,否,ESCI,混合为主,"订阅路线通常无APC；Gold OA常见 USD 2,200-4,200",中,https://www.elsevier.com/open-access/agreements,https://www.google.com/search?q=Advances+in+Redox+Research+aims+scope+instructions+for+authors+APC
1685,3-Q2,0,Heart and Mind,HEART MIND,2468-6476,2468-6484,2.9,,Q2,95/237,Q3,Q3,0.36,60.1,19.0,346.0,CARDIAC & CARDIOVASCULAR SYSTEMS; PSYCHIATRY,CARDIAC & CARDIOVASCULAR SYSTEMS(JIF Q2/JCI Q3) | PSYCHIATRY(JIF Q2/JCI Q4),WOLTERS KLUWER MEDKNOW PUBLICATIONS,Wolters Kluwer/LWW,否,ESCI,混合为主,"订阅路线通常无APC；OA常见 USD 2,000-4,000；MEDICINE已拉黑",中,https://wkauthorservices.editage.com/open-access/,https://www.google.com/search?q=Heart+and+Mind+aims+scope+instructions+for+authors+APC
1686,3-Q2,0,ADVANCES IN ANATOMIC PATHOLOGY,ADV ANAT PATHOL,1072-4109,1533-4031,2.8,5.0,Q2,32/89,Q2,Q2,0.75,64.6,19.0,2361.0,PATHOLOGY,PATHOLOGY(JIF Q2/JCI Q2),LIPPINCOTT WILLIAMS & WILKINS,Wolters Kluwer/LWW,是,SCIE,混合为主,"订阅路线通常无APC；OA常见 USD 2,000-4,000；MEDICINE已拉黑",中,https://wkauthorservices.editage.com/open-access/,https://www.google.com/search?q=ADVANCES+IN+ANATOMIC+PATHOLOGY+aims+scope+instructions+for+authors+APC
1687,3-Q2,0,GENESIS,GENESIS,1526-954X,1526-968X,2.8,2.8,Q2,12/39,Q3,Q3,0.47,55.5,19.0,3657.0,GENETICS & HEREDITY,GENETICS & HEREDITY(JIF Q2/JCI Q3),WILEY,Wiley,是,SCIE,混合为主,"订阅路线通常无APC；OnlineOpen常见 USD 3,200-4,700",中,https://authorservices.wiley.com/author-resources/Journal-Authors/open-access/article-publication-charges.html,https://www.google.com/search?q=GENESIS+aims+scope+instructions+for+authors+APC
1688,3-Q2,0,Current Radiopharmaceuticals,CURR RADIOPHARM,1874-4710,1874-4729,2.6,2.1,Q2,92/217,Q3,Q3,0.59,57.8,19.0,781.0,"PHARMACOLOGY & PHARMACY; RADIOLOGY, NUCLEAR MEDICINE & MEDICAL IMAGING","PHARMACOLOGY & PHARMACY(JIF Q3/JCI Q3) | RADIOLOGY, NUCLEAR MEDICINE & MEDICAL IMAGING(JIF Q2/JCI Q3)",KEAI PUBLISHING LTD,其他,是,SCIE,需核实,请查期刊官网 Author / Open Access 页面,未知,,https://www.google.com/search?q=Current+Radiopharmaceuticals+aims+scope+instructions+for+authors+APC
1689,3-Q2,0,CHROMOSOME RESEARCH,CHROMOSOME RES,0967-3849,1573-6849,2.6,2.9,Q2,96/192,Q3,Q3,0.58,50.3,19.0,2145.0,BIOCHEMISTRY & MOLECULAR BIOLOGY; GENETICS & HEREDITY,BIOCHEMISTRY & MOLECULAR BIOLOGY(JIF Q3/JCI Q3) | GENETICS & HEREDITY(JIF Q2/JCI Q3),SPRINGER,Springer,是,SCIE,混合为主,"订阅路线通常无APC；选OA约 USD 2,790-4,290",中,https://www.springer.com/gp/open-access,https://www.google.com/search?q=CHROMOSOME+RESEARCH+aims+scope+instructions+for+authors+APC
1690,3-Q2,0,Frontiers in Systems Biology,FRONT SYST BIOL,,2674-0702,2.6,2.7,Q2,29/67,Q3,Q3,0.48,57.5,19.0,359.0,MATHEMATICAL & COMPUTATIONAL BIOLOGY,MATHEMATICAL & COMPUTATIONAL BIOLOGY(JIF Q2/JCI Q3),FRONTIERS MEDIA SA,Frontiers,否,ESCI,全OA,"约 CHF 1,495-3,150（Frontiers in Medicine A类=CHF 3,150）",高,https://www.frontiersin.org/about/fee-policy,https://www.google.com/search?q=Frontiers+in+Systems+Biology+aims+scope+instructions+for+authors+APC
1691,3-Q2,0,Cardiovascular Innovations and Applications,CARDIOVASC INNOV APP,2009-8618,2009-8782,2.6,1.8,Q2,106/237,Q3,Q3,0.38,55.5,19.0,421.0,CARDIAC & CARDIOVASCULAR SYSTEMS,CARDIAC & CARDIOVASCULAR SYSTEMS(JIF Q2/JCI Q3),COMPUSCRIPT,其他,否,ESCI,需核实,请查期刊官网 Author / Open Access 页面,未知,,https://www.google.com/search?q=Cardiovascular+Innovations+and+Applications+aims+scope+instructions+for+authors+APC
1692,3-Q2,0,Journal of Molecular Pathology,J MOL PATHOL,,2673-5261,2.5,1.7,Q2,38/89,Q3,Q3,0.53,57.9,19.0,226.0,PATHOLOGY,PATHOLOGY(JIF Q2/JCI Q3),MDPI,MDPI,否,ESCI,全OA,"约 CHF 1,600-2,900（如 JCM=CHF 2,600）",高,https://www.mdpi.com/about/apc,https://www.google.com/search?q=Journal+of+Molecular+Pathology+aims+scope+instructions+for+authors+APC
1693,3-Q2,0,CAMBRIDGE QUARTERLY OF HEALTHCARE ETHICS,CAMB Q HEALTHC ETHIC,0963-1801,1469-2147,2.3,2.0,Q2,19/48,Q2,Q2,0.81,61.5,19.0,1230.0,"HEALTH CARE SCIENCES & SERVICES; HEALTH POLICY & SERVICES; SOCIAL SCIENCES, BIOMEDICAL","HEALTH CARE SCIENCES & SERVICES(JIF Q3/JCI Q2) | HEALTH POLICY & SERVICES(JIF Q2/JCI Q2) | SOCIAL SCIENCES, BIOMEDICAL(JIF Q2/JCI Q2)",CAMBRIDGE UNIV PRESS,Cambridge UP,是,SCIE; SSCI,混合为主,订阅路线通常无APC；Gold OA因刊而异,中,https://www.cambridge.org/core/open-research/open-access,https://www.google.com/search?q=CAMBRIDGE+QUARTERLY+OF+HEALTHCARE+ETHICS+aims+scope+instructions+for+authors+APC
1694,3-Q2,0,THEORY IN BIOSCIENCES,THEOR BIOSCI,1431-7613,1611-7530,2.0,1.4,Q2,49/106,Q3,Q3,0.43,54.2,19.0,669.0,BIOLOGY; MATHEMATICAL & COMPUTATIONAL BIOLOGY,BIOLOGY(JIF Q2/JCI Q3) | MATHEMATICAL & COMPUTATIONAL BIOLOGY(JIF Q3/JCI Q4),SPRINGER,Springer,是,SCIE,混合为主,"订阅路线通常无APC；选OA约 USD 2,790-4,290",中,https://www.springer.com/gp/open-access,https://www.google.com/search?q=THEORY+IN+BIOSCIENCES+aims+scope+instructions+for+authors+APC
1695,3-Q2,0,Career Development and Transition for Exceptional Individuals,CAREER DEV TRANSIT E,2165-1434,2165-1442,1.7,2.7,Q2,26/62,Q2,Q2,0.96,50.6,19.0,767.0,REHABILITATION,REHABILITATION(JIF Q2/JCI Q2),SAGE PUBLICATIONS INC,SAGE,否,SSCI,混合为主,"订阅路线通常无APC；SAGE Choice常见 USD 2,000-4,000",中,https://us.sagepub.com/en-us/nam/sage-choice,https://www.google.com/search?q=Career+Development+and+Transition+for+Exceptional+Individuals+aims+scope+instructions+for+authors+APC
1696,3-Q2,0,Immunotherapy Advances,IMMUNOTHER ADV,,2732-4303,4.4,4.6,Q2,63/183,Q3,Q3,0.62,65.8,18.0,430.0,IMMUNOLOGY,IMMUNOLOGY(JIF Q2/JCI Q3),OXFORD UNIV PRESS,Oxford UP,否,ESCI,混合为主,订阅路线通常无APC；可选OA，费用因刊而异,中,https://academic.oup.com/pages/open-research/open-access,https://www.google.com/search?q=Immunotherapy+Advances+aims+scope+instructions+for+authors+APC
1697,3-Q2,0,Journal of Rheumatic Diseases,J RHEUMAT DIS,2093-940X,2233-4718,3.8,3.0,Q2,15/58,Q2,Q2,0.79,75.0,18.0,664.0,RHEUMATOLOGY,RHEUMATOLOGY(JIF Q2/JCI Q2),KOREAN COLL RHEUMATOLOGY,其他,否,ESCI,需核实,请查期刊官网 Author / Open Access 页面,未知,,https://www.google.com/search?q=Journal+of+Rheumatic+Diseases+aims+scope+instructions+for+authors+APC
1698,3-Q2,0,Journal of Evidence-Based Integrative Medicine,J EVID-BASED INTEGR,2515-690X,2515-690X,3.4,3.9,Q2,14/48,Q2,Q2,0.68,71.9,18.0,1567.0,INTEGRATIVE & COMPLEMENTARY MEDICINE,INTEGRATIVE & COMPLEMENTARY MEDICINE(JIF Q2/JCI Q2),SAGE PUBLICATIONS INC,SAGE,否,ESCI,混合为主,"订阅路线通常无APC；SAGE Choice常见 USD 2,000-4,000",中,https://us.sagepub.com/en-us/nam/sage-choice,https://www.google.com/search?q=Journal+of+Evidence-Based+Integrative+Medicine+aims+scope+instructions+for+authors+APC
1699,3-Q2,0,Diabetes & Vascular Disease Research,DIABETES VASC DIS RE,1479-1641,1752-8984,3.1,3.5,Q2,36/100,Q2,Q2,0.68,64.5,18.0,1743.0,ENDOCRINOLOGY & METABOLISM; PERIPHERAL VASCULAR DISEASE,ENDOCRINOLOGY & METABOLISM(JIF Q3/JCI Q3) | PERIPHERAL VASCULAR DISEASE(JIF Q2/JCI Q2),SAGE PUBLICATIONS LTD,SAGE,是,SCIE,混合为主,"订阅路线通常无APC；SAGE Choice常见 USD 2,000-4,000",中,https://us.sagepub.com/en-us/nam/sage-choice,https://www.google.com/search?q=Diabetes+&+Vascular+Disease+Research+aims+scope+instructions+for+authors+APC
1700,3-Q2,0,International Journal of Womens Dermatology,INT J WOMEN DERMATOL,2352-6475,2352-6475,3.0,,Q2,32/99,Q2,Q2,0.72,68.2,18.0,1496.0,DERMATOLOGY,DERMATOLOGY(JIF Q2/JCI Q2),LIPPINCOTT WILLIAMS & WILKINS,Wolters Kluwer/LWW,否,ESCI,混合为主,"订阅路线通常无APC；OA常见 USD 2,000-4,000；MEDICINE已拉黑",中,https://wkauthorservices.editage.com/open-access/,https://www.google.com/search?q=International+Journal+of+Womens+Dermatology+aims+scope+instructions+for+authors+APC
1701,3-Q2,0,Journal of Venomous Animals and Toxins including Tropical Diseases,J VENOM ANIM TOXINS,,1678-9199,2.5,2.3,Q2,12/27,Q3,Q3,0.62,57.4,18.0,1463.0,TOXICOLOGY; TROPICAL MEDICINE,TOXICOLOGY(JIF Q3/JCI Q3) | TROPICAL MEDICINE(JIF Q2/JCI Q3),CEVAP-SAO PAULO STATE UNIV-UNESP,其他,是,SCIE,需核实,请查期刊官网 Author / Open Access 页面,未知,,https://www.google.com/search?q=Journal+of+Venomous+Animals+and+Toxins+including+Tropical+Diseases+aims+scope+instructions+for+authors+APC
1702,3-Q2,0,Advances in Rehabilitation Science and Practice,ADV REHAB SCI PRAC,2753-6351,2753-6351,2.3,2.3,Q2,46/175,Q2,Q2,0.85,74.0,18.0,64.0,REHABILITATION,REHABILITATION(JIF Q2/JCI Q2),SAGE PUBLICATIONS LTD,SAGE,否,ESCI,混合为主,"订阅路线通常无APC；SAGE Choice常见 USD 2,000-4,000",中,https://us.sagepub.com/en-us/nam/sage-choice,https://www.google.com/search?q=Advances+in+Rehabilitation+Science+and+Practice+aims+scope+instructions+for+authors+APC
1703,3-Q2,0,Health Policy OPEN,HEALTH POLICY OPEN,,2590-2296,2.3,2.9,Q2,61/125,Q2,Q2,0.69,51.6,18.0,354.0,HEALTH CARE SCIENCES & SERVICES; HEALTH POLICY & SERVICES,HEALTH CARE SCIENCES & SERVICES(JIF Q3/JCI Q2) | HEALTH POLICY & SERVICES(JIF Q2/JCI Q3),ELSEVIER,Elsevier,否,ESCI,混合为主,"订阅路线通常无APC；Gold OA常见 USD 2,200-4,200",中,https://www.elsevier.com/open-access/agreements,https://www.google.com/search?q=Health+Policy+OPEN+aims+scope+instructions+for+authors+APC
1704,3-Q2,0,Public Health Genomics,PUBLIC HEALTH GENOM,1662-4246,1662-8063,2.2,2.0,Q2,218/443,Q3,Q3,0.52,50.9,18.0,723.0,"GENETICS & HEREDITY; PUBLIC, ENVIRONMENTAL & OCCUPATIONAL HEALTH","GENETICS & HEREDITY(JIF Q3/JCI Q3) | PUBLIC, ENVIRONMENTAL & OCCUPATIONAL HEALTH(JIF Q2/JCI Q3)",KARGER,Karger,是,"SCIE; SCIE, SSCI",混合/OA,"因刊而异，常见 USD 2,500-3,800",中,https://karger.com/pages/Open-Access,https://www.google.com/search?q=Public+Health+Genomics+aims+scope+instructions+for+authors+APC
1705,3-Q2,0,Learning Disabilities Research & Practice,LEARN DISABIL RES PR,0938-8982,1540-5826,2.0,2.5,Q2,15/62,Q1,Q1,1.17,60.9,18.0,1158.0,REHABILITATION,REHABILITATION(JIF Q2/JCI Q1),SAGE PUBLICATIONS INC,SAGE,否,SSCI,混合为主,"订阅路线通常无APC；SAGE Choice常见 USD 2,000-4,000",中,https://us.sagepub.com/en-us/nam/sage-choice,https://www.google.com/search?q=Learning+Disabilities+Research+&+Practice+aims+scope+instructions+for+authors+APC
1706,3-Q2,0,CANADIAN JOURNAL OF SURGERY,CAN J SURG,0008-428X,1488-2310,2.0,2.5,Q2,137/321,Q2,Q2,0.82,57.5,18.0,3005.0,SURGERY,SURGERY(JIF Q2/JCI Q2),CMA-CANADIAN MEDICAL ASSOC,其他,是,SCIE,需核实,请查期刊官网 Author / Open Access 页面,未知,,https://www.google.com/search?q=CANADIAN+JOURNAL+OF+SURGERY+aims+scope+instructions+for+authors+APC
1707,3-Q2,0,European Review of Aging and Physical Activity,EUR REV AGING PHYS A,1813-7253,1861-6909,4.7,6.3,Q2,20/72,Q2,Q2,0.83,72.9,17.0,1495.0,GERIATRICS & GERONTOLOGY,GERIATRICS & GERONTOLOGY(JIF Q2/JCI Q2),SPRINGER HEIDELBERG,Springer,是,SCIE,混合为主,"订阅路线通常无APC；选OA约 USD 2,790-4,290",中,https://www.springer.com/gp/open-access,https://www.google.com/search?q=European+Review+of+Aging+and+Physical+Activity+aims+scope+instructions+for+authors+APC
1708,3-Q2,0,Innate Immunity,INNATE IMMUN-LONDON,1753-4259,1753-4267,3.5,3.4,Q2,82/191,Q2,Q2,0.59,57.3,17.0,1830.0,"BIOCHEMISTRY & MOLECULAR BIOLOGY; IMMUNOLOGY; MEDICINE, RESEARCH & EXPERIMENTAL; MICROBIOLOGY","BIOCHEMISTRY & MOLECULAR BIOLOGY(JIF Q2/JCI Q3) | IMMUNOLOGY(JIF Q2/JCI Q3) | MEDICINE, RESEARCH & EXPERIMENTAL(JIF Q2/JCI Q2) | MICROBIOLOGY(JIF Q2/JCI Q3)",SAGE PUBLICATIONS LTD,SAGE,是,SCIE,混合为主,"订阅路线通常无APC；SAGE Choice常见 USD 2,000-4,000",中,https://us.sagepub.com/en-us/nam/sage-choice,https://www.google.com/search?q=Innate+Immunity+aims+scope+instructions+for+authors+APC
1709,3-Q2,0,MUTAGENESIS,MUTAGENESIS,0267-8357,1464-3804,3.1,3.2,Q2,74/192,Q1,Q1,1.08,61.7,17.0,2598.0,GENETICS & HEREDITY; TOXICOLOGY,GENETICS & HEREDITY(JIF Q2/JCI Q1) | TOXICOLOGY(JIF Q2/JCI Q1),OXFORD UNIV PRESS,Oxford UP,是,SCIE,混合为主,订阅路线通常无APC；可选OA，费用因刊而异,中,https://academic.oup.com/pages/open-research/open-access,https://www.google.com/search?q=MUTAGENESIS+aims+scope+instructions+for+authors+APC
1710,3-Q2,0,Health Sociology Review,HEALTH SOCIOL REV,1446-1242,1839-3551,3.0,3.0,Q2,30/222,Q1,Q1,1.34,72.4,17.0,965.0,HEALTH POLICY & SERVICES,HEALTH POLICY & SERVICES(JIF Q2/JCI Q1),"ROUTLEDGE JOURNALS, TAYLOR & FRANCIS LTD",Taylor & Francis,否,SSCI,混合为主,"订阅路线通常无APC；Open Select常见 USD 2,500-3,500",中,https://authorservices.taylorandfrancis.com/publishing-open-access/,https://www.google.com/search?q=Health+Sociology+Review+aims+scope+instructions+for+authors+APC
1711,3-Q2,0,Health Systems & Reform,HEALTH SYST REFORM,2328-8604,2328-8620,2.8,3.5,Q2,42/125,Q1,Q1,0.96,66.8,17.0,1042.0,"HEALTH POLICY & SERVICES; PUBLIC, ENVIRONMENTAL & OCCUPATIONAL HEALTH","HEALTH POLICY & SERVICES(JIF Q2/JCI Q2) | PUBLIC, ENVIRONMENTAL & OCCUPATIONAL HEALTH(JIF Q2/JCI Q1)","ROUTLEDGE JOURNALS, TAYLOR & FRANCIS LTD",Taylor & Francis,否,SSCI,混合为主,"订阅路线通常无APC；Open Select常见 USD 2,500-3,500",中,https://authorservices.taylorandfrancis.com/publishing-open-access/,https://www.google.com/search?q=Health+Systems+&+Reform+aims+scope+instructions+for+authors+APC
1712,3-Q2,0,JMIR Perioperative Medicine,JMIR PERIOPER MED,2561-9128,2561-9128,2.4,,Q2,95/321,Q2,Q2,0.97,70.6,17.0,308.0,SURGERY,SURGERY(JIF Q2/JCI Q2),"JMIR PUBLICATIONS, INC",其他,否,ESCI,需核实,请查期刊官网 Author / Open Access 页面,未知,,https://www.google.com/search?q=JMIR+Perioperative+Medicine+aims+scope+instructions+for+authors+APC
1713,3-Q2,0,JBJS Essential Surgical Techniques,JBJS ESSENT SURG TEC,2160-2204,2160-2204,2.4,2.2,Q2,95/321,Q3,Q3,0.61,70.6,17.0,715.0,ORTHOPEDICS; SURGERY,ORTHOPEDICS(JIF Q2/JCI Q3) | SURGERY(JIF Q2/JCI Q3),LIPPINCOTT WILLIAMS & WILKINS,Wolters Kluwer/LWW,否,ESCI,混合为主,"订阅路线通常无APC；OA常见 USD 2,000-4,000；MEDICINE已拉黑",中,https://wkauthorservices.editage.com/open-access/,https://www.google.com/search?q=JBJS+Essential+Surgical+Techniques+aims+scope+instructions+for+authors+APC
1714,3-Q2,0,CURRENT CARDIOLOGY REVIEWS,CURR CARDIOL REV,1573-403X,1875-6557,2.4,4.0,Q2,117/237,Q3,Q3,0.4,50.8,17.0,2606.0,CARDIAC & CARDIOVASCULAR SYSTEMS,CARDIAC & CARDIOVASCULAR SYSTEMS(JIF Q2/JCI Q3),BENTHAM SCIENCE PUBL LTD,其他,否,ESCI,需核实,请查期刊官网 Author / Open Access 页面,未知,,https://www.google.com/search?q=CURRENT+CARDIOLOGY+REVIEWS+aims+scope+instructions+for+authors+APC
1715,3-Q2,0,Plastic and Aesthetic Research,PLAST AESTHET RES,2347-9264,2349-6150,2.3,,Q2,105/321,Q3,Q3,0.54,67.4,17.0,806.0,SURGERY,SURGERY(JIF Q2/JCI Q3),OAE PUBLISHING INC,其他,否,ESCI,需核实,请查期刊官网 Author / Open Access 页面,未知,,https://www.google.com/search?q=Plastic+and+Aesthetic+Research+aims+scope+instructions+for+authors+APC
1716,3-Q2,0,Clinical Medicine & Research,CLIN MED RES,1539-4182,1554-6179,1.2,1.8,Q2,167/336,Q3,Q3,0.3,50.4,17.0,1178.0,"MEDICINE, GENERAL & INTERNAL","MEDICINE, GENERAL & INTERNAL(JIF Q2/JCI Q3)",MARSHFIELD CLINIC,其他,否,ESCI,需核实,请查期刊官网 Author / Open Access 页面,未知,,https://www.google.com/search?q=Clinical+Medicine+&+Research+aims+scope+instructions+for+authors+APC
1717,3-Q2,0,ASN Neuro,ASN NEURO,1759-0914,1759-0914,4.4,5.0,Q2,92/330,Q2,Q2,0.8,72.3,16.0,1475.0,NEUROSCIENCES,NEUROSCIENCES(JIF Q2/JCI Q2),TAYLOR & FRANCIS LTD,Taylor & Francis,是,SCIE,混合为主,"订阅路线通常无APC；Open Select常见 USD 2,500-3,500",中,https://authorservices.taylorandfrancis.com/publishing-open-access/,https://www.google.com/search?q=ASN+Neuro+aims+scope+instructions+for+authors+APC
1718,3-Q2,0,Bio-Algorithms and Med-Systems,BIO-ALGORITHMS MED-S,1895-9091,1896-530X,2.5,1.9,Q2,33/67,Q3,Q3,0.59,51.5,16.0,281.0,MATHEMATICAL & COMPUTATIONAL BIOLOGY,MATHEMATICAL & COMPUTATIONAL BIOLOGY(JIF Q2/JCI Q3),INDEX COPERNICUS INT,其他,否,ESCI,需核实,请查期刊官网 Author / Open Access 页面,未知,,https://www.google.com/search?q=Bio-Algorithms+and+Med-Systems+aims+scope+instructions+for+authors+APC
1719,3-Q2,0,Journal of Patient-Centered Research and Reviews,J PATIENT-CENTER RES,2330-068X,2330-0698,2.5,2.1,Q2,94/194,Q3,Q3,0.58,51.8,16.0,454.0,HEALTH CARE SCIENCES & SERVICES,HEALTH CARE SCIENCES & SERVICES(JIF Q2/JCI Q3),"AURORA HEALTH CARE, INC",其他,否,ESCI,需核实,请查期刊官网 Author / Open Access 页面,未知,,https://www.google.com/search?q=Journal+of+Patient-Centered+Research+and+Reviews+aims+scope+instructions+for+authors+APC
1720,3-Q2,0,JOURNAL OF MUSIC THERAPY,J MUSIC THER,0022-2917,2053-7395,2.3,2.5,Q2,46/175,Q1,Q1,2.6,74.0,16.0,1160.0,REHABILITATION,REHABILITATION(JIF Q2/JCI Q1),OXFORD UNIV PRESS INC,Oxford UP,否,SSCI,混合为主,订阅路线通常无APC；可选OA，费用因刊而异,中,https://academic.oup.com/pages/open-research/open-access,https://www.google.com/search?q=JOURNAL+OF+MUSIC+THERAPY+aims+scope+instructions+for+authors+APC
1721,3-Q2,0,Computer Assisted Surgery,COMPUT ASSIST SURG,,2469-9322,2.3,2.0,Q2,105/321,Q2,Q2,0.77,67.4,16.0,301.0,SURGERY,SURGERY(JIF Q2/JCI Q2),TAYLOR & FRANCIS LTD,Taylor & Francis,是,SCIE,混合为主,"订阅路线通常无APC；Open Select常见 USD 2,500-3,500",中,https://authorservices.taylorandfrancis.com/publishing-open-access/,https://www.google.com/search?q=Computer+Assisted+Surgery+aims+scope+instructions+for+authors+APC
1722,3-Q2,0,UPSALA JOURNAL OF MEDICAL SCIENCES,UPSALA J MED SCI,0300-9734,2000-1967,2.3,2.8,Q2,99/336,Q2,Q2,0.49,70.7,16.0,1522.0,"MEDICINE, GENERAL & INTERNAL","MEDICINE, GENERAL & INTERNAL(JIF Q2/JCI Q2)",UPSALA MED SOC,其他,是,SCIE,需核实,请查期刊官网 Author / Open Access 页面,未知,,https://www.google.com/search?q=UPSALA+JOURNAL+OF+MEDICAL+SCIENCES+aims+scope+instructions+for+authors+APC
1723,3-Q2,0,BEHAVIOR MODIFICATION,BEHAV MODIF,0145-4455,1552-4167,2.2,2.5,Q2,83/184,Q3,Q3,0.73,55.2,16.0,2529.0,"PSYCHOLOGY, CLINICAL","PSYCHOLOGY, CLINICAL(JIF Q2/JCI Q3)",SAGE PUBLICATIONS INC,SAGE,否,SSCI,混合为主,"订阅路线通常无APC；SAGE Choice常见 USD 2,000-4,000",中,https://us.sagepub.com/en-us/nam/sage-choice,https://www.google.com/search?q=BEHAVIOR+MODIFICATION+aims+scope+instructions+for+authors+APC
1724,3-Q2,0,Global Journal of Medical Pharmaceutical and Biomedical Update,GLOB J MED PHARM BIO,,2765-8910,1.4,1.1,Q2,152/336,Q3,Q3,0.19,54.9,16.0,84.0,"MEDICINE, GENERAL & INTERNAL","MEDICINE, GENERAL & INTERNAL(JIF Q2/JCI Q3)",SCIENTIFIC SCHOLAR LLC,其他,否,ESCI,需核实,请查期刊官网 Author / Open Access 页面,未知,,https://www.google.com/search?q=Global+Journal+of+Medical+Pharmaceutical+and+Biomedical+Update+aims+scope+instructions+for+authors+APC
1725,3-Q2,0,Antibody Therapeutics,ANTIBODY THER,,2516-4236,4.8,,Q2,56/183,Q3,Q3,0.65,69.7,15.0,805.0,IMMUNOLOGY,IMMUNOLOGY(JIF Q2/JCI Q3),OXFORD UNIV PRESS,Oxford UP,否,ESCI,混合为主,订阅路线通常无APC；可选OA，费用因刊而异,中,https://academic.oup.com/pages/open-research/open-access,https://www.google.com/search?q=Antibody+Therapeutics+aims+scope+instructions+for+authors+APC
1726,3-Q2,0,European Journal of Microbiology and Immunology,EUR J MICROBIOL IMMU,2062-8633,2062-8633,4.3,3.8,Q2,57/167,Q1,Q1,1.08,66.2,15.0,980.0,MICROBIOLOGY,MICROBIOLOGY(JIF Q2/JCI Q1),AKADEMIAI KIADO ZRT,其他,否,ESCI,需核实,请查期刊官网 Author / Open Access 页面,未知,,https://www.google.com/search?q=European+Journal+of+Microbiology+and+Immunology+aims+scope+instructions+for+authors+APC
1727,3-Q2,0,Infectious Diseases & Immunity,INFECT DIS IMMUN,2096-9511,2693-8839,3.7,2.0,Q2,44/141,Q4,Q4,0.26,69.1,15.0,238.0,INFECTIOUS DISEASES,INFECTIOUS DISEASES(JIF Q2/JCI Q4),LIPPINCOTT WILLIAMS & WILKINS,Wolters Kluwer/LWW,否,ESCI,混合为主,"订阅路线通常无APC；OA常见 USD 2,000-4,000；MEDICINE已拉黑",中,https://wkauthorservices.editage.com/open-access/,https://www.google.com/search?q=Infectious+Diseases+&+Immunity+aims+scope+instructions+for+authors+APC
1728,3-Q2,0,BJR Open,BJR OPEN,,2513-9878,3.5,,Q2,55/217,Q2,Q2,0.66,74.9,15.0,674.0,"RADIOLOGY, NUCLEAR MEDICINE & MEDICAL IMAGING","RADIOLOGY, NUCLEAR MEDICINE & MEDICAL IMAGING(JIF Q2/JCI Q2)",BRITISH INST RADIOLOGY,其他,否,ESCI,需核实,请查期刊官网 Author / Open Access 页面,未知,,https://www.google.com/search?q=BJR+Open+aims+scope+instructions+for+authors+APC
1729,3-Q2,0,CURRENT DRUG TARGETS,CURR DRUG TARGETS,1389-4501,1873-5592,3.5,4.0,Q2,134/356,Q3,Q3,0.4,62.5,15.0,6601.0,PHARMACOLOGY & PHARMACY,PHARMACOLOGY & PHARMACY(JIF Q2/JCI Q3),BENTHAM SCIENCE PUBL LTD,其他,是,SCIE,需核实,请查期刊官网 Author / Open Access 页面,未知,,https://www.google.com/search?q=CURRENT+DRUG+TARGETS+aims+scope+instructions+for+authors+APC
1730,3-Q2,0,Trends in Psychiatry and Psychotherapy,TRENDS PSYCHIATR PSY,2237-6089,2238-0019,3.0,3.3,Q2,112/293,Q3,Q3,0.71,61.9,15.0,1217.0,PSYCHIATRY,PSYCHIATRY(JIF Q2/JCI Q3),ASSOC PSIQUIATRIA RIO GRANDE SUL,其他,否,ESCI,需核实,请查期刊官网 Author / Open Access 页面,未知,,https://www.google.com/search?q=Trends+in+Psychiatry+and+Psychotherapy+aims+scope+instructions+for+authors+APC
1731,3-Q2,0,Journal of Biological Dynamics,J BIOL DYNAM,1751-3758,1751-3766,2.7,2.5,Q2,26/67,Q2,Q2,0.72,61.9,15.0,1304.0,MATHEMATICAL & COMPUTATIONAL BIOLOGY,MATHEMATICAL & COMPUTATIONAL BIOLOGY(JIF Q2/JCI Q2),TAYLOR & FRANCIS LTD,Taylor & Francis,是,SCIE,混合为主,"订阅路线通常无APC；Open Select常见 USD 2,500-3,500",中,https://authorservices.taylorandfrancis.com/publishing-open-access/,https://www.google.com/search?q=Journal+of+Biological+Dynamics+aims+scope+instructions+for+authors+APC
1732,3-Q2,0,Journal of Family Nursing,J FAM NURS,1074-8407,1552-549X,2.0,3.3,Q2,21/66,Q1,Q1,1.11,55.4,15.0,1176.0,NURSING,NURSING(JIF Q2/JCI Q1),SAGE PUBLICATIONS INC,SAGE,是,"SSCI; SCIE, SSCI",混合为主,"订阅路线通常无APC；SAGE Choice常见 USD 2,000-4,000",中,https://us.sagepub.com/en-us/nam/sage-choice,https://www.google.com/search?q=Journal+of+Family+Nursing+aims+scope+instructions+for+authors+APC
1733,3-Q2,0,TIDSSKRIFT FOR DEN NORSKE LAEGEFORENING,TIDSSKR NORSKE LAEGE,0029-2001,0807-7096,1.2,,Q2,167/336,Q4,Q4,0.05,50.4,15.0,1328.0,"MEDICINE, GENERAL & INTERNAL","MEDICINE, GENERAL & INTERNAL(JIF Q2/JCI Q4)",NORWEGIAN MEDICAL ASSOC,其他,否,ESCI,需核实,请查期刊官网 Author / Open Access 页面,未知,,https://www.google.com/search?q=TIDSSKRIFT+FOR+DEN+NORSKE+LAEGEFORENING+aims+scope+instructions+for+authors+APC
1734,3-Q2,0,Artificial Intelligence in the Life Sciences,ARTIF INTEL LIFE SCI,,2667-3185,5.1,5.7,Q2,83/328,Q2,Q2,0.7,74.8,14.0,464.0,BIOCHEMISTRY & MOLECULAR BIOLOGY,BIOCHEMISTRY & MOLECULAR BIOLOGY(JIF Q2/JCI Q2),ELSEVIER,Elsevier,否,ESCI,混合为主,"订阅路线通常无APC；Gold OA常见 USD 2,200-4,200",中,https://www.elsevier.com/open-access/agreements,https://www.google.com/search?q=Artificial+Intelligence+in+the+Life+Sciences+aims+scope+instructions+for+authors+APC
1735,3-Q2,0,Channels,CHANNELS,1933-6950,1933-6969,5.0,3.9,Q2,88/328,Q3,Q3,0.62,73.3,14.0,1680.0,BIOCHEMISTRY & MOLECULAR BIOLOGY,BIOCHEMISTRY & MOLECULAR BIOLOGY(JIF Q2/JCI Q3),TAYLOR & FRANCIS INC,Taylor & Francis,是,SCIE,混合为主,"订阅路线通常无APC；Open Select常见 USD 2,500-3,500",中,https://authorservices.taylorandfrancis.com/publishing-open-access/,https://www.google.com/search?q=Channels+aims+scope+instructions+for+authors+APC
1736,3-Q2,0,Arrhythmia & Electrophysiology Review,ARRHYTH ELECTROPHYSI,2050-3369,2050-3377,4.3,3.4,Q2,60/237,Q2,Q2,0.67,74.9,14.0,973.0,CARDIAC & CARDIOVASCULAR SYSTEMS,CARDIAC & CARDIOVASCULAR SYSTEMS(JIF Q2/JCI Q2),RADCLIFFE CARDIOLOGY,其他,否,ESCI,需核实,请查期刊官网 Author / Open Access 页面,未知,,https://www.google.com/search?q=Arrhythmia+&+Electrophysiology+Review+aims+scope+instructions+for+authors+APC
1737,3-Q2,0,AIMS Neuroscience,AIMS NEUROSCI,2373-8006,2373-7972,4.3,4.0,Q2,98/330,Q4,Q4,0.51,70.5,14.0,844.0,NEUROSCIENCES,NEUROSCIENCES(JIF Q2/JCI Q4),AMER INST MATHEMATICAL SCIENCES-AIMS,其他,否,ESCI,需核实,请查期刊官网 Author / Open Access 页面,未知,,https://www.google.com/search?q=AIMS+Neuroscience+aims+scope+instructions+for+authors+APC
1738,3-Q2,0,ANTIVIRAL THERAPY,ANTIVIR THER,1359-6535,2040-2058,3.3,2.1,Q2,53/141,Q3,Q3,0.51,62.8,14.0,1513.0,INFECTIOUS DISEASES; PHARMACOLOGY & PHARMACY; VIROLOGY,INFECTIOUS DISEASES(JIF Q2/JCI Q3) | PHARMACOLOGY & PHARMACY(JIF Q2/JCI Q3) | VIROLOGY(JIF Q2/JCI Q3),SAGE PUBLICATIONS LTD,SAGE,是,SCIE,混合为主,"订阅路线通常无APC；SAGE Choice常见 USD 2,000-4,000",中,https://us.sagepub.com/en-us/nam/sage-choice,https://www.google.com/search?q=ANTIVIRAL+THERAPY+aims+scope+instructions+for+authors+APC
1739,3-Q2,0,Toxicon-X,TOXICON-X,2590-1710,2590-1710,3.2,4.2,Q2,49/106,Q2,Q2,0.74,54.2,14.0,647.0,TOXICOLOGY,TOXICOLOGY(JIF Q2/JCI Q2),ELSEVIER,Elsevier,否,ESCI,混合为主,"订阅路线通常无APC；Gold OA常见 USD 2,200-4,200",中,https://www.elsevier.com/open-access/agreements,https://www.google.com/search?q=Toxicon-X+aims+scope+instructions+for+authors+APC
1740,3-Q2,0,Canadian Journal of Pain-Revue Canadienne de la Douleur,CAN J PAIN,2474-0527,2474-0527,3.2,3.2,Q2,117/296,Q3,Q3,0.7,60.6,14.0,667.0,CLINICAL NEUROLOGY,CLINICAL NEUROLOGY(JIF Q2/JCI Q3),TAYLOR & FRANCIS LTD,Taylor & Francis,否,ESCI,混合为主,"订阅路线通常无APC；Open Select常见 USD 2,500-3,500",中,https://authorservices.taylorandfrancis.com/publishing-open-access/,https://www.google.com/search?q=Canadian+Journal+of+Pain-Revue+Canadienne+de+la+Douleur+aims+scope+instructions+for+authors+APC
1741,3-Q2,0,Blood and Lymphatic Cancer-Targets and Therapy,BLOOD LYMPHAT CANCER,1179-9889,1179-9889,3.2,4.4,Q2,161/333,Q3,Q3,0.59,51.8,14.0,193.0,ONCOLOGY,ONCOLOGY(JIF Q2/JCI Q3),DOVE MEDICAL PRESS LTD,其他,否,ESCI,需核实,请查期刊官网 Author / Open Access 页面,未知,,https://www.google.com/search?q=Blood+and+Lymphatic+Cancer-Targets+and+Therapy+aims+scope+instructions+for+authors+APC
1742,3-Q2,0,Global Health Epidemiology and Genomics,GLOB HEALTH EPIDEM G,2054-4200,2054-4200,2.9,2.3,Q2,139/443,Q3,Q3,0.59,68.7,14.0,269.0,"PUBLIC, ENVIRONMENTAL & OCCUPATIONAL HEALTH","PUBLIC, ENVIRONMENTAL & OCCUPATIONAL HEALTH(JIF Q2/JCI Q3)",WILEY,Wiley,否,ESCI,混合为主,"订阅路线通常无APC；OnlineOpen常见 USD 3,200-4,700",中,https://authorservices.wiley.com/author-resources/Journal-Authors/open-access/article-publication-charges.html,https://www.google.com/search?q=Global+Health+Epidemiology+and+Genomics+aims+scope+instructions+for+authors+APC
1743,3-Q2,0,International Journal of Oral Implantology,INT J ORAL IMPL,2631-6420,2631-6439,2.6,3.3,Q2,56/165,Q3,Q3,0.72,66.4,14.0,447.0,"DENTISTRY, ORAL SURGERY & MEDICINE","DENTISTRY, ORAL SURGERY & MEDICINE(JIF Q2/JCI Q3)",QUINTESSENCE PUBLISHING CO INC,其他,是,SCIE,需核实,请查期刊官网 Author / Open Access 页面,未知,,https://www.google.com/search?q=International+Journal+of+Oral+Implantology+aims+scope+instructions+for+authors+APC
1744,3-Q2,0,Osteoporosis and Sarcopenia,OSTEOPORO SARCOPENIA,2405-5255,2405-5263,2.4,2.8,Q2,53/147,Q2,Q2,0.71,64.3,14.0,411.0,ENDOCRINOLOGY & METABOLISM; ORTHOPEDICS,ENDOCRINOLOGY & METABOLISM(JIF Q3/JCI Q2) | ORTHOPEDICS(JIF Q2/JCI Q3),ELSEVIER,Elsevier,否,ESCI,混合为主,"订阅路线通常无APC；Gold OA常见 USD 2,200-4,200",中,https://www.elsevier.com/open-access/agreements,https://www.google.com/search?q=Osteoporosis+and+Sarcopenia+aims+scope+instructions+for+authors+APC
1745,3-Q2,0,JOURNAL OF EARLY INTERVENTION,J EARLY INTERVENTION,1053-8151,2154-3992,1.8,2.2,Q2,22/62,Q2,Q2,0.93,52.9,14.0,1099.0,REHABILITATION,REHABILITATION(JIF Q2/JCI Q2),SAGE PUBLICATIONS INC,SAGE,否,SSCI,混合为主,"订阅路线通常无APC；SAGE Choice常见 USD 2,000-4,000",中,https://us.sagepub.com/en-us/nam/sage-choice,https://www.google.com/search?q=JOURNAL+OF+EARLY+INTERVENTION+aims+scope+instructions+for+authors+APC
1746,3-Q2,0,Current Research in Structural Biology,CURR RES STRUCT BIOL,,2665-928X,4.2,3.6,Q2,18/81,Q2,Q1,0.83,61.7,13.0,523.0,BIOCHEMISTRY & MOLECULAR BIOLOGY; CELL BIOLOGY,BIOCHEMISTRY & MOLECULAR BIOLOGY(JIF Q2/JCI Q2) | CELL BIOLOGY(JIF Q2/JCI Q2),ELSEVIER,Elsevier,否,ESCI,混合为主,"订阅路线通常无APC；Gold OA常见 USD 2,200-4,200",中,https://www.elsevier.com/open-access/agreements,https://www.google.com/search?q=Current+Research+in+Structural+Biology+aims+scope+instructions+for+authors+APC
1747,3-Q2,0,PROTEIN ENGINEERING DESIGN & SELECTION,PROTEIN ENG DES SEL,1741-0126,1741-0134,3.5,3.2,Q2,88/180,Q3,Q3,0.6,51.4,13.0,4023.0,BIOCHEMISTRY & MOLECULAR BIOLOGY; BIOTECHNOLOGY & APPLIED MICROBIOLOGY,BIOCHEMISTRY & MOLECULAR BIOLOGY(JIF Q2/JCI Q3) | BIOTECHNOLOGY & APPLIED MICROBIOLOGY(JIF Q2/JCI Q3),OXFORD UNIV PRESS,Oxford UP,是,SCIE,混合为主,订阅路线通常无APC；可选OA，费用因刊而异,中,https://academic.oup.com/pages/open-research/open-access,https://www.google.com/search?q=PROTEIN+ENGINEERING+DESIGN+&+SELECTION+aims+scope+instructions+for+authors+APC
1748,3-Q2,0,JOURNAL OF CARDIOVASCULAR PHARMACOLOGY AND THERAPEUTICS,J CARDIOVASC PHARM T,1074-2484,1940-4034,2.9,2.4,Q2,95/237,Q2,Q2,0.62,60.1,13.0,1424.0,CARDIAC & CARDIOVASCULAR SYSTEMS; PHARMACOLOGY & PHARMACY,CARDIAC & CARDIOVASCULAR SYSTEMS(JIF Q2/JCI Q2) | PHARMACOLOGY & PHARMACY(JIF Q2/JCI Q3),SAGE PUBLICATIONS INC,SAGE,是,SCIE,混合为主,"订阅路线通常无APC；SAGE Choice常见 USD 2,000-4,000",中,https://us.sagepub.com/en-us/nam/sage-choice,https://www.google.com/search?q=JOURNAL+OF+CARDIOVASCULAR+PHARMACOLOGY+AND+THERAPEUTICS+aims+scope+instructions+for+authors+APC
1749,3-Q2,0,Journal of the Canadian Academy of Child and Adolescent Psychiatry,J CAN ACAD CHILD ADO,1719-8429,1719-8429,2.9,3.3,Q2,119/293,Q3,Q3,0.48,59.6,13.0,1035.0,PSYCHIATRY,PSYCHIATRY(JIF Q2/JCI Q3),CANADIAN ACAD CHILD & ADOLESCENT PSYCHIATRY,其他,否,ESCI,需核实,请查期刊官网 Author / Open Access 页面,未知,,https://www.google.com/search?q=Journal+of+the+Canadian+Academy+of+Child+and+Adolescent+Psychiatry+aims+scope+instructions+for+authors+APC
1750,3-Q2,0,Plant Reproduction,PLANT REPROD,2194-7953,2194-7961,2.6,3.2,Q2,114/285,Q3,Q2,0.68,53.4,13.0,1024.0,REPRODUCTIVE BIOLOGY,REPRODUCTIVE BIOLOGY(JIF Q2/JCI Q3),SPRINGER,Springer,是,SCIE,混合为主,"订阅路线通常无APC；选OA约 USD 2,790-4,290",中,https://www.springer.com/gp/open-access,https://www.google.com/search?q=Plant+Reproduction+aims+scope+instructions+for+authors+APC
1751,3-Q2,0,Nurse Researcher,NURSE RES,1351-5578,2047-8992,2.2,2.4,Q2,69/194,Q2,Q2,0.71,64.7,13.0,1571.0,NURSING,NURSING(JIF Q2/JCI Q2),RCNI,其他,否,ESCI,需核实,请查期刊官网 Author / Open Access 页面,未知,,https://www.google.com/search?q=Nurse+Researcher+aims+scope+instructions+for+authors+APC
1752,3-Q2,0,Rambam Maimonides Medical Journal,RAMBAM MAIMONIDES ME,2076-9172,2076-9172,2.0,1.9,Q2,113/336,Q2,Q2,0.37,66.5,13.0,730.0,"MEDICINE, GENERAL & INTERNAL","MEDICINE, GENERAL & INTERNAL(JIF Q2/JCI Q2)",RAMBAM HEALTH CARE CAMPUS,其他,否,ESCI,需核实,请查期刊官网 Author / Open Access 页面,未知,,https://www.google.com/search?q=Rambam+Maimonides+Medical+Journal+aims+scope+instructions+for+authors+APC
1753,3-Q2,0,Visceral Medicine,VISC MED,2297-4725,2297-475X,1.9,2.4,Q2,145/321,Q3,Q3,0.44,55.0,13.0,1058.0,GASTROENTEROLOGY & HEPATOLOGY; SURGERY,GASTROENTEROLOGY & HEPATOLOGY(JIF Q3/JCI Q3) | SURGERY(JIF Q2/JCI Q3),KARGER,Karger,是,SCIE,混合/OA,"因刊而异，常见 USD 2,500-3,800",中,https://karger.com/pages/Open-Access,https://www.google.com/search?q=Visceral+Medicine+aims+scope+instructions+for+authors+APC
1754,3-Q2,0,Chronic Illness,CHRONIC ILLN,1742-3953,1745-9206,1.4,2.5,Q2,152/336,Q2,Q2,0.49,54.9,13.0,1266.0,"HEALTH CARE SCIENCES & SERVICES; MEDICINE, GENERAL & INTERNAL; PUBLIC, ENVIRONMENTAL & OCCUPATIONAL HEALTH","HEALTH CARE SCIENCES & SERVICES(JIF Q4/JCI Q3) | MEDICINE, GENERAL & INTERNAL(JIF Q2/JCI Q2) | PUBLIC, ENVIRONMENTAL & OCCUPATIONAL HEALTH(JIF Q4/JCI Q3)",SAGE PUBLICATIONS LTD,SAGE,是,"SCIE; SCIE, SSCI",混合为主,"订阅路线通常无APC；SAGE Choice常见 USD 2,000-4,000",中,https://us.sagepub.com/en-us/nam/sage-choice,https://www.google.com/search?q=Chronic+Illness+aims+scope+instructions+for+authors+APC
1755,3-Q2,0,Translational Breast Cancer Research,TRANSL BREAST CANCER,,2218-6778,3.9,2.5,Q2,120/333,Q3,Q3,0.5,64.1,12.0,334.0,ONCOLOGY,ONCOLOGY(JIF Q2/JCI Q3),AME PUBLISHING COMPANY,其他,否,ESCI,需核实,请查期刊官网 Author / Open Access 页面,未知,,https://www.google.com/search?q=Translational+Breast+Cancer+Research+aims+scope+instructions+for+authors+APC
1756,3-Q2,0,Open Access Rheumatology-Research and Reviews,OPEN ACCESS RHEUMATO,1179-156X,1179-156X,3.4,2.7,Q2,19/58,Q3,Q3,0.64,68.1,12.0,705.0,RHEUMATOLOGY,RHEUMATOLOGY(JIF Q2/JCI Q3),DOVE MEDICAL PRESS LTD,其他,否,ESCI,需核实,请查期刊官网 Author / Open Access 页面,未知,,https://www.google.com/search?q=Open+Access+Rheumatology-Research+and+Reviews+aims+scope+instructions+for+authors+APC
1757,3-Q2,0,PROCEEDINGS OF THE JAPAN ACADEMY SERIES B-PHYSICAL AND BIOLOGICAL SCIENCES,P JPN ACAD B-PHYS,0386-2208,1349-2896,2.9,4.2,Q2,44/140,Q2,Q2,0.53,68.9,12.0,2575.0,MULTIDISCIPLINARY SCIENCES,MULTIDISCIPLINARY SCIENCES(JIF Q2/JCI Q2),JAPAN ACAD,其他,是,SCIE,需核实,请查期刊官网 Author / Open Access 页面,未知,,https://www.google.com/search?q=PROCEEDINGS+OF+THE+JAPAN+ACADEMY+SERIES+B-PHYSICAL+AND+BIOLOGICAL+SCIENCES+aims+scope+instructions+for+authors+APC
1758,3-Q2,0,Current Pediatric Reviews,CURR PEDIATR REV,1573-3963,1875-6336,2.4,2.3,Q2,50/190,Q2,Q2,0.69,73.9,12.0,1025.0,PEDIATRICS,PEDIATRICS(JIF Q2/JCI Q2),BENTHAM SCIENCE PUBL LTD,其他,否,ESCI,需核实,请查期刊官网 Author / Open Access 页面,未知,,https://www.google.com/search?q=Current+Pediatric+Reviews+aims+scope+instructions+for+authors+APC
1759,3-Q2,0,METHODS OF INFORMATION IN MEDICINE,METHOD INFORM MED,0026-1270,2511-705X,2.4,2.3,Q2,97/194,Q3,Q3,0.6,50.3,12.0,1493.0,HEALTH CARE SCIENCES & SERVICES; MEDICAL INFORMATICS,HEALTH CARE SCIENCES & SERVICES(JIF Q2/JCI Q3) | MEDICAL INFORMATICS(JIF Q3/JCI Q3),GEORG THIEME VERLAG KG,Thieme,是,SCIE,混合为主,订阅路线通常无APC；OA另计,中低,https://www.thieme.com/en-us/open-access,https://www.google.com/search?q=METHODS+OF+INFORMATION+IN+MEDICINE+aims+scope+instructions+for+authors+APC
1760,3-Q2,0,Bladder Cancer,BLADDER CANCER,2352-3727,2352-3735,2.2,1.7,Q2,66/134,Q4,Q4,0.33,51.1,12.0,608.0,ONCOLOGY; UROLOGY & NEPHROLOGY,ONCOLOGY(JIF Q3/JCI Q4) | UROLOGY & NEPHROLOGY(JIF Q2/JCI Q4),SAGE PUBLICATIONS INC,SAGE,是,SCIE,混合为主,"订阅路线通常无APC；SAGE Choice常见 USD 2,000-4,000",中,https://us.sagepub.com/en-us/nam/sage-choice,https://www.google.com/search?q=Bladder+Cancer+aims+scope+instructions+for+authors+APC
1761,3-Q2,0,Cold Spring Harbor Perspectives in Medicine,CSH PERSPECT MED,2157-1422,2157-1422,4.9,10.5,Q2,52/191,Q1,Q1,1.32,73.0,11.0,14459.0,"MEDICINE, RESEARCH & EXPERIMENTAL","MEDICINE, RESEARCH & EXPERIMENTAL(JIF Q2/JCI Q1)","COLD SPRING HARBOR LAB PRESS, PUBLICATIONS DEPT",其他,是,SCIE,需核实,请查期刊官网 Author / Open Access 页面,未知,,https://www.google.com/search?q=Cold+Spring+Harbor+Perspectives+in+Medicine+aims+scope+instructions+for+authors+APC
1762,3-Q2,0,Drug Target Insights,DRUG TARGET INSIGHT,1177-3928,1177-3928,3.7,3.8,Q2,120/356,Q2,Q2,0.66,66.4,11.0,345.0,PHARMACOLOGY & PHARMACY,PHARMACOLOGY & PHARMACY(JIF Q2/JCI Q2),ABOUTSCIENCE SRL,其他,否,ESCI,需核实,请查期刊官网 Author / Open Access 页面,未知,,https://www.google.com/search?q=Drug+Target+Insights+aims+scope+instructions+for+authors+APC
1763,3-Q2,0,Lung Cancer-Targets and Therapy,LUNG CANCER-TARGETS,,1179-2728,3.3,3.5,Q2,158/333,Q3,Q3,0.58,52.7,11.0,522.0,ONCOLOGY,ONCOLOGY(JIF Q2/JCI Q3),DOVE MEDICAL PRESS LTD,其他,否,ESCI,需核实,请查期刊官网 Author / Open Access 页面,未知,,https://www.google.com/search?q=Lung+Cancer-Targets+and+Therapy+aims+scope+instructions+for+authors+APC
1764,3-Q2,0,Neuroscience Applied,NEUROSCI APPL,,2772-4085,3.0,3.1,Q2,112/293,Q3,Q3,0.56,61.9,11.0,307.0,NEUROSCIENCES; PSYCHIATRY,NEUROSCIENCES(JIF Q3/JCI Q3) | PSYCHIATRY(JIF Q2/JCI Q3),ELSEVIER,Elsevier,否,ESCI,混合为主,"订阅路线通常无APC；Gold OA常见 USD 2,200-4,200",中,https://www.elsevier.com/open-access/agreements,https://www.google.com/search?q=Neuroscience+Applied+aims+scope+instructions+for+authors+APC
1765,3-Q2,0,Open Access Journal of Contraception,OPEN ACCESS J CONTR,,1179-1527,2.8,3.0,Q2,39/143,Q2,Q2,0.78,73.1,11.0,392.0,OBSTETRICS & GYNECOLOGY,OBSTETRICS & GYNECOLOGY(JIF Q2/JCI Q2),DOVE MEDICAL PRESS LTD,其他,否,ESCI,需核实,请查期刊官网 Author / Open Access 页面,未知,,https://www.google.com/search?q=Open+Access+Journal+of+Contraception+aims+scope+instructions+for+authors+APC
1766,3-Q2,0,CUTIS,CUTIS,0011-4162,2326-6929,2.5,2.1,Q2,43/99,Q4,Q4,0.34,57.1,11.0,1858.0,DERMATOLOGY,DERMATOLOGY(JIF Q2/JCI Q4),QUADRANT HEALTHCOM INC,其他,是,SCIE,需核实,请查期刊官网 Author / Open Access 页面,未知,,https://www.google.com/search?q=CUTIS+aims+scope+instructions+for+authors+APC
1767,3-Q2,0,Open Access Journal of Sports Medicine,OPEN ACCESS J SPORTS,1179-1543,1179-1543,2.1,2.7,Q2,65/136,Q3,Q3,0.55,52.6,11.0,867.0,SPORT SCIENCES,SPORT SCIENCES(JIF Q2/JCI Q3),DOVE MEDICAL PRESS LTD,其他,否,ESCI,需核实,请查期刊官网 Author / Open Access 页面,未知,,https://www.google.com/search?q=Open+Access+Journal+of+Sports+Medicine+aims+scope+instructions+for+authors+APC
1768,3-Q2,0,LEARNING DISABILITY QUARTERLY,LEARN DISABILITY Q,0731-9487,2168-376X,1.9,2.7,Q2,17/62,Q1,Q1,1.05,56.9,11.0,1117.0,REHABILITATION,REHABILITATION(JIF Q2/JCI Q1),SAGE PUBLICATIONS INC,SAGE,否,SSCI,混合为主,"订阅路线通常无APC；SAGE Choice常见 USD 2,000-4,000",中,https://us.sagepub.com/en-us/nam/sage-choice,https://www.google.com/search?q=LEARNING+DISABILITY+QUARTERLY+aims+scope+instructions+for+authors+APC
1769,3-Q2,0,Colombia Medica,COLOMB MEDICA,1657-9534,,1.4,1.2,Q2,152/336,Q3,Q3,0.15,54.9,11.0,506.0,"MEDICINE, GENERAL & INTERNAL","MEDICINE, GENERAL & INTERNAL(JIF Q2/JCI Q3)",CORPORACION EDITORA MEDICA VALLE,其他,是,SCIE,需核实,请查期刊官网 Author / Open Access 页面,未知,,https://www.google.com/search?q=Colombia+Medica+aims+scope+instructions+for+authors+APC
1770,3-Q2,0,SCOTTISH MEDICAL JOURNAL,SCOT MED J,0036-9330,2045-6441,1.3,1.4,Q2,160/336,Q2,Q2,0.57,52.5,11.0,693.0,"MEDICINE, GENERAL & INTERNAL","MEDICINE, GENERAL & INTERNAL(JIF Q2/JCI Q2)",SAGE PUBLICATIONS LTD,SAGE,是,SCIE,混合为主,"订阅路线通常无APC；SAGE Choice常见 USD 2,000-4,000",中,https://us.sagepub.com/en-us/nam/sage-choice,https://www.google.com/search?q=SCOTTISH+MEDICAL+JOURNAL+aims+scope+instructions+for+authors+APC
1771,3-Q2,0,Cell Adhesion & Migration,CELL ADHES MIGR,1933-6918,1933-6926,4.3,4.1,Q2,94/207,Q3,Q3,0.48,54.8,10.0,2450.0,CELL BIOLOGY,CELL BIOLOGY(JIF Q2/JCI Q3),TAYLOR & FRANCIS INC,Taylor & Francis,是,SCIE,混合为主,"订阅路线通常无APC；Open Select常见 USD 2,500-3,500",中,https://authorservices.taylorandfrancis.com/publishing-open-access/,https://www.google.com/search?q=Cell+Adhesion+&+Migration+aims+scope+instructions+for+authors+APC
1772,3-Q2,0,Metabolic Engineering Communications,METAB ENG COMMUN,2214-0301,2214-0301,4.2,5.0,Q2,65/180,Q1,Q1,0.97,64.2,10.0,1076.0,BIOTECHNOLOGY & APPLIED MICROBIOLOGY,BIOTECHNOLOGY & APPLIED MICROBIOLOGY(JIF Q2/JCI Q1),ELSEVIER,Elsevier,否,ESCI,混合为主,"订阅路线通常无APC；Gold OA常见 USD 2,200-4,200",中,https://www.elsevier.com/open-access/agreements,https://www.google.com/search?q=Metabolic+Engineering+Communications+aims+scope+instructions+for+authors+APC
1773,3-Q2,0,Neuroprotection,NEUROPROTECTION-PRC,2770-7296,2770-730X,4.1,4.1,Q2,106/330,Q3,Q3,0.63,68.0,10.0,183.0,NEUROSCIENCES,NEUROSCIENCES(JIF Q2/JCI Q3),WILEY,Wiley,否,ESCI,混合为主,"订阅路线通常无APC；OnlineOpen常见 USD 3,200-4,700",中,https://authorservices.wiley.com/author-resources/Journal-Authors/open-access/article-publication-charges.html,https://www.google.com/search?q=Neuroprotection+aims+scope+instructions+for+authors+APC
1774,3-Q2,0,CURRENT GENOMICS,CURR GENOMICS,1389-2029,1875-5488,4.0,4.0,Q2,53/192,Q3,Q3,0.52,72.7,10.0,2559.0,BIOCHEMISTRY & MOLECULAR BIOLOGY; GENETICS & HEREDITY,BIOCHEMISTRY & MOLECULAR BIOLOGY(JIF Q2/JCI Q3) | GENETICS & HEREDITY(JIF Q2/JCI Q3),BENTHAM SCIENCE PUBL LTD,其他,是,SCIE,需核实,请查期刊官网 Author / Open Access 页面,未知,,https://www.google.com/search?q=CURRENT+GENOMICS+aims+scope+instructions+for+authors+APC
1775,3-Q2,0,NEUROIMMUNOMODULATION,NEUROIMMUNOMODULAT,1021-7401,1423-0216,3.7,2.6,Q2,126/330,Q3,Q3,0.55,62.0,10.0,1709.0,ENDOCRINOLOGY & METABOLISM; IMMUNOLOGY; NEUROSCIENCES,ENDOCRINOLOGY & METABOLISM(JIF Q2/JCI Q3) | IMMUNOLOGY(JIF Q2/JCI Q3) | NEUROSCIENCES(JIF Q2/JCI Q3),KARGER,Karger,是,SCIE,混合/OA,"因刊而异，常见 USD 2,500-3,800",中,https://karger.com/pages/Open-Access,https://www.google.com/search?q=NEUROIMMUNOMODULATION+aims+scope+instructions+for+authors+APC
1776,3-Q2,0,FOOD AND AGRICULTURAL IMMUNOLOGY,FOOD AGR IMMUNOL,0954-0105,1465-3443,3.7,2.5,Q2,33/106,Q3,Q2,0.49,69.3,10.0,1603.0,IMMUNOLOGY; TOXICOLOGY,IMMUNOLOGY(JIF Q2/JCI Q3) | TOXICOLOGY(JIF Q2/JCI Q4),TAYLOR & FRANCIS LTD,Taylor & Francis,是,SCIE,混合为主,"订阅路线通常无APC；Open Select常见 USD 2,500-3,500",中,https://authorservices.taylorandfrancis.com/publishing-open-access/,https://www.google.com/search?q=FOOD+AND+AGRICULTURAL+IMMUNOLOGY+aims+scope+instructions+for+authors+APC
1777,3-Q2,0,Neuroscience Insights,NEUROSCI INSIGHTS,,2633-1055,3.5,3.4,Q2,138/330,Q4,Q4,0.5,58.3,10.0,347.0,NEUROSCIENCES,NEUROSCIENCES(JIF Q2/JCI Q4),SAGE PUBLICATIONS LTD,SAGE,否,ESCI,混合为主,"订阅路线通常无APC；SAGE Choice常见 USD 2,000-4,000",中,https://us.sagepub.com/en-us/nam/sage-choice,https://www.google.com/search?q=Neuroscience+Insights+aims+scope+instructions+for+authors+APC
1778,3-Q2,0,Journal of Medicine Access,J MED ACCESS,2755-0834,2755-0834,2.7,,Q2,45/125,Q3,Q3,0.59,64.4,10.0,137.0,HEALTH CARE SCIENCES & SERVICES; HEALTH POLICY & SERVICES,HEALTH CARE SCIENCES & SERVICES(JIF Q2/JCI Q3) | HEALTH POLICY & SERVICES(JIF Q2/JCI Q3),SAGE PUBLICATIONS INC,SAGE,否,ESCI,混合为主,"订阅路线通常无APC；SAGE Choice常见 USD 2,000-4,000",中,https://us.sagepub.com/en-us/nam/sage-choice,https://www.google.com/search?q=Journal+of+Medicine+Access+aims+scope+instructions+for+authors+APC
1779,3-Q2,0,Annals of Joint,ANN JOINT,2415-6809,2415-6809,2.6,1.9,Q2,44/147,Q3,Q3,0.5,70.4,10.0,532.0,ORTHOPEDICS,ORTHOPEDICS(JIF Q2/JCI Q3),AME PUBLISHING COMPANY,其他,否,ESCI,需核实,请查期刊官网 Author / Open Access 页面,未知,,https://www.google.com/search?q=Annals+of+Joint+aims+scope+instructions+for+authors+APC
1780,3-Q2,0,Oncology Reviews,ONCOL REV,1970-5565,1970-5557,4.0,4.5,Q2,116/333,Q3,Q3,0.54,65.3,9.0,887.0,ONCOLOGY,ONCOLOGY(JIF Q2/JCI Q3),FRONTIERS MEDIA SA,Frontiers,否,ESCI,全OA,"约 CHF 1,495-3,150（Frontiers in Medicine A类=CHF 3,150）",高,https://www.frontiersin.org/about/fee-policy,https://www.google.com/search?q=Oncology+Reviews+aims+scope+instructions+for+authors+APC
1781,3-Q2,0,Pulse,PULSE,2235-8676,2235-8668,3.4,2.5,Q2,27/100,Q2,Q2,0.62,73.5,9.0,379.0,PERIPHERAL VASCULAR DISEASE,PERIPHERAL VASCULAR DISEASE(JIF Q2/JCI Q2),KARGER,Karger,否,ESCI,混合/OA,"因刊而异，常见 USD 2,500-3,800",中,https://karger.com/pages/Open-Access,https://www.google.com/search?q=Pulse+aims+scope+instructions+for+authors+APC
1782,3-Q2,0,JOURNAL OF MAMMARY GLAND BIOLOGY AND NEOPLASIA,J MAMMARY GLAND BIOL,1083-3021,1573-7039,3.1,3.3,Q2,31/89,Q2,Q2,0.79,50.6,9.0,1801.0,ENDOCRINOLOGY & METABOLISM; ONCOLOGY,ENDOCRINOLOGY & METABOLISM(JIF Q3/JCI Q2) | ONCOLOGY(JIF Q2/JCI Q2),SPRINGER/PLENUM PUBLISHERS,Springer,是,SCIE,混合为主,"订阅路线通常无APC；选OA约 USD 2,790-4,290",中,https://www.springer.com/gp/open-access,https://www.google.com/search?q=JOURNAL+OF+MAMMARY+GLAND+BIOLOGY+AND+NEOPLASIA+aims+scope+instructions+for+authors+APC
1783,3-Q2,0,Seminars in Vascular Surgery,SEMIN VASC SURG,0895-7967,1558-4518,2.4,3.3,Q2,95/321,Q3,Q3,0.56,70.6,9.0,1314.0,PERIPHERAL VASCULAR DISEASE; SURGERY,PERIPHERAL VASCULAR DISEASE(JIF Q3/JCI Q3) | SURGERY(JIF Q2/JCI Q3),W B SAUNDERS CO-ELSEVIER INC,Elsevier,是,SCIE,混合为主,"订阅路线通常无APC；Gold OA常见 USD 2,200-4,200",中,https://www.elsevier.com/open-access/agreements,https://www.google.com/search?q=Seminars+in+Vascular+Surgery+aims+scope+instructions+for+authors+APC
1784,3-Q2,0,Thalassemia Reports,THALASS REP,2039-4357,2039-4365,2.4,1.6,Q2,51/103,Q4,Q4,0.31,51.0,9.0,128.0,HEMATOLOGY,HEMATOLOGY(JIF Q2/JCI Q4),MDPI,MDPI,否,ESCI,全OA,"约 CHF 1,600-2,900（如 JCM=CHF 2,600）",高,https://www.mdpi.com/about/apc,https://www.google.com/search?q=Thalassemia+Reports+aims+scope+instructions+for+authors+APC
1785,3-Q2,0,SCIENTIFIC AMERICAN,SCI AM,0036-8733,1946-7087,2.2,1.8,Q2,60/140,Q4,Q4,0.04,57.5,9.0,8124.0,MULTIDISCIPLINARY SCIENCES,MULTIDISCIPLINARY SCIENCES(JIF Q2/JCI Q4),SPRINGER,Springer,是,SCIE,混合为主,"订阅路线通常无APC；选OA约 USD 2,790-4,290",中,https://www.springer.com/gp/open-access,https://www.google.com/search?q=SCIENTIFIC+AMERICAN+aims+scope+instructions+for+authors+APC
1786,3-Q2,0,Briefings in Functional Genomics,BRIEF FUNCT GENOMICS,2041-2649,2041-2657,3.2,3.1,Q2,72/192,Q3,Q3,0.58,62.8,8.0,2138.0,BIOTECHNOLOGY & APPLIED MICROBIOLOGY; GENETICS & HEREDITY,BIOTECHNOLOGY & APPLIED MICROBIOLOGY(JIF Q3/JCI Q3) | GENETICS & HEREDITY(JIF Q2/JCI Q3),OXFORD UNIV PRESS,Oxford UP,是,SCIE,混合为主,订阅路线通常无APC；可选OA，费用因刊而异,中,https://academic.oup.com/pages/open-research/open-access,https://www.google.com/search?q=Briefings+in+Functional+Genomics+aims+scope+instructions+for+authors+APC
1787,3-Q2,0,Cellular Reprogramming,CELL REPROGRAM,2152-4971,2152-4998,2.7,1.7,Q2,92/192,Q4,Q4,0.39,52.3,8.0,657.0,BIOTECHNOLOGY & APPLIED MICROBIOLOGY; CELL & TISSUE ENGINEERING; GENETICS & HEREDITY,BIOTECHNOLOGY & APPLIED MICROBIOLOGY(JIF Q3/JCI Q4) | CELL & TISSUE ENGINEERING(JIF Q3/JCI Q4) | GENETICS & HEREDITY(JIF Q2/JCI Q4),SAGE PUBLICATIONS INC,SAGE,是,SCIE,混合为主,"订阅路线通常无APC；SAGE Choice常见 USD 2,000-4,000",中,https://us.sagepub.com/en-us/nam/sage-choice,https://www.google.com/search?q=Cellular+Reprogramming+aims+scope+instructions+for+authors+APC
1788,3-Q2,0,Nucleus,NUCLEUS-PHILA,1949-1034,1949-1042,5.5,4.8,Q2,71/207,Q4,Q4,0.33,65.9,7.0,1536.0,CELL BIOLOGY,CELL BIOLOGY(JIF Q2/JCI Q4),TAYLOR & FRANCIS INC,Taylor & Francis,是,SCIE,混合为主,"订阅路线通常无APC；Open Select常见 USD 2,500-3,500",中,https://authorservices.taylorandfrancis.com/publishing-open-access/,https://www.google.com/search?q=Nucleus+aims+scope+instructions+for+authors+APC
1789,3-Q2,0,Therapeutic Advances in Cardiovascular Disease,THER ADV CARDIO DIS,1753-9447,1753-9455,3.3,3.0,Q2,81/237,Q3,Q3,0.55,66.0,7.0,750.0,CARDIAC & CARDIOVASCULAR SYSTEMS,CARDIAC & CARDIOVASCULAR SYSTEMS(JIF Q2/JCI Q3),SAGE PUBLICATIONS LTD,SAGE,否,ESCI,混合为主,"订阅路线通常无APC；SAGE Choice常见 USD 2,000-4,000",中,https://us.sagepub.com/en-us/nam/sage-choice,https://www.google.com/search?q=Therapeutic+Advances+in+Cardiovascular+Disease+aims+scope+instructions+for+authors+APC
1790,3-Q2,0,Cardiology in Review,CARDIOL REV,1061-5377,1538-4683,3.2,2.5,Q2,86/237,Q3,Q3,0.44,63.9,7.0,1762.0,CARDIAC & CARDIOVASCULAR SYSTEMS,CARDIAC & CARDIOVASCULAR SYSTEMS(JIF Q2/JCI Q3),LIPPINCOTT WILLIAMS & WILKINS,Wolters Kluwer/LWW,是,SCIE,混合为主,"订阅路线通常无APC；OA常见 USD 2,000-4,000；MEDICINE已拉黑",中,https://wkauthorservices.editage.com/open-access/,https://www.google.com/search?q=Cardiology+in+Review+aims+scope+instructions+for+authors+APC
1791,3-Q2,0,EUROPEAN SURGICAL RESEARCH,EUR SURG RES,0014-312X,1421-9921,2.5,2.5,Q2,85/321,Q1,Q1,1.13,73.7,7.0,1327.0,SURGERY,SURGERY(JIF Q2/JCI Q1),KARGER,Karger,是,SCIE,混合/OA,"因刊而异，常见 USD 2,500-3,800",中,https://karger.com/pages/Open-Access,https://www.google.com/search?q=EUROPEAN+SURGICAL+RESEARCH+aims+scope+instructions+for+authors+APC
1792,3-Q2,0,Research and Practice in Intellectual and Developmental Disabilities,RES PRACT INTELLECT,2329-7018,2329-7026,1.7,1.7,Q2,87/175,Q1,Q1,1.15,50.6,7.0,202.0,REHABILITATION,REHABILITATION(JIF Q2/JCI Q1),"ROUTLEDGE JOURNALS, TAYLOR & FRANCIS LTD",Taylor & Francis,否,ESCI,混合为主,"订阅路线通常无APC；Open Select常见 USD 2,500-3,500",中,https://authorservices.taylorandfrancis.com/publishing-open-access/,https://www.google.com/search?q=Research+and+Practice+in+Intellectual+and+Developmental+Disabilities+aims+scope+instructions+for+authors+APC
1793,3-Q2,0,Transplantation Reviews,TRANSPLANT REV-ORLAN,0955-470X,,3.2,4.0,Q2,11/30,Q3,Q3,0.57,65.0,6.0,1552.0,IMMUNOLOGY; TRANSPLANTATION,IMMUNOLOGY(JIF Q3/JCI Q3) | TRANSPLANTATION(JIF Q2/JCI Q3),ELSEVIER SCIENCE INC,Elsevier,是,SCIE,混合为主,"订阅路线通常无APC；Gold OA常见 USD 2,200-4,200",中,https://www.elsevier.com/open-access/agreements,https://www.google.com/search?q=Transplantation+Reviews+aims+scope+instructions+for+authors+APC
1794,3-Q2,0,Ultrasound International Open,ULTRASOUND INT OPEN,2509-596X,2199-7152,3.1,3.6,Q2,70/217,Q2,Q2,0.92,68.0,6.0,329.0,"RADIOLOGY, NUCLEAR MEDICINE & MEDICAL IMAGING","RADIOLOGY, NUCLEAR MEDICINE & MEDICAL IMAGING(JIF Q2/JCI Q2)",GEORG THIEME VERLAG KG,Thieme,否,ESCI,混合为主,订阅路线通常无APC；OA另计,中低,https://www.thieme.com/en-us/open-access,https://www.google.com/search?q=Ultrasound+International+Open+aims+scope+instructions+for+authors+APC
1795,3-Q2,0,Frontiers in Drug Delivery,FRONT DRUG DELIV,,2674-0850,4.4,4.5,Q2,94/356,Q3,Q3,0.58,73.7,5.0,379.0,PHARMACOLOGY & PHARMACY,PHARMACOLOGY & PHARMACY(JIF Q2/JCI Q3),FRONTIERS MEDIA SA,Frontiers,否,ESCI,全OA,"约 CHF 1,495-3,150（Frontiers in Medicine A类=CHF 3,150）",高,https://www.frontiersin.org/about/fee-policy,https://www.google.com/search?q=Frontiers+in+Drug+Delivery+aims+scope+instructions+for+authors+APC
1796,3-Q2,0,Immunometabolism,IMMUNOMETABOLISM,2633-0407,2633-0407,3.9,,Q2,73/198,Q4,Q4,0.39,63.4,5.0,453.0,ENDOCRINOLOGY & METABOLISM; IMMUNOLOGY,ENDOCRINOLOGY & METABOLISM(JIF Q2/JCI Q4) | IMMUNOLOGY(JIF Q2/JCI Q4),LIPPINCOTT WILLIAMS & WILKINS,Wolters Kluwer/LWW,否,ESCI,混合为主,"订阅路线通常无APC；OA常见 USD 2,000-4,000；MEDICINE已拉黑",中,https://wkauthorservices.editage.com/open-access/,https://www.google.com/search?q=Immunometabolism+aims+scope+instructions+for+authors+APC
1797,3-Q2,0,Asia-Pacific Psychiatry,ASIA-PAC PSYCHIAT,1758-5864,1758-5872,3.8,3.8,Q2,75/293,Q2,Q2,0.84,74.6,5.0,1061.0,PSYCHIATRY,PSYCHIATRY(JIF Q2/JCI Q2),WILEY,Wiley,是,"SCIE, SSCI",混合为主,"订阅路线通常无APC；OnlineOpen常见 USD 3,200-4,700",中,https://authorservices.wiley.com/author-resources/Journal-Authors/open-access/article-publication-charges.html,https://www.google.com/search?q=Asia-Pacific+Psychiatry+aims+scope+instructions+for+authors+APC
1798,3-Q2,0,Transcription-Austin,TRANSCR-AUSTIN,2154-1264,2154-1272,3.8,3.9,Q2,149/328,Q4,Q4,0.36,54.7,5.0,785.0,BIOCHEMISTRY & MOLECULAR BIOLOGY,BIOCHEMISTRY & MOLECULAR BIOLOGY(JIF Q2/JCI Q4),TAYLOR & FRANCIS INC,Taylor & Francis,否,ESCI,混合为主,"订阅路线通常无APC；Open Select常见 USD 2,500-3,500",中,https://authorservices.taylorandfrancis.com/publishing-open-access/,https://www.google.com/search?q=Transcription-Austin+aims+scope+instructions+for+authors+APC
1799,3-Q2,0,F&S Reviews,F&S REV,,2666-5719,2.8,2.9,Q2,39/143,Q3,Q3,0.62,73.1,5.0,236.0,OBSTETRICS & GYNECOLOGY; REPRODUCTIVE BIOLOGY,OBSTETRICS & GYNECOLOGY(JIF Q2/JCI Q3) | REPRODUCTIVE BIOLOGY(JIF Q2/JCI Q3),ELSEVIER,Elsevier,否,ESCI,混合为主,"订阅路线通常无APC；Gold OA常见 USD 2,200-4,200",中,https://www.elsevier.com/open-access/agreements,https://www.google.com/search?q=F&S+Reviews+aims+scope+instructions+for+authors+APC
1800,3-Q2,0,PPAR Research,PPAR RES,1687-4757,1687-4765,3.3,3.1,Q2,86/191,Q2,Q2,0.69,55.2,4.0,1364.0,"MEDICINE, RESEARCH & EXPERIMENTAL","MEDICINE, RESEARCH & EXPERIMENTAL(JIF Q2/JCI Q2)",WILEY,Wiley,是,SCIE,混合为主,"订阅路线通常无APC；OnlineOpen常见 USD 3,200-4,700",中,https://authorservices.wiley.com/author-resources/Journal-Authors/open-access/article-publication-charges.html,https://www.google.com/search?q=PPAR+Research+aims+scope+instructions+for+authors+APC
1801,3-Q2,0,Sexual Medicine Reviews,SEX MED REV,2050-0513,2050-0521,3.0,4.1,Q2,41/134,Q3,Q3,0.61,69.8,4.0,2319.0,UROLOGY & NEPHROLOGY,UROLOGY & NEPHROLOGY(JIF Q2/JCI Q3),OXFORD UNIV PRESS,Oxford UP,是,SCIE,混合为主,订阅路线通常无APC；可选OA，费用因刊而异,中,https://academic.oup.com/pages/open-research/open-access,https://www.google.com/search?q=Sexual+Medicine+Reviews+aims+scope+instructions+for+authors+APC
1802,3-Q2,0,Wiley Interdisciplinary Reviews: Forensic Science,WIRES FORENSIC SCI,,2573-9468,2.1,2.7,Q2,24/113,Q2,Q2,1.06,68.8,3.0,506.0,"MEDICINE, LEGAL","MEDICINE, LEGAL(JIF Q2/JCI Q2)",WILEY,Wiley,否,ESCI,混合为主,"订阅路线通常无APC；OnlineOpen常见 USD 3,200-4,700",中,https://authorservices.wiley.com/author-resources/Journal-Authors/open-access/article-publication-charges.html,https://www.google.com/search?q=Wiley+Interdisciplinary+Reviews:+Forensic+Science+aims+scope+instructions+for+authors+APC
1803,3-Q2,0,Wiley Interdisciplinary Reviews-RNA,WIRES RNA,1757-7004,1757-7012,4.4,7.1,Q2,93/207,Q4,Q4,0.4,55.3,2.0,4493.0,CELL BIOLOGY,CELL BIOLOGY(JIF Q2/JCI Q4),WILEY,Wiley,是,SCIE,混合为主,"订阅路线通常无APC；OnlineOpen常见 USD 3,200-4,700",中,https://authorservices.wiley.com/author-resources/Journal-Authors/open-access/article-publication-charges.html,https://www.google.com/search?q=Wiley+Interdisciplinary+Reviews-RNA+aims+scope+instructions+for+authors+APC
1804,3-Q2,0,Journal of Osteoporosis,J OSTEOPOROS,2090-8059,2042-0064,2.6,2.8,Q2,44/147,Q2,Q2,0.97,70.4,2.0,339.0,ORTHOPEDICS,ORTHOPEDICS(JIF Q2/JCI Q2),WILEY,Wiley,否,ESCI,混合为主,"订阅路线通常无APC；OnlineOpen常见 USD 3,200-4,700",中,https://authorservices.wiley.com/author-resources/Journal-Authors/open-access/article-publication-charges.html,https://www.google.com/search?q=Journal+of+Osteoporosis+aims+scope+instructions+for+authors+APC
1805,3-Q2,0,Heart International,HEART INT,2036-2579,2036-2579,2.4,2.0,Q2,117/237,Q3,Q3,0.38,50.8,1.0,287.0,CARDIAC & CARDIOVASCULAR SYSTEMS,CARDIAC & CARDIOVASCULAR SYSTEMS(JIF Q2/JCI Q3),TOUCH MEDICAL MEDIA LTD,其他,否,ESCI,需核实,请查期刊官网 Author / Open Access 页面,未知,,https://www.google.com/search?q=Heart+International+aims+scope+instructions+for+authors+APC
1806,3-Q2,0,SEMINARS IN CELL & DEVELOPMENTAL BIOLOGY,SEMIN CELL DEV BIOL,1084-9521,1096-3634,6.7,7.9,Q2,4/39,Q2,Q2,0.79,75.1,0.0,16255.0,CELL BIOLOGY,CELL BIOLOGY(JIF Q2/JCI Q2),ACADEMIC PRESS LTD- ELSEVIER SCIENCE LTD,Elsevier,是,SCIE,混合为主,"订阅路线通常无APC；Gold OA常见 USD 2,200-4,200",中,https://www.elsevier.com/open-access/agreements,https://www.google.com/search?q=SEMINARS+IN+CELL+&+DEVELOPMENTAL+BIOLOGY+aims+scope+instructions+for+authors+APC
1807,3-Q2,0,INTERNATIONAL REVIEWS OF IMMUNOLOGY,INT REV IMMUNOL,0883-0185,1563-5244,5.4,5.4,Q2,47/183,Q3,Q3,0.47,74.6,0.0,2144.0,IMMUNOLOGY,IMMUNOLOGY(JIF Q2/JCI Q3),TAYLOR & FRANCIS INC,Taylor & Francis,是,SCIE,混合为主,"订阅路线通常无APC；Open Select常见 USD 2,500-3,500",中,https://authorservices.taylorandfrancis.com/publishing-open-access/,https://www.google.com/search?q=INTERNATIONAL+REVIEWS+OF+IMMUNOLOGY+aims+scope+instructions+for+authors+APC
1808,3-Q2,0,Fish and Shellfish Immunology Reports,FISH SHELL IMMUN REP,2667-0119,2667-0119,4.6,3.8,Q2,8/124,Q2,Q1,0.88,68.6,0.0,397.0,IMMUNOLOGY,IMMUNOLOGY(JIF Q2/JCI Q2),ELSEVIER,Elsevier,否,ESCI,混合为主,"订阅路线通常无APC；Gold OA常见 USD 2,200-4,200",中,https://www.elsevier.com/open-access/agreements,https://www.google.com/search?q=Fish+and+Shellfish+Immunology+Reports+aims+scope+instructions+for+authors+APC
1809,3-Q2,0,Current Clinical Microbiology Reports,CURR CLIN MICROBIOL,2196-5471,2196-5471,4.6,4.4,Q2,51/167,Q3,Q3,0.67,69.8,0.0,773.0,MICROBIOLOGY,MICROBIOLOGY(JIF Q2/JCI Q3),SPRINGER,Springer,否,ESCI,混合为主,"订阅路线通常无APC；选OA约 USD 2,790-4,290",中,https://www.springer.com/gp/open-access,https://www.google.com/search?q=Current+Clinical+Microbiology+Reports+aims+scope+instructions+for+authors+APC
1810,3-Q2,0,PROGRESS IN BIOPHYSICS & MOLECULAR BIOLOGY,PROG BIOPHYS MOL BIO,0079-6107,1873-1732,4.5,3.6,Q2,13/81,Q3,Q3,0.57,68.8,0.0,4726.0,BIOCHEMISTRY & MOLECULAR BIOLOGY,BIOCHEMISTRY & MOLECULAR BIOLOGY(JIF Q2/JCI Q3),PERGAMON-ELSEVIER SCIENCE LTD,Elsevier,是,SCIE,混合为主,"订阅路线通常无APC；Gold OA常见 USD 2,200-4,200",中,https://www.elsevier.com/open-access/agreements,https://www.google.com/search?q=PROGRESS+IN+BIOPHYSICS+&+MOLECULAR+BIOLOGY+aims+scope+instructions+for+authors+APC
1811,3-Q2,0,BIOCHEMICAL SOCIETY TRANSACTIONS,BIOCHEM SOC T,0300-5127,1470-8752,4.4,4.6,Q2,115/328,Q4,Q4,0.39,65.1,0.0,14529.0,BIOCHEMISTRY & MOLECULAR BIOLOGY,BIOCHEMISTRY & MOLECULAR BIOLOGY(JIF Q2/JCI Q4),PORTLAND PRESS LTD,其他,是,SCIE,需核实,请查期刊官网 Author / Open Access 页面,未知,,https://www.google.com/search?q=BIOCHEMICAL+SOCIETY+TRANSACTIONS+aims+scope+instructions+for+authors+APC
1812,3-Q2,0,Tissue Engineering Part B-Reviews,TISSUE ENG PART B-RE,1937-3368,1937-3376,4.3,6.8,Q2,50/130,Q3,Q3,0.43,61.9,0.0,5087.0,"CELL & TISSUE ENGINEERING; CELL BIOLOGY; ENGINEERING, BIOMEDICAL; MATERIALS SCIENCE, BIOMATERIALS","CELL & TISSUE ENGINEERING(JIF Q2/JCI Q4) | CELL BIOLOGY(JIF Q2/JCI Q3) | ENGINEERING, BIOMEDICAL(JIF Q2/JCI Q3) | MATERIALS SCIENCE, BIOMATERIALS(JIF Q2/JCI Q4)",SAGE PUBLICATIONS INC,SAGE,是,SCIE,混合为主,"订阅路线通常无APC；SAGE Choice常见 USD 2,000-4,000",中,https://us.sagepub.com/en-us/nam/sage-choice,https://www.google.com/search?q=Tissue+Engineering+Part+B-Reviews+aims+scope+instructions+for+authors+APC
1813,3-Q2,0,CURRENT GASTROENTEROLOGY REPORTS,CURR GASTROENTEROL R,1522-8037,1534-312X,4.1,,Q2,40/153,Q3,Q3,0.51,74.2,0.0,2666.0,GASTROENTEROLOGY & HEPATOLOGY,GASTROENTEROLOGY & HEPATOLOGY(JIF Q2/JCI Q3),SPRINGERNATURE,Springer Nature,否,ESCI,混合/全OA,"全OA约 USD 2,090-3,490；Nature系更高；Scientific Reports已拉黑",中高,https://www.springernature.com/gp/open-research/journals-books/journals,https://www.google.com/search?q=CURRENT+GASTROENTEROLOGY+REPORTS+aims+scope+instructions+for+authors+APC
1814,3-Q2,0,Current Cardiology Reports,CURR CARDIOL REP,1523-3782,1534-3170,4.0,3.9,Q2,64/237,Q2,Q2,0.64,73.2,0.0,5961.0,CARDIAC & CARDIOVASCULAR SYSTEMS,CARDIAC & CARDIOVASCULAR SYSTEMS(JIF Q2/JCI Q2),SPRINGER,Springer,是,SCIE,混合为主,"订阅路线通常无APC；选OA约 USD 2,790-4,290",中,https://www.springer.com/gp/open-access,https://www.google.com/search?q=Current+Cardiology+Reports+aims+scope+instructions+for+authors+APC
1815,3-Q2,0,SEMINARS IN LIVER DISEASE,SEMIN LIVER DIS,0272-8087,1098-8971,4.0,4.7,Q2,42/153,Q2,Q2,0.55,72.9,0.0,3718.0,GASTROENTEROLOGY & HEPATOLOGY,GASTROENTEROLOGY & HEPATOLOGY(JIF Q2/JCI Q2),THIEME MEDICAL PUBL INC,Thieme,是,SCIE,混合为主,订阅路线通常无APC；OA另计,中低,https://www.thieme.com/en-us/open-access,https://www.google.com/search?q=SEMINARS+IN+LIVER+DISEASE+aims+scope+instructions+for+authors+APC
1816,3-Q2,0,Current Hematologic Malignancy Reports,CURR HEMATOL MALIG R,1558-8211,1558-822X,4.0,2.9,Q2,27/103,Q3,Q3,0.47,74.3,0.0,1261.0,HEMATOLOGY; ONCOLOGY,HEMATOLOGY(JIF Q2/JCI Q3) | ONCOLOGY(JIF Q2/JCI Q3),CURRENT MEDICINE GROUP,其他,是,SCIE,需核实,请查期刊官网 Author / Open Access 页面,未知,,https://www.google.com/search?q=Current+Hematologic+Malignancy+Reports+aims+scope+instructions+for+authors+APC
1817,3-Q2,0,MINI-REVIEWS IN MEDICINAL CHEMISTRY,MINI-REV MED CHEM,1389-5575,1875-5607,4.0,4.3,Q2,29/72,Q3,Q3,0.46,60.4,0.0,7506.0,"CHEMISTRY, MEDICINAL","CHEMISTRY, MEDICINAL(JIF Q2/JCI Q3)",BENTHAM SCIENCE PUBL LTD,其他,是,SCIE,需核实,请查期刊官网 Author / Open Access 页面,未知,,https://www.google.com/search?q=MINI-REVIEWS+IN+MEDICINAL+CHEMISTRY+aims+scope+instructions+for+authors+APC
1818,3-Q2,0,Current Fungal Infection Reports,CURR FUNGAL INFECT R,1936-3761,1936-377X,3.9,2.7,Q2,37/141,Q2,Q2,0.79,74.1,0.0,714.0,INFECTIOUS DISEASES,INFECTIOUS DISEASES(JIF Q2/JCI Q2),SPRINGER,Springer,否,ESCI,混合为主,"订阅路线通常无APC；选OA约 USD 2,790-4,290",中,https://www.springer.com/gp/open-access,https://www.google.com/search?q=Current+Fungal+Infection+Reports+aims+scope+instructions+for+authors+APC
1819,3-Q2,0,Current Opinion in Critical Care,CURR OPIN CRIT CARE,1070-5295,1531-7072,3.8,3.6,Q2,19/66,Q2,Q2,0.61,72.0,0.0,4276.0,CRITICAL CARE MEDICINE,CRITICAL CARE MEDICINE(JIF Q2/JCI Q2),LIPPINCOTT WILLIAMS & WILKINS,Wolters Kluwer/LWW,是,SCIE,混合为主,"订阅路线通常无APC；OA常见 USD 2,000-4,000；MEDICINE已拉黑",中,https://wkauthorservices.editage.com/open-access/,https://www.google.com/search?q=Current+Opinion+in+Critical+Care+aims+scope+instructions+for+authors+APC
1820,3-Q2,0,EXPERT OPINION ON EMERGING DRUGS,EXPERT OPIN EMERG DR,1472-8214,1744-7623,3.8,3.0,Q2,116/356,Q3,Q3,0.51,67.6,0.0,924.0,PHARMACOLOGY & PHARMACY,PHARMACOLOGY & PHARMACY(JIF Q2/JCI Q3),TAYLOR & FRANCIS LTD,Taylor & Francis,是,SCIE,混合为主,"订阅路线通常无APC；Open Select常见 USD 2,500-3,500",中,https://authorservices.taylorandfrancis.com/publishing-open-access/,https://www.google.com/search?q=EXPERT+OPINION+ON+EMERGING+DRUGS+aims+scope+instructions+for+authors+APC
1821,3-Q2,0,Hematology-American Society of Hematology Education Program,HEMATOL-AM SOC HEMAT,1520-4391,1520-4383,3.7,4.0,Q2,15/89,Q1,Q1,1.1,73.3,0.0,4800.0,HEMATOLOGY,HEMATOLOGY(JIF Q2/JCI Q1),AMER SOC HEMATOLOGY,其他,是,SCIE,需核实,请查期刊官网 Author / Open Access 页面,未知,,https://www.google.com/search?q=Hematology-American+Society+of+Hematology+Education+Program+aims+scope+instructions+for+authors+APC
1822,3-Q2,0,Current Heart Failure Reports,CURR HEART FAIL REP,1546-9530,1546-9549,3.7,3.9,Q2,69/237,Q2,Q2,0.8,71.1,0.0,1880.0,CARDIAC & CARDIOVASCULAR SYSTEMS,CARDIAC & CARDIOVASCULAR SYSTEMS(JIF Q2/JCI Q2),SPRINGERNATURE,Springer Nature,否,ESCI,混合/全OA,"全OA约 USD 2,090-3,490；Nature系更高；Scientific Reports已拉黑",中高,https://www.springernature.com/gp/open-research/journals-books/journals,https://www.google.com/search?q=Current+Heart+Failure+Reports+aims+scope+instructions+for+authors+APC
1823,3-Q2,0,CURRENT PROBLEMS IN CARDIOLOGY,CURR PROB CARDIOLOGY,0146-2806,1535-6280,3.7,3.6,Q2,69/237,Q2,Q2,0.67,71.1,0.0,6110.0,CARDIAC & CARDIOVASCULAR SYSTEMS,CARDIAC & CARDIOVASCULAR SYSTEMS(JIF Q2/JCI Q2),MOSBY-ELSEVIER,Elsevier,是,SCIE,混合为主,"订阅路线通常无APC；Gold OA常见 USD 2,200-4,200",中,https://www.elsevier.com/open-access/agreements,https://www.google.com/search?q=CURRENT+PROBLEMS+IN+CARDIOLOGY+aims+scope+instructions+for+authors+APC
1824,3-Q2,0,Cardiovascular Digital Health Journal,CARDIOVASC DIGIT HLT,2666-6936,2666-6936,3.6,3.3,Q2,71/237,Q2,Q2,0.73,70.3,0.0,425.0,CARDIAC & CARDIOVASCULAR SYSTEMS,CARDIAC & CARDIOVASCULAR SYSTEMS(JIF Q2/JCI Q2),ELSEVIER,Elsevier,否,ESCI,混合为主,"订阅路线通常无APC；Gold OA常见 USD 2,200-4,200",中,https://www.elsevier.com/open-access/agreements,https://www.google.com/search?q=Cardiovascular+Digital+Health+Journal+aims+scope+instructions+for+authors+APC
1825,3-Q2,0,Current Sleep Medicine Reports,CURR SLEEP MED REP,,2198-6401,3.3,2.7,Q2,107/296,Q3,Q3,0.63,64.0,0.0,844.0,CLINICAL NEUROLOGY,CLINICAL NEUROLOGY(JIF Q2/JCI Q3),SPRINGERNATURE,Springer Nature,否,ESCI,混合/全OA,"全OA约 USD 2,090-3,490；Nature系更高；Scientific Reports已拉黑",中高,https://www.springernature.com/gp/open-research/journals-books/journals,https://www.google.com/search?q=Current+Sleep+Medicine+Reports+aims+scope+instructions+for+authors+APC
1826,3-Q2,0,Current Urology Reports,CURR UROL REP,1527-2737,1534-6285,3.2,3.2,Q2,34/134,Q2,Q2,0.77,75.0,0.0,2404.0,UROLOGY & NEPHROLOGY,UROLOGY & NEPHROLOGY(JIF Q2/JCI Q2),SPRINGER,Springer,是,SCIE,混合为主,"订阅路线通常无APC；选OA约 USD 2,790-4,290",中,https://www.springer.com/gp/open-access,https://www.google.com/search?q=Current+Urology+Reports+aims+scope+instructions+for+authors+APC
1827,3-Q2,0,SEMINARS IN NEPHROLOGY,SEMIN NEPHROL,0270-9295,1558-4488,3.2,4.2,Q2,34/134,Q2,Q2,0.65,75.0,0.0,3856.0,UROLOGY & NEPHROLOGY,UROLOGY & NEPHROLOGY(JIF Q2/JCI Q2),W B SAUNDERS CO-ELSEVIER INC,Elsevier,是,SCIE,混合为主,"订阅路线通常无APC；Gold OA常见 USD 2,200-4,200",中,https://www.elsevier.com/open-access/agreements,https://www.google.com/search?q=SEMINARS+IN+NEPHROLOGY+aims+scope+instructions+for+authors+APC
1828,3-Q2,0,SEMINARS IN RESPIRATORY AND CRITICAL CARE MEDICINE,SEMIN RESP CRIT CARE,1069-3424,1098-9048,3.2,3.8,Q2,24/66,Q3,Q3,0.52,64.4,0.0,3411.0,CRITICAL CARE MEDICINE; RESPIRATORY SYSTEM,CRITICAL CARE MEDICINE(JIF Q2/JCI Q3) | RESPIRATORY SYSTEM(JIF Q2/JCI Q3),THIEME MEDICAL PUBL INC,Thieme,是,SCIE,混合为主,订阅路线通常无APC；OA另计,中低,https://www.thieme.com/en-us/open-access,https://www.google.com/search?q=SEMINARS+IN+RESPIRATORY+AND+CRITICAL+CARE+MEDICINE+aims+scope+instructions+for+authors+APC
1829,3-Q2,0,SN Applied Sciences,SN APPL SCI,2523-3963,2523-3971,3.2,3.3,Q2,39/140,Q2,Q2,0.5,72.5,0.0,17588.0,MULTIDISCIPLINARY SCIENCES,MULTIDISCIPLINARY SCIENCES(JIF Q2/JCI Q2),SPRINGER INT PUBL AG,Springer,否,ESCI,混合为主,"订阅路线通常无APC；选OA约 USD 2,790-4,290",中,https://www.springer.com/gp/open-access,https://www.google.com/search?q=SN+Applied+Sciences+aims+scope+instructions+for+authors+APC
1830,3-Q2,0,Current Sexual Health Reports,CURR SEX HEALTH REP,1548-3584,1548-3592,3.1,2.6,Q2,38/134,Q3,Q3,0.61,72.0,0.0,865.0,UROLOGY & NEPHROLOGY,UROLOGY & NEPHROLOGY(JIF Q2/JCI Q3),SPRINGERNATURE,Springer Nature,否,ESCI,混合/全OA,"全OA约 USD 2,090-3,490；Nature系更高；Scientific Reports已拉黑",中高,https://www.springernature.com/gp/open-research/journals-books/journals,https://www.google.com/search?q=Current+Sexual+Health+Reports+aims+scope+instructions+for+authors+APC
1831,3-Q2,0,CURRENT OPINION IN NEPHROLOGY AND HYPERTENSION,CURR OPIN NEPHROL HY,1062-4821,1473-6543,3.1,3.0,Q2,38/134,Q3,Q3,0.52,72.0,0.0,3597.0,PERIPHERAL VASCULAR DISEASE; UROLOGY & NEPHROLOGY,PERIPHERAL VASCULAR DISEASE(JIF Q2/JCI Q3) | UROLOGY & NEPHROLOGY(JIF Q2/JCI Q3),LIPPINCOTT WILLIAMS & WILKINS,Wolters Kluwer/LWW,是,SCIE,混合为主,"订阅路线通常无APC；OA常见 USD 2,000-4,000；MEDICINE已拉黑",中,https://wkauthorservices.editage.com/open-access/,https://www.google.com/search?q=CURRENT+OPINION+IN+NEPHROLOGY+AND+HYPERTENSION+aims+scope+instructions+for+authors+APC
1832,3-Q2,0,QUARTERLY REVIEW OF BIOLOGY,Q REV BIOL,0033-5770,1539-7718,3.0,7.6,Q2,30/106,Q2,Q2,0.49,72.2,0.0,4265.0,BIOLOGY,BIOLOGY(JIF Q2/JCI Q2),UNIV CHICAGO PRESS,其他,是,SCIE,需核实,请查期刊官网 Author / Open Access 页面,未知,,https://www.google.com/search?q=QUARTERLY+REVIEW+OF+BIOLOGY+aims+scope+instructions+for+authors+APC
1833,3-Q2,0,TRANSFUSION MEDICINE REVIEWS,TRANSFUS MED REV,0887-7963,1532-9496,3.0,3.6,Q2,39/103,Q3,Q3,0.38,62.6,0.0,1698.0,HEMATOLOGY,HEMATOLOGY(JIF Q2/JCI Q3),W B SAUNDERS CO-ELSEVIER INC,Elsevier,是,SCIE,混合为主,"订阅路线通常无APC；Gold OA常见 USD 2,200-4,200",中,https://www.elsevier.com/open-access/agreements,https://www.google.com/search?q=TRANSFUSION+MEDICINE+REVIEWS+aims+scope+instructions+for+authors+APC
1834,3-Q2,0,PSYCHOSOMATIC MEDICINE,PSYCHOSOM MED,0033-3174,,2.8,3.2,Q2,33/93,Q2,Q2,0.95,56.5,0.0,12146.0,PSYCHIATRY,PSYCHIATRY(JIF Q2/JCI Q2),LIPPINCOTT WILLIAMS & WILKINS,Wolters Kluwer/LWW,是,SCIE,混合为主,"订阅路线通常无APC；OA常见 USD 2,000-4,000；MEDICINE已拉黑",中,https://wkauthorservices.editage.com/open-access/,https://www.google.com/search?q=PSYCHOSOMATIC+MEDICINE+aims+scope+instructions+for+authors+APC
1835,3-Q2,0,Current Opinion in Allergy and Clinical Immunology,CURR OPIN ALLERGY CL,1528-4050,1473-6322,2.8,2.5,Q2,20/40,Q3,Q3,0.37,51.2,0.0,2905.0,ALLERGY; IMMUNOLOGY,ALLERGY(JIF Q2/JCI Q3) | IMMUNOLOGY(JIF Q3/JCI Q4),LIPPINCOTT WILLIAMS & WILKINS,Wolters Kluwer/LWW,是,SCIE,混合为主,"订阅路线通常无APC；OA常见 USD 2,000-4,000；MEDICINE已拉黑",中,https://wkauthorservices.editage.com/open-access/,https://www.google.com/search?q=Current+Opinion+in+Allergy+and+Clinical+Immunology+aims+scope+instructions+for+authors+APC
1836,3-Q2,0,Substance Abuse,SUBST ABUS,0889-7077,1547-0164,2.7,2.9,Q2,23/61,Q3,Q3,0.75,63.1,0.0,2462.0,SUBSTANCE ABUSE,SUBSTANCE ABUSE(JIF Q2/JCI Q3),SAGE PUBLICATIONS INC,SAGE,是,"SCIE, SSCI",混合为主,"订阅路线通常无APC；SAGE Choice常见 USD 2,000-4,000",中,https://us.sagepub.com/en-us/nam/sage-choice,https://www.google.com/search?q=Substance+Abuse+aims+scope+instructions+for+authors+APC
1837,3-Q2,0,Current Opinion in Organ Transplantation,CURR OPIN ORGAN TRAN,1087-2418,1531-7013,2.5,2.1,Q2,12/30,Q3,Q3,0.62,61.7,0.0,1982.0,TRANSPLANTATION,TRANSPLANTATION(JIF Q2/JCI Q3),LIPPINCOTT WILLIAMS & WILKINS,Wolters Kluwer/LWW,是,SCIE,混合为主,"订阅路线通常无APC；OA常见 USD 2,000-4,000；MEDICINE已拉黑",中,https://wkauthorservices.editage.com/open-access/,https://www.google.com/search?q=Current+Opinion+in+Organ+Transplantation+aims+scope+instructions+for+authors+APC
1838,3-Q2,0,Current Tropical Medicine Reports,CURR TROP MED REP,,2196-3045,2.4,3.9,Q2,19/47,Q3,Q3,0.56,60.6,0.0,815.0,INFECTIOUS DISEASES; PARASITOLOGY; TROPICAL MEDICINE,INFECTIOUS DISEASES(JIF Q3/JCI Q3) | PARASITOLOGY(JIF Q2/JCI Q3) | TROPICAL MEDICINE(JIF Q2/JCI Q3),SPRINGER,Springer,否,ESCI,混合为主,"订阅路线通常无APC；选OA约 USD 2,790-4,290",中,https://www.springer.com/gp/open-access,https://www.google.com/search?q=Current+Tropical+Medicine+Reports+aims+scope+instructions+for+authors+APC
1839,3-Q2,0,Seminars in Pediatric Neurology,SEMIN PEDIATR NEUROL,1071-9091,1558-0776,2.3,3.1,Q2,55/190,Q3,Q3,0.47,71.3,0.0,1583.0,CLINICAL NEUROLOGY; PEDIATRICS,CLINICAL NEUROLOGY(JIF Q3/JCI Q3) | PEDIATRICS(JIF Q2/JCI Q3),W B SAUNDERS CO-ELSEVIER INC,Elsevier,是,SCIE,混合为主,"订阅路线通常无APC；Gold OA常见 USD 2,200-4,200",中,https://www.elsevier.com/open-access/agreements,https://www.google.com/search?q=Seminars+in+Pediatric+Neurology+aims+scope+instructions+for+authors+APC
1840,3-Q2,0,CURRENT OPINION IN UROLOGY,CURR OPIN UROL,0963-0643,1473-6586,2.3,2.1,Q2,61/134,Q3,Q3,0.43,54.9,0.0,2336.0,UROLOGY & NEPHROLOGY,UROLOGY & NEPHROLOGY(JIF Q2/JCI Q3),LIPPINCOTT WILLIAMS & WILKINS,Wolters Kluwer/LWW,是,SCIE,混合为主,"订阅路线通常无APC；OA常见 USD 2,000-4,000；MEDICINE已拉黑",中,https://wkauthorservices.editage.com/open-access/,https://www.google.com/search?q=CURRENT+OPINION+IN+UROLOGY+aims+scope+instructions+for+authors+APC
1841,3-Q2,0,JOURNAL OF THE INDIAN INSTITUTE OF SCIENCE,J INDIAN I SCI,0970-4140,0019-4964,2.3,2.8,Q2,57/140,Q3,Q3,0.27,59.6,0.0,1232.0,MULTIDISCIPLINARY SCIENCES,MULTIDISCIPLINARY SCIENCES(JIF Q2/JCI Q3),SPRINGER,Springer,是,SCIE,混合为主,"订阅路线通常无APC；选OA约 USD 2,790-4,290",中,https://www.springer.com/gp/open-access,https://www.google.com/search?q=JOURNAL+OF+THE+INDIAN+INSTITUTE+OF+SCIENCE+aims+scope+instructions+for+authors+APC
1842,3-Q2,0,Clinical Pathology,CLIN PATHOL,2632-010X,2632-010X,2.2,1.5,Q2,44/89,Q2,Q2,0.78,51.1,0.0,212.0,PATHOLOGY,PATHOLOGY(JIF Q2/JCI Q2),SAGE PUBLICATIONS LTD,SAGE,否,ESCI,混合为主,"订阅路线通常无APC；SAGE Choice常见 USD 2,000-4,000",中,https://us.sagepub.com/en-us/nam/sage-choice,https://www.google.com/search?q=Clinical+Pathology+aims+scope+instructions+for+authors+APC
1843,3-Q2,0,International Journal of Cognitive Therapy,INT J COGN THER,1937-1209,1937-1217,2.2,2.8,Q2,83/184,Q3,Q3,0.59,55.2,0.0,1284.0,"PSYCHIATRY; PSYCHOLOGY, CLINICAL","PSYCHIATRY(JIF Q3/JCI Q3) | PSYCHOLOGY, CLINICAL(JIF Q2/JCI Q3)",SPRINGER INT PUBL AG,Springer,否,SSCI,混合为主,"订阅路线通常无APC；选OA约 USD 2,790-4,290",中,https://www.springer.com/gp/open-access,https://www.google.com/search?q=International+Journal+of+Cognitive+Therapy+aims+scope+instructions+for+authors+APC
1844,3-Q2,0,Current Pediatrics Reports,CURR PEDIATR REP,,2167-4841,1.8,2.4,Q2,90/190,Q1,Q1,0.98,52.9,0.0,395.0,PEDIATRICS,PEDIATRICS(JIF Q2/JCI Q1),SPRINGERNATURE,Springer Nature,否,ESCI,混合/全OA,"全OA约 USD 2,090-3,490；Nature系更高；Scientific Reports已拉黑",中高,https://www.springernature.com/gp/open-research/journals-books/journals,https://www.google.com/search?q=Current+Pediatrics+Reports+aims+scope+instructions+for+authors+APC
