序号,分层,易投指数0-5,期刊全称,ISO缩写,ISSN,eISSN,2025 JIF,5年JIF,最佳JIF分区,JIF排名(主表),最佳JCI分区,主表JCI分区,JCI,最高JIF百分位,年发文量,总被引,医学相关学科,学科及分区明细,出版商,出版商分组,是否SCIE,Web of Science版本,常见OA模式,版面费参考(须官网核实),OA付费可能性,版面费查询入口,AIM作者须知检索
1,1-Q1且IF大于10,5,Nature Communications,NAT COMMUN,,2041-1723,18.1,18.9,Q1,8/140,Q1,Q1,3.47,94.6,12045.0,1166083.0,MULTIDISCIPLINARY SCIENCES,MULTIDISCIPLINARY SCIENCES(JIF Q1/JCI Q1),NATURE PORTFOLIO,Springer Nature,是,SCIE,混合/全OA,"全OA约 USD 2,090-3,490；Nature系更高；Scientific Reports已拉黑",中高,https://www.springernature.com/gp/open-research/journals-books/journals,https://www.google.com/search?q=Nature+Communications+aims+scope+instructions+for+authors+APC
2,1-Q1且IF大于10,5,Food Chemistry,FOOD CHEM,0308-8146,1873-7072,10.4,10.5,Q1,6/114,Q1,Q1,1.82,95.2,4189.0,289311.0,NUTRITION & DIETETICS,NUTRITION & DIETETICS(JIF Q1/JCI Q1),ELSEVIER SCI LTD,Elsevier,是,SCIE,混合为主,"订阅路线通常无APC；Gold OA常见 USD 2,200-4,200",中,https://www.elsevier.com/open-access/agreements,https://www.google.com/search?q=Food+Chemistry+aims+scope+instructions+for+authors+APC
3,1-Q1且IF大于10,5,Science Advances,SCI ADV,,2375-2548,13.9,14.8,Q1,12/140,Q1,Q1,2.79,91.8,3057.0,226461.0,MULTIDISCIPLINARY SCIENCES,MULTIDISCIPLINARY SCIENCES(JIF Q1/JCI Q1),AMER ASSOC ADVANCEMENT SCIENCE,其他,是,SCIE,需核实,请查期刊官网 Author / Open Access 页面,未知,,https://www.google.com/search?q=Science+Advances+aims+scope+instructions+for+authors+APC
4,1-Q1且IF大于10,5,JAMA Network Open,JAMA NETW OPEN,2574-3805,2574-3805,11.7,11.7,Q1,12/336,Q1,Q1,3.13,96.6,1649.0,100474.0,"MEDICINE, GENERAL & INTERNAL","MEDICINE, GENERAL & INTERNAL(JIF Q1/JCI Q1)",AMER MEDICAL ASSOC,其他,是,SCIE,需核实,请查期刊官网 Author / Open Access 页面,未知,,https://www.google.com/search?q=JAMA+Network+Open+aims+scope+instructions+for+authors+APC
5,1-Q1且IF大于10,5,JOURNAL OF NANOBIOTECHNOLOGY,J NANOBIOTECHNOL,,1477-3155,15.0,14.7,Q1,5/180,Q1,Q1,1.98,97.5,705.0,44212.0,BIOTECHNOLOGY & APPLIED MICROBIOLOGY,BIOTECHNOLOGY & APPLIED MICROBIOLOGY(JIF Q1/JCI Q1),BMC,BMC,是,SCIE,全OA,"约 USD 1,990-2,890（旗舰刊更高）",高,https://www.biomedcentral.com/getpublished/article-processing-charges,https://www.google.com/search?q=JOURNAL+OF+NANOBIOTECHNOLOGY+aims+scope+instructions+for+authors+APC
6,1-Q1且IF大于10,5,Journal for ImmunoTherapy of Cancer,J IMMUNOTHER CANCER,,2051-1426,11.7,12.3,Q1,9/183,Q1,Q1,2.28,95.4,558.0,38924.0,IMMUNOLOGY; ONCOLOGY,IMMUNOLOGY(JIF Q1/JCI Q1) | ONCOLOGY(JIF Q1/JCI Q1),BMJ PUBLISHING GROUP,BMJ,是,SCIE,混合/全OA,"BMJ Open约GBP 2,175；旗舰刊更高",高,https://authors.bmj.com/open-access/,https://www.google.com/search?q=Journal+for+ImmunoTherapy+of+Cancer+aims+scope+instructions+for+authors+APC
7,1-Q1且IF大于10,4,NUCLEIC ACIDS RESEARCH,NUCLEIC ACIDS RES,0305-1048,1362-4962,15.0,17.6,Q1,14/328,Q1,Q1,3.06,95.9,1375.0,318538.0,BIOCHEMISTRY & MOLECULAR BIOLOGY,BIOCHEMISTRY & MOLECULAR BIOLOGY(JIF Q1/JCI Q1),OXFORD UNIV PRESS,Oxford UP,是,SCIE,混合为主,订阅路线通常无APC；可选OA，费用因刊而异,中,https://academic.oup.com/pages/open-research/open-access,https://www.google.com/search?q=NUCLEIC+ACIDS+RESEARCH+aims+scope+instructions+for+authors+APC
8,1-Q1且IF大于10,4,NATURE,NATURE,0028-0836,1476-4687,56.1,56.7,Q1,1/140,Q1,Q1,10.84,99.6,1328.0,1053832.0,MULTIDISCIPLINARY SCIENCES,MULTIDISCIPLINARY SCIENCES(JIF Q1/JCI Q1),NATURE PORTFOLIO,Springer Nature,是,SCIE,混合/全OA,"全OA约 USD 2,090-3,490；Nature系更高；Scientific Reports已拉黑",中高,https://www.springernature.com/gp/open-research/journals-books/journals,https://www.google.com/search?q=NATURE+aims+scope+instructions+for+authors+APC
9,1-Q1且IF大于10,4,PHYTOMEDICINE,PHYTOMEDICINE,0944-7113,1618-095X,11.3,10.4,Q1,1/48,Q1,Q1,2.39,99.0,1303.0,45792.0,"CHEMISTRY, MEDICINAL; INTEGRATIVE & COMPLEMENTARY MEDICINE; PHARMACOLOGY & PHARMACY","CHEMISTRY, MEDICINAL(JIF Q1/JCI Q1) | INTEGRATIVE & COMPLEMENTARY MEDICINE(JIF Q1/JCI Q1) | PHARMACOLOGY & PHARMACY(JIF Q1/JCI Q1)",ELSEVIER GMBH,Elsevier,是,SCIE,混合为主,"订阅路线通常无APC；Gold OA常见 USD 2,200-4,200",中,https://www.elsevier.com/open-access/agreements,https://www.google.com/search?q=PHYTOMEDICINE+aims+scope+instructions+for+authors+APC
10,1-Q1且IF大于10,4,Materials Today Bio,MATER TODAY BIO,2590-0064,2590-0064,11.0,11.4,Q1,12/130,Q1,Q1,1.83,91.2,1199.0,18290.0,"ENGINEERING, BIOMEDICAL; MATERIALS SCIENCE, BIOMATERIALS","ENGINEERING, BIOMEDICAL(JIF Q1/JCI Q1) | MATERIALS SCIENCE, BIOMATERIALS(JIF Q1/JCI Q1)",ELSEVIER,Elsevier,是,SCIE,混合为主,"订阅路线通常无APC；Gold OA常见 USD 2,200-4,200",中,https://www.elsevier.com/open-access/agreements,https://www.google.com/search?q=Materials+Today+Bio+aims+scope+instructions+for+authors+APC
11,1-Q1且IF大于10,4,Advanced Healthcare Materials,ADV HEALTHC MATER,2192-2640,2192-2659,11.0,11.4,Q1,12/130,Q1,Q1,1.39,91.2,1116.0,58168.0,"ENGINEERING, BIOMEDICAL; MATERIALS SCIENCE, BIOMATERIALS","ENGINEERING, BIOMEDICAL(JIF Q1/JCI Q1) | MATERIALS SCIENCE, BIOMATERIALS(JIF Q1/JCI Q1)",WILEY-V C H VERLAG GMBH,Wiley,是,SCIE,混合为主,"订阅路线通常无APC；OnlineOpen常见 USD 3,200-4,700",中,https://authorservices.wiley.com/author-resources/Journal-Authors/open-access/article-publication-charges.html,https://www.google.com/search?q=Advanced+Healthcare+Materials+aims+scope+instructions+for+authors+APC
12,1-Q1且IF大于10,4,BIOSENSORS & BIOELECTRONICS,BIOSENS BIOELECTRON,0956-5663,1873-4235,11.8,11.1,Q1,2/81,Q1,Q1,2.19,95.3,1011.0,85537.0,BIOTECHNOLOGY & APPLIED MICROBIOLOGY,BIOTECHNOLOGY & APPLIED MICROBIOLOGY(JIF Q1/JCI Q1),ELSEVIER ADVANCED TECHNOLOGY,Elsevier,是,SCIE,混合为主,"订阅路线通常无APC；Gold OA常见 USD 2,200-4,200",中,https://www.elsevier.com/open-access/agreements,https://www.google.com/search?q=BIOSENSORS+&+BIOELECTRONICS+aims+scope+instructions+for+authors+APC
13,1-Q1且IF大于10,4,Alzheimers & Dementia,ALZHEIMERS DEMENT,1552-5260,1552-5279,12.8,14.3,Q1,5/296,Q1,Q1,3.27,98.5,963.0,47030.0,CLINICAL NEUROLOGY,CLINICAL NEUROLOGY(JIF Q1/JCI Q1),WILEY,Wiley,是,SCIE,混合为主,"订阅路线通常无APC；OnlineOpen常见 USD 3,200-4,700",中,https://authorservices.wiley.com/author-resources/Journal-Authors/open-access/article-publication-charges.html,https://www.google.com/search?q=Alzheimers+&+Dementia+aims+scope+instructions+for+authors+APC
14,1-Q1且IF大于10,4,JOURNAL OF CONTROLLED RELEASE,J CONTROL RELEASE,0168-3659,1873-4995,12.4,13.1,Q1,12/356,Q1,Q1,2.25,96.8,929.0,85834.0,PHARMACOLOGY & PHARMACY,PHARMACOLOGY & PHARMACY(JIF Q1/JCI Q1),ELSEVIER,Elsevier,是,SCIE,混合为主,"订阅路线通常无APC；Gold OA常见 USD 2,200-4,200",中,https://www.elsevier.com/open-access/agreements,https://www.google.com/search?q=JOURNAL+OF+CONTROLLED+RELEASE+aims+scope+instructions+for+authors+APC
15,1-Q1且IF大于10,4,Cell Death & Disease,CELL DEATH DIS,2041-4889,2041-4889,12.2,11.4,Q1,27/207,Q1,Q1,1.43,87.2,856.0,85182.0,CELL BIOLOGY,CELL BIOLOGY(JIF Q1/JCI Q1),SPRINGERNATURE,Springer Nature,是,SCIE,混合/全OA,"全OA约 USD 2,090-3,490；Nature系更高；Scientific Reports已拉黑",中高,https://www.springernature.com/gp/open-research/journals-books/journals,https://www.google.com/search?q=Cell+Death+&+Disease+aims+scope+instructions+for+authors+APC
16,1-Q1且IF大于10,4,SCIENCE,SCIENCE,0036-8075,1095-9203,47.3,51.6,Q1,3/140,Q1,Q1,8.74,98.2,772.0,831162.0,MULTIDISCIPLINARY SCIENCES,MULTIDISCIPLINARY SCIENCES(JIF Q1/JCI Q1),AMER ASSOC ADVANCEMENT SCIENCE,其他,是,SCIE,需核实,请查期刊官网 Author / Open Access 页面,未知,,https://www.google.com/search?q=SCIENCE+aims+scope+instructions+for+authors+APC
17,1-Q1且IF大于10,4,BIOMATERIALS,BIOMATERIALS,0142-9612,1878-5905,13.6,14.0,Q1,8/130,Q1,Q1,2.34,94.2,726.0,110718.0,"ENGINEERING, BIOMEDICAL; MATERIALS SCIENCE, BIOMATERIALS","ENGINEERING, BIOMEDICAL(JIF Q1/JCI Q1) | MATERIALS SCIENCE, BIOMATERIALS(JIF Q1/JCI Q1)",ELSEVIER SCI LTD,Elsevier,是,SCIE,混合为主,"订阅路线通常无APC；Gold OA常见 USD 2,200-4,200",中,https://www.elsevier.com/open-access/agreements,https://www.google.com/search?q=BIOMATERIALS+aims+scope+instructions+for+authors+APC
18,1-Q1且IF大于10,4,npj Digital Medicine,NPJ DIGIT MED,2398-6352,2398-6352,18.0,19.7,Q1,1/194,Q1,Q1,3.72,99.7,713.0,25262.0,HEALTH CARE SCIENCES & SERVICES; MEDICAL INFORMATICS,HEALTH CARE SCIENCES & SERVICES(JIF Q1/JCI Q1) | MEDICAL INFORMATICS(JIF Q1/JCI Q1),NATURE PORTFOLIO,Springer Nature,是,SCIE,混合/全OA,"全OA约 USD 2,090-3,490；Nature系更高；Scientific Reports已拉黑",中高,https://www.springernature.com/gp/open-research/journals-books/journals,https://www.google.com/search?q=npj+Digital+Medicine+aims+scope+instructions+for+authors+APC
19,1-Q1且IF大于10,4,Acta Biomaterialia,ACTA BIOMATER,1742-7061,1878-7568,10.4,11.0,Q1,14/130,Q1,Q1,1.68,89.6,605.0,71730.0,"ENGINEERING, BIOMEDICAL; MATERIALS SCIENCE, BIOMATERIALS","ENGINEERING, BIOMEDICAL(JIF Q1/JCI Q1) | MATERIALS SCIENCE, BIOMATERIALS(JIF Q1/JCI Q1)",ELSEVIER SCI LTD,Elsevier,是,SCIE,混合为主,"订阅路线通常无APC；Gold OA常见 USD 2,200-4,200",中,https://www.elsevier.com/open-access/agreements,https://www.google.com/search?q=Acta+Biomaterialia+aims+scope+instructions+for+authors+APC
20,1-Q1且IF大于10,4,JOURNAL OF CLINICAL INVESTIGATION,J CLIN INVEST,0021-9738,1558-8238,14.3,15.0,Q1,10/191,Q1,Q1,2.93,95.0,514.0,120571.0,"MEDICINE, RESEARCH & EXPERIMENTAL","MEDICINE, RESEARCH & EXPERIMENTAL(JIF Q1/JCI Q1)",AMER SOC CLINICAL INVESTIGATION INC,其他,是,SCIE,需核实,请查期刊官网 Author / Open Access 页面,未知,,https://www.google.com/search?q=JOURNAL+OF+CLINICAL+INVESTIGATION+aims+scope+instructions+for+authors+APC
21,1-Q1且IF大于10,4,EClinicalMedicine,ECLINICALMEDICINE,,2589-5370,12.8,11.8,Q1,10/336,Q1,Q1,3.07,97.2,513.0,28691.0,"MEDICINE, GENERAL & INTERNAL","MEDICINE, GENERAL & INTERNAL(JIF Q1/JCI Q1)",ELSEVIER,Elsevier,是,SCIE,混合为主,"订阅路线通常无APC；Gold OA常见 USD 2,200-4,200",中,https://www.elsevier.com/open-access/agreements,https://www.google.com/search?q=EClinicalMedicine+aims+scope+instructions+for+authors+APC
22,1-Q1且IF大于10,4,Cell Communication and Signaling,CELL COMMUN SIGNAL,,1478-811X,11.6,11.7,Q1,29/207,Q1,Q1,1.12,86.2,475.0,21707.0,CELL BIOLOGY,CELL BIOLOGY(JIF Q1/JCI Q1),BMC,BMC,是,SCIE,全OA,"约 USD 1,990-2,890（旗舰刊更高）",高,https://www.biomedcentral.com/getpublished/article-processing-charges,https://www.google.com/search?q=Cell+Communication+and+Signaling+aims+scope+instructions+for+authors+APC
23,1-Q1且IF大于10,4,Cardiovascular Diabetology,CARDIOVASC DIABETOL,,1475-2840,15.6,13.6,Q1,7/237,Q1,Q1,3.17,97.3,426.0,28480.0,CARDIAC & CARDIOVASCULAR SYSTEMS; ENDOCRINOLOGY & METABOLISM,CARDIAC & CARDIOVASCULAR SYSTEMS(JIF Q1/JCI Q1) | ENDOCRINOLOGY & METABOLISM(JIF Q1/JCI Q1),BMC,BMC,是,SCIE,全OA,"约 USD 1,990-2,890（旗舰刊更高）",高,https://www.biomedcentral.com/getpublished/article-processing-charges,https://www.google.com/search?q=Cardiovascular+Diabetology+aims+scope+instructions+for+authors+APC
24,1-Q1且IF大于10,4,Journal of Neuroinflammation,J NEUROINFLAMM,,1742-2094,11.5,12.9,Q1,13/330,Q1,Q1,2.4,96.2,299.0,37393.0,IMMUNOLOGY; NEUROSCIENCES,IMMUNOLOGY(JIF Q1/JCI Q1) | NEUROSCIENCES(JIF Q1/JCI Q1),BMC,BMC,是,SCIE,全OA,"约 USD 1,990-2,890（旗舰刊更高）",高,https://www.biomedcentral.com/getpublished/article-processing-charges,https://www.google.com/search?q=Journal+of+Neuroinflammation+aims+scope+instructions+for+authors+APC
25,1-Q1且IF大于10,4,CRITICAL CARE,CRIT CARE,1364-8535,1466-609X,11.4,11.0,Q1,4/66,Q1,Q1,2.18,94.7,282.0,42427.0,CRITICAL CARE MEDICINE,CRITICAL CARE MEDICINE(JIF Q1/JCI Q1),BMC,BMC,是,SCIE,全OA,"约 USD 1,990-2,890（旗舰刊更高）",高,https://www.biomedcentral.com/getpublished/article-processing-charges,https://www.google.com/search?q=CRITICAL+CARE+aims+scope+instructions+for+authors+APC
26,1-Q1且IF大于10,4,Microbiome,MICROBIOME,2049-2618,2049-2618,14.9,18.5,Q1,10/167,Q1,Q1,3.48,94.3,277.0,35895.0,MICROBIOLOGY,MICROBIOLOGY(JIF Q1/JCI Q1),BMC,BMC,是,SCIE,全OA,"约 USD 1,990-2,890（旗舰刊更高）",高,https://www.biomedcentral.com/getpublished/article-processing-charges,https://www.google.com/search?q=Microbiome+aims+scope+instructions+for+authors+APC
27,1-Q1且IF大于10,4,JOURNAL OF EXPERIMENTAL & CLINICAL CANCER RESEARCH,J EXP CLIN CANC RES,,1756-9966,14.3,14.3,Q1,23/333,Q1,Q1,2.72,93.2,270.0,33576.0,ONCOLOGY,ONCOLOGY(JIF Q1/JCI Q1),BMC,BMC,是,SCIE,全OA,"约 USD 1,990-2,890（旗舰刊更高）",高,https://www.biomedcentral.com/getpublished/article-processing-charges,https://www.google.com/search?q=JOURNAL+OF+EXPERIMENTAL+&+CLINICAL+CANCER+RESEARCH+aims+scope+instructions+for+authors+APC
28,1-Q1且IF大于10,3,Journal of Advanced Research,J ADV RES,2090-1232,2090-1224,17.1,14.8,Q1,11/140,Q1,Q1,3.3,92.5,486.0,21564.0,MULTIDISCIPLINARY SCIENCES,MULTIDISCIPLINARY SCIENCES(JIF Q1/JCI Q1),ELSEVIER,Elsevier,是,SCIE,混合为主,"订阅路线通常无APC；Gold OA常见 USD 2,200-4,200",中,https://www.elsevier.com/open-access/agreements,https://www.google.com/search?q=Journal+of+Advanced+Research+aims+scope+instructions+for+authors+APC
29,1-Q1且IF大于10,3,Cell Death Discovery,CELL DEATH DISCOV,,2058-7716,10.4,9.3,Q1,30/207,Q1,Q1,1.08,85.7,465.0,21208.0,CELL BIOLOGY,CELL BIOLOGY(JIF Q1/JCI Q1),SPRINGERNATURE,Springer Nature,是,SCIE,混合/全OA,"全OA约 USD 2,090-3,490；Nature系更高；Scientific Reports已拉黑",中高,https://www.springernature.com/gp/open-research/journals-books/journals,https://www.google.com/search?q=Cell+Death+Discovery+aims+scope+instructions+for+authors+APC
30,1-Q1且IF大于10,3,Redox Biology,REDOX BIOL,2213-2317,2213-2317,16.2,15.9,Q1,11/328,Q1,Q1,2.9,96.8,460.0,46483.0,BIOCHEMISTRY & MOLECULAR BIOLOGY,BIOCHEMISTRY & MOLECULAR BIOLOGY(JIF Q1/JCI Q1),ELSEVIER,Elsevier,是,SCIE,混合为主,"订阅路线通常无APC；Gold OA常见 USD 2,200-4,200",中,https://www.elsevier.com/open-access/agreements,https://www.google.com/search?q=Redox+Biology+aims+scope+instructions+for+authors+APC
31,1-Q1且IF大于10,3,BLOOD,BLOOD,0006-4971,1528-0020,23.9,20.0,Q1,2/103,Q1,Q1,3.7,98.5,450.0,168805.0,HEMATOLOGY,HEMATOLOGY(JIF Q1/JCI Q1),ELSEVIER,Elsevier,是,SCIE,混合为主,"订阅路线通常无APC；Gold OA常见 USD 2,200-4,200",中,https://www.elsevier.com/open-access/agreements,https://www.google.com/search?q=BLOOD+aims+scope+instructions+for+authors+APC
32,1-Q1且IF大于10,3,Bioactive Materials,BIOACT MATER,,2452-199X,23.6,22.2,Q1,3/130,Q1,Q1,3.92,98.1,448.0,43995.0,"ENGINEERING, BIOMEDICAL; MATERIALS SCIENCE, BIOMATERIALS","ENGINEERING, BIOMEDICAL(JIF Q1/JCI Q1) | MATERIALS SCIENCE, BIOMATERIALS(JIF Q1/JCI Q1)",KEAI PUBLISHING LTD,其他,是,SCIE,需核实,请查期刊官网 Author / Open Access 页面,未知,,https://www.google.com/search?q=Bioactive+Materials+aims+scope+instructions+for+authors+APC
33,1-Q1且IF大于10,3,PLANT BIOTECHNOLOGY JOURNAL,PLANT BIOTECHNOL J,1467-7644,1467-7652,12.8,14.7,Q1,8/285,Q1,Q1,2.29,96.4,438.0,25693.0,BIOTECHNOLOGY & APPLIED MICROBIOLOGY,BIOTECHNOLOGY & APPLIED MICROBIOLOGY(JIF Q1/JCI Q1),WILEY,Wiley,是,SCIE,混合为主,"订阅路线通常无APC；OnlineOpen常见 USD 3,200-4,700",中,https://authorservices.wiley.com/author-resources/Journal-Authors/open-access/article-publication-charges.html,https://www.google.com/search?q=PLANT+BIOTECHNOLOGY+JOURNAL+aims+scope+instructions+for+authors+APC
34,1-Q1且IF大于10,3,EBioMedicine,EBIOMEDICINE,2352-3964,2352-3964,11.2,11.1,Q1,19/191,Q1,Q1,2.43,90.3,426.0,38337.0,"MEDICINE, RESEARCH & EXPERIMENTAL","MEDICINE, RESEARCH & EXPERIMENTAL(JIF Q1/JCI Q1)",ELSEVIER,Elsevier,是,SCIE,混合为主,"订阅路线通常无APC；Gold OA常见 USD 2,200-4,200",中,https://www.elsevier.com/open-access/agreements,https://www.google.com/search?q=EBioMedicine+aims+scope+instructions+for+authors+APC
35,1-Q1且IF大于10,3,MOLECULAR PSYCHIATRY,MOL PSYCHIATR,1359-4184,1476-5578,10.4,12.2,Q1,5/293,Q1,Q1,2.08,98.5,423.0,45718.0,BIOCHEMISTRY & MOLECULAR BIOLOGY; NEUROSCIENCES; PSYCHIATRY,BIOCHEMISTRY & MOLECULAR BIOLOGY(JIF Q1/JCI Q1) | NEUROSCIENCES(JIF Q1/JCI Q1) | PSYCHIATRY(JIF Q1/JCI Q1),SPRINGERNATURE,Springer Nature,是,SCIE,混合/全OA,"全OA约 USD 2,090-3,490；Nature系更高；Scientific Reports已拉黑",中高,https://www.springernature.com/gp/open-research/journals-books/journals,https://www.google.com/search?q=MOLECULAR+PSYCHIATRY+aims+scope+instructions+for+authors+APC
36,1-Q1且IF大于10,3,CELL,CELL,0092-8674,1097-4172,45.1,50.7,Q1,3/328,Q1,Q1,6.92,99.2,421.0,329596.0,BIOCHEMISTRY & MOLECULAR BIOLOGY; CELL BIOLOGY,BIOCHEMISTRY & MOLECULAR BIOLOGY(JIF Q1/JCI Q1) | CELL BIOLOGY(JIF Q1/JCI Q1),CELL PRESS,其他,是,SCIE,需核实,请查期刊官网 Author / Open Access 页面,未知,,https://www.google.com/search?q=CELL+aims+scope+instructions+for+authors+APC
37,1-Q1且IF大于10,3,Theranostics,THERANOSTICS,1838-7640,1838-7640,14.9,15.4,Q1,6/191,Q1,Q1,2.87,97.1,414.0,56535.0,"MEDICINE, RESEARCH & EXPERIMENTAL","MEDICINE, RESEARCH & EXPERIMENTAL(JIF Q1/JCI Q1)",IVYSPRING INT PUBL,其他,是,SCIE,需核实,请查期刊官网 Author / Open Access 页面,未知,,https://www.google.com/search?q=Theranostics+aims+scope+instructions+for+authors+APC
38,1-Q1且IF大于10,3,IEEE TRANSACTIONS ON MEDICAL IMAGING,IEEE T MED IMAGING,0278-0062,1558-254X,12.4,12.3,Q1,6/217,Q1,Q1,2.4,97.5,411.0,43138.0,"ENGINEERING, BIOMEDICAL; RADIOLOGY, NUCLEAR MEDICINE & MEDICAL IMAGING","ENGINEERING, BIOMEDICAL(JIF Q1/JCI Q1) | RADIOLOGY, NUCLEAR MEDICINE & MEDICAL IMAGING(JIF Q1/JCI Q1)",IEEE-INST ELECTRICAL ELECTRONICS ENGINEERS INC,IEEE,是,SCIE,混合/OA,因刊而异,中,https://open.ieee.org/,https://www.google.com/search?q=IEEE+TRANSACTIONS+ON+MEDICAL+IMAGING+aims+scope+instructions+for+authors+APC
39,1-Q1且IF大于10,3,CANCER LETTERS,CANCER LETT,0304-3835,1872-7980,11.8,10.8,Q1,29/333,Q1,Q1,2.36,91.4,409.0,47703.0,ONCOLOGY,ONCOLOGY(JIF Q1/JCI Q1),ELSEVIER IRELAND LTD,Elsevier,是,SCIE,混合为主,"订阅路线通常无APC；Gold OA常见 USD 2,200-4,200",中,https://www.elsevier.com/open-access/agreements,https://www.google.com/search?q=CANCER+LETTERS+aims+scope+instructions+for+authors+APC
40,1-Q1且IF大于10,3,CLINICAL CANCER RESEARCH,CLIN CANCER RES,1078-0432,1557-3265,10.9,11.6,Q1,33/333,Q1,Q1,2.34,90.2,406.0,95186.0,ONCOLOGY,ONCOLOGY(JIF Q1/JCI Q1),AMER ASSOC CANCER RESEARCH,其他,是,SCIE,需核实,请查期刊官网 Author / Open Access 页面,未知,,https://www.google.com/search?q=CLINICAL+CANCER+RESEARCH+aims+scope+instructions+for+authors+APC
41,1-Q1且IF大于10,3,PHARMACOLOGICAL RESEARCH,PHARMACOL RES,1043-6618,1096-1186,12.2,11.8,Q1,13/356,Q1,Q1,2.82,96.5,394.0,43043.0,PHARMACOLOGY & PHARMACY,PHARMACOLOGY & PHARMACY(JIF Q1/JCI Q1),ACADEMIC PRESS LTD- ELSEVIER SCIENCE LTD,Elsevier,是,SCIE,混合为主,"订阅路线通常无APC；Gold OA常见 USD 2,200-4,200",中,https://www.elsevier.com/open-access/agreements,https://www.google.com/search?q=PHARMACOLOGICAL+RESEARCH+aims+scope+instructions+for+authors+APC
42,1-Q1且IF大于10,3,Cell Reports Medicine,CELL REP MED,2666-3791,2666-3791,14.0,13.0,Q1,12/191,Q1,Q1,2.33,94.0,389.0,15797.0,"CELL BIOLOGY; MEDICINE, RESEARCH & EXPERIMENTAL","CELL BIOLOGY(JIF Q1/JCI Q1) | MEDICINE, RESEARCH & EXPERIMENTAL(JIF Q1/JCI Q1)",CELL PRESS,其他,是,SCIE,需核实,请查期刊官网 Author / Open Access 页面,未知,,https://www.google.com/search?q=Cell+Reports+Medicine+aims+scope+instructions+for+authors+APC
43,1-Q1且IF大于10,3,MEDICAL IMAGE ANALYSIS,MED IMAGE ANAL,1361-8415,1361-8423,14.0,14.9,Q1,4/217,Q1,Q1,2.67,98.4,387.0,32042.0,"ENGINEERING, BIOMEDICAL; RADIOLOGY, NUCLEAR MEDICINE & MEDICAL IMAGING","ENGINEERING, BIOMEDICAL(JIF Q1/JCI Q1) | RADIOLOGY, NUCLEAR MEDICINE & MEDICAL IMAGING(JIF Q1/JCI Q1)",ELSEVIER,Elsevier,是,SCIE,混合为主,"订阅路线通常无APC；Gold OA常见 USD 2,200-4,200",中,https://www.elsevier.com/open-access/agreements,https://www.google.com/search?q=MEDICAL+IMAGE+ANALYSIS+aims+scope+instructions+for+authors+APC
44,1-Q1且IF大于10,3,NATURE MEDICINE,NAT MED,1078-8956,1546-170X,52.5,52.5,Q1,1/191,Q1,Q1,9.88,99.7,346.0,154284.0,"BIOCHEMISTRY & MOLECULAR BIOLOGY; CELL BIOLOGY; MEDICINE, RESEARCH & EXPERIMENTAL","BIOCHEMISTRY & MOLECULAR BIOLOGY(JIF Q1/JCI Q1) | CELL BIOLOGY(JIF Q1/JCI Q1) | MEDICINE, RESEARCH & EXPERIMENTAL(JIF Q1/JCI Q1)",NATURE PORTFOLIO,Springer Nature,是,SCIE,混合/全OA,"全OA约 USD 2,090-3,490；Nature系更高；Scientific Reports已拉黑",中高,https://www.springernature.com/gp/open-research/journals-books/journals,https://www.google.com/search?q=NATURE+MEDICINE+aims+scope+instructions+for+authors+APC
45,1-Q1且IF大于10,3,Research,RESEARCH-CHINA,2096-5168,2639-5274,12.9,11.2,Q1,13/140,Q1,Q1,2.01,91.1,342.0,12839.0,MULTIDISCIPLINARY SCIENCES,MULTIDISCIPLINARY SCIENCES(JIF Q1/JCI Q1),AMER ASSOC ADVANCEMENT SCIENCE,其他,是,SCIE,需核实,请查期刊官网 Author / Open Access 页面,未知,,https://www.google.com/search?q=Research+aims+scope+instructions+for+authors+APC
46,1-Q1且IF大于10,3,National Science Review,NATL SCI REV,2095-5138,2053-714X,18.1,18.2,Q1,8/140,Q1,Q1,2.74,94.6,336.0,25850.0,MULTIDISCIPLINARY SCIENCES,MULTIDISCIPLINARY SCIENCES(JIF Q1/JCI Q1),OXFORD UNIV PRESS,Oxford UP,是,SCIE,混合为主,订阅路线通常无APC；可选OA，费用因刊而异,中,https://academic.oup.com/pages/open-research/open-access,https://www.google.com/search?q=National+Science+Review+aims+scope+instructions+for+authors+APC
47,1-Q1且IF大于10,3,Gut Microbes,GUT MICROBES,1949-0976,1949-0984,15.3,16.7,Q1,9/167,Q1,Q1,2.8,94.9,312.0,29335.0,GASTROENTEROLOGY & HEPATOLOGY; MICROBIOLOGY,GASTROENTEROLOGY & HEPATOLOGY(JIF Q1/JCI Q1) | MICROBIOLOGY(JIF Q1/JCI Q1),TAYLOR & FRANCIS INC,Taylor & Francis,是,SCIE,混合为主,"订阅路线通常无APC；Open Select常见 USD 2,500-3,500",中,https://authorservices.taylorandfrancis.com/publishing-open-access/,https://www.google.com/search?q=Gut+Microbes+aims+scope+instructions+for+authors+APC
48,1-Q1且IF大于10,3,Science Translational Medicine,SCI TRANSL MED,1946-6234,1946-6242,15.6,16.8,Q1,5/191,Q1,Q1,3.13,97.6,310.0,58152.0,"CELL BIOLOGY; MEDICINE, RESEARCH & EXPERIMENTAL","CELL BIOLOGY(JIF Q1/JCI Q1) | MEDICINE, RESEARCH & EXPERIMENTAL(JIF Q1/JCI Q1)",AMER ASSOC ADVANCEMENT SCIENCE,其他,是,SCIE,需核实,请查期刊官网 Author / Open Access 页面,未知,,https://www.google.com/search?q=Science+Translational+Medicine+aims+scope+instructions+for+authors+APC
49,1-Q1且IF大于10,3,JOURNAL OF CLINICAL ONCOLOGY,J CLIN ONCOL,0732-183X,1527-7755,44.7,41.3,Q1,7/333,Q1,Q1,6.45,98.0,299.0,180692.0,ONCOLOGY,ONCOLOGY(JIF Q1/JCI Q1),LIPPINCOTT WILLIAMS & WILKINS,Wolters Kluwer/LWW,是,SCIE,混合为主,"订阅路线通常无APC；OA常见 USD 2,000-4,000；MEDICINE已拉黑",中,https://wkauthorservices.editage.com/open-access/,https://www.google.com/search?q=JOURNAL+OF+CLINICAL+ONCOLOGY+aims+scope+instructions+for+authors+APC
50,1-Q1且IF大于10,3,STROKE,STROKE,0039-2499,1524-4628,11.1,9.7,Q1,8/296,Q1,Q1,2.4,97.5,298.0,76353.0,CLINICAL NEUROLOGY; PERIPHERAL VASCULAR DISEASE,CLINICAL NEUROLOGY(JIF Q1/JCI Q1) | PERIPHERAL VASCULAR DISEASE(JIF Q1/JCI Q1),LIPPINCOTT WILLIAMS & WILKINS,Wolters Kluwer/LWW,是,SCIE,混合为主,"订阅路线通常无APC；OA常见 USD 2,000-4,000；MEDICINE已拉黑",中,https://wkauthorservices.editage.com/open-access/,https://www.google.com/search?q=STROKE+aims+scope+instructions+for+authors+APC
51,1-Q1且IF大于10,3,International Journal of Biological Sciences,INT J BIOL SCI,1449-2288,1449-2288,11.7,11.3,Q1,26/328,Q1,Q1,2.24,92.2,293.0,27120.0,BIOCHEMISTRY & MOLECULAR BIOLOGY,BIOCHEMISTRY & MOLECULAR BIOLOGY(JIF Q1/JCI Q1),IVYSPRING INT PUBL,其他,是,SCIE,需核实,请查期刊官网 Author / Open Access 页面,未知,,https://www.google.com/search?q=International+Journal+of+Biological+Sciences+aims+scope+instructions+for+authors+APC
52,1-Q1且IF大于10,3,MOLECULAR THERAPY,MOL THER,1525-0016,1525-0024,11.4,12.7,Q1,6/192,Q1,Q1,2.57,97.1,293.0,32897.0,"BIOTECHNOLOGY & APPLIED MICROBIOLOGY; GENETICS & HEREDITY; MEDICINE, RESEARCH & EXPERIMENTAL","BIOTECHNOLOGY & APPLIED MICROBIOLOGY(JIF Q1/JCI Q1) | GENETICS & HEREDITY(JIF Q1/JCI Q1) | MEDICINE, RESEARCH & EXPERIMENTAL(JIF Q1/JCI Q1)",CELL PRESS,其他,是,SCIE,需核实,请查期刊官网 Author / Open Access 页面,未知,,https://www.google.com/search?q=MOLECULAR+THERAPY+aims+scope+instructions+for+authors+APC
53,1-Q1且IF大于10,3,ESMO Open,ESMO OPEN,,2059-7029,10.6,8.8,Q1,34/333,Q1,Q1,1.61,89.9,291.0,10995.0,ONCOLOGY,ONCOLOGY(JIF Q1/JCI Q1),ELSEVIER,Elsevier,是,SCIE,混合为主,"订阅路线通常无APC；Gold OA常见 USD 2,200-4,200",中,https://www.elsevier.com/open-access/agreements,https://www.google.com/search?q=ESMO+Open+aims+scope+instructions+for+authors+APC
54,1-Q1且IF大于10,3,Acta Pharmaceutica Sinica B,ACTA PHARM SIN B,2211-3835,2211-3843,14.6,16.9,Q1,8/356,Q1,Q1,3.4,97.9,275.0,28576.0,PHARMACOLOGY & PHARMACY,PHARMACOLOGY & PHARMACY(JIF Q1/JCI Q1),"INST MATERIA MEDICA, CHINESE ACAD MEDICAL SCIENCES",其他,是,SCIE,需核实,请查期刊官网 Author / Open Access 页面,未知,,https://www.google.com/search?q=Acta+Pharmaceutica+Sinica+B+aims+scope+instructions+for+authors+APC
55,1-Q1且IF大于10,3,ISME Journal,ISME J,1751-7362,1751-7370,10.2,13.2,Q1,7/205,Q1,Q1,2.47,91.3,274.0,45940.0,MICROBIOLOGY,MICROBIOLOGY(JIF Q1/JCI Q1),OXFORD UNIV PRESS,Oxford UP,是,SCIE,混合为主,订阅路线通常无APC；可选OA，费用因刊而异,中,https://academic.oup.com/pages/open-research/open-access,https://www.google.com/search?q=ISME+Journal+aims+scope+instructions+for+authors+APC
56,1-Q1且IF大于10,3,CANCER RESEARCH,CANCER RES,0008-5472,1538-7445,22.6,15.7,Q1,16/333,Q1,Q1,2.61,95.3,272.0,119428.0,ONCOLOGY,ONCOLOGY(JIF Q1/JCI Q1),AMER ASSOC CANCER RESEARCH,其他,是,SCIE,需核实,请查期刊官网 Author / Open Access 页面,未知,,https://www.google.com/search?q=CANCER+RESEARCH+aims+scope+instructions+for+authors+APC
57,1-Q1且IF大于10,3,NEW ENGLAND JOURNAL OF MEDICINE,NEW ENGL J MED,0028-4793,1533-4406,84.5,86.6,Q1,2/336,Q1,Q1,20.92,99.6,266.0,414591.0,"MEDICINE, GENERAL & INTERNAL","MEDICINE, GENERAL & INTERNAL(JIF Q1/JCI Q1)",MASSACHUSETTS MEDICAL SOC,其他,是,SCIE,需核实,请查期刊官网 Author / Open Access 页面,未知,,https://www.google.com/search?q=NEW+ENGLAND+JOURNAL+OF+MEDICINE+aims+scope+instructions+for+authors+APC
58,1-Q1且IF大于10,3,ALLERGY,ALLERGY,0105-4538,1398-9995,11.3,11.7,Q1,3/40,Q1,Q1,2.08,93.8,266.0,27633.0,ALLERGY; IMMUNOLOGY,ALLERGY(JIF Q1/JCI Q1) | IMMUNOLOGY(JIF Q1/JCI Q1),WILEY,Wiley,是,SCIE,混合为主,"订阅路线通常无APC；OnlineOpen常见 USD 3,200-4,700",中,https://authorservices.wiley.com/author-resources/Journal-Authors/open-access/article-publication-charges.html,https://www.google.com/search?q=ALLERGY+aims+scope+instructions+for+authors+APC
59,1-Q1且IF大于10,3,Molecular Cell,MOL CELL,1097-2765,1097-4164,16.0,17.6,Q1,12/328,Q1,Q1,2.6,96.5,257.0,88599.0,BIOCHEMISTRY & MOLECULAR BIOLOGY; CELL BIOLOGY,BIOCHEMISTRY & MOLECULAR BIOLOGY(JIF Q1/JCI Q1) | CELL BIOLOGY(JIF Q1/JCI Q1),CELL PRESS,其他,是,SCIE,需核实,请查期刊官网 Author / Open Access 页面,未知,,https://www.google.com/search?q=Molecular+Cell+aims+scope+instructions+for+authors+APC
60,1-Q1且IF大于10,3,MedComm,MEDCOMM,,2688-2663,14.1,14.1,Q1,11/191,Q1,Q1,1.64,94.5,252.0,10178.0,"MEDICINE, RESEARCH & EXPERIMENTAL","MEDICINE, RESEARCH & EXPERIMENTAL(JIF Q1/JCI Q1)",WILEY,Wiley,否,ESCI,混合为主,"订阅路线通常无APC；OnlineOpen常见 USD 3,200-4,700",中,https://authorservices.wiley.com/author-resources/Journal-Authors/open-access/article-publication-charges.html,https://www.google.com/search?q=MedComm+aims+scope+instructions+for+authors+APC
61,1-Q1且IF大于10,3,NATURE GENETICS,NAT GENET,1061-4036,1546-1718,25.5,35.3,Q1,2/192,Q1,Q1,7.53,99.2,246.0,114115.0,GENETICS & HEREDITY,GENETICS & HEREDITY(JIF Q1/JCI Q1),NATURE PORTFOLIO,Springer Nature,是,SCIE,混合/全OA,"全OA约 USD 2,090-3,490；Nature系更高；Scientific Reports已拉黑",中高,https://www.springernature.com/gp/open-research/journals-books/journals,https://www.google.com/search?q=NATURE+GENETICS+aims+scope+instructions+for+authors+APC
62,1-Q1且IF大于10,3,JOURNAL OF ALLERGY AND CLINICAL IMMUNOLOGY,J ALLERGY CLIN IMMUN,0091-6749,1097-6825,11.7,11.6,Q1,1/40,Q1,Q1,2.32,98.8,245.0,57333.0,ALLERGY; IMMUNOLOGY,ALLERGY(JIF Q1/JCI Q1) | IMMUNOLOGY(JIF Q1/JCI Q1),MOSBY-ELSEVIER,Elsevier,是,SCIE,混合为主,"订阅路线通常无APC；Gold OA常见 USD 2,200-4,200",中,https://www.elsevier.com/open-access/agreements,https://www.google.com/search?q=JOURNAL+OF+ALLERGY+AND+CLINICAL+IMMUNOLOGY+aims+scope+instructions+for+authors+APC
63,1-Q1且IF大于10,3,BRAIN,BRAIN,0006-8950,1460-2156,12.6,13.9,Q1,6/296,Q1,Q1,3.29,98.1,243.0,68603.0,CLINICAL NEUROLOGY; NEUROSCIENCES,CLINICAL NEUROLOGY(JIF Q1/JCI Q1) | NEUROSCIENCES(JIF Q1/JCI Q1),OXFORD UNIV PRESS,Oxford UP,是,SCIE,混合为主,订阅路线通常无APC；可选OA，费用因刊而异,中,https://academic.oup.com/pages/open-research/open-access,https://www.google.com/search?q=BRAIN+aims+scope+instructions+for+authors+APC
64,1-Q1且IF大于10,3,EUROPEAN HEART JOURNAL,EUR HEART J,0195-668X,1522-9645,45.3,42.2,Q1,2/237,Q1,Q1,7.96,99.4,240.0,104376.0,CARDIAC & CARDIOVASCULAR SYSTEMS,CARDIAC & CARDIOVASCULAR SYSTEMS(JIF Q1/JCI Q1),OXFORD UNIV PRESS,Oxford UP,是,SCIE,混合为主,订阅路线通常无APC；可选OA，费用因刊而异,中,https://academic.oup.com/pages/open-research/open-access,https://www.google.com/search?q=EUROPEAN+HEART+JOURNAL+aims+scope+instructions+for+authors+APC
65,1-Q1且IF大于10,3,Signal Transduction and Targeted Therapy,SIGNAL TRANSDUCT TAR,2095-9907,2059-3635,81.2,74.6,Q1,1/328,Q1,Q1,6.13,99.8,238.0,88969.0,BIOCHEMISTRY & MOLECULAR BIOLOGY; CELL BIOLOGY,BIOCHEMISTRY & MOLECULAR BIOLOGY(JIF Q1/JCI Q1) | CELL BIOLOGY(JIF Q1/JCI Q1),SPRINGERNATURE,Springer Nature,是,SCIE,混合/全OA,"全OA约 USD 2,090-3,490；Nature系更高；Scientific Reports已拉黑",中高,https://www.springernature.com/gp/open-research/journals-books/journals,https://www.google.com/search?q=Signal+Transduction+and+Targeted+Therapy+aims+scope+instructions+for+authors+APC
66,1-Q1且IF大于10,3,JACC-Journal of the American College of Cardiology,J AM COLL CARDIOL,0735-1097,1558-3597,22.3,25.6,Q1,4/237,Q1,Q1,5.11,98.5,235.0,124430.0,CARDIAC & CARDIOVASCULAR SYSTEMS,CARDIAC & CARDIOVASCULAR SYSTEMS(JIF Q1/JCI Q1),ELSEVIER SCIENCE INC,Elsevier,是,SCIE,混合为主,"订阅路线通常无APC；Gold OA常见 USD 2,200-4,200",中,https://www.elsevier.com/open-access/agreements,https://www.google.com/search?q=JACC-Journal+of+the+American+College+of+Cardiology+aims+scope+instructions+for+authors+APC
67,1-Q1且IF大于10,3,BRITISH JOURNAL OF ANAESTHESIA,BRIT J ANAESTH,0007-0912,1471-6771,10.3,10.8,Q1,1/72,Q1,Q1,3.15,99.3,230.0,32565.0,ANESTHESIOLOGY,ANESTHESIOLOGY(JIF Q1/JCI Q1),ELSEVIER SCI LTD,Elsevier,是,SCIE,混合为主,"订阅路线通常无APC；Gold OA常见 USD 2,200-4,200",中,https://www.elsevier.com/open-access/agreements,https://www.google.com/search?q=BRITISH+JOURNAL+OF+ANAESTHESIA+aims+scope+instructions+for+authors+APC
68,1-Q1且IF大于10,3,Environmental Chemistry and Ecotoxicology,ENVIRON CHEM ECOTOX,,2590-1826,12.3,11.5,Q1,3/106,Q1,Q1,2.26,97.6,226.0,2003.0,TOXICOLOGY,TOXICOLOGY(JIF Q1/JCI Q1),KEAI PUBLISHING LTD,其他,否,ESCI,需核实,请查期刊官网 Author / Open Access 页面,未知,,https://www.google.com/search?q=Environmental+Chemistry+and+Ecotoxicology+aims+scope+instructions+for+authors+APC
69,1-Q1且IF大于10,3,ARCHIVES OF TOXICOLOGY,ARCH TOXICOL,0340-5761,1432-0738,10.9,8.4,Q1,5/106,Q1,Q1,1.49,95.8,226.0,19139.0,TOXICOLOGY,TOXICOLOGY(JIF Q1/JCI Q1),SPRINGER HEIDELBERG,Springer,是,SCIE,混合为主,"订阅路线通常无APC；选OA约 USD 2,790-4,290",中,https://www.springer.com/gp/open-access,https://www.google.com/search?q=ARCHIVES+OF+TOXICOLOGY+aims+scope+instructions+for+authors+APC
70,1-Q1且IF大于10,3,Science Bulletin,SCI BULL,2095-9273,2095-9281,20.7,19.0,Q1,6/140,Q1,Q1,2.98,96.1,225.0,27405.0,MULTIDISCIPLINARY SCIENCES,MULTIDISCIPLINARY SCIENCES(JIF Q1/JCI Q1),ELSEVIER,Elsevier,是,SCIE,混合为主,"订阅路线通常无APC；Gold OA常见 USD 2,200-4,200",中,https://www.elsevier.com/open-access/agreements,https://www.google.com/search?q=Science+Bulletin+aims+scope+instructions+for+authors+APC
71,1-Q1且IF大于10,3,npj Biofilms and Microbiomes,NPJ BIOFILMS MICROBI,,2055-5008,11.4,11.7,Q1,10/180,Q1,Q1,2.23,94.7,225.0,7589.0,BIOTECHNOLOGY & APPLIED MICROBIOLOGY; MICROBIOLOGY,BIOTECHNOLOGY & APPLIED MICROBIOLOGY(JIF Q1/JCI Q1) | MICROBIOLOGY(JIF Q1/JCI Q1),NATURE PORTFOLIO,Springer Nature,是,SCIE,混合/全OA,"全OA约 USD 2,090-3,490；Nature系更高；Scientific Reports已拉黑",中高,https://www.springernature.com/gp/open-research/journals-books/journals,https://www.google.com/search?q=npj+Biofilms+and+Microbiomes+aims+scope+instructions+for+authors+APC
72,1-Q1且IF大于10,3,Nature Microbiology,NAT MICROBIOL,2058-5276,2058-5276,18.7,20.8,Q1,6/167,Q1,Q1,4.62,96.7,220.0,32131.0,MICROBIOLOGY,MICROBIOLOGY(JIF Q1/JCI Q1),NATURE PORTFOLIO,Springer Nature,是,SCIE,混合/全OA,"全OA约 USD 2,090-3,490；Nature系更高；Scientific Reports已拉黑",中高,https://www.springernature.com/gp/open-research/journals-books/journals,https://www.google.com/search?q=Nature+Microbiology+aims+scope+instructions+for+authors+APC
73,1-Q1且IF大于10,3,RADIOLOGY,RADIOLOGY,0033-8419,1527-1315,17.6,15.5,Q1,3/217,Q1,Q1,4.15,98.8,220.0,61752.0,"RADIOLOGY, NUCLEAR MEDICINE & MEDICAL IMAGING","RADIOLOGY, NUCLEAR MEDICINE & MEDICAL IMAGING(JIF Q1/JCI Q1)",RADIOLOGICAL SOC NORTH AMERICA (RSNA),其他,是,SCIE,需核实,请查期刊官网 Author / Open Access 页面,未知,,https://www.google.com/search?q=RADIOLOGY+aims+scope+instructions+for+authors+APC
74,1-Q1且IF大于10,3,NATURE NEUROSCIENCE,NAT NEUROSCI,1097-6256,1546-1726,20.3,24.9,Q1,3/330,Q1,Q1,5.35,99.2,219.0,79106.0,NEUROSCIENCES,NEUROSCIENCES(JIF Q1/JCI Q1),NATURE PORTFOLIO,Springer Nature,是,SCIE,混合/全OA,"全OA约 USD 2,090-3,490；Nature系更高；Scientific Reports已拉黑",中高,https://www.springernature.com/gp/open-research/journals-books/journals,https://www.google.com/search?q=NATURE+NEUROSCIENCE+aims+scope+instructions+for+authors+APC
75,1-Q1且IF大于10,3,ACTA PHARMACOLOGICA SINICA,ACTA PHARMACOL SIN,1671-4083,1745-7254,10.4,10.8,Q1,16/356,Q1,Q1,1.69,95.6,216.0,21832.0,PHARMACOLOGY & PHARMACY,PHARMACOLOGY & PHARMACY(JIF Q1/JCI Q1),NATURE PUBL GROUP,其他,是,SCIE,需核实,请查期刊官网 Author / Open Access 页面,未知,,https://www.google.com/search?q=ACTA+PHARMACOLOGICA+SINICA+aims+scope+instructions+for+authors+APC
76,1-Q1且IF大于10,3,CIRCULATION,CIRCULATION,0009-7322,1524-4539,41.3,40.5,Q1,1/100,Q1,Q1,9.17,99.5,208.0,186674.0,CARDIAC & CARDIOVASCULAR SYSTEMS; PERIPHERAL VASCULAR DISEASE,CARDIAC & CARDIOVASCULAR SYSTEMS(JIF Q1/JCI Q1) | PERIPHERAL VASCULAR DISEASE(JIF Q1/JCI Q1),LIPPINCOTT WILLIAMS & WILKINS,Wolters Kluwer/LWW,是,SCIE,混合为主,"订阅路线通常无APC；OA常见 USD 2,000-4,000；MEDICINE已拉黑",中,https://wkauthorservices.editage.com/open-access/,https://www.google.com/search?q=CIRCULATION+aims+scope+instructions+for+authors+APC
77,1-Q1且IF大于10,3,DIABETES CARE,DIABETES CARE,0149-5992,1935-5548,22.6,16.7,Q1,6/198,Q1,Q1,4.15,97.2,204.0,82731.0,ENDOCRINOLOGY & METABOLISM,ENDOCRINOLOGY & METABOLISM(JIF Q1/JCI Q1),AMER DIABETES ASSOC,其他,是,SCIE,需核实,请查期刊官网 Author / Open Access 页面,未知,,https://www.google.com/search?q=DIABETES+CARE+aims+scope+instructions+for+authors+APC
78,1-Q1且IF大于10,3,JOURNAL OF THE AMERICAN ACADEMY OF DERMATOLOGY,J AM ACAD DERMATOL,0190-9622,1097-6787,12.3,12.5,Q1,1/99,Q1,Q1,3.22,99.5,200.0,39868.0,DERMATOLOGY,DERMATOLOGY(JIF Q1/JCI Q1),MOSBY-ELSEVIER,Elsevier,是,SCIE,混合为主,"订阅路线通常无APC；Gold OA常见 USD 2,200-4,200",中,https://www.elsevier.com/open-access/agreements,https://www.google.com/search?q=JOURNAL+OF+THE+AMERICAN+ACADEMY+OF+DERMATOLOGY+aims+scope+instructions+for+authors+APC
79,1-Q1且IF大于10,3,GUT,GUT,0017-5749,1468-3288,24.6,26.7,Q1,5/153,Q1,Q1,5.52,97.1,173.0,66773.0,GASTROENTEROLOGY & HEPATOLOGY,GASTROENTEROLOGY & HEPATOLOGY(JIF Q1/JCI Q1),BMJ PUBLISHING GROUP,BMJ,是,SCIE,混合/全OA,"BMJ Open约GBP 2,175；旗舰刊更高",高,https://authors.bmj.com/open-access/,https://www.google.com/search?q=GUT+aims+scope+instructions+for+authors+APC
80,1-Q1且IF大于10,3,Genome Medicine,GENOME MED,1756-994X,1756-994X,10.8,13.2,Q1,8/192,Q1,Q1,2.85,96.1,149.0,15561.0,GENETICS & HEREDITY,GENETICS & HEREDITY(JIF Q1/JCI Q1),BMC,BMC,是,SCIE,全OA,"约 USD 1,990-2,890（旗舰刊更高）",高,https://www.biomedcentral.com/getpublished/article-processing-charges,https://www.google.com/search?q=Genome+Medicine+aims+scope+instructions+for+authors+APC
81,1-Q1且IF大于10,3,Molecular Cancer,MOL CANCER,,1476-4598,42.2,39.7,Q1,4/328,Q1,Q1,5.07,98.9,147.0,53231.0,BIOCHEMISTRY & MOLECULAR BIOLOGY; ONCOLOGY,BIOCHEMISTRY & MOLECULAR BIOLOGY(JIF Q1/JCI Q1) | ONCOLOGY(JIF Q1/JCI Q1),BMC,BMC,是,SCIE,全OA,"约 USD 1,990-2,890（旗舰刊更高）",高,https://www.biomedcentral.com/getpublished/article-processing-charges,https://www.google.com/search?q=Molecular+Cancer+aims+scope+instructions+for+authors+APC
82,1-Q1且IF大于10,3,BRITISH JOURNAL OF SPORTS MEDICINE,BRIT J SPORT MED,0306-3674,1473-0480,15.5,18.9,Q1,1/136,Q1,Q1,3.72,99.6,113.0,40333.0,SPORT SCIENCES,SPORT SCIENCES(JIF Q1/JCI Q1),BMJ PUBLISHING GROUP,BMJ,是,SCIE,混合/全OA,"BMJ Open约GBP 2,175；旗舰刊更高",高,https://authors.bmj.com/open-access/,https://www.google.com/search?q=BRITISH+JOURNAL+OF+SPORTS+MEDICINE+aims+scope+instructions+for+authors+APC
83,1-Q1且IF大于10,3,BMJ-British Medical Journal,BMJ-BRIT MED J,0959-535X,1756-1833,55.1,78.1,Q1,5/336,Q1,Q1,8.91,98.7,109.0,188624.0,"MEDICINE, GENERAL & INTERNAL","MEDICINE, GENERAL & INTERNAL(JIF Q1/JCI Q1)",BMJ PUBLISHING GROUP,BMJ,是,SCIE,混合/全OA,"BMJ Open约GBP 2,175；旗舰刊更高",高,https://authors.bmj.com/open-access/,https://www.google.com/search?q=BMJ-British+Medical+Journal+aims+scope+instructions+for+authors+APC
84,1-Q1且IF大于10,3,CELLULAR & MOLECULAR BIOLOGY LETTERS,CELL MOL BIOL LETT,1425-8153,1689-1392,12.2,11.8,Q1,25/328,Q1,Q1,1.58,92.5,104.0,7176.0,BIOCHEMISTRY & MOLECULAR BIOLOGY; CELL BIOLOGY,BIOCHEMISTRY & MOLECULAR BIOLOGY(JIF Q1/JCI Q1) | CELL BIOLOGY(JIF Q1/JCI Q1),BMC,BMC,是,SCIE,全OA,"约 USD 1,990-2,890（旗舰刊更高）",高,https://www.biomedcentral.com/getpublished/article-processing-charges,https://www.google.com/search?q=CELLULAR+&+MOLECULAR+BIOLOGY+LETTERS+aims+scope+instructions+for+authors+APC
85,1-Q1且IF大于10,2,Lancet Regional Health-Europe,LANCET REG HEALTH-EU,2666-7762,2666-7762,15.7,13.6,Q1,2/194,Q1,Q1,4.51,99.2,196.0,9075.0,"HEALTH CARE SCIENCES & SERVICES; PUBLIC, ENVIRONMENTAL & OCCUPATIONAL HEALTH","HEALTH CARE SCIENCES & SERVICES(JIF Q1/JCI Q1) | PUBLIC, ENVIRONMENTAL & OCCUPATIONAL HEALTH(JIF Q1/JCI Q1)",ELSEVIER,Elsevier,是,"SCIE; SCIE, SSCI",混合为主,"订阅路线通常无APC；Gold OA常见 USD 2,200-4,200",中,https://www.elsevier.com/open-access/agreements,https://www.google.com/search?q=Lancet+Regional+Health-Europe+aims+scope+instructions+for+authors+APC
86,1-Q1且IF大于10,2,Autophagy,AUTOPHAGY,1554-8627,1554-8635,18.6,18.8,Q1,13/207,Q1,Q1,1.78,94.0,195.0,34458.0,CELL BIOLOGY,CELL BIOLOGY(JIF Q1/JCI Q1),TAYLOR & FRANCIS INC,Taylor & Francis,是,SCIE,混合为主,"订阅路线通常无APC；Open Select常见 USD 2,500-3,500",中,https://authorservices.taylorandfrancis.com/publishing-open-access/,https://www.google.com/search?q=Autophagy+aims+scope+instructions+for+authors+APC
87,1-Q1且IF大于10,2,DIABETOLOGIA,DIABETOLOGIA,0012-186X,1432-0428,10.4,10.3,Q1,12/198,Q1,Q1,2.06,94.2,195.0,35798.0,ENDOCRINOLOGY & METABOLISM,ENDOCRINOLOGY & METABOLISM(JIF Q1/JCI Q1),SPRINGER,Springer,是,SCIE,混合为主,"订阅路线通常无APC；选OA约 USD 2,790-4,290",中,https://www.springer.com/gp/open-access,https://www.google.com/search?q=DIABETOLOGIA+aims+scope+instructions+for+authors+APC
88,1-Q1且IF大于10,2,LANCET,LANCET,0140-6736,1474-547X,109.0,115.4,Q1,1/336,Q1,Q1,23.89,99.9,192.0,378842.0,"MEDICINE, GENERAL & INTERNAL","MEDICINE, GENERAL & INTERNAL(JIF Q1/JCI Q1)",ELSEVIER SCIENCE INC,Elsevier,是,SCIE,混合为主,"订阅路线通常无APC；Gold OA常见 USD 2,200-4,200",中,https://www.elsevier.com/open-access/agreements,https://www.google.com/search?q=LANCET+aims+scope+instructions+for+authors+APC
89,1-Q1且IF大于10,2,EUROPEAN JOURNAL OF HEART FAILURE,EUR J HEART FAIL,1388-9842,1879-0844,10.3,12.4,Q1,16/237,Q1,Q1,2.9,93.5,192.0,23392.0,CARDIAC & CARDIOVASCULAR SYSTEMS,CARDIAC & CARDIOVASCULAR SYSTEMS(JIF Q1/JCI Q1),WILEY,Wiley,是,SCIE,混合为主,"订阅路线通常无APC；OnlineOpen常见 USD 3,200-4,700",中,https://authorservices.wiley.com/author-resources/Journal-Authors/open-access/article-publication-charges.html,https://www.google.com/search?q=EUROPEAN+JOURNAL+OF+HEART+FAILURE+aims+scope+instructions+for+authors+APC
90,1-Q1且IF大于10,2,Neuron,NEURON,0896-6273,1097-4199,16.9,18.2,Q1,8/330,Q1,Q1,3.79,97.7,186.0,108660.0,NEUROSCIENCES,NEUROSCIENCES(JIF Q1/JCI Q1),CELL PRESS,其他,是,SCIE,需核实,请查期刊官网 Author / Open Access 页面,未知,,https://www.google.com/search?q=Neuron+aims+scope+instructions+for+authors+APC
91,1-Q1且IF大于10,2,NATURE STRUCTURAL & MOLECULAR BIOLOGY,NAT STRUCT MOL BIOL,1545-9993,1545-9985,10.1,11.3,Q1,5/81,Q1,Q1,2.22,91.3,185.0,29500.0,BIOCHEMISTRY & MOLECULAR BIOLOGY; CELL BIOLOGY,BIOCHEMISTRY & MOLECULAR BIOLOGY(JIF Q1/JCI Q1) | CELL BIOLOGY(JIF Q1/JCI Q1),NATURE PORTFOLIO,Springer Nature,是,SCIE,混合/全OA,"全OA约 USD 2,090-3,490；Nature系更高；Scientific Reports已拉黑",中高,https://www.springernature.com/gp/open-research/journals-books/journals,https://www.google.com/search?q=NATURE+STRUCTURAL+&+MOLECULAR+BIOLOGY+aims+scope+instructions+for+authors+APC
92,1-Q1且IF大于10,2,CELL DEATH AND DIFFERENTIATION,CELL DEATH DIFFER,1350-9047,1476-5403,13.6,15.3,Q1,19/328,Q1,Q1,2.23,94.4,178.0,36020.0,BIOCHEMISTRY & MOLECULAR BIOLOGY; CELL BIOLOGY,BIOCHEMISTRY & MOLECULAR BIOLOGY(JIF Q1/JCI Q1) | CELL BIOLOGY(JIF Q1/JCI Q1),SPRINGERNATURE,Springer Nature,是,SCIE,混合/全OA,"全OA约 USD 2,090-3,490；Nature系更高；Scientific Reports已拉黑",中高,https://www.springernature.com/gp/open-research/journals-books/journals,https://www.google.com/search?q=CELL+DEATH+AND+DIFFERENTIATION+aims+scope+instructions+for+authors+APC
93,1-Q1且IF大于10,2,EUROPACE,EUROPACE,1099-5129,1532-2092,10.2,8.2,Q1,17/237,Q1,Q1,2.14,93.0,171.0,18483.0,CARDIAC & CARDIOVASCULAR SYSTEMS,CARDIAC & CARDIOVASCULAR SYSTEMS(JIF Q1/JCI Q1),OXFORD UNIV PRESS,Oxford UP,是,SCIE,混合为主,订阅路线通常无APC；可选OA，费用因刊而异,中,https://academic.oup.com/pages/open-research/open-access,https://www.google.com/search?q=EUROPACE+aims+scope+instructions+for+authors+APC
94,1-Q1且IF大于10,2,NEURO-ONCOLOGY,NEURO-ONCOLOGY,1522-8517,1523-5866,13.1,16.7,Q1,4/296,Q1,Q1,2.79,98.8,168.0,27081.0,CLINICAL NEUROLOGY; ONCOLOGY,CLINICAL NEUROLOGY(JIF Q1/JCI Q1) | ONCOLOGY(JIF Q1/JCI Q1),OXFORD UNIV PRESS INC,Oxford UP,是,SCIE,混合为主,订阅路线通常无APC；可选OA，费用因刊而异,中,https://academic.oup.com/pages/open-research/open-access,https://www.google.com/search?q=NEURO-ONCOLOGY+aims+scope+instructions+for+authors+APC
95,1-Q1且IF大于10,2,JACC-Cardiovascular Interventions,JACC-CARDIOVASC INTE,1936-8798,1876-7605,12.7,12.3,Q1,10/237,Q1,Q1,2.82,96.0,167.0,20352.0,CARDIAC & CARDIOVASCULAR SYSTEMS,CARDIAC & CARDIOVASCULAR SYSTEMS(JIF Q1/JCI Q1),ELSEVIER SCIENCE INC,Elsevier,是,SCIE,混合为主,"订阅路线通常无APC；Gold OA常见 USD 2,200-4,200",中,https://www.elsevier.com/open-access/agreements,https://www.google.com/search?q=JACC-Cardiovascular+Interventions+aims+scope+instructions+for+authors+APC
96,1-Q1且IF大于10,2,PLANT CELL,PLANT CELL,1040-4651,1532-298X,13.5,14.2,Q1,6/285,Q1,Q1,2.4,94.1,165.0,68439.0,BIOCHEMISTRY & MOLECULAR BIOLOGY; CELL BIOLOGY,BIOCHEMISTRY & MOLECULAR BIOLOGY(JIF Q1/JCI Q1) | CELL BIOLOGY(JIF Q1/JCI Q1),OXFORD UNIV PRESS INC,Oxford UP,是,SCIE,混合为主,订阅路线通常无APC；可选OA，费用因刊而异,中,https://academic.oup.com/pages/open-research/open-access,https://www.google.com/search?q=PLANT+CELL+aims+scope+instructions+for+authors+APC
97,1-Q1且IF大于10,2,JOURNAL OF HEPATOLOGY,J HEPATOL,0168-8278,1600-0641,40.1,33.1,Q1,2/153,Q1,Q1,7.57,99.0,164.0,73177.0,GASTROENTEROLOGY & HEPATOLOGY,GASTROENTEROLOGY & HEPATOLOGY(JIF Q1/JCI Q1),ELSEVIER,Elsevier,是,SCIE,混合为主,"订阅路线通常无APC；Gold OA常见 USD 2,200-4,200",中,https://www.elsevier.com/open-access/agreements,https://www.google.com/search?q=JOURNAL+OF+HEPATOLOGY+aims+scope+instructions+for+authors+APC
98,1-Q1且IF大于10,2,Nature Biomedical Engineering,NAT BIOMED ENG,2157-846X,2157-846X,26.3,32.6,Q1,2/130,Q1,Q1,4.83,98.8,164.0,24906.0,"ENGINEERING, BIOMEDICAL","ENGINEERING, BIOMEDICAL(JIF Q1/JCI Q1)",NATURE PORTFOLIO,Springer Nature,是,SCIE,混合/全OA,"全OA约 USD 2,090-3,490；Nature系更高；Scientific Reports已拉黑",中高,https://www.springernature.com/gp/open-research/journals-books/journals,https://www.google.com/search?q=Nature+Biomedical+Engineering+aims+scope+instructions+for+authors+APC
99,1-Q1且IF大于10,2,Nature Chemical Biology,NAT CHEM BIOL,1552-4450,1552-4469,15.8,16.2,Q1,13/328,Q1,Q1,3.05,96.2,163.0,35656.0,BIOCHEMISTRY & MOLECULAR BIOLOGY,BIOCHEMISTRY & MOLECULAR BIOLOGY(JIF Q1/JCI Q1),NATURE PORTFOLIO,Springer Nature,是,SCIE,混合/全OA,"全OA约 USD 2,090-3,490；Nature系更高；Scientific Reports已拉黑",中高,https://www.springernature.com/gp/open-research/journals-books/journals,https://www.google.com/search?q=Nature+Chemical+Biology+aims+scope+instructions+for+authors+APC
100,1-Q1且IF大于10,2,HEPATOLOGY,HEPATOLOGY,0270-9139,1527-3350,18.0,16.0,Q1,7/153,Q1,Q1,3.25,95.8,162.0,74432.0,GASTROENTEROLOGY & HEPATOLOGY,GASTROENTEROLOGY & HEPATOLOGY(JIF Q1/JCI Q1),LIPPINCOTT WILLIAMS & WILKINS,Wolters Kluwer/LWW,是,SCIE,混合为主,"订阅路线通常无APC；OA常见 USD 2,000-4,000；MEDICINE已拉黑",中,https://wkauthorservices.editage.com/open-access/,https://www.google.com/search?q=HEPATOLOGY+aims+scope+instructions+for+authors+APC
101,1-Q1且IF大于10,2,Clinical Gastroenterology and Hepatology,CLIN GASTROENTEROL H,1542-3565,1542-7714,16.2,13.6,Q1,8/153,Q1,Q1,2.81,95.1,161.0,34511.0,GASTROENTEROLOGY & HEPATOLOGY,GASTROENTEROLOGY & HEPATOLOGY(JIF Q1/JCI Q1),ELSEVIER SCIENCE INC,Elsevier,是,SCIE,混合为主,"订阅路线通常无APC；Gold OA常见 USD 2,200-4,200",中,https://www.elsevier.com/open-access/agreements,https://www.google.com/search?q=Clinical+Gastroenterology+and+Hepatology+aims+scope+instructions+for+authors+APC
102,1-Q1且IF大于10,2,Journal of Extracellular Vesicles,J EXTRACELL VESICLES,,2001-3078,21.7,20.7,Q1,12/207,Q1,Q1,2.83,94.4,160.0,19056.0,CELL BIOLOGY,CELL BIOLOGY(JIF Q1/JCI Q1),WILEY,Wiley,是,SCIE,混合为主,"订阅路线通常无APC；OnlineOpen常见 USD 3,200-4,700",中,https://authorservices.wiley.com/author-resources/Journal-Authors/open-access/article-publication-charges.html,https://www.google.com/search?q=Journal+of+Extracellular+Vesicles+aims+scope+instructions+for+authors+APC
103,1-Q1且IF大于10,2,Nature Human Behaviour,NAT HUM BEHAV,2397-3374,2397-3374,17.5,20.5,Q1,2/104,Q1,Q1,3.95,98.0,159.0,21937.0,MULTIDISCIPLINARY SCIENCES; NEUROSCIENCES,MULTIDISCIPLINARY SCIENCES(JIF Q1/JCI Q1) | NEUROSCIENCES(JIF Q1/JCI Q1),NATURE PORTFOLIO,Springer Nature,是,SCIE; SSCI,混合/全OA,"全OA约 USD 2,090-3,490；Nature系更高；Scientific Reports已拉黑",中高,https://www.springernature.com/gp/open-research/journals-books/journals,https://www.google.com/search?q=Nature+Human+Behaviour+aims+scope+instructions+for+authors+APC
104,1-Q1且IF大于10,2,Journal of Crohns & Colitis,J CROHNS COLITIS,1873-9946,1876-4479,10.3,10.2,Q1,13/153,Q1,Q1,1.85,91.8,158.0,18391.0,GASTROENTEROLOGY & HEPATOLOGY,GASTROENTEROLOGY & HEPATOLOGY(JIF Q1/JCI Q1),OXFORD UNIV PRESS,Oxford UP,是,SCIE,混合为主,订阅路线通常无APC；可选OA，费用因刊而异,中,https://academic.oup.com/pages/open-research/open-access,https://www.google.com/search?q=Journal+of+Crohns+&+Colitis+aims+scope+instructions+for+authors+APC
105,1-Q1且IF大于10,2,Lancet Global Health,LANCET GLOB HEALTH,2214-109X,2214-109X,22.5,25.4,Q1,4/443,Q1,Q1,5.66,99.2,155.0,31059.0,"PUBLIC, ENVIRONMENTAL & OCCUPATIONAL HEALTH","PUBLIC, ENVIRONMENTAL & OCCUPATIONAL HEALTH(JIF Q1/JCI Q1)",ELSEVIER SCI LTD,Elsevier,是,"SCIE, SSCI",混合为主,"订阅路线通常无APC；Gold OA常见 USD 2,200-4,200",中,https://www.elsevier.com/open-access/agreements,https://www.google.com/search?q=Lancet+Global+Health+aims+scope+instructions+for+authors+APC
106,1-Q1且IF大于10,2,Immunity,IMMUNITY,1074-7613,1097-4180,30.6,32.3,Q1,3/183,Q1,Q1,5.57,98.6,154.0,80786.0,IMMUNOLOGY,IMMUNOLOGY(JIF Q1/JCI Q1),CELL PRESS,其他,是,SCIE,需核实,请查期刊官网 Author / Open Access 页面,未知,,https://www.google.com/search?q=Immunity+aims+scope+instructions+for+authors+APC
107,1-Q1且IF大于10,2,Journal of Integrative Plant Biology,J INTEGR PLANT BIOL,1672-9072,1744-7909,12.5,13.8,Q1,9/285,Q1,Q1,2.1,93.1,154.0,17256.0,BIOCHEMISTRY & MOLECULAR BIOLOGY,BIOCHEMISTRY & MOLECULAR BIOLOGY(JIF Q1/JCI Q1),WILEY,Wiley,是,SCIE,混合为主,"订阅路线通常无APC；OnlineOpen常见 USD 3,200-4,700",中,https://authorservices.wiley.com/author-resources/Journal-Authors/open-access/article-publication-charges.html,https://www.google.com/search?q=Journal+of+Integrative+Plant+Biology+aims+scope+instructions+for+authors+APC
108,1-Q1且IF大于10,2,EXPERIMENTAL AND MOLECULAR MEDICINE,EXP MOL MED,1226-3613,2092-6413,17.5,17.8,Q1,4/191,Q1,Q1,2.12,98.2,150.0,25742.0,"BIOCHEMISTRY & MOLECULAR BIOLOGY; MEDICINE, RESEARCH & EXPERIMENTAL","BIOCHEMISTRY & MOLECULAR BIOLOGY(JIF Q1/JCI Q1) | MEDICINE, RESEARCH & EXPERIMENTAL(JIF Q1/JCI Q1)",SPRINGERNATURE,Springer Nature,是,SCIE,混合/全OA,"全OA约 USD 2,090-3,490；Nature系更高；Scientific Reports已拉黑",中高,https://www.springernature.com/gp/open-research/journals-books/journals,https://www.google.com/search?q=EXPERIMENTAL+AND+MOLECULAR+MEDICINE+aims+scope+instructions+for+authors+APC
109,1-Q1且IF大于10,2,JAMA-JOURNAL OF THE AMERICAN MEDICAL ASSOCIATION,JAMA-J AM MED ASSOC,0098-7484,1538-3598,65.4,66.8,Q1,4/336,Q1,Q1,11.42,99.0,149.0,205027.0,"MEDICINE, GENERAL & INTERNAL","MEDICINE, GENERAL & INTERNAL(JIF Q1/JCI Q1)",AMER MEDICAL ASSOC,其他,是,SCIE,需核实,请查期刊官网 Author / Open Access 页面,未知,,https://www.google.com/search?q=JAMA-JOURNAL+OF+THE+AMERICAN+MEDICAL+ASSOCIATION+aims+scope+instructions+for+authors+APC
110,1-Q1且IF大于10,2,JOURNAL OF EXPERIMENTAL MEDICINE,J EXP MED,0022-1007,1540-9538,11.6,13.9,Q1,11/183,Q1,Q1,2.42,94.3,149.0,60274.0,"IMMUNOLOGY; MEDICINE, RESEARCH & EXPERIMENTAL","IMMUNOLOGY(JIF Q1/JCI Q1) | MEDICINE, RESEARCH & EXPERIMENTAL(JIF Q1/JCI Q1)",ROCKEFELLER UNIV PRESS,其他,是,SCIE,需核实,请查期刊官网 Author / Open Access 页面,未知,,https://www.google.com/search?q=JOURNAL+OF+EXPERIMENTAL+MEDICINE+aims+scope+instructions+for+authors+APC
111,1-Q1且IF大于10,2,NATURE IMMUNOLOGY,NAT IMMUNOL,1529-2908,1529-2916,26.5,29.1,Q1,4/183,Q1,Q1,5.47,98.1,146.0,59614.0,IMMUNOLOGY,IMMUNOLOGY(JIF Q1/JCI Q1),NATURE PORTFOLIO,Springer Nature,是,SCIE,混合/全OA,"全OA约 USD 2,090-3,490；Nature系更高；Scientific Reports已拉黑",中高,https://www.springernature.com/gp/open-research/journals-books/journals,https://www.google.com/search?q=NATURE+IMMUNOLOGY+aims+scope+instructions+for+authors+APC
112,1-Q1且IF大于10,2,NATURE CELL BIOLOGY,NAT CELL BIOL,1465-7392,1476-4679,22.7,23.0,Q1,11/207,Q1,Q1,3.09,94.9,145.0,50742.0,CELL BIOLOGY,CELL BIOLOGY(JIF Q1/JCI Q1),NATURE PORTFOLIO,Springer Nature,是,SCIE,混合/全OA,"全OA约 USD 2,090-3,490；Nature系更高；Scientific Reports已拉黑",中高,https://www.springernature.com/gp/open-research/journals-books/journals,https://www.google.com/search?q=NATURE+CELL+BIOLOGY+aims+scope+instructions+for+authors+APC
113,1-Q1且IF大于10,2,AMERICAN JOURNAL OF RESPIRATORY AND CRITICAL CARE MEDICINE,AM J RESP CRIT CARE,1073-449X,1535-4970,21.7,21.2,Q1,4/107,Q1,Q1,4.75,96.7,145.0,71648.0,CRITICAL CARE MEDICINE; RESPIRATORY SYSTEM,CRITICAL CARE MEDICINE(JIF Q1/JCI Q1) | RESPIRATORY SYSTEM(JIF Q1/JCI Q1),OXFORD UNIV PRESS,Oxford UP,是,SCIE,混合为主,订阅路线通常无APC；可选OA，费用因刊而异,中,https://academic.oup.com/pages/open-research/open-access,https://www.google.com/search?q=AMERICAN+JOURNAL+OF+RESPIRATORY+AND+CRITICAL+CARE+MEDICINE+aims+scope+instructions+for+authors+APC
114,1-Q1且IF大于10,2,LANCET ONCOLOGY,LANCET ONCOL,1470-2045,1474-5488,33.7,40.5,Q1,9/333,Q1,Q1,7.06,97.4,139.0,77887.0,ONCOLOGY,ONCOLOGY(JIF Q1/JCI Q1),ELSEVIER SCIENCE INC,Elsevier,是,SCIE,混合为主,"订阅路线通常无APC；Gold OA常见 USD 2,200-4,200",中,https://www.elsevier.com/open-access/agreements,https://www.google.com/search?q=LANCET+ONCOLOGY+aims+scope+instructions+for+authors+APC
115,1-Q1且IF大于10,2,Journal of Pharmaceutical Analysis,J PHARM ANAL,2095-1779,2214-0883,11.2,9.1,Q1,15/356,Q1,Q1,2.07,95.9,139.0,7439.0,PHARMACOLOGY & PHARMACY,PHARMACOLOGY & PHARMACY(JIF Q1/JCI Q1),ELSEVIER,Elsevier,是,SCIE,混合为主,"订阅路线通常无APC；Gold OA常见 USD 2,200-4,200",中,https://www.elsevier.com/open-access/agreements,https://www.google.com/search?q=Journal+of+Pharmaceutical+Analysis+aims+scope+instructions+for+authors+APC
116,1-Q1且IF大于10,2,NATURE BIOTECHNOLOGY,NAT BIOTECHNOL,1087-0156,1546-1696,44.5,50.9,Q1,2/180,Q1,Q1,8.43,99.2,136.0,111118.0,BIOTECHNOLOGY & APPLIED MICROBIOLOGY,BIOTECHNOLOGY & APPLIED MICROBIOLOGY(JIF Q1/JCI Q1),NATURE PORTFOLIO,Springer Nature,是,SCIE,混合/全OA,"全OA约 USD 2,090-3,490；Nature系更高；Scientific Reports已拉黑",中高,https://www.springernature.com/gp/open-research/journals-books/journals,https://www.google.com/search?q=NATURE+BIOTECHNOLOGY+aims+scope+instructions+for+authors+APC
117,1-Q1且IF大于10,2,Nature Metabolism,NAT METAB,,2522-5812,27.5,28.5,Q1,4/198,Q1,Q1,5.21,98.2,134.0,20014.0,ENDOCRINOLOGY & METABOLISM,ENDOCRINOLOGY & METABOLISM(JIF Q1/JCI Q1),NATURE PORTFOLIO,Springer Nature,是,SCIE,混合/全OA,"全OA约 USD 2,090-3,490；Nature系更高；Scientific Reports已拉黑",中高,https://www.springernature.com/gp/open-research/journals-books/journals,https://www.google.com/search?q=Nature+Metabolism+aims+scope+instructions+for+authors+APC
118,1-Q1且IF大于10,2,Cell Metabolism,CELL METAB,1550-4131,1932-7420,37.0,40.0,Q1,2/198,Q1,Q1,6.01,99.2,133.0,73683.0,CELL BIOLOGY; ENDOCRINOLOGY & METABOLISM,CELL BIOLOGY(JIF Q1/JCI Q1) | ENDOCRINOLOGY & METABOLISM(JIF Q1/JCI Q1),CELL PRESS,其他,是,SCIE,需核实,请查期刊官网 Author / Open Access 页面,未知,,https://www.google.com/search?q=Cell+Metabolism+aims+scope+instructions+for+authors+APC
119,1-Q1且IF大于10,2,METABOLISM-CLINICAL AND EXPERIMENTAL,METABOLISM,0026-0495,1532-8600,16.7,13.5,Q1,9/198,Q1,Q1,2.65,95.7,131.0,23897.0,ENDOCRINOLOGY & METABOLISM,ENDOCRINOLOGY & METABOLISM(JIF Q1/JCI Q1),W B SAUNDERS CO-ELSEVIER INC,Elsevier,是,SCIE,混合为主,"订阅路线通常无APC；Gold OA常见 USD 2,200-4,200",中,https://www.elsevier.com/open-access/agreements,https://www.google.com/search?q=METABOLISM-CLINICAL+AND+EXPERIMENTAL+aims+scope+instructions+for+authors+APC
120,1-Q1且IF大于10,2,JACC-Heart Failure,JACC-HEART FAIL,2213-1779,2213-1787,11.9,12.5,Q1,14/237,Q1,Q1,2.89,94.3,130.0,11007.0,CARDIAC & CARDIOVASCULAR SYSTEMS,CARDIAC & CARDIOVASCULAR SYSTEMS(JIF Q1/JCI Q1),ELSEVIER SCI LTD,Elsevier,是,SCIE,混合为主,"订阅路线通常无APC；Gold OA常见 USD 2,200-4,200",中,https://www.elsevier.com/open-access/agreements,https://www.google.com/search?q=JACC-Heart+Failure+aims+scope+instructions+for+authors+APC
121,1-Q1且IF大于10,2,ANNALS OF THE RHEUMATIC DISEASES,ANN RHEUM DIS,0003-4967,1468-2060,24.0,21.2,Q1,3/58,Q1,Q1,5.87,95.7,129.0,57368.0,RHEUMATOLOGY,RHEUMATOLOGY(JIF Q1/JCI Q1),ELSEVIER,Elsevier,是,SCIE,混合为主,"订阅路线通常无APC；Gold OA常见 USD 2,200-4,200",中,https://www.elsevier.com/open-access/agreements,https://www.google.com/search?q=ANNALS+OF+THE+RHEUMATIC+DISEASES+aims+scope+instructions+for+authors+APC
122,1-Q1且IF大于10,2,Genes & Diseases,GENES DIS,2352-4820,2352-3042,14.6,11.6,Q1,4/192,Q1,Q1,1.69,98.2,128.0,9105.0,BIOCHEMISTRY & MOLECULAR BIOLOGY; GENETICS & HEREDITY,BIOCHEMISTRY & MOLECULAR BIOLOGY(JIF Q1/JCI Q1) | GENETICS & HEREDITY(JIF Q1/JCI Q1),KEAI PUBLISHING LTD,其他,是,SCIE,需核实,请查期刊官网 Author / Open Access 页面,未知,,https://www.google.com/search?q=Genes+&+Diseases+aims+scope+instructions+for+authors+APC
123,1-Q1且IF大于10,2,CARDIOVASCULAR RESEARCH,CARDIOVASC RES,0008-6363,1755-3245,12.5,14.0,Q1,12/237,Q1,Q1,2.76,95.1,128.0,31432.0,CARDIAC & CARDIOVASCULAR SYSTEMS,CARDIAC & CARDIOVASCULAR SYSTEMS(JIF Q1/JCI Q1),OXFORD UNIV PRESS,Oxford UP,是,SCIE,混合为主,订阅路线通常无APC；可选OA，费用因刊而异,中,https://academic.oup.com/pages/open-research/open-access,https://www.google.com/search?q=CARDIOVASCULAR+RESEARCH+aims+scope+instructions+for+authors+APC
124,1-Q1且IF大于10,2,JAMA Health Forum,JAMA-HEALTH FORUM,2689-0186,2689-0186,12.5,12.7,Q1,1/125,Q1,Q1,2.71,99.6,128.0,5374.0,"HEALTH CARE SCIENCES & SERVICES; HEALTH POLICY & SERVICES; PUBLIC, ENVIRONMENTAL & OCCUPATIONAL HEALTH","HEALTH CARE SCIENCES & SERVICES(JIF Q1/JCI Q1) | HEALTH POLICY & SERVICES(JIF Q1/JCI Q1) | PUBLIC, ENVIRONMENTAL & OCCUPATIONAL HEALTH(JIF Q1/JCI Q1)",AMER MEDICAL ASSOC,其他,是,"SCIE; SSCI; SCIE, SSCI",需核实,请查期刊官网 Author / Open Access 页面,未知,,https://www.google.com/search?q=JAMA+Health+Forum+aims+scope+instructions+for+authors+APC
125,1-Q1且IF大于10,2,BIOLOGICAL REVIEWS,BIOL REV,1464-7931,1469-185X,10.9,14.9,Q1,2/106,Q1,Q1,3.23,98.6,128.0,25654.0,BIOLOGY,BIOLOGY(JIF Q1/JCI Q1),WILEY,Wiley,是,SCIE,混合为主,"订阅路线通常无APC；OnlineOpen常见 USD 3,200-4,700",中,https://authorservices.wiley.com/author-resources/Journal-Authors/open-access/article-publication-charges.html,https://www.google.com/search?q=BIOLOGICAL+REVIEWS+aims+scope+instructions+for+authors+APC
126,1-Q1且IF大于10,2,Plant Communications,PLANT COMMUN,2590-3462,2590-3462,13.7,13.9,Q1,5/285,Q1,Q1,2.38,94.7,127.0,7450.0,BIOCHEMISTRY & MOLECULAR BIOLOGY,BIOCHEMISTRY & MOLECULAR BIOLOGY(JIF Q1/JCI Q1),CELL PRESS,其他,是,SCIE,需核实,请查期刊官网 Author / Open Access 页面,未知,,https://www.google.com/search?q=Plant+Communications+aims+scope+instructions+for+authors+APC
127,1-Q1且IF大于10,2,OPHTHALMOLOGY,OPHTHALMOLOGY,0161-6420,1549-4713,10.9,13.7,Q1,2/98,Q1,Q1,4.5,98.5,127.0,46651.0,OPHTHALMOLOGY,OPHTHALMOLOGY(JIF Q1/JCI Q1),ELSEVIER SCIENCE INC,Elsevier,是,SCIE,混合为主,"订阅路线通常无APC；Gold OA常见 USD 2,200-4,200",中,https://www.elsevier.com/open-access/agreements,https://www.google.com/search?q=OPHTHALMOLOGY+aims+scope+instructions+for+authors+APC
128,1-Q1且IF大于10,2,Nature Aging,NATURE AGING,,2662-8465,25.0,26.0,Q1,2/330,Q1,Q1,4.66,99.5,123.0,10875.0,CELL BIOLOGY; GERIATRICS & GERONTOLOGY; NEUROSCIENCES,CELL BIOLOGY(JIF Q1/JCI Q1) | GERIATRICS & GERONTOLOGY(JIF Q1/JCI Q1) | NEUROSCIENCES(JIF Q1/JCI Q1),SPRINGERNATURE,Springer Nature,是,SCIE,混合/全OA,"全OA约 USD 2,090-3,490；Nature系更高；Scientific Reports已拉黑",中高,https://www.springernature.com/gp/open-research/journals-books/journals,https://www.google.com/search?q=Nature+Aging+aims+scope+instructions+for+authors+APC
129,1-Q1且IF大于10,2,CIRCULATION RESEARCH,CIRC RES,0009-7330,1524-4571,18.0,23.0,Q1,2/100,Q1,Q1,4.06,98.5,123.0,68904.0,CARDIAC & CARDIOVASCULAR SYSTEMS; HEMATOLOGY; PERIPHERAL VASCULAR DISEASE,CARDIAC & CARDIOVASCULAR SYSTEMS(JIF Q1/JCI Q1) | HEMATOLOGY(JIF Q1/JCI Q1) | PERIPHERAL VASCULAR DISEASE(JIF Q1/JCI Q1),LIPPINCOTT WILLIAMS & WILKINS,Wolters Kluwer/LWW,是,SCIE,混合为主,"订阅路线通常无APC；OA常见 USD 2,000-4,000；MEDICINE已拉黑",中,https://wkauthorservices.editage.com/open-access/,https://www.google.com/search?q=CIRCULATION+RESEARCH+aims+scope+instructions+for+authors+APC
130,1-Q1且IF大于10,2,Journal of the National Comprehensive Cancer Network,J NATL COMPR CANC NE,1540-1405,1540-1413,17.5,14.6,Q1,19/333,Q1,Q1,3.29,94.4,120.0,16909.0,ONCOLOGY,ONCOLOGY(JIF Q1/JCI Q1),HARBORSIDE PRESS,其他,是,SCIE,需核实,请查期刊官网 Author / Open Access 页面,未知,,https://www.google.com/search?q=Journal+of+the+National+Comprehensive+Cancer+Network+aims+scope+instructions+for+authors+APC
131,1-Q1且IF大于10,2,JAMA Cardiology,JAMA CARDIOL,2380-6583,2380-6591,15.2,16.3,Q1,9/237,Q1,Q1,3.71,96.4,117.0,16454.0,CARDIAC & CARDIOVASCULAR SYSTEMS,CARDIAC & CARDIOVASCULAR SYSTEMS(JIF Q1/JCI Q1),AMER MEDICAL ASSOC,其他,是,SCIE,需核实,请查期刊官网 Author / Open Access 页面,未知,,https://www.google.com/search?q=JAMA+Cardiology+aims+scope+instructions+for+authors+APC
132,1-Q1且IF大于10,2,Gastroenterology,GASTROENTEROLOGY,0016-5085,1528-0012,29.7,31.1,Q1,4/153,Q1,Q1,5.55,97.7,116.0,93386.0,GASTROENTEROLOGY & HEPATOLOGY,GASTROENTEROLOGY & HEPATOLOGY(JIF Q1/JCI Q1),W B SAUNDERS CO-ELSEVIER INC,Elsevier,是,SCIE,混合为主,"订阅路线通常无APC；Gold OA常见 USD 2,200-4,200",中,https://www.elsevier.com/open-access/agreements,https://www.google.com/search?q=Gastroenterology+aims+scope+instructions+for+authors+APC
133,1-Q1且IF大于10,2,LANCET INFECTIOUS DISEASES,LANCET INFECT DIS,1473-3099,1474-4457,29.4,26.0,Q1,1/141,Q1,Q1,6.9,99.6,115.0,42054.0,INFECTIOUS DISEASES,INFECTIOUS DISEASES(JIF Q1/JCI Q1),ELSEVIER SCI LTD,Elsevier,是,SCIE,混合为主,"订阅路线通常无APC；Gold OA常见 USD 2,200-4,200",中,https://www.elsevier.com/open-access/agreements,https://www.google.com/search?q=LANCET+INFECTIOUS+DISEASES+aims+scope+instructions+for+authors+APC
134,1-Q1且IF大于10,2,Science Immunology,SCI IMMUNOL,2470-9468,2470-9468,16.4,17.5,Q1,6/183,Q1,Q1,3.7,97.0,115.0,16066.0,IMMUNOLOGY,IMMUNOLOGY(JIF Q1/JCI Q1),AMER ASSOC ADVANCEMENT SCIENCE,其他,是,SCIE,需核实,请查期刊官网 Author / Open Access 页面,未知,,https://www.google.com/search?q=Science+Immunology+aims+scope+instructions+for+authors+APC
135,1-Q1且IF大于10,2,MMWR-MORBIDITY AND MORTALITY WEEKLY REPORT,MMWR-MORBID MORTAL W,0149-2195,1545-861X,16.2,12.1,Q1,7/443,Q1,Q1,5.79,98.5,115.0,27765.0,"PUBLIC, ENVIRONMENTAL & OCCUPATIONAL HEALTH","PUBLIC, ENVIRONMENTAL & OCCUPATIONAL HEALTH(JIF Q1/JCI Q1)",CENTERS DISEASE CONTROL & PREVENTION,其他,是,SCIE,需核实,请查期刊官网 Author / Open Access 页面,未知,,https://www.google.com/search?q=MMWR-MORBIDITY+AND+MORTALITY+WEEKLY+REPORT+aims+scope+instructions+for+authors+APC
136,1-Q1且IF大于10,2,Cell Host & Microbe,CELL HOST MICROBE,1931-3128,1934-6069,23.2,22.2,Q1,1/44,Q1,Q1,5.74,98.9,114.0,36971.0,MICROBIOLOGY; PARASITOLOGY; VIROLOGY,MICROBIOLOGY(JIF Q1/JCI Q1) | PARASITOLOGY(JIF Q1/JCI Q1) | VIROLOGY(JIF Q1/JCI Q1),CELL PRESS,其他,是,SCIE,需核实,请查期刊官网 Author / Open Access 页面,未知,,https://www.google.com/search?q=Cell+Host+&+Microbe+aims+scope+instructions+for+authors+APC
137,1-Q1且IF大于10,2,ENDOSCOPY,ENDOSCOPY,0013-726X,1438-8812,11.8,11.6,Q1,2/321,Q1,Q1,3.35,99.5,114.0,15245.0,GASTROENTEROLOGY & HEPATOLOGY; SURGERY,GASTROENTEROLOGY & HEPATOLOGY(JIF Q1/JCI Q1) | SURGERY(JIF Q1/JCI Q1),GEORG THIEME VERLAG KG,Thieme,是,SCIE,混合为主,订阅路线通常无APC；OA另计,中低,https://www.thieme.com/en-us/open-access,https://www.google.com/search?q=ENDOSCOPY+aims+scope+instructions+for+authors+APC
138,1-Q1且IF大于10,2,JAMA Psychiatry,JAMA PSYCHIAT,2168-622X,2168-6238,18.0,23.2,Q1,3/293,Q1,Q1,4.68,99.1,113.0,28366.0,PSYCHIATRY,PSYCHIATRY(JIF Q1/JCI Q1),AMER MEDICAL ASSOC,其他,是,"SCIE, SSCI",需核实,请查期刊官网 Author / Open Access 页面,未知,,https://www.google.com/search?q=JAMA+Psychiatry+aims+scope+instructions+for+authors+APC
139,1-Q1且IF大于10,2,EUROPEAN RESPIRATORY JOURNAL,EUR RESPIR J,0903-1936,1399-3003,23.8,18.3,Q1,2/107,Q1,Q1,4.81,98.6,112.0,55083.0,RESPIRATORY SYSTEM,RESPIRATORY SYSTEM(JIF Q1/JCI Q1),EUROPEAN RESPIRATORY SOC JOURNALS LTD,其他,是,SCIE,需核实,请查期刊官网 Author / Open Access 页面,未知,,https://www.google.com/search?q=EUROPEAN+RESPIRATORY+JOURNAL+aims+scope+instructions+for+authors+APC
140,1-Q1且IF大于10,2,Biological Psychiatry,BIOL PSYCHIAT,0006-3223,1873-2402,10.3,11.2,Q1,6/293,Q1,Q1,2.31,98.1,112.0,42076.0,NEUROSCIENCES; PSYCHIATRY,NEUROSCIENCES(JIF Q1/JCI Q1) | PSYCHIATRY(JIF Q1/JCI Q1),ELSEVIER SCIENCE INC,Elsevier,是,SCIE,混合为主,"订阅路线通常无APC；Gold OA常见 USD 2,200-4,200",中,https://www.elsevier.com/open-access/agreements,https://www.google.com/search?q=Biological+Psychiatry+aims+scope+instructions+for+authors+APC
141,1-Q1且IF大于10,2,Cancer Genetics,CANCER GENET-NY,2210-7762,2210-7770,11.0,4.4,Q1,7/192,Q1,Q1,1.4,96.6,111.0,2235.0,GENETICS & HEREDITY; ONCOLOGY,GENETICS & HEREDITY(JIF Q1/JCI Q1) | ONCOLOGY(JIF Q1/JCI Q1),ELSEVIER SCIENCE INC,Elsevier,是,SCIE,混合为主,"订阅路线通常无APC；Gold OA常见 USD 2,200-4,200",中,https://www.elsevier.com/open-access/agreements,https://www.google.com/search?q=Cancer+Genetics+aims+scope+instructions+for+authors+APC
142,1-Q1且IF大于10,2,ANNALS OF ONCOLOGY,ANN ONCOL,0923-7534,1569-8041,80.4,57.1,Q1,3/333,Q1,Q1,9.94,99.2,109.0,68920.0,ONCOLOGY,ONCOLOGY(JIF Q1/JCI Q1),ELSEVIER,Elsevier,是,SCIE,混合为主,"订阅路线通常无APC；Gold OA常见 USD 2,200-4,200",中,https://www.elsevier.com/open-access/agreements,https://www.google.com/search?q=ANNALS+OF+ONCOLOGY+aims+scope+instructions+for+authors+APC
143,1-Q1且IF大于10,2,JAMA Surgery,JAMA SURG,2168-6254,2168-6262,15.6,18.1,Q1,1/321,Q1,Q1,6.17,99.8,108.0,21579.0,SURGERY,SURGERY(JIF Q1/JCI Q1),AMER MEDICAL ASSOC,其他,是,SCIE,需核实,请查期刊官网 Author / Open Access 页面,未知,,https://www.google.com/search?q=JAMA+Surgery+aims+scope+instructions+for+authors+APC
144,1-Q1且IF大于10,2,Cancer Discovery,CANCER DISCOV,2159-8274,2159-8290,29.5,33.6,Q1,10/333,Q1,Q1,6.35,97.1,107.0,40579.0,ONCOLOGY,ONCOLOGY(JIF Q1/JCI Q1),AMER ASSOC CANCER RESEARCH,其他,是,SCIE,需核实,请查期刊官网 Author / Open Access 页面,未知,,https://www.google.com/search?q=Cancer+Discovery+aims+scope+instructions+for+authors+APC
145,1-Q1且IF大于10,2,KIDNEY INTERNATIONAL,KIDNEY INT,0085-2538,1523-1755,21.8,18.0,Q1,3/134,Q1,Q1,5.07,98.1,107.0,52229.0,UROLOGY & NEPHROLOGY,UROLOGY & NEPHROLOGY(JIF Q1/JCI Q1),ELSEVIER SCIENCE INC,Elsevier,是,SCIE,混合为主,"订阅路线通常无APC；Gold OA常见 USD 2,200-4,200",中,https://www.elsevier.com/open-access/agreements,https://www.google.com/search?q=KIDNEY+INTERNATIONAL+aims+scope+instructions+for+authors+APC
146,1-Q1且IF大于10,2,ANNALS OF INTERNAL MEDICINE,ANN INTERN MED,0003-4819,1539-3704,17.2,17.4,Q1,9/336,Q1,Q1,3.66,97.5,106.0,69750.0,"MEDICINE, GENERAL & INTERNAL","MEDICINE, GENERAL & INTERNAL(JIF Q1/JCI Q1)",AMER COLL PHYSICIANS,其他,是,SCIE,需核实,请查期刊官网 Author / Open Access 页面,未知,,https://www.google.com/search?q=ANNALS+OF+INTERNAL+MEDICINE+aims+scope+instructions+for+authors+APC
147,1-Q1且IF大于10,2,JAMA Ophthalmology,JAMA OPHTHALMOL,2168-6165,2168-6173,10.5,9.1,Q1,3/98,Q1,Q1,3.87,97.4,106.0,12018.0,OPHTHALMOLOGY,OPHTHALMOLOGY(JIF Q1/JCI Q1),AMER MEDICAL ASSOC,其他,是,SCIE,需核实,请查期刊官网 Author / Open Access 页面,未知,,https://www.google.com/search?q=JAMA+Ophthalmology+aims+scope+instructions+for+authors+APC
148,1-Q1且IF大于10,2,CANCER CELL,CANCER CELL,1535-6108,1878-3686,56.1,58.5,Q1,3/207,Q1,Q1,8.22,98.8,104.0,64398.0,CELL BIOLOGY; ONCOLOGY,CELL BIOLOGY(JIF Q1/JCI Q1) | ONCOLOGY(JIF Q1/JCI Q1),CELL PRESS,其他,是,SCIE,需核实,请查期刊官网 Author / Open Access 页面,未知,,https://www.google.com/search?q=CANCER+CELL+aims+scope+instructions+for+authors+APC
149,1-Q1且IF大于10,2,JAMA Internal Medicine,JAMA INTERN MED,2168-6106,2168-6114,26.3,22.9,Q1,7/336,Q1,Q1,6.35,98.1,104.0,28116.0,"MEDICINE, GENERAL & INTERNAL","MEDICINE, GENERAL & INTERNAL(JIF Q1/JCI Q1)",AMER MEDICAL ASSOC,其他,是,SCIE,需核实,请查期刊官网 Author / Open Access 页面,未知,,https://www.google.com/search?q=JAMA+Internal+Medicine+aims+scope+instructions+for+authors+APC
150,1-Q1且IF大于10,2,Nature Cancer,NAT CANCER,,2662-1347,28.0,31.2,Q1,12/333,Q1,Q1,5.64,96.5,103.0,14846.0,ONCOLOGY,ONCOLOGY(JIF Q1/JCI Q1),NATURE PORTFOLIO,Springer Nature,是,SCIE,混合/全OA,"全OA约 USD 2,090-3,490；Nature系更高；Scientific Reports已拉黑",中高,https://www.springernature.com/gp/open-research/journals-books/journals,https://www.google.com/search?q=Nature+Cancer+aims+scope+instructions+for+authors+APC
151,1-Q1且IF大于10,2,JAMA Neurology,JAMA NEUROL,2168-6149,2168-6157,23.6,24.0,Q1,3/296,Q1,Q1,6.2,99.2,103.0,26720.0,CLINICAL NEUROLOGY,CLINICAL NEUROLOGY(JIF Q1/JCI Q1),AMER MEDICAL ASSOC,其他,是,SCIE,需核实,请查期刊官网 Author / Open Access 页面,未知,,https://www.google.com/search?q=JAMA+Neurology+aims+scope+instructions+for+authors+APC
152,1-Q1且IF大于10,2,HemaSphere,HEMASPHERE,,2572-9241,11.3,10.6,Q1,8/103,Q1,Q1,1.26,92.7,103.0,4085.0,HEMATOLOGY,HEMATOLOGY(JIF Q1/JCI Q1),WILEY,Wiley,是,SCIE,混合为主,"订阅路线通常无APC；OnlineOpen常见 USD 3,200-4,700",中,https://authorservices.wiley.com/author-resources/Journal-Authors/open-access/article-publication-charges.html,https://www.google.com/search?q=HemaSphere+aims+scope+instructions+for+authors+APC
153,1-Q1且IF大于10,2,JAMA Pediatrics,JAMA PEDIATR,2168-6203,2168-6211,17.1,19.8,Q1,1/190,Q1,Q1,6.51,99.7,102.0,21513.0,PEDIATRICS,PEDIATRICS(JIF Q1/JCI Q1),AMER MEDICAL ASSOC,其他,是,SCIE,需核实,请查期刊官网 Author / Open Access 页面,未知,,https://www.google.com/search?q=JAMA+Pediatrics+aims+scope+instructions+for+authors+APC
154,1-Q1且IF大于10,2,TRENDS IN BIOTECHNOLOGY,TRENDS BIOTECHNOL,0167-7799,1879-3096,16.6,17.2,Q1,3/180,Q1,Q1,1.64,98.6,102.0,21544.0,BIOTECHNOLOGY & APPLIED MICROBIOLOGY,BIOTECHNOLOGY & APPLIED MICROBIOLOGY(JIF Q1/JCI Q1),CELL PRESS,其他,是,SCIE,需核实,请查期刊官网 Author / Open Access 页面,未知,,https://www.google.com/search?q=TRENDS+IN+BIOTECHNOLOGY+aims+scope+instructions+for+authors+APC
155,1-Q1且IF大于10,2,npj Aging,NPJ AGING,,2731-6068,13.0,12.2,Q1,4/72,Q1,Q1,2.03,95.1,102.0,1351.0,GERIATRICS & GERONTOLOGY,GERIATRICS & GERONTOLOGY(JIF Q1/JCI Q1),NATURE PUBL GROUP,其他,否,ESCI,需核实,请查期刊官网 Author / Open Access 页面,未知,,https://www.google.com/search?q=npj+Aging+aims+scope+instructions+for+authors+APC
156,1-Q1且IF大于10,2,Journal of Thoracic Oncology,J THORAC ONCOL,1556-0864,1556-1380,23.3,22.3,Q1,3/107,Q1,Q1,4.6,97.7,101.0,29690.0,ONCOLOGY; RESPIRATORY SYSTEM,ONCOLOGY(JIF Q1/JCI Q1) | RESPIRATORY SYSTEM(JIF Q1/JCI Q1),ELSEVIER SCIENCE INC,Elsevier,是,SCIE,混合为主,"订阅路线通常无APC；Gold OA常见 USD 2,200-4,200",中,https://www.elsevier.com/open-access/agreements,https://www.google.com/search?q=Journal+of+Thoracic+Oncology+aims+scope+instructions+for+authors+APC
157,1-Q1且IF大于10,1,ACTA NEUROPATHOLOGICA,ACTA NEUROPATHOL,0001-6322,1432-0533,10.3,11.1,Q1,3/89,Q1,Q1,3.14,97.2,99.0,26249.0,CLINICAL NEUROLOGY; NEUROSCIENCES; PATHOLOGY,CLINICAL NEUROLOGY(JIF Q1/JCI Q1) | NEUROSCIENCES(JIF Q1/JCI Q1) | PATHOLOGY(JIF Q1/JCI Q1),SPRINGER,Springer,是,SCIE,混合为主,"订阅路线通常无APC；选OA约 USD 2,790-4,290",中,https://www.springer.com/gp/open-access,https://www.google.com/search?q=ACTA+NEUROPATHOLOGICA+aims+scope+instructions+for+authors+APC
158,1-Q1且IF大于10,1,JAMA Oncology,JAMA ONCOL,2374-2437,2374-2445,23.9,24.5,Q1,14/333,Q1,Q1,4.13,95.9,98.0,32733.0,ONCOLOGY,ONCOLOGY(JIF Q1/JCI Q1),AMER MEDICAL ASSOC,其他,是,SCIE,需核实,请查期刊官网 Author / Open Access 页面,未知,,https://www.google.com/search?q=JAMA+Oncology+aims+scope+instructions+for+authors+APC
159,1-Q1且IF大于10,1,Cell Stem Cell,CELL STEM CELL,1934-5909,1875-9777,23.3,24.4,Q1,1/32,Q1,Q1,4.08,98.4,98.0,33534.0,CELL & TISSUE ENGINEERING; CELL BIOLOGY,CELL & TISSUE ENGINEERING(JIF Q1/JCI Q1) | CELL BIOLOGY(JIF Q1/JCI Q1),CELL PRESS,其他,是,SCIE,需核实,请查期刊官网 Author / Open Access 页面,未知,,https://www.google.com/search?q=Cell+Stem+Cell+aims+scope+instructions+for+authors+APC
160,1-Q1且IF大于10,1,INTENSIVE CARE MEDICINE,INTENS CARE MED,0342-4642,1432-1238,22.0,26.7,Q1,2/66,Q1,Q1,3.64,97.7,98.0,34080.0,CRITICAL CARE MEDICINE,CRITICAL CARE MEDICINE(JIF Q1/JCI Q1),SPRINGER,Springer,是,SCIE,混合为主,"订阅路线通常无APC；选OA约 USD 2,790-4,290",中,https://www.springer.com/gp/open-access,https://www.google.com/search?q=INTENSIVE+CARE+MEDICINE+aims+scope+instructions+for+authors+APC
161,1-Q1且IF大于10,1,Blood Cancer Journal,BLOOD CANCER J,2044-5385,2044-5385,13.8,14.0,Q1,6/103,Q1,Q1,2.22,94.7,97.0,10205.0,HEMATOLOGY; ONCOLOGY,HEMATOLOGY(JIF Q1/JCI Q1) | ONCOLOGY(JIF Q1/JCI Q1),SPRINGERNATURE,Springer Nature,是,SCIE,混合/全OA,"全OA约 USD 2,090-3,490；Nature系更高；Scientific Reports已拉黑",中高,https://www.springernature.com/gp/open-research/journals-books/journals,https://www.google.com/search?q=Blood+Cancer+Journal+aims+scope+instructions+for+authors+APC
162,1-Q1且IF大于10,1,JAMA Dermatology,JAMA DERMATOL,2168-6068,2168-6084,10.9,12.6,Q1,4/99,Q1,Q1,3.91,96.5,97.0,12692.0,DERMATOLOGY,DERMATOLOGY(JIF Q1/JCI Q1),AMER MEDICAL ASSOC,其他,是,SCIE,需核实,请查期刊官网 Author / Open Access 页面,未知,,https://www.google.com/search?q=JAMA+Dermatology+aims+scope+instructions+for+authors+APC
163,1-Q1且IF大于10,1,Med,MED-CAMBRIDGE,2666-6359,2666-6340,13.3,12.1,Q1,14/191,Q1,Q1,2.72,92.9,96.0,3592.0,"MEDICINE, RESEARCH & EXPERIMENTAL","MEDICINE, RESEARCH & EXPERIMENTAL(JIF Q1/JCI Q1)",CELL PRESS,其他,否,ESCI,需核实,请查期刊官网 Author / Open Access 页面,未知,,https://www.google.com/search?q=Med+aims+scope+instructions+for+authors+APC
164,1-Q1且IF大于10,1,Lancet Microbe,LANCET MICROBE,,2666-5247,21.9,20.1,Q1,2/141,Q1,Q1,3.69,98.9,95.0,8267.0,INFECTIOUS DISEASES; MICROBIOLOGY,INFECTIOUS DISEASES(JIF Q1/JCI Q1) | MICROBIOLOGY(JIF Q1/JCI Q1),ELSEVIER,Elsevier,是,SCIE,混合为主,"订阅路线通常无APC；Gold OA常见 USD 2,200-4,200",中,https://www.elsevier.com/open-access/agreements,https://www.google.com/search?q=Lancet+Microbe+aims+scope+instructions+for+authors+APC
165,1-Q1且IF大于10,1,Nature Cardiovascular Research,NAT CARDIOVASC RES,,2731-0590,12.6,13.5,Q1,11/237,Q1,Q1,2.88,95.6,94.0,3499.0,CARDIAC & CARDIOVASCULAR SYSTEMS,CARDIAC & CARDIOVASCULAR SYSTEMS(JIF Q1/JCI Q1),SPRINGERNATURE,Springer Nature,否,ESCI,混合/全OA,"全OA约 USD 2,090-3,490；Nature系更高；Scientific Reports已拉黑",中高,https://www.springernature.com/gp/open-research/journals-books/journals,https://www.google.com/search?q=Nature+Cardiovascular+Research+aims+scope+instructions+for+authors+APC
166,1-Q1且IF大于10,1,DRUG RESISTANCE UPDATES,DRUG RESIST UPDATE,1368-7646,1532-2084,22.0,23.0,Q1,3/356,Q1,Q1,4.47,99.3,93.0,9360.0,PHARMACOLOGY & PHARMACY,PHARMACOLOGY & PHARMACY(JIF Q1/JCI Q1),CHURCHILL LIVINGSTONE,Elsevier,是,SCIE,混合为主,"订阅路线通常无APC；Gold OA常见 USD 2,200-4,200",中,https://www.elsevier.com/open-access/agreements,https://www.google.com/search?q=DRUG+RESISTANCE+UPDATES+aims+scope+instructions+for+authors+APC
167,1-Q1且IF大于10,1,Molecular Plant,MOL PLANT,1674-2052,1752-9867,32.7,31.3,Q1,1/285,Q1,Q1,4.84,98.6,88.0,32597.0,BIOCHEMISTRY & MOLECULAR BIOLOGY,BIOCHEMISTRY & MOLECULAR BIOLOGY(JIF Q1/JCI Q1),CELL PRESS,其他,是,SCIE,需核实,请查期刊官网 Author / Open Access 页面,未知,,https://www.google.com/search?q=Molecular+Plant+aims+scope+instructions+for+authors+APC
168,1-Q1且IF大于10,1,Lancet Planetary Health,LANCET PLANET HEALTH,,2542-5196,20.5,29.5,Q1,5/443,Q1,Q1,4.37,99.0,88.0,14537.0,"PUBLIC, ENVIRONMENTAL & OCCUPATIONAL HEALTH","PUBLIC, ENVIRONMENTAL & OCCUPATIONAL HEALTH(JIF Q1/JCI Q1)",ELSEVIER SCI LTD,Elsevier,是,"SCIE; SCIE, SSCI",混合为主,"订阅路线通常无APC；Gold OA常见 USD 2,200-4,200",中,https://www.elsevier.com/open-access/agreements,https://www.google.com/search?q=Lancet+Planetary+Health+aims+scope+instructions+for+authors+APC
169,1-Q1且IF大于10,1,ENVIRONMENTAL HEALTH PERSPECTIVES,ENVIRON HEALTH PERSP,0091-6765,1552-9924,10.9,12.1,Q1,11/443,Q1,Q1,2.38,97.6,84.0,41356.0,"PUBLIC, ENVIRONMENTAL & OCCUPATIONAL HEALTH; TOXICOLOGY","PUBLIC, ENVIRONMENTAL & OCCUPATIONAL HEALTH(JIF Q1/JCI Q1) | TOXICOLOGY(JIF Q1/JCI Q1)",US DEPT HEALTH HUMAN SCIENCES PUBLIC HEALTH SCIENCE,其他,是,SCIE,需核实,请查期刊官网 Author / Open Access 页面,未知,,https://www.google.com/search?q=ENVIRONMENTAL+HEALTH+PERSPECTIVES+aims+scope+instructions+for+authors+APC
170,1-Q1且IF大于10,1,SEMINARS IN CANCER BIOLOGY,SEMIN CANCER BIOL,1044-579X,1096-3650,20.3,17.2,Q1,18/333,Q1,Q1,3.7,94.7,83.0,21930.0,ONCOLOGY,ONCOLOGY(JIF Q1/JCI Q1),ACADEMIC PRESS LTD- ELSEVIER SCIENCE LTD,Elsevier,是,SCIE,混合为主,"订阅路线通常无APC；Gold OA常见 USD 2,200-4,200",中,https://www.elsevier.com/open-access/agreements,https://www.google.com/search?q=SEMINARS+IN+CANCER+BIOLOGY+aims+scope+instructions+for+authors+APC
171,1-Q1且IF大于10,1,Nature Computational Science,NAT COMPUT SCI,,2662-8457,20.3,21.9,Q1,2/146,Q1,Q1,3.6,95.4,82.0,6661.0,MULTIDISCIPLINARY SCIENCES,MULTIDISCIPLINARY SCIENCES(JIF Q1/JCI Q1),SPRINGERNATURE,Springer Nature,是,SCIE,混合/全OA,"全OA约 USD 2,090-3,490；Nature系更高；Scientific Reports已拉黑",中高,https://www.springernature.com/gp/open-research/journals-books/journals,https://www.google.com/search?q=Nature+Computational+Science+aims+scope+instructions+for+authors+APC
172,1-Q1且IF大于10,1,Lancet Public Health,LANCET PUBLIC HEALTH,2468-2667,2468-2667,26.5,32.8,Q1,3/443,Q1,Q1,7.61,99.4,76.0,17385.0,"PUBLIC, ENVIRONMENTAL & OCCUPATIONAL HEALTH","PUBLIC, ENVIRONMENTAL & OCCUPATIONAL HEALTH(JIF Q1/JCI Q1)",ELSEVIER SCI LTD,Elsevier,是,"SCIE, SSCI",混合为主,"订阅路线通常无APC；Gold OA常见 USD 2,200-4,200",中,https://www.elsevier.com/open-access/agreements,https://www.google.com/search?q=Lancet+Public+Health+aims+scope+instructions+for+authors+APC
173,1-Q1且IF大于10,1,NEJM Evidence,NEJM EVID,,2766-5526,11.6,16.0,Q1,13/336,Q1,Q1,3.56,96.3,76.0,4480.0,"MEDICINE, GENERAL & INTERNAL","MEDICINE, GENERAL & INTERNAL(JIF Q1/JCI Q1)",MASSACHUSETTS MEDICAL SOC,其他,否,ESCI,需核实,请查期刊官网 Author / Open Access 页面,未知,,https://www.google.com/search?q=NEJM+Evidence+aims+scope+instructions+for+authors+APC
174,1-Q1且IF大于10,1,Bone Research,BONE RES,2095-4700,2095-6231,20.1,19.9,Q1,2/32,Q1,Q1,3.37,95.3,74.0,8555.0,CELL & TISSUE ENGINEERING,CELL & TISSUE ENGINEERING(JIF Q1/JCI Q1),SPRINGERNATURE,Springer Nature,是,SCIE,混合/全OA,"全OA约 USD 2,090-3,490；Nature系更高；Scientific Reports已拉黑",中高,https://www.springernature.com/gp/open-research/journals-books/journals,https://www.google.com/search?q=Bone+Research+aims+scope+instructions+for+authors+APC
175,1-Q1且IF大于10,1,SPORTS MEDICINE,SPORTS MED,0112-1642,1179-2035,11.0,13.7,Q1,3/136,Q1,Q1,2.27,98.2,73.0,36000.0,SPORT SCIENCES,SPORT SCIENCES(JIF Q1/JCI Q1),ADIS INT LTD,其他,是,SCIE,需核实,请查期刊官网 Author / Open Access 页面,未知,,https://www.google.com/search?q=SPORTS+MEDICINE+aims+scope+instructions+for+authors+APC
176,1-Q1且IF大于10,1,Cell Discovery,CELL DISCOV,,2056-5968,16.9,16.3,Q1,16/207,Q1,Q1,1.86,92.5,72.0,8357.0,CELL BIOLOGY,CELL BIOLOGY(JIF Q1/JCI Q1),SPRINGERNATURE,Springer Nature,是,SCIE,混合/全OA,"全OA约 USD 2,090-3,490；Nature系更高；Scientific Reports已拉黑",中高,https://www.springernature.com/gp/open-research/journals-books/journals,https://www.google.com/search?q=Cell+Discovery+aims+scope+instructions+for+authors+APC
177,1-Q1且IF大于10,1,Molecular Biomedicine,MOL BIOMED,,2662-8651,13.0,11.8,Q1,22/328,Q1,Q1,1.23,93.4,71.0,2618.0,"BIOCHEMISTRY & MOLECULAR BIOLOGY; CELL BIOLOGY; MEDICINE, RESEARCH & EXPERIMENTAL","BIOCHEMISTRY & MOLECULAR BIOLOGY(JIF Q1/JCI Q1) | CELL BIOLOGY(JIF Q1/JCI Q1) | MEDICINE, RESEARCH & EXPERIMENTAL(JIF Q1/JCI Q1)",SPRINGERNATURE,Springer Nature,否,ESCI,混合/全OA,"全OA约 USD 2,090-3,490；Nature系更高；Scientific Reports已拉黑",中高,https://www.springernature.com/gp/open-research/journals-books/journals,https://www.google.com/search?q=Molecular+Biomedicine+aims+scope+instructions+for+authors+APC
178,1-Q1且IF大于10,1,Lancet Respiratory Medicine,LANCET RESP MED,2213-2600,,34.7,34.2,Q1,1/107,Q1,Q1,7.93,99.5,69.0,25277.0,CRITICAL CARE MEDICINE; RESPIRATORY SYSTEM,CRITICAL CARE MEDICINE(JIF Q1/JCI Q1) | RESPIRATORY SYSTEM(JIF Q1/JCI Q1),ELSEVIER SCI LTD,Elsevier,是,SCIE,混合为主,"订阅路线通常无APC；Gold OA常见 USD 2,200-4,200",中,https://www.elsevier.com/open-access/agreements,https://www.google.com/search?q=Lancet+Respiratory+Medicine+aims+scope+instructions+for+authors+APC
179,1-Q1且IF大于10,1,Molecular Neurodegeneration,MOL NEURODEGENER,,1750-1326,19.6,21.1,Q1,5/330,Q1,Q1,3.58,98.6,69.0,14388.0,NEUROSCIENCES,NEUROSCIENCES(JIF Q1/JCI Q1),BMC,BMC,是,SCIE,全OA,"约 USD 1,990-2,890（旗舰刊更高）",高,https://www.biomedcentral.com/getpublished/article-processing-charges,https://www.google.com/search?q=Molecular+Neurodegeneration+aims+scope+instructions+for+authors+APC
180,1-Q1且IF大于10,1,Innovation,INNOVATION-AMSTERDAM,2666-6758,2666-6758,39.5,46.0,Q1,4/140,Q1,Q1,3.66,97.5,68.0,13607.0,MULTIDISCIPLINARY SCIENCES,MULTIDISCIPLINARY SCIENCES(JIF Q1/JCI Q1),CELL PRESS,其他,否,ESCI,需核实,请查期刊官网 Author / Open Access 页面,未知,,https://www.google.com/search?q=Innovation+aims+scope+instructions+for+authors+APC
181,1-Q1且IF大于10,1,EUROPEAN UROLOGY,EUR UROL,0302-2838,1873-7560,29.1,25.0,Q1,2/134,Q1,Q1,7.51,98.9,67.0,38364.0,UROLOGY & NEPHROLOGY,UROLOGY & NEPHROLOGY(JIF Q1/JCI Q1),ELSEVIER,Elsevier,是,SCIE,混合为主,"订阅路线通常无APC；Gold OA常见 USD 2,200-4,200",中,https://www.elsevier.com/open-access/agreements,https://www.google.com/search?q=EUROPEAN+UROLOGY+aims+scope+instructions+for+authors+APC
182,1-Q1且IF大于10,1,JOURNAL OF BIOMEDICAL SCIENCE,J BIOMED SCI,1021-7770,1423-0127,14.5,13.2,Q1,8/191,Q1,Q1,1.67,96.1,67.0,12330.0,"CELL BIOLOGY; MEDICINE, RESEARCH & EXPERIMENTAL","CELL BIOLOGY(JIF Q1/JCI Q1) | MEDICINE, RESEARCH & EXPERIMENTAL(JIF Q1/JCI Q1)",BMC,BMC,是,SCIE,全OA,"约 USD 1,990-2,890（旗舰刊更高）",高,https://www.biomedcentral.com/getpublished/article-processing-charges,https://www.google.com/search?q=JOURNAL+OF+BIOMEDICAL+SCIENCE+aims+scope+instructions+for+authors+APC
183,1-Q1且IF大于10,1,Cellular & Molecular Immunology,CELL MOL IMMUNOL,1672-7681,2042-0226,23.9,27.6,Q1,5/183,Q1,Q1,3.01,97.5,66.0,21315.0,IMMUNOLOGY,IMMUNOLOGY(JIF Q1/JCI Q1),CHIN SOCIETY IMMUNOLOGY,其他,是,SCIE,需核实,请查期刊官网 Author / Open Access 页面,未知,,https://www.google.com/search?q=Cellular+&+Molecular+Immunology+aims+scope+instructions+for+authors+APC
184,1-Q1且IF大于10,1,JACC-Cardiovascular Imaging,JACC-CARDIOVASC IMAG,1936-878X,1876-7591,19.0,15.3,Q1,2/217,Q1,Q1,4.34,99.3,66.0,19131.0,"CARDIAC & CARDIOVASCULAR SYSTEMS; RADIOLOGY, NUCLEAR MEDICINE & MEDICAL IMAGING","CARDIAC & CARDIOVASCULAR SYSTEMS(JIF Q1/JCI Q1) | RADIOLOGY, NUCLEAR MEDICINE & MEDICAL IMAGING(JIF Q1/JCI Q1)",ELSEVIER SCIENCE INC,Elsevier,是,SCIE,混合为主,"订阅路线通常无APC；Gold OA常见 USD 2,200-4,200",中,https://www.elsevier.com/open-access/agreements,https://www.google.com/search?q=JACC-Cardiovascular+Imaging+aims+scope+instructions+for+authors+APC
185,1-Q1且IF大于10,1,Biomarker Research,BIOMARK RES,,2050-7771,14.6,13.9,Q1,7/191,Q1,Q1,1.8,96.6,66.0,7601.0,"MEDICINE, RESEARCH & EXPERIMENTAL; ONCOLOGY","MEDICINE, RESEARCH & EXPERIMENTAL(JIF Q1/JCI Q1) | ONCOLOGY(JIF Q1/JCI Q1)",BMC,BMC,是,SCIE,全OA,"约 USD 1,990-2,890（旗舰刊更高）",高,https://www.biomedcentral.com/getpublished/article-processing-charges,https://www.google.com/search?q=Biomarker+Research+aims+scope+instructions+for+authors+APC
186,1-Q1且IF大于10,1,Lancet Digital Health,LANCET DIGIT HEALTH,,2589-7500,25.5,29.8,Q1,1/54,Q1,Q1,3.78,99.1,65.0,11618.0,"MEDICAL INFORMATICS; MEDICINE, GENERAL & INTERNAL","MEDICAL INFORMATICS(JIF Q1/JCI Q1) | MEDICINE, GENERAL & INTERNAL(JIF Q1/JCI Q1)",ELSEVIER,Elsevier,是,SCIE,混合为主,"订阅路线通常无APC；Gold OA常见 USD 2,200-4,200",中,https://www.elsevier.com/open-access/agreements,https://www.google.com/search?q=Lancet+Digital+Health+aims+scope+instructions+for+authors+APC
187,1-Q1且IF大于10,1,Lancet Healthy Longevity,LANCET HEALTH LONGEV,2666-7568,2666-7568,20.5,20.7,Q1,2/72,Q1,Q1,3.66,97.9,63.0,5878.0,GERIATRICS & GERONTOLOGY,GERIATRICS & GERONTOLOGY(JIF Q1/JCI Q1),ELSEVIER,Elsevier,是,SCIE,混合为主,"订阅路线通常无APC；Gold OA常见 USD 2,200-4,200",中,https://www.elsevier.com/open-access/agreements,https://www.google.com/search?q=Lancet+Healthy+Longevity+aims+scope+instructions+for+authors+APC
188,1-Q1且IF大于10,1,Radiology-Artificial Intelligence,RADIOL-ARTIF INTELL,2638-6100,2638-6100,20.1,16.1,Q1,1/217,Q1,Q1,3.22,99.8,63.0,4771.0,"RADIOLOGY, NUCLEAR MEDICINE & MEDICAL IMAGING","RADIOLOGY, NUCLEAR MEDICINE & MEDICAL IMAGING(JIF Q1/JCI Q1)",RADIOLOGICAL SOC NORTH AMERICA (RSNA),其他,是,SCIE,需核实,请查期刊官网 Author / Open Access 页面,未知,,https://www.google.com/search?q=Radiology-Artificial+Intelligence+aims+scope+instructions+for+authors+APC
189,1-Q1且IF大于10,1,Lancet HIV,LANCET HIV,2352-3018,2352-3018,14.6,13.7,Q1,3/141,Q1,Q1,2.95,98.2,63.0,7238.0,IMMUNOLOGY; INFECTIOUS DISEASES,IMMUNOLOGY(JIF Q1/JCI Q1) | INFECTIOUS DISEASES(JIF Q1/JCI Q1),ELSEVIER INC,Elsevier,是,SCIE,混合为主,"订阅路线通常无APC；Gold OA常见 USD 2,200-4,200",中,https://www.elsevier.com/open-access/agreements,https://www.google.com/search?q=Lancet+HIV+aims+scope+instructions+for+authors+APC
190,1-Q1且IF大于10,1,Cyborg and Bionic Systems,CYBORG BIONIC SYST,,2692-7632,20.9,16.5,Q1,4/130,Q1,Q1,3.09,97.3,62.0,2883.0,"ENGINEERING, BIOMEDICAL","ENGINEERING, BIOMEDICAL(JIF Q1/JCI Q1)",AMER ASSOC ADVANCEMENT SCIENCE,其他,是,SCIE,需核实,请查期刊官网 Author / Open Access 页面,未知,,https://www.google.com/search?q=Cyborg+and+Bionic+Systems+aims+scope+instructions+for+authors+APC
191,1-Q1且IF大于10,1,CELL RESEARCH,CELL RES,1001-0602,1748-7838,31.1,38.8,Q1,7/207,Q1,Q1,3.16,96.9,61.0,30501.0,CELL BIOLOGY,CELL BIOLOGY(JIF Q1/JCI Q1),SPRINGERNATURE,Springer Nature,是,SCIE,混合/全OA,"全OA约 USD 2,090-3,490；Nature系更高；Scientific Reports已拉黑",中高,https://www.springernature.com/gp/open-research/journals-books/journals,https://www.google.com/search?q=CELL+RESEARCH+aims+scope+instructions+for+authors+APC
192,1-Q1且IF大于10,1,Exploration,EXPLORATION-PRC,2766-8509,2766-2098,30.4,27.6,Q1,9/472,Q1,Q1,2.29,96.8,59.0,7152.0,MULTIDISCIPLINARY SCIENCES,MULTIDISCIPLINARY SCIENCES(JIF Q1/JCI Q1),WILEY,Wiley,否,ESCI,混合为主,"订阅路线通常无APC；OnlineOpen常见 USD 3,200-4,700",中,https://authorservices.wiley.com/author-resources/Journal-Authors/open-access/article-publication-charges.html,https://www.google.com/search?q=Exploration+aims+scope+instructions+for+authors+APC
193,1-Q1且IF大于10,1,Experimental Hematology & Oncology,EXP HEMATOL ONCOL,,2162-3619,17.5,14.9,Q1,5/103,Q1,Q1,2.25,95.6,58.0,5424.0,HEMATOLOGY; ONCOLOGY,HEMATOLOGY(JIF Q1/JCI Q1) | ONCOLOGY(JIF Q1/JCI Q1),BMC,BMC,是,SCIE,全OA,"约 USD 1,990-2,890（旗舰刊更高）",高,https://www.biomedcentral.com/getpublished/article-processing-charges,https://www.google.com/search?q=Experimental+Hematology+&+Oncology+aims+scope+instructions+for+authors+APC
194,1-Q1且IF大于10,1,Lancet Gastroenterology & Hepatology,LANCET GASTROENTEROL,,2468-1253,39.1,38.8,Q1,3/153,Q1,Q1,7.79,98.4,57.0,19481.0,GASTROENTEROLOGY & HEPATOLOGY,GASTROENTEROLOGY & HEPATOLOGY(JIF Q1/JCI Q1),ELSEVIER INC,Elsevier,是,SCIE,混合为主,"订阅路线通常无APC；Gold OA常见 USD 2,200-4,200",中,https://www.elsevier.com/open-access/agreements,https://www.google.com/search?q=Lancet+Gastroenterology+&+Hepatology+aims+scope+instructions+for+authors+APC
195,1-Q1且IF大于10,1,Lancet Diabetes & Endocrinology,LANCET DIABETES ENDO,2213-8587,2213-8595,36.3,45.7,Q1,3/198,Q1,Q1,7.42,98.7,57.0,26882.0,ENDOCRINOLOGY & METABOLISM,ENDOCRINOLOGY & METABOLISM(JIF Q1/JCI Q1),ELSEVIER SCIENCE INC,Elsevier,是,SCIE,混合为主,"订阅路线通常无APC；Gold OA常见 USD 2,200-4,200",中,https://www.elsevier.com/open-access/agreements,https://www.google.com/search?q=Lancet+Diabetes+&+Endocrinology+aims+scope+instructions+for+authors+APC
196,1-Q1且IF大于10,1,Lancet Haematology,LANCET HAEMATOL,2352-3026,,20.4,17.3,Q1,3/103,Q1,Q1,4.39,97.6,57.0,8860.0,HEMATOLOGY,HEMATOLOGY(JIF Q1/JCI Q1),ELSEVIER SCI LTD,Elsevier,是,SCIE,混合为主,"订阅路线通常无APC；Gold OA常见 USD 2,200-4,200",中,https://www.elsevier.com/open-access/agreements,https://www.google.com/search?q=Lancet+Haematology+aims+scope+instructions+for+authors+APC
197,1-Q1且IF大于10,1,Liver Cancer,LIVER CANCER,2235-1795,1664-5553,10.5,11.5,Q1,11/153,Q1,Q1,1.82,93.1,57.0,3892.0,GASTROENTEROLOGY & HEPATOLOGY; ONCOLOGY,GASTROENTEROLOGY & HEPATOLOGY(JIF Q1/JCI Q1) | ONCOLOGY(JIF Q1/JCI Q1),KARGER,Karger,是,SCIE,混合/OA,"因刊而异，常见 USD 2,500-3,800",中,https://karger.com/pages/Open-Access,https://www.google.com/search?q=Liver+Cancer+aims+scope+instructions+for+authors+APC
198,1-Q1且IF大于10,1,iMeta,IMETA,2770-5986,2770-596X,44.4,47.3,Q1,2/167,Q1,Q1,6.78,99.1,56.0,7646.0,MICROBIOLOGY,MICROBIOLOGY(JIF Q1/JCI Q1),WILEY,Wiley,是,SCIE,混合为主,"订阅路线通常无APC；OnlineOpen常见 USD 3,200-4,700",中,https://authorservices.wiley.com/author-resources/Journal-Authors/open-access/article-publication-charges.html,https://www.google.com/search?q=iMeta+aims+scope+instructions+for+authors+APC
199,1-Q1且IF大于10,1,Lancet Psychiatry,LANCET PSYCHIAT,2215-0366,2215-0374,21.1,32.5,Q1,2/293,Q1,Q1,6.11,99.5,56.0,23610.0,PSYCHIATRY,PSYCHIATRY(JIF Q1/JCI Q1),ELSEVIER SCI LTD,Elsevier,是,"SCIE, SSCI",混合为主,"订阅路线通常无APC；Gold OA常见 USD 2,200-4,200",中,https://www.elsevier.com/open-access/agreements,https://www.google.com/search?q=Lancet+Psychiatry+aims+scope+instructions+for+authors+APC
200,1-Q1且IF大于10,1,DRUGS,DRUGS,0012-6667,1179-1950,14.7,14.4,Q1,2/106,Q1,Q1,2.82,98.6,55.0,24630.0,PHARMACOLOGY & PHARMACY; TOXICOLOGY,PHARMACOLOGY & PHARMACY(JIF Q1/JCI Q1) | TOXICOLOGY(JIF Q1/JCI Q1),ADIS INT LTD,其他,是,SCIE,需核实,请查期刊官网 Author / Open Access 页面,未知,,https://www.google.com/search?q=DRUGS+aims+scope+instructions+for+authors+APC
201,1-Q1且IF大于10,1,npj Antimicrobials and Resistance,NPJ ANTIMICROB RESIS,,2731-8745,13.6,13.6,Q1,4/141,Q1,Q1,1.94,97.5,55.0,1147.0,INFECTIOUS DISEASES; MICROBIOLOGY,INFECTIOUS DISEASES(JIF Q1/JCI Q1) | MICROBIOLOGY(JIF Q1/JCI Q1),SPRINGERNATURE,Springer Nature,否,ESCI,混合/全OA,"全OA约 USD 2,090-3,490；Nature系更高；Scientific Reports已拉黑",中高,https://www.springernature.com/gp/open-research/journals-books/journals,https://www.google.com/search?q=npj+Antimicrobials+and+Resistance+aims+scope+instructions+for+authors+APC
202,1-Q1且IF大于10,1,Implementation Science,IMPLEMENT SCI,1748-5908,1748-5908,10.2,14.1,Q1,2/125,Q1,Q1,3.72,98.8,53.0,23777.0,HEALTH CARE SCIENCES & SERVICES; HEALTH POLICY & SERVICES,HEALTH CARE SCIENCES & SERVICES(JIF Q1/JCI Q1) | HEALTH POLICY & SERVICES(JIF Q1/JCI Q1),BMC,BMC,是,SCIE; SSCI,全OA,"约 USD 1,990-2,890（旗舰刊更高）",高,https://www.biomedcentral.com/getpublished/article-processing-charges,https://www.google.com/search?q=Implementation+Science+aims+scope+instructions+for+authors+APC
203,1-Q1且IF大于10,1,LANCET NEUROLOGY,LANCET NEUROL,1474-4422,1474-4465,54.6,60.2,Q1,1/296,Q1,Q1,12.67,99.8,52.0,59391.0,CLINICAL NEUROLOGY,CLINICAL NEUROLOGY(JIF Q1/JCI Q1),ELSEVIER SCIENCE INC,Elsevier,是,SCIE,混合为主,"订阅路线通常无APC；Gold OA常见 USD 2,200-4,200",中,https://www.elsevier.com/open-access/agreements,https://www.google.com/search?q=LANCET+NEUROLOGY+aims+scope+instructions+for+authors+APC
204,1-Q1且IF大于10,1,Lancet Rheumatology,LANCET RHEUMATOL,2665-9913,2665-9913,29.5,18.9,Q1,2/58,Q1,Q1,5.48,97.4,52.0,6511.0,RHEUMATOLOGY,RHEUMATOLOGY(JIF Q1/JCI Q1),ELSEVIER,Elsevier,是,SCIE,混合为主,"订阅路线通常无APC；Gold OA常见 USD 2,200-4,200",中,https://www.elsevier.com/open-access/agreements,https://www.google.com/search?q=Lancet+Rheumatology+aims+scope+instructions+for+authors+APC
205,1-Q1且IF大于10,1,Clinical and Molecular Hepatology,CLIN MOL HEPATOL,2287-2728,2287-285X,21.7,15.7,Q1,6/153,Q1,Q1,3.2,96.4,52.0,6351.0,GASTROENTEROLOGY & HEPATOLOGY,GASTROENTEROLOGY & HEPATOLOGY(JIF Q1/JCI Q1),KOREAN ASSOC STUDY LIVER,其他,是,SCIE,需核实,请查期刊官网 Author / Open Access 页面,未知,,https://www.google.com/search?q=Clinical+and+Molecular+Hepatology+aims+scope+instructions+for+authors+APC
206,1-Q1且IF大于10,1,Lancet Child & Adolescent Health,LANCET CHILD ADOLESC,2352-4642,2352-4642,13.4,18.9,Q1,2/190,Q1,Q1,6.79,99.2,51.0,9178.0,PEDIATRICS,PEDIATRICS(JIF Q1/JCI Q1),ELSEVIER SCI LTD,Elsevier,是,SCIE,混合为主,"订阅路线通常无APC；Gold OA常见 USD 2,200-4,200",中,https://www.elsevier.com/open-access/agreements,https://www.google.com/search?q=Lancet+Child+&+Adolescent+Health+aims+scope+instructions+for+authors+APC
207,1-Q1且IF大于10,1,AMERICAN JOURNAL OF PSYCHIATRY,AM J PSYCHIAT,0002-953X,1535-7228,15.9,20.0,Q1,4/293,Q1,Q1,3.67,98.8,50.0,40251.0,PSYCHIATRY,PSYCHIATRY(JIF Q1/JCI Q1),"AMER PSYCHIATRIC PUBLISHING, INC",其他,是,"SCIE, SSCI",需核实,请查期刊官网 Author / Open Access 页面,未知,,https://www.google.com/search?q=AMERICAN+JOURNAL+OF+PSYCHIATRY+aims+scope+instructions+for+authors+APC
208,1-Q1且IF大于10,0,Journal of Sport and Health Science,J SPORT HEALTH SCI,2095-2546,2213-2961,13.1,13.3,Q1,2/136,Q1,Q1,3.6,98.9,49.0,7085.0,SPORT SCIENCES,SPORT SCIENCES(JIF Q1/JCI Q1),SHANGHAI UNIV SPORT,其他,是,SSCI; SCIE,需核实,请查期刊官网 Author / Open Access 页面,未知,,https://www.google.com/search?q=Journal+of+Sport+and+Health+Science+aims+scope+instructions+for+authors+APC
209,1-Q1且IF大于10,0,Asian Journal of Pharmaceutical Sciences,ASIAN J PHARM SCI,1818-0876,1818-0876,12.6,12.6,Q1,11/356,Q1,Q1,2.5,97.1,47.0,6200.0,PHARMACOLOGY & PHARMACY,PHARMACOLOGY & PHARMACY(JIF Q1/JCI Q1),KEAI PUBLISHING LTD,其他,是,SCIE,需核实,请查期刊官网 Author / Open Access 页面,未知,,https://www.google.com/search?q=Asian+Journal+of+Pharmaceutical+Sciences+aims+scope+instructions+for+authors+APC
210,1-Q1且IF大于10,0,Chinese Herbal Medicines,CHIN HERB MED,1674-6384,1674-6384,11.2,7.7,Q1,4/72,Q1,Q1,1.55,95.1,47.0,3215.0,"CHEMISTRY, MEDICINAL","CHEMISTRY, MEDICINAL(JIF Q1/JCI Q1)",ELSEVIER SINGAPORE PTE LTD,Elsevier,否,ESCI,混合为主,"订阅路线通常无APC；Gold OA常见 USD 2,200-4,200",中,https://www.elsevier.com/open-access/agreements,https://www.google.com/search?q=Chinese+Herbal+Medicines+aims+scope+instructions+for+authors+APC
211,1-Q1且IF大于10,0,BMJ Evidence-Based Medicine,BMJ EVID-BASED MED,2515-446X,2515-4478,10.8,10.8,Q1,15/336,Q1,Q1,2.01,95.7,47.0,2777.0,"MEDICINE, GENERAL & INTERNAL","MEDICINE, GENERAL & INTERNAL(JIF Q1/JCI Q1)",BMJ PUBLISHING GROUP,BMJ,是,SCIE,混合/全OA,"BMJ Open约GBP 2,175；旗舰刊更高",高,https://authors.bmj.com/open-access/,https://www.google.com/search?q=BMJ+Evidence-Based+Medicine+aims+scope+instructions+for+authors+APC
212,1-Q1且IF大于10,0,International Journal of Oral Science,INT J ORAL SCI,1674-2818,2049-3169,17.6,17.0,Q1,2/165,Q1,Q1,4.7,99.1,44.0,6433.0,"DENTISTRY, ORAL SURGERY & MEDICINE","DENTISTRY, ORAL SURGERY & MEDICINE(JIF Q1/JCI Q1)",SPRINGERNATURE,Springer Nature,是,SCIE,混合/全OA,"全OA约 USD 2,090-3,490；Nature系更高；Scientific Reports已拉黑",中高,https://www.springernature.com/gp/open-research/journals-books/journals,https://www.google.com/search?q=International+Journal+of+Oral+Science+aims+scope+instructions+for+authors+APC
213,1-Q1且IF大于10,0,European Respiratory Review,EUR RESPIR REV,0905-9180,1600-0617,10.8,11.5,Q1,5/107,Q1,Q1,2.5,95.8,44.0,9760.0,RESPIRATORY SYSTEM,RESPIRATORY SYSTEM(JIF Q1/JCI Q1),EUROPEAN RESPIRATORY SOC JOURNALS LTD,其他,是,SCIE,需核实,请查期刊官网 Author / Open Access 页面,未知,,https://www.google.com/search?q=European+Respiratory+Review+aims+scope+instructions+for+authors+APC
214,1-Q1且IF大于10,0,Military Medical Research,MILITARY MED RES,2095-7467,2054-9369,29.0,24.1,Q1,6/336,Q1,Q1,3.85,98.4,43.0,7682.0,"MEDICINE, GENERAL & INTERNAL","MEDICINE, GENERAL & INTERNAL(JIF Q1/JCI Q1)",KEAI PUBLISHING LTD,其他,是,SCIE,需核实,请查期刊官网 Author / Open Access 页面,未知,,https://www.google.com/search?q=Military+Medical+Research+aims+scope+instructions+for+authors+APC
215,1-Q1且IF大于10,0,AGEING RESEARCH REVIEWS,AGEING RES REV,1568-1637,1872-9649,15.5,17.5,Q1,3/72,Q1,Q1,1.61,96.5,42.0,32111.0,CELL BIOLOGY; GERIATRICS & GERONTOLOGY,CELL BIOLOGY(JIF Q1/JCI Q1) | GERIATRICS & GERONTOLOGY(JIF Q1/JCI Q1),ELSEVIER IRELAND LTD,Elsevier,是,SCIE,混合为主,"订阅路线通常无APC；Gold OA常见 USD 2,200-4,200",中,https://www.elsevier.com/open-access/agreements,https://www.google.com/search?q=AGEING+RESEARCH+REVIEWS+aims+scope+instructions+for+authors+APC
216,1-Q1且IF大于10,0,Journal of Translational Internal Medicine,J TRANSL INTERN MED,2450-131X,2224-4018,12.5,8.5,Q1,11/336,Q1,Q1,1.93,96.9,42.0,2111.0,"MEDICINE, GENERAL & INTERNAL","MEDICINE, GENERAL & INTERNAL(JIF Q1/JCI Q1)",Paradigm Publishing Services-De Gruyter Brill Sp Zoo,De Gruyter,是,SCIE,混合/OA,因刊而异,中,https://www.degruyter.com/publishing/publications/openaccess,https://www.google.com/search?q=Journal+of+Translational+Internal+Medicine+aims+scope+instructions+for+authors+APC
217,1-Q1且IF大于10,0,ANGIOGENESIS,ANGIOGENESIS,0969-6970,1573-7209,11.2,9.2,Q1,3/100,Q1,Q1,1.98,97.5,42.0,4831.0,PERIPHERAL VASCULAR DISEASE,PERIPHERAL VASCULAR DISEASE(JIF Q1/JCI Q1),SPRINGER,Springer,是,SCIE,混合为主,"订阅路线通常无APC；选OA约 USD 2,790-4,290",中,https://www.springer.com/gp/open-access,https://www.google.com/search?q=ANGIOGENESIS+aims+scope+instructions+for+authors+APC
218,1-Q1且IF大于10,0,Journal of Tissue Engineering,J TISSUE ENG,2041-7314,2041-7314,10.1,8.2,Q1,3/32,Q1,Q1,1.34,92.2,42.0,3299.0,CELL & TISSUE ENGINEERING,CELL & TISSUE ENGINEERING(JIF Q1/JCI Q1),SAGE PUBLICATIONS INC,SAGE,是,SCIE,混合为主,"订阅路线通常无APC；SAGE Choice常见 USD 2,000-4,000",中,https://us.sagepub.com/en-us/nam/sage-choice,https://www.google.com/search?q=Journal+of+Tissue+Engineering+aims+scope+instructions+for+authors+APC
219,1-Q1且IF大于10,0,JACC: CardioOncology,JACC-CARDIOONCOL,2666-0873,2666-0873,15.5,15.8,Q1,8/237,Q1,Q1,2.73,96.8,40.0,4039.0,CARDIAC & CARDIOVASCULAR SYSTEMS; ONCOLOGY,CARDIAC & CARDIOVASCULAR SYSTEMS(JIF Q1/JCI Q1) | ONCOLOGY(JIF Q1/JCI Q1),ELSEVIER,Elsevier,是,SCIE,混合为主,"订阅路线通常无APC；Gold OA常见 USD 2,200-4,200",中,https://www.elsevier.com/open-access/agreements,https://www.google.com/search?q=JACC:+CardioOncology+aims+scope+instructions+for+authors+APC
220,1-Q1且IF大于10,0,SLEEP MEDICINE REVIEWS,SLEEP MED REV,1087-0792,1532-2955,11.6,15.9,Q1,7/296,Q1,Q1,2.06,97.8,40.0,18260.0,CLINICAL NEUROLOGY; NEUROSCIENCES,CLINICAL NEUROLOGY(JIF Q1/JCI Q1) | NEUROSCIENCES(JIF Q1/JCI Q1),W B SAUNDERS CO LTD,Elsevier,是,SCIE,混合为主,"订阅路线通常无APC；Gold OA常见 USD 2,200-4,200",中,https://www.elsevier.com/open-access/agreements,https://www.google.com/search?q=SLEEP+MEDICINE+REVIEWS+aims+scope+instructions+for+authors+APC
221,1-Q1且IF大于10,0,Burns & Trauma,BURNS TRAUMA,2321-3868,2321-3876,11.0,11.1,Q1,3/321,Q1,Q1,3.85,99.2,40.0,4477.0,DERMATOLOGY; EMERGENCY MEDICINE; SURGERY,DERMATOLOGY(JIF Q1/JCI Q1) | EMERGENCY MEDICINE(JIF Q1/JCI Q1) | SURGERY(JIF Q1/JCI Q1),OXFORD UNIV PRESS,Oxford UP,是,SCIE,混合为主,订阅路线通常无APC；可选OA，费用因刊而异,中,https://academic.oup.com/pages/open-research/open-access,https://www.google.com/search?q=Burns+&+Trauma+aims+scope+instructions+for+authors+APC
222,1-Q1且IF大于10,0,Journal of the National Cancer Center,J NATL CANCER CTR,2667-0054,2667-0054,25.2,19.9,Q1,13/333,Q1,Q1,4.67,96.2,38.0,2638.0,ONCOLOGY,ONCOLOGY(JIF Q1/JCI Q1),ELSEVIER,Elsevier,否,ESCI,混合为主,"订阅路线通常无APC；Gold OA常见 USD 2,200-4,200",中,https://www.elsevier.com/open-access/agreements,https://www.google.com/search?q=Journal+of+the+National+Cancer+Center+aims+scope+instructions+for+authors+APC
223,1-Q1且IF大于10,0,TRENDS IN ECOLOGY & EVOLUTION,TRENDS ECOL EVOL,0169-5347,1872-8383,17.9,20.2,Q1,1/205,Q1,Q1,2.44,98.7,38.0,43414.0,GENETICS & HEREDITY,GENETICS & HEREDITY(JIF Q1/JCI Q1),CELL PRESS,其他,是,SCIE,需核实,请查期刊官网 Author / Open Access 页面,未知,,https://www.google.com/search?q=TRENDS+IN+ECOLOGY+&+EVOLUTION+aims+scope+instructions+for+authors+APC
224,1-Q1且IF大于10,0,Cancer Biology & Medicine,CANCER BIOL MED,2095-3941,2095-3941,12.4,8.9,Q1,27/333,Q1,Q1,1.26,92.0,37.0,4958.0,"MEDICINE, RESEARCH & EXPERIMENTAL; ONCOLOGY","MEDICINE, RESEARCH & EXPERIMENTAL(JIF Q1/JCI Q1) | ONCOLOGY(JIF Q1/JCI Q1)",CHINA ANTI-CANCER ASSOC,其他,是,SCIE,需核实,请查期刊官网 Author / Open Access 页面,未知,,https://www.google.com/search?q=Cancer+Biology+&+Medicine+aims+scope+instructions+for+authors+APC
225,1-Q1且IF大于10,0,Cancer Communications,CANCER COMMUN,,2523-3548,28.4,31.4,Q1,11/333,Q1,Q1,4.27,96.8,36.0,9938.0,ONCOLOGY,ONCOLOGY(JIF Q1/JCI Q1),AMER ASSOC ADVANCEMENT SCIENCE,其他,是,SCIE,需核实,请查期刊官网 Author / Open Access 页面,未知,,https://www.google.com/search?q=Cancer+Communications+aims+scope+instructions+for+authors+APC
226,1-Q1且IF大于10,0,Journal of Hematology & Oncology,J HEMATOL ONCOL,,1756-8722,47.8,42.7,Q1,1/103,Q1,Q1,5.93,99.5,34.0,32695.0,HEMATOLOGY; ONCOLOGY,HEMATOLOGY(JIF Q1/JCI Q1) | ONCOLOGY(JIF Q1/JCI Q1),BMC,BMC,是,SCIE,全OA,"约 USD 1,990-2,890（旗舰刊更高）",高,https://www.biomedcentral.com/getpublished/article-processing-charges,https://www.google.com/search?q=Journal+of+Hematology+&+Oncology+aims+scope+instructions+for+authors+APC
227,1-Q1且IF大于10,0,AMERICAN JOURNAL OF CLINICAL DERMATOLOGY,AM J CLIN DERMATOL,1175-0561,1179-1888,11.4,10.7,Q1,2/99,Q1,Q1,2.97,98.5,33.0,7630.0,DERMATOLOGY,DERMATOLOGY(JIF Q1/JCI Q1),ADIS INT LTD,其他,是,SCIE,需核实,请查期刊官网 Author / Open Access 页面,未知,,https://www.google.com/search?q=AMERICAN+JOURNAL+OF+CLINICAL+DERMATOLOGY+aims+scope+instructions+for+authors+APC
228,1-Q1且IF大于10,0,IEEE Reviews in Biomedical Engineering,IEEE REV BIOMED ENG,1937-3333,1941-1189,16.0,16.7,Q1,6/130,Q1,Q1,2.52,95.8,32.0,3840.0,"ENGINEERING, BIOMEDICAL","ENGINEERING, BIOMEDICAL(JIF Q1/JCI Q1)",IEEE-INST ELECTRICAL ELECTRONICS ENGINEERS INC,IEEE,是,SCIE,混合/OA,因刊而异,中,https://open.ieee.org/,https://www.google.com/search?q=IEEE+Reviews+in+Biomedical+Engineering+aims+scope+instructions+for+authors+APC
229,1-Q1且IF大于10,0,BIOCHIMICA ET BIOPHYSICA ACTA-REVIEWS ON CANCER,BBA-REV CANCER,0304-419X,1879-2561,11.2,12.5,Q1,4/81,Q1,Q1,1.31,91.9,32.0,13936.0,BIOCHEMISTRY & MOLECULAR BIOLOGY; ONCOLOGY,BIOCHEMISTRY & MOLECULAR BIOLOGY(JIF Q1/JCI Q1) | ONCOLOGY(JIF Q1/JCI Q1),ELSEVIER,Elsevier,是,SCIE,混合为主,"订阅路线通常无APC；Gold OA常见 USD 2,200-4,200",中,https://www.elsevier.com/open-access/agreements,https://www.google.com/search?q=BIOCHIMICA+ET+BIOPHYSICA+ACTA-REVIEWS+ON+CANCER+aims+scope+instructions+for+authors+APC
230,1-Q1且IF大于10,0,Particle and Fibre Toxicology,PART FIBRE TOXICOL,1743-8977,1743-8977,10.6,11.6,Q1,7/106,Q1,Q1,2.38,93.9,32.0,6359.0,TOXICOLOGY,TOXICOLOGY(JIF Q1/JCI Q1),BMC,BMC,是,SCIE,全OA,"约 USD 1,990-2,890（旗舰刊更高）",高,https://www.biomedcentral.com/getpublished/article-processing-charges,https://www.google.com/search?q=Particle+and+Fibre+Toxicology+aims+scope+instructions+for+authors+APC
231,1-Q1且IF大于10,0,CLINICAL PSYCHOLOGY REVIEW,CLIN PSYCHOL REV,0272-7358,1873-7811,11.2,18.6,Q1,2/184,Q1,Q1,2.17,99.2,31.0,28034.0,"PSYCHOLOGY, CLINICAL","PSYCHOLOGY, CLINICAL(JIF Q1/JCI Q1)",PERGAMON-ELSEVIER SCIENCE LTD,Elsevier,否,SSCI,混合为主,"订阅路线通常无APC；Gold OA常见 USD 2,200-4,200",中,https://www.elsevier.com/open-access/agreements,https://www.google.com/search?q=CLINICAL+PSYCHOLOGY+REVIEW+aims+scope+instructions+for+authors+APC
232,1-Q1且IF大于10,0,Diagnostic and Interventional Imaging,DIAGN INTERV IMAG,2211-5684,2211-5684,11.1,6.6,Q1,7/217,Q1,Q1,2.32,97.0,31.0,4238.0,"RADIOLOGY, NUCLEAR MEDICINE & MEDICAL IMAGING","RADIOLOGY, NUCLEAR MEDICINE & MEDICAL IMAGING(JIF Q1/JCI Q1)","ELSEVIER MASSON, CORP OFF",Elsevier,是,SCIE,混合为主,"订阅路线通常无APC；Gold OA常见 USD 2,200-4,200",中,https://www.elsevier.com/open-access/agreements,https://www.google.com/search?q=Diagnostic+and+Interventional+Imaging+aims+scope+instructions+for+authors+APC
233,1-Q1且IF大于10,0,Protein & Cell,PROTEIN CELL,1674-800X,1674-8018,18.2,22.9,Q1,14/207,Q1,Q1,1.5,93.5,30.0,9917.0,CELL BIOLOGY,CELL BIOLOGY(JIF Q1/JCI Q1),OXFORD UNIV PRESS,Oxford UP,是,SCIE,混合为主,订阅路线通常无APC；可选OA，费用因刊而异,中,https://academic.oup.com/pages/open-research/open-access,https://www.google.com/search?q=Protein+&+Cell+aims+scope+instructions+for+authors+APC
234,1-Q1且IF大于10,0,Translational Neurodegeneration,TRANSL NEURODEGENER,2047-9158,2047-9158,19.1,19.7,Q1,6/330,Q1,Q1,2.78,98.3,29.0,6340.0,NEUROSCIENCES,NEUROSCIENCES(JIF Q1/JCI Q1),BMC,BMC,是,SCIE,全OA,"约 USD 1,990-2,890（旗舰刊更高）",高,https://www.biomedcentral.com/getpublished/article-processing-charges,https://www.google.com/search?q=Translational+Neurodegeneration+aims+scope+instructions+for+authors+APC
235,1-Q1且IF大于10,0,AMERICAN JOURNAL OF BIOETHICS,AM J BIOETHICS,1526-5161,1536-0075,17.6,13.8,Q1,1/78,Q1,Q1,5.1,99.0,29.0,4445.0,"MEDICAL ETHICS; SOCIAL SCIENCES, BIOMEDICAL","MEDICAL ETHICS(JIF Q1/JCI Q1) | SOCIAL SCIENCES, BIOMEDICAL(JIF Q1/JCI Q1)","ROUTLEDGE JOURNALS, TAYLOR & FRANCIS LTD",Taylor & Francis,是,SSCI; SCIE,混合为主,"订阅路线通常无APC；Open Select常见 USD 2,500-3,500",中,https://authorservices.taylorandfrancis.com/publishing-open-access/,https://www.google.com/search?q=AMERICAN+JOURNAL+OF+BIOETHICS+aims+scope+instructions+for+authors+APC
236,1-Q1且IF大于10,0,Interdisciplinary Medicine,INTERD MED,2832-6237,2832-6245,14.5,14.5,Q1,8/191,Q1,Q1,1.9,96.1,29.0,1426.0,"MEDICINE, RESEARCH & EXPERIMENTAL","MEDICINE, RESEARCH & EXPERIMENTAL(JIF Q1/JCI Q1)",WILEY-V C H VERLAG GMBH,Wiley,否,ESCI,混合为主,"订阅路线通常无APC；OnlineOpen常见 USD 3,200-4,700",中,https://authorservices.wiley.com/author-resources/Journal-Authors/open-access/article-publication-charges.html,https://www.google.com/search?q=Interdisciplinary+Medicine+aims+scope+instructions+for+authors+APC
237,1-Q1且IF大于10,0,Advances in Nutrition,ADV NUTR,2161-8313,2156-5376,12.7,13.0,Q1,4/114,Q1,Q1,1.45,96.9,27.0,18290.0,NUTRITION & DIETETICS,NUTRITION & DIETETICS(JIF Q1/JCI Q1),ELSEVIER SCIENCE INC,Elsevier,是,SCIE,混合为主,"订阅路线通常无APC；Gold OA常见 USD 2,200-4,200",中,https://www.elsevier.com/open-access/agreements,https://www.google.com/search?q=Advances+in+Nutrition+aims+scope+instructions+for+authors+APC
238,1-Q1且IF大于10,0,Blood Cancer Discovery,BLOOD CANCER DISCOV,2643-3230,2643-3249,12.2,11.1,Q1,7/103,Q1,Q1,2.68,93.7,27.0,1711.0,HEMATOLOGY; ONCOLOGY,HEMATOLOGY(JIF Q1/JCI Q1) | ONCOLOGY(JIF Q1/JCI Q1),AMER ASSOC CANCER RESEARCH,其他,否,ESCI,需核实,请查期刊官网 Author / Open Access 页面,未知,,https://www.google.com/search?q=Blood+Cancer+Discovery+aims+scope+instructions+for+authors+APC
239,1-Q1且IF大于10,0,BMEMat,BMEMAT,2751-7438,2751-7446,17.2,17.2,Q1,3/58,Q1,Q1,1.36,95.7,26.0,1593.0,"MATERIALS SCIENCE, BIOMATERIALS","MATERIALS SCIENCE, BIOMATERIALS(JIF Q1/JCI Q1)",WILEY,Wiley,否,ESCI,混合为主,"订阅路线通常无APC；OnlineOpen常见 USD 3,200-4,700",中,https://authorservices.wiley.com/author-resources/Journal-Authors/open-access/article-publication-charges.html,https://www.google.com/search?q=BMEMat+aims+scope+instructions+for+authors+APC
240,1-Q1且IF大于10,0,JOURNAL OF THE RENIN-ANGIOTENSIN-ALDOSTERONE SYSTEM,J RENIN-ANGIO-ALDO S,1470-3203,1752-8976,10.6,4.3,Q1,6/100,Q1,Q1,1.09,94.5,25.0,956.0,PERIPHERAL VASCULAR DISEASE,PERIPHERAL VASCULAR DISEASE(JIF Q1/JCI Q1),SAGE PUBLICATIONS INC,SAGE,是,SCIE,混合为主,"订阅路线通常无APC；SAGE Choice常见 USD 2,000-4,000",中,https://us.sagepub.com/en-us/nam/sage-choice,https://www.google.com/search?q=JOURNAL+OF+THE+RENIN-ANGIOTENSIN-ALDOSTERONE+SYSTEM+aims+scope+instructions+for+authors+APC
241,1-Q1且IF大于10,0,World Psychiatry,WORLD PSYCHIATRY,1723-8617,2051-5545,79.5,73.4,Q1,1/293,Q1,Q1,15.21,99.8,21.0,17298.0,PSYCHIATRY,PSYCHIATRY(JIF Q1/JCI Q1),WILEY,Wiley,是,"SCIE, SSCI",混合为主,"订阅路线通常无APC；OnlineOpen常见 USD 3,200-4,700",中,https://authorservices.wiley.com/author-resources/Journal-Authors/open-access/article-publication-charges.html,https://www.google.com/search?q=World+Psychiatry+aims+scope+instructions+for+authors+APC
242,1-Q1且IF大于10,0,Journal of Obesity & Metabolic Syndrome,J OBES METAB SYNDR,2508-6235,2508-7576,12.7,9.2,Q1,11/198,Q1,Q1,1.33,94.7,21.0,1982.0,ENDOCRINOLOGY & METABOLISM,ENDOCRINOLOGY & METABOLISM(JIF Q1/JCI Q1),KOREAN SOC STUDY OBESITY,其他,否,ESCI,需核实,请查期刊官网 Author / Open Access 页面,未知,,https://www.google.com/search?q=Journal+of+Obesity+&+Metabolic+Syndrome+aims+scope+instructions+for+authors+APC
243,1-Q1且IF大于10,0,Smart Medicine,SMART MED,2751-1871,2751-1871,12.8,13.0,Q1,9/130,Q1,Q1,1.25,93.5,20.0,1239.0,"ENGINEERING, BIOMEDICAL; MATERIALS SCIENCE, BIOMATERIALS","ENGINEERING, BIOMEDICAL(JIF Q1/JCI Q1) | MATERIALS SCIENCE, BIOMATERIALS(JIF Q1/JCI Q1)",WILEY-V C H VERLAG GMBH,Wiley,否,ESCI,混合为主,"订阅路线通常无APC；OnlineOpen常见 USD 3,200-4,700",中,https://authorservices.wiley.com/author-resources/Journal-Authors/open-access/article-publication-charges.html,https://www.google.com/search?q=Smart+Medicine+aims+scope+instructions+for+authors+APC
244,1-Q1且IF大于10,0,Analytic Methods in Accident Research,ANAL METHODS ACCID R,2213-6657,2213-6665,10.7,13.2,Q1,12/443,Q1,Q1,3.27,97.4,20.0,3277.0,"PUBLIC, ENVIRONMENTAL & OCCUPATIONAL HEALTH","PUBLIC, ENVIRONMENTAL & OCCUPATIONAL HEALTH(JIF Q1/JCI Q1)",ELSEVIER,Elsevier,否,SSCI,混合为主,"订阅路线通常无APC；Gold OA常见 USD 2,200-4,200",中,https://www.elsevier.com/open-access/agreements,https://www.google.com/search?q=Analytic+Methods+in+Accident+Research+aims+scope+instructions+for+authors+APC
245,1-Q1且IF大于10,0,Cardiac Failure Review,CARD FAIL REV,2057-7540,2057-7559,12.2,,Q1,13/237,Q1,Q1,1.19,94.7,18.0,1211.0,CARDIAC & CARDIOVASCULAR SYSTEMS,CARDIAC & CARDIOVASCULAR SYSTEMS(JIF Q1/JCI Q1),RADCLIFFE CARDIOLOGY,其他,否,ESCI,需核实,请查期刊官网 Author / Open Access 页面,未知,,https://www.google.com/search?q=Cardiac+Failure+Review+aims+scope+instructions+for+authors+APC
246,1-Q1且IF大于10,0,Meta-Radiology,META-RADIOLOGY,,2950-1628,13.3,13.3,Q1,5/217,Q1,Q1,2.32,97.9,17.0,696.0,"RADIOLOGY, NUCLEAR MEDICINE & MEDICAL IMAGING","RADIOLOGY, NUCLEAR MEDICINE & MEDICAL IMAGING(JIF Q1/JCI Q1)",KEAI PUBLISHING LTD,其他,否,ESCI,需核实,请查期刊官网 Author / Open Access 页面,未知,,https://www.google.com/search?q=Meta-Radiology+aims+scope+instructions+for+authors+APC
247,1-Q1且IF大于10,0,eGastroenterology,EGASTROENTEROLOGY,2766-0125,2976-7296,10.5,10.5,Q1,11/153,Q1,Q1,1.17,93.1,17.0,549.0,GASTROENTEROLOGY & HEPATOLOGY,GASTROENTEROLOGY & HEPATOLOGY(JIF Q1/JCI Q1),BMJ PUBLISHING GROUP,BMJ,否,ESCI,混合/全OA,"BMJ Open约GBP 2,175；旗舰刊更高",高,https://authors.bmj.com/open-access/,https://www.google.com/search?q=eGastroenterology+aims+scope+instructions+for+authors+APC
248,1-Q1且IF大于10,0,CA-A CANCER JOURNAL FOR CLINICIANS,CA-CANCER J CLIN,0007-9235,1542-4863,685.2,445.3,Q1,1/333,Q1,Q1,114.1,99.8,15.0,78841.0,ONCOLOGY,ONCOLOGY(JIF Q1/JCI Q1),WILEY,Wiley,是,SCIE,混合为主,"订阅路线通常无APC；OnlineOpen常见 USD 3,200-4,700",中,https://authorservices.wiley.com/author-resources/Journal-Authors/open-access/article-publication-charges.html,https://www.google.com/search?q=CA-A+CANCER+JOURNAL+FOR+CLINICIANS+aims+scope+instructions+for+authors+APC
249,1-Q1且IF大于10,0,Biomedical Technology,BIOMED TECHNOL-PRC,,2949-723X,16.4,16.4,Q1,5/130,Q1,Q1,2.31,96.5,15.0,1023.0,"ENGINEERING, BIOMEDICAL; MATERIALS SCIENCE, BIOMATERIALS","ENGINEERING, BIOMEDICAL(JIF Q1/JCI Q1) | MATERIALS SCIENCE, BIOMATERIALS(JIF Q1/JCI Q1)",KEAI PUBLISHING LTD,其他,否,ESCI,需核实,请查期刊官网 Author / Open Access 页面,未知,,https://www.google.com/search?q=Biomedical+Technology+aims+scope+instructions+for+authors+APC
250,1-Q1且IF大于10,0,Journal of Stroke,J STROKE,2287-6391,2287-6405,11.0,9.5,Q1,9/296,Q1,Q1,1.89,97.1,15.0,2943.0,CLINICAL NEUROLOGY; PERIPHERAL VASCULAR DISEASE,CLINICAL NEUROLOGY(JIF Q1/JCI Q1) | PERIPHERAL VASCULAR DISEASE(JIF Q1/JCI Q1),KOREAN STROKE SOC,其他,是,SCIE,需核实,请查期刊官网 Author / Open Access 页面,未知,,https://www.google.com/search?q=Journal+of+Stroke+aims+scope+instructions+for+authors+APC
251,1-Q1且IF大于10,0,Nature Reviews Neurology,NAT REV NEUROL,1759-4758,1759-4766,31.2,40.0,Q1,2/296,Q1,Q1,5.58,99.5,13.0,25085.0,CLINICAL NEUROLOGY,CLINICAL NEUROLOGY(JIF Q1/JCI Q1),NATURE PORTFOLIO,Springer Nature,是,SCIE,混合/全OA,"全OA约 USD 2,090-3,490；Nature系更高；Scientific Reports已拉黑",中高,https://www.springernature.com/gp/open-research/journals-books/journals,https://www.google.com/search?q=Nature+Reviews+Neurology+aims+scope+instructions+for+authors+APC
252,1-Q1且IF大于10,0,TRENDS IN CELL BIOLOGY,TRENDS CELL BIOL,0962-8924,1879-3088,25.3,22.6,Q1,8/207,Q1,Q1,1.64,96.4,13.0,21812.0,CELL BIOLOGY,CELL BIOLOGY(JIF Q1/JCI Q1),CELL PRESS,其他,是,SCIE,需核实,请查期刊官网 Author / Open Access 页面,未知,,https://www.google.com/search?q=TRENDS+IN+CELL+BIOLOGY+aims+scope+instructions+for+authors+APC
253,1-Q1且IF大于10,0,BRITISH JOURNAL OF BIOMEDICAL SCIENCE,BRIT J BIOMED SCI,0967-4845,2474-0896,11.9,5.4,Q1,1/33,Q1,Q1,1.72,98.5,12.0,1399.0,MEDICAL LABORATORY TECHNOLOGY,MEDICAL LABORATORY TECHNOLOGY(JIF Q1/JCI Q1),FRONTIERS MEDIA SA,Frontiers,是,SCIE,全OA,"约 CHF 1,495-3,150（Frontiers in Medicine A类=CHF 3,150）",高,https://www.frontiersin.org/about/fee-policy,https://www.google.com/search?q=BRITISH+JOURNAL+OF+BIOMEDICAL+SCIENCE+aims+scope+instructions+for+authors+APC
254,1-Q1且IF大于10,0,Physics of Life Reviews,PHYS LIFE REV,1571-0645,1873-1457,11.8,11.4,Q1,1/106,Q1,Q1,1.99,99.5,10.0,2913.0,BIOLOGY,BIOLOGY(JIF Q1/JCI Q1),ELSEVIER,Elsevier,是,SCIE,混合为主,"订阅路线通常无APC；Gold OA常见 USD 2,200-4,200",中,https://www.elsevier.com/open-access/agreements,https://www.google.com/search?q=Physics+of+Life+Reviews+aims+scope+instructions+for+authors+APC
255,1-Q1且IF大于10,0,Wiley Interdisciplinary Reviews-Computational Molecular Science,WIRES COMPUT MOL SCI,1759-0876,1759-0884,10.9,23.2,Q1,1/67,Q1,Q1,4.16,99.3,8.0,14224.0,MATHEMATICAL & COMPUTATIONAL BIOLOGY,MATHEMATICAL & COMPUTATIONAL BIOLOGY(JIF Q1/JCI Q1),WILEY,Wiley,是,SCIE,混合为主,"订阅路线通常无APC；OnlineOpen常见 USD 3,200-4,700",中,https://authorservices.wiley.com/author-resources/Journal-Authors/open-access/article-publication-charges.html,https://www.google.com/search?q=Wiley+Interdisciplinary+Reviews-Computational+Molecular+Science+aims+scope+instructions+for+authors+APC
256,1-Q1且IF大于10,0,Nature Reviews Rheumatology,NAT REV RHEUMATOL,1759-4790,1759-4804,33.7,40.7,Q1,1/58,Q1,Q1,5.72,99.1,6.0,20561.0,RHEUMATOLOGY,RHEUMATOLOGY(JIF Q1/JCI Q1),NATURE PORTFOLIO,Springer Nature,是,SCIE,混合/全OA,"全OA约 USD 2,090-3,490；Nature系更高；Scientific Reports已拉黑",中高,https://www.springernature.com/gp/open-research/journals-books/journals,https://www.google.com/search?q=Nature+Reviews+Rheumatology+aims+scope+instructions+for+authors+APC
257,1-Q1且IF大于10,0,MMWR Surveillance Summaries,MMWR SURVEILL SUMM,1545-8636,1545-8636,96.9,42.0,Q1,1/443,Q1,Q1,17.23,99.9,3.0,3511.0,"PUBLIC, ENVIRONMENTAL & OCCUPATIONAL HEALTH","PUBLIC, ENVIRONMENTAL & OCCUPATIONAL HEALTH(JIF Q1/JCI Q1)",CENTERS DISEASE CONTROL & PREVENTION,其他,是,SCIE,需核实,请查期刊官网 Author / Open Access 页面,未知,,https://www.google.com/search?q=MMWR+Surveillance+Summaries+aims+scope+instructions+for+authors+APC
258,1-Q1且IF大于10,0,Nature Reviews Disease Primers,NAT REV DIS PRIMERS,2056-676X,2056-676X,79.8,114.0,Q1,3/336,Q1,Q1,16.97,99.3,3.0,45742.0,"MEDICINE, GENERAL & INTERNAL","MEDICINE, GENERAL & INTERNAL(JIF Q1/JCI Q1)",NATURE PORTFOLIO,Springer Nature,是,SCIE,混合/全OA,"全OA约 USD 2,090-3,490；Nature系更高；Scientific Reports已拉黑",中高,https://www.springernature.com/gp/open-research/journals-books/journals,https://www.google.com/search?q=Nature+Reviews+Disease+Primers+aims+scope+instructions+for+authors+APC
259,1-Q1且IF大于10,0,TRENDS IN NEUROSCIENCES,TRENDS NEUROSCI,0166-2236,1878-108X,15.7,18.3,Q1,9/330,Q1,Q1,2.06,97.4,2.0,24033.0,NEUROSCIENCES,NEUROSCIENCES(JIF Q1/JCI Q1),CELL PRESS,其他,是,SCIE,需核实,请查期刊官网 Author / Open Access 页面,未知,,https://www.google.com/search?q=TRENDS+IN+NEUROSCIENCES+aims+scope+instructions+for+authors+APC
260,1-Q1且IF大于10,0,Nature Reviews Gastroenterology & Hepatology,NAT REV GASTRO HEPAT,1759-5045,1759-5053,57.5,73.1,Q1,1/153,Q1,Q1,6.89,99.7,1.0,35643.0,GASTROENTEROLOGY & HEPATOLOGY,GASTROENTEROLOGY & HEPATOLOGY(JIF Q1/JCI Q1),NATURE PORTFOLIO,Springer Nature,是,SCIE,混合/全OA,"全OA约 USD 2,090-3,490；Nature系更高；Scientific Reports已拉黑",中高,https://www.springernature.com/gp/open-research/journals-books/journals,https://www.google.com/search?q=Nature+Reviews+Gastroenterology+&+Hepatology+aims+scope+instructions+for+authors+APC
261,1-Q1且IF大于10,0,Nature Reviews Methods Primers,NAT REV METHOD PRIME,,2662-8449,54.2,78.3,Q1,2/140,Q1,Q1,7.9,98.9,1.0,14296.0,MULTIDISCIPLINARY SCIENCES,MULTIDISCIPLINARY SCIENCES(JIF Q1/JCI Q1),SPRINGERNATURE,Springer Nature,是,SCIE,混合/全OA,"全OA约 USD 2,090-3,490；Nature系更高；Scientific Reports已拉黑",中高,https://www.springernature.com/gp/open-research/journals-books/journals,https://www.google.com/search?q=Nature+Reviews+Methods+Primers+aims+scope+instructions+for+authors+APC
262,1-Q1且IF大于10,0,MMWR Recommendations and Reports,MMWR RECOMM REP,1057-5987,1545-8601,51.3,57.8,Q1,2/443,Q1,Q1,9.55,99.7,1.0,3790.0,"PUBLIC, ENVIRONMENTAL & OCCUPATIONAL HEALTH","PUBLIC, ENVIRONMENTAL & OCCUPATIONAL HEALTH(JIF Q1/JCI Q1)",CENTERS DISEASE CONTROL & PREVENTION,其他,是,SCIE,需核实,请查期刊官网 Author / Open Access 页面,未知,,https://www.google.com/search?q=MMWR+Recommendations+and+Reports+aims+scope+instructions+for+authors+APC
263,1-Q1且IF大于10,0,NATURE REVIEWS IMMUNOLOGY,NAT REV IMMUNOL,1474-1733,1474-1741,47.1,73.8,Q1,1/183,Q1,Q1,5.76,99.7,1.0,69495.0,IMMUNOLOGY,IMMUNOLOGY(JIF Q1/JCI Q1),NATURE PORTFOLIO,Springer Nature,是,SCIE,混合/全OA,"全OA约 USD 2,090-3,490；Nature系更高；Scientific Reports已拉黑",中高,https://www.springernature.com/gp/open-research/journals-books/journals,https://www.google.com/search?q=NATURE+REVIEWS+IMMUNOLOGY+aims+scope+instructions+for+authors+APC
264,1-Q1且IF大于10,0,Nature Reviews Nephrology,NAT REV NEPHROL,1759-5061,1759-507X,46.7,51.0,Q1,1/134,Q1,Q1,8.87,99.6,1.0,23411.0,UROLOGY & NEPHROLOGY,UROLOGY & NEPHROLOGY(JIF Q1/JCI Q1),NATURE PORTFOLIO,Springer Nature,是,SCIE,混合/全OA,"全OA约 USD 2,090-3,490；Nature系更高；Scientific Reports已拉黑",中高,https://www.springernature.com/gp/open-research/journals-books/journals,https://www.google.com/search?q=Nature+Reviews+Nephrology+aims+scope+instructions+for+authors+APC
265,1-Q1且IF大于10,0,Nature Reviews Bioengineering,NAT REV BIOENG,,2731-6092,42.7,42.8,Q1,1/130,Q1,Q1,3.11,99.6,1.0,5529.0,"ENGINEERING, BIOMEDICAL; MATERIALS SCIENCE, BIOMATERIALS","ENGINEERING, BIOMEDICAL(JIF Q1/JCI Q1) | MATERIALS SCIENCE, BIOMATERIALS(JIF Q1/JCI Q1)",SPRINGERNATURE,Springer Nature,是,SCIE,混合/全OA,"全OA约 USD 2,090-3,490；Nature系更高；Scientific Reports已拉黑",中高,https://www.springernature.com/gp/open-research/journals-books/journals,https://www.google.com/search?q=Nature+Reviews+Bioengineering+aims+scope+instructions+for+authors+APC
266,1-Q1且IF大于10,0,TRENDS IN MOLECULAR MEDICINE,TRENDS MOL MED,1471-4914,1471-499X,18.1,16.8,Q1,3/191,Q1,Q1,1.46,98.7,1.0,15407.0,"BIOCHEMISTRY & MOLECULAR BIOLOGY; CELL BIOLOGY; MEDICINE, RESEARCH & EXPERIMENTAL","BIOCHEMISTRY & MOLECULAR BIOLOGY(JIF Q1/JCI Q1) | CELL BIOLOGY(JIF Q1/JCI Q1) | MEDICINE, RESEARCH & EXPERIMENTAL(JIF Q1/JCI Q1)",CELL PRESS,其他,是,SCIE,需核实,请查期刊官网 Author / Open Access 页面,未知,,https://www.google.com/search?q=TRENDS+IN+MOLECULAR+MEDICINE+aims+scope+instructions+for+authors+APC
267,1-Q1且IF大于10,0,Nature Reviews Urology,NAT REV UROL,1759-4812,1759-4820,13.6,16.3,Q1,4/134,Q1,Q1,2.85,97.4,1.0,8063.0,UROLOGY & NEPHROLOGY,UROLOGY & NEPHROLOGY(JIF Q1/JCI Q1),NATURE PORTFOLIO,Springer Nature,是,SCIE,混合/全OA,"全OA约 USD 2,090-3,490；Nature系更高；Scientific Reports已拉黑",中高,https://www.springernature.com/gp/open-research/journals-books/journals,https://www.google.com/search?q=Nature+Reviews+Urology+aims+scope+instructions+for+authors+APC
268,1-Q1且IF大于10,0,TRENDS IN GENETICS,TRENDS GENET,0168-9525,1362-4555,12.9,15.8,Q1,5/192,Q1,Q1,1.86,97.7,1.0,15348.0,GENETICS & HEREDITY,GENETICS & HEREDITY(JIF Q1/JCI Q1),CELL PRESS,其他,是,SCIE,需核实,请查期刊官网 Author / Open Access 页面,未知,,https://www.google.com/search?q=TRENDS+IN+GENETICS+aims+scope+instructions+for+authors+APC
269,1-Q1且IF大于10,0,CLINICAL REVIEWS IN ALLERGY & IMMUNOLOGY,CLIN REV ALLERG IMMU,1080-0549,1559-0267,11.5,12.7,Q1,2/40,Q1,Q1,1.7,96.3,1.0,7207.0,ALLERGY; IMMUNOLOGY,ALLERGY(JIF Q1/JCI Q1) | IMMUNOLOGY(JIF Q1/JCI Q1),HUMANA PRESS INC,其他,是,SCIE,需核实,请查期刊官网 Author / Open Access 页面,未知,,https://www.google.com/search?q=CLINICAL+REVIEWS+IN+ALLERGY+&+IMMUNOLOGY+aims+scope+instructions+for+authors+APC
270,1-Q1且IF大于10,0,NATURE REVIEWS MOLECULAR CELL BIOLOGY,NAT REV MOL CELL BIO,1471-0072,1471-0080,118.0,147.0,Q1,1/207,Q1,Q1,7.35,99.8,0.0,83533.0,CELL BIOLOGY,CELL BIOLOGY(JIF Q1/JCI Q1),NATURE PORTFOLIO,Springer Nature,是,SCIE,混合/全OA,"全OA约 USD 2,090-3,490；Nature系更高；Scientific Reports已拉黑",中高,https://www.springernature.com/gp/open-research/journals-books/journals,https://www.google.com/search?q=NATURE+REVIEWS+MOLECULAR+CELL+BIOLOGY+aims+scope+instructions+for+authors+APC
271,1-Q1且IF大于10,0,NATURE REVIEWS MICROBIOLOGY,NAT REV MICROBIOL,1740-1526,1740-1534,104.6,113.3,Q1,1/167,Q1,Q1,9.49,99.7,0.0,71046.0,MICROBIOLOGY,MICROBIOLOGY(JIF Q1/JCI Q1),NATURE PORTFOLIO,Springer Nature,是,SCIE,混合/全OA,"全OA约 USD 2,090-3,490；Nature系更高；Scientific Reports已拉黑",中高,https://www.springernature.com/gp/open-research/journals-books/journals,https://www.google.com/search?q=NATURE+REVIEWS+MICROBIOLOGY+aims+scope+instructions+for+authors+APC
272,1-Q1且IF大于10,0,Nature Reviews Clinical Oncology,NAT REV CLIN ONCOL,1759-4774,1759-4782,94.6,105.2,Q1,2/333,Q1,Q1,11.09,99.5,0.0,39514.0,ONCOLOGY,ONCOLOGY(JIF Q1/JCI Q1),NATURE PORTFOLIO,Springer Nature,是,SCIE,混合/全OA,"全OA约 USD 2,090-3,490；Nature系更高；Scientific Reports已拉黑",中高,https://www.springernature.com/gp/open-research/journals-books/journals,https://www.google.com/search?q=Nature+Reviews+Clinical+Oncology+aims+scope+instructions+for+authors+APC
273,1-Q1且IF大于10,0,NATURE REVIEWS DRUG DISCOVERY,NAT REV DRUG DISCOV,1474-1776,1474-1784,91.2,131.3,Q1,1/356,Q1,Q1,10.92,99.9,0.0,57448.0,BIOTECHNOLOGY & APPLIED MICROBIOLOGY; PHARMACOLOGY & PHARMACY,BIOTECHNOLOGY & APPLIED MICROBIOLOGY(JIF Q1/JCI Q1) | PHARMACOLOGY & PHARMACY(JIF Q1/JCI Q1),NATURE PORTFOLIO,Springer Nature,是,SCIE,混合/全OA,"全OA约 USD 2,090-3,490；Nature系更高；Scientific Reports已拉黑",中高,https://www.springernature.com/gp/open-research/journals-books/journals,https://www.google.com/search?q=NATURE+REVIEWS+DRUG+DISCOVERY+aims+scope+instructions+for+authors+APC
274,1-Q1且IF大于10,0,NATURE REVIEWS CANCER,NAT REV CANCER,1474-175X,1474-1768,60.7,85.0,Q1,4/333,Q1,Q1,7.66,98.9,0.0,62745.0,ONCOLOGY,ONCOLOGY(JIF Q1/JCI Q1),NATURE PORTFOLIO,Springer Nature,是,SCIE,混合/全OA,"全OA约 USD 2,090-3,490；Nature系更高；Scientific Reports已拉黑",中高,https://www.springernature.com/gp/open-research/journals-books/journals,https://www.google.com/search?q=NATURE+REVIEWS+CANCER+aims+scope+instructions+for+authors+APC
275,1-Q1且IF大于10,0,NATURE REVIEWS GENETICS,NAT REV GENET,1471-0056,1471-0064,51.4,54.6,Q1,1/192,Q1,Q1,6.46,99.7,0.0,46718.0,GENETICS & HEREDITY,GENETICS & HEREDITY(JIF Q1/JCI Q1),NATURE PORTFOLIO,Springer Nature,是,SCIE,混合/全OA,"全OA约 USD 2,090-3,490；Nature系更高；Scientific Reports已拉黑",中高,https://www.springernature.com/gp/open-research/journals-books/journals,https://www.google.com/search?q=NATURE+REVIEWS+GENETICS+aims+scope+instructions+for+authors+APC
276,1-Q1且IF大于10,0,Nature Reviews Cardiology,NAT REV CARDIOL,1759-5002,1759-5010,50.2,60.3,Q1,1/237,Q1,Q1,7.8,99.8,0.0,27057.0,CARDIAC & CARDIOVASCULAR SYSTEMS,CARDIAC & CARDIOVASCULAR SYSTEMS(JIF Q1/JCI Q1),NATURE PORTFOLIO,Springer Nature,是,SCIE,混合/全OA,"全OA约 USD 2,090-3,490；Nature系更高；Scientific Reports已拉黑",中高,https://www.springernature.com/gp/open-research/journals-books/journals,https://www.google.com/search?q=Nature+Reviews+Cardiology+aims+scope+instructions+for+authors+APC
277,1-Q1且IF大于10,0,Annual Review of Immunology,ANNU REV IMMUNOL,0732-0582,1545-3278,39.8,41.1,Q1,2/183,Q1,Q1,3.63,99.2,0.0,20193.0,IMMUNOLOGY,IMMUNOLOGY(JIF Q1/JCI Q1),ANNUAL REVIEWS,其他,是,SCIE,需核实,请查期刊官网 Author / Open Access 页面,未知,,https://www.google.com/search?q=Annual+Review+of+Immunology+aims+scope+instructions+for+authors+APC
278,1-Q1且IF大于10,0,Nature Reviews Endocrinology,NAT REV ENDOCRINOL,1759-5029,1759-5037,39.1,49.2,Q1,1/198,Q1,Q1,4.59,99.7,0.0,27488.0,ENDOCRINOLOGY & METABOLISM,ENDOCRINOLOGY & METABOLISM(JIF Q1/JCI Q1),NATURE PORTFOLIO,Springer Nature,是,SCIE,混合/全OA,"全OA约 USD 2,090-3,490；Nature系更高；Scientific Reports已拉黑",中高,https://www.springernature.com/gp/open-research/journals-books/journals,https://www.google.com/search?q=Nature+Reviews+Endocrinology+aims+scope+instructions+for+authors+APC
279,1-Q1且IF大于10,0,Annual Review of Pathology-Mechanisms of Disease,ANNU REV PATHOL-MECH,1553-4006,1553-4014,34.5,42.1,Q1,1/89,Q1,Q1,7.0,99.4,0.0,10383.0,PATHOLOGY,PATHOLOGY(JIF Q1/JCI Q1),ANNUAL REVIEWS,其他,是,SCIE,需核实,请查期刊官网 Author / Open Access 页面,未知,,https://www.google.com/search?q=Annual+Review+of+Pathology-Mechanisms+of+Disease+aims+scope+instructions+for+authors+APC
280,1-Q1且IF大于10,0,NATURE REVIEWS NEUROSCIENCE,NAT REV NEUROSCI,1471-003X,1471-0048,29.0,38.0,Q1,1/330,Q1,Q1,3.68,99.8,0.0,54187.0,NEUROSCIENCES,NEUROSCIENCES(JIF Q1/JCI Q1),NATURE PORTFOLIO,Springer Nature,是,SCIE,混合/全OA,"全OA约 USD 2,090-3,490；Nature系更高；Scientific Reports已拉黑",中高,https://www.springernature.com/gp/open-research/journals-books/journals,https://www.google.com/search?q=NATURE+REVIEWS+NEUROSCIENCE+aims+scope+instructions+for+authors+APC
281,1-Q1且IF大于10,0,Annual Review of Biochemistry,ANNU REV BIOCHEM,0066-4154,1545-4509,24.9,23.1,Q1,6/328,Q1,Q1,1.95,98.3,0.0,21229.0,BIOCHEMISTRY & MOLECULAR BIOLOGY,BIOCHEMISTRY & MOLECULAR BIOLOGY(JIF Q1/JCI Q1),ANNUAL REVIEWS,其他,是,SCIE,需核实,请查期刊官网 Author / Open Access 页面,未知,,https://www.google.com/search?q=Annual+Review+of+Biochemistry+aims+scope+instructions+for+authors+APC
282,1-Q1且IF大于10,0,TRENDS IN PHARMACOLOGICAL SCIENCES,TRENDS PHARMACOL SCI,0165-6147,1873-3735,24.0,20.6,Q1,2/356,Q1,Q1,2.64,99.6,0.0,17299.0,PHARMACOLOGY & PHARMACY,PHARMACOLOGY & PHARMACY(JIF Q1/JCI Q1),CELL PRESS,其他,是,SCIE,需核实,请查期刊官网 Author / Open Access 页面,未知,,https://www.google.com/search?q=TRENDS+IN+PHARMACOLOGICAL+SCIENCES+aims+scope+instructions+for+authors+APC
283,1-Q1且IF大于10,0,ENDOCRINE REVIEWS,ENDOCR REV,0163-769X,1945-7189,23.9,34.1,Q1,5/198,Q1,Q1,2.96,97.7,0.0,20852.0,ENDOCRINOLOGY & METABOLISM,ENDOCRINOLOGY & METABOLISM(JIF Q1/JCI Q1),ENDOCRINE SOC,其他,是,SCIE,需核实,请查期刊官网 Author / Open Access 页面,未知,,https://www.google.com/search?q=ENDOCRINE+REVIEWS+aims+scope+instructions+for+authors+APC
284,1-Q1且IF大于10,0,Trends in Cancer,TRENDS CANCER,2405-8033,2405-8025,21.6,21.1,Q1,17/333,Q1,Q1,2.27,95.0,0.0,11685.0,ONCOLOGY,ONCOLOGY(JIF Q1/JCI Q1),CELL PRESS,其他,是,SCIE,需核实,请查期刊官网 Author / Open Access 页面,未知,,https://www.google.com/search?q=Trends+in+Cancer+aims+scope+instructions+for+authors+APC
285,1-Q1且IF大于10,0,ADVANCED DRUG DELIVERY REVIEWS,ADV DRUG DELIVER REV,0169-409X,1872-8294,21.0,21.5,Q1,4/356,Q1,Q1,2.36,99.0,0.0,54536.0,PHARMACOLOGY & PHARMACY,PHARMACOLOGY & PHARMACY(JIF Q1/JCI Q1),ELSEVIER,Elsevier,是,SCIE,混合为主,"订阅路线通常无APC；Gold OA常见 USD 2,200-4,200",中,https://www.elsevier.com/open-access/agreements,https://www.google.com/search?q=ADVANCED+DRUG+DELIVERY+REVIEWS+aims+scope+instructions+for+authors+APC
286,1-Q1且IF大于10,0,CLINICAL MICROBIOLOGY REVIEWS,CLIN MICROBIOL REV,0893-8512,1098-6618,20.7,29.6,Q1,5/167,Q1,Q1,1.97,97.3,0.0,27202.0,MICROBIOLOGY,MICROBIOLOGY(JIF Q1/JCI Q1),AMER SOC MICROBIOLOGY,其他,是,SCIE,需核实,请查期刊官网 Author / Open Access 页面,未知,,https://www.google.com/search?q=CLINICAL+MICROBIOLOGY+REVIEWS+aims+scope+instructions+for+authors+APC
287,1-Q1且IF大于10,0,TRENDS IN COGNITIVE SCIENCES,TRENDS COGN SCI,1364-6613,1879-307X,20.3,22.6,Q1,1/104,Q1,Q1,2.54,99.2,0.0,40204.0,NEUROSCIENCES,NEUROSCIENCES(JIF Q1/JCI Q1),CELL PRESS,其他,是,SCIE; SSCI,需核实,请查期刊官网 Author / Open Access 页面,未知,,https://www.google.com/search?q=TRENDS+IN+COGNITIVE+SCIENCES+aims+scope+instructions+for+authors+APC
288,1-Q1且IF大于10,0,PHARMACOLOGICAL REVIEWS,PHARMACOL REV,0031-6997,1521-0081,20.3,24.7,Q1,5/356,Q1,Q1,2.35,98.7,0.0,14680.0,PHARMACOLOGY & PHARMACY,PHARMACOLOGY & PHARMACY(JIF Q1/JCI Q1),ELSEVIER,Elsevier,是,SCIE,混合为主,"订阅路线通常无APC；Gold OA常见 USD 2,200-4,200",中,https://www.elsevier.com/open-access/agreements,https://www.google.com/search?q=PHARMACOLOGICAL+REVIEWS+aims+scope+instructions+for+authors+APC
289,1-Q1且IF大于10,0,HUMAN REPRODUCTION UPDATE,HUM REPROD UPDATE,1355-4786,1460-2369,20.1,20.0,Q1,1/143,Q1,Q1,4.41,99.7,0.0,14734.0,OBSTETRICS & GYNECOLOGY; REPRODUCTIVE BIOLOGY,OBSTETRICS & GYNECOLOGY(JIF Q1/JCI Q1) | REPRODUCTIVE BIOLOGY(JIF Q1/JCI Q1),OXFORD UNIV PRESS,Oxford UP,是,SCIE,混合为主,订阅路线通常无APC；可选OA，费用因刊而异,中,https://academic.oup.com/pages/open-research/open-access,https://www.google.com/search?q=HUMAN+REPRODUCTION+UPDATE+aims+scope+instructions+for+authors+APC
290,1-Q1且IF大于10,0,TRENDS IN ENDOCRINOLOGY AND METABOLISM,TRENDS ENDOCRIN MET,1043-2760,1879-3061,20.1,17.8,Q1,7/198,Q1,Q1,2.27,96.7,0.0,15416.0,ENDOCRINOLOGY & METABOLISM,ENDOCRINOLOGY & METABOLISM(JIF Q1/JCI Q1),CELL PRESS,其他,是,SCIE,需核实,请查期刊官网 Author / Open Access 页面,未知,,https://www.google.com/search?q=TRENDS+IN+ENDOCRINOLOGY+AND+METABOLISM+aims+scope+instructions+for+authors+APC
291,1-Q1且IF大于10,0,Annual Review of Pharmacology and Toxicology,ANNU REV PHARMACOL,0362-1642,1545-4304,19.0,15.7,Q1,1/106,Q1,Q1,2.35,99.5,0.0,9259.0,PHARMACOLOGY & PHARMACY; TOXICOLOGY,PHARMACOLOGY & PHARMACY(JIF Q1/JCI Q1) | TOXICOLOGY(JIF Q1/JCI Q1),ANNUAL REVIEWS,其他,是,SCIE,需核实,请查期刊官网 Author / Open Access 页面,未知,,https://www.google.com/search?q=Annual+Review+of+Pharmacology+and+Toxicology+aims+scope+instructions+for+authors+APC
292,1-Q1且IF大于10,0,Annual Review of Medicine,ANNU REV MED,0066-4219,1545-326X,18.8,19.7,Q1,2/191,Q1,Q1,2.49,99.2,0.0,8605.0,"MEDICINE, RESEARCH & EXPERIMENTAL","MEDICINE, RESEARCH & EXPERIMENTAL(JIF Q1/JCI Q1)",ANNUAL REVIEWS,其他,是,SCIE,需核实,请查期刊官网 Author / Open Access 页面,未知,,https://www.google.com/search?q=Annual+Review+of+Medicine+aims+scope+instructions+for+authors+APC
293,1-Q1且IF大于10,0,TRENDS IN MICROBIOLOGY,TRENDS MICROBIOL,0966-842X,1878-4380,18.7,18.3,Q1,7/328,Q1,Q1,1.65,98.0,0.0,21555.0,BIOCHEMISTRY & MOLECULAR BIOLOGY; MICROBIOLOGY,BIOCHEMISTRY & MOLECULAR BIOLOGY(JIF Q1/JCI Q1) | MICROBIOLOGY(JIF Q1/JCI Q1),CELL PRESS,其他,是,SCIE,需核实,请查期刊官网 Author / Open Access 页面,未知,,https://www.google.com/search?q=TRENDS+IN+MICROBIOLOGY+aims+scope+instructions+for+authors+APC
294,1-Q1且IF大于10,0,Annual Review of Clinical Psychology,ANNU REV CLIN PSYCHO,1548-5943,1548-5951,18.6,26.3,Q1,1/184,Q1,Q1,2.52,99.7,0.0,12319.0,"PSYCHOLOGY, CLINICAL","PSYCHOLOGY, CLINICAL(JIF Q1/JCI Q1)",ANNUAL REVIEWS,其他,是,SCIE; SSCI,需核实,请查期刊官网 Author / Open Access 页面,未知,,https://www.google.com/search?q=Annual+Review+of+Clinical+Psychology+aims+scope+instructions+for+authors+APC
295,1-Q1且IF大于10,0,PROGRESS IN LIPID RESEARCH,PROG LIPID RES,0163-7827,1873-2194,18.1,20.3,Q1,1/114,Q1,Q1,1.75,99.6,0.0,8950.0,BIOCHEMISTRY & MOLECULAR BIOLOGY; NUTRITION & DIETETICS,BIOCHEMISTRY & MOLECULAR BIOLOGY(JIF Q1/JCI Q1) | NUTRITION & DIETETICS(JIF Q1/JCI Q1),PERGAMON-ELSEVIER SCIENCE LTD,Elsevier,是,SCIE,混合为主,"订阅路线通常无APC；Gold OA常见 USD 2,200-4,200",中,https://www.elsevier.com/open-access/agreements,https://www.google.com/search?q=PROGRESS+IN+LIPID+RESEARCH+aims+scope+instructions+for+authors+APC
296,1-Q1且IF大于10,0,PERIODONTOLOGY 2000,PERIODONTOL 2000,0906-6713,1600-0757,17.8,22.7,Q1,1/165,Q1,Q1,3.56,99.7,0.0,13597.0,"DENTISTRY, ORAL SURGERY & MEDICINE","DENTISTRY, ORAL SURGERY & MEDICINE(JIF Q1/JCI Q1)",WILEY,Wiley,是,SCIE,混合为主,"订阅路线通常无APC；OnlineOpen常见 USD 3,200-4,700",中,https://authorservices.wiley.com/author-resources/Journal-Authors/open-access/article-publication-charges.html,https://www.google.com/search?q=PERIODONTOLOGY+2000+aims+scope+instructions+for+authors+APC
297,1-Q1且IF大于10,0,Annual Review of Public Health,ANNU REV PUBL HEALTH,0163-7525,1545-2093,17.2,30.3,Q1,6/443,Q1,Q1,3.35,98.8,0.0,13577.0,"PUBLIC, ENVIRONMENTAL & OCCUPATIONAL HEALTH","PUBLIC, ENVIRONMENTAL & OCCUPATIONAL HEALTH(JIF Q1/JCI Q1)",ANNUAL REVIEWS,其他,是,"SCIE, SSCI",需核实,请查期刊官网 Author / Open Access 页面,未知,,https://www.google.com/search?q=Annual+Review+of+Public+Health+aims+scope+instructions+for+authors+APC
298,1-Q1且IF大于10,0,Current Obesity Reports,CURR OBES REP,2162-4968,2162-4968,17.0,14.9,Q1,2/114,Q1,Q1,1.92,98.7,0.0,5700.0,ENDOCRINOLOGY & METABOLISM; NUTRITION & DIETETICS,ENDOCRINOLOGY & METABOLISM(JIF Q1/JCI Q1) | NUTRITION & DIETETICS(JIF Q1/JCI Q1),SPRINGER,Springer,是,SCIE,混合为主,"订阅路线通常无APC；选OA约 USD 2,790-4,290",中,https://www.springer.com/gp/open-access,https://www.google.com/search?q=Current+Obesity+Reports+aims+scope+instructions+for+authors+APC
299,1-Q1且IF大于10,0,FEMS MICROBIOLOGY REVIEWS,FEMS MICROBIOL REV,0168-6445,1574-6976,16.9,16.4,Q1,8/167,Q1,Q1,1.46,95.5,0.0,19031.0,MICROBIOLOGY,MICROBIOLOGY(JIF Q1/JCI Q1),OXFORD UNIV PRESS,Oxford UP,是,SCIE,混合为主,订阅路线通常无APC；可选OA，费用因刊而异,中,https://academic.oup.com/pages/open-research/open-access,https://www.google.com/search?q=FEMS+MICROBIOLOGY+REVIEWS+aims+scope+instructions+for+authors+APC
300,1-Q1且IF大于10,0,PROGRESS IN RETINAL AND EYE RESEARCH,PROG RETIN EYE RES,1350-9462,1873-1635,16.2,20.9,Q1,1/98,Q1,Q1,3.46,99.5,0.0,14334.0,OPHTHALMOLOGY,OPHTHALMOLOGY(JIF Q1/JCI Q1),PERGAMON-ELSEVIER SCIENCE LTD,Elsevier,是,SCIE,混合为主,"订阅路线通常无APC；Gold OA常见 USD 2,200-4,200",中,https://www.elsevier.com/open-access/agreements,https://www.google.com/search?q=PROGRESS+IN+RETINAL+AND+EYE+RESEARCH+aims+scope+instructions+for+authors+APC
301,1-Q1且IF大于10,0,REVIEWS IN ENVIRONMENTAL SCIENCE AND BIO-TECHNOLOGY,REV ENVIRON SCI BIO,1569-1705,1572-9826,15.1,17.3,Q1,4/180,Q1,Q1,1.12,98.1,0.0,6785.0,BIOTECHNOLOGY & APPLIED MICROBIOLOGY,BIOTECHNOLOGY & APPLIED MICROBIOLOGY(JIF Q1/JCI Q1),SPRINGER,Springer,是,SCIE,混合为主,"订阅路线通常无APC；选OA约 USD 2,790-4,290",中,https://www.springer.com/gp/open-access,https://www.google.com/search?q=REVIEWS+IN+ENVIRONMENTAL+SCIENCE+AND+BIO-TECHNOLOGY+aims+scope+instructions+for+authors+APC
302,1-Q1且IF大于10,0,TRENDS IN BIOCHEMICAL SCIENCES,TRENDS BIOCHEM SCI,0968-0004,1362-4326,14.4,14.1,Q1,16/328,Q1,Q1,1.18,95.3,0.0,20954.0,BIOCHEMISTRY & MOLECULAR BIOLOGY,BIOCHEMISTRY & MOLECULAR BIOLOGY(JIF Q1/JCI Q1),CELL PRESS,其他,是,SCIE,需核实,请查期刊官网 Author / Open Access 页面,未知,,https://www.google.com/search?q=TRENDS+IN+BIOCHEMICAL+SCIENCES+aims+scope+instructions+for+authors+APC
303,1-Q1且IF大于10,0,BIOTECHNOLOGY ADVANCES,BIOTECHNOL ADV,0734-9750,1873-1899,14.1,15.8,Q1,6/180,Q1,Q1,1.38,96.9,0.0,29250.0,BIOTECHNOLOGY & APPLIED MICROBIOLOGY,BIOTECHNOLOGY & APPLIED MICROBIOLOGY(JIF Q1/JCI Q1),PERGAMON-ELSEVIER SCIENCE LTD,Elsevier,是,SCIE,混合为主,"订阅路线通常无APC；Gold OA常见 USD 2,200-4,200",中,https://www.elsevier.com/open-access/agreements,https://www.google.com/search?q=BIOTECHNOLOGY+ADVANCES+aims+scope+instructions+for+authors+APC
304,1-Q1且IF大于10,0,Annual Review of Neuroscience,ANNU REV NEUROSCI,0147-006X,1545-4126,13.8,18.9,Q1,10/330,Q1,Q1,1.81,97.1,0.0,14783.0,NEUROSCIENCES,NEUROSCIENCES(JIF Q1/JCI Q1),ANNUAL REVIEWS,其他,是,SCIE,需核实,请查期刊官网 Author / Open Access 页面,未知,,https://www.google.com/search?q=Annual+Review+of+Neuroscience+aims+scope+instructions+for+authors+APC
305,1-Q1且IF大于10,0,MOLECULAR ASPECTS OF MEDICINE,MOL ASPECTS MED,0098-2997,1872-9452,13.8,13.4,Q1,17/328,Q1,Q1,1.24,95.0,0.0,10413.0,"BIOCHEMISTRY & MOLECULAR BIOLOGY; MEDICINE, RESEARCH & EXPERIMENTAL","BIOCHEMISTRY & MOLECULAR BIOLOGY(JIF Q1/JCI Q1) | MEDICINE, RESEARCH & EXPERIMENTAL(JIF Q1/JCI Q1)",ELSEVIER,Elsevier,是,SCIE,混合为主,"订阅路线通常无APC；Gold OA常见 USD 2,200-4,200",中,https://www.elsevier.com/open-access/agreements,https://www.google.com/search?q=MOLECULAR+ASPECTS+OF+MEDICINE+aims+scope+instructions+for+authors+APC
306,1-Q1且IF大于10,0,MEDICINAL RESEARCH REVIEWS,MED RES REV,0198-6325,1098-1128,13.6,15.5,Q1,1/72,Q1,Q1,1.6,99.3,0.0,10944.0,"CHEMISTRY, MEDICINAL; PHARMACOLOGY & PHARMACY","CHEMISTRY, MEDICINAL(JIF Q1/JCI Q1) | PHARMACOLOGY & PHARMACY(JIF Q1/JCI Q1)",WILEY,Wiley,是,SCIE,混合为主,"订阅路线通常无APC；OnlineOpen常见 USD 3,200-4,700",中,https://authorservices.wiley.com/author-resources/Journal-Authors/open-access/article-publication-charges.html,https://www.google.com/search?q=MEDICINAL+RESEARCH+REVIEWS+aims+scope+instructions+for+authors+APC
307,1-Q1且IF大于10,0,PHARMACOLOGY & THERAPEUTICS,PHARMACOL THERAPEUT,0163-7258,1879-016X,13.5,16.2,Q1,10/356,Q1,Q1,1.66,97.3,0.0,28422.0,PHARMACOLOGY & PHARMACY,PHARMACOLOGY & PHARMACY(JIF Q1/JCI Q1),PERGAMON-ELSEVIER SCIENCE LTD,Elsevier,是,SCIE,混合为主,"订阅路线通常无APC；Gold OA常见 USD 2,200-4,200",中,https://www.elsevier.com/open-access/agreements,https://www.google.com/search?q=PHARMACOLOGY+&+THERAPEUTICS+aims+scope+instructions+for+authors+APC
308,1-Q1且IF大于10,0,CYTOKINE & GROWTH FACTOR REVIEWS,CYTOKINE GROWTH F R,1359-6101,1879-0305,13.4,11.5,Q1,21/328,Q1,Q1,1.02,93.8,0.0,9350.0,BIOCHEMISTRY & MOLECULAR BIOLOGY; CELL BIOLOGY,BIOCHEMISTRY & MOLECULAR BIOLOGY(JIF Q1/JCI Q1) | CELL BIOLOGY(JIF Q1/JCI Q2),ELSEVIER SCI LTD,Elsevier,是,SCIE,混合为主,"订阅路线通常无APC；Gold OA常见 USD 2,200-4,200",中,https://www.elsevier.com/open-access/agreements,https://www.google.com/search?q=CYTOKINE+&+GROWTH+FACTOR+REVIEWS+aims+scope+instructions+for+authors+APC
309,1-Q1且IF大于10,0,Annual Review of Nutrition,ANNU REV NUTR,0199-9885,1545-4312,13.3,16.9,Q1,3/114,Q1,Q1,1.41,97.8,0.0,6882.0,NUTRITION & DIETETICS,NUTRITION & DIETETICS(JIF Q1/JCI Q1),ANNUAL REVIEWS,其他,是,SCIE,需核实,请查期刊官网 Author / Open Access 页面,未知,,https://www.google.com/search?q=Annual+Review+of+Nutrition+aims+scope+instructions+for+authors+APC
310,1-Q1且IF大于10,0,TRENDS IN IMMUNOLOGY,TRENDS IMMUNOL,1471-4906,1471-4981,13.1,16.2,Q1,8/183,Q1,Q1,1.35,95.9,0.0,18014.0,IMMUNOLOGY,IMMUNOLOGY(JIF Q1/JCI Q1),CELL PRESS,其他,是,SCIE,需核实,请查期刊官网 Author / Open Access 页面,未知,,https://www.google.com/search?q=TRENDS+IN+IMMUNOLOGY+aims+scope+instructions+for+authors+APC
311,1-Q1且IF大于10,0,CANCER AND METASTASIS REVIEWS,CANCER METAST REV,0167-7659,1573-7233,12.7,12.1,Q1,26/333,Q1,Q1,1.3,92.3,0.0,9156.0,ONCOLOGY,ONCOLOGY(JIF Q1/JCI Q1),SPRINGER,Springer,是,SCIE,混合为主,"订阅路线通常无APC；选OA约 USD 2,790-4,290",中,https://www.springer.com/gp/open-access,https://www.google.com/search?q=CANCER+AND+METASTASIS+REVIEWS+aims+scope+instructions+for+authors+APC
312,1-Q1且IF大于10,0,NATURAL PRODUCT REPORTS,NAT PROD REP,0265-0568,1460-4752,12.5,13.0,Q1,2/72,Q1,Q1,1.39,97.9,0.0,14406.0,"BIOCHEMISTRY & MOLECULAR BIOLOGY; CHEMISTRY, MEDICINAL","BIOCHEMISTRY & MOLECULAR BIOLOGY(JIF Q1/JCI Q1) | CHEMISTRY, MEDICINAL(JIF Q1/JCI Q1)",ROYAL SOC CHEMISTRY,其他,是,SCIE,需核实,请查期刊官网 Author / Open Access 页面,未知,,https://www.google.com/search?q=NATURAL+PRODUCT+REPORTS+aims+scope+instructions+for+authors+APC
313,1-Q1且IF大于10,0,Annual Review of Cell and Developmental Biology,ANNU REV CELL DEV BI,1081-0706,1530-8995,12.5,16.8,Q1,1/39,Q1,Q1,1.32,87.7,0.0,10152.0,CELL BIOLOGY,CELL BIOLOGY(JIF Q1/JCI Q1),ANNUAL REVIEWS,其他,是,SCIE,需核实,请查期刊官网 Author / Open Access 页面,未知,,https://www.google.com/search?q=Annual+Review+of+Cell+and+Developmental+Biology+aims+scope+instructions+for+authors+APC
314,1-Q1且IF大于10,0,Annual Review of Animal Biosciences,ANNU REV ANIM BIOSCI,2165-8102,2165-8110,12.3,12.8,Q1,1/170,Q1,Q1,1.89,95.8,0.0,2743.0,BIOTECHNOLOGY & APPLIED MICROBIOLOGY,BIOTECHNOLOGY & APPLIED MICROBIOLOGY(JIF Q1/JCI Q1),ANNUAL REVIEWS,其他,是,SCIE,需核实,请查期刊官网 Author / Open Access 页面,未知,,https://www.google.com/search?q=Annual+Review+of+Animal+Biosciences+aims+scope+instructions+for+authors+APC
315,1-Q1且IF大于10,0,Annual Review of Microbiology,ANNU REV MICROBIOL,0066-4227,1545-3251,12.2,13.1,Q1,12/167,Q2,Q2,1.0,93.1,0.0,10883.0,MICROBIOLOGY,MICROBIOLOGY(JIF Q1/JCI Q2),ANNUAL REVIEWS,其他,是,SCIE,需核实,请查期刊官网 Author / Open Access 页面,未知,,https://www.google.com/search?q=Annual+Review+of+Microbiology+aims+scope+instructions+for+authors+APC
316,1-Q1且IF大于10,0,MICROBIOLOGY AND MOLECULAR BIOLOGY REVIEWS,MICROBIOL MOL BIOL R,1092-2172,1098-5557,11.8,13.4,Q1,13/167,Q2,Q2,1.0,92.5,0.0,14814.0,MICROBIOLOGY,MICROBIOLOGY(JIF Q1/JCI Q2),AMER SOC MICROBIOLOGY,其他,是,SCIE,需核实,请查期刊官网 Author / Open Access 页面,未知,,https://www.google.com/search?q=MICROBIOLOGY+AND+MOLECULAR+BIOLOGY+REVIEWS+aims+scope+instructions+for+authors+APC
317,1-Q1且IF大于10,0,JOURNAL OF TOXICOLOGY AND ENVIRONMENTAL HEALTH-PART B-CRITICAL REVIEWS,J TOXICOL ENV HEAL B,1093-7404,1521-6950,11.6,9.6,Q1,10/443,Q1,Q1,1.14,97.9,0.0,2770.0,"PUBLIC, ENVIRONMENTAL & OCCUPATIONAL HEALTH; TOXICOLOGY","PUBLIC, ENVIRONMENTAL & OCCUPATIONAL HEALTH(JIF Q1/JCI Q1) | TOXICOLOGY(JIF Q1/JCI Q1)",TAYLOR & FRANCIS INC,Taylor & Francis,是,SCIE,混合为主,"订阅路线通常无APC；Open Select常见 USD 2,500-3,500",中,https://authorservices.taylorandfrancis.com/publishing-open-access/,https://www.google.com/search?q=JOURNAL+OF+TOXICOLOGY+AND+ENVIRONMENTAL+HEALTH-PART+B-CRITICAL+REVIEWS+aims+scope+instructions+for+authors+APC
318,1-Q1且IF大于10,0,Seminars in Immunopathology,SEMIN IMMUNOPATHOL,1863-2297,1863-2300,11.5,12.2,Q1,2/89,Q1,Q1,1.64,98.3,0.0,6679.0,IMMUNOLOGY; PATHOLOGY,IMMUNOLOGY(JIF Q1/JCI Q1) | PATHOLOGY(JIF Q1/JCI Q1),SPRINGER HEIDELBERG,Springer,是,SCIE,混合为主,"订阅路线通常无APC；选OA约 USD 2,790-4,290",中,https://www.springer.com/gp/open-access,https://www.google.com/search?q=Seminars+in+Immunopathology+aims+scope+instructions+for+authors+APC
319,1-Q1且IF大于10,0,Annual Review of Biomedical Engineering,ANNU REV BIOMED ENG,1523-9829,1545-4274,11.5,12.6,Q1,11/130,Q1,Q1,1.09,91.9,0.0,5920.0,"ENGINEERING, BIOMEDICAL","ENGINEERING, BIOMEDICAL(JIF Q1/JCI Q1)",ANNUAL REVIEWS,其他,是,SCIE,需核实,请查期刊官网 Author / Open Access 页面,未知,,https://www.google.com/search?q=Annual+Review+of+Biomedical+Engineering+aims+scope+instructions+for+authors+APC
320,1-Q1且IF大于10,0,SEMINARS IN IMMUNOLOGY,SEMIN IMMUNOL,1044-5323,1096-3618,11.5,10.5,Q1,12/183,Q2,Q2,0.95,93.7,0.0,7845.0,IMMUNOLOGY,IMMUNOLOGY(JIF Q1/JCI Q2),ACADEMIC PRESS LTD- ELSEVIER SCIENCE LTD,Elsevier,是,SCIE,混合为主,"订阅路线通常无APC；Gold OA常见 USD 2,200-4,200",中,https://www.elsevier.com/open-access/agreements,https://www.google.com/search?q=SEMINARS+IN+IMMUNOLOGY+aims+scope+instructions+for+authors+APC
321,1-Q1且IF大于10,0,Cochrane Database of Systematic Reviews,COCHRANE DB SYST REV,1469-493X,1361-6137,11.1,10.8,Q1,14/336,Q1,Q1,1.78,96.0,0.0,81381.0,"MEDICINE, GENERAL & INTERNAL","MEDICINE, GENERAL & INTERNAL(JIF Q1/JCI Q1)",WILEY,Wiley,是,SCIE,混合为主,"订阅路线通常无APC；OnlineOpen常见 USD 3,200-4,700",中,https://authorservices.wiley.com/author-resources/Journal-Authors/open-access/article-publication-charges.html,https://www.google.com/search?q=Cochrane+Database+of+Systematic+Reviews+aims+scope+instructions+for+authors+APC
322,1-Q1且IF大于10,0,PROGRESS IN CARDIOVASCULAR DISEASES,PROG CARDIOVASC DIS,0033-0620,1873-1740,10.6,7.6,Q1,15/237,Q1,Q1,1.45,93.9,0.0,7028.0,CARDIAC & CARDIOVASCULAR SYSTEMS,CARDIAC & CARDIOVASCULAR SYSTEMS(JIF Q1/JCI Q1),W B SAUNDERS CO-ELSEVIER INC,Elsevier,是,SCIE,混合为主,"订阅路线通常无APC；Gold OA常见 USD 2,200-4,200",中,https://www.elsevier.com/open-access/agreements,https://www.google.com/search?q=PROGRESS+IN+CARDIOVASCULAR+DISEASES+aims+scope+instructions+for+authors+APC
323,1-Q1且IF大于10,0,CANCER TREATMENT REVIEWS,CANCER TREAT REV,0305-7372,1532-1967,10.6,11.6,Q1,34/333,Q1,Q1,1.33,89.9,0.0,13933.0,ONCOLOGY,ONCOLOGY(JIF Q1/JCI Q1),ELSEVIER SCI LTD,Elsevier,是,SCIE,混合为主,"订阅路线通常无APC；Gold OA常见 USD 2,200-4,200",中,https://www.elsevier.com/open-access/agreements,https://www.google.com/search?q=CANCER+TREATMENT+REVIEWS+aims+scope+instructions+for+authors+APC
324,1-Q1且IF大于10,0,IMMUNOLOGICAL REVIEWS,IMMUNOL REV,0105-2896,1600-065X,10.6,10.7,Q1,17/183,Q2,Q2,1.0,91.0,0.0,19641.0,IMMUNOLOGY,IMMUNOLOGY(JIF Q1/JCI Q2),WILEY,Wiley,是,SCIE,混合为主,"订阅路线通常无APC；OnlineOpen常见 USD 3,200-4,700",中,https://authorservices.wiley.com/author-resources/Journal-Authors/open-access/article-publication-charges.html,https://www.google.com/search?q=IMMUNOLOGICAL+REVIEWS+aims+scope+instructions+for+authors+APC
325,1-Q1且IF大于10,0,CRITICAL REVIEWS IN FOOD SCIENCE AND NUTRITION,CRIT REV FOOD SCI,1040-8398,1549-7852,10.6,13.5,Q1,5/114,Q1,Q1,0.99,96.1,0.0,56393.0,NUTRITION & DIETETICS,NUTRITION & DIETETICS(JIF Q1/JCI Q1),TAYLOR & FRANCIS INC,Taylor & Francis,是,SCIE,混合为主,"订阅路线通常无APC；Open Select常见 USD 2,500-3,500",中,https://authorservices.taylorandfrancis.com/publishing-open-access/,https://www.google.com/search?q=CRITICAL+REVIEWS+IN+FOOD+SCIENCE+AND+NUTRITION+aims+scope+instructions+for+authors+APC
