序号,分层,易投指数0-5,期刊全称,ISO缩写,ISSN,eISSN,2025 JIF,5年JIF,最佳JIF分区,JIF排名(主表),最佳JCI分区,主表JCI分区,JCI,最高JIF百分位,年发文量,总被引,医学相关学科,学科及分区明细,出版商,出版商分组,是否SCIE,Web of Science版本,常见OA模式,版面费参考(须官网核实),OA付费可能性,版面费查询入口,AIM作者须知检索
1,2-Q1且IF小于10,5,INTERNATIONAL JOURNAL OF MOLECULAR SCIENCES,INT J MOL SCI,1661-6596,1422-0067,5.6,6.3,Q1,72/328,Q2,Q2,0.68,78.2,8795.0,565688.0,BIOCHEMISTRY & MOLECULAR BIOLOGY,BIOCHEMISTRY & MOLECULAR BIOLOGY(JIF Q1/JCI Q2),MDPI,MDPI,是,SCIE,全OA,"约 CHF 1,600-2,900（如 JCM=CHF 2,600）",高,https://www.mdpi.com/about/apc,https://www.google.com/search?q=INTERNATIONAL+JOURNAL+OF+MOLECULAR+SCIENCES+aims+scope+instructions+for+authors+APC
2,2-Q1且IF小于10,5,International Journal of Biological Macromolecules,INT J BIOL MACROMOL,0141-8130,1879-0003,8.7,8.7,Q1,6/96,Q1,Q1,1.45,89.8,8384.0,294329.0,BIOCHEMISTRY & MOLECULAR BIOLOGY,BIOCHEMISTRY & MOLECULAR BIOLOGY(JIF Q1/JCI Q1),ELSEVIER,Elsevier,是,SCIE,混合为主,"订阅路线通常无APC；Gold OA常见 USD 2,200-4,200",中,https://www.elsevier.com/open-access/agreements,https://www.google.com/search?q=International+Journal+of+Biological+Macromolecules+aims+scope+instructions+for+authors+APC
3,2-Q1且IF小于10,5,Journal of Clinical Medicine,J CLIN MED,,2077-0383,3.3,3.5,Q1,67/336,Q1,Q1,0.86,80.2,6640.0,132600.0,"MEDICINE, GENERAL & INTERNAL","MEDICINE, GENERAL & INTERNAL(JIF Q1/JCI Q1)",MDPI,MDPI,是,SCIE,全OA,"约 CHF 1,600-2,900（如 JCM=CHF 2,600）",高,https://www.mdpi.com/about/apc,https://www.google.com/search?q=Journal+of+Clinical+Medicine+aims+scope+instructions+for+authors+APC
4,2-Q1且IF小于10,5,Frontiers in Public Health,FRONT PUBLIC HEALTH,,2296-2565,4.1,4.3,Q1,75/443,Q1,Q1,1.1,83.2,4629.0,83487.0,"PUBLIC, ENVIRONMENTAL & OCCUPATIONAL HEALTH","PUBLIC, ENVIRONMENTAL & OCCUPATIONAL HEALTH(JIF Q1/JCI Q1)",FRONTIERS MEDIA SA,Frontiers,是,"SCIE, SSCI",全OA,"约 CHF 1,495-3,150（Frontiers in Medicine A类=CHF 3,150）",高,https://www.frontiersin.org/about/fee-policy,https://www.google.com/search?q=Frontiers+in+Public+Health+aims+scope+instructions+for+authors+APC
5,2-Q1且IF小于10,5,Frontiers in Immunology,FRONT IMMUNOL,1664-3224,1664-3224,7.0,7.4,Q1,29/183,Q1,Q1,1.06,84.4,4585.0,284485.0,IMMUNOLOGY,IMMUNOLOGY(JIF Q1/JCI Q1),FRONTIERS MEDIA SA,Frontiers,是,SCIE,全OA,"约 CHF 1,495-3,150（Frontiers in Medicine A类=CHF 3,150）",高,https://www.frontiersin.org/about/fee-policy,https://www.google.com/search?q=Frontiers+in+Immunology+aims+scope+instructions+for+authors+APC
6,2-Q1且IF小于10,5,BMC PUBLIC HEALTH,BMC PUBLIC HEALTH,,1471-2458,4.4,4.8,Q1,60/443,Q1,Q1,1.33,86.6,4487.0,110078.0,"PUBLIC, ENVIRONMENTAL & OCCUPATIONAL HEALTH","PUBLIC, ENVIRONMENTAL & OCCUPATIONAL HEALTH(JIF Q1/JCI Q1)",BMC,BMC,是,SCIE,全OA,"约 USD 1,990-2,890（旗舰刊更高）",高,https://www.biomedcentral.com/getpublished/article-processing-charges,https://www.google.com/search?q=BMC+PUBLIC+HEALTH+aims+scope+instructions+for+authors+APC
7,2-Q1且IF小于10,5,Frontiers in Medicine,FRONT MED-LAUSANNE,,2296-858X,3.6,3.7,Q1,64/336,Q1,Q1,0.83,81.1,3733.0,54614.0,"MEDICINE, GENERAL & INTERNAL","MEDICINE, GENERAL & INTERNAL(JIF Q1/JCI Q1)",FRONTIERS MEDIA SA,Frontiers,是,SCIE,全OA,"约 CHF 1,495-3,150（Frontiers in Medicine A类=CHF 3,150）",高,https://www.frontiersin.org/about/fee-policy,https://www.google.com/search?q=Frontiers+in+Medicine+aims+scope+instructions+for+authors+APC
8,2-Q1且IF小于10,5,PROCEEDINGS OF THE NATIONAL ACADEMY OF SCIENCES OF THE UNITED STATES OF AMERICA,P NATL ACAD SCI USA,0027-8424,1091-6490,9.5,10.6,Q1,14/140,Q1,Q1,2.15,90.4,3701.0,766549.0,MULTIDISCIPLINARY SCIENCES,MULTIDISCIPLINARY SCIENCES(JIF Q1/JCI Q1),NATL ACAD SCIENCES,其他,是,SCIE,需核实,请查期刊官网 Author / Open Access 页面,未知,,https://www.google.com/search?q=PROCEEDINGS+OF+THE+NATIONAL+ACADEMY+OF+SCIENCES+OF+THE+UNITED+STATES+OF+AMERICA+aims+scope+instructions+for+authors+APC
9,2-Q1且IF小于10,5,Nutrients,NUTRIENTS,,2072-6643,5.8,6.5,Q1,19/114,Q1,Q1,0.95,83.8,2905.0,207048.0,NUTRITION & DIETETICS,NUTRITION & DIETETICS(JIF Q1/JCI Q1),MDPI,MDPI,是,SCIE,全OA,"约 CHF 1,600-2,900（如 JCM=CHF 2,600）",高,https://www.mdpi.com/about/apc,https://www.google.com/search?q=Nutrients+aims+scope+instructions+for+authors+APC
10,2-Q1且IF小于10,5,Healthcare,HEALTHCARE-BASEL,,2227-9032,3.4,3.3,Q1,23/125,Q2,Q2,0.9,82.0,2746.0,38753.0,HEALTH CARE SCIENCES & SERVICES; HEALTH POLICY & SERVICES,HEALTH CARE SCIENCES & SERVICES(JIF Q2/JCI Q2) | HEALTH POLICY & SERVICES(JIF Q1/JCI Q2),MDPI,MDPI,是,SCIE; SSCI,全OA,"约 CHF 1,600-2,900（如 JCM=CHF 2,600）",高,https://www.mdpi.com/about/apc,https://www.google.com/search?q=Healthcare+aims+scope+instructions+for+authors+APC
11,2-Q1且IF小于10,5,Frontiers in Pharmacology,FRONT PHARMACOL,,1663-9812,5.4,5.8,Q1,60/356,Q1,Q1,1.07,83.3,2660.0,133302.0,PHARMACOLOGY & PHARMACY,PHARMACOLOGY & PHARMACY(JIF Q1/JCI Q1),FRONTIERS MEDIA SA,Frontiers,是,SCIE,全OA,"约 CHF 1,495-3,150（Frontiers in Medicine A类=CHF 3,150）",高,https://www.frontiersin.org/about/fee-policy,https://www.google.com/search?q=Frontiers+in+Pharmacology+aims+scope+instructions+for+authors+APC
12,2-Q1且IF小于10,5,Diagnostics,DIAGNOSTICS,,2075-4418,3.8,3.6,Q1,61/336,Q1,Q1,0.89,82.0,2598.0,50959.0,"MEDICINE, GENERAL & INTERNAL","MEDICINE, GENERAL & INTERNAL(JIF Q1/JCI Q1)",MDPI,MDPI,是,SCIE,全OA,"约 CHF 1,600-2,900（如 JCM=CHF 2,600）",高,https://www.mdpi.com/about/apc,https://www.google.com/search?q=Diagnostics+aims+scope+instructions+for+authors+APC
13,2-Q1且IF小于10,5,Frontiers in Microbiology,FRONT MICROBIOL,,1664-302X,5.8,5.9,Q1,33/167,Q2,Q2,1.04,80.5,2563.0,199597.0,MICROBIOLOGY,MICROBIOLOGY(JIF Q1/JCI Q2),FRONTIERS MEDIA SA,Frontiers,是,SCIE,全OA,"约 CHF 1,495-3,150（Frontiers in Medicine A类=CHF 3,150）",高,https://www.frontiersin.org/about/fee-policy,https://www.google.com/search?q=Frontiers+in+Microbiology+aims+scope+instructions+for+authors+APC
14,2-Q1且IF小于10,5,iScience,ISCIENCE,,2589-0042,4.5,5.0,Q1,24/140,Q1,Q1,0.92,83.2,2407.0,57379.0,MULTIDISCIPLINARY SCIENCES,MULTIDISCIPLINARY SCIENCES(JIF Q1/JCI Q1),CELL PRESS,其他,是,SCIE,需核实,请查期刊官网 Author / Open Access 页面,未知,,https://www.google.com/search?q=iScience+aims+scope+instructions+for+authors+APC
15,2-Q1且IF小于10,5,ENVIRONMENTAL RESEARCH,ENVIRON RES,0013-9351,1096-0953,8.2,8.0,Q1,20/443,Q1,Q1,1.96,95.6,2274.0,110166.0,"PUBLIC, ENVIRONMENTAL & OCCUPATIONAL HEALTH","PUBLIC, ENVIRONMENTAL & OCCUPATIONAL HEALTH(JIF Q1/JCI Q1)",ACADEMIC PRESS INC ELSEVIER SCIENCE,Elsevier,是,SCIE,混合为主,"订阅路线通常无APC；Gold OA常见 USD 2,200-4,200",中,https://www.elsevier.com/open-access/agreements,https://www.google.com/search?q=ENVIRONMENTAL+RESEARCH+aims+scope+instructions+for+authors+APC
16,2-Q1且IF小于10,5,Scientific Data,SCI DATA,,2052-4463,7.2,9.3,Q1,17/140,Q1,Q1,1.62,88.2,2122.0,55822.0,MULTIDISCIPLINARY SCIENCES,MULTIDISCIPLINARY SCIENCES(JIF Q1/JCI Q1),NATURE PORTFOLIO,Springer Nature,是,SCIE,混合/全OA,"全OA约 USD 2,090-3,490；Nature系更高；Scientific Reports已拉黑",中高,https://www.springernature.com/gp/open-research/journals-books/journals,https://www.google.com/search?q=Scientific+Data+aims+scope+instructions+for+authors+APC
17,2-Q1且IF小于10,5,Frontiers in Nutrition,FRONT NUTR,2296-861X,2296-861X,5.5,6.1,Q1,23/114,Q1,Q1,0.95,80.3,2107.0,56304.0,NUTRITION & DIETETICS,NUTRITION & DIETETICS(JIF Q1/JCI Q1),FRONTIERS MEDIA SA,Frontiers,是,SCIE,全OA,"约 CHF 1,495-3,150（Frontiers in Medicine A类=CHF 3,150）",高,https://www.frontiersin.org/about/fee-policy,https://www.google.com/search?q=Frontiers+in+Nutrition+aims+scope+instructions+for+authors+APC
18,2-Q1且IF小于10,5,BMC Oral Health,BMC ORAL HEALTH,1472-6831,1472-6831,3.8,4.0,Q1,27/165,Q1,Q1,1.44,83.9,2041.0,23829.0,"DENTISTRY, ORAL SURGERY & MEDICINE","DENTISTRY, ORAL SURGERY & MEDICINE(JIF Q1/JCI Q1)",BMC,BMC,是,SCIE,全OA,"约 USD 1,990-2,890（旗舰刊更高）",高,https://www.biomedcentral.com/getpublished/article-processing-charges,https://www.google.com/search?q=BMC+Oral+Health+aims+scope+instructions+for+authors+APC
19,2-Q1且IF小于10,5,Frontiers in Endocrinology,FRONT ENDOCRINOL,1664-2392,1664-2392,5.7,6.0,Q1,35/198,Q1,Q1,0.97,82.6,1936.0,86545.0,ENDOCRINOLOGY & METABOLISM,ENDOCRINOLOGY & METABOLISM(JIF Q1/JCI Q1),FRONTIERS MEDIA SA,Frontiers,是,SCIE,全OA,"约 CHF 1,495-3,150（Frontiers in Medicine A类=CHF 3,150）",高,https://www.frontiersin.org/about/fee-policy,https://www.google.com/search?q=Frontiers+in+Endocrinology+aims+scope+instructions+for+authors+APC
20,2-Q1且IF小于10,5,Communications Biology,COMMUN BIOL,,2399-3642,5.8,6.3,Q1,9/106,Q1,Q1,1.66,92.0,1886.0,46196.0,BIOLOGY,BIOLOGY(JIF Q1/JCI Q1),NATURE PORTFOLIO,Springer Nature,是,SCIE,混合/全OA,"全OA约 USD 2,090-3,490；Nature系更高；Scientific Reports已拉黑",中高,https://www.springernature.com/gp/open-research/journals-books/journals,https://www.google.com/search?q=Communications+Biology+aims+scope+instructions+for+authors+APC
21,2-Q1且IF小于10,5,ECOTOXICOLOGY AND ENVIRONMENTAL SAFETY,ECOTOX ENVIRON SAFE,0147-6513,1090-2414,6.6,6.8,Q1,9/106,Q1,Q1,1.37,92.0,1827.0,80594.0,TOXICOLOGY,TOXICOLOGY(JIF Q1/JCI Q1),ACADEMIC PRESS INC ELSEVIER SCIENCE,Elsevier,是,SCIE,混合为主,"订阅路线通常无APC；Gold OA常见 USD 2,200-4,200",中,https://www.elsevier.com/open-access/agreements,https://www.google.com/search?q=ECOTOXICOLOGY+AND+ENVIRONMENTAL+SAFETY+aims+scope+instructions+for+authors+APC
22,2-Q1且IF小于10,5,JOURNAL OF AFFECTIVE DISORDERS,J AFFECT DISORDERS,0165-0327,1573-2517,5.7,6.3,Q1,31/296,Q1,Q1,1.51,89.7,1802.0,85558.0,CLINICAL NEUROLOGY; PSYCHIATRY,CLINICAL NEUROLOGY(JIF Q1/JCI Q1) | PSYCHIATRY(JIF Q1/JCI Q1),ELSEVIER,Elsevier,是,"SCIE; SCIE, SSCI",混合为主,"订阅路线通常无APC；Gold OA常见 USD 2,200-4,200",中,https://www.elsevier.com/open-access/agreements,https://www.google.com/search?q=JOURNAL+OF+AFFECTIVE+DISORDERS+aims+scope+instructions+for+authors+APC
23,2-Q1且IF小于10,5,Medicina-Lithuania,MEDICINA-LITHUANIA,1010-660X,1648-9144,2.9,3.0,Q1,75/336,Q1,Q1,0.75,77.8,1740.0,30609.0,"MEDICINE, GENERAL & INTERNAL","MEDICINE, GENERAL & INTERNAL(JIF Q1/JCI Q1)",MDPI,MDPI,是,SCIE,全OA,"约 CHF 1,600-2,900（如 JCM=CHF 2,600）",高,https://www.mdpi.com/about/apc,https://www.google.com/search?q=Medicina-Lithuania+aims+scope+instructions+for+authors+APC
24,2-Q1且IF小于10,5,International Immunopharmacology,INT IMMUNOPHARMACOL,1567-5769,1878-1705,5.6,5.7,Q1,55/356,Q1,Q1,1.28,84.7,1707.0,56435.0,IMMUNOLOGY; PHARMACOLOGY & PHARMACY,IMMUNOLOGY(JIF Q1/JCI Q1) | PHARMACOLOGY & PHARMACY(JIF Q1/JCI Q1),ELSEVIER,Elsevier,是,SCIE,混合为主,"订阅路线通常无APC；Gold OA常见 USD 2,200-4,200",中,https://www.elsevier.com/open-access/agreements,https://www.google.com/search?q=International+Immunopharmacology+aims+scope+instructions+for+authors+APC
25,2-Q1且IF小于10,5,BMC NURSING,BMC NURS,1472-6955,1472-6955,5.2,5.6,Q1,5/194,Q1,Q1,2.18,97.7,1588.0,15582.0,NURSING,NURSING(JIF Q1/JCI Q1),BMC,BMC,是,"SCIE, SSCI",全OA,"约 USD 1,990-2,890（旗舰刊更高）",高,https://www.biomedcentral.com/getpublished/article-processing-charges,https://www.google.com/search?q=BMC+NURSING+aims+scope+instructions+for+authors+APC
26,2-Q1且IF小于10,5,Biology-Basel,BIOLOGY-BASEL,,2079-7737,4.3,4.6,Q1,19/106,Q1,Q1,0.89,82.5,1532.0,32407.0,BIOLOGY,BIOLOGY(JIF Q1/JCI Q1),MDPI,MDPI,是,SCIE,全OA,"约 CHF 1,600-2,900（如 JCM=CHF 2,600）",高,https://www.mdpi.com/about/apc,https://www.google.com/search?q=Biology-Basel+aims+scope+instructions+for+authors+APC
27,2-Q1且IF小于10,5,Life-Basel,LIFE-BASEL,,2075-1729,3.9,3.9,Q1,22/106,Q2,Q2,0.73,79.7,1441.0,33596.0,BIOLOGY,BIOLOGY(JIF Q1/JCI Q2),MDPI,MDPI,是,SCIE,全OA,"约 CHF 1,600-2,900（如 JCM=CHF 2,600）",高,https://www.mdpi.com/about/apc,https://www.google.com/search?q=Life-Basel+aims+scope+instructions+for+authors+APC
28,2-Q1且IF小于10,5,BMC Pregnancy and Childbirth,BMC PREGNANCY CHILDB,,1471-2393,3.1,3.6,Q1,33/143,Q1,Q1,1.18,77.3,1408.0,28186.0,OBSTETRICS & GYNECOLOGY,OBSTETRICS & GYNECOLOGY(JIF Q1/JCI Q1),BMC,BMC,是,SCIE,全OA,"约 USD 1,990-2,890（旗舰刊更高）",高,https://www.biomedcentral.com/getpublished/article-processing-charges,https://www.google.com/search?q=BMC+Pregnancy+and+Childbirth+aims+scope+instructions+for+authors+APC
29,2-Q1且IF小于10,5,Children-Basel,CHILDREN-BASEL,,2227-9067,2.6,2.7,Q1,39/190,Q1,Q1,1.04,79.7,1359.0,20960.0,PEDIATRICS,PEDIATRICS(JIF Q1/JCI Q1),MDPI,MDPI,是,SCIE,全OA,"约 CHF 1,600-2,900（如 JCM=CHF 2,600）",高,https://www.mdpi.com/about/apc,https://www.google.com/search?q=Children-Basel+aims+scope+instructions+for+authors+APC
30,2-Q1且IF小于10,5,Pharmaceuticals,PHARMACEUTICALS-BASE,,1424-8247,5.7,5.5,Q1,52/356,Q1,Q1,1.05,85.5,1349.0,44567.0,"CHEMISTRY, MEDICINAL; PHARMACOLOGY & PHARMACY","CHEMISTRY, MEDICINAL(JIF Q1/JCI Q1) | PHARMACOLOGY & PHARMACY(JIF Q1/JCI Q1)",MDPI,MDPI,是,SCIE,全OA,"约 CHF 1,600-2,900（如 JCM=CHF 2,600）",高,https://www.mdpi.com/about/apc,https://www.google.com/search?q=Pharmaceuticals+aims+scope+instructions+for+authors+APC
31,2-Q1且IF小于10,5,BMC Psychiatry,BMC PSYCHIATRY,,1471-244X,4.6,5.1,Q1,52/293,Q1,Q1,1.22,82.4,1162.0,35871.0,PSYCHIATRY,PSYCHIATRY(JIF Q1/JCI Q1),BMC,BMC,是,SCIE,全OA,"约 USD 1,990-2,890（旗舰刊更高）",高,https://www.biomedcentral.com/getpublished/article-processing-charges,https://www.google.com/search?q=BMC+Psychiatry+aims+scope+instructions+for+authors+APC
32,2-Q1且IF小于10,5,Journal of Translational Medicine,J TRANSL MED,,1479-5876,9.7,8.8,Q1,20/191,Q1,Q1,1.8,89.8,1158.0,45171.0,"MEDICINE, RESEARCH & EXPERIMENTAL","MEDICINE, RESEARCH & EXPERIMENTAL(JIF Q1/JCI Q1)",BMC,BMC,是,SCIE,全OA,"约 USD 1,990-2,890（旗舰刊更高）",高,https://www.biomedcentral.com/getpublished/article-processing-charges,https://www.google.com/search?q=Journal+of+Translational+Medicine+aims+scope+instructions+for+authors+APC
33,2-Q1且IF小于10,5,Pharmaceutics,PHARMACEUTICS,,1999-4923,6.9,6.7,Q1,34/356,Q1,Q1,1.26,90.6,1146.0,82501.0,PHARMACOLOGY & PHARMACY,PHARMACOLOGY & PHARMACY(JIF Q1/JCI Q1),MDPI,MDPI,是,SCIE,全OA,"约 CHF 1,600-2,900（如 JCM=CHF 2,600）",高,https://www.mdpi.com/about/apc,https://www.google.com/search?q=Pharmaceutics+aims+scope+instructions+for+authors+APC
34,2-Q1且IF小于10,5,Frontiers in Cellular and Infection Microbiology,FRONT CELL INFECT MI,2235-2988,2235-2988,5.5,6.1,Q1,36/167,Q2,Q2,0.94,78.7,1146.0,52581.0,IMMUNOLOGY; MICROBIOLOGY,IMMUNOLOGY(JIF Q1/JCI Q2) | MICROBIOLOGY(JIF Q1/JCI Q2),FRONTIERS MEDIA SA,Frontiers,是,SCIE,全OA,"约 CHF 1,495-3,150（Frontiers in Medicine A类=CHF 3,150）",高,https://www.frontiersin.org/about/fee-policy,https://www.google.com/search?q=Frontiers+in+Cellular+and+Infection+Microbiology+aims+scope+instructions+for+authors+APC
35,2-Q1且IF小于10,5,Antioxidants,ANTIOXIDANTS-BASEL,,2076-3921,8.2,8.5,Q1,5/72,Q1,Q1,1.22,93.8,1139.0,91446.0,"BIOCHEMISTRY & MOLECULAR BIOLOGY; CHEMISTRY, MEDICINAL","BIOCHEMISTRY & MOLECULAR BIOLOGY(JIF Q1/JCI Q1) | CHEMISTRY, MEDICINAL(JIF Q1/JCI Q1)",MDPI,MDPI,是,SCIE,全OA,"约 CHF 1,600-2,900（如 JCM=CHF 2,600）",高,https://www.mdpi.com/about/apc,https://www.google.com/search?q=Antioxidants+aims+scope+instructions+for+authors+APC
36,2-Q1且IF小于10,5,Biomolecules,BIOMOLECULES,,2218-273X,5.6,6.2,Q1,72/328,Q2,Q2,0.71,78.2,1087.0,65970.0,BIOCHEMISTRY & MOLECULAR BIOLOGY,BIOCHEMISTRY & MOLECULAR BIOLOGY(JIF Q1/JCI Q2),MDPI,MDPI,是,SCIE,全OA,"约 CHF 1,600-2,900（如 JCM=CHF 2,600）",高,https://www.mdpi.com/about/apc,https://www.google.com/search?q=Biomolecules+aims+scope+instructions+for+authors+APC
37,2-Q1且IF小于10,5,Antibiotics-Basel,ANTIBIOTICS-BASEL,2079-6382,2079-6382,5.5,5.7,Q1,18/141,Q1,Q1,1.16,87.6,1045.0,45630.0,INFECTIOUS DISEASES; PHARMACOLOGY & PHARMACY,INFECTIOUS DISEASES(JIF Q1/JCI Q1) | PHARMACOLOGY & PHARMACY(JIF Q1/JCI Q1),MDPI,MDPI,是,SCIE,全OA,"约 CHF 1,600-2,900（如 JCM=CHF 2,600）",高,https://www.mdpi.com/about/apc,https://www.google.com/search?q=Antibiotics-Basel+aims+scope+instructions+for+authors+APC
38,2-Q1且IF小于10,5,Journal of Orthopaedic Surgery and Research,J ORTHOP SURG RES,1749-799X,1749-799X,3.8,3.8,Q1,21/147,Q1,Q1,1.39,86.1,947.0,19190.0,ORTHOPEDICS,ORTHOPEDICS(JIF Q1/JCI Q1),BMC,BMC,是,SCIE,全OA,"约 USD 1,990-2,890（旗舰刊更高）",高,https://www.biomedcentral.com/getpublished/article-processing-charges,https://www.google.com/search?q=Journal+of+Orthopaedic+Surgery+and+Research+aims+scope+instructions+for+authors+APC
39,2-Q1且IF小于10,5,Toxics,TOXICS,,2305-6304,4.9,5.3,Q1,21/106,Q2,Q2,0.87,80.7,935.0,19196.0,TOXICOLOGY,TOXICOLOGY(JIF Q1/JCI Q2),MDPI,MDPI,是,SCIE,全OA,"约 CHF 1,600-2,900（如 JCM=CHF 2,600）",高,https://www.mdpi.com/about/apc,https://www.google.com/search?q=Toxics+aims+scope+instructions+for+authors+APC
40,2-Q1且IF小于10,5,BMC MICROBIOLOGY,BMC MICROBIOL,1471-2180,1471-2180,5.4,5.6,Q1,37/167,Q1,Q1,1.22,78.1,888.0,23342.0,MICROBIOLOGY,MICROBIOLOGY(JIF Q1/JCI Q1),BMC,BMC,是,SCIE,全OA,"约 USD 1,990-2,890（旗舰刊更高）",高,https://www.biomedcentral.com/getpublished/article-processing-charges,https://www.google.com/search?q=BMC+MICROBIOLOGY+aims+scope+instructions+for+authors+APC
41,2-Q1且IF小于10,5,PLoS Computational Biology,PLOS COMPUT BIOL,1553-734X,1553-7358,3.7,4.4,Q1,12/67,Q1,Q1,0.96,82.8,848.0,47721.0,MATHEMATICAL & COMPUTATIONAL BIOLOGY,MATHEMATICAL & COMPUTATIONAL BIOLOGY(JIF Q1/JCI Q1),PUBLIC LIBRARY SCIENCE,PLOS,是,SCIE,全OA,专科刊费用因刊而异或走CAP；PLoS One已拉黑,高,https://plos.org/publish/fees/,https://www.google.com/search?q=PLoS+Computational+Biology+aims+scope+instructions+for+authors+APC
42,2-Q1且IF小于10,5,Frontiers in Bioengineering and Biotechnology,FRONT BIOENG BIOTECH,2296-4185,2296-4185,5.8,6.2,Q1,35/180,Q2,Q2,0.82,80.8,842.0,56245.0,"BIOTECHNOLOGY & APPLIED MICROBIOLOGY; ENGINEERING, BIOMEDICAL","BIOTECHNOLOGY & APPLIED MICROBIOLOGY(JIF Q1/JCI Q2) | ENGINEERING, BIOMEDICAL(JIF Q1/JCI Q2)",FRONTIERS MEDIA SA,Frontiers,是,SCIE,全OA,"约 CHF 1,495-3,150（Frontiers in Medicine A类=CHF 3,150）",高,https://www.frontiersin.org/about/fee-policy,https://www.google.com/search?q=Frontiers+in+Bioengineering+and+Biotechnology+aims+scope+instructions+for+authors+APC
43,2-Q1且IF小于10,5,PLoS Neglected Tropical Diseases,PLOS NEGLECT TROP D,1935-2735,1935-2735,3.6,4.0,Q1,7/47,Q1,Q1,1.14,86.2,819.0,41211.0,PARASITOLOGY; TROPICAL MEDICINE,PARASITOLOGY(JIF Q1/JCI Q1) | TROPICAL MEDICINE(JIF Q1/JCI Q1),PUBLIC LIBRARY SCIENCE,PLOS,是,SCIE,全OA,专科刊费用因刊而异或走CAP；PLoS One已拉黑,高,https://plos.org/publish/fees/,https://www.google.com/search?q=PLoS+Neglected+Tropical+Diseases+aims+scope+instructions+for+authors+APC
44,2-Q1且IF小于10,5,BMC Medicine,BMC MED,1741-7015,1741-7015,8.7,9.1,Q1,21/336,Q1,Q1,2.24,93.9,712.0,38473.0,"MEDICINE, GENERAL & INTERNAL","MEDICINE, GENERAL & INTERNAL(JIF Q1/JCI Q1)",BMC,BMC,是,SCIE,全OA,"约 USD 1,990-2,890（旗舰刊更高）",高,https://www.biomedcentral.com/getpublished/article-processing-charges,https://www.google.com/search?q=BMC+Medicine+aims+scope+instructions+for+authors+APC
45,2-Q1且IF小于10,5,PLoS Pathogens,PLOS PATHOG,1553-7366,1553-7374,4.9,5.5,Q1,4/47,Q1,Q1,1.39,92.6,669.0,55412.0,MICROBIOLOGY; PARASITOLOGY; VIROLOGY,MICROBIOLOGY(JIF Q2/JCI Q1) | PARASITOLOGY(JIF Q1/JCI Q1) | VIROLOGY(JIF Q1/JCI Q1),PUBLIC LIBRARY SCIENCE,PLOS,是,SCIE,全OA,专科刊费用因刊而异或走CAP；PLoS One已拉黑,高,https://plos.org/publish/fees/,https://www.google.com/search?q=PLoS+Pathogens+aims+scope+instructions+for+authors+APC
46,2-Q1且IF小于10,5,BMC Womens Health,BMC WOMENS HEALTH,,1472-6874,3.3,3.7,Q1,29/143,Q1,Q1,1.11,80.1,618.0,13555.0,"OBSTETRICS & GYNECOLOGY; PUBLIC, ENVIRONMENTAL & OCCUPATIONAL HEALTH","OBSTETRICS & GYNECOLOGY(JIF Q1/JCI Q1) | PUBLIC, ENVIRONMENTAL & OCCUPATIONAL HEALTH(JIF Q2/JCI Q1)",BMC,BMC,是,SCIE; SSCI,全OA,"约 USD 1,990-2,890（旗舰刊更高）",高,https://www.biomedcentral.com/getpublished/article-processing-charges,https://www.google.com/search?q=BMC+Womens+Health+aims+scope+instructions+for+authors+APC
47,2-Q1且IF小于10,5,BMC MEDICAL IMAGING,BMC MED IMAGING,1471-2342,1471-2342,3.9,3.9,Q1,46/217,Q1,Q1,1.15,79.0,562.0,5892.0,"RADIOLOGY, NUCLEAR MEDICINE & MEDICAL IMAGING","RADIOLOGY, NUCLEAR MEDICINE & MEDICAL IMAGING(JIF Q1/JCI Q1)",BMC,BMC,是,SCIE,全OA,"约 USD 1,990-2,890（旗舰刊更高）",高,https://www.biomedcentral.com/getpublished/article-processing-charges,https://www.google.com/search?q=BMC+MEDICAL+IMAGING+aims+scope+instructions+for+authors+APC
48,2-Q1且IF小于10,5,Stem Cell Research & Therapy,STEM CELL RES THER,,1757-6512,7.8,8.4,Q1,4/32,Q1,Q1,1.3,89.1,557.0,31355.0,"CELL & TISSUE ENGINEERING; CELL BIOLOGY; MEDICINE, RESEARCH & EXPERIMENTAL","CELL & TISSUE ENGINEERING(JIF Q1/JCI Q1) | CELL BIOLOGY(JIF Q1/JCI Q1) | MEDICINE, RESEARCH & EXPERIMENTAL(JIF Q1/JCI Q1)",BMC,BMC,是,SCIE,全OA,"约 USD 1,990-2,890（旗舰刊更高）",高,https://www.biomedcentral.com/getpublished/article-processing-charges,https://www.google.com/search?q=Stem+Cell+Research+&+Therapy+aims+scope+instructions+for+authors+APC
49,2-Q1且IF小于10,5,Frontiers in Aging Neuroscience,FRONT AGING NEUROSCI,1663-4365,1663-4365,5.2,5.6,Q1,65/330,Q2,Q2,0.99,80.5,525.0,35971.0,GERIATRICS & GERONTOLOGY; NEUROSCIENCES,GERIATRICS & GERONTOLOGY(JIF Q1/JCI Q2) | NEUROSCIENCES(JIF Q1/JCI Q2),FRONTIERS MEDIA SA,Frontiers,是,SCIE,全OA,"约 CHF 1,495-3,150（Frontiers in Medicine A类=CHF 3,150）",高,https://www.frontiersin.org/about/fee-policy,https://www.google.com/search?q=Frontiers+in+Aging+Neuroscience+aims+scope+instructions+for+authors+APC
50,2-Q1且IF小于10,5,Parasites & Vectors,PARASITE VECTOR,1756-3305,1756-3305,3.7,3.9,Q1,3/27,Q1,Q1,1.25,90.7,520.0,26027.0,PARASITOLOGY; TROPICAL MEDICINE,PARASITOLOGY(JIF Q1/JCI Q1) | TROPICAL MEDICINE(JIF Q1/JCI Q1),BMC,BMC,是,SCIE,全OA,"约 USD 1,990-2,890（旗舰刊更高）",高,https://www.biomedcentral.com/getpublished/article-processing-charges,https://www.google.com/search?q=Parasites+&+Vectors+aims+scope+instructions+for+authors+APC
51,2-Q1且IF小于10,4,BIORESOURCE TECHNOLOGY,BIORESOURCE TECHNOL,0960-8524,1873-2976,8.2,9.4,Q1,1/22,Q1,Q1,1.5,90.8,1480.0,174669.0,BIOTECHNOLOGY & APPLIED MICROBIOLOGY,BIOTECHNOLOGY & APPLIED MICROBIOLOGY(JIF Q1/JCI Q1),ELSEVIER SCI LTD,Elsevier,是,SCIE,混合为主,"订阅路线通常无APC；Gold OA常见 USD 2,200-4,200",中,https://www.elsevier.com/open-access/agreements,https://www.google.com/search?q=BIORESOURCE+TECHNOLOGY+aims+scope+instructions+for+authors+APC
52,2-Q1且IF小于10,4,Cell Reports,CELL REP,2639-1856,2211-1247,7.7,8.4,Q1,44/207,Q1,Q1,1.14,79.0,1429.0,115058.0,CELL BIOLOGY,CELL BIOLOGY(JIF Q1/JCI Q1),CELL PRESS,其他,是,SCIE,需核实,请查期刊官网 Author / Open Access 页面,未知,,https://www.google.com/search?q=Cell+Reports+aims+scope+instructions+for+authors+APC
53,2-Q1且IF小于10,4,JOURNAL OF ETHNOPHARMACOLOGY,J ETHNOPHARMACOL,0378-8741,1872-7573,6.8,6.4,Q1,24/285,Q1,Q1,1.52,89.7,1411.0,72710.0,"CHEMISTRY, MEDICINAL; INTEGRATIVE & COMPLEMENTARY MEDICINE; PHARMACOLOGY & PHARMACY","CHEMISTRY, MEDICINAL(JIF Q1/JCI Q1) | INTEGRATIVE & COMPLEMENTARY MEDICINE(JIF Q1/JCI Q1) | PHARMACOLOGY & PHARMACY(JIF Q1/JCI Q1)",ELSEVIER IRELAND LTD,Elsevier,是,SCIE,混合为主,"订阅路线通常无APC；Gold OA常见 USD 2,200-4,200",中,https://www.elsevier.com/open-access/agreements,https://www.google.com/search?q=JOURNAL+OF+ETHNOPHARMACOLOGY+aims+scope+instructions+for+authors+APC
54,2-Q1且IF小于10,4,JOURNAL OF MEDICINAL CHEMISTRY,J MED CHEM,0022-2623,1520-4804,7.3,7.6,Q1,9/72,Q1,Q1,1.77,88.2,1244.0,100697.0,"CHEMISTRY, MEDICINAL","CHEMISTRY, MEDICINAL(JIF Q1/JCI Q1)",AMER CHEMICAL SOC,其他,是,SCIE,需核实,请查期刊官网 Author / Open Access 页面,未知,,https://www.google.com/search?q=JOURNAL+OF+MEDICINAL+CHEMISTRY+aims+scope+instructions+for+authors+APC
55,2-Q1且IF小于10,4,Discover Applied Sciences,DISCOV APPL SCI,,3004-9261,3.8,3.8,Q1,30/140,Q2,Q2,0.63,78.9,1242.0,4112.0,MULTIDISCIPLINARY SCIENCES,MULTIDISCIPLINARY SCIENCES(JIF Q1/JCI Q2),SPRINGER,Springer,否,ESCI,混合为主,"订阅路线通常无APC；选OA约 USD 2,790-4,290",中,https://www.springer.com/gp/open-access,https://www.google.com/search?q=Discover+Applied+Sciences+aims+scope+instructions+for+authors+APC
56,2-Q1且IF小于10,4,JOURNAL OF MEDICAL INTERNET RESEARCH,J MED INTERNET RES,1439-4456,1438-8871,8.2,8.1,Q1,8/194,Q1,Q1,1.59,96.1,1233.0,66779.0,HEALTH CARE SCIENCES & SERVICES; MEDICAL INFORMATICS,HEALTH CARE SCIENCES & SERVICES(JIF Q1/JCI Q1) | MEDICAL INFORMATICS(JIF Q1/JCI Q1),"JMIR PUBLICATIONS, INC",其他,是,SCIE,需核实,请查期刊官网 Author / Open Access 页面,未知,,https://www.google.com/search?q=JOURNAL+OF+MEDICAL+INTERNET+RESEARCH+aims+scope+instructions+for+authors+APC
57,2-Q1且IF小于10,4,NEURAL NETWORKS,NEURAL NETWORKS,0893-6080,1879-2782,7.2,7.4,Q1,37/330,Q1,Q1,1.42,88.9,1215.0,37463.0,NEUROSCIENCES,NEUROSCIENCES(JIF Q1/JCI Q1),PERGAMON-ELSEVIER SCIENCE LTD,Elsevier,是,SCIE,混合为主,"订阅路线通常无APC；Gold OA常见 USD 2,200-4,200",中,https://www.elsevier.com/open-access/agreements,https://www.google.com/search?q=NEURAL+NETWORKS+aims+scope+instructions+for+authors+APC
58,2-Q1且IF小于10,4,BIOMASS & BIOENERGY,BIOMASS BIOENERG,0961-9534,1873-2909,7.0,6.5,Q1,22/180,Q1,Q1,1.18,88.1,1131.0,26239.0,BIOTECHNOLOGY & APPLIED MICROBIOLOGY,BIOTECHNOLOGY & APPLIED MICROBIOLOGY(JIF Q1/JCI Q1),PERGAMON-ELSEVIER SCIENCE LTD,Elsevier,是,SCIE,混合为主,"订阅路线通常无APC；Gold OA常见 USD 2,200-4,200",中,https://www.elsevier.com/open-access/agreements,https://www.google.com/search?q=BIOMASS+&+BIOENERGY+aims+scope+instructions+for+authors+APC
59,2-Q1且IF小于10,4,Journal of the American Heart Association,J AM HEART ASSOC,,2047-9980,6.0,6.2,Q1,40/237,Q1,Q1,1.38,83.3,1107.0,52552.0,CARDIAC & CARDIOVASCULAR SYSTEMS,CARDIAC & CARDIOVASCULAR SYSTEMS(JIF Q1/JCI Q1),WILEY,Wiley,是,SCIE,混合为主,"订阅路线通常无APC；OnlineOpen常见 USD 3,200-4,700",中,https://authorservices.wiley.com/author-resources/Journal-Authors/open-access/article-publication-charges.html,https://www.google.com/search?q=Journal+of+the+American+Heart+Association+aims+scope+instructions+for+authors+APC
60,2-Q1且IF小于10,4,Health Science Reports,HEALTH SCI REP-US,,2398-8835,2.9,2.6,Q1,75/336,Q2,Q2,0.69,77.8,1060.0,6291.0,"MEDICINE, GENERAL & INTERNAL; PUBLIC, ENVIRONMENTAL & OCCUPATIONAL HEALTH","MEDICINE, GENERAL & INTERNAL(JIF Q1/JCI Q2) | PUBLIC, ENVIRONMENTAL & OCCUPATIONAL HEALTH(JIF Q2/JCI Q2)",WILEY,Wiley,否,ESCI,混合为主,"订阅路线通常无APC；OnlineOpen常见 USD 3,200-4,700",中,https://authorservices.wiley.com/author-resources/Journal-Authors/open-access/article-publication-charges.html,https://www.google.com/search?q=Health+Science+Reports+aims+scope+instructions+for+authors+APC
61,2-Q1且IF小于10,4,Journal of Chemical Information and Modeling,J CHEM INF MODEL,1549-9596,1549-960X,6.4,6.9,Q1,41/266,Q1,Q1,1.17,82.6,1046.0,46598.0,"CHEMISTRY, MEDICINAL","CHEMISTRY, MEDICINAL(JIF Q1/JCI Q1)",AMER CHEMICAL SOC,其他,是,SCIE,需核实,请查期刊官网 Author / Open Access 页面,未知,,https://www.google.com/search?q=Journal+of+Chemical+Information+and+Modeling+aims+scope+instructions+for+authors+APC
62,2-Q1且IF小于10,4,European Journal of Pharmacology,EUR J PHARMACOL,0014-2999,1879-0712,5.7,5.4,Q1,52/356,Q1,Q1,1.45,85.5,999.0,43626.0,PHARMACOLOGY & PHARMACY,PHARMACOLOGY & PHARMACY(JIF Q1/JCI Q1),ELSEVIER,Elsevier,是,SCIE,混合为主,"订阅路线通常无APC；Gold OA常见 USD 2,200-4,200",中,https://www.elsevier.com/open-access/agreements,https://www.google.com/search?q=European+Journal+of+Pharmacology+aims+scope+instructions+for+authors+APC
63,2-Q1且IF小于10,4,International Journal of Pharmaceutics,INT J PHARMACEUT,0378-5173,1873-3476,6.0,6.2,Q1,46/356,Q1,Q1,1.58,87.2,991.0,74091.0,PHARMACOLOGY & PHARMACY,PHARMACOLOGY & PHARMACY(JIF Q1/JCI Q1),ELSEVIER,Elsevier,是,SCIE,混合为主,"订阅路线通常无APC；Gold OA常见 USD 2,200-4,200",中,https://www.elsevier.com/open-access/agreements,https://www.google.com/search?q=International+Journal+of+Pharmaceutics+aims+scope+instructions+for+authors+APC
64,2-Q1且IF小于10,4,JOURNAL OF DRUG DELIVERY SCIENCE AND TECHNOLOGY,J DRUG DELIV SCI TEC,1773-2247,2588-8943,5.2,5.3,Q1,62/356,Q1,Q1,1.22,82.7,956.0,30864.0,PHARMACOLOGY & PHARMACY,PHARMACOLOGY & PHARMACY(JIF Q1/JCI Q1),ELSEVIER,Elsevier,是,SCIE,混合为主,"订阅路线通常无APC；Gold OA常见 USD 2,200-4,200",中,https://www.elsevier.com/open-access/agreements,https://www.google.com/search?q=JOURNAL+OF+DRUG+DELIVERY+SCIENCE+AND+TECHNOLOGY+aims+scope+instructions+for+authors+APC
65,2-Q1且IF小于10,4,FASEB JOURNAL,FASEB J,0892-6638,1530-6860,4.3,4.7,Q1,19/106,Q1,Q1,0.85,82.5,947.0,52322.0,BIOCHEMISTRY & MOLECULAR BIOLOGY; BIOLOGY; CELL BIOLOGY,BIOCHEMISTRY & MOLECULAR BIOLOGY(JIF Q2/JCI Q2) | BIOLOGY(JIF Q1/JCI Q1) | CELL BIOLOGY(JIF Q2/JCI Q2),WILEY,Wiley,是,SCIE,混合为主,"订阅路线通常无APC；OnlineOpen常见 USD 3,200-4,700",中,https://authorservices.wiley.com/author-resources/Journal-Authors/open-access/article-publication-charges.html,https://www.google.com/search?q=FASEB+JOURNAL+aims+scope+instructions+for+authors+APC
66,2-Q1且IF小于10,4,ANNALS OF SURGICAL ONCOLOGY,ANN SURG ONCOL,1068-9265,1534-4681,3.8,3.8,Q1,38/321,Q1,Q1,1.23,88.3,915.0,36204.0,ONCOLOGY; SURGERY,ONCOLOGY(JIF Q2/JCI Q1) | SURGERY(JIF Q1/JCI Q1),SPRINGER,Springer,是,SCIE,混合为主,"订阅路线通常无APC；选OA约 USD 2,790-4,290",中,https://www.springer.com/gp/open-access,https://www.google.com/search?q=ANNALS+OF+SURGICAL+ONCOLOGY+aims+scope+instructions+for+authors+APC
67,2-Q1且IF小于10,4,SOCIAL SCIENCE & MEDICINE,SOC SCI MED,0277-9536,1873-5347,4.1,5.6,Q1,4/48,Q1,Q1,1.49,92.7,913.0,64963.0,"PUBLIC, ENVIRONMENTAL & OCCUPATIONAL HEALTH; SOCIAL SCIENCES, BIOMEDICAL","PUBLIC, ENVIRONMENTAL & OCCUPATIONAL HEALTH(JIF Q1/JCI Q1) | SOCIAL SCIENCES, BIOMEDICAL(JIF Q1/JCI Q1)",PERGAMON-ELSEVIER SCIENCE LTD,Elsevier,是,"SCIE, SSCI; SSCI",混合为主,"订阅路线通常无APC；Gold OA常见 USD 2,200-4,200",中,https://www.elsevier.com/open-access/agreements,https://www.google.com/search?q=SOCIAL+SCIENCE+&+MEDICINE+aims+scope+instructions+for+authors+APC
68,2-Q1且IF小于10,4,SURGICAL ENDOSCOPY AND OTHER INTERVENTIONAL TECHNIQUES,SURG ENDOSC,0930-2794,1432-2218,3.3,3.3,Q1,50/321,Q1,Q1,1.34,84.6,910.0,31968.0,SURGERY,SURGERY(JIF Q1/JCI Q1),SPRINGER,Springer,是,SCIE,混合为主,"订阅路线通常无APC；选OA约 USD 2,790-4,290",中,https://www.springer.com/gp/open-access,https://www.google.com/search?q=SURGICAL+ENDOSCOPY+AND+OTHER+INTERVENTIONAL+TECHNIQUES+aims+scope+instructions+for+authors+APC
69,2-Q1且IF小于10,4,SUPPORTIVE CARE IN CANCER,SUPPORT CARE CANCER,0941-4355,1433-7339,3.4,3.7,Q1,15/175,Q2,Q2,0.99,91.7,899.0,27891.0,HEALTH CARE SCIENCES & SERVICES; ONCOLOGY; REHABILITATION,HEALTH CARE SCIENCES & SERVICES(JIF Q2/JCI Q2) | ONCOLOGY(JIF Q2/JCI Q2) | REHABILITATION(JIF Q1/JCI Q2),SPRINGER,Springer,是,SCIE,混合为主,"订阅路线通常无APC；选OA约 USD 2,790-4,290",中,https://www.springer.com/gp/open-access,https://www.google.com/search?q=SUPPORTIVE+CARE+IN+CANCER+aims+scope+instructions+for+authors+APC
70,2-Q1且IF小于10,4,ANNALS OF MEDICINE,ANN MED,0785-3890,1365-2060,4.9,5.2,Q1,45/336,Q1,Q1,1.23,86.8,864.0,13491.0,"MEDICINE, GENERAL & INTERNAL","MEDICINE, GENERAL & INTERNAL(JIF Q1/JCI Q1)",TAYLOR & FRANCIS LTD,Taylor & Francis,是,SCIE,混合为主,"订阅路线通常无APC；Open Select常见 USD 2,500-3,500",中,https://authorservices.taylorandfrancis.com/publishing-open-access/,https://www.google.com/search?q=ANNALS+OF+MEDICINE+aims+scope+instructions+for+authors+APC
71,2-Q1且IF小于10,4,EUROPEAN JOURNAL OF MEDICINAL CHEMISTRY,EUR J MED CHEM,0223-5234,1768-3254,6.7,6.6,Q1,11/72,Q1,Q1,1.32,85.4,846.0,62317.0,"CHEMISTRY, MEDICINAL","CHEMISTRY, MEDICINAL(JIF Q1/JCI Q1)",ELSEVIER FRANCE-EDITIONS SCIENTIFIQUES MEDICALES ELSEVIER,Elsevier,是,SCIE,混合为主,"订阅路线通常无APC；Gold OA常见 USD 2,200-4,200",中,https://www.elsevier.com/open-access/agreements,https://www.google.com/search?q=EUROPEAN+JOURNAL+OF+MEDICINAL+CHEMISTRY+aims+scope+instructions+for+authors+APC
72,2-Q1且IF小于10,4,Journal of Radiation Research and Applied Sciences,J RADIAT RES APPL SC,1687-8507,1687-8507,3.5,3.2,Q1,35/140,Q1,Q1,1.07,75.4,810.0,5756.0,MULTIDISCIPLINARY SCIENCES,MULTIDISCIPLINARY SCIENCES(JIF Q1/JCI Q1),ELSEVIER,Elsevier,是,SCIE,混合为主,"订阅路线通常无APC；Gold OA常见 USD 2,200-4,200",中,https://www.elsevier.com/open-access/agreements,https://www.google.com/search?q=Journal+of+Radiation+Research+and+Applied+Sciences+aims+scope+instructions+for+authors+APC
73,2-Q1且IF小于10,4,IEEE Journal of Biomedical and Health Informatics,IEEE J BIOMED HEALTH,2168-2194,2168-2208,7.7,8.0,Q1,5/67,Q1,Q1,1.77,93.3,778.0,27151.0,MATHEMATICAL & COMPUTATIONAL BIOLOGY; MEDICAL INFORMATICS,MATHEMATICAL & COMPUTATIONAL BIOLOGY(JIF Q1/JCI Q1) | MEDICAL INFORMATICS(JIF Q1/JCI Q1),IEEE-INST ELECTRICAL ELECTRONICS ENGINEERS INC,IEEE,是,SCIE,混合/OA,因刊而异,中,https://open.ieee.org/,https://www.google.com/search?q=IEEE+Journal+of+Biomedical+and+Health+Informatics+aims+scope+instructions+for+authors+APC
74,2-Q1且IF小于10,4,International Journal of Surgery,INT J SURG,1743-9191,1743-9159,9.0,9.4,Q1,5/321,Q1,Q1,3.62,98.6,770.0,27155.0,SURGERY,SURGERY(JIF Q1/JCI Q1),LIPPINCOTT WILLIAMS & WILKINS,Wolters Kluwer/LWW,是,SCIE,混合为主,"订阅路线通常无APC；OA常见 USD 2,000-4,000；MEDICINE已拉黑",中,https://wkauthorservices.editage.com/open-access/,https://www.google.com/search?q=International+Journal+of+Surgery+aims+scope+instructions+for+authors+APC
75,2-Q1且IF小于10,4,INVESTIGATIVE OPHTHALMOLOGY & VISUAL SCIENCE,INVEST OPHTH VIS SCI,0146-0404,1552-5783,5.5,5.5,Q1,10/98,Q1,Q1,1.74,90.3,770.0,58332.0,OPHTHALMOLOGY,OPHTHALMOLOGY(JIF Q1/JCI Q1),ASSOC RESEARCH VISION OPHTHALMOLOGY INC,其他,是,SCIE,需核实,请查期刊官网 Author / Open Access 页面,未知,,https://www.google.com/search?q=INVESTIGATIVE+OPHTHALMOLOGY+&+VISUAL+SCIENCE+aims+scope+instructions+for+authors+APC
76,2-Q1且IF小于10,4,JOURNAL OF ARTHROPLASTY,J ARTHROPLASTY,0883-5403,1532-8406,4.4,4.2,Q1,18/147,Q1,Q1,1.77,88.1,753.0,32784.0,ORTHOPEDICS,ORTHOPEDICS(JIF Q1/JCI Q1),CHURCHILL LIVINGSTONE INC MEDICAL PUBLISHERS,Elsevier,是,SCIE,混合为主,"订阅路线通常无APC；Gold OA常见 USD 2,200-4,200",中,https://www.elsevier.com/open-access/agreements,https://www.google.com/search?q=JOURNAL+OF+ARTHROPLASTY+aims+scope+instructions+for+authors+APC
77,2-Q1且IF小于10,4,mBio,MBIO,,2150-7511,5.4,5.9,Q1,37/167,Q1,Q1,1.26,78.1,730.0,43100.0,MICROBIOLOGY,MICROBIOLOGY(JIF Q1/JCI Q1),AMER SOC MICROBIOLOGY,其他,是,SCIE,需核实,请查期刊官网 Author / Open Access 页面,未知,,https://www.google.com/search?q=mBio+aims+scope+instructions+for+authors+APC
78,2-Q1且IF小于10,4,JOURNAL OF THE ACOUSTICAL SOCIETY OF AMERICA,J ACOUST SOC AM,0001-4966,1520-8524,2.6,2.6,Q1,6/35,Q2,Q1,0.9,84.3,721.0,53946.0,AUDIOLOGY & SPEECH-LANGUAGE PATHOLOGY,AUDIOLOGY & SPEECH-LANGUAGE PATHOLOGY(JIF Q1/JCI Q2),ACOUSTICAL SOC AMER AMER INST PHYSICS,其他,是,SCIE,需核实,请查期刊官网 Author / Open Access 页面,未知,,https://www.google.com/search?q=JOURNAL+OF+THE+ACOUSTICAL+SOCIETY+OF+AMERICA+aims+scope+instructions+for+authors+APC
79,2-Q1且IF小于10,4,EUROPEAN SPINE JOURNAL,EUR SPINE J,0940-6719,1432-0932,3.2,3.4,Q1,30/147,Q1,Q1,1.01,79.9,717.0,23293.0,CLINICAL NEUROLOGY; ORTHOPEDICS,CLINICAL NEUROLOGY(JIF Q2/JCI Q1) | ORTHOPEDICS(JIF Q1/JCI Q2),SPRINGER,Springer,是,SCIE,混合为主,"订阅路线通常无APC；选OA约 USD 2,790-4,290",中,https://www.springer.com/gp/open-access,https://www.google.com/search?q=EUROPEAN+SPINE+JOURNAL+aims+scope+instructions+for+authors+APC
80,2-Q1且IF小于10,4,Digital Health,DIGIT HEALTH,2055-2076,2055-2076,3.9,4.2,Q1,15/125,Q1,Q1,1.02,88.4,708.0,9301.0,"HEALTH CARE SCIENCES & SERVICES; HEALTH POLICY & SERVICES; MEDICAL INFORMATICS; PUBLIC, ENVIRONMENTAL & OCCUPATIONAL HEALTH","HEALTH CARE SCIENCES & SERVICES(JIF Q1/JCI Q2) | HEALTH POLICY & SERVICES(JIF Q1/JCI Q1) | MEDICAL INFORMATICS(JIF Q2/JCI Q2) | PUBLIC, ENVIRONMENTAL & OCCUPATIONAL HEALTH(JIF Q1/JCI Q1)",SAGE PUBLICATIONS LTD,SAGE,是,"SCIE; SSCI; SCIE, SSCI",混合为主,"订阅路线通常无APC；SAGE Choice常见 USD 2,000-4,000",中,https://us.sagepub.com/en-us/nam/sage-choice,https://www.google.com/search?q=Digital+Health+aims+scope+instructions+for+authors+APC
81,2-Q1且IF小于10,4,MOLECULAR NEUROBIOLOGY,MOL NEUROBIOL,0893-7648,1559-1182,5.5,5.5,Q1,59/330,Q1,Q1,1.19,82.3,681.0,30073.0,NEUROSCIENCES,NEUROSCIENCES(JIF Q1/JCI Q1),SPRINGER,Springer,是,SCIE,混合为主,"订阅路线通常无APC；选OA约 USD 2,790-4,290",中,https://www.springer.com/gp/open-access,https://www.google.com/search?q=MOLECULAR+NEUROBIOLOGY+aims+scope+instructions+for+authors+APC
82,2-Q1且IF小于10,4,Environmental Technology & Innovation,ENVIRON TECHNOL INNO,2352-1864,2352-1864,7.3,7.2,Q1,19/180,Q1,Q1,1.29,89.7,674.0,22886.0,BIOTECHNOLOGY & APPLIED MICROBIOLOGY,BIOTECHNOLOGY & APPLIED MICROBIOLOGY(JIF Q1/JCI Q1),ELSEVIER,Elsevier,是,SCIE,混合为主,"订阅路线通常无APC；Gold OA常见 USD 2,200-4,200",中,https://www.elsevier.com/open-access/agreements,https://www.google.com/search?q=Environmental+Technology+&+Innovation+aims+scope+instructions+for+authors+APC
83,2-Q1且IF小于10,4,DIABETES OBESITY & METABOLISM,DIABETES OBES METAB,1462-8902,1463-1326,6.1,6.1,Q1,32/198,Q1,Q1,1.3,84.1,673.0,21072.0,ENDOCRINOLOGY & METABOLISM,ENDOCRINOLOGY & METABOLISM(JIF Q1/JCI Q1),WILEY,Wiley,是,SCIE,混合为主,"订阅路线通常无APC；OnlineOpen常见 USD 3,200-4,700",中,https://authorservices.wiley.com/author-resources/Journal-Authors/open-access/article-publication-charges.html,https://www.google.com/search?q=DIABETES+OBESITY+&+METABOLISM+aims+scope+instructions+for+authors+APC
84,2-Q1且IF小于10,4,BIOMACROMOLECULES,BIOMACROMOLECULES,1525-7797,1526-4602,5.9,6.0,Q1,3/58,Q1,Q1,1.27,80.0,664.0,41799.0,BIOCHEMISTRY & MOLECULAR BIOLOGY,BIOCHEMISTRY & MOLECULAR BIOLOGY(JIF Q1/JCI Q1),AMER CHEMICAL SOC,其他,是,SCIE,需核实,请查期刊官网 Author / Open Access 页面,未知,,https://www.google.com/search?q=BIOMACROMOLECULES+aims+scope+instructions+for+authors+APC
85,2-Q1且IF小于10,4,Journal of Virology,J VIROL,0022-538X,1098-5514,4.1,4.1,Q1,8/44,Q1,Q1,1.09,83.0,660.0,77299.0,VIROLOGY,VIROLOGY(JIF Q1/JCI Q1),AMER SOC MICROBIOLOGY,其他,是,SCIE,需核实,请查期刊官网 Author / Open Access 页面,未知,,https://www.google.com/search?q=Journal+of+Virology+aims+scope+instructions+for+authors+APC
86,2-Q1且IF小于10,4,EUROPEAN RADIOLOGY,EUR RADIOL,0938-7994,1432-1084,6.0,5.7,Q1,22/217,Q1,Q1,1.55,90.1,644.0,42314.0,"RADIOLOGY, NUCLEAR MEDICINE & MEDICAL IMAGING","RADIOLOGY, NUCLEAR MEDICINE & MEDICAL IMAGING(JIF Q1/JCI Q1)",SPRINGER,Springer,是,SCIE,混合为主,"订阅路线通常无APC；选OA约 USD 2,790-4,290",中,https://www.springer.com/gp/open-access,https://www.google.com/search?q=EUROPEAN+RADIOLOGY+aims+scope+instructions+for+authors+APC
87,2-Q1且IF小于10,4,BIOINFORMATICS,BIOINFORMATICS,1367-4803,1367-4811,5.5,7.5,Q1,7/67,Q1,Q1,1.59,90.3,644.0,194389.0,BIOTECHNOLOGY & APPLIED MICROBIOLOGY; MATHEMATICAL & COMPUTATIONAL BIOLOGY,BIOTECHNOLOGY & APPLIED MICROBIOLOGY(JIF Q1/JCI Q1) | MATHEMATICAL & COMPUTATIONAL BIOLOGY(JIF Q1/JCI Q1),OXFORD UNIV PRESS,Oxford UP,是,SCIE,混合为主,订阅路线通常无APC；可选OA，费用因刊而异,中,https://academic.oup.com/pages/open-research/open-access,https://www.google.com/search?q=BIOINFORMATICS+aims+scope+instructions+for+authors+APC
88,2-Q1且IF小于10,4,ACADEMIC RADIOLOGY,ACAD RADIOL,1076-6332,1878-4046,4.7,4.0,Q1,35/217,Q1,Q1,1.39,84.1,629.0,12494.0,"RADIOLOGY, NUCLEAR MEDICINE & MEDICAL IMAGING","RADIOLOGY, NUCLEAR MEDICINE & MEDICAL IMAGING(JIF Q1/JCI Q1)",ELSEVIER SCIENCE INC,Elsevier,是,SCIE,混合为主,"订阅路线通常无APC；Gold OA常见 USD 2,200-4,200",中,https://www.elsevier.com/open-access/agreements,https://www.google.com/search?q=ACADEMIC+RADIOLOGY+aims+scope+instructions+for+authors+APC
89,2-Q1且IF小于10,4,NEUROIMAGE,NEUROIMAGE,1053-8119,1095-9572,5.3,6.6,Q1,2/18,Q1,Q1,1.41,91.7,622.0,122818.0,"NEUROIMAGING; NEUROSCIENCES; RADIOLOGY, NUCLEAR MEDICINE & MEDICAL IMAGING","NEUROIMAGING(JIF Q1/JCI Q1) | NEUROSCIENCES(JIF Q1/JCI Q1) | RADIOLOGY, NUCLEAR MEDICINE & MEDICAL IMAGING(JIF Q1/JCI Q1)",ACADEMIC PRESS INC ELSEVIER SCIENCE,Elsevier,是,SCIE,混合为主,"订阅路线通常无APC；Gold OA常见 USD 2,200-4,200",中,https://www.elsevier.com/open-access/agreements,https://www.google.com/search?q=NEUROIMAGE+aims+scope+instructions+for+authors+APC
90,2-Q1且IF小于10,4,BRIEFINGS IN BIOINFORMATICS,BRIEF BIOINFORM,1467-5463,1477-4054,7.3,8.1,Q1,4/85,Q1,Q1,1.79,91.8,616.0,33255.0,MATHEMATICAL & COMPUTATIONAL BIOLOGY,MATHEMATICAL & COMPUTATIONAL BIOLOGY(JIF Q1/JCI Q1),OXFORD UNIV PRESS,Oxford UP,是,SCIE,混合为主,订阅路线通常无APC；可选OA，费用因刊而异,中,https://academic.oup.com/pages/open-research/open-access,https://www.google.com/search?q=BRIEFINGS+IN+BIOINFORMATICS+aims+scope+instructions+for+authors+APC
91,2-Q1且IF小于10,4,FREE RADICAL BIOLOGY AND MEDICINE,FREE RADICAL BIO MED,0891-5849,1873-4596,8.0,8.8,Q1,17/198,Q1,Q1,1.74,91.7,598.0,58154.0,BIOCHEMISTRY & MOLECULAR BIOLOGY; ENDOCRINOLOGY & METABOLISM,BIOCHEMISTRY & MOLECULAR BIOLOGY(JIF Q1/JCI Q1) | ENDOCRINOLOGY & METABOLISM(JIF Q1/JCI Q1),ELSEVIER SCIENCE INC,Elsevier,是,SCIE,混合为主,"订阅路线通常无APC；Gold OA常见 USD 2,200-4,200",中,https://www.elsevier.com/open-access/agreements,https://www.google.com/search?q=FREE+RADICAL+BIOLOGY+AND+MEDICINE+aims+scope+instructions+for+authors+APC
92,2-Q1且IF小于10,4,JOURNAL OF PROSTHETIC DENTISTRY,J PROSTHET DENT,0022-3913,1097-6841,5.6,5.3,Q1,11/165,Q1,Q1,2.14,93.6,590.0,23515.0,"DENTISTRY, ORAL SURGERY & MEDICINE","DENTISTRY, ORAL SURGERY & MEDICINE(JIF Q1/JCI Q1)",MOSBY-ELSEVIER,Elsevier,是,SCIE,混合为主,"订阅路线通常无APC；Gold OA常见 USD 2,200-4,200",中,https://www.elsevier.com/open-access/agreements,https://www.google.com/search?q=JOURNAL+OF+PROSTHETIC+DENTISTRY+aims+scope+instructions+for+authors+APC
93,2-Q1且IF小于10,4,Drug Design Development and Therapy,DRUG DES DEV THER,1177-8881,,6.1,6.2,Q1,43/356,Q1,Q1,1.2,88.1,582.0,19401.0,"CHEMISTRY, MEDICINAL; PHARMACOLOGY & PHARMACY","CHEMISTRY, MEDICINAL(JIF Q1/JCI Q1) | PHARMACOLOGY & PHARMACY(JIF Q1/JCI Q1)",DOVE MEDICAL PRESS LTD,其他,是,SCIE,需核实,请查期刊官网 Author / Open Access 页面,未知,,https://www.google.com/search?q=Drug+Design+Development+and+Therapy+aims+scope+instructions+for+authors+APC
94,2-Q1且IF小于10,4,Scientific African,SCI AFR,2468-2276,2468-2276,3.7,3.7,Q1,32/140,Q2,Q2,0.73,77.5,582.0,8957.0,MULTIDISCIPLINARY SCIENCES,MULTIDISCIPLINARY SCIENCES(JIF Q1/JCI Q2),ELSEVIER,Elsevier,否,ESCI,混合为主,"订阅路线通常无APC；Gold OA常见 USD 2,200-4,200",中,https://www.elsevier.com/open-access/agreements,https://www.google.com/search?q=Scientific+African+aims+scope+instructions+for+authors+APC
95,2-Q1且IF小于10,4,EUROPEAN JOURNAL OF PEDIATRICS,EUR J PEDIATR,0340-6199,1432-1076,2.9,3.0,Q1,33/190,Q1,Q1,1.28,82.9,576.0,13647.0,PEDIATRICS,PEDIATRICS(JIF Q1/JCI Q1),SPRINGER,Springer,是,SCIE,混合为主,"订阅路线通常无APC；选OA约 USD 2,790-4,290",中,https://www.springer.com/gp/open-access,https://www.google.com/search?q=EUROPEAN+JOURNAL+OF+PEDIATRICS+aims+scope+instructions+for+authors+APC
96,2-Q1且IF小于10,4,Algal Research-Biomass Biofuels and Bioproducts,ALGAL RES,2211-9264,2211-9264,5.0,5.4,Q1,44/180,Q1,Q1,1.04,75.8,573.0,19504.0,BIOTECHNOLOGY & APPLIED MICROBIOLOGY,BIOTECHNOLOGY & APPLIED MICROBIOLOGY(JIF Q1/JCI Q1),ELSEVIER,Elsevier,是,SCIE,混合为主,"订阅路线通常无APC；Gold OA常见 USD 2,200-4,200",中,https://www.elsevier.com/open-access/agreements,https://www.google.com/search?q=Algal+Research-Biomass+Biofuels+and+Bioproducts+aims+scope+instructions+for+authors+APC
97,2-Q1且IF小于10,4,NEUROLOGY,NEUROLOGY,0028-3878,1526-632X,8.9,9.5,Q1,13/296,Q1,Q1,2.34,95.8,571.0,103094.0,CLINICAL NEUROLOGY,CLINICAL NEUROLOGY(JIF Q1/JCI Q1),LIPPINCOTT WILLIAMS & WILKINS,Wolters Kluwer/LWW,是,SCIE,混合为主,"订阅路线通常无APC；OA常见 USD 2,000-4,000；MEDICINE已拉黑",中,https://wkauthorservices.editage.com/open-access/,https://www.google.com/search?q=NEUROLOGY+aims+scope+instructions+for+authors+APC
98,2-Q1且IF小于10,4,BIOCHEMICAL PHARMACOLOGY,BIOCHEM PHARMACOL,0006-2952,1873-2968,6.5,6.5,Q1,41/356,Q1,Q1,1.27,88.6,571.0,36714.0,PHARMACOLOGY & PHARMACY,PHARMACOLOGY & PHARMACY(JIF Q1/JCI Q1),PERGAMON-ELSEVIER SCIENCE LTD,Elsevier,是,SCIE,混合为主,"订阅路线通常无APC；Gold OA常见 USD 2,200-4,200",中,https://www.elsevier.com/open-access/agreements,https://www.google.com/search?q=BIOCHEMICAL+PHARMACOLOGY+aims+scope+instructions+for+authors+APC
99,2-Q1且IF小于10,4,LIFE SCIENCES,LIFE SCI,0024-3205,1879-0631,6.4,5.9,Q1,42/356,Q1,Q1,1.39,88.3,569.0,51400.0,"MEDICINE, RESEARCH & EXPERIMENTAL; PHARMACOLOGY & PHARMACY","MEDICINE, RESEARCH & EXPERIMENTAL(JIF Q1/JCI Q1) | PHARMACOLOGY & PHARMACY(JIF Q1/JCI Q1)",PERGAMON-ELSEVIER SCIENCE LTD,Elsevier,是,SCIE,混合为主,"订阅路线通常无APC；Gold OA常见 USD 2,200-4,200",中,https://www.elsevier.com/open-access/agreements,https://www.google.com/search?q=LIFE+SCIENCES+aims+scope+instructions+for+authors+APC
100,2-Q1且IF小于10,4,Orthopaedic Journal of Sports Medicine,ORTHOP J SPORTS MED,,2325-9671,2.9,3.5,Q1,34/147,Q2,Q2,0.96,77.2,554.0,13228.0,ORTHOPEDICS; SPORT SCIENCES,ORTHOPEDICS(JIF Q1/JCI Q2) | SPORT SCIENCES(JIF Q2/JCI Q2),SAGE PUBLICATIONS INC,SAGE,是,SCIE,混合为主,"订阅路线通常无APC；SAGE Choice常见 USD 2,000-4,000",中,https://us.sagepub.com/en-us/nam/sage-choice,https://www.google.com/search?q=Orthopaedic+Journal+of+Sports+Medicine+aims+scope+instructions+for+authors+APC
101,2-Q1且IF小于10,4,ENVIRONMENTAL GEOCHEMISTRY AND HEALTH,ENVIRON GEOCHEM HLTH,0269-4042,1573-2983,4.3,4.2,Q1,66/443,Q2,Q2,0.83,85.2,546.0,12699.0,"PUBLIC, ENVIRONMENTAL & OCCUPATIONAL HEALTH","PUBLIC, ENVIRONMENTAL & OCCUPATIONAL HEALTH(JIF Q1/JCI Q2)",SPRINGER,Springer,是,SCIE,混合为主,"订阅路线通常无APC；选OA约 USD 2,790-4,290",中,https://www.springer.com/gp/open-access,https://www.google.com/search?q=ENVIRONMENTAL+GEOCHEMISTRY+AND+HEALTH+aims+scope+instructions+for+authors+APC
102,2-Q1且IF小于10,4,WORLD JOURNAL OF UROLOGY,WORLD J UROL,0724-4983,1433-8726,3.3,3.3,Q1,33/134,Q1,Q1,1.14,75.7,543.0,12943.0,UROLOGY & NEPHROLOGY,UROLOGY & NEPHROLOGY(JIF Q1/JCI Q1),SPRINGER,Springer,是,SCIE,混合为主,"订阅路线通常无APC；选OA约 USD 2,790-4,290",中,https://www.springer.com/gp/open-access,https://www.google.com/search?q=WORLD+JOURNAL+OF+UROLOGY+aims+scope+instructions+for+authors+APC
103,2-Q1且IF小于10,4,JOURNAL OF INFECTIOUS DISEASES,J INFECT DIS,0022-1899,1537-6613,4.1,4.5,Q1,34/141,Q1,Q1,1.1,76.2,540.0,44581.0,IMMUNOLOGY; INFECTIOUS DISEASES; MICROBIOLOGY,IMMUNOLOGY(JIF Q2/JCI Q1) | INFECTIOUS DISEASES(JIF Q1/JCI Q1) | MICROBIOLOGY(JIF Q2/JCI Q1),OXFORD UNIV PRESS INC,Oxford UP,是,SCIE,混合为主,订阅路线通常无APC；可选OA，费用因刊而异,中,https://academic.oup.com/pages/open-research/open-access,https://www.google.com/search?q=JOURNAL+OF+INFECTIOUS+DISEASES+aims+scope+instructions+for+authors+APC
104,2-Q1且IF小于10,4,Food & Function,FOOD FUNCT,2042-6496,2042-650X,6.3,6.5,Q1,33/187,Q1,Q1,1.08,81.9,534.0,45712.0,BIOCHEMISTRY & MOLECULAR BIOLOGY,BIOCHEMISTRY & MOLECULAR BIOLOGY(JIF Q1/JCI Q1),ROYAL SOC CHEMISTRY,其他,是,SCIE,需核实,请查期刊官网 Author / Open Access 页面,未知,,https://www.google.com/search?q=Food+&+Function+aims+scope+instructions+for+authors+APC
105,2-Q1且IF小于10,4,JOURNAL OF ADVANCED NURSING,J ADV NURS,0309-2402,1365-2648,3.8,4.7,Q1,17/194,Q1,Q1,1.38,91.5,531.0,30366.0,NURSING,NURSING(JIF Q1/JCI Q1),WILEY,Wiley,是,"SCIE, SSCI",混合为主,"订阅路线通常无APC；OnlineOpen常见 USD 3,200-4,700",中,https://authorservices.wiley.com/author-resources/Journal-Authors/open-access/article-publication-charges.html,https://www.google.com/search?q=JOURNAL+OF+ADVANCED+NURSING+aims+scope+instructions+for+authors+APC
106,2-Q1且IF小于10,4,Communications Medicine,COMMUN MED-LONDON,2730-664X,2730-664X,7.4,7.5,Q1,31/191,Q1,Q1,1.57,84.0,530.0,5278.0,"MEDICINE, RESEARCH & EXPERIMENTAL","MEDICINE, RESEARCH & EXPERIMENTAL(JIF Q1/JCI Q1)",SPRINGERNATURE,Springer Nature,否,ESCI,混合/全OA,"全OA约 USD 2,090-3,490；Nature系更高；Scientific Reports已拉黑",中高,https://www.springernature.com/gp/open-research/journals-books/journals,https://www.google.com/search?q=Communications+Medicine+aims+scope+instructions+for+authors+APC
107,2-Q1且IF小于10,4,EUROPEAN JOURNAL OF RADIOLOGY,EUR J RADIOL,0720-048X,1872-7727,3.9,3.7,Q1,46/217,Q1,Q1,1.05,79.0,530.0,19085.0,"RADIOLOGY, NUCLEAR MEDICINE & MEDICAL IMAGING","RADIOLOGY, NUCLEAR MEDICINE & MEDICAL IMAGING(JIF Q1/JCI Q1)",ELSEVIER IRELAND LTD,Elsevier,是,SCIE,混合为主,"订阅路线通常无APC；Gold OA常见 USD 2,200-4,200",中,https://www.elsevier.com/open-access/agreements,https://www.google.com/search?q=EUROPEAN+JOURNAL+OF+RADIOLOGY+aims+scope+instructions+for+authors+APC
108,2-Q1且IF小于10,4,CURRENT BIOLOGY,CURR BIOL,0960-9822,1879-0445,7.7,9.5,Q1,5/106,Q1,Q1,1.46,95.8,528.0,85734.0,BIOCHEMISTRY & MOLECULAR BIOLOGY; BIOLOGY; CELL BIOLOGY,BIOCHEMISTRY & MOLECULAR BIOLOGY(JIF Q1/JCI Q1) | BIOLOGY(JIF Q1/JCI Q1) | CELL BIOLOGY(JIF Q1/JCI Q1),CELL PRESS,其他,是,SCIE,需核实,请查期刊官网 Author / Open Access 页面,未知,,https://www.google.com/search?q=CURRENT+BIOLOGY+aims+scope+instructions+for+authors+APC
109,2-Q1且IF小于10,4,PROCEEDINGS OF THE ROYAL SOCIETY B-BIOLOGICAL SCIENCES,P ROY SOC B-BIOL SCI,0962-8452,1471-2954,3.6,4.4,Q1,23/106,Q1,Q1,1.02,78.8,526.0,61725.0,BIOLOGY,BIOLOGY(JIF Q1/JCI Q1),ROYAL SOC,其他,是,SCIE,需核实,请查期刊官网 Author / Open Access 页面,未知,,https://www.google.com/search?q=PROCEEDINGS+OF+THE+ROYAL+SOCIETY+B-BIOLOGICAL+SCIENCES+aims+scope+instructions+for+authors+APC
110,2-Q1且IF小于10,4,TISSUE & CELL,TISSUE CELL,0040-8166,,3.1,3.1,Q1,1/25,Q1,Q1,1.07,98.0,520.0,5552.0,ANATOMY & MORPHOLOGY; CELL BIOLOGY,ANATOMY & MORPHOLOGY(JIF Q1/JCI Q1) | CELL BIOLOGY(JIF Q3/JCI Q2),CHURCHILL LIVINGSTONE,Elsevier,是,SCIE,混合为主,"订阅路线通常无APC；Gold OA常见 USD 2,200-4,200",中,https://www.elsevier.com/open-access/agreements,https://www.google.com/search?q=TISSUE+&+CELL+aims+scope+instructions+for+authors+APC
111,2-Q1且IF小于10,4,EUROPEAN ARCHIVES OF OTO-RHINO-LARYNGOLOGY,EUR ARCH OTO-RHINO-L,0937-4477,1434-4726,2.4,2.3,Q1,12/67,Q1,Q1,1.24,82.8,520.0,15534.0,OTORHINOLARYNGOLOGY,OTORHINOLARYNGOLOGY(JIF Q1/JCI Q1),SPRINGER,Springer,是,SCIE,混合为主,"订阅路线通常无APC；选OA约 USD 2,790-4,290",中,https://www.springer.com/gp/open-access,https://www.google.com/search?q=EUROPEAN+ARCHIVES+OF+OTO-RHINO-LARYNGOLOGY+aims+scope+instructions+for+authors+APC
112,2-Q1且IF小于10,4,RENAL FAILURE,RENAL FAILURE,0886-022X,1525-6049,3.8,3.7,Q1,25/134,Q1,Q1,1.18,81.7,519.0,8420.0,UROLOGY & NEPHROLOGY,UROLOGY & NEPHROLOGY(JIF Q1/JCI Q1),TAYLOR & FRANCIS LTD,Taylor & Francis,是,SCIE,混合为主,"订阅路线通常无APC；Open Select常见 USD 2,500-3,500",中,https://authorservices.taylorandfrancis.com/publishing-open-access/,https://www.google.com/search?q=RENAL+FAILURE+aims+scope+instructions+for+authors+APC
113,2-Q1且IF小于10,4,EUROPEAN JOURNAL OF NUCLEAR MEDICINE AND MOLECULAR IMAGING,EUR J NUCL MED MOL I,1619-7070,1619-7089,7.6,7.9,Q1,12/217,Q1,Q1,2.14,94.7,518.0,25181.0,"RADIOLOGY, NUCLEAR MEDICINE & MEDICAL IMAGING","RADIOLOGY, NUCLEAR MEDICINE & MEDICAL IMAGING(JIF Q1/JCI Q1)",SPRINGER,Springer,是,SCIE,混合为主,"订阅路线通常无APC；选OA约 USD 2,790-4,290",中,https://www.springer.com/gp/open-access,https://www.google.com/search?q=EUROPEAN+JOURNAL+OF+NUCLEAR+MEDICINE+AND+MOLECULAR+IMAGING+aims+scope+instructions+for+authors+APC
114,2-Q1且IF小于10,4,JCI Insight,JCI INSIGHT,,2379-3708,6.8,7.5,Q1,36/191,Q1,Q1,1.62,81.4,517.0,32354.0,"MEDICINE, RESEARCH & EXPERIMENTAL","MEDICINE, RESEARCH & EXPERIMENTAL(JIF Q1/JCI Q1)",AMER SOC CLINICAL INVESTIGATION INC,其他,是,SCIE,需核实,请查期刊官网 Author / Open Access 页面,未知,,https://www.google.com/search?q=JCI+Insight+aims+scope+instructions+for+authors+APC
115,2-Q1且IF小于10,4,GeroScience,GEROSCIENCE,2509-2715,2509-2723,6.0,6.2,Q1,12/72,Q1,Q1,1.34,84.0,511.0,9507.0,GERIATRICS & GERONTOLOGY,GERIATRICS & GERONTOLOGY(JIF Q1/JCI Q1),SPRINGER,Springer,是,SCIE,混合为主,"订阅路线通常无APC；选OA约 USD 2,790-4,290",中,https://www.springer.com/gp/open-access,https://www.google.com/search?q=GeroScience+aims+scope+instructions+for+authors+APC
116,2-Q1且IF小于10,4,Clinical Oral Investigations,CLIN ORAL INVEST,1432-6981,1436-3771,3.6,3.9,Q1,31/165,Q1,Q1,1.28,81.5,507.0,20258.0,"DENTISTRY, ORAL SURGERY & MEDICINE","DENTISTRY, ORAL SURGERY & MEDICINE(JIF Q1/JCI Q1)",SPRINGER HEIDELBERG,Springer,是,SCIE,混合为主,"订阅路线通常无APC；选OA约 USD 2,790-4,290",中,https://www.springer.com/gp/open-access,https://www.google.com/search?q=Clinical+Oral+Investigations+aims+scope+instructions+for+authors+APC
117,2-Q1且IF小于10,4,JOURNAL OF DENTISTRY,J DENT,0300-5712,1879-176X,5.8,6.3,Q1,10/165,Q1,Q1,2.17,94.2,505.0,20410.0,"DENTISTRY, ORAL SURGERY & MEDICINE","DENTISTRY, ORAL SURGERY & MEDICINE(JIF Q1/JCI Q1)",ELSEVIER SCI LTD,Elsevier,是,SCIE,混合为主,"订阅路线通常无APC；Gold OA常见 USD 2,200-4,200",中,https://www.elsevier.com/open-access/agreements,https://www.google.com/search?q=JOURNAL+OF+DENTISTRY+aims+scope+instructions+for+authors+APC
118,2-Q1且IF小于10,4,JACC-Advances,JACC-ADV,,2772-963X,5.5,5.5,Q1,45/237,Q1,Q1,0.98,81.2,505.0,3590.0,CARDIAC & CARDIOVASCULAR SYSTEMS,CARDIAC & CARDIOVASCULAR SYSTEMS(JIF Q1/JCI Q1),ELSEVIER,Elsevier,否,ESCI,混合为主,"订阅路线通常无APC；Gold OA常见 USD 2,200-4,200",中,https://www.elsevier.com/open-access/agreements,https://www.google.com/search?q=JACC-Advances+aims+scope+instructions+for+authors+APC
119,2-Q1且IF小于10,4,PEDIATRIC RESEARCH,PEDIATR RES,0031-3998,1530-0447,3.3,3.8,Q1,27/190,Q1,Q1,1.38,86.1,501.0,21362.0,PEDIATRICS,PEDIATRICS(JIF Q1/JCI Q1),SPRINGERNATURE,Springer Nature,是,SCIE,混合/全OA,"全OA约 USD 2,090-3,490；Nature系更高；Scientific Reports已拉黑",中高,https://www.springernature.com/gp/open-research/journals-books/journals,https://www.google.com/search?q=PEDIATRIC+RESEARCH+aims+scope+instructions+for+authors+APC
120,2-Q1且IF小于10,4,AESTHETIC PLASTIC SURGERY,AESTHET PLAST SURG,0364-216X,1432-5241,2.7,2.8,Q1,73/321,Q1,Q1,1.03,77.4,501.0,9822.0,SURGERY,SURGERY(JIF Q1/JCI Q1),SPRINGER,Springer,是,SCIE,混合为主,"订阅路线通常无APC；选OA约 USD 2,790-4,290",中,https://www.springer.com/gp/open-access,https://www.google.com/search?q=AESTHETIC+PLASTIC+SURGERY+aims+scope+instructions+for+authors+APC
121,2-Q1且IF小于10,4,Translational Psychiatry,TRANSL PSYCHIAT,2158-3188,2158-3188,7.5,7.8,Q1,17/293,Q1,Q1,1.82,94.4,500.0,29253.0,PSYCHIATRY,PSYCHIATRY(JIF Q1/JCI Q1),SPRINGERNATURE,Springer Nature,是,SCIE,混合/全OA,"全OA约 USD 2,090-3,490；Nature系更高；Scientific Reports已拉黑",中高,https://www.springernature.com/gp/open-research/journals-books/journals,https://www.google.com/search?q=Translational+Psychiatry+aims+scope+instructions+for+authors+APC
122,2-Q1且IF小于10,4,Dentistry Journal,DENT J-BASEL,,2304-6767,3.4,3.5,Q1,36/165,Q1,Q1,1.07,78.5,470.0,5551.0,"DENTISTRY, ORAL SURGERY & MEDICINE","DENTISTRY, ORAL SURGERY & MEDICINE(JIF Q1/JCI Q1)",MDPI,MDPI,否,ESCI,全OA,"约 CHF 1,600-2,900（如 JCM=CHF 2,600）",高,https://www.mdpi.com/about/apc,https://www.google.com/search?q=Dentistry+Journal+aims+scope+instructions+for+authors+APC
123,2-Q1且IF小于10,4,BMJ Global Health,BMJ GLOB HEALTH,2059-7908,2059-7908,5.8,7.8,Q1,37/443,Q1,Q1,1.58,91.8,455.0,20039.0,"PUBLIC, ENVIRONMENTAL & OCCUPATIONAL HEALTH","PUBLIC, ENVIRONMENTAL & OCCUPATIONAL HEALTH(JIF Q1/JCI Q1)",BMJ PUBLISHING GROUP,BMJ,是,"SCIE, SSCI",混合/全OA,"BMJ Open约GBP 2,175；旗舰刊更高",高,https://authors.bmj.com/open-access/,https://www.google.com/search?q=BMJ+Global+Health+aims+scope+instructions+for+authors+APC
124,2-Q1且IF小于10,4,MALARIA JOURNAL,MALARIA J,,1475-2875,3.7,3.6,Q1,3/27,Q1,Q1,1.07,90.7,453.0,19702.0,INFECTIOUS DISEASES; PARASITOLOGY; TROPICAL MEDICINE,INFECTIOUS DISEASES(JIF Q2/JCI Q1) | PARASITOLOGY(JIF Q1/JCI Q1) | TROPICAL MEDICINE(JIF Q1/JCI Q1),BMC,BMC,是,SCIE,全OA,"约 USD 1,990-2,890（旗舰刊更高）",高,https://www.biomedcentral.com/getpublished/article-processing-charges,https://www.google.com/search?q=MALARIA+JOURNAL+aims+scope+instructions+for+authors+APC
125,2-Q1且IF小于10,4,PLOS BIOLOGY,PLOS BIOL,1544-9173,1545-7885,6.9,8.1,Q1,6/106,Q1,Q1,1.49,94.8,445.0,42592.0,BIOCHEMISTRY & MOLECULAR BIOLOGY; BIOLOGY,BIOCHEMISTRY & MOLECULAR BIOLOGY(JIF Q1/JCI Q1) | BIOLOGY(JIF Q1/JCI Q1),PUBLIC LIBRARY SCIENCE,PLOS,是,SCIE,全OA,专科刊费用因刊而异或走CAP；PLoS One已拉黑,高,https://plos.org/publish/fees/,https://www.google.com/search?q=PLOS+BIOLOGY+aims+scope+instructions+for+authors+APC
126,2-Q1且IF小于10,4,BMC Primary Care,BMC PRIM CARE,,2731-4553,2.9,3.1,Q1,75/336,Q1,Q1,1.52,77.8,443.0,3510.0,"MEDICINE, GENERAL & INTERNAL; PRIMARY HEALTH CARE","MEDICINE, GENERAL & INTERNAL(JIF Q1/JCI Q1) | PRIMARY HEALTH CARE(JIF Q2/JCI Q1)",BMC,BMC,是,SCIE,全OA,"约 USD 1,990-2,890（旗舰刊更高）",高,https://www.biomedcentral.com/getpublished/article-processing-charges,https://www.google.com/search?q=BMC+Primary+Care+aims+scope+instructions+for+authors+APC
127,2-Q1且IF小于10,4,BMC Complementary Medicine and Therapies,BMC COMPLEMENT MED,,2662-7671,4.4,4.5,Q1,11/48,Q1,Q1,0.98,78.1,441.0,8586.0,INTEGRATIVE & COMPLEMENTARY MEDICINE,INTEGRATIVE & COMPLEMENTARY MEDICINE(JIF Q1/JCI Q1),BMC,BMC,是,SCIE,全OA,"约 USD 1,990-2,890（旗舰刊更高）",高,https://www.biomedcentral.com/getpublished/article-processing-charges,https://www.google.com/search?q=BMC+Complementary+Medicine+and+Therapies+aims+scope+instructions+for+authors+APC
128,2-Q1且IF小于10,4,World Journal of Surgical Oncology,WORLD J SURG ONCOL,,1477-7819,2.8,2.9,Q1,67/321,Q2,Q2,0.89,79.3,436.0,9974.0,ONCOLOGY; SURGERY,ONCOLOGY(JIF Q3/JCI Q2) | SURGERY(JIF Q1/JCI Q2),BMC,BMC,是,SCIE,全OA,"约 USD 1,990-2,890（旗舰刊更高）",高,https://www.biomedcentral.com/getpublished/article-processing-charges,https://www.google.com/search?q=World+Journal+of+Surgical+Oncology+aims+scope+instructions+for+authors+APC
129,2-Q1且IF小于10,4,BMC Sports Science Medicine and Rehabilitation,BMC SPORTS SCI MED R,2052-1847,2052-1847,3.4,3.5,Q1,15/175,Q1,Q1,1.33,91.7,420.0,4220.0,REHABILITATION; SPORT SCIENCES,REHABILITATION(JIF Q1/JCI Q1) | SPORT SCIENCES(JIF Q1/JCI Q1),BMC,BMC,是,SCIE,全OA,"约 USD 1,990-2,890（旗舰刊更高）",高,https://www.biomedcentral.com/getpublished/article-processing-charges,https://www.google.com/search?q=BMC+Sports+Science+Medicine+and+Rehabilitation+aims+scope+instructions+for+authors+APC
130,2-Q1且IF小于10,4,GENOME BIOLOGY,GENOME BIOL,1474-760X,1474-760X,9.2,13.7,Q1,10/192,Q1,Q1,2.38,95.1,414.0,80904.0,BIOTECHNOLOGY & APPLIED MICROBIOLOGY; GENETICS & HEREDITY,BIOTECHNOLOGY & APPLIED MICROBIOLOGY(JIF Q1/JCI Q1) | GENETICS & HEREDITY(JIF Q1/JCI Q1),BMC,BMC,是,SCIE,全OA,"约 USD 1,990-2,890（旗舰刊更高）",高,https://www.biomedcentral.com/getpublished/article-processing-charges,https://www.google.com/search?q=GENOME+BIOLOGY+aims+scope+instructions+for+authors+APC
131,2-Q1且IF小于10,4,JOURNAL OF HEALTH POPULATION AND NUTRITION,J HEALTH POPUL NUTR,1606-0997,2072-1315,3.7,3.7,Q1,89/443,Q2,Q2,0.79,80.0,404.0,4020.0,"PUBLIC, ENVIRONMENTAL & OCCUPATIONAL HEALTH","PUBLIC, ENVIRONMENTAL & OCCUPATIONAL HEALTH(JIF Q1/JCI Q2)",BMC,BMC,是,SCIE,全OA,"约 USD 1,990-2,890（旗舰刊更高）",高,https://www.biomedcentral.com/getpublished/article-processing-charges,https://www.google.com/search?q=JOURNAL+OF+HEALTH+POPULATION+AND+NUTRITION+aims+scope+instructions+for+authors+APC
132,2-Q1且IF小于10,4,Diabetology & Metabolic Syndrome,DIABETOL METAB SYNDR,,1758-5996,4.9,4.9,Q1,49/198,Q1,Q1,0.95,75.5,400.0,7986.0,ENDOCRINOLOGY & METABOLISM,ENDOCRINOLOGY & METABOLISM(JIF Q1/JCI Q1),BMC,BMC,是,SCIE,全OA,"约 USD 1,990-2,890（旗舰刊更高）",高,https://www.biomedcentral.com/getpublished/article-processing-charges,https://www.google.com/search?q=Diabetology+&+Metabolic+Syndrome+aims+scope+instructions+for+authors+APC
133,2-Q1且IF小于10,4,Sports,SPORTS,,2075-4663,3.2,3.5,Q1,32/136,Q1,Q1,1.04,76.8,383.0,6255.0,SPORT SCIENCES,SPORT SCIENCES(JIF Q1/JCI Q1),MDPI,MDPI,否,ESCI,全OA,"约 CHF 1,600-2,900（如 JCM=CHF 2,600）",高,https://www.mdpi.com/about/apc,https://www.google.com/search?q=Sports+aims+scope+instructions+for+authors+APC
134,2-Q1且IF小于10,4,Nursing Reports,NURS REP,2039-439X,2039-4403,3.1,3.1,Q1,28/194,Q1,Q1,1.1,85.8,380.0,2387.0,NURSING,NURSING(JIF Q1/JCI Q1),MDPI,MDPI,否,ESCI,全OA,"约 CHF 1,600-2,900（如 JCM=CHF 2,600）",高,https://www.mdpi.com/about/apc,https://www.google.com/search?q=Nursing+Reports+aims+scope+instructions+for+authors+APC
135,2-Q1且IF小于10,4,Frontiers in Digital Health,FRONT DIGIT HEALTH,,2673-253X,5.2,5.5,Q1,24/194,Q2,Q2,1.02,87.9,374.0,5534.0,HEALTH CARE SCIENCES & SERVICES; MEDICAL INFORMATICS,HEALTH CARE SCIENCES & SERVICES(JIF Q1/JCI Q2) | MEDICAL INFORMATICS(JIF Q2/JCI Q2),FRONTIERS MEDIA SA,Frontiers,否,ESCI,全OA,"约 CHF 1,495-3,150（Frontiers in Medicine A类=CHF 3,150）",高,https://www.frontiersin.org/about/fee-policy,https://www.google.com/search?q=Frontiers+in+Digital+Health+aims+scope+instructions+for+authors+APC
136,2-Q1且IF小于10,4,BMC BIOLOGY,BMC BIOL,,1741-7007,5.4,5.7,Q1,12/106,Q1,Q1,1.42,89.2,369.0,14355.0,BIOLOGY,BIOLOGY(JIF Q1/JCI Q1),BMC,BMC,是,SCIE,全OA,"约 USD 1,990-2,890（旗舰刊更高）",高,https://www.biomedcentral.com/getpublished/article-processing-charges,https://www.google.com/search?q=BMC+BIOLOGY+aims+scope+instructions+for+authors+APC
137,2-Q1且IF小于10,4,Virology Journal,VIROL J,,1743-422X,4.0,3.9,Q1,10/44,Q2,Q2,0.97,78.4,369.0,11457.0,VIROLOGY,VIROLOGY(JIF Q1/JCI Q2),BMC,BMC,是,SCIE,全OA,"约 USD 1,990-2,890（旗舰刊更高）",高,https://www.biomedcentral.com/getpublished/article-processing-charges,https://www.google.com/search?q=Virology+Journal+aims+scope+instructions+for+authors+APC
138,2-Q1且IF小于10,4,Lipids in Health and Disease,LIPIDS HEALTH DIS,,1476-511X,6.9,6.4,Q1,15/114,Q1,Q1,1.21,87.3,366.0,14903.0,BIOCHEMISTRY & MOLECULAR BIOLOGY; NUTRITION & DIETETICS,BIOCHEMISTRY & MOLECULAR BIOLOGY(JIF Q1/JCI Q1) | NUTRITION & DIETETICS(JIF Q1/JCI Q1),BMC,BMC,是,SCIE,全OA,"约 USD 1,990-2,890（旗舰刊更高）",高,https://www.biomedcentral.com/getpublished/article-processing-charges,https://www.google.com/search?q=Lipids+in+Health+and+Disease+aims+scope+instructions+for+authors+APC
139,2-Q1且IF小于10,4,Marine Drugs,MAR DRUGS,,1660-3397,5.7,6.3,Q1,52/356,Q1,Q1,1.22,85.5,364.0,37572.0,"CHEMISTRY, MEDICINAL; PHARMACOLOGY & PHARMACY","CHEMISTRY, MEDICINAL(JIF Q1/JCI Q1) | PHARMACOLOGY & PHARMACY(JIF Q1/JCI Q1)",MDPI,MDPI,是,SCIE,全OA,"约 CHF 1,600-2,900（如 JCM=CHF 2,600）",高,https://www.mdpi.com/about/apc,https://www.google.com/search?q=Marine+Drugs+aims+scope+instructions+for+authors+APC
140,2-Q1且IF小于10,4,Journal of Functional Biomaterials,J FUNCT BIOMATER,,2079-4983,5.9,6.2,Q1,30/130,Q2,Q2,0.78,77.3,361.0,10974.0,"ENGINEERING, BIOMEDICAL; MATERIALS SCIENCE, BIOMATERIALS","ENGINEERING, BIOMEDICAL(JIF Q1/JCI Q2) | MATERIALS SCIENCE, BIOMATERIALS(JIF Q2/JCI Q2)",MDPI,MDPI,是,SCIE,全OA,"约 CHF 1,600-2,900（如 JCM=CHF 2,600）",高,https://www.mdpi.com/about/apc,https://www.google.com/search?q=Journal+of+Functional+Biomaterials+aims+scope+instructions+for+authors+APC
141,2-Q1且IF小于10,4,Cancer Cell International,CANCER CELL INT,,1475-2867,7.0,6.1,Q1,54/333,Q1,Q1,1.16,83.9,341.0,18851.0,ONCOLOGY,ONCOLOGY(JIF Q1/JCI Q1),BMC,BMC,是,SCIE,全OA,"约 USD 1,990-2,890（旗舰刊更高）",高,https://www.biomedcentral.com/getpublished/article-processing-charges,https://www.google.com/search?q=Cancer+Cell+International+aims+scope+instructions+for+authors+APC
142,2-Q1且IF小于10,4,RESPIRATORY RESEARCH,RESP RES,,1465-993X,5.7,5.9,Q1,13/107,Q1,Q1,1.43,88.3,332.0,17956.0,RESPIRATORY SYSTEM,RESPIRATORY SYSTEM(JIF Q1/JCI Q1),BMC,BMC,是,SCIE,全OA,"约 USD 1,990-2,890（旗舰刊更高）",高,https://www.biomedcentral.com/getpublished/article-processing-charges,https://www.google.com/search?q=RESPIRATORY+RESEARCH+aims+scope+instructions+for+authors+APC
143,2-Q1且IF小于10,4,BMC BIOINFORMATICS,BMC BIOINFORMATICS,1471-2105,1471-2105,4.4,4.0,Q1,9/67,Q1,Q1,0.96,87.3,332.0,55978.0,BIOTECHNOLOGY & APPLIED MICROBIOLOGY; MATHEMATICAL & COMPUTATIONAL BIOLOGY,BIOTECHNOLOGY & APPLIED MICROBIOLOGY(JIF Q2/JCI Q1) | MATHEMATICAL & COMPUTATIONAL BIOLOGY(JIF Q1/JCI Q1),BMC,BMC,是,SCIE,全OA,"约 USD 1,990-2,890（旗舰刊更高）",高,https://www.biomedcentral.com/getpublished/article-processing-charges,https://www.google.com/search?q=BMC+BIOINFORMATICS+aims+scope+instructions+for+authors+APC
144,2-Q1且IF小于10,4,BMC Palliative Care,BMC PALLIAT CARE,1472-684X,1472-684X,3.7,4.2,Q1,19/125,Q1,Q1,1.18,85.2,329.0,7155.0,HEALTH CARE SCIENCES & SERVICES; HEALTH POLICY & SERVICES,HEALTH CARE SCIENCES & SERVICES(JIF Q2/JCI Q1) | HEALTH POLICY & SERVICES(JIF Q1/JCI Q1),BMC,BMC,是,SCIE; SSCI,全OA,"约 USD 1,990-2,890（旗舰刊更高）",高,https://www.biomedcentral.com/getpublished/article-processing-charges,https://www.google.com/search?q=BMC+Palliative+Care+aims+scope+instructions+for+authors+APC
145,2-Q1且IF小于10,4,Italian Journal of Pediatrics,ITAL J PEDIATR,1720-8424,1824-7288,3.5,3.4,Q1,20/190,Q1,Q1,1.39,89.7,303.0,5564.0,PEDIATRICS,PEDIATRICS(JIF Q1/JCI Q1),BMC,BMC,是,SCIE,全OA,"约 USD 1,990-2,890（旗舰刊更高）",高,https://www.biomedcentral.com/getpublished/article-processing-charges,https://www.google.com/search?q=Italian+Journal+of+Pediatrics+aims+scope+instructions+for+authors+APC
146,2-Q1且IF小于10,4,Archives of Public Health,ARCH PUBLIC HEALTH,0778-7367,2049-3258,3.4,3.9,Q1,101/443,Q1,Q1,0.99,77.3,296.0,5520.0,"PUBLIC, ENVIRONMENTAL & OCCUPATIONAL HEALTH","PUBLIC, ENVIRONMENTAL & OCCUPATIONAL HEALTH(JIF Q1/JCI Q1)",BMC,BMC,是,"SCIE, SSCI",全OA,"约 USD 1,990-2,890（旗舰刊更高）",高,https://www.biomedcentral.com/getpublished/article-processing-charges,https://www.google.com/search?q=Archives+of+Public+Health+aims+scope+instructions+for+authors+APC
147,2-Q1且IF小于10,4,Journal of Ovarian Research,J OVARIAN RES,,1757-2215,5.3,4.8,Q1,6/44,Q1,Q1,1.48,87.5,290.0,6927.0,REPRODUCTIVE BIOLOGY,REPRODUCTIVE BIOLOGY(JIF Q1/JCI Q1),BMC,BMC,是,SCIE,全OA,"约 USD 1,990-2,890（旗舰刊更高）",高,https://www.biomedcentral.com/getpublished/article-processing-charges,https://www.google.com/search?q=Journal+of+Ovarian+Research+aims+scope+instructions+for+authors+APC
148,2-Q1且IF小于10,4,Journal of NeuroInterventional Surgery,J NEUROINTERV SURG,1759-8478,1759-8486,4.4,4.8,Q1,27/321,Q1,Q1,1.56,91.7,286.0,11341.0,NEUROIMAGING; SURGERY,NEUROIMAGING(JIF Q1/JCI Q1) | SURGERY(JIF Q1/JCI Q1),BMJ PUBLISHING GROUP,BMJ,是,SCIE,混合/全OA,"BMJ Open约GBP 2,175；旗舰刊更高",高,https://authors.bmj.com/open-access/,https://www.google.com/search?q=Journal+of+NeuroInterventional+Surgery+aims+scope+instructions+for+authors+APC
149,2-Q1且IF小于10,4,International Journal for Equity in Health,INT J EQUITY HEALTH,,1475-9276,5.2,5.6,Q1,46/443,Q1,Q1,1.32,89.7,282.0,12880.0,"PUBLIC, ENVIRONMENTAL & OCCUPATIONAL HEALTH","PUBLIC, ENVIRONMENTAL & OCCUPATIONAL HEALTH(JIF Q1/JCI Q1)",BMC,BMC,否,SSCI,全OA,"约 USD 1,990-2,890（旗舰刊更高）",高,https://www.biomedcentral.com/getpublished/article-processing-charges,https://www.google.com/search?q=International+Journal+for+Equity+in+Health+aims+scope+instructions+for+authors+APC
150,2-Q1且IF小于10,4,PLOS Digital Health,PLOS DIGIT HEALTH,,2767-3170,7.7,7.7,Q1,9/194,Q1,Q1,1.72,95.6,281.0,4455.0,HEALTH CARE SCIENCES & SERVICES; MEDICAL INFORMATICS,HEALTH CARE SCIENCES & SERVICES(JIF Q1/JCI Q1) | MEDICAL INFORMATICS(JIF Q1/JCI Q1),PUBLIC LIBRARY SCIENCE,PLOS,否,ESCI,全OA,专科刊费用因刊而异或走CAP；PLoS One已拉黑,高,https://plos.org/publish/fees/,https://www.google.com/search?q=PLOS+Digital+Health+aims+scope+instructions+for+authors+APC
151,2-Q1且IF小于10,4,Alzheimers Research & Therapy,ALZHEIMERS RES THER,,1758-9193,8.9,9.8,Q1,13/296,Q1,Q1,2.31,95.8,268.0,15362.0,CLINICAL NEUROLOGY; NEUROSCIENCES,CLINICAL NEUROLOGY(JIF Q1/JCI Q1) | NEUROSCIENCES(JIF Q1/JCI Q1),BMC,BMC,是,SCIE,全OA,"约 USD 1,990-2,890（旗舰刊更高）",高,https://www.biomedcentral.com/getpublished/article-processing-charges,https://www.google.com/search?q=Alzheimers+Research+&+Therapy+aims+scope+instructions+for+authors+APC
152,2-Q1且IF小于10,4,Acta Neuropathologica Communications,ACTA NEUROPATHOL COM,2051-5960,2051-5960,6.5,7.0,Q1,45/330,Q1,Q1,1.51,86.5,260.0,11791.0,NEUROSCIENCES,NEUROSCIENCES(JIF Q1/JCI Q1),BMC,BMC,是,SCIE,全OA,"约 USD 1,990-2,890（旗舰刊更高）",高,https://www.biomedcentral.com/getpublished/article-processing-charges,https://www.google.com/search?q=Acta+Neuropathologica+Communications+aims+scope+instructions+for+authors+APC
153,2-Q1且IF小于10,4,Journal of Eating Disorders,J EAT DISORD,2050-2974,2050-2974,5.7,5.6,Q1,11/184,Q1,Q1,1.17,94.3,259.0,6157.0,"NUTRITION & DIETETICS; PSYCHIATRY; PSYCHOLOGY, CLINICAL","NUTRITION & DIETETICS(JIF Q1/JCI Q1) | PSYCHIATRY(JIF Q1/JCI Q1) | PSYCHOLOGY, CLINICAL(JIF Q1/JCI Q1)",BMC,BMC,是,SCIE; SSCI,全OA,"约 USD 1,990-2,890（旗舰刊更高）",高,https://www.biomedcentral.com/getpublished/article-processing-charges,https://www.google.com/search?q=Journal+of+Eating+Disorders+aims+scope+instructions+for+authors+APC
154,2-Q1且IF小于10,4,Systematic Reviews,SYST REV-LONDON,,2046-4053,5.7,12.5,Q1,35/336,Q1,Q1,1.03,89.7,255.0,30659.0,"MEDICINE, GENERAL & INTERNAL","MEDICINE, GENERAL & INTERNAL(JIF Q1/JCI Q1)",BMC,BMC,是,SCIE,全OA,"约 USD 1,990-2,890（旗舰刊更高）",高,https://www.biomedcentral.com/getpublished/article-processing-charges,https://www.google.com/search?q=Systematic+Reviews+aims+scope+instructions+for+authors+APC
155,2-Q1且IF小于10,4,Journal of NeuroEngineering and Rehabilitation,J NEUROENG REHABIL,,1743-0003,6.0,6.9,Q1,4/175,Q1,Q1,1.54,98.0,254.0,12887.0,"ENGINEERING, BIOMEDICAL; NEUROSCIENCES; REHABILITATION","ENGINEERING, BIOMEDICAL(JIF Q1/JCI Q1) | NEUROSCIENCES(JIF Q1/JCI Q1) | REHABILITATION(JIF Q1/JCI Q1)",BMC,BMC,是,SCIE,全OA,"约 USD 1,990-2,890（旗舰刊更高）",高,https://www.biomedcentral.com/getpublished/article-processing-charges,https://www.google.com/search?q=Journal+of+NeuroEngineering+and+Rehabilitation+aims+scope+instructions+for+authors+APC
156,2-Q1且IF小于10,4,Microbial Cell Factories,MICROB CELL FACT,,1475-2859,5.8,6.7,Q1,35/180,Q1,Q1,1.11,80.8,252.0,18560.0,BIOTECHNOLOGY & APPLIED MICROBIOLOGY,BIOTECHNOLOGY & APPLIED MICROBIOLOGY(JIF Q1/JCI Q1),BMC,BMC,是,SCIE,全OA,"约 USD 1,990-2,890（旗舰刊更高）",高,https://www.biomedcentral.com/getpublished/article-processing-charges,https://www.google.com/search?q=Microbial+Cell+Factories+aims+scope+instructions+for+authors+APC
157,2-Q1且IF小于10,4,Reproductive Health,REPROD HEALTH,,1742-4755,3.4,4.7,Q1,101/443,Q1,Q1,1.0,77.3,250.0,9559.0,"PUBLIC, ENVIRONMENTAL & OCCUPATIONAL HEALTH","PUBLIC, ENVIRONMENTAL & OCCUPATIONAL HEALTH(JIF Q1/JCI Q1)",BMC,BMC,是,"SCIE, SSCI",全OA,"约 USD 1,990-2,890（旗舰刊更高）",高,https://www.biomedcentral.com/getpublished/article-processing-charges,https://www.google.com/search?q=Reproductive+Health+aims+scope+instructions+for+authors+APC
158,2-Q1且IF小于10,4,Frontiers in Oral Health,FRONT ORAL HEALTH,,2673-4842,3.4,4.2,Q1,36/165,Q2,Q2,0.98,78.5,244.0,2266.0,"DENTISTRY, ORAL SURGERY & MEDICINE","DENTISTRY, ORAL SURGERY & MEDICINE(JIF Q1/JCI Q2)",FRONTIERS MEDIA SA,Frontiers,否,ESCI,全OA,"约 CHF 1,495-3,150（Frontiers in Medicine A类=CHF 3,150）",高,https://www.frontiersin.org/about/fee-policy,https://www.google.com/search?q=Frontiers+in+Oral+Health+aims+scope+instructions+for+authors+APC
159,2-Q1且IF小于10,4,European Journal of Investigation in Health Psychology and Education,EUR J INVEST HEALTH,,2254-9625,3.7,3.7,Q1,29/184,Q1,Q1,1.21,84.5,242.0,2953.0,"PSYCHOLOGY, CLINICAL","PSYCHOLOGY, CLINICAL(JIF Q1/JCI Q1)",MDPI,MDPI,否,ESCI,全OA,"约 CHF 1,600-2,900（如 JCM=CHF 2,600）",高,https://www.mdpi.com/about/apc,https://www.google.com/search?q=European+Journal+of+Investigation+in+Health+Psychology+and+Education+aims+scope+instructions+for+authors+APC
160,2-Q1且IF小于10,4,JOURNAL OF HEADACHE AND PAIN,J HEADACHE PAIN,1129-2369,1129-2377,8.7,8.1,Q1,15/296,Q1,Q1,2.07,95.1,240.0,11304.0,CLINICAL NEUROLOGY; NEUROSCIENCES,CLINICAL NEUROLOGY(JIF Q1/JCI Q1) | NEUROSCIENCES(JIF Q1/JCI Q1),BMC,BMC,是,SCIE,全OA,"约 USD 1,990-2,890（旗舰刊更高）",高,https://www.biomedcentral.com/getpublished/article-processing-charges,https://www.google.com/search?q=JOURNAL+OF+HEADACHE+AND+PAIN+aims+scope+instructions+for+authors+APC
161,2-Q1且IF小于10,4,ARTHRITIS RESEARCH & THERAPY,ARTHRITIS RES THER,1478-6354,1478-6362,5.4,5.1,Q1,7/58,Q1,Q1,1.51,88.8,240.0,21535.0,RHEUMATOLOGY,RHEUMATOLOGY(JIF Q1/JCI Q1),BMC,BMC,是,SCIE,全OA,"约 USD 1,990-2,890（旗舰刊更高）",高,https://www.biomedcentral.com/getpublished/article-processing-charges,https://www.google.com/search?q=ARTHRITIS+RESEARCH+&+THERAPY+aims+scope+instructions+for+authors+APC
162,2-Q1且IF小于10,4,BMJ Paediatrics Open,BMJ PAEDIATR OPEN,,2399-9772,2.6,2.6,Q1,39/190,Q1,Q1,1.0,79.7,239.0,2651.0,PEDIATRICS,PEDIATRICS(JIF Q1/JCI Q1),BMJ PUBLISHING GROUP,BMJ,是,SCIE,混合/全OA,"BMJ Open约GBP 2,175；旗舰刊更高",高,https://authors.bmj.com/open-access/,https://www.google.com/search?q=BMJ+Paediatrics+Open+aims+scope+instructions+for+authors+APC
163,2-Q1且IF小于10,4,BREAST CANCER RESEARCH,BREAST CANCER RES,1465-5411,1465-542X,6.2,7.3,Q1,60/333,Q1,Q1,1.26,82.1,230.0,13359.0,ONCOLOGY,ONCOLOGY(JIF Q1/JCI Q1),BMC,BMC,是,SCIE,全OA,"约 USD 1,990-2,890（旗舰刊更高）",高,https://www.biomedcentral.com/getpublished/article-processing-charges,https://www.google.com/search?q=BREAST+CANCER+RESEARCH+aims+scope+instructions+for+authors+APC
164,2-Q1且IF小于10,4,Medical Sciences,MED SCI-BASEL,,2076-3271,5.9,,Q1,33/336,Q3,Q3,0.23,90.3,225.0,3390.0,"MEDICINE, GENERAL & INTERNAL","MEDICINE, GENERAL & INTERNAL(JIF Q1/JCI Q3)",MDPI,MDPI,否,ESCI,全OA,"约 CHF 1,600-2,900（如 JCM=CHF 2,600）",高,https://www.mdpi.com/about/apc,https://www.google.com/search?q=Medical+Sciences+aims+scope+instructions+for+authors+APC
165,2-Q1且IF小于10,4,RMD Open,RMD OPEN,2056-5933,2056-5933,5.3,5.2,Q1,9/58,Q1,Q1,1.48,85.3,216.0,7458.0,RHEUMATOLOGY,RHEUMATOLOGY(JIF Q1/JCI Q1),BMJ PUBLISHING GROUP,BMJ,是,SCIE,混合/全OA,"BMJ Open约GBP 2,175；旗舰刊更高",高,https://authors.bmj.com/open-access/,https://www.google.com/search?q=RMD+Open+aims+scope+instructions+for+authors+APC
166,2-Q1且IF小于10,4,BRITISH JOURNAL OF OPHTHALMOLOGY,BRIT J OPHTHALMOL,0007-1161,1468-2079,4.5,4.6,Q1,15/98,Q1,Q1,1.74,85.2,213.0,24282.0,OPHTHALMOLOGY,OPHTHALMOLOGY(JIF Q1/JCI Q1),BMJ PUBLISHING GROUP,BMJ,是,SCIE,混合/全OA,"BMJ Open约GBP 2,175；旗舰刊更高",高,https://authors.bmj.com/open-access/,https://www.google.com/search?q=BRITISH+JOURNAL+OF+OPHTHALMOLOGY+aims+scope+instructions+for+authors+APC
167,2-Q1且IF小于10,4,Cosmetics,COSMETICS-BASEL,,2079-9284,4.1,4.6,Q1,17/99,Q2,Q2,0.91,83.3,212.0,4676.0,BIOCHEMISTRY & MOLECULAR BIOLOGY; DERMATOLOGY,BIOCHEMISTRY & MOLECULAR BIOLOGY(JIF Q2/JCI Q2) | DERMATOLOGY(JIF Q1/JCI Q2),MDPI,MDPI,否,ESCI,全OA,"约 CHF 1,600-2,900（如 JCM=CHF 2,600）",高,https://www.mdpi.com/about/apc,https://www.google.com/search?q=Cosmetics+aims+scope+instructions+for+authors+APC
168,2-Q1且IF小于10,3,Computer Methods and Programs in Biomedicine,COMPUT METH PROG BIO,0169-2607,1872-7565,6.4,6.2,Q1,14/146,Q1,Q1,1.09,82.4,498.0,24674.0,"ENGINEERING, BIOMEDICAL; MEDICAL INFORMATICS","ENGINEERING, BIOMEDICAL(JIF Q1/JCI Q1) | MEDICAL INFORMATICS(JIF Q1/JCI Q2)",ELSEVIER IRELAND LTD,Elsevier,是,SCIE,混合为主,"订阅路线通常无APC；Gold OA常见 USD 2,200-4,200",中,https://www.elsevier.com/open-access/agreements,https://www.google.com/search?q=Computer+Methods+and+Programs+in+Biomedicine+aims+scope+instructions+for+authors+APC
169,2-Q1且IF小于10,3,MOLECULAR PHARMACEUTICS,MOL PHARMACEUT,1543-8384,1543-8392,4.9,5.1,Q1,74/356,Q1,Q1,1.16,79.4,497.0,26320.0,"MEDICINE, RESEARCH & EXPERIMENTAL; PHARMACOLOGY & PHARMACY","MEDICINE, RESEARCH & EXPERIMENTAL(JIF Q2/JCI Q1) | PHARMACOLOGY & PHARMACY(JIF Q1/JCI Q1)",AMER CHEMICAL SOC,其他,是,SCIE,需核实,请查期刊官网 Author / Open Access 页面,未知,,https://www.google.com/search?q=MOLECULAR+PHARMACEUTICS+aims+scope+instructions+for+authors+APC
170,2-Q1且IF小于10,3,EJSO,EJSO-EUR J SURG ONC,0748-7983,1532-2157,3.5,3.7,Q1,47/321,Q1,Q1,1.1,85.5,497.0,14666.0,ONCOLOGY; SURGERY,ONCOLOGY(JIF Q2/JCI Q1) | SURGERY(JIF Q1/JCI Q1),ELSEVIER SCI LTD,Elsevier,是,SCIE,混合为主,"订阅路线通常无APC；Gold OA常见 USD 2,200-4,200",中,https://www.elsevier.com/open-access/agreements,https://www.google.com/search?q=EJSO+aims+scope+instructions+for+authors+APC
171,2-Q1且IF小于10,3,RHEUMATOLOGY,RHEUMATOLOGY,1462-0324,1462-0332,4.7,5.1,Q1,12/58,Q1,Q1,1.26,80.2,496.0,31693.0,RHEUMATOLOGY,RHEUMATOLOGY(JIF Q1/JCI Q1),OXFORD UNIV PRESS,Oxford UP,是,SCIE,混合为主,订阅路线通常无APC；可选OA，费用因刊而异,中,https://academic.oup.com/pages/open-research/open-access,https://www.google.com/search?q=RHEUMATOLOGY+aims+scope+instructions+for+authors+APC
172,2-Q1且IF小于10,3,JOURNAL OF GENERAL INTERNAL MEDICINE,J GEN INTERN MED,0884-8734,1525-1497,4.1,5.2,Q1,53/336,Q1,Q1,1.11,84.4,488.0,35343.0,"HEALTH CARE SCIENCES & SERVICES; MEDICINE, GENERAL & INTERNAL","HEALTH CARE SCIENCES & SERVICES(JIF Q1/JCI Q1) | MEDICINE, GENERAL & INTERNAL(JIF Q1/JCI Q1)",SPRINGER,Springer,是,SCIE,混合为主,"订阅路线通常无APC；选OA约 USD 2,790-4,290",中,https://www.springer.com/gp/open-access,https://www.google.com/search?q=JOURNAL+OF+GENERAL+INTERNAL+MEDICINE+aims+scope+instructions+for+authors+APC
173,2-Q1且IF小于10,3,SURGERY,SURGERY,0039-6060,1532-7361,3.2,3.5,Q1,55/321,Q1,Q1,1.35,83.0,485.0,23116.0,SURGERY,SURGERY(JIF Q1/JCI Q1),MOSBY-ELSEVIER,Elsevier,是,SCIE,混合为主,"订阅路线通常无APC；Gold OA常见 USD 2,200-4,200",中,https://www.elsevier.com/open-access/agreements,https://www.google.com/search?q=SURGERY+aims+scope+instructions+for+authors+APC
174,2-Q1且IF小于10,3,International Journal of Nanomedicine,INT J NANOMED,1176-9114,1178-2013,8.7,8.8,Q1,17/356,Q1,Q1,1.28,95.4,484.0,49046.0,PHARMACOLOGY & PHARMACY,PHARMACOLOGY & PHARMACY(JIF Q1/JCI Q1),DOVE MEDICAL PRESS LTD,其他,是,SCIE,需核实,请查期刊官网 Author / Open Access 页面,未知,,https://www.google.com/search?q=International+Journal+of+Nanomedicine+aims+scope+instructions+for+authors+APC
175,2-Q1且IF小于10,3,Geriatric Nursing,GERIATR NURS,0197-4572,1528-3984,2.9,3.2,Q1,33/194,Q2,Q1,0.89,83.2,484.0,5752.0,GERIATRICS & GERONTOLOGY; NURSING,GERIATRICS & GERONTOLOGY(JIF Q3/JCI Q2) | NURSING(JIF Q1/JCI Q2),MOSBY-ELSEVIER,Elsevier,是,"SCIE; SSCI; SCIE, SSCI",混合为主,"订阅路线通常无APC；Gold OA常见 USD 2,200-4,200",中,https://www.elsevier.com/open-access/agreements,https://www.google.com/search?q=Geriatric+Nursing+aims+scope+instructions+for+authors+APC
176,2-Q1且IF小于10,3,JOURNAL OF NEUROLOGY,J NEUROL,0340-5354,1432-1459,5.4,5.3,Q1,33/296,Q1,Q1,1.32,89.0,483.0,28149.0,CLINICAL NEUROLOGY,CLINICAL NEUROLOGY(JIF Q1/JCI Q1),SPRINGER HEIDELBERG,Springer,是,SCIE,混合为主,"订阅路线通常无APC；选OA约 USD 2,790-4,290",中,https://www.springer.com/gp/open-access,https://www.google.com/search?q=JOURNAL+OF+NEUROLOGY+aims+scope+instructions+for+authors+APC
177,2-Q1且IF小于10,3,INTERNATIONAL DENTAL JOURNAL,INT DENT J,0020-6539,1875-595X,5.2,5.7,Q1,14/165,Q1,Q1,1.65,91.8,475.0,6465.0,"DENTISTRY, ORAL SURGERY & MEDICINE","DENTISTRY, ORAL SURGERY & MEDICINE(JIF Q1/JCI Q1)",ELSEVIER,Elsevier,是,SCIE,混合为主,"订阅路线通常无APC；Gold OA常见 USD 2,200-4,200",中,https://www.elsevier.com/open-access/agreements,https://www.google.com/search?q=INTERNATIONAL+DENTAL+JOURNAL+aims+scope+instructions+for+authors+APC
178,2-Q1且IF小于10,3,OBESITY SURGERY,OBES SURG,0960-8923,1708-0428,3.4,3.2,Q1,48/321,Q1,Q1,1.45,85.2,472.0,18382.0,SURGERY,SURGERY(JIF Q1/JCI Q1),SPRINGER,Springer,是,SCIE,混合为主,"订阅路线通常无APC；选OA约 USD 2,790-4,290",中,https://www.springer.com/gp/open-access,https://www.google.com/search?q=OBESITY+SURGERY+aims+scope+instructions+for+authors+APC
179,2-Q1且IF小于10,3,Blood Advances,BLOOD ADV,2473-9529,2473-9537,7.7,7.4,Q1,13/103,Q1,Q1,1.87,87.9,469.0,26750.0,HEMATOLOGY,HEMATOLOGY(JIF Q1/JCI Q1),ELSEVIER,Elsevier,是,SCIE,混合为主,"订阅路线通常无APC；Gold OA常见 USD 2,200-4,200",中,https://www.elsevier.com/open-access/agreements,https://www.google.com/search?q=Blood+Advances+aims+scope+instructions+for+authors+APC
180,2-Q1且IF小于10,3,JOURNAL OF CLINICAL ENDOCRINOLOGY & METABOLISM,J CLIN ENDOCR METAB,0021-972X,1945-7197,5.4,5.9,Q1,40/198,Q1,Q1,1.18,80.1,469.0,83159.0,ENDOCRINOLOGY & METABOLISM,ENDOCRINOLOGY & METABOLISM(JIF Q1/JCI Q1),ENDOCRINE SOC,其他,是,SCIE,需核实,请查期刊官网 Author / Open Access 页面,未知,,https://www.google.com/search?q=JOURNAL+OF+CLINICAL+ENDOCRINOLOGY+&+METABOLISM+aims+scope+instructions+for+authors+APC
181,2-Q1且IF小于10,3,NEUROSURGICAL REVIEW,NEUROSURG REV,0344-5607,1437-2320,2.8,3.2,Q1,67/321,Q2,Q2,0.87,79.3,469.0,7570.0,CLINICAL NEUROLOGY; SURGERY,CLINICAL NEUROLOGY(JIF Q2/JCI Q2) | SURGERY(JIF Q1/JCI Q2),SPRINGER,Springer,是,SCIE,混合为主,"订阅路线通常无APC；选OA约 USD 2,790-4,290",中,https://www.springer.com/gp/open-access,https://www.google.com/search?q=NEUROSURGICAL+REVIEW+aims+scope+instructions+for+authors+APC
182,2-Q1且IF小于10,3,Journal of Robotic Surgery,J ROBOT SURG,1863-2483,1863-2491,4.2,3.8,Q1,30/321,Q1,Q1,1.58,90.8,454.0,6169.0,SURGERY,SURGERY(JIF Q1/JCI Q1),SPRINGERNATURE,Springer Nature,是,SCIE,混合/全OA,"全OA约 USD 2,090-3,490；Nature系更高；Scientific Reports已拉黑",中高,https://www.springernature.com/gp/open-research/journals-books/journals,https://www.google.com/search?q=Journal+of+Robotic+Surgery+aims+scope+instructions+for+authors+APC
183,2-Q1且IF小于10,3,Brain Communications,BRAIN COMMUN,,2632-1297,4.5,5.1,Q1,53/296,Q1,Q1,1.18,82.3,450.0,8452.0,CLINICAL NEUROLOGY; NEUROSCIENCES,CLINICAL NEUROLOGY(JIF Q1/JCI Q1) | NEUROSCIENCES(JIF Q2/JCI Q1),OXFORD UNIV PRESS,Oxford UP,否,ESCI,混合为主,订阅路线通常无APC；可选OA，费用因刊而异,中,https://academic.oup.com/pages/open-research/open-access,https://www.google.com/search?q=Brain+Communications+aims+scope+instructions+for+authors+APC
184,2-Q1且IF小于10,3,COMPUTATIONAL BIOLOGY AND CHEMISTRY,COMPUT BIOL CHEM,1476-9271,1476-928X,3.4,3.0,Q1,25/106,Q1,Q1,0.78,76.9,448.0,4749.0,BIOLOGY,BIOLOGY(JIF Q1/JCI Q1),ELSEVIER SCI LTD,Elsevier,是,SCIE,混合为主,"订阅路线通常无APC；Gold OA常见 USD 2,200-4,200",中,https://www.elsevier.com/open-access/agreements,https://www.google.com/search?q=COMPUTATIONAL+BIOLOGY+AND+CHEMISTRY+aims+scope+instructions+for+authors+APC
185,2-Q1且IF小于10,3,SLEEP MEDICINE,SLEEP MED,1389-9457,1878-5506,4.1,4.5,Q1,65/296,Q1,Q1,1.12,78.2,445.0,21113.0,CLINICAL NEUROLOGY,CLINICAL NEUROLOGY(JIF Q1/JCI Q1),ELSEVIER,Elsevier,是,SCIE,混合为主,"订阅路线通常无APC；Gold OA常见 USD 2,200-4,200",中,https://www.elsevier.com/open-access/agreements,https://www.google.com/search?q=SLEEP+MEDICINE+aims+scope+instructions+for+authors+APC
186,2-Q1且IF小于10,3,Journal of Cosmetic Dermatology,J COSMET DERMATOL-US,1473-2130,1473-2165,3.5,3.1,Q1,22/99,Q2,Q2,0.97,78.3,439.0,12003.0,DERMATOLOGY,DERMATOLOGY(JIF Q1/JCI Q2),WILEY,Wiley,是,SCIE,混合为主,"订阅路线通常无APC；OnlineOpen常见 USD 3,200-4,700",中,https://authorservices.wiley.com/author-resources/Journal-Authors/open-access/article-publication-charges.html,https://www.google.com/search?q=Journal+of+Cosmetic+Dermatology+aims+scope+instructions+for+authors+APC
187,2-Q1且IF小于10,3,CNS Neuroscience & Therapeutics,CNS NEUROSCI THER,1755-5930,1755-5949,6.6,6.9,Q1,40/356,Q1,Q1,1.38,88.9,435.0,14945.0,NEUROSCIENCES; PHARMACOLOGY & PHARMACY,NEUROSCIENCES(JIF Q1/JCI Q1) | PHARMACOLOGY & PHARMACY(JIF Q1/JCI Q1),WILEY,Wiley,是,SCIE,混合为主,"订阅路线通常无APC；OnlineOpen常见 USD 3,200-4,700",中,https://authorservices.wiley.com/author-resources/Journal-Authors/open-access/article-publication-charges.html,https://www.google.com/search?q=CNS+Neuroscience+&+Therapeutics+aims+scope+instructions+for+authors+APC
188,2-Q1且IF小于10,3,Bioresource Technology Reports,BIORESOUR TECH REP,2589-014X,2589-014X,5.0,,Q1,44/180,Q2,Q2,0.85,75.8,435.0,8799.0,BIOTECHNOLOGY & APPLIED MICROBIOLOGY,BIOTECHNOLOGY & APPLIED MICROBIOLOGY(JIF Q1/JCI Q2),ELSEVIER,Elsevier,否,ESCI,混合为主,"订阅路线通常无APC；Gold OA常见 USD 2,200-4,200",中,https://www.elsevier.com/open-access/agreements,https://www.google.com/search?q=Bioresource+Technology+Reports+aims+scope+instructions+for+authors+APC
189,2-Q1且IF小于10,3,HEART RHYTHM,HEART RHYTHM,1547-5271,1556-3871,7.0,5.5,Q1,34/237,Q1,Q1,1.51,85.9,431.0,16881.0,CARDIAC & CARDIOVASCULAR SYSTEMS,CARDIAC & CARDIOVASCULAR SYSTEMS(JIF Q1/JCI Q1),ELSEVIER SCIENCE INC,Elsevier,是,SCIE,混合为主,"订阅路线通常无APC；Gold OA常见 USD 2,200-4,200",中,https://www.elsevier.com/open-access/agreements,https://www.google.com/search?q=HEART+RHYTHM+aims+scope+instructions+for+authors+APC
190,2-Q1且IF小于10,3,IEEE TRANSACTIONS ON NEURAL SYSTEMS AND REHABILITATION ENGINEERING,IEEE T NEUR SYS REH,1534-4320,1558-0210,6.6,6.7,Q1,3/175,Q1,Q1,2.02,98.6,423.0,20154.0,"ENGINEERING, BIOMEDICAL; REHABILITATION","ENGINEERING, BIOMEDICAL(JIF Q1/JCI Q1) | REHABILITATION(JIF Q1/JCI Q1)",IEEE-INST ELECTRICAL ELECTRONICS ENGINEERS INC,IEEE,是,SCIE,混合/OA,因刊而异,中,https://open.ieee.org/,https://www.google.com/search?q=IEEE+TRANSACTIONS+ON+NEURAL+SYSTEMS+AND+REHABILITATION+ENGINEERING+aims+scope+instructions+for+authors+APC
191,2-Q1且IF小于10,3,EPILEPSIA,EPILEPSIA,0013-9580,1528-1167,5.6,6.6,Q1,32/296,Q1,Q1,1.77,89.4,414.0,35143.0,CLINICAL NEUROLOGY,CLINICAL NEUROLOGY(JIF Q1/JCI Q1),WILEY,Wiley,是,SCIE,混合为主,"订阅路线通常无APC；OnlineOpen常见 USD 3,200-4,700",中,https://authorservices.wiley.com/author-resources/Journal-Authors/open-access/article-publication-charges.html,https://www.google.com/search?q=EPILEPSIA+aims+scope+instructions+for+authors+APC
192,2-Q1且IF小于10,3,AMERICAN JOURNAL OF EPIDEMIOLOGY,AM J EPIDEMIOL,0002-9262,1476-6256,4.1,5.2,Q1,75/443,Q1,Q1,1.32,83.2,408.0,38482.0,"PUBLIC, ENVIRONMENTAL & OCCUPATIONAL HEALTH","PUBLIC, ENVIRONMENTAL & OCCUPATIONAL HEALTH(JIF Q1/JCI Q1)",OXFORD UNIV PRESS INC,Oxford UP,是,SCIE,混合为主,订阅路线通常无APC；可选OA，费用因刊而异,中,https://academic.oup.com/pages/open-research/open-access,https://www.google.com/search?q=AMERICAN+JOURNAL+OF+EPIDEMIOLOGY+aims+scope+instructions+for+authors+APC
193,2-Q1且IF小于10,3,npj Precision Oncology,NPJ PRECIS ONCOL,,2397-768X,9.9,9.6,Q1,37/333,Q1,Q1,1.88,89.0,407.0,7704.0,ONCOLOGY,ONCOLOGY(JIF Q1/JCI Q1),NATURE PORTFOLIO,Springer Nature,是,SCIE,混合/全OA,"全OA约 USD 2,090-3,490；Nature系更高；Scientific Reports已拉黑",中高,https://www.springernature.com/gp/open-research/journals-books/journals,https://www.google.com/search?q=npj+Precision+Oncology+aims+scope+instructions+for+authors+APC
194,2-Q1且IF小于10,3,LASERS IN MEDICAL SCIENCE,LASER MED SCI,0268-8921,1435-604X,2.7,2.8,Q1,73/321,Q2,Q2,0.77,77.4,401.0,8922.0,"ENGINEERING, BIOMEDICAL; SURGERY","ENGINEERING, BIOMEDICAL(JIF Q3/JCI Q2) | SURGERY(JIF Q1/JCI Q2)",SPRINGER LONDON LTD,Springer,是,SCIE,混合为主,"订阅路线通常无APC；选OA约 USD 2,790-4,290",中,https://www.springer.com/gp/open-access,https://www.google.com/search?q=LASERS+IN+MEDICAL+SCIENCE+aims+scope+instructions+for+authors+APC
195,2-Q1且IF小于10,3,JOURNAL OF SHOULDER AND ELBOW SURGERY,J SHOULDER ELB SURG,1058-2746,1532-6500,3.4,3.7,Q1,48/321,Q1,Q1,1.29,85.2,400.0,21500.0,ORTHOPEDICS; SPORT SCIENCES; SURGERY,ORTHOPEDICS(JIF Q1/JCI Q1) | SPORT SCIENCES(JIF Q1/JCI Q1) | SURGERY(JIF Q1/JCI Q1),MOSBY-ELSEVIER,Elsevier,是,SCIE,混合为主,"订阅路线通常无APC；Gold OA常见 USD 2,200-4,200",中,https://www.elsevier.com/open-access/agreements,https://www.google.com/search?q=JOURNAL+OF+SHOULDER+AND+ELBOW+SURGERY+aims+scope+instructions+for+authors+APC
196,2-Q1且IF小于10,3,PNAS Nexus,PNAS NEXUS,,2752-6542,4.8,4.8,Q1,9/275,Q1,Q1,2.02,83.9,396.0,6584.0,MULTIDISCIPLINARY SCIENCES,MULTIDISCIPLINARY SCIENCES(JIF Q1/JCI Q1),OXFORD UNIV PRESS,Oxford UP,否,ESCI,混合为主,订阅路线通常无APC；可选OA，费用因刊而异,中,https://academic.oup.com/pages/open-research/open-access,https://www.google.com/search?q=PNAS+Nexus+aims+scope+instructions+for+authors+APC
197,2-Q1且IF小于10,3,PUBLIC HEALTH,PUBLIC HEALTH,0033-3506,1476-5616,3.5,3.7,Q1,96/443,Q1,Q1,0.96,78.4,394.0,12386.0,"PUBLIC, ENVIRONMENTAL & OCCUPATIONAL HEALTH","PUBLIC, ENVIRONMENTAL & OCCUPATIONAL HEALTH(JIF Q1/JCI Q1)",W B SAUNDERS CO LTD,Elsevier,是,"SCIE, SSCI",混合为主,"订阅路线通常无APC；Gold OA常见 USD 2,200-4,200",中,https://www.elsevier.com/open-access/agreements,https://www.google.com/search?q=PUBLIC+HEALTH+aims+scope+instructions+for+authors+APC
198,2-Q1且IF小于10,3,PROTEIN SCIENCE,PROTEIN SCI,0961-8368,1469-896X,5.6,7.9,Q1,72/328,Q1,Q1,0.96,78.2,393.0,25403.0,BIOCHEMISTRY & MOLECULAR BIOLOGY,BIOCHEMISTRY & MOLECULAR BIOLOGY(JIF Q1/JCI Q1),WILEY,Wiley,是,SCIE,混合为主,"订阅路线通常无APC；OnlineOpen常见 USD 3,200-4,700",中,https://authorservices.wiley.com/author-resources/Journal-Authors/open-access/article-publication-charges.html,https://www.google.com/search?q=PROTEIN+SCIENCE+aims+scope+instructions+for+authors+APC
199,2-Q1且IF小于10,3,CLINICA CHIMICA ACTA,CLIN CHIM ACTA,0009-8981,1873-3492,4.1,3.9,Q1,8/33,Q1,Q1,1.42,77.3,393.0,22473.0,MEDICAL LABORATORY TECHNOLOGY,MEDICAL LABORATORY TECHNOLOGY(JIF Q1/JCI Q1),ELSEVIER,Elsevier,是,SCIE,混合为主,"订阅路线通常无APC；Gold OA常见 USD 2,200-4,200",中,https://www.elsevier.com/open-access/agreements,https://www.google.com/search?q=CLINICA+CHIMICA+ACTA+aims+scope+instructions+for+authors+APC
200,2-Q1且IF小于10,3,KNEE SURGERY SPORTS TRAUMATOLOGY ARTHROSCOPY,KNEE SURG SPORT TR A,0942-2056,1433-7347,5.5,5.1,Q1,6/147,Q1,Q1,1.94,96.3,389.0,28682.0,ORTHOPEDICS; SPORT SCIENCES; SURGERY,ORTHOPEDICS(JIF Q1/JCI Q1) | SPORT SCIENCES(JIF Q1/JCI Q1) | SURGERY(JIF Q1/JCI Q1),WILEY,Wiley,是,SCIE,混合为主,"订阅路线通常无APC；OnlineOpen常见 USD 3,200-4,700",中,https://authorservices.wiley.com/author-resources/Journal-Authors/open-access/article-publication-charges.html,https://www.google.com/search?q=KNEE+SURGERY+SPORTS+TRAUMATOLOGY+ARTHROSCOPY+aims+scope+instructions+for+authors+APC
201,2-Q1且IF小于10,3,CLINICAL INFECTIOUS DISEASES,CLIN INFECT DIS,1058-4838,1537-6591,8.3,6.8,Q1,8/141,Q1,Q1,1.88,94.7,388.0,77853.0,IMMUNOLOGY; INFECTIOUS DISEASES; MICROBIOLOGY,IMMUNOLOGY(JIF Q1/JCI Q1) | INFECTIOUS DISEASES(JIF Q1/JCI Q1) | MICROBIOLOGY(JIF Q1/JCI Q1),OXFORD UNIV PRESS INC,Oxford UP,是,SCIE,混合为主,订阅路线通常无APC；可选OA，费用因刊而异,中,https://academic.oup.com/pages/open-research/open-access,https://www.google.com/search?q=CLINICAL+INFECTIOUS+DISEASES+aims+scope+instructions+for+authors+APC
202,2-Q1且IF小于10,3,JOURNAL OF ANTIMICROBIAL CHEMOTHERAPY,J ANTIMICROB CHEMOTH,0305-7453,1460-2091,4.1,4.4,Q1,34/141,Q1,Q1,0.99,76.2,384.0,33001.0,INFECTIOUS DISEASES; MICROBIOLOGY; PHARMACOLOGY & PHARMACY,INFECTIOUS DISEASES(JIF Q1/JCI Q1) | MICROBIOLOGY(JIF Q2/JCI Q2) | PHARMACOLOGY & PHARMACY(JIF Q2/JCI Q1),OXFORD UNIV PRESS,Oxford UP,是,SCIE,混合为主,订阅路线通常无APC；可选OA，费用因刊而异,中,https://academic.oup.com/pages/open-research/open-access,https://www.google.com/search?q=JOURNAL+OF+ANTIMICROBIAL+CHEMOTHERAPY+aims+scope+instructions+for+authors+APC
203,2-Q1且IF小于10,3,INTERNATIONAL JOURNAL OF FOOD MICROBIOLOGY,INT J FOOD MICROBIOL,0168-1605,1879-3460,5.7,6.0,Q1,34/167,Q1,Q1,1.18,79.9,381.0,30407.0,MICROBIOLOGY,MICROBIOLOGY(JIF Q1/JCI Q1),ELSEVIER,Elsevier,是,SCIE,混合为主,"订阅路线通常无APC；Gold OA常见 USD 2,200-4,200",中,https://www.elsevier.com/open-access/agreements,https://www.google.com/search?q=INTERNATIONAL+JOURNAL+OF+FOOD+MICROBIOLOGY+aims+scope+instructions+for+authors+APC
204,2-Q1且IF小于10,3,AMERICAN JOURNAL OF OPHTHALMOLOGY,AM J OPHTHALMOL,0002-9394,1879-1891,4.7,4.6,Q1,14/98,Q1,Q1,1.89,86.2,380.0,29837.0,OPHTHALMOLOGY,OPHTHALMOLOGY(JIF Q1/JCI Q1),ELSEVIER SCIENCE INC,Elsevier,是,SCIE,混合为主,"订阅路线通常无APC；Gold OA常见 USD 2,200-4,200",中,https://www.elsevier.com/open-access/agreements,https://www.google.com/search?q=AMERICAN+JOURNAL+OF+OPHTHALMOLOGY+aims+scope+instructions+for+authors+APC
205,2-Q1且IF小于10,3,JOURNAL OF PHYSIOLOGY-LONDON,J PHYSIOL-LONDON,0022-3751,1469-7793,4.6,5.3,Q1,14/89,Q1,Q1,1.22,75.6,380.0,50248.0,NEUROSCIENCES,NEUROSCIENCES(JIF Q1/JCI Q1),WILEY,Wiley,是,SCIE,混合为主,"订阅路线通常无APC；OnlineOpen常见 USD 3,200-4,700",中,https://authorservices.wiley.com/author-resources/Journal-Authors/open-access/article-publication-charges.html,https://www.google.com/search?q=JOURNAL+OF+PHYSIOLOGY-LONDON+aims+scope+instructions+for+authors+APC
206,2-Q1且IF小于10,3,Journal of Experimental Orthopaedics,J EXP ORTHOP,,2197-1153,3.2,3.2,Q1,55/321,Q1,Q1,1.1,83.0,378.0,3111.0,ORTHOPEDICS; SURGERY,ORTHOPEDICS(JIF Q1/JCI Q1) | SURGERY(JIF Q1/JCI Q1),WILEY,Wiley,否,ESCI,混合为主,"订阅路线通常无APC；OnlineOpen常见 USD 3,200-4,700",中,https://authorservices.wiley.com/author-resources/Journal-Authors/open-access/article-publication-charges.html,https://www.google.com/search?q=Journal+of+Experimental+Orthopaedics+aims+scope+instructions+for+authors+APC
207,2-Q1且IF小于10,3,CELLULAR AND MOLECULAR LIFE SCIENCES,CELL MOL LIFE SCI,1420-682X,1420-9071,6.5,7.9,Q1,54/328,Q1,Q1,0.98,83.7,373.0,44129.0,BIOCHEMISTRY & MOLECULAR BIOLOGY; CELL BIOLOGY,BIOCHEMISTRY & MOLECULAR BIOLOGY(JIF Q1/JCI Q1) | CELL BIOLOGY(JIF Q2/JCI Q2),SPRINGER BASEL AG,Springer,是,SCIE,混合为主,"订阅路线通常无APC；选OA约 USD 2,790-4,290",中,https://www.springer.com/gp/open-access,https://www.google.com/search?q=CELLULAR+AND+MOLECULAR+LIFE+SCIENCES+aims+scope+instructions+for+authors+APC
208,2-Q1且IF小于10,3,INTERNATIONAL JOURNAL OF INFECTIOUS DISEASES,INT J INFECT DIS,1201-9712,1878-3511,4.6,3.7,Q1,26/141,Q1,Q1,1.17,81.9,373.0,18804.0,INFECTIOUS DISEASES,INFECTIOUS DISEASES(JIF Q1/JCI Q1),ELSEVIER SCI LTD,Elsevier,是,SCIE,混合为主,"订阅路线通常无APC；Gold OA常见 USD 2,200-4,200",中,https://www.elsevier.com/open-access/agreements,https://www.google.com/search?q=INTERNATIONAL+JOURNAL+OF+INFECTIOUS+DISEASES+aims+scope+instructions+for+authors+APC
209,2-Q1且IF小于10,3,JOURNAL OF VASCULAR SURGERY,J VASC SURG,0741-5214,1097-6809,3.9,4.2,Q1,34/321,Q1,Q1,1.32,89.6,373.0,29302.0,PERIPHERAL VASCULAR DISEASE; SURGERY,PERIPHERAL VASCULAR DISEASE(JIF Q1/JCI Q1) | SURGERY(JIF Q1/JCI Q1),MOSBY-ELSEVIER,Elsevier,是,SCIE,混合为主,"订阅路线通常无APC；Gold OA常见 USD 2,200-4,200",中,https://www.elsevier.com/open-access/agreements,https://www.google.com/search?q=JOURNAL+OF+VASCULAR+SURGERY+aims+scope+instructions+for+authors+APC
210,2-Q1且IF小于10,3,Food Science and Human Wellness,FOOD SCI HUM WELL,,2213-4530,7.3,7.5,Q1,11/114,Q1,Q1,1.7,90.8,370.0,7986.0,NUTRITION & DIETETICS,NUTRITION & DIETETICS(JIF Q1/JCI Q1),TSINGHUA UNIV PRESS,其他,是,SCIE,需核实,请查期刊官网 Author / Open Access 页面,未知,,https://www.google.com/search?q=Food+Science+and+Human+Wellness+aims+scope+instructions+for+authors+APC
211,2-Q1且IF小于10,3,WORLD JOURNAL OF GASTROENTEROLOGY,WORLD J GASTROENTERO,1007-9327,2219-2840,7.7,6.2,Q1,20/153,Q1,Q1,1.05,87.3,365.0,52367.0,GASTROENTEROLOGY & HEPATOLOGY,GASTROENTEROLOGY & HEPATOLOGY(JIF Q1/JCI Q1),BAISHIDENG PUBLISHING GROUP INC,其他,是,SCIE,需核实,请查期刊官网 Author / Open Access 页面,未知,,https://www.google.com/search?q=WORLD+JOURNAL+OF+GASTROENTEROLOGY+aims+scope+instructions+for+authors+APC
212,2-Q1且IF小于10,3,NEUROBIOLOGY OF DISEASE,NEUROBIOL DIS,0969-9961,1095-953X,6.0,6.5,Q1,51/330,Q1,Q1,1.39,84.7,365.0,23767.0,NEUROSCIENCES,NEUROSCIENCES(JIF Q1/JCI Q1),ELSEVIER,Elsevier,是,SCIE,混合为主,"订阅路线通常无APC；Gold OA常见 USD 2,200-4,200",中,https://www.elsevier.com/open-access/agreements,https://www.google.com/search?q=NEUROBIOLOGY+OF+DISEASE+aims+scope+instructions+for+authors+APC
213,2-Q1且IF小于10,3,NEUROPHARMACOLOGY,NEUROPHARMACOLOGY,0028-3908,1873-7064,4.7,5.1,Q1,78/356,Q1,Q1,1.29,78.2,359.0,24274.0,NEUROSCIENCES; PHARMACOLOGY & PHARMACY,NEUROSCIENCES(JIF Q1/JCI Q1) | PHARMACOLOGY & PHARMACY(JIF Q1/JCI Q1),PERGAMON-ELSEVIER SCIENCE LTD,Elsevier,是,SCIE,混合为主,"订阅路线通常无APC；Gold OA常见 USD 2,200-4,200",中,https://www.elsevier.com/open-access/agreements,https://www.google.com/search?q=NEUROPHARMACOLOGY+aims+scope+instructions+for+authors+APC
214,2-Q1且IF小于10,3,European Journal of Preventive Cardiology,EUR J PREV CARDIOL,2047-4873,2047-4881,10.0,9.0,Q1,18/237,Q1,Q1,2.12,92.6,358.0,15227.0,CARDIAC & CARDIOVASCULAR SYSTEMS,CARDIAC & CARDIOVASCULAR SYSTEMS(JIF Q1/JCI Q1),OXFORD UNIV PRESS,Oxford UP,是,SCIE,混合为主,订阅路线通常无APC；可选OA，费用因刊而异,中,https://academic.oup.com/pages/open-research/open-access,https://www.google.com/search?q=European+Journal+of+Preventive+Cardiology+aims+scope+instructions+for+authors+APC
215,2-Q1且IF小于10,3,PSYCHIATRY RESEARCH,PSYCHIAT RES,0165-1781,1872-7123,5.1,5.7,Q1,38/293,Q1,Q1,1.21,87.2,358.0,42131.0,PSYCHIATRY,PSYCHIATRY(JIF Q1/JCI Q1),ELSEVIER IRELAND LTD,Elsevier,是,"SCIE, SSCI",混合为主,"订阅路线通常无APC；Gold OA常见 USD 2,200-4,200",中,https://www.elsevier.com/open-access/agreements,https://www.google.com/search?q=PSYCHIATRY+RESEARCH+aims+scope+instructions+for+authors+APC
216,2-Q1且IF小于10,3,ERJ Open Research,ERJ OPEN RES,,2312-0541,4.4,4.3,Q1,23/107,Q1,Q1,0.99,79.0,356.0,7156.0,RESPIRATORY SYSTEM,RESPIRATORY SYSTEM(JIF Q1/JCI Q1),EUROPEAN RESPIRATORY SOC JOURNALS LTD,其他,是,SCIE,需核实,请查期刊官网 Author / Open Access 页面,未知,,https://www.google.com/search?q=ERJ+Open+Research+aims+scope+instructions+for+authors+APC
217,2-Q1且IF小于10,3,PLASTIC AND RECONSTRUCTIVE SURGERY,PLAST RECONSTR SURG,0032-1052,1529-4242,3.6,3.9,Q1,43/321,Q1,Q1,1.64,86.8,355.0,41678.0,SURGERY,SURGERY(JIF Q1/JCI Q1),LIPPINCOTT WILLIAMS & WILKINS,Wolters Kluwer/LWW,是,SCIE,混合为主,"订阅路线通常无APC；OA常见 USD 2,000-4,000；MEDICINE已拉黑",中,https://wkauthorservices.editage.com/open-access/,https://www.google.com/search?q=PLASTIC+AND+RECONSTRUCTIVE+SURGERY+aims+scope+instructions+for+authors+APC
218,2-Q1且IF小于10,3,EUROPEAN JOURNAL OF PHARMACEUTICAL SCIENCES,EUR J PHARM SCI,0928-0987,1879-0720,5.1,4.8,Q1,65/356,Q1,Q1,1.34,81.9,354.0,18948.0,PHARMACOLOGY & PHARMACY,PHARMACOLOGY & PHARMACY(JIF Q1/JCI Q1),ELSEVIER,Elsevier,是,SCIE,混合为主,"订阅路线通常无APC；Gold OA常见 USD 2,200-4,200",中,https://www.elsevier.com/open-access/agreements,https://www.google.com/search?q=EUROPEAN+JOURNAL+OF+PHARMACEUTICAL+SCIENCES+aims+scope+instructions+for+authors+APC
219,2-Q1且IF小于10,3,JOURNAL OF VOICE,J VOICE,0892-1997,1873-4588,2.3,2.4,Q1,13/67,Q1,Q1,1.36,81.3,354.0,10026.0,AUDIOLOGY & SPEECH-LANGUAGE PATHOLOGY; OTORHINOLARYNGOLOGY,AUDIOLOGY & SPEECH-LANGUAGE PATHOLOGY(JIF Q2/JCI Q1) | OTORHINOLARYNGOLOGY(JIF Q1/JCI Q1),MOSBY-ELSEVIER,Elsevier,是,SCIE,混合为主,"订阅路线通常无APC；Gold OA常见 USD 2,200-4,200",中,https://www.elsevier.com/open-access/agreements,https://www.google.com/search?q=JOURNAL+OF+VOICE+aims+scope+instructions+for+authors+APC
220,2-Q1且IF小于10,3,PEDIATRICS,PEDIATRICS,0031-4005,1098-4275,6.1,6.8,Q1,5/190,Q1,Q1,2.95,97.6,352.0,77362.0,PEDIATRICS,PEDIATRICS(JIF Q1/JCI Q1),AMER ACAD PEDIATRICS,其他,是,SCIE,需核实,请查期刊官网 Author / Open Access 页面,未知,,https://www.google.com/search?q=PEDIATRICS+aims+scope+instructions+for+authors+APC
221,2-Q1且IF小于10,3,BRAIN BEHAVIOR AND IMMUNITY,BRAIN BEHAV IMMUN,0889-1591,1090-2139,7.5,9.2,Q1,17/293,Q1,Q1,1.86,94.4,351.0,30942.0,IMMUNOLOGY; NEUROSCIENCES; PSYCHIATRY,IMMUNOLOGY(JIF Q1/JCI Q1) | NEUROSCIENCES(JIF Q1/JCI Q1) | PSYCHIATRY(JIF Q1/JCI Q1),ACADEMIC PRESS INC ELSEVIER SCIENCE,Elsevier,是,SCIE,混合为主,"订阅路线通常无APC；Gold OA常见 USD 2,200-4,200",中,https://www.elsevier.com/open-access/agreements,https://www.google.com/search?q=BRAIN+BEHAVIOR+AND+IMMUNITY+aims+scope+instructions+for+authors+APC
222,2-Q1且IF小于10,3,AQUATIC TOXICOLOGY,AQUAT TOXICOL,0166-445X,1879-1514,4.6,4.5,Q1,8/124,Q1,Q1,1.4,78.8,350.0,17988.0,TOXICOLOGY,TOXICOLOGY(JIF Q1/JCI Q1),ELSEVIER,Elsevier,是,SCIE,混合为主,"订阅路线通常无APC；Gold OA常见 USD 2,200-4,200",中,https://www.elsevier.com/open-access/agreements,https://www.google.com/search?q=AQUATIC+TOXICOLOGY+aims+scope+instructions+for+authors+APC
223,2-Q1且IF小于10,3,RADIOTHERAPY AND ONCOLOGY,RADIOTHER ONCOL,0167-8140,1879-0887,5.8,5.8,Q1,23/217,Q1,Q1,1.35,89.6,347.0,25418.0,"ONCOLOGY; RADIOLOGY, NUCLEAR MEDICINE & MEDICAL IMAGING","ONCOLOGY(JIF Q1/JCI Q1) | RADIOLOGY, NUCLEAR MEDICINE & MEDICAL IMAGING(JIF Q1/JCI Q1)",ELSEVIER IRELAND LTD,Elsevier,是,SCIE,混合为主,"订阅路线通常无APC；Gold OA常见 USD 2,200-4,200",中,https://www.elsevier.com/open-access/agreements,https://www.google.com/search?q=RADIOTHERAPY+AND+ONCOLOGY+aims+scope+instructions+for+authors+APC
224,2-Q1且IF小于10,3,npj Parkinsons Disease,NPJ PARKINSONS DIS,,2373-8057,8.5,9.3,Q1,20/330,Q1,Q1,2.1,94.1,345.0,7996.0,NEUROSCIENCES,NEUROSCIENCES(JIF Q1/JCI Q1),NATURE PORTFOLIO,Springer Nature,是,SCIE,混合/全OA,"全OA约 USD 2,090-3,490；Nature系更高；Scientific Reports已拉黑",中高,https://www.springernature.com/gp/open-research/journals-books/journals,https://www.google.com/search?q=npj+Parkinsons+Disease+aims+scope+instructions+for+authors+APC
225,2-Q1且IF小于10,3,Journal of Global Health,J GLOB HEALTH,2047-2978,2047-2986,5.5,5.8,Q1,42/443,Q1,Q1,1.33,90.6,345.0,9104.0,"PUBLIC, ENVIRONMENTAL & OCCUPATIONAL HEALTH","PUBLIC, ENVIRONMENTAL & OCCUPATIONAL HEALTH(JIF Q1/JCI Q1)",INT SOC GLOBAL HEALTH,其他,是,"SCIE, SSCI",需核实,请查期刊官网 Author / Open Access 页面,未知,,https://www.google.com/search?q=Journal+of+Global+Health+aims+scope+instructions+for+authors+APC
226,2-Q1且IF小于10,3,EUROPEAN JOURNAL OF CANCER,EUR J CANCER,0959-8049,1879-0852,7.9,7.8,Q1,45/333,Q1,Q1,1.57,86.6,343.0,39615.0,ONCOLOGY,ONCOLOGY(JIF Q1/JCI Q1),ELSEVIER SCI LTD,Elsevier,是,SCIE,混合为主,"订阅路线通常无APC；Gold OA常见 USD 2,200-4,200",中,https://www.elsevier.com/open-access/agreements,https://www.google.com/search?q=EUROPEAN+JOURNAL+OF+CANCER+aims+scope+instructions+for+authors+APC
227,2-Q1且IF小于10,3,Biomaterials Advances,BIOMATER ADV,,2772-9508,6.7,6.9,Q1,14/58,Q2,Q2,0.99,76.7,343.0,9075.0,"MATERIALS SCIENCE, BIOMATERIALS","MATERIALS SCIENCE, BIOMATERIALS(JIF Q1/JCI Q2)",ELSEVIER,Elsevier,是,SCIE,混合为主,"订阅路线通常无APC；Gold OA常见 USD 2,200-4,200",中,https://www.elsevier.com/open-access/agreements,https://www.google.com/search?q=Biomaterials+Advances+aims+scope+instructions+for+authors+APC
228,2-Q1且IF小于10,3,EUROPEAN JOURNAL OF NEUROLOGY,EUR J NEUROL,1351-5101,1468-1331,4.3,4.4,Q1,57/296,Q1,Q1,1.1,80.9,343.0,18833.0,CLINICAL NEUROLOGY; NEUROSCIENCES,CLINICAL NEUROLOGY(JIF Q1/JCI Q1) | NEUROSCIENCES(JIF Q2/JCI Q1),WILEY,Wiley,是,SCIE,混合为主,"订阅路线通常无APC；OnlineOpen常见 USD 3,200-4,700",中,https://authorservices.wiley.com/author-resources/Journal-Authors/open-access/article-publication-charges.html,https://www.google.com/search?q=EUROPEAN+JOURNAL+OF+NEUROLOGY+aims+scope+instructions+for+authors+APC
229,2-Q1且IF小于10,3,JOURNAL OF SPEECH LANGUAGE AND HEARING RESEARCH,J SPEECH LANG HEAR R,1092-4388,1558-9102,2.5,2.9,Q1,51/312,Q1,Q1,1.16,81.4,340.0,14223.0,AUDIOLOGY & SPEECH-LANGUAGE PATHOLOGY; REHABILITATION,AUDIOLOGY & SPEECH-LANGUAGE PATHOLOGY(JIF Q1/JCI Q1) | REHABILITATION(JIF Q1/JCI Q1),AMER SPEECH-LANGUAGE-HEARING ASSOC,其他,是,"SCIE; SSCI; SCIE, SSCI",需核实,请查期刊官网 Author / Open Access 页面,未知,,https://www.google.com/search?q=JOURNAL+OF+SPEECH+LANGUAGE+AND+HEARING+RESEARCH+aims+scope+instructions+for+authors+APC
230,2-Q1且IF小于10,3,BRITISH JOURNAL OF DERMATOLOGY,BRIT J DERMATOL,0007-0963,1365-2133,8.2,9.7,Q1,6/99,Q1,Q1,2.68,94.4,336.0,31973.0,DERMATOLOGY,DERMATOLOGY(JIF Q1/JCI Q1),OXFORD UNIV PRESS,Oxford UP,是,SCIE,混合为主,订阅路线通常无APC；可选OA，费用因刊而异,中,https://academic.oup.com/pages/open-research/open-access,https://www.google.com/search?q=BRITISH+JOURNAL+OF+DERMATOLOGY+aims+scope+instructions+for+authors+APC
231,2-Q1且IF小于10,3,CHEMICO-BIOLOGICAL INTERACTIONS,CHEM-BIOL INTERACT,0009-2797,1872-7786,5.2,5.5,Q1,16/106,Q1,Q1,1.18,85.4,336.0,20894.0,BIOCHEMISTRY & MOLECULAR BIOLOGY; PHARMACOLOGY & PHARMACY; TOXICOLOGY,BIOCHEMISTRY & MOLECULAR BIOLOGY(JIF Q1/JCI Q1) | PHARMACOLOGY & PHARMACY(JIF Q1/JCI Q1) | TOXICOLOGY(JIF Q1/JCI Q1),ELSEVIER IRELAND LTD,Elsevier,是,SCIE,混合为主,"订阅路线通常无APC；Gold OA常见 USD 2,200-4,200",中,https://www.elsevier.com/open-access/agreements,https://www.google.com/search?q=CHEMICO-BIOLOGICAL+INTERACTIONS+aims+scope+instructions+for+authors+APC
232,2-Q1且IF小于10,3,ARTHROSCOPY-THE JOURNAL OF ARTHROSCOPIC AND RELATED SURGERY,ARTHROSCOPY,0749-8063,1526-3231,6.9,5.9,Q1,4/147,Q1,Q1,2.26,97.6,334.0,23271.0,ORTHOPEDICS; SPORT SCIENCES; SURGERY,ORTHOPEDICS(JIF Q1/JCI Q1) | SPORT SCIENCES(JIF Q1/JCI Q1) | SURGERY(JIF Q1/JCI Q1),WILEY,Wiley,是,SCIE,混合为主,"订阅路线通常无APC；OnlineOpen常见 USD 3,200-4,700",中,https://authorservices.wiley.com/author-resources/Journal-Authors/open-access/article-publication-charges.html,https://www.google.com/search?q=ARTHROSCOPY-THE+JOURNAL+OF+ARTHROSCOPIC+AND+RELATED+SURGERY+aims+scope+instructions+for+authors+APC
233,2-Q1且IF小于10,3,Journal of Pediatric Nursing-Nursing Care of Children & Families,J PEDIATR NURS,0882-5963,,2.6,2.9,Q1,39/190,Q1,Q1,1.15,79.7,333.0,6926.0,NURSING; PEDIATRICS,NURSING(JIF Q1/JCI Q1) | PEDIATRICS(JIF Q1/JCI Q1),ELSEVIER SCIENCE INC,Elsevier,是,"SCIE, SSCI; SCIE",混合为主,"订阅路线通常无APC；Gold OA常见 USD 2,200-4,200",中,https://www.elsevier.com/open-access/agreements,https://www.google.com/search?q=Journal+of+Pediatric+Nursing-Nursing+Care+of+Children+&+Families+aims+scope+instructions+for+authors+APC
234,2-Q1且IF小于10,3,AMERICAN JOURNAL OF SPORTS MEDICINE,AM J SPORT MED,0363-5465,1552-3365,5.4,6.1,Q1,8/147,Q1,Q1,2.0,94.9,332.0,45093.0,ORTHOPEDICS; SPORT SCIENCES,ORTHOPEDICS(JIF Q1/JCI Q1) | SPORT SCIENCES(JIF Q1/JCI Q1),SAGE PUBLICATIONS INC,SAGE,是,SCIE,混合为主,"订阅路线通常无APC；SAGE Choice常见 USD 2,000-4,000",中,https://us.sagepub.com/en-us/nam/sage-choice,https://www.google.com/search?q=AMERICAN+JOURNAL+OF+SPORTS+MEDICINE+aims+scope+instructions+for+authors+APC
235,2-Q1且IF小于10,3,HEALTH EXPECTATIONS,HEALTH EXPECT,1369-6513,1369-7625,3.4,4.2,Q1,23/125,Q1,Q1,0.98,82.0,332.0,9821.0,"HEALTH CARE SCIENCES & SERVICES; HEALTH POLICY & SERVICES; PUBLIC, ENVIRONMENTAL & OCCUPATIONAL HEALTH","HEALTH CARE SCIENCES & SERVICES(JIF Q2/JCI Q2) | HEALTH POLICY & SERVICES(JIF Q1/JCI Q2) | PUBLIC, ENVIRONMENTAL & OCCUPATIONAL HEALTH(JIF Q1/JCI Q1)",WILEY,Wiley,是,"SCIE; SSCI; SCIE, SSCI",混合为主,"订阅路线通常无APC；OnlineOpen常见 USD 3,200-4,700",中,https://authorservices.wiley.com/author-resources/Journal-Authors/open-access/article-publication-charges.html,https://www.google.com/search?q=HEALTH+EXPECTATIONS+aims+scope+instructions+for+authors+APC
236,2-Q1且IF小于10,3,CANCER IMMUNOLOGY IMMUNOTHERAPY,CANCER IMMUNOL IMMUN,0340-7004,1432-0851,5.8,5.6,Q1,67/333,Q1,Q1,1.17,80.0,331.0,14876.0,IMMUNOLOGY; ONCOLOGY,IMMUNOLOGY(JIF Q1/JCI Q1) | ONCOLOGY(JIF Q1/JCI Q1),SPRINGER,Springer,是,SCIE,混合为主,"订阅路线通常无APC；选OA约 USD 2,790-4,290",中,https://www.springer.com/gp/open-access,https://www.google.com/search?q=CANCER+IMMUNOLOGY+IMMUNOTHERAPY+aims+scope+instructions+for+authors+APC
237,2-Q1且IF小于10,3,AGING CELL,AGING CELL,1474-9718,1474-9726,7.7,9.1,Q1,8/72,Q1,Q1,1.46,89.6,330.0,22553.0,CELL BIOLOGY; GERIATRICS & GERONTOLOGY,CELL BIOLOGY(JIF Q1/JCI Q1) | GERIATRICS & GERONTOLOGY(JIF Q1/JCI Q1),WILEY,Wiley,是,SCIE,混合为主,"订阅路线通常无APC；OnlineOpen常见 USD 3,200-4,700",中,https://authorservices.wiley.com/author-resources/Journal-Authors/open-access/article-publication-charges.html,https://www.google.com/search?q=AGING+CELL+aims+scope+instructions+for+authors+APC
238,2-Q1且IF小于10,3,Probiotics and Antimicrobial Proteins,PROBIOTICS ANTIMICRO,1867-1306,1867-1314,5.3,5.7,Q1,42/180,Q1,Q1,1.06,76.9,327.0,7953.0,BIOTECHNOLOGY & APPLIED MICROBIOLOGY; MICROBIOLOGY,BIOTECHNOLOGY & APPLIED MICROBIOLOGY(JIF Q1/JCI Q1) | MICROBIOLOGY(JIF Q1/JCI Q1),SPRINGER,Springer,是,SCIE,混合为主,"订阅路线通常无APC；选OA约 USD 2,790-4,290",中,https://www.springer.com/gp/open-access,https://www.google.com/search?q=Probiotics+and+Antimicrobial+Proteins+aims+scope+instructions+for+authors+APC
239,2-Q1且IF小于10,3,HUMAN BRAIN MAPPING,HUM BRAIN MAPP,1065-9471,1097-0193,4.0,4.8,Q1,42/217,Q1,Q1,1.08,80.9,322.0,30018.0,"NEUROIMAGING; NEUROSCIENCES; RADIOLOGY, NUCLEAR MEDICINE & MEDICAL IMAGING","NEUROIMAGING(JIF Q2/JCI Q1) | NEUROSCIENCES(JIF Q2/JCI Q1) | RADIOLOGY, NUCLEAR MEDICINE & MEDICAL IMAGING(JIF Q1/JCI Q1)",WILEY,Wiley,是,SCIE,混合为主,"订阅路线通常无APC；OnlineOpen常见 USD 3,200-4,700",中,https://authorservices.wiley.com/author-resources/Journal-Authors/open-access/article-publication-charges.html,https://www.google.com/search?q=HUMAN+BRAIN+MAPPING+aims+scope+instructions+for+authors+APC
240,2-Q1且IF小于10,3,PSYCHOLOGICAL MEDICINE,PSYCHOL MED,0033-2917,1469-8978,5.2,6.9,Q1,12/184,Q1,Q1,1.77,93.8,319.0,40682.0,"PSYCHIATRY; PSYCHOLOGY, CLINICAL","PSYCHIATRY(JIF Q1/JCI Q1) | PSYCHOLOGY, CLINICAL(JIF Q1/JCI Q1)",CAMBRIDGE UNIV PRESS,Cambridge UP,是,"SCIE, SSCI; SCIE; SSCI",混合为主,订阅路线通常无APC；Gold OA因刊而异,中,https://www.cambridge.org/core/open-research/open-access,https://www.google.com/search?q=PSYCHOLOGICAL+MEDICINE+aims+scope+instructions+for+authors+APC
241,2-Q1且IF小于10,3,Horticulture Research,HORTIC RES-ENGLAND,2662-6810,2052-7276,9.5,10.2,Q1,2/45,Q1,Q1,2.32,95.6,318.0,17333.0,GENETICS & HEREDITY,GENETICS & HEREDITY(JIF Q1/JCI Q1),OXFORD UNIV PRESS INC,Oxford UP,是,SCIE,混合为主,订阅路线通常无APC；可选OA，费用因刊而异,中,https://academic.oup.com/pages/open-research/open-access,https://www.google.com/search?q=Horticulture+Research+aims+scope+instructions+for+authors+APC
242,2-Q1且IF小于10,3,HEAD AND NECK-JOURNAL FOR THE SCIENCES AND SPECIALTIES OF THE HEAD AND NECK,HEAD NECK-J SCI SPEC,1043-3074,1097-0347,2.2,2.5,Q1,15/67,Q1,Q1,1.07,78.4,316.0,14698.0,OTORHINOLARYNGOLOGY; SURGERY,OTORHINOLARYNGOLOGY(JIF Q1/JCI Q1) | SURGERY(JIF Q2/JCI Q1),WILEY,Wiley,是,SCIE,混合为主,"订阅路线通常无APC；OnlineOpen常见 USD 3,200-4,700",中,https://authorservices.wiley.com/author-resources/Journal-Authors/open-access/article-publication-charges.html,https://www.google.com/search?q=HEAD+AND+NECK-JOURNAL+FOR+THE+SCIENCES+AND+SPECIALTIES+OF+THE+HEAD+AND+NECK+aims+scope+instructions+for+authors+APC
243,2-Q1且IF小于10,3,Machine Learning-Science and Technology,MACH LEARN-SCI TECHN,,2632-2153,4.2,5.5,Q1,26/140,Q2,Q2,0.79,81.8,314.0,4910.0,MULTIDISCIPLINARY SCIENCES,MULTIDISCIPLINARY SCIENCES(JIF Q1/JCI Q2),IOP Publishing Ltd,其他,是,SCIE,需核实,请查期刊官网 Author / Open Access 页面,未知,,https://www.google.com/search?q=Machine+Learning-Science+and+Technology+aims+scope+instructions+for+authors+APC
244,2-Q1且IF小于10,3,MOLECULAR BIOLOGY AND EVOLUTION,MOL BIOL EVOL,0737-4038,1537-1719,6.4,14.7,Q1,5/54,Q1,Q1,1.61,89.3,313.0,72786.0,BIOCHEMISTRY & MOLECULAR BIOLOGY; GENETICS & HEREDITY,BIOCHEMISTRY & MOLECULAR BIOLOGY(JIF Q1/JCI Q1) | GENETICS & HEREDITY(JIF Q1/JCI Q1),OXFORD UNIV PRESS,Oxford UP,是,SCIE,混合为主,订阅路线通常无APC；可选OA，费用因刊而异,中,https://academic.oup.com/pages/open-research/open-access,https://www.google.com/search?q=MOLECULAR+BIOLOGY+AND+EVOLUTION+aims+scope+instructions+for+authors+APC
245,2-Q1且IF小于10,3,ACCIDENT ANALYSIS AND PREVENTION,ACCIDENT ANAL PREV,0001-4575,1879-2057,7.4,8.0,Q1,5/275,Q1,Q1,2.23,94.9,310.0,35448.0,"PUBLIC, ENVIRONMENTAL & OCCUPATIONAL HEALTH","PUBLIC, ENVIRONMENTAL & OCCUPATIONAL HEALTH(JIF Q1/JCI Q1)",PERGAMON-ELSEVIER SCIENCE LTD,Elsevier,否,SSCI,混合为主,"订阅路线通常无APC；Gold OA常见 USD 2,200-4,200",中,https://www.elsevier.com/open-access/agreements,https://www.google.com/search?q=ACCIDENT+ANALYSIS+AND+PREVENTION+aims+scope+instructions+for+authors+APC
246,2-Q1且IF小于10,3,International Journal of Medical Sciences,INT J MED SCI,1449-1907,1449-1907,3.7,3.7,Q1,63/336,Q1,Q1,0.8,81.4,309.0,9910.0,"MEDICINE, GENERAL & INTERNAL","MEDICINE, GENERAL & INTERNAL(JIF Q1/JCI Q1)",IVYSPRING INT PUBL,其他,是,SCIE,需核实,请查期刊官网 Author / Open Access 页面,未知,,https://www.google.com/search?q=International+Journal+of+Medical+Sciences+aims+scope+instructions+for+authors+APC
247,2-Q1且IF小于10,3,PEDIATRIC NEPHROLOGY,PEDIATR NEPHROL,0931-041X,1432-198X,2.5,3.1,Q1,43/190,Q1,Q1,0.95,77.6,309.0,12466.0,PEDIATRICS; UROLOGY & NEPHROLOGY,PEDIATRICS(JIF Q1/JCI Q2) | UROLOGY & NEPHROLOGY(JIF Q2/JCI Q1),SPRINGER,Springer,是,SCIE,混合为主,"订阅路线通常无APC；选OA约 USD 2,790-4,290",中,https://www.springer.com/gp/open-access,https://www.google.com/search?q=PEDIATRIC+NEPHROLOGY+aims+scope+instructions+for+authors+APC
248,2-Q1且IF小于10,3,Global Spine Journal,GLOB SPINE J,2192-5682,2192-5690,3.1,3.6,Q1,33/147,Q1,Q1,1.04,77.9,306.0,7661.0,CLINICAL NEUROLOGY; ORTHOPEDICS,CLINICAL NEUROLOGY(JIF Q2/JCI Q1) | ORTHOPEDICS(JIF Q1/JCI Q1),SAGE PUBLICATIONS LTD,SAGE,是,SCIE,混合为主,"订阅路线通常无APC；SAGE Choice常见 USD 2,000-4,000",中,https://us.sagepub.com/en-us/nam/sage-choice,https://www.google.com/search?q=Global+Spine+Journal+aims+scope+instructions+for+authors+APC
249,2-Q1且IF小于10,3,EXPERIMENTAL NEUROLOGY,EXP NEUROL,0014-4886,1090-2430,4.8,5.3,Q1,73/330,Q1,Q1,1.09,78.0,305.0,21858.0,NEUROSCIENCES,NEUROSCIENCES(JIF Q1/JCI Q1),ACADEMIC PRESS INC ELSEVIER SCIENCE,Elsevier,是,SCIE,混合为主,"订阅路线通常无APC；Gold OA常见 USD 2,200-4,200",中,https://www.elsevier.com/open-access/agreements,https://www.google.com/search?q=EXPERIMENTAL+NEUROLOGY+aims+scope+instructions+for+authors+APC
250,2-Q1且IF小于10,3,DRUG AND ALCOHOL DEPENDENCE,DRUG ALCOHOL DEPEN,0376-8716,1879-0046,3.5,4.2,Q1,9/61,Q1,Q1,1.16,86.1,305.0,25013.0,PSYCHIATRY; SUBSTANCE ABUSE,PSYCHIATRY(JIF Q2/JCI Q1) | SUBSTANCE ABUSE(JIF Q1/JCI Q1),ELSEVIER IRELAND LTD,Elsevier,是,"SCIE, SSCI",混合为主,"订阅路线通常无APC；Gold OA常见 USD 2,200-4,200",中,https://www.elsevier.com/open-access/agreements,https://www.google.com/search?q=DRUG+AND+ALCOHOL+DEPENDENCE+aims+scope+instructions+for+authors+APC
251,2-Q1且IF小于10,3,Ophthalmology Science,OPHTHALMOL SCI,2666-9145,2666-9145,5.0,5.2,Q1,13/98,Q1,Q1,2.03,87.2,302.0,2854.0,OPHTHALMOLOGY,OPHTHALMOLOGY(JIF Q1/JCI Q1),ELSEVIER,Elsevier,否,ESCI,混合为主,"订阅路线通常无APC；Gold OA常见 USD 2,200-4,200",中,https://www.elsevier.com/open-access/agreements,https://www.google.com/search?q=Ophthalmology+Science+aims+scope+instructions+for+authors+APC
252,2-Q1且IF小于10,3,Kidney International Reports,KIDNEY INT REP,2468-0249,2468-0249,6.2,6.1,Q1,15/134,Q1,Q1,1.65,89.2,301.0,9820.0,UROLOGY & NEPHROLOGY,UROLOGY & NEPHROLOGY(JIF Q1/JCI Q1),ELSEVIER SCIENCE INC,Elsevier,是,SCIE,混合为主,"订阅路线通常无APC；Gold OA常见 USD 2,200-4,200",中,https://www.elsevier.com/open-access/agreements,https://www.google.com/search?q=Kidney+International+Reports+aims+scope+instructions+for+authors+APC
253,2-Q1且IF小于10,3,JOURNAL OF NEUROSURGERY,J NEUROSURG,0022-3085,1933-0693,3.8,3.9,Q1,38/321,Q1,Q1,1.54,88.3,301.0,35433.0,CLINICAL NEUROLOGY; SURGERY,CLINICAL NEUROLOGY(JIF Q2/JCI Q1) | SURGERY(JIF Q1/JCI Q1),AMER ASSOC NEUROLOGICAL SURGEONS,其他,是,SCIE,需核实,请查期刊官网 Author / Open Access 页面,未知,,https://www.google.com/search?q=JOURNAL+OF+NEUROSURGERY+aims+scope+instructions+for+authors+APC
254,2-Q1且IF小于10,3,INTERNATIONAL JOURNAL OF RADIATION ONCOLOGY BIOLOGY PHYSICS,INT J RADIAT ONCOL,0360-3016,1879-355X,7.4,7.1,Q1,13/217,Q1,Q1,1.52,94.2,300.0,42989.0,"ONCOLOGY; RADIOLOGY, NUCLEAR MEDICINE & MEDICAL IMAGING","ONCOLOGY(JIF Q1/JCI Q1) | RADIOLOGY, NUCLEAR MEDICINE & MEDICAL IMAGING(JIF Q1/JCI Q1)",ELSEVIER SCIENCE INC,Elsevier,是,SCIE,混合为主,"订阅路线通常无APC；Gold OA常见 USD 2,200-4,200",中,https://www.elsevier.com/open-access/agreements,https://www.google.com/search?q=INTERNATIONAL+JOURNAL+OF+RADIATION+ONCOLOGY+BIOLOGY+PHYSICS+aims+scope+instructions+for+authors+APC
255,2-Q1且IF小于10,3,Clinical Kidney Journal,CLIN KIDNEY J,2048-8505,2048-8513,5.3,5.3,Q1,16/134,Q1,Q1,1.26,88.4,300.0,9429.0,UROLOGY & NEPHROLOGY,UROLOGY & NEPHROLOGY(JIF Q1/JCI Q1),OXFORD UNIV PRESS,Oxford UP,是,SCIE,混合为主,订阅路线通常无APC；可选OA，费用因刊而异,中,https://academic.oup.com/pages/open-research/open-access,https://www.google.com/search?q=Clinical+Kidney+Journal+aims+scope+instructions+for+authors+APC
256,2-Q1且IF小于10,3,EYE,EYE,0950-222X,1476-5454,4.4,4.5,Q1,17/98,Q1,Q1,1.24,83.2,300.0,19090.0,OPHTHALMOLOGY,OPHTHALMOLOGY(JIF Q1/JCI Q1),SPRINGERNATURE,Springer Nature,是,SCIE,混合/全OA,"全OA约 USD 2,090-3,490；Nature系更高；Scientific Reports已拉黑",中高,https://www.springernature.com/gp/open-research/journals-books/journals,https://www.google.com/search?q=EYE+aims+scope+instructions+for+authors+APC
257,2-Q1且IF小于10,3,MOLECULAR MEDICINE,MOL MED,1076-1551,1528-3658,8.3,7.6,Q1,38/328,Q1,Q1,1.26,88.6,299.0,11517.0,"BIOCHEMISTRY & MOLECULAR BIOLOGY; CELL BIOLOGY; MEDICINE, RESEARCH & EXPERIMENTAL","BIOCHEMISTRY & MOLECULAR BIOLOGY(JIF Q1/JCI Q1) | CELL BIOLOGY(JIF Q1/JCI Q1) | MEDICINE, RESEARCH & EXPERIMENTAL(JIF Q1/JCI Q1)",SPRINGER,Springer,是,SCIE,混合为主,"订阅路线通常无APC；选OA约 USD 2,790-4,290",中,https://www.springer.com/gp/open-access,https://www.google.com/search?q=MOLECULAR+MEDICINE+aims+scope+instructions+for+authors+APC
258,2-Q1且IF小于10,3,JOURNAL OF THORACIC AND CARDIOVASCULAR SURGERY,J THORAC CARDIOV SUR,0022-5223,1097-685X,4.7,5.0,Q1,25/321,Q1,Q1,1.86,92.4,299.0,29498.0,CARDIAC & CARDIOVASCULAR SYSTEMS; RESPIRATORY SYSTEM; SURGERY,CARDIAC & CARDIOVASCULAR SYSTEMS(JIF Q1/JCI Q1) | RESPIRATORY SYSTEM(JIF Q1/JCI Q1) | SURGERY(JIF Q1/JCI Q1),MOSBY-ELSEVIER,Elsevier,是,SCIE,混合为主,"订阅路线通常无APC；Gold OA常见 USD 2,200-4,200",中,https://www.elsevier.com/open-access/agreements,https://www.google.com/search?q=JOURNAL+OF+THORACIC+AND+CARDIOVASCULAR+SURGERY+aims+scope+instructions+for+authors+APC
259,2-Q1且IF小于10,3,JOURNAL OF THROMBOSIS AND HAEMOSTASIS,J THROMB HAEMOST,1538-7933,1538-7836,5.2,5.5,Q1,16/103,Q1,Q1,1.31,85.0,297.0,23386.0,HEMATOLOGY; PERIPHERAL VASCULAR DISEASE,HEMATOLOGY(JIF Q1/JCI Q1) | PERIPHERAL VASCULAR DISEASE(JIF Q1/JCI Q1),ELSEVIER SCIENCE INC,Elsevier,是,SCIE,混合为主,"订阅路线通常无APC；Gold OA常见 USD 2,200-4,200",中,https://www.elsevier.com/open-access/agreements,https://www.google.com/search?q=JOURNAL+OF+THROMBOSIS+AND+HAEMOSTASIS+aims+scope+instructions+for+authors+APC
260,2-Q1且IF小于10,3,AGE AND AGEING,AGE AGEING,0002-0729,1468-2834,7.4,8.3,Q1,9/72,Q1,Q1,1.51,88.2,296.0,24557.0,GERIATRICS & GERONTOLOGY,GERIATRICS & GERONTOLOGY(JIF Q1/JCI Q1),OXFORD UNIV PRESS,Oxford UP,是,SCIE,混合为主,订阅路线通常无APC；可选OA，费用因刊而异,中,https://academic.oup.com/pages/open-research/open-access,https://www.google.com/search?q=AGE+AND+AGEING+aims+scope+instructions+for+authors+APC
261,2-Q1且IF小于10,3,BRITISH JOURNAL OF CANCER,BRIT J CANCER,0007-0920,1532-1827,7.8,8.9,Q1,48/333,Q1,Q1,1.43,85.7,294.0,51047.0,ONCOLOGY,ONCOLOGY(JIF Q1/JCI Q1),SPRINGERNATURE,Springer Nature,是,SCIE,混合/全OA,"全OA约 USD 2,090-3,490；Nature系更高；Scientific Reports已拉黑",中高,https://www.springernature.com/gp/open-research/journals-books/journals,https://www.google.com/search?q=BRITISH+JOURNAL+OF+CANCER+aims+scope+instructions+for+authors+APC
262,2-Q1且IF小于10,3,LUNG CANCER,LUNG CANCER,0169-5002,1872-8332,5.3,5.1,Q1,16/107,Q1,Q1,1.15,85.5,294.0,15636.0,ONCOLOGY; RESPIRATORY SYSTEM,ONCOLOGY(JIF Q1/JCI Q1) | RESPIRATORY SYSTEM(JIF Q1/JCI Q1),ELSEVIER IRELAND LTD,Elsevier,是,SCIE,混合为主,"订阅路线通常无APC；Gold OA常见 USD 2,200-4,200",中,https://www.elsevier.com/open-access/agreements,https://www.google.com/search?q=LUNG+CANCER+aims+scope+instructions+for+authors+APC
263,2-Q1且IF小于10,3,PROGRESS IN NEURO-PSYCHOPHARMACOLOGY & BIOLOGICAL PSYCHIATRY,PROG NEURO-PSYCHOPH,0278-5846,1878-4216,4.2,5.0,Q1,61/296,Q1,Q1,1.11,79.6,294.0,15762.0,CLINICAL NEUROLOGY; NEUROSCIENCES; PHARMACOLOGY & PHARMACY; PSYCHIATRY,CLINICAL NEUROLOGY(JIF Q1/JCI Q1) | NEUROSCIENCES(JIF Q2/JCI Q1) | PHARMACOLOGY & PHARMACY(JIF Q2/JCI Q1) | PSYCHIATRY(JIF Q1/JCI Q1),PERGAMON-ELSEVIER SCIENCE LTD,Elsevier,是,SCIE,混合为主,"订阅路线通常无APC；Gold OA常见 USD 2,200-4,200",中,https://www.elsevier.com/open-access/agreements,https://www.google.com/search?q=PROGRESS+IN+NEURO-PSYCHOPHARMACOLOGY+&+BIOLOGICAL+PSYCHIATRY+aims+scope+instructions+for+authors+APC
264,2-Q1且IF小于10,3,One Health,ONE HEALTH-AMSTERDAM,,2352-7714,5.3,5.1,Q1,45/443,Q1,Q1,1.4,90.0,293.0,4571.0,"INFECTIOUS DISEASES; PUBLIC, ENVIRONMENTAL & OCCUPATIONAL HEALTH","INFECTIOUS DISEASES(JIF Q1/JCI Q1) | PUBLIC, ENVIRONMENTAL & OCCUPATIONAL HEALTH(JIF Q1/JCI Q1)",ELSEVIER,Elsevier,是,SCIE,混合为主,"订阅路线通常无APC；Gold OA常见 USD 2,200-4,200",中,https://www.elsevier.com/open-access/agreements,https://www.google.com/search?q=One+Health+aims+scope+instructions+for+authors+APC
265,2-Q1且IF小于10,3,INTERNATIONAL JOURNAL OF DRUG POLICY,INT J DRUG POLICY,0955-3959,1873-4758,4.4,4.7,Q1,3/61,Q1,Q1,1.5,95.9,293.0,11890.0,SUBSTANCE ABUSE,SUBSTANCE ABUSE(JIF Q1/JCI Q1),ELSEVIER,Elsevier,否,SSCI,混合为主,"订阅路线通常无APC；Gold OA常见 USD 2,200-4,200",中,https://www.elsevier.com/open-access/agreements,https://www.google.com/search?q=INTERNATIONAL+JOURNAL+OF+DRUG+POLICY+aims+scope+instructions+for+authors+APC
266,2-Q1且IF小于10,3,Journal of Cachexia Sarcopenia and Muscle,J CACHEXIA SARCOPENI,2190-5991,2190-6009,9.9,12.0,Q1,16/336,Q1,Q1,2.07,95.4,292.0,17703.0,"GERIATRICS & GERONTOLOGY; MEDICINE, GENERAL & INTERNAL","GERIATRICS & GERONTOLOGY(JIF Q1/JCI Q1) | MEDICINE, GENERAL & INTERNAL(JIF Q1/JCI Q1)",WILEY,Wiley,是,SCIE,混合为主,"订阅路线通常无APC；OnlineOpen常见 USD 3,200-4,700",中,https://authorservices.wiley.com/author-resources/Journal-Authors/open-access/article-publication-charges.html,https://www.google.com/search?q=Journal+of+Cachexia+Sarcopenia+and+Muscle+aims+scope+instructions+for+authors+APC
267,2-Q1且IF小于10,3,OTOLARYNGOLOGY-HEAD AND NECK SURGERY,OTOLARYNG HEAD NECK,0194-5998,1097-6817,2.6,2.9,Q1,10/67,Q1,Q1,1.26,85.8,291.0,18609.0,OTORHINOLARYNGOLOGY; SURGERY,OTORHINOLARYNGOLOGY(JIF Q1/JCI Q1) | SURGERY(JIF Q2/JCI Q1),WILEY,Wiley,是,SCIE,混合为主,"订阅路线通常无APC；OnlineOpen常见 USD 3,200-4,700",中,https://authorservices.wiley.com/author-resources/Journal-Authors/open-access/article-publication-charges.html,https://www.google.com/search?q=OTOLARYNGOLOGY-HEAD+AND+NECK+SURGERY+aims+scope+instructions+for+authors+APC
268,2-Q1且IF小于10,3,CANCER,CANCER-AM CANCER SOC,0008-543X,1097-0142,5.6,6.6,Q1,74/333,Q1,Q1,1.13,77.9,290.0,61762.0,ONCOLOGY,ONCOLOGY(JIF Q1/JCI Q1),WILEY,Wiley,是,SCIE,混合为主,"订阅路线通常无APC；OnlineOpen常见 USD 3,200-4,700",中,https://authorservices.wiley.com/author-resources/Journal-Authors/open-access/article-publication-charges.html,https://www.google.com/search?q=CANCER+aims+scope+instructions+for+authors+APC
269,2-Q1且IF小于10,3,AMERICAN JOURNAL OF CLINICAL NUTRITION,AM J CLIN NUTR,0002-9165,1938-3207,7.1,7.7,Q1,12/114,Q1,Q1,1.55,89.9,289.0,55209.0,NUTRITION & DIETETICS,NUTRITION & DIETETICS(JIF Q1/JCI Q1),ELSEVIER SCIENCE INC,Elsevier,是,SCIE,混合为主,"订阅路线通常无APC；Gold OA常见 USD 2,200-4,200",中,https://www.elsevier.com/open-access/agreements,https://www.google.com/search?q=AMERICAN+JOURNAL+OF+CLINICAL+NUTRITION+aims+scope+instructions+for+authors+APC
270,2-Q1且IF小于10,3,ULTRASONICS,ULTRASONICS,0041-624X,1874-9968,4.8,4.7,Q1,5/41,Q1,Q1,1.34,85.0,289.0,12396.0,"RADIOLOGY, NUCLEAR MEDICINE & MEDICAL IMAGING","RADIOLOGY, NUCLEAR MEDICINE & MEDICAL IMAGING(JIF Q1/JCI Q1)",ELSEVIER,Elsevier,是,SCIE,混合为主,"订阅路线通常无APC；Gold OA常见 USD 2,200-4,200",中,https://www.elsevier.com/open-access/agreements,https://www.google.com/search?q=ULTRASONICS+aims+scope+instructions+for+authors+APC
271,2-Q1且IF小于10,3,Journal of Infection and Public Health,J INFECT PUBLIC HEAL,1876-0341,1876-035X,4.8,4.1,Q1,55/443,Q1,Q1,1.13,87.7,289.0,8036.0,"INFECTIOUS DISEASES; PUBLIC, ENVIRONMENTAL & OCCUPATIONAL HEALTH","INFECTIOUS DISEASES(JIF Q1/JCI Q1) | PUBLIC, ENVIRONMENTAL & OCCUPATIONAL HEALTH(JIF Q1/JCI Q1)",ELSEVIER SCIENCE LONDON,Elsevier,是,SCIE,混合为主,"订阅路线通常无APC；Gold OA常见 USD 2,200-4,200",中,https://www.elsevier.com/open-access/agreements,https://www.google.com/search?q=Journal+of+Infection+and+Public+Health+aims+scope+instructions+for+authors+APC
272,2-Q1且IF小于10,3,MEDICINE & SCIENCE IN SPORTS & EXERCISE,MED SCI SPORT EXER,0195-9131,1530-0315,4.0,4.8,Q1,17/136,Q1,Q1,1.64,87.9,287.0,41824.0,SPORT SCIENCES,SPORT SCIENCES(JIF Q1/JCI Q1),LIPPINCOTT WILLIAMS & WILKINS,Wolters Kluwer/LWW,是,SCIE,混合为主,"订阅路线通常无APC；OA常见 USD 2,000-4,000；MEDICINE已拉黑",中,https://wkauthorservices.editage.com/open-access/,https://www.google.com/search?q=MEDICINE+&+SCIENCE+IN+SPORTS+&+EXERCISE+aims+scope+instructions+for+authors+APC
273,2-Q1且IF小于10,3,International Journal of Chronic Obstructive Pulmonary Disease,INT J CHRONIC OBSTR,1178-2005,1178-2005,4.1,3.9,Q1,26/107,Q2,Q2,0.93,76.2,286.0,10725.0,RESPIRATORY SYSTEM,RESPIRATORY SYSTEM(JIF Q1/JCI Q2),DOVE MEDICAL PRESS LTD,其他,是,SCIE,需核实,请查期刊官网 Author / Open Access 页面,未知,,https://www.google.com/search?q=International+Journal+of+Chronic+Obstructive+Pulmonary+Disease+aims+scope+instructions+for+authors+APC
274,2-Q1且IF小于10,3,CLINICAL NUCLEAR MEDICINE,CLIN NUCL MED,0363-9762,1536-0229,9.6,8.4,Q1,8/217,Q1,Q1,1.17,96.5,283.0,7067.0,"RADIOLOGY, NUCLEAR MEDICINE & MEDICAL IMAGING","RADIOLOGY, NUCLEAR MEDICINE & MEDICAL IMAGING(JIF Q1/JCI Q1)",LIPPINCOTT WILLIAMS & WILKINS,Wolters Kluwer/LWW,是,SCIE,混合为主,"订阅路线通常无APC；OA常见 USD 2,000-4,000；MEDICINE已拉黑",中,https://wkauthorservices.editage.com/open-access/,https://www.google.com/search?q=CLINICAL+NUCLEAR+MEDICINE+aims+scope+instructions+for+authors+APC
275,2-Q1且IF小于10,3,PAIN,PAIN,0304-3959,1872-6623,5.8,7.2,Q1,7/72,Q1,Q1,1.88,91.0,283.0,43560.0,ANESTHESIOLOGY; CLINICAL NEUROLOGY; NEUROSCIENCES,ANESTHESIOLOGY(JIF Q1/JCI Q1) | CLINICAL NEUROLOGY(JIF Q1/JCI Q1) | NEUROSCIENCES(JIF Q1/JCI Q1),LIPPINCOTT WILLIAMS & WILKINS,Wolters Kluwer/LWW,是,SCIE,混合为主,"订阅路线通常无APC；OA常见 USD 2,000-4,000；MEDICINE已拉黑",中,https://wkauthorservices.editage.com/open-access/,https://www.google.com/search?q=PAIN+aims+scope+instructions+for+authors+APC
276,2-Q1且IF小于10,3,LIVER INTERNATIONAL,LIVER INT,1478-3223,1478-3231,6.2,5.9,Q1,23/153,Q1,Q1,1.31,85.3,280.0,16802.0,GASTROENTEROLOGY & HEPATOLOGY,GASTROENTEROLOGY & HEPATOLOGY(JIF Q1/JCI Q1),WILEY,Wiley,是,SCIE,混合为主,"订阅路线通常无APC；OnlineOpen常见 USD 3,200-4,700",中,https://authorservices.wiley.com/author-resources/Journal-Authors/open-access/article-publication-charges.html,https://www.google.com/search?q=LIVER+INTERNATIONAL+aims+scope+instructions+for+authors+APC
277,2-Q1且IF小于10,3,ONCOGENE,ONCOGENE,0950-9232,1476-5594,9.1,8.1,Q1,11/192,Q1,Q1,1.57,94.5,279.0,59393.0,BIOCHEMISTRY & MOLECULAR BIOLOGY; CELL BIOLOGY; GENETICS & HEREDITY; ONCOLOGY,BIOCHEMISTRY & MOLECULAR BIOLOGY(JIF Q1/JCI Q1) | CELL BIOLOGY(JIF Q1/JCI Q1) | GENETICS & HEREDITY(JIF Q1/JCI Q1) | ONCOLOGY(JIF Q1/JCI Q1),SPRINGERNATURE,Springer Nature,是,SCIE,混合/全OA,"全OA约 USD 2,090-3,490；Nature系更高；Scientific Reports已拉黑",中高,https://www.springernature.com/gp/open-research/journals-books/journals,https://www.google.com/search?q=ONCOGENE+aims+scope+instructions+for+authors+APC
278,2-Q1且IF小于10,3,MICROBIOLOGICAL RESEARCH,MICROBIOL RES,0944-5013,1618-0623,8.5,8.7,Q1,17/167,Q1,Q1,1.42,90.1,279.0,16931.0,MICROBIOLOGY,MICROBIOLOGY(JIF Q1/JCI Q1),ELSEVIER GMBH,Elsevier,是,SCIE,混合为主,"订阅路线通常无APC；Gold OA常见 USD 2,200-4,200",中,https://www.elsevier.com/open-access/agreements,https://www.google.com/search?q=MICROBIOLOGICAL+RESEARCH+aims+scope+instructions+for+authors+APC
279,2-Q1且IF小于10,3,EMBO JOURNAL,EMBO J,0261-4189,1460-2075,8.4,10.1,Q1,37/328,Q1,Q1,1.44,88.9,277.0,63452.0,BIOCHEMISTRY & MOLECULAR BIOLOGY; CELL BIOLOGY,BIOCHEMISTRY & MOLECULAR BIOLOGY(JIF Q1/JCI Q1) | CELL BIOLOGY(JIF Q1/JCI Q1),SPRINGERNATURE,Springer Nature,是,SCIE,混合/全OA,"全OA约 USD 2,090-3,490；Nature系更高；Scientific Reports已拉黑",中高,https://www.springernature.com/gp/open-research/journals-books/journals,https://www.google.com/search?q=EMBO+JOURNAL+aims+scope+instructions+for+authors+APC
280,2-Q1且IF小于10,3,EUROPEAN JOURNAL OF CARDIO-THORACIC SURGERY,EUR J CARDIO-THORAC,1010-7940,1873-734X,3.3,3.6,Q1,50/321,Q1,Q1,1.0,84.6,277.0,18070.0,CARDIAC & CARDIOVASCULAR SYSTEMS; RESPIRATORY SYSTEM; SURGERY,CARDIAC & CARDIOVASCULAR SYSTEMS(JIF Q2/JCI Q1) | RESPIRATORY SYSTEM(JIF Q2/JCI Q1) | SURGERY(JIF Q1/JCI Q1),OXFORD UNIV PRESS INC,Oxford UP,是,SCIE,混合为主,订阅路线通常无APC；可选OA，费用因刊而异,中,https://academic.oup.com/pages/open-research/open-access,https://www.google.com/search?q=EUROPEAN+JOURNAL+OF+CARDIO-THORACIC+SURGERY+aims+scope+instructions+for+authors+APC
281,2-Q1且IF小于10,3,European Journal of Psychotraumatology,EUR J PSYCHOTRAUMATO,2000-8198,2000-8066,4.2,5.5,Q1,23/184,Q1,Q1,1.26,87.8,275.0,8733.0,"PSYCHIATRY; PSYCHOLOGY, CLINICAL","PSYCHIATRY(JIF Q1/JCI Q1) | PSYCHOLOGY, CLINICAL(JIF Q1/JCI Q1)",TAYLOR & FRANCIS LTD,Taylor & Francis,否,SSCI,混合为主,"订阅路线通常无APC；Open Select常见 USD 2,500-3,500",中,https://authorservices.taylorandfrancis.com/publishing-open-access/,https://www.google.com/search?q=European+Journal+of+Psychotraumatology+aims+scope+instructions+for+authors+APC
282,2-Q1且IF小于10,3,Journal of Trauma and Acute Care Surgery,J TRAUMA ACUTE CARE,2163-0755,2163-0763,3.9,3.7,Q1,34/321,Q1,Q1,1.09,89.6,275.0,14272.0,CRITICAL CARE MEDICINE; SURGERY,CRITICAL CARE MEDICINE(JIF Q2/JCI Q1) | SURGERY(JIF Q1/JCI Q1),LIPPINCOTT WILLIAMS & WILKINS,Wolters Kluwer/LWW,是,SCIE,混合为主,"订阅路线通常无APC；OA常见 USD 2,000-4,000；MEDICINE已拉黑",中,https://wkauthorservices.editage.com/open-access/,https://www.google.com/search?q=Journal+of+Trauma+and+Acute+Care+Surgery+aims+scope+instructions+for+authors+APC
283,2-Q1且IF小于10,3,PATHOLOGY RESEARCH AND PRACTICE,PATHOL RES PRACT,0344-0338,1618-0631,3.7,3.1,Q1,20/89,Q1,Q1,1.17,78.1,275.0,11657.0,PATHOLOGY,PATHOLOGY(JIF Q1/JCI Q1),ELSEVIER GMBH,Elsevier,是,SCIE,混合为主,"订阅路线通常无APC；Gold OA常见 USD 2,200-4,200",中,https://www.elsevier.com/open-access/agreements,https://www.google.com/search?q=PATHOLOGY+RESEARCH+AND+PRACTICE+aims+scope+instructions+for+authors+APC
284,2-Q1且IF小于10,3,Nursing in Critical Care,NURS CRIT CARE,1362-1017,1478-5153,2.8,3.8,Q1,36/194,Q1,Q1,1.27,81.7,275.0,3288.0,NURSING,NURSING(JIF Q1/JCI Q1),WILEY,Wiley,是,"SCIE, SSCI",混合为主,"订阅路线通常无APC；OnlineOpen常见 USD 3,200-4,700",中,https://authorservices.wiley.com/author-resources/Journal-Authors/open-access/article-publication-charges.html,https://www.google.com/search?q=Nursing+in+Critical+Care+aims+scope+instructions+for+authors+APC
285,2-Q1且IF小于10,3,Nurse Education in Practice,NURSE EDUC PRACT,1471-5953,1873-5223,4.5,4.8,Q1,11/194,Q1,Q1,1.67,94.6,274.0,8484.0,NURSING,NURSING(JIF Q1/JCI Q1),ELSEVIER SCI LTD,Elsevier,是,"SCIE, SSCI",混合为主,"订阅路线通常无APC；Gold OA常见 USD 2,200-4,200",中,https://www.elsevier.com/open-access/agreements,https://www.google.com/search?q=Nurse+Education+in+Practice+aims+scope+instructions+for+authors+APC
286,2-Q1且IF小于10,3,Clinical and Translational Medicine,CLIN TRANSL MED,2001-1326,2001-1326,7.9,8.8,Q1,25/191,Q1,Q1,1.43,87.2,272.0,13400.0,"MEDICINE, RESEARCH & EXPERIMENTAL; ONCOLOGY","MEDICINE, RESEARCH & EXPERIMENTAL(JIF Q1/JCI Q1) | ONCOLOGY(JIF Q1/JCI Q1)",WILEY,Wiley,是,SCIE,混合为主,"订阅路线通常无APC；OnlineOpen常见 USD 3,200-4,700",中,https://authorservices.wiley.com/author-resources/Journal-Authors/open-access/article-publication-charges.html,https://www.google.com/search?q=Clinical+and+Translational+Medicine+aims+scope+instructions+for+authors+APC
287,2-Q1且IF小于10,3,Gynecologic Oncology,GYNECOL ONCOL,0090-8258,1095-6859,4.5,4.7,Q1,13/143,Q1,Q1,1.29,91.3,272.0,25853.0,OBSTETRICS & GYNECOLOGY; ONCOLOGY,OBSTETRICS & GYNECOLOGY(JIF Q1/JCI Q1) | ONCOLOGY(JIF Q2/JCI Q1),ACADEMIC PRESS INC ELSEVIER SCIENCE,Elsevier,是,SCIE,混合为主,"订阅路线通常无APC；Gold OA常见 USD 2,200-4,200",中,https://www.elsevier.com/open-access/agreements,https://www.google.com/search?q=Gynecologic+Oncology+aims+scope+instructions+for+authors+APC
288,2-Q1且IF小于10,3,Journal of Applied Physiology,J APPL PHYSIOL,8750-7587,1522-1601,3.7,3.9,Q1,22/136,Q1,Q1,1.32,84.2,271.0,43048.0,SPORT SCIENCES,SPORT SCIENCES(JIF Q1/JCI Q1),AMER PHYSIOLOGICAL SOC,其他,是,SCIE,需核实,请查期刊官网 Author / Open Access 页面,未知,,https://www.google.com/search?q=Journal+of+Applied+Physiology+aims+scope+instructions+for+authors+APC
289,2-Q1且IF小于10,3,NEUROSCIENCE AND BIOBEHAVIORAL REVIEWS,NEUROSCI BIOBEHAV R,0149-7634,1873-7528,8.5,10.2,Q1,2/57,Q1,Q1,1.91,94.1,270.0,53277.0,NEUROSCIENCES,NEUROSCIENCES(JIF Q1/JCI Q1),PERGAMON-ELSEVIER SCIENCE LTD,Elsevier,是,SCIE,混合为主,"订阅路线通常无APC；Gold OA常见 USD 2,200-4,200",中,https://www.elsevier.com/open-access/agreements,https://www.google.com/search?q=NEUROSCIENCE+AND+BIOBEHAVIORAL+REVIEWS+aims+scope+instructions+for+authors+APC
290,2-Q1且IF小于10,3,JOURNAL OF NUTRITIONAL BIOCHEMISTRY,J NUTR BIOCHEM,0955-2863,1873-4847,5.2,5.6,Q1,25/114,Q1,Q1,1.02,78.5,269.0,14951.0,BIOCHEMISTRY & MOLECULAR BIOLOGY; NUTRITION & DIETETICS,BIOCHEMISTRY & MOLECULAR BIOLOGY(JIF Q1/JCI Q1) | NUTRITION & DIETETICS(JIF Q1/JCI Q1),ELSEVIER SCIENCE INC,Elsevier,是,SCIE,混合为主,"订阅路线通常无APC；Gold OA常见 USD 2,200-4,200",中,https://www.elsevier.com/open-access/agreements,https://www.google.com/search?q=JOURNAL+OF+NUTRITIONAL+BIOCHEMISTRY+aims+scope+instructions+for+authors+APC
291,2-Q1且IF小于10,3,BRITISH JOURNAL OF PHARMACOLOGY,BRIT J PHARMACOL,0007-1188,1476-5381,7.5,8.4,Q1,27/356,Q1,Q1,1.65,92.6,267.0,39682.0,PHARMACOLOGY & PHARMACY,PHARMACOLOGY & PHARMACY(JIF Q1/JCI Q1),WILEY,Wiley,是,SCIE,混合为主,"订阅路线通常无APC；OnlineOpen常见 USD 3,200-4,700",中,https://authorservices.wiley.com/author-resources/Journal-Authors/open-access/article-publication-charges.html,https://www.google.com/search?q=BRITISH+JOURNAL+OF+PHARMACOLOGY+aims+scope+instructions+for+authors+APC
292,2-Q1且IF小于10,3,Forensic Science International,FORENSIC SCI INT,0379-0738,1872-6283,2.6,2.6,Q1,6/24,Q2,Q2,1.19,77.1,267.0,16748.0,"MEDICINE, LEGAL","MEDICINE, LEGAL(JIF Q1/JCI Q2)",ELSEVIER IRELAND LTD,Elsevier,是,SCIE,混合为主,"订阅路线通常无APC；Gold OA常见 USD 2,200-4,200",中,https://www.elsevier.com/open-access/agreements,https://www.google.com/search?q=Forensic+Science+International+aims+scope+instructions+for+authors+APC
293,2-Q1且IF小于10,3,JOURNAL OF NUCLEAR MEDICINE,J NUCL MED,0161-5505,1535-5667,9.6,9.6,Q1,8/217,Q1,Q1,2.81,96.5,262.0,32569.0,"RADIOLOGY, NUCLEAR MEDICINE & MEDICAL IMAGING","RADIOLOGY, NUCLEAR MEDICINE & MEDICAL IMAGING(JIF Q1/JCI Q1)",SOC NUCLEAR MEDICINE INC,其他,是,SCIE,需核实,请查期刊官网 Author / Open Access 页面,未知,,https://www.google.com/search?q=JOURNAL+OF+NUCLEAR+MEDICINE+aims+scope+instructions+for+authors+APC
294,2-Q1且IF小于10,3,npj Vaccines,NPJ VACCINES,,2059-0105,7.2,6.6,Q1,26/183,Q1,Q1,1.44,86.1,262.0,6659.0,"IMMUNOLOGY; MEDICINE, RESEARCH & EXPERIMENTAL","IMMUNOLOGY(JIF Q1/JCI Q1) | MEDICINE, RESEARCH & EXPERIMENTAL(JIF Q1/JCI Q1)",NATURE PORTFOLIO,Springer Nature,是,SCIE,混合/全OA,"全OA约 USD 2,090-3,490；Nature系更高；Scientific Reports已拉黑",中高,https://www.springernature.com/gp/open-research/journals-books/journals,https://www.google.com/search?q=npj+Vaccines+aims+scope+instructions+for+authors+APC
295,2-Q1且IF小于10,3,EMBO REPORTS,EMBO REP,1469-221X,1469-3178,6.0,7.3,Q1,64/328,Q1,Q1,0.97,80.6,262.0,22822.0,BIOCHEMISTRY & MOLECULAR BIOLOGY; CELL BIOLOGY,BIOCHEMISTRY & MOLECULAR BIOLOGY(JIF Q1/JCI Q1) | CELL BIOLOGY(JIF Q2/JCI Q2),SPRINGERNATURE,Springer Nature,是,SCIE,混合/全OA,"全OA约 USD 2,090-3,490；Nature系更高；Scientific Reports已拉黑",中高,https://www.springernature.com/gp/open-research/journals-books/journals,https://www.google.com/search?q=EMBO+REPORTS+aims+scope+instructions+for+authors+APC
296,2-Q1且IF小于10,3,ACS Infectious Diseases,ACS INFECT DIS,2373-8227,,4.5,4.3,Q1,28/141,Q1,Q1,1.05,80.5,261.0,8213.0,"CHEMISTRY, MEDICINAL; INFECTIOUS DISEASES","CHEMISTRY, MEDICINAL(JIF Q2/JCI Q1) | INFECTIOUS DISEASES(JIF Q1/JCI Q1)",AMER CHEMICAL SOC,其他,是,SCIE,需核实,请查期刊官网 Author / Open Access 页面,未知,,https://www.google.com/search?q=ACS+Infectious+Diseases+aims+scope+instructions+for+authors+APC
297,2-Q1且IF小于10,3,TOXICOLOGY,TOXICOLOGY,0300-483X,1879-3185,5.2,5.5,Q1,16/106,Q1,Q1,1.38,85.4,258.0,16009.0,PHARMACOLOGY & PHARMACY; TOXICOLOGY,PHARMACOLOGY & PHARMACY(JIF Q1/JCI Q1) | TOXICOLOGY(JIF Q1/JCI Q1),ELSEVIER IRELAND LTD,Elsevier,是,SCIE,混合为主,"订阅路线通常无APC；Gold OA常见 USD 2,200-4,200",中,https://www.elsevier.com/open-access/agreements,https://www.google.com/search?q=TOXICOLOGY+aims+scope+instructions+for+authors+APC
298,2-Q1且IF小于10,3,BIOELECTROCHEMISTRY,BIOELECTROCHEMISTRY,1567-5394,1878-562X,4.9,4.6,Q1,11/81,Q1,Q1,1.11,86.3,258.0,8368.0,BIOCHEMISTRY & MOLECULAR BIOLOGY; BIOLOGY,BIOCHEMISTRY & MOLECULAR BIOLOGY(JIF Q2/JCI Q1) | BIOLOGY(JIF Q1/JCI Q1),ELSEVIER SCIENCE SA,Elsevier,是,SCIE,混合为主,"订阅路线通常无APC；Gold OA常见 USD 2,200-4,200",中,https://www.elsevier.com/open-access/agreements,https://www.google.com/search?q=BIOELECTROCHEMISTRY+aims+scope+instructions+for+authors+APC
299,2-Q1且IF小于10,3,NEUROSURGERY,NEUROSURGERY,0148-396X,1524-4040,3.8,4.2,Q1,38/321,Q1,Q1,1.43,88.3,258.0,28090.0,CLINICAL NEUROLOGY; SURGERY,CLINICAL NEUROLOGY(JIF Q2/JCI Q1) | SURGERY(JIF Q1/JCI Q1),LIPPINCOTT WILLIAMS & WILKINS,Wolters Kluwer/LWW,是,SCIE,混合为主,"订阅路线通常无APC；OA常见 USD 2,000-4,000；MEDICINE已拉黑",中,https://wkauthorservices.editage.com/open-access/,https://www.google.com/search?q=NEUROSURGERY+aims+scope+instructions+for+authors+APC
300,2-Q1且IF小于10,3,JOURNAL OF KOREAN MEDICAL SCIENCE,J KOREAN MED SCI,1011-8934,1598-6357,3.2,2.8,Q1,68/336,Q1,Q1,0.84,79.9,258.0,10211.0,"MEDICINE, GENERAL & INTERNAL","MEDICINE, GENERAL & INTERNAL(JIF Q1/JCI Q1)",KOREAN ACAD MEDICAL SCIENCES,其他,是,SCIE,需核实,请查期刊官网 Author / Open Access 页面,未知,,https://www.google.com/search?q=JOURNAL+OF+KOREAN+MEDICAL+SCIENCE+aims+scope+instructions+for+authors+APC
301,2-Q1且IF小于10,3,JOURNAL OF BONE AND JOINT SURGERY-AMERICAN VOLUME,J BONE JOINT SURG AM,0021-9355,1535-1386,4.5,5.0,Q1,26/321,Q1,Q1,1.82,92.1,257.0,44262.0,ORTHOPEDICS; SURGERY,ORTHOPEDICS(JIF Q1/JCI Q1) | SURGERY(JIF Q1/JCI Q1),LIPPINCOTT WILLIAMS & WILKINS,Wolters Kluwer/LWW,是,SCIE,混合为主,"订阅路线通常无APC；OA常见 USD 2,000-4,000；MEDICINE已拉黑",中,https://wkauthorservices.editage.com/open-access/,https://www.google.com/search?q=JOURNAL+OF+BONE+AND+JOINT+SURGERY-AMERICAN+VOLUME+aims+scope+instructions+for+authors+APC
302,2-Q1且IF小于10,3,ADVANCES IN THERAPY,ADV THER,0741-238X,1865-8652,4.7,4.6,Q1,78/356,Q2,Q2,0.89,78.2,256.0,12070.0,"MEDICINE, RESEARCH & EXPERIMENTAL; PHARMACOLOGY & PHARMACY","MEDICINE, RESEARCH & EXPERIMENTAL(JIF Q2/JCI Q2) | PHARMACOLOGY & PHARMACY(JIF Q1/JCI Q2)",SPRINGER,Springer,是,SCIE,混合为主,"订阅路线通常无APC；选OA约 USD 2,790-4,290",中,https://www.springer.com/gp/open-access,https://www.google.com/search?q=ADVANCES+IN+THERAPY+aims+scope+instructions+for+authors+APC
303,2-Q1且IF小于10,3,CLINICAL NUTRITION,CLIN NUTR,0261-5614,1532-1983,7.9,7.8,Q1,9/114,Q1,Q1,1.54,92.5,255.0,30445.0,NUTRITION & DIETETICS,NUTRITION & DIETETICS(JIF Q1/JCI Q1),CHURCHILL LIVINGSTONE,Elsevier,是,SCIE,混合为主,"订阅路线通常无APC；Gold OA常见 USD 2,200-4,200",中,https://www.elsevier.com/open-access/agreements,https://www.google.com/search?q=CLINICAL+NUTRITION+aims+scope+instructions+for+authors+APC
304,2-Q1且IF小于10,3,Journal of Dental Sciences,J DENT SCI,1991-7902,2213-8862,3.6,3.7,Q1,31/165,Q1,Q1,1.32,81.5,254.0,4556.0,"DENTISTRY, ORAL SURGERY & MEDICINE","DENTISTRY, ORAL SURGERY & MEDICINE(JIF Q1/JCI Q1)",ELSEVIER TAIWAN,Elsevier,是,SCIE,混合为主,"订阅路线通常无APC；Gold OA常见 USD 2,200-4,200",中,https://www.elsevier.com/open-access/agreements,https://www.google.com/search?q=Journal+of+Dental+Sciences+aims+scope+instructions+for+authors+APC
305,2-Q1且IF小于10,3,CHEST,CHEST,0012-3692,1931-3543,9.8,10.1,Q1,6/107,Q1,Q1,2.21,94.9,253.0,52924.0,CRITICAL CARE MEDICINE; RESPIRATORY SYSTEM,CRITICAL CARE MEDICINE(JIF Q1/JCI Q1) | RESPIRATORY SYSTEM(JIF Q1/JCI Q1),ELSEVIER,Elsevier,是,SCIE,混合为主,"订阅路线通常无APC；Gold OA常见 USD 2,200-4,200",中,https://www.elsevier.com/open-access/agreements,https://www.google.com/search?q=CHEST+aims+scope+instructions+for+authors+APC
306,2-Q1且IF小于10,3,JMIR Human Factors,JMIR HUM FACTORS,2292-9495,2292-9495,3.9,4.1,Q1,46/194,Q2,Q2,0.91,76.5,252.0,3291.0,HEALTH CARE SCIENCES & SERVICES; MEDICAL INFORMATICS,HEALTH CARE SCIENCES & SERVICES(JIF Q1/JCI Q2) | MEDICAL INFORMATICS(JIF Q2/JCI Q2),"JMIR PUBLICATIONS, INC",其他,否,ESCI,需核实,请查期刊官网 Author / Open Access 页面,未知,,https://www.google.com/search?q=JMIR+Human+Factors+aims+scope+instructions+for+authors+APC
307,2-Q1且IF小于10,3,SPINE,SPINE,0362-2436,1528-1159,3.7,3.6,Q1,22/147,Q1,Q1,1.34,85.4,251.0,45060.0,CLINICAL NEUROLOGY; ORTHOPEDICS,CLINICAL NEUROLOGY(JIF Q2/JCI Q1) | ORTHOPEDICS(JIF Q1/JCI Q1),LIPPINCOTT WILLIAMS & WILKINS,Wolters Kluwer/LWW,是,SCIE,混合为主,"订阅路线通常无APC；OA常见 USD 2,000-4,000；MEDICINE已拉黑",中,https://wkauthorservices.editage.com/open-access/,https://www.google.com/search?q=SPINE+aims+scope+instructions+for+authors+APC
308,2-Q1且IF小于10,3,JOURNAL OF PEDIATRIC GASTROENTEROLOGY AND NUTRITION,J PEDIATR GASTR NUTR,0277-2116,1536-4801,3.1,3.0,Q1,30/190,Q1,Q1,0.92,84.5,251.0,14403.0,GASTROENTEROLOGY & HEPATOLOGY; NUTRITION & DIETETICS; PEDIATRICS,GASTROENTEROLOGY & HEPATOLOGY(JIF Q2/JCI Q1) | NUTRITION & DIETETICS(JIF Q2/JCI Q1) | PEDIATRICS(JIF Q1/JCI Q2),WILEY,Wiley,是,SCIE,混合为主,"订阅路线通常无APC；OnlineOpen常见 USD 3,200-4,700",中,https://authorservices.wiley.com/author-resources/Journal-Authors/open-access/article-publication-charges.html,https://www.google.com/search?q=JOURNAL+OF+PEDIATRIC+GASTROENTEROLOGY+AND+NUTRITION+aims+scope+instructions+for+authors+APC
309,2-Q1且IF小于10,3,GENETICS,GENETICS,0016-6731,1943-2631,6.5,5.0,Q1,19/192,Q1,Q1,1.46,90.4,250.0,37197.0,GENETICS & HEREDITY,GENETICS & HEREDITY(JIF Q1/JCI Q1),OXFORD UNIV PRESS INC,Oxford UP,是,SCIE,混合为主,订阅路线通常无APC；可选OA，费用因刊而异,中,https://academic.oup.com/pages/open-research/open-access,https://www.google.com/search?q=GENETICS+aims+scope+instructions+for+authors+APC
310,2-Q1且IF小于10,3,EMERGING INFECTIOUS DISEASES,EMERG INFECT DIS,1080-6040,1080-6059,7.9,6.5,Q1,10/141,Q1,Q1,1.61,93.3,248.0,34822.0,IMMUNOLOGY; INFECTIOUS DISEASES,IMMUNOLOGY(JIF Q1/JCI Q1) | INFECTIOUS DISEASES(JIF Q1/JCI Q1),CENTERS DISEASE CONTROL & PREVENTION,其他,是,SCIE,需核实,请查期刊官网 Author / Open Access 页面,未知,,https://www.google.com/search?q=EMERGING+INFECTIOUS+DISEASES+aims+scope+instructions+for+authors+APC
311,2-Q1且IF小于10,3,ISME Communications,ISME COMMUN,,2730-6151,6.4,7.3,Q1,19/205,Q1,Q1,1.58,84.1,248.0,3829.0,MICROBIOLOGY,MICROBIOLOGY(JIF Q1/JCI Q1),OXFORD UNIV PRESS,Oxford UP,否,ESCI,混合为主,订阅路线通常无APC；可选OA，费用因刊而异,中,https://academic.oup.com/pages/open-research/open-access,https://www.google.com/search?q=ISME+Communications+aims+scope+instructions+for+authors+APC
312,2-Q1且IF小于10,3,EXPERIMENTAL GERONTOLOGY,EXP GERONTOL,0531-5565,1873-6815,5.1,4.8,Q1,16/72,Q2,Q2,0.94,78.5,248.0,16389.0,GERIATRICS & GERONTOLOGY,GERIATRICS & GERONTOLOGY(JIF Q1/JCI Q2),PERGAMON-ELSEVIER SCIENCE LTD,Elsevier,是,SCIE,混合为主,"订阅路线通常无APC；Gold OA常见 USD 2,200-4,200",中,https://www.elsevier.com/open-access/agreements,https://www.google.com/search?q=EXPERIMENTAL+GERONTOLOGY+aims+scope+instructions+for+authors+APC
313,2-Q1且IF小于10,3,AMERICAN JOURNAL OF PREVENTIVE MEDICINE,AM J PREV MED,0749-3797,1873-2607,4.7,5.2,Q1,56/443,Q1,Q1,1.54,87.5,248.0,27112.0,"MEDICINE, GENERAL & INTERNAL; PUBLIC, ENVIRONMENTAL & OCCUPATIONAL HEALTH","MEDICINE, GENERAL & INTERNAL(JIF Q1/JCI Q1) | PUBLIC, ENVIRONMENTAL & OCCUPATIONAL HEALTH(JIF Q1/JCI Q1)",ELSEVIER SCIENCE INC,Elsevier,是,"SCIE; SCIE, SSCI",混合为主,"订阅路线通常无APC；Gold OA常见 USD 2,200-4,200",中,https://www.elsevier.com/open-access/agreements,https://www.google.com/search?q=AMERICAN+JOURNAL+OF+PREVENTIVE+MEDICINE+aims+scope+instructions+for+authors+APC
314,2-Q1且IF小于10,3,INTERNATIONAL JOURNAL OF MEDICAL INFORMATICS,INT J MED INFORM,1386-5056,1872-8243,5.0,5.2,Q1,25/194,Q2,Q2,0.98,87.4,247.0,12781.0,HEALTH CARE SCIENCES & SERVICES; MEDICAL INFORMATICS,HEALTH CARE SCIENCES & SERVICES(JIF Q1/JCI Q2) | MEDICAL INFORMATICS(JIF Q2/JCI Q2),ELSEVIER IRELAND LTD,Elsevier,是,SCIE,混合为主,"订阅路线通常无APC；Gold OA常见 USD 2,200-4,200",中,https://www.elsevier.com/open-access/agreements,https://www.google.com/search?q=INTERNATIONAL+JOURNAL+OF+MEDICAL+INFORMATICS+aims+scope+instructions+for+authors+APC
315,2-Q1且IF小于10,3,HLA,HLA,2059-2302,2059-2310,5.0,3.8,Q1,7/89,Q3,Q3,0.63,92.7,247.0,2418.0,CELL BIOLOGY; IMMUNOLOGY; PATHOLOGY,CELL BIOLOGY(JIF Q2/JCI Q3) | IMMUNOLOGY(JIF Q2/JCI Q3) | PATHOLOGY(JIF Q1/JCI Q3),WILEY,Wiley,是,SCIE,混合为主,"订阅路线通常无APC；OnlineOpen常见 USD 3,200-4,700",中,https://authorservices.wiley.com/author-resources/Journal-Authors/open-access/article-publication-charges.html,https://www.google.com/search?q=HLA+aims+scope+instructions+for+authors+APC
316,2-Q1且IF小于10,3,Journal of Nursing Management,J NURS MANAGE,0966-0429,1365-2834,4.4,5.7,Q1,13/194,Q1,Q1,1.24,93.6,247.0,11219.0,NURSING,NURSING(JIF Q1/JCI Q1),WILEY,Wiley,是,"SSCI; SCIE, SSCI",混合为主,"订阅路线通常无APC；OnlineOpen常见 USD 3,200-4,700",中,https://authorservices.wiley.com/author-resources/Journal-Authors/open-access/article-publication-charges.html,https://www.google.com/search?q=Journal+of+Nursing+Management+aims+scope+instructions+for+authors+APC
317,2-Q1且IF小于10,3,Virulence,VIRULENCE,2150-5594,2150-5608,6.8,6.9,Q1,13/141,Q1,Q1,1.12,91.1,246.0,10048.0,IMMUNOLOGY; INFECTIOUS DISEASES; MICROBIOLOGY,IMMUNOLOGY(JIF Q1/JCI Q1) | INFECTIOUS DISEASES(JIF Q1/JCI Q1) | MICROBIOLOGY(JIF Q1/JCI Q1),TAYLOR & FRANCIS INC,Taylor & Francis,是,SCIE,混合为主,"订阅路线通常无APC；Open Select常见 USD 2,500-3,500",中,https://authorservices.taylorandfrancis.com/publishing-open-access/,https://www.google.com/search?q=Virulence+aims+scope+instructions+for+authors+APC
318,2-Q1且IF小于10,3,Microbial Genomics,MICROB GENOMICS,2057-5858,2057-5858,4.5,5.4,Q1,40/192,Q1,Q1,1.19,79.4,246.0,7495.0,GENETICS & HEREDITY; MICROBIOLOGY,GENETICS & HEREDITY(JIF Q1/JCI Q1) | MICROBIOLOGY(JIF Q2/JCI Q1),MICROBIOLOGY SOC,其他,是,SCIE,需核实,请查期刊官网 Author / Open Access 页面,未知,,https://www.google.com/search?q=Microbial+Genomics+aims+scope+instructions+for+authors+APC
319,2-Q1且IF小于10,3,International Journal of Computer Assisted Radiology and Surgery,INT J COMPUT ASS RAD,1861-6410,1861-6429,2.8,3.0,Q1,67/321,Q2,Q2,0.8,79.3,246.0,6638.0,"ENGINEERING, BIOMEDICAL; RADIOLOGY, NUCLEAR MEDICINE & MEDICAL IMAGING; SURGERY","ENGINEERING, BIOMEDICAL(JIF Q3/JCI Q2) | RADIOLOGY, NUCLEAR MEDICINE & MEDICAL IMAGING(JIF Q2/JCI Q2) | SURGERY(JIF Q1/JCI Q2)",SPRINGER HEIDELBERG,Springer,是,SCIE,混合为主,"订阅路线通常无APC；选OA约 USD 2,790-4,290",中,https://www.springer.com/gp/open-access,https://www.google.com/search?q=International+Journal+of+Computer+Assisted+Radiology+and+Surgery+aims+scope+instructions+for+authors+APC
320,2-Q1且IF小于10,3,JOURNAL OF SLEEP RESEARCH,J SLEEP RES,0962-1105,1365-2869,4.6,4.6,Q1,48/296,Q2,Q2,0.92,84.0,245.0,12151.0,CLINICAL NEUROLOGY; NEUROSCIENCES,CLINICAL NEUROLOGY(JIF Q1/JCI Q2) | NEUROSCIENCES(JIF Q1/JCI Q2),WILEY,Wiley,是,SCIE,混合为主,"订阅路线通常无APC；OnlineOpen常见 USD 3,200-4,700",中,https://authorservices.wiley.com/author-resources/Journal-Authors/open-access/article-publication-charges.html,https://www.google.com/search?q=JOURNAL+OF+SLEEP+RESEARCH+aims+scope+instructions+for+authors+APC
321,2-Q1且IF小于10,3,CLINICAL PHARMACOLOGY & THERAPEUTICS,CLIN PHARMACOL THER,0009-9236,1532-6535,4.9,6.1,Q1,74/356,Q1,Q1,1.24,79.4,241.0,20886.0,PHARMACOLOGY & PHARMACY,PHARMACOLOGY & PHARMACY(JIF Q1/JCI Q1),WILEY,Wiley,是,SCIE,混合为主,"订阅路线通常无APC；OnlineOpen常见 USD 3,200-4,700",中,https://authorservices.wiley.com/author-resources/Journal-Authors/open-access/article-publication-charges.html,https://www.google.com/search?q=CLINICAL+PHARMACOLOGY+&+THERAPEUTICS+aims+scope+instructions+for+authors+APC
322,2-Q1且IF小于10,3,CLINICAL CHEMISTRY AND LABORATORY MEDICINE,CLIN CHEM LAB MED,1434-6621,1437-4331,4.4,4.0,Q1,6/33,Q1,Q1,1.55,83.3,241.0,12111.0,MEDICAL LABORATORY TECHNOLOGY,MEDICAL LABORATORY TECHNOLOGY(JIF Q1/JCI Q1),WALTER DE GRUYTER GMBH,De Gruyter,是,SCIE,混合/OA,因刊而异,中,https://www.degruyter.com/publishing/publications/openaccess,https://www.google.com/search?q=CLINICAL+CHEMISTRY+AND+LABORATORY+MEDICINE+aims+scope+instructions+for+authors+APC
323,2-Q1且IF小于10,3,Insights into Imaging,INSIGHTS IMAGING,1869-4101,1869-4101,5.6,5.7,Q1,24/217,Q1,Q1,1.47,89.2,240.0,9354.0,"RADIOLOGY, NUCLEAR MEDICINE & MEDICAL IMAGING","RADIOLOGY, NUCLEAR MEDICINE & MEDICAL IMAGING(JIF Q1/JCI Q1)",SPRINGER WIEN,Springer,是,SCIE,混合为主,"订阅路线通常无APC；选OA约 USD 2,790-4,290",中,https://www.springer.com/gp/open-access,https://www.google.com/search?q=Insights+into+Imaging+aims+scope+instructions+for+authors+APC
324,2-Q1且IF小于10,3,DIGESTIVE AND LIVER DISEASE,DIGEST LIVER DIS,1590-8658,1878-3562,4.9,4.2,Q1,34/153,Q1,Q1,1.03,78.1,240.0,9941.0,GASTROENTEROLOGY & HEPATOLOGY,GASTROENTEROLOGY & HEPATOLOGY(JIF Q1/JCI Q1),ELSEVIER SCIENCE INC,Elsevier,是,SCIE,混合为主,"订阅路线通常无APC；Gold OA常见 USD 2,200-4,200",中,https://www.elsevier.com/open-access/agreements,https://www.google.com/search?q=DIGESTIVE+AND+LIVER+DISEASE+aims+scope+instructions+for+authors+APC
325,2-Q1且IF小于10,3,PSYCHO-ONCOLOGY,PSYCHO-ONCOLOGY,1057-9249,1099-1611,3.9,4.7,Q1,5/48,Q2,Q1,0.99,90.6,239.0,15913.0,"ONCOLOGY; SOCIAL SCIENCES, BIOMEDICAL","ONCOLOGY(JIF Q2/JCI Q2) | SOCIAL SCIENCES, BIOMEDICAL(JIF Q1/JCI Q2)",WILEY,Wiley,是,SCIE; SSCI,混合为主,"订阅路线通常无APC；OnlineOpen常见 USD 3,200-4,700",中,https://authorservices.wiley.com/author-resources/Journal-Authors/open-access/article-publication-charges.html,https://www.google.com/search?q=PSYCHO-ONCOLOGY+aims+scope+instructions+for+authors+APC
326,2-Q1且IF小于10,3,Molecular Therapy Nucleic Acids,MOL THER NUCL ACIDS,2162-2531,2162-2531,6.5,6.2,Q1,37/191,Q1,Q1,1.4,80.9,237.0,14299.0,"MEDICINE, RESEARCH & EXPERIMENTAL","MEDICINE, RESEARCH & EXPERIMENTAL(JIF Q1/JCI Q1)",CELL PRESS,其他,是,SCIE,需核实,请查期刊官网 Author / Open Access 页面,未知,,https://www.google.com/search?q=Molecular+Therapy+Nucleic+Acids+aims+scope+instructions+for+authors+APC
327,2-Q1且IF小于10,3,ANNALS OF THE NEW YORK ACADEMY OF SCIENCES,ANN NY ACAD SCI,0077-8923,1749-6632,4.5,6.3,Q1,24/140,Q1,Q1,1.04,83.2,237.0,45077.0,MULTIDISCIPLINARY SCIENCES,MULTIDISCIPLINARY SCIENCES(JIF Q1/JCI Q1),WILEY,Wiley,是,SCIE,混合为主,"订阅路线通常无APC；OnlineOpen常见 USD 3,200-4,700",中,https://authorservices.wiley.com/author-resources/Journal-Authors/open-access/article-publication-charges.html,https://www.google.com/search?q=ANNALS+OF+THE+NEW+YORK+ACADEMY+OF+SCIENCES+aims+scope+instructions+for+authors+APC
328,2-Q1且IF小于10,3,Journal of Adolescent Health,J ADOLESCENT HEALTH,1054-139X,1879-1972,4.2,5.7,Q1,11/190,Q1,Q1,1.65,94.5,237.0,21149.0,"PEDIATRICS; PUBLIC, ENVIRONMENTAL & OCCUPATIONAL HEALTH","PEDIATRICS(JIF Q1/JCI Q1) | PUBLIC, ENVIRONMENTAL & OCCUPATIONAL HEALTH(JIF Q1/JCI Q1)",ELSEVIER SCIENCE INC,Elsevier,是,"SCIE; SSCI; SCIE, SSCI",混合为主,"订阅路线通常无APC；Gold OA常见 USD 2,200-4,200",中,https://www.elsevier.com/open-access/agreements,https://www.google.com/search?q=Journal+of+Adolescent+Health+aims+scope+instructions+for+authors+APC
329,2-Q1且IF小于10,3,INTERNATIONAL JOURNAL OF LEGAL MEDICINE,INT J LEGAL MED,0937-9827,1437-1596,2.6,2.6,Q1,6/24,Q1,Q1,1.22,77.1,237.0,7477.0,"MEDICINE, LEGAL","MEDICINE, LEGAL(JIF Q1/JCI Q1)",SPRINGER,Springer,是,SCIE,混合为主,"订阅路线通常无APC；选OA约 USD 2,790-4,290",中,https://www.springer.com/gp/open-access,https://www.google.com/search?q=INTERNATIONAL+JOURNAL+OF+LEGAL+MEDICINE+aims+scope+instructions+for+authors+APC
330,2-Q1且IF小于10,3,JHEP Reports,JHEP REP,,2589-5559,8.7,9.8,Q1,14/153,Q1,Q1,1.92,91.2,235.0,7614.0,GASTROENTEROLOGY & HEPATOLOGY,GASTROENTEROLOGY & HEPATOLOGY(JIF Q1/JCI Q1),ELSEVIER,Elsevier,是,SCIE,混合为主,"订阅路线通常无APC；Gold OA常见 USD 2,200-4,200",中,https://www.elsevier.com/open-access/agreements,https://www.google.com/search?q=JHEP+Reports+aims+scope+instructions+for+authors+APC
331,2-Q1且IF小于10,3,European Journal of Oncology Nursing,EUR J ONCOL NURS,1462-3889,1532-2122,3.6,4.1,Q1,20/194,Q1,Q1,1.11,89.9,235.0,5835.0,NURSING; ONCOLOGY,NURSING(JIF Q1/JCI Q1) | ONCOLOGY(JIF Q2/JCI Q1),ELSEVIER SCI LTD,Elsevier,是,"SCIE, SSCI; SCIE",混合为主,"订阅路线通常无APC；Gold OA常见 USD 2,200-4,200",中,https://www.elsevier.com/open-access/agreements,https://www.google.com/search?q=European+Journal+of+Oncology+Nursing+aims+scope+instructions+for+authors+APC
332,2-Q1且IF小于10,3,ANNALS OF SURGERY,ANN SURG,0003-4932,1528-1140,7.4,8.1,Q1,12/321,Q1,Q1,3.52,96.4,232.0,55777.0,SURGERY,SURGERY(JIF Q1/JCI Q1),LIPPINCOTT WILLIAMS & WILKINS,Wolters Kluwer/LWW,是,SCIE,混合为主,"订阅路线通常无APC；OA常见 USD 2,000-4,000；MEDICINE已拉黑",中,https://wkauthorservices.editage.com/open-access/,https://www.google.com/search?q=ANNALS+OF+SURGERY+aims+scope+instructions+for+authors+APC
333,2-Q1且IF小于10,3,AMERICAN JOURNAL OF OBSTETRICS AND GYNECOLOGY,AM J OBSTET GYNECOL,0002-9378,1097-6868,7.9,8.5,Q1,4/143,Q1,Q1,2.77,97.6,231.0,47085.0,OBSTETRICS & GYNECOLOGY,OBSTETRICS & GYNECOLOGY(JIF Q1/JCI Q1),MOSBY-ELSEVIER,Elsevier,是,SCIE,混合为主,"订阅路线通常无APC；Gold OA常见 USD 2,200-4,200",中,https://www.elsevier.com/open-access/agreements,https://www.google.com/search?q=AMERICAN+JOURNAL+OF+OBSTETRICS+AND+GYNECOLOGY+aims+scope+instructions+for+authors+APC
334,2-Q1且IF小于10,3,MOVEMENT DISORDERS,MOVEMENT DISORD,0885-3185,1531-8257,7.7,8.0,Q1,18/296,Q1,Q1,1.91,94.1,231.0,36832.0,CLINICAL NEUROLOGY,CLINICAL NEUROLOGY(JIF Q1/JCI Q1),WILEY,Wiley,是,SCIE,混合为主,"订阅路线通常无APC；OnlineOpen常见 USD 3,200-4,700",中,https://authorservices.wiley.com/author-resources/Journal-Authors/open-access/article-publication-charges.html,https://www.google.com/search?q=MOVEMENT+DISORDERS+aims+scope+instructions+for+authors+APC
335,2-Q1且IF小于10,3,Journal of Allergy and Clinical Immunology-In Practice,J ALLER CL IMM-PRACT,2213-2198,2213-2201,7.2,7.7,Q1,4/40,Q1,Q1,1.44,91.3,231.0,18872.0,ALLERGY; IMMUNOLOGY,ALLERGY(JIF Q1/JCI Q1) | IMMUNOLOGY(JIF Q1/JCI Q1),ELSEVIER,Elsevier,是,SCIE,混合为主,"订阅路线通常无APC；Gold OA常见 USD 2,200-4,200",中,https://www.elsevier.com/open-access/agreements,https://www.google.com/search?q=Journal+of+Allergy+and+Clinical+Immunology-In+Practice+aims+scope+instructions+for+authors+APC
336,2-Q1且IF小于10,3,SLEEP,SLEEP,0161-8105,1550-9109,7.0,6.6,Q1,24/296,Q1,Q1,1.37,92.1,230.0,31454.0,CLINICAL NEUROLOGY; NEUROSCIENCES,CLINICAL NEUROLOGY(JIF Q1/JCI Q1) | NEUROSCIENCES(JIF Q1/JCI Q1),OXFORD UNIV PRESS INC,Oxford UP,是,SCIE,混合为主,订阅路线通常无APC；可选OA，费用因刊而异,中,https://academic.oup.com/pages/open-research/open-access,https://www.google.com/search?q=SLEEP+aims+scope+instructions+for+authors+APC
337,2-Q1且IF小于10,3,INTERNATIONAL JOURNAL OF GYNECOLOGICAL CANCER,INT J GYNECOL CANCER,1048-891X,1525-1438,5.4,5.2,Q1,7/143,Q1,Q1,1.54,95.5,230.0,12237.0,OBSTETRICS & GYNECOLOGY; ONCOLOGY,OBSTETRICS & GYNECOLOGY(JIF Q1/JCI Q1) | ONCOLOGY(JIF Q1/JCI Q1),ELSEVIER,Elsevier,是,SCIE,混合为主,"订阅路线通常无APC；Gold OA常见 USD 2,200-4,200",中,https://www.elsevier.com/open-access/agreements,https://www.google.com/search?q=INTERNATIONAL+JOURNAL+OF+GYNECOLOGICAL+CANCER+aims+scope+instructions+for+authors+APC
338,2-Q1且IF小于10,3,PHILOSOPHICAL TRANSACTIONS OF THE ROYAL SOCIETY B-BIOLOGICAL SCIENCES,PHILOS T R SOC B,0962-8436,1471-2970,5.3,6.2,Q1,14/106,Q1,Q1,1.29,87.3,230.0,60491.0,BIOLOGY,BIOLOGY(JIF Q1/JCI Q1),ROYAL SOC,其他,是,SCIE,需核实,请查期刊官网 Author / Open Access 页面,未知,,https://www.google.com/search?q=PHILOSOPHICAL+TRANSACTIONS+OF+THE+ROYAL+SOCIETY+B-BIOLOGICAL+SCIENCES+aims+scope+instructions+for+authors+APC
339,2-Q1且IF小于10,3,CANCER EPIDEMIOLOGY BIOMARKERS & PREVENTION,CANCER EPIDEM BIOMAR,1055-9965,1538-7755,3.7,4.4,Q1,89/443,Q2,Q2,0.91,80.0,230.0,19510.0,"ONCOLOGY; PUBLIC, ENVIRONMENTAL & OCCUPATIONAL HEALTH","ONCOLOGY(JIF Q2/JCI Q2) | PUBLIC, ENVIRONMENTAL & OCCUPATIONAL HEALTH(JIF Q1/JCI Q2)",AMER ASSOC CANCER RESEARCH,其他,是,SCIE,需核实,请查期刊官网 Author / Open Access 页面,未知,,https://www.google.com/search?q=CANCER+EPIDEMIOLOGY+BIOMARKERS+&+PREVENTION+aims+scope+instructions+for+authors+APC
340,2-Q1且IF小于10,3,ADDICTIVE BEHAVIORS,ADDICT BEHAV,0306-4603,1873-6327,4.1,4.8,Q1,7/61,Q1,Q1,1.4,89.3,229.0,18618.0,"PSYCHOLOGY, CLINICAL; SUBSTANCE ABUSE","PSYCHOLOGY, CLINICAL(JIF Q1/JCI Q1) | SUBSTANCE ABUSE(JIF Q1/JCI Q1)",PERGAMON-ELSEVIER SCIENCE LTD,Elsevier,是,"SSCI; SCIE, SSCI",混合为主,"订阅路线通常无APC；Gold OA常见 USD 2,200-4,200",中,https://www.elsevier.com/open-access/agreements,https://www.google.com/search?q=ADDICTIVE+BEHAVIORS+aims+scope+instructions+for+authors+APC
341,2-Q1且IF小于10,3,NURSE EDUCATION TODAY,NURS EDUC TODAY,0260-6917,1532-2793,4.7,5.5,Q1,10/194,Q1,Q1,1.67,95.1,227.0,19455.0,NURSING,NURSING(JIF Q1/JCI Q1),CHURCHILL LIVINGSTONE,Elsevier,是,"SCIE; SCIE, SSCI",混合为主,"订阅路线通常无APC；Gold OA常见 USD 2,200-4,200",中,https://www.elsevier.com/open-access/agreements,https://www.google.com/search?q=NURSE+EDUCATION+TODAY+aims+scope+instructions+for+authors+APC
342,2-Q1且IF小于10,3,PARKINSONISM & RELATED DISORDERS,PARKINSONISM RELAT D,1353-8020,1873-5126,4.3,4.4,Q1,57/296,Q1,Q1,1.03,80.9,226.0,15104.0,CLINICAL NEUROLOGY,CLINICAL NEUROLOGY(JIF Q1/JCI Q1),ELSEVIER SCI LTD,Elsevier,是,SCIE,混合为主,"订阅路线通常无APC；Gold OA常见 USD 2,200-4,200",中,https://www.elsevier.com/open-access/agreements,https://www.google.com/search?q=PARKINSONISM+&+RELATED+DISORDERS+aims+scope+instructions+for+authors+APC
343,2-Q1且IF小于10,3,BJOG-AN INTERNATIONAL JOURNAL OF OBSTETRICS AND GYNAECOLOGY,BJOG-INT J OBSTET GY,1470-0328,1471-0528,4.8,5.3,Q1,11/143,Q1,Q1,1.73,92.7,225.0,19214.0,OBSTETRICS & GYNECOLOGY,OBSTETRICS & GYNECOLOGY(JIF Q1/JCI Q1),WILEY,Wiley,是,SCIE,混合为主,"订阅路线通常无APC；OnlineOpen常见 USD 3,200-4,700",中,https://authorservices.wiley.com/author-resources/Journal-Authors/open-access/article-publication-charges.html,https://www.google.com/search?q=BJOG-AN+INTERNATIONAL+JOURNAL+OF+OBSTETRICS+AND+GYNAECOLOGY+aims+scope+instructions+for+authors+APC
344,2-Q1且IF小于10,3,JOURNAL OF ORAL REHABILITATION,J ORAL REHABIL,0305-182X,1365-2842,3.8,3.8,Q1,27/165,Q1,Q1,1.2,83.9,225.0,10169.0,"DENTISTRY, ORAL SURGERY & MEDICINE","DENTISTRY, ORAL SURGERY & MEDICINE(JIF Q1/JCI Q1)",WILEY,Wiley,是,SCIE,混合为主,"订阅路线通常无APC；OnlineOpen常见 USD 3,200-4,700",中,https://authorservices.wiley.com/author-resources/Journal-Authors/open-access/article-publication-charges.html,https://www.google.com/search?q=JOURNAL+OF+ORAL+REHABILITATION+aims+scope+instructions+for+authors+APC
345,2-Q1且IF小于10,3,JOURNAL OF CLINICAL NURSING,J CLIN NURS,0962-1067,1365-2702,3.6,4.7,Q1,20/194,Q1,Q1,1.25,89.9,224.0,23402.0,NURSING,NURSING(JIF Q1/JCI Q1),WILEY,Wiley,是,"SCIE, SSCI",混合为主,"订阅路线通常无APC；OnlineOpen常见 USD 3,200-4,700",中,https://authorservices.wiley.com/author-resources/Journal-Authors/open-access/article-publication-charges.html,https://www.google.com/search?q=JOURNAL+OF+CLINICAL+NURSING+aims+scope+instructions+for+authors+APC
346,2-Q1且IF小于10,3,AMERICAN JOURNAL OF TRANSPLANTATION,AM J TRANSPLANT,1600-6135,1600-6143,8.1,6.4,Q1,7/321,Q1,Q1,3.19,98.0,223.0,26190.0,SURGERY; TRANSPLANTATION,SURGERY(JIF Q1/JCI Q1) | TRANSPLANTATION(JIF Q1/JCI Q1),ELSEVIER SCIENCE INC,Elsevier,是,SCIE,混合为主,"订阅路线通常无APC；Gold OA常见 USD 2,200-4,200",中,https://www.elsevier.com/open-access/agreements,https://www.google.com/search?q=AMERICAN+JOURNAL+OF+TRANSPLANTATION+aims+scope+instructions+for+authors+APC
347,2-Q1且IF小于10,3,ATHEROSCLEROSIS,ATHEROSCLEROSIS,0021-9150,1879-1484,7.1,6.2,Q1,10/100,Q1,Q1,1.5,90.5,223.0,25027.0,CARDIAC & CARDIOVASCULAR SYSTEMS; PERIPHERAL VASCULAR DISEASE,CARDIAC & CARDIOVASCULAR SYSTEMS(JIF Q1/JCI Q1) | PERIPHERAL VASCULAR DISEASE(JIF Q1/JCI Q1),ELSEVIER IRELAND LTD,Elsevier,是,SCIE,混合为主,"订阅路线通常无APC；Gold OA常见 USD 2,200-4,200",中,https://www.elsevier.com/open-access/agreements,https://www.google.com/search?q=ATHEROSCLEROSIS+aims+scope+instructions+for+authors+APC
348,2-Q1且IF小于10,3,Emerging Microbes & Infections,EMERG MICROBES INFEC,,2222-1751,7.0,6.8,Q1,12/141,Q1,Q1,1.93,91.8,222.0,11908.0,IMMUNOLOGY; INFECTIOUS DISEASES; MICROBIOLOGY,IMMUNOLOGY(JIF Q1/JCI Q1) | INFECTIOUS DISEASES(JIF Q1/JCI Q1) | MICROBIOLOGY(JIF Q1/JCI Q1),TAYLOR & FRANCIS LTD,Taylor & Francis,是,SCIE,混合为主,"订阅路线通常无APC；Open Select常见 USD 2,500-3,500",中,https://authorservices.taylorandfrancis.com/publishing-open-access/,https://www.google.com/search?q=Emerging+Microbes+&+Infections+aims+scope+instructions+for+authors+APC
349,2-Q1且IF小于10,3,Obesity,OBESITY,1930-7381,1930-739X,4.9,5.0,Q1,28/114,Q1,Q1,0.96,75.9,222.0,21567.0,ENDOCRINOLOGY & METABOLISM; NUTRITION & DIETETICS,ENDOCRINOLOGY & METABOLISM(JIF Q1/JCI Q1) | NUTRITION & DIETETICS(JIF Q1/JCI Q1),WILEY,Wiley,是,SCIE,混合为主,"订阅路线通常无APC；OnlineOpen常见 USD 3,200-4,700",中,https://authorservices.wiley.com/author-resources/Journal-Authors/open-access/article-publication-charges.html,https://www.google.com/search?q=Obesity+aims+scope+instructions+for+authors+APC
350,2-Q1且IF小于10,3,JOURNAL OF NEUROCHEMISTRY,J NEUROCHEM,0022-3042,1471-4159,4.6,4.7,Q1,81/330,Q2,Q2,0.78,75.6,222.0,29950.0,BIOCHEMISTRY & MOLECULAR BIOLOGY; NEUROSCIENCES,BIOCHEMISTRY & MOLECULAR BIOLOGY(JIF Q2/JCI Q2) | NEUROSCIENCES(JIF Q1/JCI Q2),WILEY,Wiley,是,SCIE,混合为主,"订阅路线通常无APC；OnlineOpen常见 USD 3,200-4,700",中,https://authorservices.wiley.com/author-resources/Journal-Authors/open-access/article-publication-charges.html,https://www.google.com/search?q=JOURNAL+OF+NEUROCHEMISTRY+aims+scope+instructions+for+authors+APC
351,2-Q1且IF小于10,3,Internal and Emergency Medicine,INTERN EMERG MED,1828-0447,1970-9366,4.1,3.3,Q1,53/336,Q1,Q1,0.81,84.4,222.0,5859.0,"MEDICINE, GENERAL & INTERNAL","MEDICINE, GENERAL & INTERNAL(JIF Q1/JCI Q1)",SPRINGER-VERLAG ITALIA SRL,Springer,是,SCIE,混合为主,"订阅路线通常无APC；选OA约 USD 2,790-4,290",中,https://www.springer.com/gp/open-access,https://www.google.com/search?q=Internal+and+Emergency+Medicine+aims+scope+instructions+for+authors+APC
352,2-Q1且IF小于10,3,Drug Delivery and Translational Research,DRUG DELIV TRANSL RE,2190-393X,2190-3948,6.9,7.5,Q1,34/356,Q1,Q1,1.38,90.6,221.0,10319.0,"MEDICINE, RESEARCH & EXPERIMENTAL; PHARMACOLOGY & PHARMACY","MEDICINE, RESEARCH & EXPERIMENTAL(JIF Q1/JCI Q1) | PHARMACOLOGY & PHARMACY(JIF Q1/JCI Q1)",SPRINGER HEIDELBERG,Springer,是,SCIE,混合为主,"订阅路线通常无APC；选OA约 USD 2,790-4,290",中,https://www.springer.com/gp/open-access,https://www.google.com/search?q=Drug+Delivery+and+Translational+Research+aims+scope+instructions+for+authors+APC
353,2-Q1且IF小于10,3,Dermatology and Therapy,DERMATOLOGY THER,2193-8210,2190-9172,4.6,4.5,Q1,11/99,Q1,Q1,1.21,89.4,221.0,5295.0,DERMATOLOGY,DERMATOLOGY(JIF Q1/JCI Q1),ADIS INT LTD,其他,是,SCIE,需核实,请查期刊官网 Author / Open Access 页面,未知,,https://www.google.com/search?q=Dermatology+and+Therapy+aims+scope+instructions+for+authors+APC
354,2-Q1且IF小于10,3,PLACENTA,PLACENTA,0143-4004,1532-3102,3.1,3.3,Q1,33/143,Q1,Q1,1.03,77.3,220.0,10460.0,OBSTETRICS & GYNECOLOGY; REPRODUCTIVE BIOLOGY,OBSTETRICS & GYNECOLOGY(JIF Q1/JCI Q1) | REPRODUCTIVE BIOLOGY(JIF Q2/JCI Q2),W B SAUNDERS CO LTD,Elsevier,是,SCIE,混合为主,"订阅路线通常无APC；Gold OA常见 USD 2,200-4,200",中,https://www.elsevier.com/open-access/agreements,https://www.google.com/search?q=PLACENTA+aims+scope+instructions+for+authors+APC
355,2-Q1且IF小于10,3,MIDWIFERY,MIDWIFERY,0266-6138,1532-3099,2.7,3.3,Q1,41/194,Q1,Q1,1.1,79.1,220.0,8018.0,NURSING,NURSING(JIF Q1/JCI Q1),ELSEVIER SCI LTD,Elsevier,是,"SCIE, SSCI",混合为主,"订阅路线通常无APC；Gold OA常见 USD 2,200-4,200",中,https://www.elsevier.com/open-access/agreements,https://www.google.com/search?q=MIDWIFERY+aims+scope+instructions+for+authors+APC
356,2-Q1且IF小于10,3,Lancet Regional Health-Americas,LANCET REG HEALTH-AM,2667-193X,2667-193X,9.1,8.4,Q1,6/194,Q1,Q1,2.44,97.2,219.0,5339.0,"HEALTH CARE SCIENCES & SERVICES; PUBLIC, ENVIRONMENTAL & OCCUPATIONAL HEALTH","HEALTH CARE SCIENCES & SERVICES(JIF Q1/JCI Q1) | PUBLIC, ENVIRONMENTAL & OCCUPATIONAL HEALTH(JIF Q1/JCI Q1)",ELSEVIER,Elsevier,否,ESCI,混合为主,"订阅路线通常无APC；Gold OA常见 USD 2,200-4,200",中,https://www.elsevier.com/open-access/agreements,https://www.google.com/search?q=Lancet+Regional+Health-Americas+aims+scope+instructions+for+authors+APC
357,2-Q1且IF小于10,3,Spine Journal,SPINE J,1529-9430,1878-1632,5.1,5.8,Q1,9/147,Q1,Q1,1.78,94.2,219.0,16410.0,CLINICAL NEUROLOGY; ORTHOPEDICS,CLINICAL NEUROLOGY(JIF Q1/JCI Q1) | ORTHOPEDICS(JIF Q1/JCI Q1),ELSEVIER SCIENCE INC,Elsevier,是,SCIE,混合为主,"订阅路线通常无APC；Gold OA常见 USD 2,200-4,200",中,https://www.elsevier.com/open-access/agreements,https://www.google.com/search?q=Spine+Journal+aims+scope+instructions+for+authors+APC
358,2-Q1且IF小于10,3,BJPsych Open,BJPSYCH OPEN,2056-4724,2056-4724,4.0,4.6,Q1,69/293,Q2,Q2,0.94,76.6,219.0,5248.0,PSYCHIATRY,PSYCHIATRY(JIF Q1/JCI Q2),CAMBRIDGE UNIV PRESS,Cambridge UP,是,"SCIE, SSCI",混合为主,订阅路线通常无APC；Gold OA因刊而异,中,https://www.cambridge.org/core/open-research/open-access,https://www.google.com/search?q=BJPsych+Open+aims+scope+instructions+for+authors+APC
359,2-Q1且IF小于10,3,JOURNAL OF PEDIATRICS,J PEDIATR-US,0022-3476,1097-6833,3.6,4.0,Q1,19/190,Q1,Q1,1.57,90.3,219.0,32922.0,PEDIATRICS,PEDIATRICS(JIF Q1/JCI Q1),MOSBY-ELSEVIER,Elsevier,是,SCIE,混合为主,"订阅路线通常无APC；Gold OA常见 USD 2,200-4,200",中,https://www.elsevier.com/open-access/agreements,https://www.google.com/search?q=JOURNAL+OF+PEDIATRICS+aims+scope+instructions+for+authors+APC
360,2-Q1且IF小于10,3,INFLAMMOPHARMACOLOGY,INFLAMMOPHARMACOLOGY,0925-4692,1568-5608,6.3,6.0,Q1,11/106,Q1,Q1,1.14,90.1,217.0,8675.0,IMMUNOLOGY; TOXICOLOGY,IMMUNOLOGY(JIF Q1/JCI Q1) | TOXICOLOGY(JIF Q1/JCI Q1),SPRINGER BASEL AG,Springer,是,SCIE,混合为主,"订阅路线通常无APC；选OA约 USD 2,790-4,290",中,https://www.springer.com/gp/open-access,https://www.google.com/search?q=INFLAMMOPHARMACOLOGY+aims+scope+instructions+for+authors+APC
361,2-Q1且IF小于10,3,ANESTHESIA AND ANALGESIA,ANESTH ANALG,0003-2999,1526-7598,4.7,5.6,Q1,9/72,Q1,Q1,1.73,88.2,217.0,31686.0,ANESTHESIOLOGY,ANESTHESIOLOGY(JIF Q1/JCI Q1),LIPPINCOTT WILLIAMS & WILKINS,Wolters Kluwer/LWW,是,SCIE,混合为主,"订阅路线通常无APC；OA常见 USD 2,000-4,000；MEDICINE已拉黑",中,https://wkauthorservices.editage.com/open-access/,https://www.google.com/search?q=ANESTHESIA+AND+ANALGESIA+aims+scope+instructions+for+authors+APC
362,2-Q1且IF小于10,3,Archives of Medical Science,ARCH MED SCI,1734-1922,1896-9151,3.6,3.3,Q1,64/336,Q1,Q1,0.82,81.1,217.0,5892.0,"MEDICINE, GENERAL & INTERNAL","MEDICINE, GENERAL & INTERNAL(JIF Q1/JCI Q1)",TERMEDIA PUBLISHING HOUSE LTD,其他,是,SCIE,需核实,请查期刊官网 Author / Open Access 页面,未知,,https://www.google.com/search?q=Archives+of+Medical+Science+aims+scope+instructions+for+authors+APC
363,2-Q1且IF小于10,3,AMERICAN JOURNAL OF GASTROENTEROLOGY,AM J GASTROENTEROL,0002-9270,1572-0241,8.5,9.4,Q1,15/153,Q1,Q1,1.8,90.5,216.0,35562.0,GASTROENTEROLOGY & HEPATOLOGY,GASTROENTEROLOGY & HEPATOLOGY(JIF Q1/JCI Q1),LIPPINCOTT WILLIAMS & WILKINS,Wolters Kluwer/LWW,是,SCIE,混合为主,"订阅路线通常无APC；OA常见 USD 2,000-4,000；MEDICINE已拉黑",中,https://wkauthorservices.editage.com/open-access/,https://www.google.com/search?q=AMERICAN+JOURNAL+OF+GASTROENTEROLOGY+aims+scope+instructions+for+authors+APC
364,2-Q1且IF小于10,3,JNCI-Journal of the National Cancer Institute,JNCI-J NATL CANCER I,0027-8874,1460-2105,7.7,9.3,Q1,49/333,Q1,Q1,1.52,85.4,216.0,33971.0,ONCOLOGY,ONCOLOGY(JIF Q1/JCI Q1),OXFORD UNIV PRESS INC,Oxford UP,是,SCIE,混合为主,订阅路线通常无APC；可选OA，费用因刊而异,中,https://academic.oup.com/pages/open-research/open-access,https://www.google.com/search?q=JNCI-Journal+of+the+National+Cancer+Institute+aims+scope+instructions+for+authors+APC
365,2-Q1且IF小于10,3,ANNALS OF THORACIC SURGERY,ANN THORAC SURG,0003-4975,1552-6259,5.3,4.1,Q1,17/321,Q1,Q1,1.62,94.9,216.0,34197.0,CARDIAC & CARDIOVASCULAR SYSTEMS; RESPIRATORY SYSTEM; SURGERY,CARDIAC & CARDIOVASCULAR SYSTEMS(JIF Q1/JCI Q1) | RESPIRATORY SYSTEM(JIF Q1/JCI Q1) | SURGERY(JIF Q1/JCI Q1),ELSEVIER SCIENCE INC,Elsevier,是,SCIE,混合为主,"订阅路线通常无APC；Gold OA常见 USD 2,200-4,200",中,https://www.elsevier.com/open-access/agreements,https://www.google.com/search?q=ANNALS+OF+THORACIC+SURGERY+aims+scope+instructions+for+authors+APC
366,2-Q1且IF小于10,3,EUROPEAN JOURNAL OF PHARMACEUTICS AND BIOPHARMACEUTICS,EUR J PHARM BIOPHARM,0939-6411,1873-3441,5.0,5.1,Q1,70/356,Q1,Q1,1.27,80.5,216.0,20068.0,PHARMACOLOGY & PHARMACY,PHARMACOLOGY & PHARMACY(JIF Q1/JCI Q1),ELSEVIER,Elsevier,是,SCIE,混合为主,"订阅路线通常无APC；Gold OA常见 USD 2,200-4,200",中,https://www.elsevier.com/open-access/agreements,https://www.google.com/search?q=EUROPEAN+JOURNAL+OF+PHARMACEUTICS+AND+BIOPHARMACEUTICS+aims+scope+instructions+for+authors+APC
367,2-Q1且IF小于10,3,JOURNAL OF GASTROINTESTINAL SURGERY,J GASTROINTEST SURG,1091-255X,1873-4626,2.8,2.9,Q1,67/321,Q1,Q1,1.06,79.3,216.0,11899.0,GASTROENTEROLOGY & HEPATOLOGY; SURGERY,GASTROENTEROLOGY & HEPATOLOGY(JIF Q2/JCI Q1) | SURGERY(JIF Q1/JCI Q1),ELSEVIER SCIENCE INC,Elsevier,是,SCIE,混合为主,"订阅路线通常无APC；Gold OA常见 USD 2,200-4,200",中,https://www.elsevier.com/open-access/agreements,https://www.google.com/search?q=JOURNAL+OF+GASTROINTESTINAL+SURGERY+aims+scope+instructions+for+authors+APC
368,2-Q1且IF小于10,3,ORAL ONCOLOGY,ORAL ONCOL,1368-8375,1879-0593,4.0,4.6,Q1,23/165,Q1,Q1,1.06,86.4,215.0,14171.0,"DENTISTRY, ORAL SURGERY & MEDICINE; ONCOLOGY","DENTISTRY, ORAL SURGERY & MEDICINE(JIF Q1/JCI Q2) | ONCOLOGY(JIF Q2/JCI Q1)",ELSEVIER,Elsevier,是,SCIE,混合为主,"订阅路线通常无APC；Gold OA常见 USD 2,200-4,200",中,https://www.elsevier.com/open-access/agreements,https://www.google.com/search?q=ORAL+ONCOLOGY+aims+scope+instructions+for+authors+APC
369,2-Q1且IF小于10,3,AMERICAN JOURNAL OF SPEECH-LANGUAGE PATHOLOGY,AM J SPEECH-LANG PAT,1058-0360,1558-9110,2.5,3.3,Q1,51/312,Q1,Q1,1.29,81.4,215.0,6689.0,AUDIOLOGY & SPEECH-LANGUAGE PATHOLOGY; REHABILITATION,AUDIOLOGY & SPEECH-LANGUAGE PATHOLOGY(JIF Q1/JCI Q1) | REHABILITATION(JIF Q1/JCI Q1),AMER SPEECH-LANGUAGE-HEARING ASSOC,其他,是,"SCIE; SSCI; SCIE, SSCI",需核实,请查期刊官网 Author / Open Access 页面,未知,,https://www.google.com/search?q=AMERICAN+JOURNAL+OF+SPEECH-LANGUAGE+PATHOLOGY+aims+scope+instructions+for+authors+APC
370,2-Q1且IF小于10,3,Environmental Toxicology and Pharmacology,ENVIRON TOXICOL PHAR,1382-6689,1872-7077,4.6,4.5,Q1,23/106,Q1,Q1,1.06,78.8,214.0,11288.0,PHARMACOLOGY & PHARMACY; TOXICOLOGY,PHARMACOLOGY & PHARMACY(JIF Q1/JCI Q1) | TOXICOLOGY(JIF Q1/JCI Q1),ELSEVIER,Elsevier,是,SCIE,混合为主,"订阅路线通常无APC；Gold OA常见 USD 2,200-4,200",中,https://www.elsevier.com/open-access/agreements,https://www.google.com/search?q=Environmental+Toxicology+and+Pharmacology+aims+scope+instructions+for+authors+APC
371,2-Q1且IF小于10,3,PHILOSOPHICAL TRANSACTIONS OF THE ROYAL SOCIETY A-MATHEMATICAL PHYSICAL AND ENGINEERING SCIENCES,PHILOS T R SOC A,1364-503X,1471-2962,3.7,4.8,Q1,32/140,Q1,Q1,0.93,77.5,214.0,29724.0,MULTIDISCIPLINARY SCIENCES,MULTIDISCIPLINARY SCIENCES(JIF Q1/JCI Q1),ROYAL SOC,其他,是,SCIE,需核实,请查期刊官网 Author / Open Access 页面,未知,,https://www.google.com/search?q=PHILOSOPHICAL+TRANSACTIONS+OF+THE+ROYAL+SOCIETY+A-MATHEMATICAL+PHYSICAL+AND+ENGINEERING+SCIENCES+aims+scope+instructions+for+authors+APC
372,2-Q1且IF小于10,3,EUROPEAN JOURNAL OF PUBLIC HEALTH,EUR J PUBLIC HEALTH,1101-1262,1464-360X,5.2,5.0,Q1,46/443,Q2,Q2,0.91,89.7,210.0,11910.0,"PUBLIC, ENVIRONMENTAL & OCCUPATIONAL HEALTH","PUBLIC, ENVIRONMENTAL & OCCUPATIONAL HEALTH(JIF Q1/JCI Q2)",OXFORD UNIV PRESS,Oxford UP,是,"SCIE, SSCI",混合为主,订阅路线通常无APC；可选OA，费用因刊而异,中,https://academic.oup.com/pages/open-research/open-access,https://www.google.com/search?q=EUROPEAN+JOURNAL+OF+PUBLIC+HEALTH+aims+scope+instructions+for+authors+APC
373,2-Q1且IF小于10,3,Hernia,HERNIA,1265-4906,1248-9204,2.7,2.9,Q1,73/321,Q1,Q1,1.14,77.4,210.0,6423.0,SURGERY,SURGERY(JIF Q1/JCI Q1),SPRINGER,Springer,是,SCIE,混合为主,"订阅路线通常无APC；选OA约 USD 2,790-4,290",中,https://www.springer.com/gp/open-access,https://www.google.com/search?q=Hernia+aims+scope+instructions+for+authors+APC
374,2-Q1且IF小于10,3,PEDIATRIC RADIOLOGY,PEDIATR RADIOL,0301-0449,1432-1998,2.5,2.6,Q1,43/190,Q2,Q2,0.84,77.6,210.0,8359.0,"PEDIATRICS; RADIOLOGY, NUCLEAR MEDICINE & MEDICAL IMAGING","PEDIATRICS(JIF Q1/JCI Q2) | RADIOLOGY, NUCLEAR MEDICINE & MEDICAL IMAGING(JIF Q2/JCI Q2)",SPRINGER,Springer,是,SCIE,混合为主,"订阅路线通常无APC；选OA约 USD 2,790-4,290",中,https://www.springer.com/gp/open-access,https://www.google.com/search?q=PEDIATRIC+RADIOLOGY+aims+scope+instructions+for+authors+APC
375,2-Q1且IF小于10,3,DEVELOPMENTAL CELL,DEV CELL,1534-5807,1878-1551,9.2,11.9,Q1,2/39,Q1,Q1,2.24,84.8,209.0,37205.0,CELL BIOLOGY,CELL BIOLOGY(JIF Q1/JCI Q1),CELL PRESS,其他,是,SCIE,需核实,请查期刊官网 Author / Open Access 页面,未知,,https://www.google.com/search?q=DEVELOPMENTAL+CELL+aims+scope+instructions+for+authors+APC
376,2-Q1且IF小于10,3,CIRCULATION JOURNAL,CIRC J,1346-9843,1347-4820,5.8,4.4,Q1,41/237,Q1,Q1,1.16,82.9,208.0,11553.0,CARDIAC & CARDIOVASCULAR SYSTEMS,CARDIAC & CARDIOVASCULAR SYSTEMS(JIF Q1/JCI Q1),JAPANESE CIRCULATION SOC,其他,是,SCIE,需核实,请查期刊官网 Author / Open Access 页面,未知,,https://www.google.com/search?q=CIRCULATION+JOURNAL+aims+scope+instructions+for+authors+APC
377,2-Q1且IF小于10,3,JOURNAL OF CLINICAL EPIDEMIOLOGY,J CLIN EPIDEMIOL,0895-4356,1878-5921,5.8,8.2,Q1,37/443,Q1,Q1,1.45,91.8,207.0,47404.0,"HEALTH CARE SCIENCES & SERVICES; PUBLIC, ENVIRONMENTAL & OCCUPATIONAL HEALTH","HEALTH CARE SCIENCES & SERVICES(JIF Q1/JCI Q1) | PUBLIC, ENVIRONMENTAL & OCCUPATIONAL HEALTH(JIF Q1/JCI Q1)",ELSEVIER SCIENCE INC,Elsevier,是,SCIE,混合为主,"订阅路线通常无APC；Gold OA常见 USD 2,200-4,200",中,https://www.elsevier.com/open-access/agreements,https://www.google.com/search?q=JOURNAL+OF+CLINICAL+EPIDEMIOLOGY+aims+scope+instructions+for+authors+APC
378,2-Q1且IF小于10,3,FOOD MICROBIOLOGY,FOOD MICROBIOL,0740-0020,1095-9998,5.4,5.5,Q1,37/167,Q1,Q1,1.14,78.1,207.0,15812.0,BIOTECHNOLOGY & APPLIED MICROBIOLOGY; MICROBIOLOGY,BIOTECHNOLOGY & APPLIED MICROBIOLOGY(JIF Q1/JCI Q1) | MICROBIOLOGY(JIF Q1/JCI Q1),ACADEMIC PRESS LTD- ELSEVIER SCIENCE LTD,Elsevier,是,SCIE,混合为主,"订阅路线通常无APC；Gold OA常见 USD 2,200-4,200",中,https://www.elsevier.com/open-access/agreements,https://www.google.com/search?q=FOOD+MICROBIOLOGY+aims+scope+instructions+for+authors+APC
379,2-Q1且IF小于10,3,ACADEMIC MEDICINE,ACAD MED,1040-2446,1938-808X,4.5,5.8,Q1,11/89,Q1,Q1,1.66,82.7,207.0,24475.0,HEALTH CARE SCIENCES & SERVICES,HEALTH CARE SCIENCES & SERVICES(JIF Q1/JCI Q1),OXFORD UNIV PRESS,Oxford UP,是,SCIE,混合为主,订阅路线通常无APC；可选OA，费用因刊而异,中,https://academic.oup.com/pages/open-research/open-access,https://www.google.com/search?q=ACADEMIC+MEDICINE+aims+scope+instructions+for+authors+APC
380,2-Q1且IF小于10,3,JOURNAL OF PAIN,J PAIN,1526-5900,1528-8447,4.4,4.9,Q1,54/296,Q1,Q1,1.14,81.9,207.0,15525.0,CLINICAL NEUROLOGY; NEUROSCIENCES,CLINICAL NEUROLOGY(JIF Q1/JCI Q1) | NEUROSCIENCES(JIF Q2/JCI Q1),CHURCHILL LIVINGSTONE,Elsevier,是,SCIE,混合为主,"订阅路线通常无APC；Gold OA常见 USD 2,200-4,200",中,https://www.elsevier.com/open-access/agreements,https://www.google.com/search?q=JOURNAL+OF+PAIN+aims+scope+instructions+for+authors+APC
381,2-Q1且IF小于10,3,HEARING RESEARCH,HEARING RES,0378-5955,1878-5891,3.0,3.2,Q1,3/35,Q1,Q1,1.23,92.9,206.0,10766.0,AUDIOLOGY & SPEECH-LANGUAGE PATHOLOGY; NEUROSCIENCES; OTORHINOLARYNGOLOGY,AUDIOLOGY & SPEECH-LANGUAGE PATHOLOGY(JIF Q1/JCI Q1) | NEUROSCIENCES(JIF Q3/JCI Q1) | OTORHINOLARYNGOLOGY(JIF Q1/JCI Q1),ELSEVIER,Elsevier,是,SCIE,混合为主,"订阅路线通常无APC；Gold OA常见 USD 2,200-4,200",中,https://www.elsevier.com/open-access/agreements,https://www.google.com/search?q=HEARING+RESEARCH+aims+scope+instructions+for+authors+APC
382,2-Q1且IF小于10,3,JOURNAL OF DENTAL RESEARCH,J DENT RES,0022-0345,1544-0591,6.6,7.8,Q1,5/165,Q1,Q1,2.3,97.3,205.0,26196.0,"DENTISTRY, ORAL SURGERY & MEDICINE","DENTISTRY, ORAL SURGERY & MEDICINE(JIF Q1/JCI Q1)",SAGE PUBLICATIONS INC,SAGE,是,SCIE,混合为主,"订阅路线通常无APC；SAGE Choice常见 USD 2,000-4,000",中,https://us.sagepub.com/en-us/nam/sage-choice,https://www.google.com/search?q=JOURNAL+OF+DENTAL+RESEARCH+aims+scope+instructions+for+authors+APC
383,2-Q1且IF小于10,3,Nursing Open,NURS OPEN,2054-1058,2054-1058,3.1,3.6,Q1,28/194,Q1,Q1,1.1,85.8,204.0,7846.0,NURSING,NURSING(JIF Q1/JCI Q1),WILEY,Wiley,是,"SCIE, SSCI",混合为主,"订阅路线通常无APC；OnlineOpen常见 USD 3,200-4,700",中,https://authorservices.wiley.com/author-resources/Journal-Authors/open-access/article-publication-charges.html,https://www.google.com/search?q=Nursing+Open+aims+scope+instructions+for+authors+APC
384,2-Q1且IF小于10,3,GENOME RESEARCH,GENOME RES,1088-9051,1549-5469,6.3,7.2,Q1,23/192,Q1,Q1,1.35,88.3,203.0,43894.0,BIOCHEMISTRY & MOLECULAR BIOLOGY; BIOTECHNOLOGY & APPLIED MICROBIOLOGY; GENETICS & HEREDITY,BIOCHEMISTRY & MOLECULAR BIOLOGY(JIF Q1/JCI Q1) | BIOTECHNOLOGY & APPLIED MICROBIOLOGY(JIF Q1/JCI Q1) | GENETICS & HEREDITY(JIF Q1/JCI Q1),"COLD SPRING HARBOR LAB PRESS, PUBLICATIONS DEPT",其他,是,SCIE,需核实,请查期刊官网 Author / Open Access 页面,未知,,https://www.google.com/search?q=GENOME+RESEARCH+aims+scope+instructions+for+authors+APC
385,2-Q1且IF小于10,3,ADDICTION,ADDICTION,0965-2140,1360-0443,5.9,6.1,Q1,2/61,Q1,Q1,1.57,97.5,203.0,21047.0,PSYCHIATRY; SUBSTANCE ABUSE,PSYCHIATRY(JIF Q1/JCI Q1) | SUBSTANCE ABUSE(JIF Q1/JCI Q1),WILEY,Wiley,是,"SCIE, SSCI",混合为主,"订阅路线通常无APC；OnlineOpen常见 USD 3,200-4,700",中,https://authorservices.wiley.com/author-resources/Journal-Authors/open-access/article-publication-charges.html,https://www.google.com/search?q=ADDICTION+aims+scope+instructions+for+authors+APC
386,2-Q1且IF小于10,3,AAPS PHARMSCITECH,AAPS PHARMSCITECH,1530-9932,1530-9932,5.1,4.4,Q1,65/356,Q1,Q1,1.03,81.9,203.0,14229.0,PHARMACOLOGY & PHARMACY,PHARMACOLOGY & PHARMACY(JIF Q1/JCI Q1),SPRINGER,Springer,是,SCIE,混合为主,"订阅路线通常无APC；选OA约 USD 2,790-4,290",中,https://www.springer.com/gp/open-access,https://www.google.com/search?q=AAPS+PHARMSCITECH+aims+scope+instructions+for+authors+APC
387,2-Q1且IF小于10,3,World Journal of Diabetes,WORLD J DIABETES,,1948-9358,5.1,5.9,Q1,46/198,Q2,Q2,0.75,77.0,203.0,6498.0,ENDOCRINOLOGY & METABOLISM,ENDOCRINOLOGY & METABOLISM(JIF Q1/JCI Q2),BAISHIDENG PUBLISHING GROUP INC,其他,是,SCIE,需核实,请查期刊官网 Author / Open Access 页面,未知,,https://www.google.com/search?q=World+Journal+of+Diabetes+aims+scope+instructions+for+authors+APC
388,2-Q1且IF小于10,3,Hepatology Communications,HEPATOL COMMUN,,2471-254X,6.0,5.9,Q1,26/153,Q1,Q1,1.26,83.3,200.0,8254.0,GASTROENTEROLOGY & HEPATOLOGY,GASTROENTEROLOGY & HEPATOLOGY(JIF Q1/JCI Q1),LIPPINCOTT WILLIAMS & WILKINS,Wolters Kluwer/LWW,是,SCIE,混合为主,"订阅路线通常无APC；OA常见 USD 2,000-4,000；MEDICINE已拉黑",中,https://wkauthorservices.editage.com/open-access/,https://www.google.com/search?q=Hepatology+Communications+aims+scope+instructions+for+authors+APC
389,2-Q1且IF小于10,3,EUROPEAN CHILD & ADOLESCENT PSYCHIATRY,EUR CHILD ADOLES PSY,1018-8827,1435-165X,4.4,6.3,Q1,9/190,Q1,Q1,1.46,95.5,200.0,12876.0,PEDIATRICS; PSYCHIATRY,PEDIATRICS(JIF Q1/JCI Q1) | PSYCHIATRY(JIF Q1/JCI Q1),SPRINGER,Springer,是,"SCIE; SCIE, SSCI; SSCI",混合为主,"订阅路线通常无APC；选OA约 USD 2,790-4,290",中,https://www.springer.com/gp/open-access,https://www.google.com/search?q=EUROPEAN+CHILD+&+ADOLESCENT+PSYCHIATRY+aims+scope+instructions+for+authors+APC
390,2-Q1且IF小于10,3,Clinical Epigenetics,CLIN EPIGENETICS,1868-7075,1868-7083,5.7,6.0,Q1,30/192,Q1,Q1,1.12,84.6,198.0,10152.0,GENETICS & HEREDITY; ONCOLOGY,GENETICS & HEREDITY(JIF Q1/JCI Q1) | ONCOLOGY(JIF Q1/JCI Q1),BMC,BMC,是,SCIE,全OA,"约 USD 1,990-2,890（旗舰刊更高）",高,https://www.biomedcentral.com/getpublished/article-processing-charges,https://www.google.com/search?q=Clinical+Epigenetics+aims+scope+instructions+for+authors+APC
391,2-Q1且IF小于10,3,Harm Reduction Journal,HARM REDUCT J,,1477-7517,4.2,4.6,Q1,5/61,Q1,Q1,1.46,92.6,195.0,5191.0,SUBSTANCE ABUSE,SUBSTANCE ABUSE(JIF Q1/JCI Q1),BMC,BMC,否,SSCI,全OA,"约 USD 1,990-2,890（旗舰刊更高）",高,https://www.biomedcentral.com/getpublished/article-processing-charges,https://www.google.com/search?q=Harm+Reduction+Journal+aims+scope+instructions+for+authors+APC
392,2-Q1且IF小于10,3,HEART,HEART,1355-6037,1468-201X,4.4,5.1,Q1,57/237,Q1,Q1,1.09,76.2,192.0,19455.0,CARDIAC & CARDIOVASCULAR SYSTEMS,CARDIAC & CARDIOVASCULAR SYSTEMS(JIF Q1/JCI Q1),BMJ PUBLISHING GROUP,BMJ,是,SCIE,混合/全OA,"BMJ Open约GBP 2,175；旗舰刊更高",高,https://authors.bmj.com/open-access/,https://www.google.com/search?q=HEART+aims+scope+instructions+for+authors+APC
393,2-Q1且IF小于10,3,Nutrition Journal,NUTR J,,1475-2891,5.7,5.7,Q1,20/114,Q1,Q1,0.98,82.9,186.0,8424.0,NUTRITION & DIETETICS,NUTRITION & DIETETICS(JIF Q1/JCI Q1),BMC,BMC,是,SCIE,全OA,"约 USD 1,990-2,890（旗舰刊更高）",高,https://www.biomedcentral.com/getpublished/article-processing-charges,https://www.google.com/search?q=Nutrition+Journal+aims+scope+instructions+for+authors+APC
394,2-Q1且IF小于10,3,Radiation Oncology,RADIAT ONCOL,,1748-717X,3.6,3.9,Q1,51/217,Q2,Q2,0.85,76.7,183.0,9665.0,"ONCOLOGY; RADIOLOGY, NUCLEAR MEDICINE & MEDICAL IMAGING","ONCOLOGY(JIF Q2/JCI Q2) | RADIOLOGY, NUCLEAR MEDICINE & MEDICAL IMAGING(JIF Q1/JCI Q2)",BMC,BMC,是,SCIE,全OA,"约 USD 1,990-2,890（旗舰刊更高）",高,https://www.biomedcentral.com/getpublished/article-processing-charges,https://www.google.com/search?q=Radiation+Oncology+aims+scope+instructions+for+authors+APC
395,2-Q1且IF小于10,3,Environmental Microbiome,ENVIRON MICROBIOME,,2524-6372,6.2,7.3,Q1,24/192,Q1,Q1,1.54,87.8,179.0,2421.0,GENETICS & HEREDITY; MICROBIOLOGY,GENETICS & HEREDITY(JIF Q1/JCI Q1) | MICROBIOLOGY(JIF Q1/JCI Q1),BMC,BMC,是,SCIE,全OA,"约 USD 1,990-2,890（旗舰刊更高）",高,https://www.biomedcentral.com/getpublished/article-processing-charges,https://www.google.com/search?q=Environmental+Microbiome+aims+scope+instructions+for+authors+APC
396,2-Q1且IF小于10,3,Tropical Medicine and Health,TROP MED HEALTH,1348-8945,1349-4147,3.9,3.8,Q1,2/27,Q1,Q1,1.26,94.4,179.0,2447.0,TROPICAL MEDICINE,TROPICAL MEDICINE(JIF Q1/JCI Q1),BMC,BMC,是,SCIE,全OA,"约 USD 1,990-2,890（旗舰刊更高）",高,https://www.biomedcentral.com/getpublished/article-processing-charges,https://www.google.com/search?q=Tropical+Medicine+and+Health+aims+scope+instructions+for+authors+APC
397,2-Q1且IF小于10,3,Clinics and Practice,CLINICS PRACT,2039-7275,2039-7283,2.8,2.4,Q1,80/336,Q2,Q2,0.68,76.3,179.0,1997.0,"MEDICINE, GENERAL & INTERNAL","MEDICINE, GENERAL & INTERNAL(JIF Q1/JCI Q2)",MDPI,MDPI,否,ESCI,全OA,"约 CHF 1,600-2,900（如 JCM=CHF 2,600）",高,https://www.mdpi.com/about/apc,https://www.google.com/search?q=Clinics+and+Practice+aims+scope+instructions+for+authors+APC
398,2-Q1且IF小于10,3,BMJ Open Sport & Exercise Medicine,BMJ OPEN SPORT EXERC,,2055-7647,3.2,4.0,Q1,32/136,Q1,Q1,1.0,76.8,174.0,4143.0,SPORT SCIENCES,SPORT SCIENCES(JIF Q1/JCI Q1),BMJ PUBLISHING GROUP,BMJ,否,ESCI,混合/全OA,"BMJ Open约GBP 2,175；旗舰刊更高",高,https://authors.bmj.com/open-access/,https://www.google.com/search?q=BMJ+Open+Sport+&+Exercise+Medicine+aims+scope+instructions+for+authors+APC
399,2-Q1且IF小于10,3,BMC Medical Ethics,BMC MED ETHICS,1472-6939,1472-6939,3.8,4.3,Q1,9/78,Q1,Q1,1.35,88.5,171.0,5317.0,"MEDICAL ETHICS; SOCIAL SCIENCES, BIOMEDICAL","MEDICAL ETHICS(JIF Q1/JCI Q1) | SOCIAL SCIENCES, BIOMEDICAL(JIF Q1/JCI Q1)",BMC,BMC,是,SSCI; SCIE,全OA,"约 USD 1,990-2,890（旗舰刊更高）",高,https://www.biomedcentral.com/getpublished/article-processing-charges,https://www.google.com/search?q=BMC+Medical+Ethics+aims+scope+instructions+for+authors+APC
400,2-Q1且IF小于10,3,Chinese Medicine,CHIN MED-UK,1749-8546,1749-8546,7.4,7.2,Q1,29/356,Q1,Q1,1.49,92.0,168.0,7865.0,INTEGRATIVE & COMPLEMENTARY MEDICINE; PHARMACOLOGY & PHARMACY,INTEGRATIVE & COMPLEMENTARY MEDICINE(JIF Q1/JCI Q1) | PHARMACOLOGY & PHARMACY(JIF Q1/JCI Q1),BMC,BMC,是,SCIE,全OA,"约 USD 1,990-2,890（旗舰刊更高）",高,https://www.biomedcentral.com/getpublished/article-processing-charges,https://www.google.com/search?q=Chinese+Medicine+aims+scope+instructions+for+authors+APC
401,2-Q1且IF小于10,3,TOBACCO CONTROL,TOB CONTROL,0964-4563,1468-3318,3.3,3.8,Q1,12/61,Q1,Q1,1.3,81.1,161.0,8517.0,"PUBLIC, ENVIRONMENTAL & OCCUPATIONAL HEALTH; SUBSTANCE ABUSE","PUBLIC, ENVIRONMENTAL & OCCUPATIONAL HEALTH(JIF Q2/JCI Q1) | SUBSTANCE ABUSE(JIF Q1/JCI Q1)",BMJ PUBLISHING GROUP,BMJ,是,"SCIE, SSCI",混合/全OA,"BMJ Open约GBP 2,175；旗舰刊更高",高,https://authors.bmj.com/open-access/,https://www.google.com/search?q=TOBACCO+CONTROL+aims+scope+instructions+for+authors+APC
402,2-Q1且IF小于10,3,PLOS MEDICINE,PLOS MED,1549-1277,1549-1676,9.9,11.6,Q1,16/336,Q1,Q1,2.82,95.4,153.0,46452.0,"MEDICINE, GENERAL & INTERNAL","MEDICINE, GENERAL & INTERNAL(JIF Q1/JCI Q1)",PUBLIC LIBRARY SCIENCE,PLOS,是,SCIE,全OA,专科刊费用因刊而异或走CAP；PLoS One已拉黑,高,https://plos.org/publish/fees/,https://www.google.com/search?q=PLOS+MEDICINE+aims+scope+instructions+for+authors+APC
403,2-Q1且IF小于10,3,Sci,SCI-BASEL,,2413-4155,4.1,,Q1,28/140,Q2,Q2,0.5,80.4,153.0,957.0,MULTIDISCIPLINARY SCIENCES,MULTIDISCIPLINARY SCIENCES(JIF Q1/JCI Q2),MDPI,MDPI,否,ESCI,全OA,"约 CHF 1,600-2,900（如 JCM=CHF 2,600）",高,https://www.mdpi.com/about/apc,https://www.google.com/search?q=Sci+aims+scope+instructions+for+authors+APC
404,2-Q1且IF小于10,3,Frontiers in Bioinformatics,FRONT BIOINFORM,,2673-7647,3.6,4.3,Q1,13/67,Q1,Q1,0.84,81.3,150.0,1615.0,MATHEMATICAL & COMPUTATIONAL BIOLOGY,MATHEMATICAL & COMPUTATIONAL BIOLOGY(JIF Q1/JCI Q1),FRONTIERS MEDIA SA,Frontiers,否,ESCI,全OA,"约 CHF 1,495-3,150（Frontiers in Medicine A类=CHF 3,150）",高,https://www.frontiersin.org/about/fee-policy,https://www.google.com/search?q=Frontiers+in+Bioinformatics+aims+scope+instructions+for+authors+APC
405,2-Q1且IF小于10,3,Antimicrobial Resistance and Infection Control,ANTIMICROB RESIST IN,2047-2994,2047-2994,5.2,5.7,Q1,46/443,Q1,Q1,1.15,89.7,147.0,8017.0,"INFECTIOUS DISEASES; MICROBIOLOGY; PUBLIC, ENVIRONMENTAL & OCCUPATIONAL HEALTH","INFECTIOUS DISEASES(JIF Q1/JCI Q1) | MICROBIOLOGY(JIF Q2/JCI Q1) | PUBLIC, ENVIRONMENTAL & OCCUPATIONAL HEALTH(JIF Q1/JCI Q1)",BMC,BMC,是,SCIE,全OA,"约 USD 1,990-2,890（旗舰刊更高）",高,https://www.biomedcentral.com/getpublished/article-processing-charges,https://www.google.com/search?q=Antimicrobial+Resistance+and+Infection+Control+aims+scope+instructions+for+authors+APC
406,2-Q1且IF小于10,3,Journal of Xenobiotics,J XENOBIOTICS,2039-4705,2039-4713,4.6,5.8,Q1,23/106,Q2,Q2,0.93,78.8,147.0,1615.0,TOXICOLOGY,TOXICOLOGY(JIF Q1/JCI Q2),MDPI,MDPI,否,ESCI,全OA,"约 CHF 1,600-2,900（如 JCM=CHF 2,600）",高,https://www.mdpi.com/about/apc,https://www.google.com/search?q=Journal+of+Xenobiotics+aims+scope+instructions+for+authors+APC
407,2-Q1且IF小于10,3,CANCER IMAGING,CANCER IMAGING,1740-5025,1470-7330,4.8,4.8,Q1,33/217,Q1,Q1,1.1,85.0,146.0,4225.0,"ONCOLOGY; RADIOLOGY, NUCLEAR MEDICINE & MEDICAL IMAGING","ONCOLOGY(JIF Q2/JCI Q1) | RADIOLOGY, NUCLEAR MEDICINE & MEDICAL IMAGING(JIF Q1/JCI Q1)",BMC,BMC,是,SCIE,全OA,"约 USD 1,990-2,890（旗舰刊更高）",高,https://www.biomedcentral.com/getpublished/article-processing-charges,https://www.google.com/search?q=CANCER+IMAGING+aims+scope+instructions+for+authors+APC
408,2-Q1且IF小于10,3,Lupus Science & Medicine,LUPUS SCI MED,2053-8790,2053-8790,4.2,4.3,Q1,13/58,Q1,Q1,1.21,78.4,146.0,2492.0,RHEUMATOLOGY,RHEUMATOLOGY(JIF Q1/JCI Q1),BMJ PUBLISHING GROUP,BMJ,是,SCIE,混合/全OA,"BMJ Open约GBP 2,175；旗舰刊更高",高,https://authors.bmj.com/open-access/,https://www.google.com/search?q=Lupus+Science+&+Medicine+aims+scope+instructions+for+authors+APC
409,2-Q1且IF小于10,3,Scandinavian Journal of Trauma Resuscitation & Emergency Medicine,SCAND J TRAUMA RESUS,1757-7241,1757-7241,3.6,3.8,Q1,10/55,Q1,Q1,1.55,82.7,140.0,4859.0,EMERGENCY MEDICINE,EMERGENCY MEDICINE(JIF Q1/JCI Q1),BMC,BMC,是,SCIE,全OA,"约 USD 1,990-2,890（旗舰刊更高）",高,https://www.biomedcentral.com/getpublished/article-processing-charges,https://www.google.com/search?q=Scandinavian+Journal+of+Trauma+Resuscitation+&+Emergency+Medicine+aims+scope+instructions+for+authors+APC
410,2-Q1且IF小于10,3,Child and Adolescent Psychiatry and Mental Health,CHILD ADOL PSYCH MEN,,1753-2000,4.9,5.4,Q1,6/190,Q1,Q1,1.74,97.1,136.0,4715.0,PEDIATRICS; PSYCHIATRY,PEDIATRICS(JIF Q1/JCI Q1) | PSYCHIATRY(JIF Q1/JCI Q1),BMC,BMC,是,"SCIE; SCIE, SSCI",全OA,"约 USD 1,990-2,890（旗舰刊更高）",高,https://www.biomedcentral.com/getpublished/article-processing-charges,https://www.google.com/search?q=Child+and+Adolescent+Psychiatry+and+Mental+Health+aims+scope+instructions+for+authors+APC
411,2-Q1且IF小于10,3,Health Research Policy and Systems,HEALTH RES POLICY SY,1478-4505,1478-4505,3.8,5.2,Q1,17/125,Q1,Q1,1.18,86.8,132.0,6398.0,HEALTH POLICY & SERVICES,HEALTH POLICY & SERVICES(JIF Q1/JCI Q1),BMC,BMC,否,SSCI,全OA,"约 USD 1,990-2,890（旗舰刊更高）",高,https://www.biomedcentral.com/getpublished/article-processing-charges,https://www.google.com/search?q=Health+Research+Policy+and+Systems+aims+scope+instructions+for+authors+APC
412,2-Q1且IF小于10,3,International Journal of Retina and Vitreous,INT J RETINA VITR,,2056-9920,3.8,3.0,Q1,21/98,Q2,Q2,1.07,79.1,131.0,1729.0,OPHTHALMOLOGY,OPHTHALMOLOGY(JIF Q1/JCI Q2),BMC,BMC,否,ESCI,全OA,"约 USD 1,990-2,890（旗舰刊更高）",高,https://www.biomedcentral.com/getpublished/article-processing-charges,https://www.google.com/search?q=International+Journal+of+Retina+and+Vitreous+aims+scope+instructions+for+authors+APC
413,2-Q1且IF小于10,3,Cell and Bioscience,CELL BIOSCI,,2045-3701,6.5,7.1,Q1,54/328,Q1,Q1,1.02,83.7,130.0,9038.0,BIOCHEMISTRY & MOLECULAR BIOLOGY,BIOCHEMISTRY & MOLECULAR BIOLOGY(JIF Q1/JCI Q1),BMC,BMC,是,SCIE,全OA,"约 USD 1,990-2,890（旗舰刊更高）",高,https://www.biomedcentral.com/getpublished/article-processing-charges,https://www.google.com/search?q=Cell+and+Bioscience+aims+scope+instructions+for+authors+APC
414,2-Q1且IF小于10,3,Diagnostic Pathology,DIAGN PATHOL,,1746-1596,3.5,3.0,Q1,22/89,Q2,Q2,1.05,75.8,129.0,6228.0,PATHOLOGY,PATHOLOGY(JIF Q1/JCI Q2),BMC,BMC,是,SCIE,全OA,"约 USD 1,990-2,890（旗舰刊更高）",高,https://www.biomedcentral.com/getpublished/article-processing-charges,https://www.google.com/search?q=Diagnostic+Pathology+aims+scope+instructions+for+authors+APC
415,2-Q1且IF小于10,3,Reproductive Biology and Endocrinology,REPROD BIOL ENDOCRIN,,1477-7827,5.7,5.6,Q1,5/44,Q1,Q1,1.23,89.8,127.0,10103.0,ENDOCRINOLOGY & METABOLISM; REPRODUCTIVE BIOLOGY,ENDOCRINOLOGY & METABOLISM(JIF Q1/JCI Q1) | REPRODUCTIVE BIOLOGY(JIF Q1/JCI Q1),BMC,BMC,是,SCIE,全OA,"约 USD 1,990-2,890（旗舰刊更高）",高,https://www.biomedcentral.com/getpublished/article-processing-charges,https://www.google.com/search?q=Reproductive+Biology+and+Endocrinology+aims+scope+instructions+for+authors+APC
416,2-Q1且IF小于10,3,REGIONAL ANESTHESIA AND PAIN MEDICINE,REGION ANESTH PAIN M,1098-7339,1532-8651,4.0,4.6,Q1,12/72,Q1,Q1,1.37,84.0,127.0,8824.0,ANESTHESIOLOGY,ANESTHESIOLOGY(JIF Q1/JCI Q1),BMJ PUBLISHING GROUP,BMJ,是,SCIE,混合/全OA,"BMJ Open约GBP 2,175；旗舰刊更高",高,https://authors.bmj.com/open-access/,https://www.google.com/search?q=REGIONAL+ANESTHESIA+AND+PAIN+MEDICINE+aims+scope+instructions+for+authors+APC
417,2-Q1且IF小于10,3,Frontiers in Rehabilitation Sciences,FRONT REHABIL SCI,,2673-6861,2.5,2.6,Q1,36/175,Q2,Q2,0.88,79.7,127.0,1925.0,REHABILITATION,REHABILITATION(JIF Q1/JCI Q2),FRONTIERS MEDIA SA,Frontiers,否,ESCI,全OA,"约 CHF 1,495-3,150（Frontiers in Medicine A类=CHF 3,150）",高,https://www.frontiersin.org/about/fee-policy,https://www.google.com/search?q=Frontiers+in+Rehabilitation+Sciences+aims+scope+instructions+for+authors+APC
418,2-Q1且IF小于10,3,International Journal of Behavioral Nutrition and Physical Activity,INT J BEHAV NUTR PHY,,1479-5868,7.1,9.0,Q1,5/89,Q1,Q1,1.52,89.9,123.0,18657.0,NUTRITION & DIETETICS,NUTRITION & DIETETICS(JIF Q1/JCI Q1),BMC,BMC,是,SCIE,全OA,"约 USD 1,990-2,890（旗舰刊更高）",高,https://www.biomedcentral.com/getpublished/article-processing-charges,https://www.google.com/search?q=International+Journal+of+Behavioral+Nutrition+and+Physical+Activity+aims+scope+instructions+for+authors+APC
419,2-Q1且IF小于10,3,ARCHIVES OF DISEASE IN CHILDHOOD,ARCH DIS CHILD,0003-9888,1468-2044,3.4,3.6,Q1,23/190,Q1,Q1,1.29,88.2,123.0,13807.0,PEDIATRICS,PEDIATRICS(JIF Q1/JCI Q1),BMJ PUBLISHING GROUP,BMJ,是,SCIE,混合/全OA,"BMJ Open约GBP 2,175；旗舰刊更高",高,https://authors.bmj.com/open-access/,https://www.google.com/search?q=ARCHIVES+OF+DISEASE+IN+CHILDHOOD+aims+scope+instructions+for+authors+APC
420,2-Q1且IF小于10,3,BMJ Mental Health,BMJ MENTAL HEALTH,,2755-9734,6.6,6.6,Q1,23/293,Q1,Q1,1.44,92.3,118.0,1012.0,PSYCHIATRY,PSYCHIATRY(JIF Q1/JCI Q1),BMJ PUBLISHING GROUP,BMJ,是,SCIE,混合/全OA,"BMJ Open约GBP 2,175；旗舰刊更高",高,https://authors.bmj.com/open-access/,https://www.google.com/search?q=BMJ+Mental+Health+aims+scope+instructions+for+authors+APC
421,2-Q1且IF小于10,3,Health and Quality of Life Outcomes,HEALTH QUAL LIFE OUT,,1477-7525,3.9,4.9,Q1,15/125,Q1,Q1,1.16,88.4,118.0,16330.0,HEALTH CARE SCIENCES & SERVICES; HEALTH POLICY & SERVICES,HEALTH CARE SCIENCES & SERVICES(JIF Q1/JCI Q1) | HEALTH POLICY & SERVICES(JIF Q1/JCI Q1),BMC,BMC,是,SCIE; SSCI,全OA,"约 USD 1,990-2,890（旗舰刊更高）",高,https://www.biomedcentral.com/getpublished/article-processing-charges,https://www.google.com/search?q=Health+and+Quality+of+Life+Outcomes+aims+scope+instructions+for+authors+APC
422,2-Q1且IF小于10,3,JOURNAL OF EPIDEMIOLOGY AND COMMUNITY HEALTH,J EPIDEMIOL COMMUN H,0143-005X,1470-2738,3.4,4.4,Q1,101/443,Q1,Q1,1.09,77.3,117.0,16143.0,"PUBLIC, ENVIRONMENTAL & OCCUPATIONAL HEALTH","PUBLIC, ENVIRONMENTAL & OCCUPATIONAL HEALTH(JIF Q1/JCI Q1)",BMJ PUBLISHING GROUP,BMJ,是,"SCIE, SSCI",混合/全OA,"BMJ Open约GBP 2,175；旗舰刊更高",高,https://authors.bmj.com/open-access/,https://www.google.com/search?q=JOURNAL+OF+EPIDEMIOLOGY+AND+COMMUNITY+HEALTH+aims+scope+instructions+for+authors+APC
423,2-Q1且IF小于10,3,Journal of Biological Engineering,J BIOL ENG,1754-1611,1754-1611,6.3,7.2,Q1,6/85,Q1,Q1,1.17,84.7,113.0,3274.0,BIOTECHNOLOGY & APPLIED MICROBIOLOGY,BIOTECHNOLOGY & APPLIED MICROBIOLOGY(JIF Q1/JCI Q1),BMC,BMC,是,SCIE,全OA,"约 USD 1,990-2,890（旗舰刊更高）",高,https://www.biomedcentral.com/getpublished/article-processing-charges,https://www.google.com/search?q=Journal+of+Biological+Engineering+aims+scope+instructions+for+authors+APC
424,2-Q1且IF小于10,3,TRANSPLANT INTERNATIONAL,TRANSPL INT,0934-0874,1432-2277,3.6,3.3,Q1,43/321,Q1,Q1,1.23,86.8,112.0,6430.0,SURGERY; TRANSPLANTATION,SURGERY(JIF Q1/JCI Q1) | TRANSPLANTATION(JIF Q2/JCI Q1),FRONTIERS MEDIA SA,Frontiers,是,SCIE,全OA,"约 CHF 1,495-3,150（Frontiers in Medicine A类=CHF 3,150）",高,https://www.frontiersin.org/about/fee-policy,https://www.google.com/search?q=TRANSPLANT+INTERNATIONAL+aims+scope+instructions+for+authors+APC
425,2-Q1且IF小于10,3,Frontiers in Toxicology,FRONT TOXICOL,,2673-3080,5.1,5.9,Q1,19/106,Q1,Q1,0.97,82.5,110.0,2453.0,TOXICOLOGY,TOXICOLOGY(JIF Q1/JCI Q1),FRONTIERS MEDIA SA,Frontiers,否,ESCI,全OA,"约 CHF 1,495-3,150（Frontiers in Medicine A类=CHF 3,150）",高,https://www.frontiersin.org/about/fee-policy,https://www.google.com/search?q=Frontiers+in+Toxicology+aims+scope+instructions+for+authors+APC
426,2-Q1且IF小于10,3,Biology Direct,BIOL DIRECT,,1745-6150,5.5,5.7,Q1,10/106,Q1,Q1,1.43,91.0,109.0,3522.0,BIOLOGY,BIOLOGY(JIF Q1/JCI Q1),BMC,BMC,是,SCIE,全OA,"约 USD 1,990-2,890（旗舰刊更高）",高,https://www.biomedcentral.com/getpublished/article-processing-charges,https://www.google.com/search?q=Biology+Direct+aims+scope+instructions+for+authors+APC
427,2-Q1且IF小于10,3,Biotechnology for Biofuels and Bioproducts,BIOTECHNOL BIOF BIOP,,2731-3654,6.0,6.1,Q1,32/180,Q2,Q2,0.89,82.5,107.0,3255.0,BIOTECHNOLOGY & APPLIED MICROBIOLOGY,BIOTECHNOLOGY & APPLIED MICROBIOLOGY(JIF Q1/JCI Q2),BMC,BMC,是,SCIE,全OA,"约 USD 1,990-2,890（旗舰刊更高）",高,https://www.biomedcentral.com/getpublished/article-processing-charges,https://www.google.com/search?q=Biotechnology+for+Biofuels+and+Bioproducts+aims+scope+instructions+for+authors+APC
428,2-Q1且IF小于10,3,Infectious Diseases of Poverty,INFECT DIS POVERTY,2095-5162,2049-9957,7.4,5.7,Q1,1/27,Q1,Q1,1.71,98.1,106.0,5415.0,INFECTIOUS DISEASES; PARASITOLOGY; TROPICAL MEDICINE,INFECTIOUS DISEASES(JIF Q1/JCI Q1) | PARASITOLOGY(JIF Q1/JCI Q1) | TROPICAL MEDICINE(JIF Q1/JCI Q1),BMC,BMC,是,SCIE,全OA,"约 USD 1,990-2,890（旗舰刊更高）",高,https://www.biomedcentral.com/getpublished/article-processing-charges,https://www.google.com/search?q=Infectious+Diseases+of+Poverty+aims+scope+instructions+for+authors+APC
429,2-Q1且IF小于10,3,THORAX,THORAX,0040-6376,1468-3296,9.1,9.2,Q1,7/107,Q1,Q1,1.95,93.9,105.0,22043.0,RESPIRATORY SYSTEM,RESPIRATORY SYSTEM(JIF Q1/JCI Q1),BMJ PUBLISHING GROUP,BMJ,是,SCIE,混合/全OA,"BMJ Open约GBP 2,175；旗舰刊更高",高,https://authors.bmj.com/open-access/,https://www.google.com/search?q=THORAX+aims+scope+instructions+for+authors+APC
430,2-Q1且IF小于10,3,Fluids and Barriers of the CNS,FLUIDS BARRIERS CNS,2045-8118,2045-8118,7.2,8.8,Q1,37/330,Q1,Q1,1.61,88.9,105.0,5562.0,NEUROSCIENCES,NEUROSCIENCES(JIF Q1/JCI Q1),BMC,BMC,是,SCIE,全OA,"约 USD 1,990-2,890（旗舰刊更高）",高,https://www.biomedcentral.com/getpublished/article-processing-charges,https://www.google.com/search?q=Fluids+and+Barriers+of+the+CNS+aims+scope+instructions+for+authors+APC
431,2-Q1且IF小于10,3,JOURNAL OF MEDICAL ETHICS,J MED ETHICS,0306-6800,1473-4257,4.4,3.7,Q1,3/48,Q1,Q1,1.3,94.8,105.0,6753.0,"MEDICAL ETHICS; SOCIAL SCIENCES, BIOMEDICAL","MEDICAL ETHICS(JIF Q1/JCI Q2) | SOCIAL SCIENCES, BIOMEDICAL(JIF Q1/JCI Q1)",BMJ PUBLISHING GROUP,BMJ,是,SSCI; SCIE,混合/全OA,"BMJ Open约GBP 2,175；旗舰刊更高",高,https://authors.bmj.com/open-access/,https://www.google.com/search?q=JOURNAL+OF+MEDICAL+ETHICS+aims+scope+instructions+for+authors+APC
432,2-Q1且IF小于10,3,Biology of Sex Differences,BIOL SEX DIFFER,,2042-6410,5.3,6.6,Q1,34/192,Q1,Q1,1.28,82.6,104.0,4609.0,ENDOCRINOLOGY & METABOLISM; GENETICS & HEREDITY,ENDOCRINOLOGY & METABOLISM(JIF Q1/JCI Q1) | GENETICS & HEREDITY(JIF Q1/JCI Q1),BMC,BMC,是,SCIE,全OA,"约 USD 1,990-2,890（旗舰刊更高）",高,https://www.biomedcentral.com/getpublished/article-processing-charges,https://www.google.com/search?q=Biology+of+Sex+Differences+aims+scope+instructions+for+authors+APC
433,2-Q1且IF小于10,2,International Journal of Sports Physiology and Performance,INT J SPORT PHYSIOL,1555-0265,1555-0273,3.3,4.3,Q1,30/136,Q1,Q1,1.58,78.3,198.0,11397.0,SPORT SCIENCES,SPORT SCIENCES(JIF Q1/JCI Q1),HUMAN KINETICS PUBL INC,其他,是,SCIE,需核实,请查期刊官网 Author / Open Access 页面,未知,,https://www.google.com/search?q=International+Journal+of+Sports+Physiology+and+Performance+aims+scope+instructions+for+authors+APC
434,2-Q1且IF小于10,2,ALIMENTARY PHARMACOLOGY & THERAPEUTICS,ALIMENT PHARM THER,0269-2813,1365-2036,6.8,7.0,Q1,37/356,Q1,Q1,1.69,89.7,197.0,24989.0,GASTROENTEROLOGY & HEPATOLOGY; PHARMACOLOGY & PHARMACY,GASTROENTEROLOGY & HEPATOLOGY(JIF Q1/JCI Q1) | PHARMACOLOGY & PHARMACY(JIF Q1/JCI Q1),WILEY,Wiley,是,SCIE,混合为主,"订阅路线通常无APC；OnlineOpen常见 USD 3,200-4,700",中,https://authorservices.wiley.com/author-resources/Journal-Authors/open-access/article-publication-charges.html,https://www.google.com/search?q=ALIMENTARY+PHARMACOLOGY+&+THERAPEUTICS+aims+scope+instructions+for+authors+APC
435,2-Q1且IF小于10,2,American Journal of Preventive Cardiology,AM J PREVENT CARDIOL,2666-6677,2666-6677,5.4,6.3,Q1,47/237,Q1,Q1,1.33,80.4,197.0,2148.0,CARDIAC & CARDIOVASCULAR SYSTEMS,CARDIAC & CARDIOVASCULAR SYSTEMS(JIF Q1/JCI Q1),ELSEVIER,Elsevier,否,ESCI,混合为主,"订阅路线通常无APC；Gold OA常见 USD 2,200-4,200",中,https://www.elsevier.com/open-access/agreements,https://www.google.com/search?q=American+Journal+of+Preventive+Cardiology+aims+scope+instructions+for+authors+APC
436,2-Q1且IF小于10,2,Lancet Regional Health-Western Pacific,LANCET REG HEALTH-W,,2666-6065,9.4,8.9,Q1,5/194,Q1,Q1,2.65,97.7,195.0,7348.0,"HEALTH CARE SCIENCES & SERVICES; PUBLIC, ENVIRONMENTAL & OCCUPATIONAL HEALTH","HEALTH CARE SCIENCES & SERVICES(JIF Q1/JCI Q1) | PUBLIC, ENVIRONMENTAL & OCCUPATIONAL HEALTH(JIF Q1/JCI Q1)",ELSEVIER,Elsevier,是,"SCIE; SCIE, SSCI",混合为主,"订阅路线通常无APC；Gold OA常见 USD 2,200-4,200",中,https://www.elsevier.com/open-access/agreements,https://www.google.com/search?q=Lancet+Regional+Health-Western+Pacific+aims+scope+instructions+for+authors+APC
437,2-Q1且IF小于10,2,COMPUTERIZED MEDICAL IMAGING AND GRAPHICS,COMPUT MED IMAG GRAP,0895-6111,1879-0771,5.5,6.2,Q1,25/217,Q1,Q1,1.38,88.7,195.0,5970.0,"ENGINEERING, BIOMEDICAL; RADIOLOGY, NUCLEAR MEDICINE & MEDICAL IMAGING","ENGINEERING, BIOMEDICAL(JIF Q2/JCI Q1) | RADIOLOGY, NUCLEAR MEDICINE & MEDICAL IMAGING(JIF Q1/JCI Q1)",PERGAMON-ELSEVIER SCIENCE LTD,Elsevier,是,SCIE,混合为主,"订阅路线通常无APC；Gold OA常见 USD 2,200-4,200",中,https://www.elsevier.com/open-access/agreements,https://www.google.com/search?q=COMPUTERIZED+MEDICAL+IMAGING+AND+GRAPHICS+aims+scope+instructions+for+authors+APC
438,2-Q1且IF小于10,2,INFLAMMATORY BOWEL DISEASES,INFLAMM BOWEL DIS,1078-0998,1536-4844,5.5,5.7,Q1,30/153,Q1,Q1,1.0,80.7,195.0,21643.0,GASTROENTEROLOGY & HEPATOLOGY,GASTROENTEROLOGY & HEPATOLOGY(JIF Q1/JCI Q1),OXFORD UNIV PRESS INC,Oxford UP,是,SCIE,混合为主,订阅路线通常无APC；可选OA，费用因刊而异,中,https://academic.oup.com/pages/open-research/open-access,https://www.google.com/search?q=INFLAMMATORY+BOWEL+DISEASES+aims+scope+instructions+for+authors+APC
439,2-Q1且IF小于10,2,Transplantation and Cellular Therapy,TRANSPL CELL THER,2666-6375,2666-6367,4.7,4.3,Q1,6/30,Q1,Q1,1.22,81.7,195.0,5391.0,HEMATOLOGY; IMMUNOLOGY; TRANSPLANTATION,HEMATOLOGY(JIF Q1/JCI Q1) | IMMUNOLOGY(JIF Q2/JCI Q1) | TRANSPLANTATION(JIF Q1/JCI Q1),ELSEVIER SCIENCE INC,Elsevier,是,SCIE,混合为主,"订阅路线通常无APC；Gold OA常见 USD 2,200-4,200",中,https://www.elsevier.com/open-access/agreements,https://www.google.com/search?q=Transplantation+and+Cellular+Therapy+aims+scope+instructions+for+authors+APC
440,2-Q1且IF小于10,2,RESUSCITATION,RESUSCITATION,0300-9572,1873-1570,6.0,6.3,Q1,5/55,Q1,Q1,1.79,91.8,194.0,19671.0,CRITICAL CARE MEDICINE; EMERGENCY MEDICINE,CRITICAL CARE MEDICINE(JIF Q1/JCI Q1) | EMERGENCY MEDICINE(JIF Q1/JCI Q1),ELSEVIER IRELAND LTD,Elsevier,是,SCIE,混合为主,"订阅路线通常无APC；Gold OA常见 USD 2,200-4,200",中,https://www.elsevier.com/open-access/agreements,https://www.google.com/search?q=RESUSCITATION+aims+scope+instructions+for+authors+APC
441,2-Q1且IF小于10,2,INTERNATIONAL JOURNAL OF OBESITY,INT J OBESITY,0307-0565,1476-5497,5.4,5.0,Q1,40/198,Q1,Q1,0.9,80.1,194.0,21811.0,ENDOCRINOLOGY & METABOLISM; NUTRITION & DIETETICS,ENDOCRINOLOGY & METABOLISM(JIF Q1/JCI Q2) | NUTRITION & DIETETICS(JIF Q1/JCI Q1),SPRINGERNATURE,Springer Nature,是,SCIE,混合/全OA,"全OA约 USD 2,090-3,490；Nature系更高；Scientific Reports已拉黑",中高,https://www.springernature.com/gp/open-research/journals-books/journals,https://www.google.com/search?q=INTERNATIONAL+JOURNAL+OF+OBESITY+aims+scope+instructions+for+authors+APC
442,2-Q1且IF小于10,2,ANNALS OF NEUROLOGY,ANN NEUROL,0364-5134,1531-8249,7.5,8.8,Q1,20/296,Q1,Q1,2.09,93.4,193.0,37743.0,CLINICAL NEUROLOGY; NEUROSCIENCES,CLINICAL NEUROLOGY(JIF Q1/JCI Q1) | NEUROSCIENCES(JIF Q1/JCI Q1),WILEY,Wiley,是,SCIE,混合为主,"订阅路线通常无APC；OnlineOpen常见 USD 3,200-4,700",中,https://authorservices.wiley.com/author-resources/Journal-Authors/open-access/article-publication-charges.html,https://www.google.com/search?q=ANNALS+OF+NEUROLOGY+aims+scope+instructions+for+authors+APC
443,2-Q1且IF小于10,2,JPAD-Journal of Prevention of Alzheimers Disease,JPAD-J PREV ALZHEIM,2274-5807,2426-0266,6.7,8.4,Q1,27/296,Q1,Q1,1.91,91.0,193.0,5063.0,CLINICAL NEUROLOGY,CLINICAL NEUROLOGY(JIF Q1/JCI Q1),ELSEVIER,Elsevier,是,SCIE,混合为主,"订阅路线通常无APC；Gold OA常见 USD 2,200-4,200",中,https://www.elsevier.com/open-access/agreements,https://www.google.com/search?q=JPAD-Journal+of+Prevention+of+Alzheimers+Disease+aims+scope+instructions+for+authors+APC
444,2-Q1且IF小于10,2,MODERN PATHOLOGY,MODERN PATHOL,0893-3952,1530-0285,6.6,7.2,Q1,4/89,Q1,Q1,2.52,96.1,193.0,19778.0,PATHOLOGY,PATHOLOGY(JIF Q1/JCI Q1),ELSEVIER SCIENCE INC,Elsevier,是,SCIE,混合为主,"订阅路线通常无APC；Gold OA常见 USD 2,200-4,200",中,https://www.elsevier.com/open-access/agreements,https://www.google.com/search?q=MODERN+PATHOLOGY+aims+scope+instructions+for+authors+APC
445,2-Q1且IF小于10,2,BJU INTERNATIONAL,BJU INT,1464-4096,1464-410X,4.1,4.4,Q1,21/134,Q1,Q1,1.19,84.7,193.0,17983.0,UROLOGY & NEPHROLOGY,UROLOGY & NEPHROLOGY(JIF Q1/JCI Q1),WILEY,Wiley,是,SCIE,混合为主,"订阅路线通常无APC；OnlineOpen常见 USD 3,200-4,700",中,https://authorservices.wiley.com/author-resources/Journal-Authors/open-access/article-publication-charges.html,https://www.google.com/search?q=BJU+INTERNATIONAL+aims+scope+instructions+for+authors+APC
446,2-Q1且IF小于10,2,HEALTH PROMOTION INTERNATIONAL,HEALTH PROMOT INT,0957-4824,1460-2245,3.6,3.3,Q1,20/125,Q2,Q2,0.9,84.4,193.0,7396.0,"HEALTH POLICY & SERVICES; PUBLIC, ENVIRONMENTAL & OCCUPATIONAL HEALTH","HEALTH POLICY & SERVICES(JIF Q1/JCI Q2) | PUBLIC, ENVIRONMENTAL & OCCUPATIONAL HEALTH(JIF Q1/JCI Q2)",OXFORD UNIV PRESS,Oxford UP,是,"SSCI; SCIE, SSCI",混合为主,订阅路线通常无APC；可选OA，费用因刊而异,中,https://academic.oup.com/pages/open-research/open-access,https://www.google.com/search?q=HEALTH+PROMOTION+INTERNATIONAL+aims+scope+instructions+for+authors+APC
447,2-Q1且IF小于10,2,Journal of Hospital Infection,J HOSP INFECT,0195-6701,1532-2939,3.4,3.4,Q1,101/443,Q2,Q2,0.9,77.3,193.0,10307.0,"INFECTIOUS DISEASES; PUBLIC, ENVIRONMENTAL & OCCUPATIONAL HEALTH","INFECTIOUS DISEASES(JIF Q2/JCI Q2) | PUBLIC, ENVIRONMENTAL & OCCUPATIONAL HEALTH(JIF Q1/JCI Q2)",W B SAUNDERS CO LTD,Elsevier,是,SCIE,混合为主,"订阅路线通常无APC；Gold OA常见 USD 2,200-4,200",中,https://www.elsevier.com/open-access/agreements,https://www.google.com/search?q=Journal+of+Hospital+Infection+aims+scope+instructions+for+authors+APC
448,2-Q1且IF小于10,2,AMERICAN JOURNAL OF PHYSIOLOGY-HEART AND CIRCULATORY PHYSIOLOGY,AM J PHYSIOL-HEART C,0363-6135,1522-1539,3.9,4.5,Q1,19/89,Q1,Q1,1.12,76.5,192.0,26449.0,CARDIAC & CARDIOVASCULAR SYSTEMS; PERIPHERAL VASCULAR DISEASE,CARDIAC & CARDIOVASCULAR SYSTEMS(JIF Q2/JCI Q1) | PERIPHERAL VASCULAR DISEASE(JIF Q1/JCI Q1),AMER PHYSIOLOGICAL SOC,其他,是,SCIE,需核实,请查期刊官网 Author / Open Access 页面,未知,,https://www.google.com/search?q=AMERICAN+JOURNAL+OF+PHYSIOLOGY-HEART+AND+CIRCULATORY+PHYSIOLOGY+aims+scope+instructions+for+authors+APC
449,2-Q1且IF小于10,2,JOURNAL OF HEART AND LUNG TRANSPLANTATION,J HEART LUNG TRANSPL,1053-2498,1557-3117,6.7,6.8,Q1,15/321,Q1,Q1,1.91,95.5,191.0,14069.0,CARDIAC & CARDIOVASCULAR SYSTEMS; RESPIRATORY SYSTEM; SURGERY; TRANSPLANTATION,CARDIAC & CARDIOVASCULAR SYSTEMS(JIF Q1/JCI Q1) | RESPIRATORY SYSTEM(JIF Q1/JCI Q1) | SURGERY(JIF Q1/JCI Q1) | TRANSPLANTATION(JIF Q1/JCI Q1),ELSEVIER SCIENCE INC,Elsevier,是,SCIE,混合为主,"订阅路线通常无APC；Gold OA常见 USD 2,200-4,200",中,https://www.elsevier.com/open-access/agreements,https://www.google.com/search?q=JOURNAL+OF+HEART+AND+LUNG+TRANSPLANTATION+aims+scope+instructions+for+authors+APC
450,2-Q1且IF小于10,2,HYPERTENSION RESEARCH,HYPERTENS RES,0916-9636,1348-4214,5.0,4.4,Q1,21/100,Q1,Q1,1.01,79.5,191.0,9640.0,PERIPHERAL VASCULAR DISEASE,PERIPHERAL VASCULAR DISEASE(JIF Q1/JCI Q1),SPRINGERNATURE,Springer Nature,是,SCIE,混合/全OA,"全OA约 USD 2,090-3,490；Nature系更高；Scientific Reports已拉黑",中高,https://www.springernature.com/gp/open-research/journals-books/journals,https://www.google.com/search?q=HYPERTENSION+RESEARCH+aims+scope+instructions+for+authors+APC
451,2-Q1且IF小于10,2,INTERNATIONAL JOURNAL OF EATING DISORDERS,INT J EAT DISORDER,0276-3478,1098-108X,4.7,5.4,Q1,16/184,Q1,Q1,1.25,91.6,191.0,14790.0,"NUTRITION & DIETETICS; PSYCHIATRY; PSYCHOLOGY, CLINICAL","NUTRITION & DIETETICS(JIF Q2/JCI Q1) | PSYCHIATRY(JIF Q1/JCI Q1) | PSYCHOLOGY, CLINICAL(JIF Q1/JCI Q1)",WILEY,Wiley,是,"SCIE; SCIE, SSCI; SSCI",混合为主,"订阅路线通常无APC；OnlineOpen常见 USD 3,200-4,700",中,https://authorservices.wiley.com/author-resources/Journal-Authors/open-access/article-publication-charges.html,https://www.google.com/search?q=INTERNATIONAL+JOURNAL+OF+EATING+DISORDERS+aims+scope+instructions+for+authors+APC
452,2-Q1且IF小于10,2,JMIR Public Health and Surveillance,JMIR PUBLIC HLTH SUR,2369-2960,2369-2960,4.4,4.3,Q1,60/443,Q1,Q1,1.29,86.6,191.0,6077.0,"PUBLIC, ENVIRONMENTAL & OCCUPATIONAL HEALTH","PUBLIC, ENVIRONMENTAL & OCCUPATIONAL HEALTH(JIF Q1/JCI Q1)","JMIR PUBLICATIONS, INC",其他,是,"SCIE, SSCI",需核实,请查期刊官网 Author / Open Access 页面,未知,,https://www.google.com/search?q=JMIR+Public+Health+and+Surveillance+aims+scope+instructions+for+authors+APC
453,2-Q1且IF小于10,2,Journal of Sexual Medicine,J SEX MED,1743-6095,1743-6109,3.6,3.8,Q1,28/134,Q1,Q1,0.95,79.5,191.0,13727.0,UROLOGY & NEPHROLOGY,UROLOGY & NEPHROLOGY(JIF Q1/JCI Q1),OXFORD UNIV PRESS,Oxford UP,是,SCIE,混合为主,订阅路线通常无APC；可选OA，费用因刊而异,中,https://academic.oup.com/pages/open-research/open-access,https://www.google.com/search?q=Journal+of+Sexual+Medicine+aims+scope+instructions+for+authors+APC
454,2-Q1且IF小于10,2,China CDC Weekly,CHINA CDC WEEKLY,2096-7071,2097-3101,3.5,4.1,Q1,96/443,Q2,Q2,0.8,78.4,191.0,3308.0,"PUBLIC, ENVIRONMENTAL & OCCUPATIONAL HEALTH","PUBLIC, ENVIRONMENTAL & OCCUPATIONAL HEALTH(JIF Q1/JCI Q2)",Chinese Center for Disease Control and Prevention,其他,是,"SCIE, SSCI",需核实,请查期刊官网 Author / Open Access 页面,未知,,https://www.google.com/search?q=China+CDC+Weekly+aims+scope+instructions+for+authors+APC
455,2-Q1且IF小于10,2,LEUKEMIA,LEUKEMIA,0887-6924,1476-5551,8.8,10.7,Q1,10/103,Q1,Q1,2.09,90.8,190.0,31482.0,HEMATOLOGY; ONCOLOGY,HEMATOLOGY(JIF Q1/JCI Q1) | ONCOLOGY(JIF Q1/JCI Q1),SPRINGERNATURE,Springer Nature,是,SCIE,混合/全OA,"全OA约 USD 2,090-3,490；Nature系更高；Scientific Reports已拉黑",中高,https://www.springernature.com/gp/open-research/journals-books/journals,https://www.google.com/search?q=LEUKEMIA+aims+scope+instructions+for+authors+APC
456,2-Q1且IF小于10,2,Fundamental Research,FUND RES-CHINA,2096-9457,2667-3258,7.0,7.1,Q1,19/140,Q1,Q1,1.49,86.8,190.0,4481.0,MULTIDISCIPLINARY SCIENCES,MULTIDISCIPLINARY SCIENCES(JIF Q1/JCI Q1),KEAI PUBLISHING LTD,其他,否,ESCI,需核实,请查期刊官网 Author / Open Access 页面,未知,,https://www.google.com/search?q=Fundamental+Research+aims+scope+instructions+for+authors+APC
457,2-Q1且IF小于10,2,EUROPEAN JOURNAL OF ENDOCRINOLOGY,EUR J ENDOCRINOL,0804-4643,1479-683X,6.7,5.8,Q1,27/198,Q1,Q1,1.31,86.6,190.0,16421.0,ENDOCRINOLOGY & METABOLISM,ENDOCRINOLOGY & METABOLISM(JIF Q1/JCI Q1),OXFORD UNIV PRESS,Oxford UP,是,SCIE,混合为主,订阅路线通常无APC；可选OA，费用因刊而异,中,https://academic.oup.com/pages/open-research/open-access,https://www.google.com/search?q=EUROPEAN+JOURNAL+OF+ENDOCRINOLOGY+aims+scope+instructions+for+authors+APC
458,2-Q1且IF小于10,2,JOURNAL OF HYPERTENSION,J HYPERTENS,0263-6352,1473-5598,5.6,4.9,Q1,16/100,Q1,Q1,0.88,84.5,190.0,17328.0,PERIPHERAL VASCULAR DISEASE,PERIPHERAL VASCULAR DISEASE(JIF Q1/JCI Q1),LIPPINCOTT WILLIAMS & WILKINS,Wolters Kluwer/LWW,是,SCIE,混合为主,"订阅路线通常无APC；OA常见 USD 2,000-4,000；MEDICINE已拉黑",中,https://wkauthorservices.editage.com/open-access/,https://www.google.com/search?q=JOURNAL+OF+HYPERTENSION+aims+scope+instructions+for+authors+APC
459,2-Q1且IF小于10,2,BREAST,BREAST,0960-9776,1532-3080,5.2,6.8,Q1,9/143,Q1,Q1,2.08,94.1,190.0,9315.0,OBSTETRICS & GYNECOLOGY; ONCOLOGY,OBSTETRICS & GYNECOLOGY(JIF Q1/JCI Q1) | ONCOLOGY(JIF Q1/JCI Q1),CHURCHILL LIVINGSTONE,Elsevier,是,SCIE,混合为主,"订阅路线通常无APC；Gold OA常见 USD 2,200-4,200",中,https://www.elsevier.com/open-access/agreements,https://www.google.com/search?q=BREAST+aims+scope+instructions+for+authors+APC
460,2-Q1且IF小于10,2,Mindfulness,MINDFULNESS,1868-8527,1868-8535,4.1,4.9,Q1,25/184,Q1,Q1,1.14,86.7,190.0,11953.0,"PSYCHIATRY; PSYCHOLOGY, CLINICAL","PSYCHIATRY(JIF Q1/JCI Q1) | PSYCHOLOGY, CLINICAL(JIF Q1/JCI Q1)",SPRINGER,Springer,否,SSCI,混合为主,"订阅路线通常无APC；选OA约 USD 2,790-4,290",中,https://www.springer.com/gp/open-access,https://www.google.com/search?q=Mindfulness+aims+scope+instructions+for+authors+APC
461,2-Q1且IF小于10,2,Science China-Life Sciences,SCI CHINA LIFE SCI,1674-7305,1869-1889,9.6,8.8,Q1,3/106,Q1,Q1,1.89,97.6,189.0,11122.0,BIOLOGY,BIOLOGY(JIF Q1/JCI Q1),SCIENCE PRESS,其他,是,SCIE,需核实,请查期刊官网 Author / Open Access 页面,未知,,https://www.google.com/search?q=Science+China-Life+Sciences+aims+scope+instructions+for+authors+APC
462,2-Q1且IF小于10,2,Journal of Clinical Lipidology,J CLIN LIPIDOL,1933-2874,1876-4789,6.9,5.5,Q1,34/356,Q1,Q1,1.43,90.6,189.0,5163.0,PHARMACOLOGY & PHARMACY,PHARMACOLOGY & PHARMACY(JIF Q1/JCI Q1),ELSEVIER SCIENCE INC,Elsevier,是,SCIE,混合为主,"订阅路线通常无APC；Gold OA常见 USD 2,200-4,200",中,https://www.elsevier.com/open-access/agreements,https://www.google.com/search?q=Journal+of+Clinical+Lipidology+aims+scope+instructions+for+authors+APC
463,2-Q1且IF小于10,2,OSTEOPOROSIS INTERNATIONAL,OSTEOPOROSIS INT,0937-941X,1433-2965,5.4,5.5,Q1,40/198,Q1,Q1,1.13,80.1,189.0,20671.0,ENDOCRINOLOGY & METABOLISM,ENDOCRINOLOGY & METABOLISM(JIF Q1/JCI Q1),SPRINGER LONDON LTD,Springer,是,SCIE,混合为主,"订阅路线通常无APC；选OA约 USD 2,790-4,290",中,https://www.springer.com/gp/open-access,https://www.google.com/search?q=OSTEOPOROSIS+INTERNATIONAL+aims+scope+instructions+for+authors+APC
464,2-Q1且IF小于10,2,JOURNAL OF PAIN AND SYMPTOM MANAGEMENT,J PAIN SYMPTOM MANAG,0885-3924,1873-6513,4.0,4.3,Q1,57/336,Q1,Q1,1.03,83.2,188.0,16803.0,"CLINICAL NEUROLOGY; HEALTH CARE SCIENCES & SERVICES; MEDICINE, GENERAL & INTERNAL","CLINICAL NEUROLOGY(JIF Q1/JCI Q1) | HEALTH CARE SCIENCES & SERVICES(JIF Q1/JCI Q2) | MEDICINE, GENERAL & INTERNAL(JIF Q1/JCI Q1)",ELSEVIER SCIENCE INC,Elsevier,是,SCIE,混合为主,"订阅路线通常无APC；Gold OA常见 USD 2,200-4,200",中,https://www.elsevier.com/open-access/agreements,https://www.google.com/search?q=JOURNAL+OF+PAIN+AND+SYMPTOM+MANAGEMENT+aims+scope+instructions+for+authors+APC
465,2-Q1且IF小于10,2,Endoscopy International Open,ENDOSC INT OPEN,2364-3722,2196-9736,2.9,2.9,Q1,63/321,Q2,Q2,0.85,80.5,188.0,4752.0,GASTROENTEROLOGY & HEPATOLOGY; SURGERY,GASTROENTEROLOGY & HEPATOLOGY(JIF Q2/JCI Q2) | SURGERY(JIF Q1/JCI Q2),GEORG THIEME VERLAG KG,Thieme,否,ESCI,混合为主,订阅路线通常无APC；OA另计,中低,https://www.thieme.com/en-us/open-access,https://www.google.com/search?q=Endoscopy+International+Open+aims+scope+instructions+for+authors+APC
466,2-Q1且IF小于10,2,INTERNATIONAL JOURNAL OF COLORECTAL DISEASE,INT J COLORECTAL DIS,0179-1958,1432-1262,2.9,2.9,Q1,63/321,Q2,Q2,0.83,80.5,187.0,8582.0,GASTROENTEROLOGY & HEPATOLOGY; SURGERY,GASTROENTEROLOGY & HEPATOLOGY(JIF Q2/JCI Q2) | SURGERY(JIF Q1/JCI Q2),SPRINGER,Springer,是,SCIE,混合为主,"订阅路线通常无APC；选OA约 USD 2,790-4,290",中,https://www.springer.com/gp/open-access,https://www.google.com/search?q=INTERNATIONAL+JOURNAL+OF+COLORECTAL+DISEASE+aims+scope+instructions+for+authors+APC
467,2-Q1且IF小于10,2,Neuro-Oncology Advances,NEURO-ONCOL ADV,,2632-2498,4.6,4.4,Q1,48/296,Q2,Q2,0.98,84.0,186.0,4099.0,CLINICAL NEUROLOGY; ONCOLOGY,CLINICAL NEUROLOGY(JIF Q1/JCI Q2) | ONCOLOGY(JIF Q2/JCI Q2),OXFORD UNIV PRESS,Oxford UP,否,ESCI,混合为主,订阅路线通常无APC；可选OA，费用因刊而异,中,https://academic.oup.com/pages/open-research/open-access,https://www.google.com/search?q=Neuro-Oncology+Advances+aims+scope+instructions+for+authors+APC
468,2-Q1且IF小于10,2,SAGE Open Nursing,SAGE OPEN NURS,2377-9608,2377-9608,2.9,3.2,Q1,33/194,Q1,Q1,1.15,83.2,186.0,2739.0,NURSING,NURSING(JIF Q1/JCI Q1),SAGE PUBLICATIONS INC,SAGE,否,ESCI,混合为主,"订阅路线通常无APC；SAGE Choice常见 USD 2,000-4,000",中,https://us.sagepub.com/en-us/nam/sage-choice,https://www.google.com/search?q=SAGE+Open+Nursing+aims+scope+instructions+for+authors+APC
469,2-Q1且IF小于10,2,REPRODUCTIVE BIOMEDICINE ONLINE,REPROD BIOMED ONLINE,1472-6483,1472-6491,3.9,4.1,Q1,18/143,Q1,Q1,1.31,87.8,185.0,11540.0,OBSTETRICS & GYNECOLOGY; REPRODUCTIVE BIOLOGY,OBSTETRICS & GYNECOLOGY(JIF Q1/JCI Q1) | REPRODUCTIVE BIOLOGY(JIF Q1/JCI Q1),ELSEVIER SCI LTD,Elsevier,是,SCIE,混合为主,"订阅路线通常无APC；Gold OA常见 USD 2,200-4,200",中,https://www.elsevier.com/open-access/agreements,https://www.google.com/search?q=REPRODUCTIVE+BIOMEDICINE+ONLINE+aims+scope+instructions+for+authors+APC
470,2-Q1且IF小于10,2,ORAL DISEASES,ORAL DIS,1354-523X,1601-0825,3.1,3.6,Q1,41/165,Q2,Q2,1.02,75.5,185.0,10518.0,"DENTISTRY, ORAL SURGERY & MEDICINE","DENTISTRY, ORAL SURGERY & MEDICINE(JIF Q1/JCI Q2)",WILEY,Wiley,是,SCIE,混合为主,"订阅路线通常无APC；OnlineOpen常见 USD 3,200-4,700",中,https://authorservices.wiley.com/author-resources/Journal-Authors/open-access/article-publication-charges.html,https://www.google.com/search?q=ORAL+DISEASES+aims+scope+instructions+for+authors+APC
471,2-Q1且IF小于10,2,JOURNAL OF THE AMERICAN ACADEMY OF ORTHOPAEDIC SURGEONS,J AM ACAD ORTHOP SUR,1067-151X,1940-5480,2.9,3.4,Q1,63/321,Q1,Q1,1.16,80.5,185.0,12038.0,ORTHOPEDICS; SURGERY,ORTHOPEDICS(JIF Q1/JCI Q1) | SURGERY(JIF Q1/JCI Q1),LIPPINCOTT WILLIAMS & WILKINS,Wolters Kluwer/LWW,是,SCIE,混合为主,"订阅路线通常无APC；OA常见 USD 2,000-4,000；MEDICINE已拉黑",中,https://wkauthorservices.editage.com/open-access/,https://www.google.com/search?q=JOURNAL+OF+THE+AMERICAN+ACADEMY+OF+ORTHOPAEDIC+SURGEONS+aims+scope+instructions+for+authors+APC
472,2-Q1且IF小于10,2,AMERICAN JOURNAL OF PUBLIC HEALTH,AM J PUBLIC HEALTH,0090-0036,1541-0048,7.8,9.6,Q1,22/443,Q1,Q1,1.69,95.1,184.0,41993.0,"PUBLIC, ENVIRONMENTAL & OCCUPATIONAL HEALTH","PUBLIC, ENVIRONMENTAL & OCCUPATIONAL HEALTH(JIF Q1/JCI Q1)",AMER PUBLIC HEALTH ASSOC INC,其他,是,"SCIE, SSCI",需核实,请查期刊官网 Author / Open Access 页面,未知,,https://www.google.com/search?q=AMERICAN+JOURNAL+OF+PUBLIC+HEALTH+aims+scope+instructions+for+authors+APC
473,2-Q1且IF小于10,2,JOURNAL OF CLINICAL MICROBIOLOGY,J CLIN MICROBIOL,0095-1137,1098-660X,5.9,6.0,Q1,31/167,Q1,Q1,1.14,81.7,184.0,42831.0,MICROBIOLOGY,MICROBIOLOGY(JIF Q1/JCI Q1),AMER SOC MICROBIOLOGY,其他,是,SCIE,需核实,请查期刊官网 Author / Open Access 页面,未知,,https://www.google.com/search?q=JOURNAL+OF+CLINICAL+MICROBIOLOGY+aims+scope+instructions+for+authors+APC
474,2-Q1且IF小于10,2,CANADIAN JOURNAL OF CARDIOLOGY,CAN J CARDIOL,0828-282X,1916-7075,5.7,6.6,Q1,42/237,Q1,Q1,1.17,82.5,184.0,10788.0,CARDIAC & CARDIOVASCULAR SYSTEMS,CARDIAC & CARDIOVASCULAR SYSTEMS(JIF Q1/JCI Q1),ELSEVIER SCIENCE INC,Elsevier,是,SCIE,混合为主,"订阅路线通常无APC；Gold OA常见 USD 2,200-4,200",中,https://www.elsevier.com/open-access/agreements,https://www.google.com/search?q=CANADIAN+JOURNAL+OF+CARDIOLOGY+aims+scope+instructions+for+authors+APC
475,2-Q1且IF小于10,2,RISK ANALYSIS,RISK ANAL,0272-4332,1539-6924,4.0,4.3,Q1,16/137,Q1,Q1,1.17,82.3,184.0,13395.0,"PUBLIC, ENVIRONMENTAL & OCCUPATIONAL HEALTH","PUBLIC, ENVIRONMENTAL & OCCUPATIONAL HEALTH(JIF Q1/JCI Q1)",WILEY,Wiley,是,SCIE; SSCI,混合为主,"订阅路线通常无APC；OnlineOpen常见 USD 3,200-4,700",中,https://authorservices.wiley.com/author-resources/Journal-Authors/open-access/article-publication-charges.html,https://www.google.com/search?q=RISK+ANALYSIS+aims+scope+instructions+for+authors+APC
476,2-Q1且IF小于10,2,JOURNAL OF THE AMERICAN MEDICAL INFORMATICS ASSOCIATION,J AM MED INFORM ASSN,1067-5027,1527-974X,7.1,6.9,Q1,10/194,Q1,Q1,1.48,95.1,183.0,18887.0,HEALTH CARE SCIENCES & SERVICES; MEDICAL INFORMATICS,HEALTH CARE SCIENCES & SERVICES(JIF Q1/JCI Q1) | MEDICAL INFORMATICS(JIF Q1/JCI Q1),OXFORD UNIV PRESS,Oxford UP,是,SCIE; SSCI,混合为主,订阅路线通常无APC；可选OA，费用因刊而异,中,https://academic.oup.com/pages/open-research/open-access,https://www.google.com/search?q=JOURNAL+OF+THE+AMERICAN+MEDICAL+INFORMATICS+ASSOCIATION+aims+scope+instructions+for+authors+APC
477,2-Q1且IF小于10,2,Molecular Metabolism,MOL METAB,2212-8778,2212-8778,6.3,9.0,Q1,30/198,Q1,Q1,1.45,85.1,183.0,14612.0,ENDOCRINOLOGY & METABOLISM,ENDOCRINOLOGY & METABOLISM(JIF Q1/JCI Q1),ELSEVIER,Elsevier,是,SCIE,混合为主,"订阅路线通常无APC；Gold OA常见 USD 2,200-4,200",中,https://www.elsevier.com/open-access/agreements,https://www.google.com/search?q=Molecular+Metabolism+aims+scope+instructions+for+authors+APC
478,2-Q1且IF小于10,2,NeuroImage-Clinical,NEUROIMAGE-CLIN,2213-1582,2213-1582,4.2,4.6,Q1,4/18,Q1,Q1,1.07,80.6,183.0,16320.0,NEUROIMAGING,NEUROIMAGING(JIF Q1/JCI Q1),ELSEVIER SCI LTD,Elsevier,是,SCIE,混合为主,"订阅路线通常无APC；Gold OA常见 USD 2,200-4,200",中,https://www.elsevier.com/open-access/agreements,https://www.google.com/search?q=NeuroImage-Clinical+aims+scope+instructions+for+authors+APC
479,2-Q1且IF小于10,2,Journal of PeriAnesthesia Nursing,J PERIANESTH NURS,1089-9472,1532-8473,2.6,2.6,Q1,44/194,Q2,Q2,0.9,77.6,183.0,2693.0,NURSING,NURSING(JIF Q1/JCI Q2),ELSEVIER SCIENCE INC,Elsevier,是,"SCIE, SSCI",混合为主,"订阅路线通常无APC；Gold OA常见 USD 2,200-4,200",中,https://www.elsevier.com/open-access/agreements,https://www.google.com/search?q=Journal+of+PeriAnesthesia+Nursing+aims+scope+instructions+for+authors+APC
480,2-Q1且IF小于10,2,Eurosurveillance,EUROSURVEILLANCE,1025-496X,1560-7917,8.3,6.7,Q1,8/141,Q1,Q1,2.4,94.7,182.0,12192.0,INFECTIOUS DISEASES,INFECTIOUS DISEASES(JIF Q1/JCI Q1),EUR CENTRE DIS PREVENTION & CONTROL,其他,是,SCIE,需核实,请查期刊官网 Author / Open Access 页面,未知,,https://www.google.com/search?q=Eurosurveillance+aims+scope+instructions+for+authors+APC
481,2-Q1且IF小于10,2,Aesthetic Surgery Journal,AESTHET SURG J,1090-820X,1527-330X,4.2,3.8,Q1,30/321,Q1,Q1,1.68,90.8,182.0,8899.0,SURGERY,SURGERY(JIF Q1/JCI Q1),OXFORD UNIV PRESS INC,Oxford UP,是,SCIE,混合为主,订阅路线通常无APC；可选OA，费用因刊而异,中,https://academic.oup.com/pages/open-research/open-access,https://www.google.com/search?q=Aesthetic+Surgery+Journal+aims+scope+instructions+for+authors+APC
482,2-Q1且IF小于10,2,Womens Health,WOMENS HEALTH,1745-5057,1745-5065,3.3,3.7,Q1,29/143,Q1,Q1,1.03,80.1,182.0,3700.0,OBSTETRICS & GYNECOLOGY,OBSTETRICS & GYNECOLOGY(JIF Q1/JCI Q1),SAGE PUBLICATIONS LTD,SAGE,否,ESCI,混合为主,"订阅路线通常无APC；SAGE Choice常见 USD 2,000-4,000",中,https://us.sagepub.com/en-us/nam/sage-choice,https://www.google.com/search?q=Womens+Health+aims+scope+instructions+for+authors+APC
483,2-Q1且IF小于10,2,HUMAN REPRODUCTION,HUM REPROD,0268-1161,1460-2350,6.8,6.8,Q1,5/143,Q1,Q1,2.13,96.9,181.0,36998.0,OBSTETRICS & GYNECOLOGY; REPRODUCTIVE BIOLOGY,OBSTETRICS & GYNECOLOGY(JIF Q1/JCI Q1) | REPRODUCTIVE BIOLOGY(JIF Q1/JCI Q1),OXFORD UNIV PRESS,Oxford UP,是,SCIE,混合为主,订阅路线通常无APC；可选OA，费用因刊而异,中,https://academic.oup.com/pages/open-research/open-access,https://www.google.com/search?q=HUMAN+REPRODUCTION+aims+scope+instructions+for+authors+APC
484,2-Q1且IF小于10,2,JOURNAL OF INFECTION,J INFECTION,0163-4453,1532-2742,10.0,9.1,Q1,5/141,Q1,Q1,1.85,96.8,179.0,13105.0,INFECTIOUS DISEASES,INFECTIOUS DISEASES(JIF Q1/JCI Q1),W B SAUNDERS CO LTD,Elsevier,是,SCIE,混合为主,"订阅路线通常无APC；Gold OA常见 USD 2,200-4,200",中,https://www.elsevier.com/open-access/agreements,https://www.google.com/search?q=JOURNAL+OF+INFECTION+aims+scope+instructions+for+authors+APC
485,2-Q1且IF小于10,2,JMIR mHealth and uHealth,JMIR MHEALTH UHEALTH,2291-5222,2291-5222,6.3,7.2,Q1,16/194,Q1,Q1,1.31,92.0,178.0,16615.0,HEALTH CARE SCIENCES & SERVICES; MEDICAL INFORMATICS,HEALTH CARE SCIENCES & SERVICES(JIF Q1/JCI Q1) | MEDICAL INFORMATICS(JIF Q1/JCI Q1),"JMIR PUBLICATIONS, INC",其他,是,SCIE,需核实,请查期刊官网 Author / Open Access 页面,未知,,https://www.google.com/search?q=JMIR+mHealth+and+uHealth+aims+scope+instructions+for+authors+APC
486,2-Q1且IF小于10,2,HEALTH POLICY,HEALTH POLICY,0168-8510,1872-6054,4.7,4.1,Q1,9/125,Q1,Q1,1.36,93.2,178.0,9762.0,HEALTH CARE SCIENCES & SERVICES; HEALTH POLICY & SERVICES,HEALTH CARE SCIENCES & SERVICES(JIF Q1/JCI Q1) | HEALTH POLICY & SERVICES(JIF Q1/JCI Q1),ELSEVIER IRELAND LTD,Elsevier,是,SCIE; SSCI,混合为主,"订阅路线通常无APC；Gold OA常见 USD 2,200-4,200",中,https://www.elsevier.com/open-access/agreements,https://www.google.com/search?q=HEALTH+POLICY+aims+scope+instructions+for+authors+APC
487,2-Q1且IF小于10,2,Bone & Joint Open,BONE JOINT OPEN,2633-1462,2633-1462,3.3,3.2,Q1,28/147,Q1,Q1,1.29,81.3,178.0,2048.0,ORTHOPEDICS,ORTHOPEDICS(JIF Q1/JCI Q1),BRITISH EDITORIAL SOC BONE & JOINT SURGERY,其他,否,ESCI,需核实,请查期刊官网 Author / Open Access 页面,未知,,https://www.google.com/search?q=Bone+&+Joint+Open+aims+scope+instructions+for+authors+APC
488,2-Q1且IF小于10,2,Current Research in Microbial Sciences,CURR RES MICROB SCI,2666-5174,2666-5174,5.6,6.3,Q1,35/167,Q1,Q1,1.32,79.3,177.0,2197.0,MICROBIOLOGY,MICROBIOLOGY(JIF Q1/JCI Q1),ELSEVIER,Elsevier,否,ESCI,混合为主,"订阅路线通常无APC；Gold OA常见 USD 2,200-4,200",中,https://www.elsevier.com/open-access/agreements,https://www.google.com/search?q=Current+Research+in+Microbial+Sciences+aims+scope+instructions+for+authors+APC
489,2-Q1且IF小于10,2,Journal of Esthetic and Restorative Dentistry,J ESTHET RESTOR DENT,1496-4155,1708-8240,4.6,5.1,Q1,17/165,Q1,Q1,1.42,90.0,177.0,6486.0,"DENTISTRY, ORAL SURGERY & MEDICINE","DENTISTRY, ORAL SURGERY & MEDICINE(JIF Q1/JCI Q1)",WILEY,Wiley,是,SCIE,混合为主,"订阅路线通常无APC；OnlineOpen常见 USD 3,200-4,700",中,https://authorservices.wiley.com/author-resources/Journal-Authors/open-access/article-publication-charges.html,https://www.google.com/search?q=Journal+of+Esthetic+and+Restorative+Dentistry+aims+scope+instructions+for+authors+APC
490,2-Q1且IF小于10,2,QUALITY OF LIFE RESEARCH,QUAL LIFE RES,0962-9343,1573-2649,3.4,4.3,Q1,23/125,Q1,Q1,0.98,82.0,177.0,23835.0,"HEALTH CARE SCIENCES & SERVICES; HEALTH POLICY & SERVICES; PUBLIC, ENVIRONMENTAL & OCCUPATIONAL HEALTH","HEALTH CARE SCIENCES & SERVICES(JIF Q2/JCI Q2) | HEALTH POLICY & SERVICES(JIF Q1/JCI Q2) | PUBLIC, ENVIRONMENTAL & OCCUPATIONAL HEALTH(JIF Q1/JCI Q1)",SPRINGER,Springer,是,"SCIE; SSCI; SCIE, SSCI",混合为主,"订阅路线通常无APC；选OA约 USD 2,790-4,290",中,https://www.springer.com/gp/open-access,https://www.google.com/search?q=QUALITY+OF+LIFE+RESEARCH+aims+scope+instructions+for+authors+APC
491,2-Q1且IF小于10,2,JOURNAL OF MEDICAL ECONOMICS,J MED ECON,1369-6998,1941-837X,3.1,2.9,Q1,71/336,Q1,Q1,1.01,79.0,177.0,4043.0,"HEALTH CARE SCIENCES & SERVICES; MEDICINE, GENERAL & INTERNAL","HEALTH CARE SCIENCES & SERVICES(JIF Q2/JCI Q2) | MEDICINE, GENERAL & INTERNAL(JIF Q1/JCI Q1)",TAYLOR & FRANCIS LTD,Taylor & Francis,是,SCIE,混合为主,"订阅路线通常无APC；Open Select常见 USD 2,500-3,500",中,https://authorservices.taylorandfrancis.com/publishing-open-access/,https://www.google.com/search?q=JOURNAL+OF+MEDICAL+ECONOMICS+aims+scope+instructions+for+authors+APC
492,2-Q1且IF小于10,2,Neural Regeneration Research,NEURAL REGEN RES,1673-5374,1876-7958,8.5,7.1,Q1,20/330,Q1,Q1,1.17,94.1,176.0,18350.0,CELL BIOLOGY; NEUROSCIENCES,CELL BIOLOGY(JIF Q1/JCI Q1) | NEUROSCIENCES(JIF Q1/JCI Q1),WOLTERS KLUWER MEDKNOW PUBLICATIONS,Wolters Kluwer/LWW,是,SCIE,混合为主,"订阅路线通常无APC；OA常见 USD 2,000-4,000；MEDICINE已拉黑",中,https://wkauthorservices.editage.com/open-access/,https://www.google.com/search?q=Neural+Regeneration+Research+aims+scope+instructions+for+authors+APC
493,2-Q1且IF小于10,2,ANNALS OF EPIDEMIOLOGY,ANN EPIDEMIOL,1047-2797,1873-2585,3.6,3.5,Q1,93/443,Q2,Q2,0.79,79.1,176.0,8401.0,"PUBLIC, ENVIRONMENTAL & OCCUPATIONAL HEALTH","PUBLIC, ENVIRONMENTAL & OCCUPATIONAL HEALTH(JIF Q1/JCI Q2)",ELSEVIER SCIENCE INC,Elsevier,是,SCIE,混合为主,"订阅路线通常无APC；Gold OA常见 USD 2,200-4,200",中,https://www.elsevier.com/open-access/agreements,https://www.google.com/search?q=ANNALS+OF+EPIDEMIOLOGY+aims+scope+instructions+for+authors+APC
494,2-Q1且IF小于10,2,CRITICAL CARE MEDICINE,CRIT CARE MED,0090-3493,1530-0293,7.5,8.1,Q1,8/66,Q1,Q1,1.72,88.6,175.0,41086.0,CRITICAL CARE MEDICINE,CRITICAL CARE MEDICINE(JIF Q1/JCI Q1),LIPPINCOTT WILLIAMS & WILKINS,Wolters Kluwer/LWW,是,SCIE,混合为主,"订阅路线通常无APC；OA常见 USD 2,000-4,000；MEDICINE已拉黑",中,https://wkauthorservices.editage.com/open-access/,https://www.google.com/search?q=CRITICAL+CARE+MEDICINE+aims+scope+instructions+for+authors+APC
495,2-Q1且IF小于10,2,Kidney Medicine,KIDNEY MED,2590-0595,2590-0595,4.1,4.3,Q1,21/134,Q1,Q1,1.14,84.7,175.0,2606.0,UROLOGY & NEPHROLOGY,UROLOGY & NEPHROLOGY(JIF Q1/JCI Q1),ELSEVIER,Elsevier,否,ESCI,混合为主,"订阅路线通常无APC；Gold OA常见 USD 2,200-4,200",中,https://www.elsevier.com/open-access/agreements,https://www.google.com/search?q=Kidney+Medicine+aims+scope+instructions+for+authors+APC
496,2-Q1且IF小于10,2,QUALITATIVE HEALTH RESEARCH,QUAL HEALTH RES,1049-7323,1552-7557,3.1,4.2,Q1,28/275,Q2,Q1,0.98,80.2,175.0,20150.0,"SOCIAL SCIENCES, BIOMEDICAL","SOCIAL SCIENCES, BIOMEDICAL(JIF Q1/JCI Q2)",SAGE PUBLICATIONS INC,SAGE,否,SSCI,混合为主,"订阅路线通常无APC；SAGE Choice常见 USD 2,000-4,000",中,https://us.sagepub.com/en-us/nam/sage-choice,https://www.google.com/search?q=QUALITATIVE+HEALTH+RESEARCH+aims+scope+instructions+for+authors+APC
497,2-Q1且IF小于10,2,HYPERTENSION,HYPERTENSION,0194-911X,1524-4563,9.8,9.2,Q1,7/100,Q1,Q1,2.01,93.5,174.0,42233.0,PERIPHERAL VASCULAR DISEASE,PERIPHERAL VASCULAR DISEASE(JIF Q1/JCI Q1),LIPPINCOTT WILLIAMS & WILKINS,Wolters Kluwer/LWW,是,SCIE,混合为主,"订阅路线通常无APC；OA常见 USD 2,000-4,000；MEDICINE已拉黑",中,https://wkauthorservices.editage.com/open-access/,https://www.google.com/search?q=HYPERTENSION+aims+scope+instructions+for+authors+APC
498,2-Q1且IF小于10,2,Bone & Joint Journal,BONE JOINT J,2049-4394,2049-4394,4.8,5.1,Q1,24/321,Q1,Q1,1.98,92.7,174.0,12895.0,ORTHOPEDICS; SURGERY,ORTHOPEDICS(JIF Q1/JCI Q1) | SURGERY(JIF Q1/JCI Q1),BRITISH EDITORIAL SOC BONE & JOINT SURGERY,其他,是,SCIE,需核实,请查期刊官网 Author / Open Access 页面,未知,,https://www.google.com/search?q=Bone+&+Joint+Journal+aims+scope+instructions+for+authors+APC
499,2-Q1且IF小于10,2,PSYCHOLOGY OF SPORT AND EXERCISE,PSYCHOL SPORT EXERC,1469-0292,1878-5476,3.9,4.6,Q1,13/93,Q1,Q1,1.15,84.9,174.0,11478.0,SPORT SCIENCES,SPORT SCIENCES(JIF Q1/JCI Q1),ELSEVIER,Elsevier,是,SSCI; SCIE,混合为主,"订阅路线通常无APC；Gold OA常见 USD 2,200-4,200",中,https://www.elsevier.com/open-access/agreements,https://www.google.com/search?q=PSYCHOLOGY+OF+SPORT+AND+EXERCISE+aims+scope+instructions+for+authors+APC
500,2-Q1且IF小于10,2,Research in Developmental Disabilities,RES DEV DISABIL,0891-4222,1873-3379,2.9,3.5,Q1,4/62,Q1,Q1,1.89,85.4,174.0,11114.0,REHABILITATION,REHABILITATION(JIF Q1/JCI Q1),PERGAMON-ELSEVIER SCIENCE LTD,Elsevier,否,SSCI,混合为主,"订阅路线通常无APC；Gold OA常见 USD 2,200-4,200",中,https://www.elsevier.com/open-access/agreements,https://www.google.com/search?q=Research+in+Developmental+Disabilities+aims+scope+instructions+for+authors+APC
501,2-Q1且IF小于10,2,Aging and Disease,AGING DIS,2152-5250,2152-5250,9.6,9.6,Q1,6/72,Q1,Q1,1.44,92.4,173.0,10660.0,GERIATRICS & GERONTOLOGY,GERIATRICS & GERONTOLOGY(JIF Q1/JCI Q1),INT SOC AGING & DISEASE,其他,是,SCIE,需核实,请查期刊官网 Author / Open Access 页面,未知,,https://www.google.com/search?q=Aging+and+Disease+aims+scope+instructions+for+authors+APC
502,2-Q1且IF小于10,2,Asian Journal of Psychiatry,ASIAN J PSYCHIATR,1876-2018,1876-2026,4.9,4.8,Q1,44/293,Q1,Q1,1.05,85.2,173.0,7765.0,PSYCHIATRY,PSYCHIATRY(JIF Q1/JCI Q1),ELSEVIER,Elsevier,是,SCIE,混合为主,"订阅路线通常无APC；Gold OA常见 USD 2,200-4,200",中,https://www.elsevier.com/open-access/agreements,https://www.google.com/search?q=Asian+Journal+of+Psychiatry+aims+scope+instructions+for+authors+APC
503,2-Q1且IF小于10,2,Plant Genome,PLANT GENOME-US,,1940-3372,4.3,4.5,Q1,54/285,Q1,Q1,1.0,77.9,173.0,4231.0,GENETICS & HEREDITY,GENETICS & HEREDITY(JIF Q1/JCI Q1),WILEY,Wiley,是,SCIE,混合为主,"订阅路线通常无APC；OnlineOpen常见 USD 3,200-4,700",中,https://authorservices.wiley.com/author-resources/Journal-Authors/open-access/article-publication-charges.html,https://www.google.com/search?q=Plant+Genome+aims+scope+instructions+for+authors+APC
504,2-Q1且IF小于10,2,MEDICAL TEACHER,MED TEACH,0142-159X,1466-187X,4.0,5.2,Q1,13/89,Q1,Q1,1.5,78.6,173.0,15537.0,HEALTH CARE SCIENCES & SERVICES,HEALTH CARE SCIENCES & SERVICES(JIF Q1/JCI Q1),TAYLOR & FRANCIS LTD,Taylor & Francis,是,SCIE,混合为主,"订阅路线通常无APC；Open Select常见 USD 2,500-3,500",中,https://authorservices.taylorandfrancis.com/publishing-open-access/,https://www.google.com/search?q=MEDICAL+TEACHER+aims+scope+instructions+for+authors+APC
505,2-Q1且IF小于10,2,ACTA OBSTETRICIA ET GYNECOLOGICA SCANDINAVICA,ACTA OBSTET GYN SCAN,0001-6349,1600-0412,3.5,3.7,Q1,25/143,Q1,Q1,1.18,82.9,173.0,10938.0,OBSTETRICS & GYNECOLOGY,OBSTETRICS & GYNECOLOGY(JIF Q1/JCI Q1),WILEY,Wiley,是,SCIE,混合为主,"订阅路线通常无APC；OnlineOpen常见 USD 3,200-4,700",中,https://authorservices.wiley.com/author-resources/Journal-Authors/open-access/article-publication-charges.html,https://www.google.com/search?q=ACTA+OBSTETRICIA+ET+GYNECOLOGICA+SCANDINAVICA+aims+scope+instructions+for+authors+APC
506,2-Q1且IF小于10,2,Health Affairs Scholar,HLTH AFF SCH,,2976-5390,4.1,4.1,Q1,12/125,Q1,Q1,1.2,90.8,172.0,1045.0,HEALTH CARE SCIENCES & SERVICES; HEALTH POLICY & SERVICES,HEALTH CARE SCIENCES & SERVICES(JIF Q1/JCI Q1) | HEALTH POLICY & SERVICES(JIF Q1/JCI Q1),OXFORD UNIV PRESS,Oxford UP,否,ESCI,混合为主,订阅路线通常无APC；可选OA，费用因刊而异,中,https://academic.oup.com/pages/open-research/open-access,https://www.google.com/search?q=Health+Affairs+Scholar+aims+scope+instructions+for+authors+APC
507,2-Q1且IF小于10,2,EUROPEAN ARCHIVES OF PSYCHIATRY AND CLINICAL NEUROSCIENCE,EUR ARCH PSY CLIN N,0940-1334,1433-8491,3.9,4.3,Q1,71/293,Q1,Q1,1.05,75.9,172.0,7120.0,CLINICAL NEUROLOGY; PSYCHIATRY,CLINICAL NEUROLOGY(JIF Q2/JCI Q1) | PSYCHIATRY(JIF Q1/JCI Q1),SPRINGER HEIDELBERG,Springer,是,SCIE,混合为主,"订阅路线通常无APC；选OA约 USD 2,790-4,290",中,https://www.springer.com/gp/open-access,https://www.google.com/search?q=EUROPEAN+ARCHIVES+OF+PSYCHIATRY+AND+CLINICAL+NEUROSCIENCE+aims+scope+instructions+for+authors+APC
508,2-Q1且IF小于10,2,AMERICAN JOURNAL OF HUMAN GENETICS,AM J HUM GENET,0002-9297,1537-6605,7.7,9.3,Q1,16/192,Q1,Q1,2.04,91.9,171.0,38769.0,GENETICS & HEREDITY,GENETICS & HEREDITY(JIF Q1/JCI Q1),CELL PRESS,其他,是,SCIE,需核实,请查期刊官网 Author / Open Access 页面,未知,,https://www.google.com/search?q=AMERICAN+JOURNAL+OF+HUMAN+GENETICS+aims+scope+instructions+for+authors+APC
509,2-Q1且IF小于10,2,Microbial Biotechnology,MICROB BIOTECHNOL,1751-7915,1751-7915,6.7,6.5,Q1,24/180,Q1,Q1,1.11,86.9,171.0,10793.0,BIOTECHNOLOGY & APPLIED MICROBIOLOGY; MICROBIOLOGY,BIOTECHNOLOGY & APPLIED MICROBIOLOGY(JIF Q1/JCI Q1) | MICROBIOLOGY(JIF Q1/JCI Q1),WILEY,Wiley,是,SCIE,混合为主,"订阅路线通常无APC；OnlineOpen常见 USD 3,200-4,700",中,https://authorservices.wiley.com/author-resources/Journal-Authors/open-access/article-publication-charges.html,https://www.google.com/search?q=Microbial+Biotechnology+aims+scope+instructions+for+authors+APC
510,2-Q1且IF小于10,2,Australian Critical Care,AUST CRIT CARE,1036-7314,1878-1721,3.6,3.6,Q1,20/194,Q1,Q1,1.19,89.9,171.0,3109.0,CRITICAL CARE MEDICINE; NURSING,CRITICAL CARE MEDICINE(JIF Q2/JCI Q1) | NURSING(JIF Q1/JCI Q1),ELSEVIER SCIENCE INC,Elsevier,是,"SCIE; SCIE, SSCI",混合为主,"订阅路线通常无APC；Gold OA常见 USD 2,200-4,200",中,https://www.elsevier.com/open-access/agreements,https://www.google.com/search?q=Australian+Critical+Care+aims+scope+instructions+for+authors+APC
511,2-Q1且IF小于10,2,JACC-Clinical Electrophysiology,JACC-CLIN ELECTROPHY,2405-500X,2405-5018,7.2,7.6,Q1,31/237,Q1,Q1,1.84,87.1,170.0,8478.0,CARDIAC & CARDIOVASCULAR SYSTEMS,CARDIAC & CARDIOVASCULAR SYSTEMS(JIF Q1/JCI Q1),ELSEVIER,Elsevier,是,SCIE,混合为主,"订阅路线通常无APC；Gold OA常见 USD 2,200-4,200",中,https://www.elsevier.com/open-access/agreements,https://www.google.com/search?q=JACC-Clinical+Electrophysiology+aims+scope+instructions+for+authors+APC
512,2-Q1且IF小于10,2,JOURNAL OF INVESTIGATIVE DERMATOLOGY,J INVEST DERMATOL,0022-202X,1523-1747,7.0,7.2,Q1,7/99,Q1,Q1,2.18,93.4,170.0,34529.0,DERMATOLOGY,DERMATOLOGY(JIF Q1/JCI Q1),ELSEVIER SCIENCE INC,Elsevier,是,SCIE,混合为主,"订阅路线通常无APC；Gold OA常见 USD 2,200-4,200",中,https://www.elsevier.com/open-access/agreements,https://www.google.com/search?q=JOURNAL+OF+INVESTIGATIVE+DERMATOLOGY+aims+scope+instructions+for+authors+APC
513,2-Q1且IF小于10,2,SCHIZOPHRENIA BULLETIN,SCHIZOPHRENIA BULL,0586-7614,1745-1701,5.7,6.4,Q1,32/293,Q1,Q1,1.46,89.2,170.0,19698.0,PSYCHIATRY,PSYCHIATRY(JIF Q1/JCI Q1),OXFORD UNIV PRESS,Oxford UP,是,"SCIE, SSCI",混合为主,订阅路线通常无APC；可选OA，费用因刊而异,中,https://academic.oup.com/pages/open-research/open-access,https://www.google.com/search?q=SCHIZOPHRENIA+BULLETIN+aims+scope+instructions+for+authors+APC
514,2-Q1且IF小于10,2,Ophthalmology and Therapy,OPHTHALMOL THER,2193-8245,2193-6528,4.2,4.0,Q1,18/98,Q1,Q1,1.3,82.1,169.0,3724.0,OPHTHALMOLOGY,OPHTHALMOLOGY(JIF Q1/JCI Q1),SPRINGER INT PUBL AG,Springer,是,SCIE,混合为主,"订阅路线通常无APC；选OA约 USD 2,790-4,290",中,https://www.springer.com/gp/open-access,https://www.google.com/search?q=Ophthalmology+and+Therapy+aims+scope+instructions+for+authors+APC
515,2-Q1且IF小于10,2,DIABETES,DIABETES,0012-1797,1939-327X,9.3,7.9,Q1,13/198,Q1,Q1,1.47,93.7,168.0,46512.0,ENDOCRINOLOGY & METABOLISM,ENDOCRINOLOGY & METABOLISM(JIF Q1/JCI Q1),AMER DIABETES ASSOC,其他,是,SCIE,需核实,请查期刊官网 Author / Open Access 页面,未知,,https://www.google.com/search?q=DIABETES+aims+scope+instructions+for+authors+APC
516,2-Q1且IF小于10,2,TRANSPLANTATION,TRANSPLANTATION,0041-1337,1534-6080,4.9,4.6,Q1,20/321,Q1,Q1,1.57,93.9,168.0,23011.0,IMMUNOLOGY; SURGERY; TRANSPLANTATION,IMMUNOLOGY(JIF Q2/JCI Q1) | SURGERY(JIF Q1/JCI Q1) | TRANSPLANTATION(JIF Q1/JCI Q1),LIPPINCOTT WILLIAMS & WILKINS,Wolters Kluwer/LWW,是,SCIE,混合为主,"订阅路线通常无APC；OA常见 USD 2,000-4,000；MEDICINE已拉黑",中,https://wkauthorservices.editage.com/open-access/,https://www.google.com/search?q=TRANSPLANTATION+aims+scope+instructions+for+authors+APC
517,2-Q1且IF小于10,2,EUROPEAN JOURNAL OF HUMAN GENETICS,EUR J HUM GENET,1018-4813,1476-5438,4.6,4.9,Q1,38/192,Q1,Q1,0.99,80.5,168.0,13149.0,BIOCHEMISTRY & MOLECULAR BIOLOGY; GENETICS & HEREDITY,BIOCHEMISTRY & MOLECULAR BIOLOGY(JIF Q2/JCI Q1) | GENETICS & HEREDITY(JIF Q1/JCI Q1),SPRINGERNATURE,Springer Nature,是,SCIE,混合/全OA,"全OA约 USD 2,090-3,490；Nature系更高；Scientific Reports已拉黑",中高,https://www.springernature.com/gp/open-research/journals-books/journals,https://www.google.com/search?q=EUROPEAN+JOURNAL+OF+HUMAN+GENETICS+aims+scope+instructions+for+authors+APC
518,2-Q1且IF小于10,2,JOURNAL OF MAGNETIC RESONANCE IMAGING,J MAGN RESON IMAGING,1053-1807,1522-2586,4.3,4.6,Q1,40/217,Q1,Q1,1.1,81.8,168.0,21057.0,"RADIOLOGY, NUCLEAR MEDICINE & MEDICAL IMAGING","RADIOLOGY, NUCLEAR MEDICINE & MEDICAL IMAGING(JIF Q1/JCI Q1)",WILEY,Wiley,是,SCIE,混合为主,"订阅路线通常无APC；OnlineOpen常见 USD 3,200-4,700",中,https://authorservices.wiley.com/author-resources/Journal-Authors/open-access/article-publication-charges.html,https://www.google.com/search?q=JOURNAL+OF+MAGNETIC+RESONANCE+IMAGING+aims+scope+instructions+for+authors+APC
519,2-Q1且IF小于10,2,HEALTH & PLACE,HEALTH PLACE,1353-8292,1873-2054,4.2,4.8,Q1,71/443,Q1,Q1,1.3,84.1,168.0,12189.0,"PUBLIC, ENVIRONMENTAL & OCCUPATIONAL HEALTH","PUBLIC, ENVIRONMENTAL & OCCUPATIONAL HEALTH(JIF Q1/JCI Q1)",ELSEVIER SCI LTD,Elsevier,是,"SCIE, SSCI",混合为主,"订阅路线通常无APC；Gold OA常见 USD 2,200-4,200",中,https://www.elsevier.com/open-access/agreements,https://www.google.com/search?q=HEALTH+&+PLACE+aims+scope+instructions+for+authors+APC
520,2-Q1且IF小于10,2,Kidney360,KIDNEY360,2641-7650,2641-7650,3.6,3.8,Q1,28/134,Q1,Q1,0.96,79.5,168.0,3692.0,UROLOGY & NEPHROLOGY,UROLOGY & NEPHROLOGY(JIF Q1/JCI Q1),AMER SOC NEPHROLOGY,其他,否,ESCI,需核实,请查期刊官网 Author / Open Access 页面,未知,,https://www.google.com/search?q=Kidney360+aims+scope+instructions+for+authors+APC
521,2-Q1且IF小于10,2,FERTILITY AND STERILITY,FERTIL STERIL,0015-0282,1556-5653,8.1,8.0,Q1,3/143,Q1,Q1,2.4,98.3,167.0,44012.0,OBSTETRICS & GYNECOLOGY; REPRODUCTIVE BIOLOGY,OBSTETRICS & GYNECOLOGY(JIF Q1/JCI Q1) | REPRODUCTIVE BIOLOGY(JIF Q1/JCI Q1),ELSEVIER SCIENCE INC,Elsevier,是,SCIE,混合为主,"订阅路线通常无APC；Gold OA常见 USD 2,200-4,200",中,https://www.elsevier.com/open-access/agreements,https://www.google.com/search?q=FERTILITY+AND+STERILITY+aims+scope+instructions+for+authors+APC
522,2-Q1且IF小于10,2,International Journal of Antimicrobial Agents,INT J ANTIMICROB AG,0924-8579,1872-7913,5.0,4.9,Q1,23/141,Q1,Q1,1.24,84.0,167.0,14903.0,INFECTIOUS DISEASES; MICROBIOLOGY; PHARMACOLOGY & PHARMACY,INFECTIOUS DISEASES(JIF Q1/JCI Q1) | MICROBIOLOGY(JIF Q2/JCI Q1) | PHARMACOLOGY & PHARMACY(JIF Q1/JCI Q1),ELSEVIER,Elsevier,是,SCIE,混合为主,"订阅路线通常无APC；Gold OA常见 USD 2,200-4,200",中,https://www.elsevier.com/open-access/agreements,https://www.google.com/search?q=International+Journal+of+Antimicrobial+Agents+aims+scope+instructions+for+authors+APC
523,2-Q1且IF小于10,2,"Alzheimer's & Dementia: Diagnosis, Assessment & Disease Monitoring",ALZH DEMENT-DADM,,2352-8729,4.9,5.6,Q1,41/296,Q1,Q1,1.25,86.3,167.0,4349.0,CLINICAL NEUROLOGY; NEUROSCIENCES,CLINICAL NEUROLOGY(JIF Q1/JCI Q1) | NEUROSCIENCES(JIF Q1/JCI Q1),WILEY,Wiley,否,ESCI,混合为主,"订阅路线通常无APC；OnlineOpen常见 USD 3,200-4,700",中,https://authorservices.wiley.com/author-resources/Journal-Authors/open-access/article-publication-charges.html,"https://www.google.com/search?q=Alzheimer's+&+Dementia:+Diagnosis,+Assessment+&+Disease+Monitoring+aims+scope+instructions+for+authors+APC"
524,2-Q1且IF小于10,2,VALUE IN HEALTH,VALUE HEALTH,1098-3015,1524-4733,6.2,6.5,Q1,5/125,Q1,Q1,1.58,96.4,166.0,17374.0,HEALTH CARE SCIENCES & SERVICES; HEALTH POLICY & SERVICES,HEALTH CARE SCIENCES & SERVICES(JIF Q1/JCI Q1) | HEALTH POLICY & SERVICES(JIF Q1/JCI Q1),ELSEVIER SCIENCE INC,Elsevier,是,SSCI; SCIE,混合为主,"订阅路线通常无APC；Gold OA常见 USD 2,200-4,200",中,https://www.elsevier.com/open-access/agreements,https://www.google.com/search?q=VALUE+IN+HEALTH+aims+scope+instructions+for+authors+APC
525,2-Q1且IF小于10,2,OBSTETRICS AND GYNECOLOGY,OBSTET GYNECOL,0029-7844,0029-7844,5.1,6.1,Q1,10/143,Q1,Q1,1.84,93.4,166.0,34826.0,OBSTETRICS & GYNECOLOGY,OBSTETRICS & GYNECOLOGY(JIF Q1/JCI Q1),LIPPINCOTT WILLIAMS & WILKINS,Wolters Kluwer/LWW,是,SCIE,混合为主,"订阅路线通常无APC；OA常见 USD 2,000-4,000；MEDICINE已拉黑",中,https://wkauthorservices.editage.com/open-access/,https://www.google.com/search?q=OBSTETRICS+AND+GYNECOLOGY+aims+scope+instructions+for+authors+APC
526,2-Q1且IF小于10,2,SHOCK,SHOCK,1073-2322,1540-0514,2.7,3.0,Q1,73/321,Q1,Q1,0.9,77.4,166.0,8987.0,CRITICAL CARE MEDICINE; HEMATOLOGY; PERIPHERAL VASCULAR DISEASE; SURGERY,CRITICAL CARE MEDICINE(JIF Q2/JCI Q2) | HEMATOLOGY(JIF Q2/JCI Q1) | PERIPHERAL VASCULAR DISEASE(JIF Q2/JCI Q1) | SURGERY(JIF Q1/JCI Q2),LIPPINCOTT WILLIAMS & WILKINS,Wolters Kluwer/LWW,是,SCIE,混合为主,"订阅路线通常无APC；OA常见 USD 2,000-4,000；MEDICINE已拉黑",中,https://wkauthorservices.editage.com/open-access/,https://www.google.com/search?q=SHOCK+aims+scope+instructions+for+authors+APC
527,2-Q1且IF小于10,2,NEUROPSYCHOPHARMACOLOGY,NEUROPSYCHOPHARMACOL,0893-133X,1740-634X,7.6,9.1,Q1,16/293,Q1,Q1,1.63,94.7,165.0,32107.0,NEUROSCIENCES; PHARMACOLOGY & PHARMACY; PSYCHIATRY,NEUROSCIENCES(JIF Q1/JCI Q1) | PHARMACOLOGY & PHARMACY(JIF Q1/JCI Q1) | PSYCHIATRY(JIF Q1/JCI Q1),SPRINGERNATURE,Springer Nature,是,SCIE,混合/全OA,"全OA约 USD 2,090-3,490；Nature系更高；Scientific Reports已拉黑",中高,https://www.springernature.com/gp/open-research/journals-books/journals,https://www.google.com/search?q=NEUROPSYCHOPHARMACOLOGY+aims+scope+instructions+for+authors+APC
528,2-Q1且IF小于10,2,Journal of the American College of Radiology,J AM COLL RADIOL,1546-1440,1558-349X,5.3,4.7,Q1,27/217,Q1,Q1,1.35,87.8,165.0,8348.0,"RADIOLOGY, NUCLEAR MEDICINE & MEDICAL IMAGING","RADIOLOGY, NUCLEAR MEDICINE & MEDICAL IMAGING(JIF Q1/JCI Q1)",ELSEVIER SCIENCE INC,Elsevier,是,SCIE,混合为主,"订阅路线通常无APC；Gold OA常见 USD 2,200-4,200",中,https://www.elsevier.com/open-access/agreements,https://www.google.com/search?q=Journal+of+the+American+College+of+Radiology+aims+scope+instructions+for+authors+APC
529,2-Q1且IF小于10,2,ANTIVIRAL RESEARCH,ANTIVIR RES,0166-3542,1872-9096,4.3,4.3,Q1,7/44,Q1,Q1,1.24,85.2,164.0,11391.0,PHARMACOLOGY & PHARMACY; VIROLOGY,PHARMACOLOGY & PHARMACY(JIF Q2/JCI Q1) | VIROLOGY(JIF Q1/JCI Q1),ELSEVIER,Elsevier,是,SCIE,混合为主,"订阅路线通常无APC；Gold OA常见 USD 2,200-4,200",中,https://www.elsevier.com/open-access/agreements,https://www.google.com/search?q=ANTIVIRAL+RESEARCH+aims+scope+instructions+for+authors+APC
530,2-Q1且IF小于10,2,Orthopaedics & Traumatology-Surgery & Research,ORTHOP TRAUMATOL-SUR,1877-0568,1877-0568,2.7,2.8,Q1,73/321,Q1,Q1,1.09,77.4,163.0,8608.0,ORTHOPEDICS; SURGERY,ORTHOPEDICS(JIF Q2/JCI Q1) | SURGERY(JIF Q1/JCI Q1),"ELSEVIER MASSON, CORP OFF",Elsevier,是,SCIE,混合为主,"订阅路线通常无APC；Gold OA常见 USD 2,200-4,200",中,https://www.elsevier.com/open-access/agreements,https://www.google.com/search?q=Orthopaedics+&+Traumatology-Surgery+&+Research+aims+scope+instructions+for+authors+APC
531,2-Q1且IF小于10,2,JOURNAL OF ENDODONTICS,J ENDODONT,0099-2399,1878-3554,3.9,4.5,Q1,25/165,Q1,Q1,1.67,85.2,162.0,21649.0,"DENTISTRY, ORAL SURGERY & MEDICINE","DENTISTRY, ORAL SURGERY & MEDICINE(JIF Q1/JCI Q1)",ELSEVIER SCIENCE INC,Elsevier,是,SCIE,混合为主,"订阅路线通常无APC；Gold OA常见 USD 2,200-4,200",中,https://www.elsevier.com/open-access/agreements,https://www.google.com/search?q=JOURNAL+OF+ENDODONTICS+aims+scope+instructions+for+authors+APC
532,2-Q1且IF小于10,2,BEHAVIOUR RESEARCH AND THERAPY,BEHAV RES THER,0005-7967,1873-622X,4.3,5.1,Q1,22/184,Q1,Q1,1.72,88.3,161.0,22512.0,"PSYCHOLOGY, CLINICAL","PSYCHOLOGY, CLINICAL(JIF Q1/JCI Q1)",PERGAMON-ELSEVIER SCIENCE LTD,Elsevier,否,SSCI,混合为主,"订阅路线通常无APC；Gold OA常见 USD 2,200-4,200",中,https://www.elsevier.com/open-access/agreements,https://www.google.com/search?q=BEHAVIOUR+RESEARCH+AND+THERAPY+aims+scope+instructions+for+authors+APC
533,2-Q1且IF小于10,2,REGULATORY TOXICOLOGY AND PHARMACOLOGY,REGUL TOXICOL PHARM,0273-2300,1096-0295,4.3,4.5,Q1,1/24,Q1,Q1,1.35,97.9,161.0,10942.0,"MEDICINE, LEGAL; PHARMACOLOGY & PHARMACY; TOXICOLOGY","MEDICINE, LEGAL(JIF Q1/JCI Q1) | PHARMACOLOGY & PHARMACY(JIF Q2/JCI Q1) | TOXICOLOGY(JIF Q2/JCI Q1)",ACADEMIC PRESS INC ELSEVIER SCIENCE,Elsevier,是,SCIE,混合为主,"订阅路线通常无APC；Gold OA常见 USD 2,200-4,200",中,https://www.elsevier.com/open-access/agreements,https://www.google.com/search?q=REGULATORY+TOXICOLOGY+AND+PHARMACOLOGY+aims+scope+instructions+for+authors+APC
534,2-Q1且IF小于10,2,Anatomical Record-Advances in Integrative Anatomy and Evolutionary Biology,ANAT REC,1932-8486,1932-8494,2.6,2.5,Q1,3/25,Q1,Q1,1.36,90.0,161.0,7878.0,ANATOMY & MORPHOLOGY,ANATOMY & MORPHOLOGY(JIF Q1/JCI Q1),WILEY,Wiley,是,SCIE,混合为主,"订阅路线通常无APC；OnlineOpen常见 USD 3,200-4,700",中,https://authorservices.wiley.com/author-resources/Journal-Authors/open-access/article-publication-charges.html,https://www.google.com/search?q=Anatomical+Record-Advances+in+Integrative+Anatomy+and+Evolutionary+Biology+aims+scope+instructions+for+authors+APC
535,2-Q1且IF小于10,2,INTERNATIONAL JOURNAL OF EPIDEMIOLOGY,INT J EPIDEMIOL,0300-5771,1464-3685,5.7,7.8,Q1,39/443,Q1,Q1,1.84,91.3,160.0,40010.0,"PUBLIC, ENVIRONMENTAL & OCCUPATIONAL HEALTH","PUBLIC, ENVIRONMENTAL & OCCUPATIONAL HEALTH(JIF Q1/JCI Q1)",OXFORD UNIV PRESS,Oxford UP,是,SCIE,混合为主,订阅路线通常无APC；可选OA，费用因刊而异,中,https://academic.oup.com/pages/open-research/open-access,https://www.google.com/search?q=INTERNATIONAL+JOURNAL+OF+EPIDEMIOLOGY+aims+scope+instructions+for+authors+APC
536,2-Q1且IF小于10,2,NURSING OUTLOOK,NURS OUTLOOK,0029-6554,1528-3968,3.8,4.2,Q1,17/194,Q1,Q1,1.62,91.5,160.0,4086.0,NURSING,NURSING(JIF Q1/JCI Q1),ELSEVIER SCIENCE INC,Elsevier,是,"SCIE, SSCI",混合为主,"订阅路线通常无APC；Gold OA常见 USD 2,200-4,200",中,https://www.elsevier.com/open-access/agreements,https://www.google.com/search?q=NURSING+OUTLOOK+aims+scope+instructions+for+authors+APC
537,2-Q1且IF小于10,2,JOURNAL OF THE AMERICAN COLLEGE OF SURGEONS,J AM COLL SURGEONS,1072-7515,1879-1190,3.2,3.7,Q1,55/321,Q1,Q1,1.6,83.0,160.0,15190.0,SURGERY,SURGERY(JIF Q1/JCI Q1),LIPPINCOTT WILLIAMS & WILKINS,Wolters Kluwer/LWW,是,SCIE,混合为主,"订阅路线通常无APC；OA常见 USD 2,000-4,000；MEDICINE已拉黑",中,https://wkauthorservices.editage.com/open-access/,https://www.google.com/search?q=JOURNAL+OF+THE+AMERICAN+COLLEGE+OF+SURGEONS+aims+scope+instructions+for+authors+APC
538,2-Q1且IF小于10,2,GENETICS IN MEDICINE,GENET MED,1098-3600,1530-0366,6.2,7.3,Q1,24/192,Q1,Q1,1.59,87.8,159.0,21466.0,GENETICS & HEREDITY,GENETICS & HEREDITY(JIF Q1/JCI Q1),ELSEVIER SCIENCE INC,Elsevier,是,SCIE,混合为主,"订阅路线通常无APC；Gold OA常见 USD 2,200-4,200",中,https://www.elsevier.com/open-access/agreements,https://www.google.com/search?q=GENETICS+IN+MEDICINE+aims+scope+instructions+for+authors+APC
539,2-Q1且IF小于10,2,Radiologia Medica,RADIOL MED,0033-8362,1826-6983,5.3,4.5,Q1,27/217,Q1,Q1,1.51,87.8,159.0,5412.0,"RADIOLOGY, NUCLEAR MEDICINE & MEDICAL IMAGING","RADIOLOGY, NUCLEAR MEDICINE & MEDICAL IMAGING(JIF Q1/JCI Q1)",SPRINGER-VERLAG ITALIA SRL,Springer,是,SCIE,混合为主,"订阅路线通常无APC；选OA约 USD 2,790-4,290",中,https://www.springer.com/gp/open-access,https://www.google.com/search?q=Radiologia+Medica+aims+scope+instructions+for+authors+APC
540,2-Q1且IF小于10,2,CURRENT OPINION IN STRUCTURAL BIOLOGY,CURR OPIN STRUC BIOL,0959-440X,1879-033X,7.8,7.1,Q1,43/328,Q1,Q1,1.35,87.0,158.0,13672.0,BIOCHEMISTRY & MOLECULAR BIOLOGY; CELL BIOLOGY,BIOCHEMISTRY & MOLECULAR BIOLOGY(JIF Q1/JCI Q1) | CELL BIOLOGY(JIF Q1/JCI Q1),CURRENT BIOLOGY LTD,其他,是,SCIE,需核实,请查期刊官网 Author / Open Access 页面,未知,,https://www.google.com/search?q=CURRENT+OPINION+IN+STRUCTURAL+BIOLOGY+aims+scope+instructions+for+authors+APC
541,2-Q1且IF小于10,2,Clinical Lymphoma Myeloma & Leukemia,CL LYMPH MYELOM LEUK,2152-2650,2152-2669,4.1,2.8,Q1,25/103,Q2,Q2,0.56,76.2,158.0,4812.0,HEMATOLOGY; ONCOLOGY,HEMATOLOGY(JIF Q1/JCI Q2) | ONCOLOGY(JIF Q2/JCI Q3),"CIG MEDIA GROUP, LP",其他,是,SCIE,需核实,请查期刊官网 Author / Open Access 页面,未知,,https://www.google.com/search?q=Clinical+Lymphoma+Myeloma+&+Leukemia+aims+scope+instructions+for+authors+APC
542,2-Q1且IF小于10,2,SSM-Mental Health,SSM-MENT HEALTH,2666-5603,2666-5603,3.4,3.9,Q1,101/443,Q2,Q2,0.86,77.3,158.0,1407.0,"PSYCHIATRY; PUBLIC, ENVIRONMENTAL & OCCUPATIONAL HEALTH","PSYCHIATRY(JIF Q2/JCI Q2) | PUBLIC, ENVIRONMENTAL & OCCUPATIONAL HEALTH(JIF Q1/JCI Q2)",ELSEVIER,Elsevier,否,ESCI,混合为主,"订阅路线通常无APC；Gold OA常见 USD 2,200-4,200",中,https://www.elsevier.com/open-access/agreements,https://www.google.com/search?q=SSM-Mental+Health+aims+scope+instructions+for+authors+APC
543,2-Q1且IF小于10,2,Artificial Intelligence in Medicine,ARTIF INTELL MED,0933-3657,1873-2860,7.8,7.9,Q1,5/54,Q1,Q1,1.28,91.7,157.0,9654.0,"ENGINEERING, BIOMEDICAL; MEDICAL INFORMATICS","ENGINEERING, BIOMEDICAL(JIF Q1/JCI Q1) | MEDICAL INFORMATICS(JIF Q1/JCI Q1)",ELSEVIER,Elsevier,是,SCIE,混合为主,"订阅路线通常无APC；Gold OA常见 USD 2,200-4,200",中,https://www.elsevier.com/open-access/agreements,https://www.google.com/search?q=Artificial+Intelligence+in+Medicine+aims+scope+instructions+for+authors+APC
544,2-Q1且IF小于10,2,Annals of the American Thoracic Society,ANN AM THORAC SOC,2329-6933,2325-6621,6.0,6.4,Q1,12/107,Q1,Q1,1.5,89.3,157.0,12195.0,RESPIRATORY SYSTEM,RESPIRATORY SYSTEM(JIF Q1/JCI Q1),OXFORD UNIV PRESS,Oxford UP,是,SCIE,混合为主,订阅路线通常无APC；可选OA，费用因刊而异,中,https://academic.oup.com/pages/open-research/open-access,https://www.google.com/search?q=Annals+of+the+American+Thoracic+Society+aims+scope+instructions+for+authors+APC
545,2-Q1且IF小于10,2,HEALTH AFFAIRS,HEALTH AFFAIR,0278-2715,0278-2715,6.7,8.1,Q1,4/125,Q1,Q1,2.53,97.2,156.0,20492.0,HEALTH CARE SCIENCES & SERVICES; HEALTH POLICY & SERVICES,HEALTH CARE SCIENCES & SERVICES(JIF Q1/JCI Q1) | HEALTH POLICY & SERVICES(JIF Q1/JCI Q1),Health Affairs Publishing LLC,其他,是,SCIE; SSCI,需核实,请查期刊官网 Author / Open Access 页面,未知,,https://www.google.com/search?q=HEALTH+AFFAIRS+aims+scope+instructions+for+authors+APC
546,2-Q1且IF小于10,2,JOURNAL OF CEREBRAL BLOOD FLOW AND METABOLISM,J CEREBR BLOOD F MET,0271-678X,1559-7016,4.7,6.1,Q1,20/103,Q1,Q1,1.08,81.1,156.0,21191.0,ENDOCRINOLOGY & METABOLISM; HEMATOLOGY; NEUROSCIENCES,ENDOCRINOLOGY & METABOLISM(JIF Q2/JCI Q1) | HEMATOLOGY(JIF Q1/JCI Q1) | NEUROSCIENCES(JIF Q1/JCI Q1),SAGE PUBLICATIONS INC,SAGE,是,SCIE,混合为主,"订阅路线通常无APC；SAGE Choice常见 USD 2,000-4,000",中,https://us.sagepub.com/en-us/nam/sage-choice,https://www.google.com/search?q=JOURNAL+OF+CEREBRAL+BLOOD+FLOW+AND+METABOLISM+aims+scope+instructions+for+authors+APC
547,2-Q1且IF小于10,2,JAMIA Open,JAMIA OPEN,,2574-2531,4.7,3.9,Q1,29/194,Q2,Q2,0.98,85.3,156.0,2643.0,HEALTH CARE SCIENCES & SERVICES; MEDICAL INFORMATICS,HEALTH CARE SCIENCES & SERVICES(JIF Q1/JCI Q2) | MEDICAL INFORMATICS(JIF Q2/JCI Q2),OXFORD UNIV PRESS,Oxford UP,否,ESCI,混合为主,订阅路线通常无APC；可选OA，费用因刊而异,中,https://academic.oup.com/pages/open-research/open-access,https://www.google.com/search?q=JAMIA+Open+aims+scope+instructions+for+authors+APC
548,2-Q1且IF小于10,2,JOURNAL OF SAFETY RESEARCH,J SAFETY RES,0022-4375,1879-1247,4.3,4.8,Q1,16/275,Q1,Q1,1.26,85.2,156.0,7579.0,"PUBLIC, ENVIRONMENTAL & OCCUPATIONAL HEALTH","PUBLIC, ENVIRONMENTAL & OCCUPATIONAL HEALTH(JIF Q1/JCI Q1)",PERGAMON-ELSEVIER SCIENCE LTD,Elsevier,否,SSCI,混合为主,"订阅路线通常无APC；Gold OA常见 USD 2,200-4,200",中,https://www.elsevier.com/open-access/agreements,https://www.google.com/search?q=JOURNAL+OF+SAFETY+RESEARCH+aims+scope+instructions+for+authors+APC
549,2-Q1且IF小于10,2,Clinical Journal of the American Society of Nephrology,CLIN J AM SOC NEPHRO,1555-9041,1555-905X,7.0,8.6,Q1,12/134,Q1,Q1,2.22,91.4,155.0,22103.0,UROLOGY & NEPHROLOGY,UROLOGY & NEPHROLOGY(JIF Q1/JCI Q1),AMER SOC NEPHROLOGY,其他,是,SCIE,需核实,请查期刊官网 Author / Open Access 页面,未知,,https://www.google.com/search?q=Clinical+Journal+of+the+American+Society+of+Nephrology+aims+scope+instructions+for+authors+APC
550,2-Q1且IF小于10,2,MATURITAS,MATURITAS,0378-5122,1873-4111,4.2,5.3,Q1,15/143,Q1,Q1,1.03,89.9,155.0,12467.0,GERIATRICS & GERONTOLOGY; OBSTETRICS & GYNECOLOGY,GERIATRICS & GERONTOLOGY(JIF Q2/JCI Q2) | OBSTETRICS & GYNECOLOGY(JIF Q1/JCI Q1),ELSEVIER IRELAND LTD,Elsevier,是,SCIE,混合为主,"订阅路线通常无APC；Gold OA常见 USD 2,200-4,200",中,https://www.elsevier.com/open-access/agreements,https://www.google.com/search?q=MATURITAS+aims+scope+instructions+for+authors+APC
551,2-Q1且IF小于10,2,Neurocritical Care,NEUROCRIT CARE,1541-6933,1556-0961,4.2,3.7,Q1,61/296,Q2,Q2,0.94,79.6,155.0,7605.0,CLINICAL NEUROLOGY; CRITICAL CARE MEDICINE,CLINICAL NEUROLOGY(JIF Q1/JCI Q2) | CRITICAL CARE MEDICINE(JIF Q1/JCI Q2),HUMANA PRESS INC,其他,是,SCIE,需核实,请查期刊官网 Author / Open Access 页面,未知,,https://www.google.com/search?q=Neurocritical+Care+aims+scope+instructions+for+authors+APC
552,2-Q1且IF小于10,2,Arthritis & Rheumatology,ARTHRITIS RHEUMATOL,2326-5191,2326-5205,9.9,10.8,Q1,4/58,Q1,Q1,2.99,94.0,154.0,22770.0,RHEUMATOLOGY,RHEUMATOLOGY(JIF Q1/JCI Q1),WILEY,Wiley,是,SCIE,混合为主,"订阅路线通常无APC；OnlineOpen常见 USD 3,200-4,700",中,https://authorservices.wiley.com/author-resources/Journal-Authors/open-access/article-publication-charges.html,https://www.google.com/search?q=Arthritis+&+Rheumatology+aims+scope+instructions+for+authors+APC
553,2-Q1且IF小于10,2,GigaScience,GIGASCIENCE,2047-217X,2047-217X,5.0,12.2,Q1,20/140,Q1,Q1,1.27,86.1,154.0,13837.0,MULTIDISCIPLINARY SCIENCES,MULTIDISCIPLINARY SCIENCES(JIF Q1/JCI Q1),OXFORD UNIV PRESS,Oxford UP,是,SCIE,混合为主,订阅路线通常无APC；可选OA，费用因刊而异,中,https://academic.oup.com/pages/open-research/open-access,https://www.google.com/search?q=GigaScience+aims+scope+instructions+for+authors+APC
554,2-Q1且IF小于10,2,Psychology Research and Behavior Management,PSYCHOL RES BEHAV MA,1179-1578,1179-1578,4.5,4.5,Q1,18/184,Q1,Q1,1.3,90.5,154.0,7284.0,"PSYCHOLOGY, CLINICAL","PSYCHOLOGY, CLINICAL(JIF Q1/JCI Q1)",DOVE MEDICAL PRESS LTD,其他,否,SSCI,需核实,请查期刊官网 Author / Open Access 页面,未知,,https://www.google.com/search?q=Psychology+Research+and+Behavior+Management+aims+scope+instructions+for+authors+APC
555,2-Q1且IF小于10,2,International Journal of Transgender Health,INT J TRANSGEND HEAL,2689-5269,2689-5277,8.4,10.1,Q1,2/275,Q1,Q1,1.96,98.1,153.0,3422.0,"PSYCHOLOGY, CLINICAL; PUBLIC, ENVIRONMENTAL & OCCUPATIONAL HEALTH; SOCIAL SCIENCES, BIOMEDICAL","PSYCHOLOGY, CLINICAL(JIF Q1/JCI Q1) | PUBLIC, ENVIRONMENTAL & OCCUPATIONAL HEALTH(JIF Q1/JCI Q1) | SOCIAL SCIENCES, BIOMEDICAL(JIF Q1/JCI Q1)",TAYLOR & FRANCIS INC,Taylor & Francis,是,"SSCI; SCIE, SSCI",混合为主,"订阅路线通常无APC；Open Select常见 USD 2,500-3,500",中,https://authorservices.taylorandfrancis.com/publishing-open-access/,https://www.google.com/search?q=International+Journal+of+Transgender+Health+aims+scope+instructions+for+authors+APC
556,2-Q1且IF小于10,2,Diabetes Technology & Therapeutics,DIABETES TECHNOL THE,1520-9156,1557-8593,7.4,5.8,Q1,21/198,Q1,Q1,1.66,89.6,153.0,7849.0,ENDOCRINOLOGY & METABOLISM,ENDOCRINOLOGY & METABOLISM(JIF Q1/JCI Q1),SAGE PUBLICATIONS INC,SAGE,是,SCIE,混合为主,"订阅路线通常无APC；SAGE Choice常见 USD 2,000-4,000",中,https://us.sagepub.com/en-us/nam/sage-choice,https://www.google.com/search?q=Diabetes+Technology+&+Therapeutics+aims+scope+instructions+for+authors+APC
557,2-Q1且IF小于10,2,Journal of Cystic Fibrosis,J CYST FIBROS,1569-1993,1873-5010,5.5,4.7,Q1,14/107,Q1,Q1,1.59,87.4,153.0,7197.0,RESPIRATORY SYSTEM,RESPIRATORY SYSTEM(JIF Q1/JCI Q1),ELSEVIER,Elsevier,是,SCIE,混合为主,"订阅路线通常无APC；Gold OA常见 USD 2,200-4,200",中,https://www.elsevier.com/open-access/agreements,https://www.google.com/search?q=Journal+of+Cystic+Fibrosis+aims+scope+instructions+for+authors+APC
558,2-Q1且IF小于10,2,JBJS Open Access,JBJS OPEN ACCESS,,2472-7245,4.9,,Q1,20/321,Q1,Q1,1.59,93.9,153.0,1790.0,ORTHOPEDICS; SURGERY,ORTHOPEDICS(JIF Q1/JCI Q1) | SURGERY(JIF Q1/JCI Q1),LIPPINCOTT WILLIAMS & WILKINS,Wolters Kluwer/LWW,否,ESCI,混合为主,"订阅路线通常无APC；OA常见 USD 2,000-4,000；MEDICINE已拉黑",中,https://wkauthorservices.editage.com/open-access/,https://www.google.com/search?q=JBJS+Open+Access+aims+scope+instructions+for+authors+APC
559,2-Q1且IF小于10,2,PRENATAL DIAGNOSIS,PRENATAL DIAG,0197-3851,1097-0223,3.1,3.0,Q1,33/143,Q2,Q2,0.82,77.3,153.0,6914.0,GENETICS & HEREDITY; OBSTETRICS & GYNECOLOGY,GENETICS & HEREDITY(JIF Q2/JCI Q2) | OBSTETRICS & GYNECOLOGY(JIF Q1/JCI Q2),WILEY,Wiley,是,SCIE,混合为主,"订阅路线通常无APC；OnlineOpen常见 USD 3,200-4,700",中,https://authorservices.wiley.com/author-resources/Journal-Authors/open-access/article-publication-charges.html,https://www.google.com/search?q=PRENATAL+DIAGNOSIS+aims+scope+instructions+for+authors+APC
560,2-Q1且IF小于10,2,ARTERIOSCLEROSIS THROMBOSIS AND VASCULAR BIOLOGY,ARTERIOSCL THROM VAS,1079-5642,1524-4636,8.8,9.3,Q1,8/100,Q1,Q1,1.93,92.5,152.0,36197.0,HEMATOLOGY; PERIPHERAL VASCULAR DISEASE,HEMATOLOGY(JIF Q1/JCI Q1) | PERIPHERAL VASCULAR DISEASE(JIF Q1/JCI Q1),LIPPINCOTT WILLIAMS & WILKINS,Wolters Kluwer/LWW,是,SCIE,混合为主,"订阅路线通常无APC；OA常见 USD 2,000-4,000；MEDICINE已拉黑",中,https://wkauthorservices.editage.com/open-access/,https://www.google.com/search?q=ARTERIOSCLEROSIS+THROMBOSIS+AND+VASCULAR+BIOLOGY+aims+scope+instructions+for+authors+APC
561,2-Q1且IF小于10,2,Journal of Prosthodontics-Implant Esthetic and Reconstructive Dentistry,J PROSTHODONT,1059-941X,1532-849X,3.6,4.9,Q1,31/165,Q1,Q1,1.36,81.5,152.0,7727.0,"DENTISTRY, ORAL SURGERY & MEDICINE","DENTISTRY, ORAL SURGERY & MEDICINE(JIF Q1/JCI Q1)",WILEY,Wiley,是,SCIE,混合为主,"订阅路线通常无APC；OnlineOpen常见 USD 3,200-4,700",中,https://authorservices.wiley.com/author-resources/Journal-Authors/open-access/article-publication-charges.html,https://www.google.com/search?q=Journal+of+Prosthodontics-Implant+Esthetic+and+Reconstructive+Dentistry+aims+scope+instructions+for+authors+APC
562,2-Q1且IF小于10,2,JOURNAL OF PUBLIC HEALTH,J PUBLIC HEALTH-UK,1741-3842,1741-3850,3.5,3.3,Q1,96/443,Q2,Q2,0.88,78.4,152.0,5902.0,"PUBLIC, ENVIRONMENTAL & OCCUPATIONAL HEALTH","PUBLIC, ENVIRONMENTAL & OCCUPATIONAL HEALTH(JIF Q1/JCI Q2)",OXFORD UNIV PRESS,Oxford UP,是,"SCIE, SSCI",混合为主,订阅路线通常无APC；可选OA，费用因刊而异,中,https://academic.oup.com/pages/open-research/open-access,https://www.google.com/search?q=JOURNAL+OF+PUBLIC+HEALTH+aims+scope+instructions+for+authors+APC
563,2-Q1且IF小于10,2,PHYTOTHERAPY RESEARCH,PHYTOTHER RES,0951-418X,1099-1573,8.1,7.9,Q1,22/356,Q1,Q1,1.41,94.0,151.0,27544.0,"CHEMISTRY, MEDICINAL; PHARMACOLOGY & PHARMACY","CHEMISTRY, MEDICINAL(JIF Q1/JCI Q1) | PHARMACOLOGY & PHARMACY(JIF Q1/JCI Q1)",WILEY,Wiley,是,SCIE,混合为主,"订阅路线通常无APC；OnlineOpen常见 USD 3,200-4,700",中,https://authorservices.wiley.com/author-resources/Journal-Authors/open-access/article-publication-charges.html,https://www.google.com/search?q=PHYTOTHERAPY+RESEARCH+aims+scope+instructions+for+authors+APC
564,2-Q1且IF小于10,2,INTERNATIONAL ENDODONTIC JOURNAL,INT ENDOD J,0143-2885,1365-2591,6.4,7.2,Q1,6/165,Q1,Q1,2.21,96.7,151.0,14409.0,"DENTISTRY, ORAL SURGERY & MEDICINE","DENTISTRY, ORAL SURGERY & MEDICINE(JIF Q1/JCI Q1)",WILEY,Wiley,是,SCIE,混合为主,"订阅路线通常无APC；OnlineOpen常见 USD 3,200-4,700",中,https://authorservices.wiley.com/author-resources/Journal-Authors/open-access/article-publication-charges.html,https://www.google.com/search?q=INTERNATIONAL+ENDODONTIC+JOURNAL+aims+scope+instructions+for+authors+APC
565,2-Q1且IF小于10,2,DENTAL MATERIALS,DENT MATER,0109-5641,1879-0097,6.3,6.1,Q1,7/165,Q1,Q1,1.77,96.1,151.0,20097.0,"DENTISTRY, ORAL SURGERY & MEDICINE; MATERIALS SCIENCE, BIOMATERIALS","DENTISTRY, ORAL SURGERY & MEDICINE(JIF Q1/JCI Q1) | MATERIALS SCIENCE, BIOMATERIALS(JIF Q2/JCI Q1)",ELSEVIER SCI LTD,Elsevier,是,SCIE,混合为主,"订阅路线通常无APC；Gold OA常见 USD 2,200-4,200",中,https://www.elsevier.com/open-access/agreements,https://www.google.com/search?q=DENTAL+MATERIALS+aims+scope+instructions+for+authors+APC
566,2-Q1且IF小于10,2,Environment & Health,ENVIRON HEALTH-WASH,2833-8278,2833-8278,8.8,8.8,Q1,18/443,Q1,Q1,1.54,96.0,150.0,1443.0,"PUBLIC, ENVIRONMENTAL & OCCUPATIONAL HEALTH","PUBLIC, ENVIRONMENTAL & OCCUPATIONAL HEALTH(JIF Q1/JCI Q1)",AMER CHEMICAL SOC,其他,否,ESCI,需核实,请查期刊官网 Author / Open Access 页面,未知,,https://www.google.com/search?q=Environment+&+Health+aims+scope+instructions+for+authors+APC
567,2-Q1且IF小于10,2,CLINICAL MICROBIOLOGY AND INFECTION,CLIN MICROBIOL INFEC,1198-743X,1469-0691,8.7,8.2,Q1,7/141,Q1,Q1,1.93,95.4,150.0,27908.0,INFECTIOUS DISEASES; MICROBIOLOGY,INFECTIOUS DISEASES(JIF Q1/JCI Q1) | MICROBIOLOGY(JIF Q1/JCI Q1),ELSEVIER SCI LTD,Elsevier,是,SCIE,混合为主,"订阅路线通常无APC；Gold OA常见 USD 2,200-4,200",中,https://www.elsevier.com/open-access/agreements,https://www.google.com/search?q=CLINICAL+MICROBIOLOGY+AND+INFECTION+aims+scope+instructions+for+authors+APC
568,2-Q1且IF小于10,2,JOURNAL OF CLINICAL PERIODONTOLOGY,J CLIN PERIODONTOL,0303-6979,1600-051X,8.3,9.0,Q1,3/165,Q1,Q1,2.65,98.5,150.0,23972.0,"DENTISTRY, ORAL SURGERY & MEDICINE","DENTISTRY, ORAL SURGERY & MEDICINE(JIF Q1/JCI Q1)",WILEY,Wiley,是,SCIE,混合为主,"订阅路线通常无APC；OnlineOpen常见 USD 3,200-4,700",中,https://authorservices.wiley.com/author-resources/Journal-Authors/open-access/article-publication-charges.html,https://www.google.com/search?q=JOURNAL+OF+CLINICAL+PERIODONTOLOGY+aims+scope+instructions+for+authors+APC
569,2-Q1且IF小于10,2,HPB,HPB,1365-182X,1477-2574,3.3,3.3,Q1,50/321,Q2,Q2,0.9,84.6,150.0,7662.0,GASTROENTEROLOGY & HEPATOLOGY; SURGERY,GASTROENTEROLOGY & HEPATOLOGY(JIF Q2/JCI Q2) | SURGERY(JIF Q1/JCI Q2),ELSEVIER SCI LTD,Elsevier,是,SCIE,混合为主,"订阅路线通常无APC；Gold OA常见 USD 2,200-4,200",中,https://www.elsevier.com/open-access/agreements,https://www.google.com/search?q=HPB+aims+scope+instructions+for+authors+APC
570,2-Q1且IF小于10,2,Academic Pediatrics,ACAD PEDIATR,1876-2859,1876-2867,2.8,3.2,Q1,36/190,Q1,Q1,1.38,81.3,150.0,5946.0,PEDIATRICS,PEDIATRICS(JIF Q1/JCI Q1),ELSEVIER SCIENCE INC,Elsevier,是,SCIE,混合为主,"订阅路线通常无APC；Gold OA常见 USD 2,200-4,200",中,https://www.elsevier.com/open-access/agreements,https://www.google.com/search?q=Academic+Pediatrics+aims+scope+instructions+for+authors+APC
571,2-Q1且IF小于10,2,CURRENT MEDICAL RESEARCH AND OPINION,CURR MED RES OPIN,0300-7995,1473-4877,2.8,2.6,Q1,80/336,Q2,Q2,0.53,76.3,150.0,8194.0,"MEDICINE, GENERAL & INTERNAL; MEDICINE, RESEARCH & EXPERIMENTAL","MEDICINE, GENERAL & INTERNAL(JIF Q1/JCI Q2) | MEDICINE, RESEARCH & EXPERIMENTAL(JIF Q3/JCI Q3)",TAYLOR & FRANCIS LTD,Taylor & Francis,是,SCIE,混合为主,"订阅路线通常无APC；Open Select常见 USD 2,500-3,500",中,https://authorservices.taylorandfrancis.com/publishing-open-access/,https://www.google.com/search?q=CURRENT+MEDICAL+RESEARCH+AND+OPINION+aims+scope+instructions+for+authors+APC
572,2-Q1且IF小于10,2,INTERNATIONAL JOURNAL OF HYGIENE AND ENVIRONMENTAL HEALTH,INT J HYG ENVIR HEAL,1438-4639,1618-131X,4.3,4.9,Q1,66/443,Q1,Q1,1.38,85.2,149.0,8768.0,"INFECTIOUS DISEASES; PUBLIC, ENVIRONMENTAL & OCCUPATIONAL HEALTH","INFECTIOUS DISEASES(JIF Q1/JCI Q1) | PUBLIC, ENVIRONMENTAL & OCCUPATIONAL HEALTH(JIF Q1/JCI Q1)",ELSEVIER GMBH,Elsevier,是,SCIE,混合为主,"订阅路线通常无APC；Gold OA常见 USD 2,200-4,200",中,https://www.elsevier.com/open-access/agreements,https://www.google.com/search?q=INTERNATIONAL+JOURNAL+OF+HYGIENE+AND+ENVIRONMENTAL+HEALTH+aims+scope+instructions+for+authors+APC
573,2-Q1且IF小于10,2,Multiple Sclerosis Journal,MULT SCLER J,1352-4585,1477-0970,4.1,4.9,Q1,65/296,Q1,Q1,1.04,78.2,149.0,13601.0,CLINICAL NEUROLOGY; NEUROSCIENCES,CLINICAL NEUROLOGY(JIF Q1/JCI Q1) | NEUROSCIENCES(JIF Q2/JCI Q2),SAGE PUBLICATIONS LTD,SAGE,是,SCIE,混合为主,"订阅路线通常无APC；SAGE Choice常见 USD 2,000-4,000",中,https://us.sagepub.com/en-us/nam/sage-choice,https://www.google.com/search?q=Multiple+Sclerosis+Journal+aims+scope+instructions+for+authors+APC
574,2-Q1且IF小于10,2,Clinical and Translational Radiation Oncology,CLIN TRANSL RAD ONCO,,2405-6308,3.6,3.4,Q1,51/217,Q2,Q2,0.83,76.7,149.0,3055.0,"ONCOLOGY; RADIOLOGY, NUCLEAR MEDICINE & MEDICAL IMAGING","ONCOLOGY(JIF Q2/JCI Q2) | RADIOLOGY, NUCLEAR MEDICINE & MEDICAL IMAGING(JIF Q1/JCI Q2)",ELSEVIER IRELAND LTD,Elsevier,是,SCIE,混合为主,"订阅路线通常无APC；Gold OA常见 USD 2,200-4,200",中,https://www.elsevier.com/open-access/agreements,https://www.google.com/search?q=Clinical+and+Translational+Radiation+Oncology+aims+scope+instructions+for+authors+APC
575,2-Q1且IF小于10,2,GASTROINTESTINAL ENDOSCOPY,GASTROINTEST ENDOSC,0016-5107,1097-6779,8.0,7.7,Q1,18/153,Q1,Q1,1.52,88.6,148.0,26254.0,GASTROENTEROLOGY & HEPATOLOGY,GASTROENTEROLOGY & HEPATOLOGY(JIF Q1/JCI Q1),MOSBY-ELSEVIER,Elsevier,是,SCIE,混合为主,"订阅路线通常无APC；Gold OA常见 USD 2,200-4,200",中,https://www.elsevier.com/open-access/agreements,https://www.google.com/search?q=GASTROINTESTINAL+ENDOSCOPY+aims+scope+instructions+for+authors+APC
576,2-Q1且IF小于10,2,Journal of Nutrition Health & Aging,J NUTR HEALTH AGING,1279-7707,1760-4788,5.0,5.5,Q1,27/114,Q1,Q1,1.19,76.8,148.0,11325.0,GERIATRICS & GERONTOLOGY; NUTRITION & DIETETICS,GERIATRICS & GERONTOLOGY(JIF Q1/JCI Q1) | NUTRITION & DIETETICS(JIF Q1/JCI Q1),ELSEVIER SCIENCE INC,Elsevier,是,SCIE,混合为主,"订阅路线通常无APC；Gold OA常见 USD 2,200-4,200",中,https://www.elsevier.com/open-access/agreements,https://www.google.com/search?q=Journal+of+Nutrition+Health+&+Aging+aims+scope+instructions+for+authors+APC
577,2-Q1且IF小于10,2,International Journal of Pharmaceutics-X,INT J PHARM-X,,2590-1567,7.9,7.0,Q1,25/356,Q1,Q1,2.06,93.1,147.0,2180.0,PHARMACOLOGY & PHARMACY,PHARMACOLOGY & PHARMACY(JIF Q1/JCI Q1),ELSEVIER,Elsevier,是,SCIE,混合为主,"订阅路线通常无APC；Gold OA常见 USD 2,200-4,200",中,https://www.elsevier.com/open-access/agreements,https://www.google.com/search?q=International+Journal+of+Pharmaceutics-X+aims+scope+instructions+for+authors+APC
578,2-Q1且IF小于10,2,SCANDINAVIAN JOURNAL OF MEDICINE & SCIENCE IN SPORTS,SCAND J MED SCI SPOR,0905-7188,1600-0838,4.0,4.8,Q1,17/136,Q1,Q1,1.41,87.9,147.0,15514.0,SPORT SCIENCES,SPORT SCIENCES(JIF Q1/JCI Q1),WILEY,Wiley,是,SCIE,混合为主,"订阅路线通常无APC；OnlineOpen常见 USD 3,200-4,700",中,https://authorservices.wiley.com/author-resources/Journal-Authors/open-access/article-publication-charges.html,https://www.google.com/search?q=SCANDINAVIAN+JOURNAL+OF+MEDICINE+&+SCIENCE+IN+SPORTS+aims+scope+instructions+for+authors+APC
579,2-Q1且IF小于10,2,Neurosurgical Focus,NEUROSURG FOCUS,1092-0684,1092-0684,3.3,4.0,Q1,50/321,Q1,Q1,1.09,84.6,147.0,10046.0,CLINICAL NEUROLOGY; SURGERY,CLINICAL NEUROLOGY(JIF Q2/JCI Q1) | SURGERY(JIF Q1/JCI Q1),AMER ASSOC NEUROLOGICAL SURGEONS,其他,是,SCIE,需核实,请查期刊官网 Author / Open Access 页面,未知,,https://www.google.com/search?q=Neurosurgical+Focus+aims+scope+instructions+for+authors+APC
580,2-Q1且IF小于10,2,TOXICOLOGICAL SCIENCES,TOXICOL SCI,1096-6080,1096-0929,5.2,4.6,Q1,16/106,Q1,Q1,1.2,85.4,146.0,16504.0,TOXICOLOGY,TOXICOLOGY(JIF Q1/JCI Q1),OXFORD UNIV PRESS,Oxford UP,是,SCIE,混合为主,订阅路线通常无APC；可选OA，费用因刊而异,中,https://academic.oup.com/pages/open-research/open-access,https://www.google.com/search?q=TOXICOLOGICAL+SCIENCES+aims+scope+instructions+for+authors+APC
581,2-Q1且IF小于10,2,EUROPEAN JOURNAL OF PAIN,EUR J PAIN,1090-3801,1532-2149,3.8,4.2,Q1,15/72,Q1,Q1,1.04,79.9,146.0,10263.0,ANESTHESIOLOGY; CLINICAL NEUROLOGY; NEUROSCIENCES,ANESTHESIOLOGY(JIF Q1/JCI Q2) | CLINICAL NEUROLOGY(JIF Q2/JCI Q1) | NEUROSCIENCES(JIF Q2/JCI Q2),WILEY,Wiley,是,SCIE,混合为主,"订阅路线通常无APC；OnlineOpen常见 USD 3,200-4,700",中,https://authorservices.wiley.com/author-resources/Journal-Authors/open-access/article-publication-charges.html,https://www.google.com/search?q=EUROPEAN+JOURNAL+OF+PAIN+aims+scope+instructions+for+authors+APC
582,2-Q1且IF小于10,2,JOURNAL OF THE AMERICAN SOCIETY OF NEPHROLOGY,J AM SOC NEPHROL,1046-6673,1533-3450,9.7,10.5,Q1,5/134,Q1,Q1,3.04,96.6,145.0,40268.0,UROLOGY & NEPHROLOGY,UROLOGY & NEPHROLOGY(JIF Q1/JCI Q1),AMER SOC NEPHROLOGY,其他,是,SCIE,需核实,请查期刊官网 Author / Open Access 页面,未知,,https://www.google.com/search?q=JOURNAL+OF+THE+AMERICAN+SOCIETY+OF+NEPHROLOGY+aims+scope+instructions+for+authors+APC
583,2-Q1且IF小于10,2,EMBO Molecular Medicine,EMBO MOL MED,1757-4676,1757-4684,7.9,9.6,Q1,25/191,Q1,Q1,1.85,87.2,145.0,13981.0,"MEDICINE, RESEARCH & EXPERIMENTAL","MEDICINE, RESEARCH & EXPERIMENTAL(JIF Q1/JCI Q1)",SPRINGERNATURE,Springer Nature,是,SCIE,混合/全OA,"全OA约 USD 2,090-3,490；Nature系更高；Scientific Reports已拉黑",中高,https://www.springernature.com/gp/open-research/journals-books/journals,https://www.google.com/search?q=EMBO+Molecular+Medicine+aims+scope+instructions+for+authors+APC
584,2-Q1且IF小于10,2,JBI Evidence Synthesis,JBI EVID SYNTH,,2689-8381,6.8,6.8,Q1,11/194,Q1,Q1,1.15,94.6,145.0,6521.0,HEALTH CARE SCIENCES & SERVICES,HEALTH CARE SCIENCES & SERVICES(JIF Q1/JCI Q1),LIPPINCOTT WILLIAMS & WILKINS,Wolters Kluwer/LWW,否,ESCI,混合为主,"订阅路线通常无APC；OA常见 USD 2,000-4,000；MEDICINE已拉黑",中,https://wkauthorservices.editage.com/open-access/,https://www.google.com/search?q=JBI+Evidence+Synthesis+aims+scope+instructions+for+authors+APC
585,2-Q1且IF小于10,2,Molecular Ecology Resources,MOL ECOL RESOUR,1755-098X,1755-0998,5.9,8.9,Q1,22/205,Q1,Q1,1.5,80.0,145.0,18571.0,BIOCHEMISTRY & MOLECULAR BIOLOGY,BIOCHEMISTRY & MOLECULAR BIOLOGY(JIF Q1/JCI Q1),WILEY,Wiley,是,SCIE,混合为主,"订阅路线通常无APC；OnlineOpen常见 USD 3,200-4,700",中,https://authorservices.wiley.com/author-resources/Journal-Authors/open-access/article-publication-charges.html,https://www.google.com/search?q=Molecular+Ecology+Resources+aims+scope+instructions+for+authors+APC
586,2-Q1且IF小于10,2,Implementation Science Communications,IMPLEMENT SCI COMMUN,,2662-2211,3.5,4.1,Q1,21/125,Q1,Q1,1.11,83.6,145.0,2723.0,HEALTH CARE SCIENCES & SERVICES; HEALTH POLICY & SERVICES,HEALTH CARE SCIENCES & SERVICES(JIF Q2/JCI Q1) | HEALTH POLICY & SERVICES(JIF Q1/JCI Q1),SPRINGERNATURE,Springer Nature,否,ESCI,混合/全OA,"全OA约 USD 2,090-3,490；Nature系更高；Scientific Reports已拉黑",中高,https://www.springernature.com/gp/open-research/journals-books/journals,https://www.google.com/search?q=Implementation+Science+Communications+aims+scope+instructions+for+authors+APC
587,2-Q1且IF小于10,2,European Urology Oncology,EUR UROL ONCOL,,2588-9311,8.5,8.3,Q1,8/134,Q1,Q1,2.43,94.4,144.0,5187.0,ONCOLOGY; UROLOGY & NEPHROLOGY,ONCOLOGY(JIF Q1/JCI Q1) | UROLOGY & NEPHROLOGY(JIF Q1/JCI Q1),ELSEVIER,Elsevier,是,SCIE,混合为主,"订阅路线通常无APC；Gold OA常见 USD 2,200-4,200",中,https://www.elsevier.com/open-access/agreements,https://www.google.com/search?q=European+Urology+Oncology+aims+scope+instructions+for+authors+APC
588,2-Q1且IF小于10,2,Asia-Pacific Journal of Oncology Nursing,ASIA-PAC J ONCOL NUR,2347-5625,2349-6673,3.3,3.4,Q1,24/194,Q1,Q1,1.13,87.9,144.0,2342.0,NURSING,NURSING(JIF Q1/JCI Q1),ELSEVIER SCIENCE INC,Elsevier,是,"SCIE, SSCI",混合为主,"订阅路线通常无APC；Gold OA常见 USD 2,200-4,200",中,https://www.elsevier.com/open-access/agreements,https://www.google.com/search?q=Asia-Pacific+Journal+of+Oncology+Nursing+aims+scope+instructions+for+authors+APC
589,2-Q1且IF小于10,2,Maternal and Child Nutrition,MATERN CHILD NUTR,1740-8695,1740-8709,2.5,3.5,Q1,43/190,Q2,Q2,0.86,77.6,144.0,6362.0,NUTRITION & DIETETICS; PEDIATRICS,NUTRITION & DIETETICS(JIF Q3/JCI Q2) | PEDIATRICS(JIF Q1/JCI Q2),WILEY,Wiley,是,SCIE,混合为主,"订阅路线通常无APC；OnlineOpen常见 USD 3,200-4,700",中,https://authorservices.wiley.com/author-resources/Journal-Authors/open-access/article-publication-charges.html,https://www.google.com/search?q=Maternal+and+Child+Nutrition+aims+scope+instructions+for+authors+APC
590,2-Q1且IF小于10,2,CHINESE MEDICAL JOURNAL,CHINESE MED J-PEKING,0366-6999,2542-5641,9.1,8.1,Q1,19/336,Q1,Q1,1.51,94.5,143.0,18009.0,"MEDICINE, GENERAL & INTERNAL","MEDICINE, GENERAL & INTERNAL(JIF Q1/JCI Q1)",LIPPINCOTT WILLIAMS & WILKINS,Wolters Kluwer/LWW,是,SCIE,混合为主,"订阅路线通常无APC；OA常见 USD 2,000-4,000；MEDICINE已拉黑",中,https://wkauthorservices.editage.com/open-access/,https://www.google.com/search?q=CHINESE+MEDICAL+JOURNAL+aims+scope+instructions+for+authors+APC
591,2-Q1且IF小于10,2,Neuroscience Bulletin,NEUROSCI BULL,1673-7067,1995-8218,6.8,7.2,Q1,42/330,Q1,Q1,1.05,87.4,143.0,6594.0,NEUROSCIENCES,NEUROSCIENCES(JIF Q1/JCI Q1),SPRINGER,Springer,是,SCIE,混合为主,"订阅路线通常无APC；选OA约 USD 2,790-4,290",中,https://www.springer.com/gp/open-access,https://www.google.com/search?q=Neuroscience+Bulletin+aims+scope+instructions+for+authors+APC
592,2-Q1且IF小于10,2,INTERNATIONAL JOURNAL OF LANGUAGE & COMMUNICATION DISORDERS,INT J LANG COMM DIS,1368-2822,1460-6984,2.5,3.0,Q1,51/312,Q2,Q2,0.97,81.4,143.0,4910.0,AUDIOLOGY & SPEECH-LANGUAGE PATHOLOGY; REHABILITATION,AUDIOLOGY & SPEECH-LANGUAGE PATHOLOGY(JIF Q1/JCI Q2) | REHABILITATION(JIF Q1/JCI Q2),WILEY,Wiley,是,"SCIE; SSCI; SCIE, SSCI",混合为主,"订阅路线通常无APC；OnlineOpen常见 USD 3,200-4,700",中,https://authorservices.wiley.com/author-resources/Journal-Authors/open-access/article-publication-charges.html,https://www.google.com/search?q=INTERNATIONAL+JOURNAL+OF+LANGUAGE+&+COMMUNICATION+DISORDERS+aims+scope+instructions+for+authors+APC
593,2-Q1且IF小于10,2,METABOLIC ENGINEERING,METAB ENG,1096-7176,1096-7184,7.3,8.3,Q1,19/180,Q1,Q1,1.71,89.7,142.0,13071.0,BIOTECHNOLOGY & APPLIED MICROBIOLOGY,BIOTECHNOLOGY & APPLIED MICROBIOLOGY(JIF Q1/JCI Q1),ACADEMIC PRESS INC ELSEVIER SCIENCE,Elsevier,是,SCIE,混合为主,"订阅路线通常无APC；Gold OA常见 USD 2,200-4,200",中,https://www.elsevier.com/open-access/agreements,https://www.google.com/search?q=METABOLIC+ENGINEERING+aims+scope+instructions+for+authors+APC
594,2-Q1且IF小于10,2,Japanese Journal of Radiology,JPN J RADIOL,1867-1071,1867-108X,4.6,3.6,Q1,38/217,Q1,Q1,1.09,82.7,142.0,4055.0,"RADIOLOGY, NUCLEAR MEDICINE & MEDICAL IMAGING","RADIOLOGY, NUCLEAR MEDICINE & MEDICAL IMAGING(JIF Q1/JCI Q1)",SPRINGER,Springer,是,SCIE,混合为主,"订阅路线通常无APC；选OA约 USD 2,790-4,290",中,https://www.springer.com/gp/open-access,https://www.google.com/search?q=Japanese+Journal+of+Radiology+aims+scope+instructions+for+authors+APC
595,2-Q1且IF小于10,2,CLINICAL ORTHOPAEDICS AND RELATED RESEARCH,CLIN ORTHOP RELAT R,0009-921X,1528-1132,4.3,4.7,Q1,28/321,Q1,Q1,2.03,91.4,142.0,35954.0,ORTHOPEDICS; SURGERY,ORTHOPEDICS(JIF Q1/JCI Q1) | SURGERY(JIF Q1/JCI Q1),LIPPINCOTT WILLIAMS & WILKINS,Wolters Kluwer/LWW,是,SCIE,混合为主,"订阅路线通常无APC；OA常见 USD 2,000-4,000；MEDICINE已拉黑",中,https://wkauthorservices.editage.com/open-access/,https://www.google.com/search?q=CLINICAL+ORTHOPAEDICS+AND+RELATED+RESEARCH+aims+scope+instructions+for+authors+APC
596,2-Q1且IF小于10,2,Biological Psychiatry: Global Open Science,BIOL PSYCHIAT-GLOB O,2667-1743,2667-1743,4.0,4.4,Q1,69/293,Q1,Q1,1.1,76.6,142.0,1447.0,NEUROSCIENCES; PSYCHIATRY,NEUROSCIENCES(JIF Q2/JCI Q1) | PSYCHIATRY(JIF Q1/JCI Q1),ELSEVIER,Elsevier,否,ESCI,混合为主,"订阅路线通常无APC；Gold OA常见 USD 2,200-4,200",中,https://www.elsevier.com/open-access/agreements,https://www.google.com/search?q=Biological+Psychiatry:+Global+Open+Science+aims+scope+instructions+for+authors+APC
597,2-Q1且IF小于10,2,MOLECULAR CANCER THERAPEUTICS,MOL CANCER THER,1535-7163,1538-8514,6.9,6.4,Q1,55/333,Q1,Q1,1.23,83.6,141.0,20008.0,ONCOLOGY,ONCOLOGY(JIF Q1/JCI Q1),AMER ASSOC CANCER RESEARCH,其他,是,SCIE,需核实,请查期刊官网 Author / Open Access 页面,未知,,https://www.google.com/search?q=MOLECULAR+CANCER+THERAPEUTICS+aims+scope+instructions+for+authors+APC
598,2-Q1且IF小于10,2,FOOD POLICY,FOOD POLICY,0306-9192,1873-5657,6.8,8.1,Q1,2/45,Q1,Q1,1.76,86.4,141.0,13083.0,NUTRITION & DIETETICS,NUTRITION & DIETETICS(JIF Q1/JCI Q1),ELSEVIER SCI LTD,Elsevier,是,SCIE; SSCI,混合为主,"订阅路线通常无APC；Gold OA常见 USD 2,200-4,200",中,https://www.elsevier.com/open-access/agreements,https://www.google.com/search?q=FOOD+POLICY+aims+scope+instructions+for+authors+APC
599,2-Q1且IF小于10,2,Infectious Diseases and Therapy,INFECT DIS THER,2193-8229,2193-6382,5.6,5.2,Q1,16/141,Q1,Q1,1.32,89.0,141.0,4670.0,INFECTIOUS DISEASES,INFECTIOUS DISEASES(JIF Q1/JCI Q1),SPRINGER LONDON LTD,Springer,是,SCIE,混合为主,"订阅路线通常无APC；选OA约 USD 2,790-4,290",中,https://www.springer.com/gp/open-access,https://www.google.com/search?q=Infectious+Diseases+and+Therapy+aims+scope+instructions+for+authors+APC
600,2-Q1且IF小于10,2,International Journal of Mental Health Nursing,INT J MENT HEALTH NU,1445-8330,1447-0349,3.9,4.9,Q1,15/194,Q1,Q1,1.09,92.5,141.0,5943.0,NURSING; PSYCHIATRY,NURSING(JIF Q1/JCI Q1) | PSYCHIATRY(JIF Q1/JCI Q1),WILEY,Wiley,是,"SCIE, SSCI",混合为主,"订阅路线通常无APC；OnlineOpen常见 USD 3,200-4,700",中,https://authorservices.wiley.com/author-resources/Journal-Authors/open-access/article-publication-charges.html,https://www.google.com/search?q=International+Journal+of+Mental+Health+Nursing+aims+scope+instructions+for+authors+APC
601,2-Q1且IF小于10,2,CLINICAL REHABILITATION,CLIN REHABIL,0269-2155,1477-0873,2.9,4.1,Q1,26/175,Q1,Q1,1.19,85.4,141.0,9485.0,REHABILITATION,REHABILITATION(JIF Q1/JCI Q1),SAGE PUBLICATIONS LTD,SAGE,是,SCIE,混合为主,"订阅路线通常无APC；SAGE Choice常见 USD 2,000-4,000",中,https://us.sagepub.com/en-us/nam/sage-choice,https://www.google.com/search?q=CLINICAL+REHABILITATION+aims+scope+instructions+for+authors+APC
602,2-Q1且IF小于10,2,npj Breast Cancer,NPJ BREAST CANCER,,2374-4677,8.4,8.4,Q1,44/333,Q1,Q1,1.61,86.9,140.0,5678.0,ONCOLOGY,ONCOLOGY(JIF Q1/JCI Q1),NATURE PORTFOLIO,Springer Nature,是,SCIE,混合/全OA,"全OA约 USD 2,090-3,490；Nature系更高；Scientific Reports已拉黑",中高,https://www.springernature.com/gp/open-research/journals-books/journals,https://www.google.com/search?q=npj+Breast+Cancer+aims+scope+instructions+for+authors+APC
603,2-Q1且IF小于10,2,International Journal of Nursing Studies Advances,INT J NURS STUD ADV,2666-142X,2666-142X,5.2,5.2,Q1,5/194,Q1,Q1,1.84,97.7,140.0,1468.0,NURSING,NURSING(JIF Q1/JCI Q1),ELSEVIER,Elsevier,否,ESCI,混合为主,"订阅路线通常无APC；Gold OA常见 USD 2,200-4,200",中,https://www.elsevier.com/open-access/agreements,https://www.google.com/search?q=International+Journal+of+Nursing+Studies+Advances+aims+scope+instructions+for+authors+APC
604,2-Q1且IF小于10,2,Schizophrenia,SCHIZOPHRENIA-UK,,2754-6993,4.5,4.7,Q1,55/293,Q1,Q1,1.17,81.4,140.0,1693.0,PSYCHIATRY,PSYCHIATRY(JIF Q1/JCI Q1),NATURE PORTFOLIO,Springer Nature,是,SCIE,混合/全OA,"全OA约 USD 2,090-3,490；Nature系更高；Scientific Reports已拉黑",中高,https://www.springernature.com/gp/open-research/journals-books/journals,https://www.google.com/search?q=Schizophrenia+aims+scope+instructions+for+authors+APC
605,2-Q1且IF小于10,2,ARCHIVES OF PHYSICAL MEDICINE AND REHABILITATION,ARCH PHYS MED REHAB,0003-9993,1532-821X,4.0,4.3,Q1,7/175,Q1,Q1,1.43,96.3,140.0,27293.0,REHABILITATION; SPORT SCIENCES,REHABILITATION(JIF Q1/JCI Q1) | SPORT SCIENCES(JIF Q1/JCI Q1),W B SAUNDERS CO-ELSEVIER INC,Elsevier,是,SCIE,混合为主,"订阅路线通常无APC；Gold OA常见 USD 2,200-4,200",中,https://www.elsevier.com/open-access/agreements,https://www.google.com/search?q=ARCHIVES+OF+PHYSICAL+MEDICINE+AND+REHABILITATION+aims+scope+instructions+for+authors+APC
606,2-Q1且IF小于10,2,Biofabrication,BIOFABRICATION,1758-5082,1758-5090,8.2,8.9,Q1,18/130,Q1,Q1,1.41,86.5,139.0,10551.0,"ENGINEERING, BIOMEDICAL; MATERIALS SCIENCE, BIOMATERIALS","ENGINEERING, BIOMEDICAL(JIF Q1/JCI Q1) | MATERIALS SCIENCE, BIOMATERIALS(JIF Q1/JCI Q1)",IOP Publishing Ltd,其他,是,SCIE,需核实,请查期刊官网 Author / Open Access 页面,未知,,https://www.google.com/search?q=Biofabrication+aims+scope+instructions+for+authors+APC
607,2-Q1且IF小于10,2,SSM-Population Health,SSM-POPUL HLTH,2352-8273,2352-8273,3.7,5.0,Q1,89/443,Q1,Q1,1.12,80.0,139.0,8085.0,"PUBLIC, ENVIRONMENTAL & OCCUPATIONAL HEALTH","PUBLIC, ENVIRONMENTAL & OCCUPATIONAL HEALTH(JIF Q1/JCI Q1)",ELSEVIER SCI LTD,Elsevier,是,"SCIE, SSCI",混合为主,"订阅路线通常无APC；Gold OA常见 USD 2,200-4,200",中,https://www.elsevier.com/open-access/agreements,https://www.google.com/search?q=SSM-Population+Health+aims+scope+instructions+for+authors+APC
608,2-Q1且IF小于10,2,EAR AND HEARING,EAR HEARING,0196-0202,1538-4667,3.3,3.6,Q1,2/35,Q1,Q1,1.76,95.7,139.0,9490.0,AUDIOLOGY & SPEECH-LANGUAGE PATHOLOGY; OTORHINOLARYNGOLOGY,AUDIOLOGY & SPEECH-LANGUAGE PATHOLOGY(JIF Q1/JCI Q1) | OTORHINOLARYNGOLOGY(JIF Q1/JCI Q1),LIPPINCOTT WILLIAMS & WILKINS,Wolters Kluwer/LWW,是,SCIE,混合为主,"订阅路线通常无APC；OA常见 USD 2,000-4,000；MEDICINE已拉黑",中,https://wkauthorservices.editage.com/open-access/,https://www.google.com/search?q=EAR+AND+HEARING+aims+scope+instructions+for+authors+APC
609,2-Q1且IF小于10,2,MEDICINA CLINICA,MED CLIN-BARCELONA,0025-7753,1578-8989,2.8,2.5,Q1,80/336,Q2,Q2,0.56,76.3,139.0,3999.0,"MEDICINE, GENERAL & INTERNAL","MEDICINE, GENERAL & INTERNAL(JIF Q1/JCI Q2)",ELSEVIER ESPANA SLU,Elsevier,是,SCIE,混合为主,"订阅路线通常无APC；Gold OA常见 USD 2,200-4,200",中,https://www.elsevier.com/open-access/agreements,https://www.google.com/search?q=MEDICINA+CLINICA+aims+scope+instructions+for+authors+APC
610,2-Q1且IF小于10,2,NEPHROLOGY DIALYSIS TRANSPLANTATION,NEPHROL DIAL TRANSPL,0931-0509,1460-2385,8.3,6.4,Q1,1/30,Q1,Q1,2.08,98.3,138.0,27653.0,TRANSPLANTATION; UROLOGY & NEPHROLOGY,TRANSPLANTATION(JIF Q1/JCI Q1) | UROLOGY & NEPHROLOGY(JIF Q1/JCI Q1),OXFORD UNIV PRESS,Oxford UP,是,SCIE,混合为主,订阅路线通常无APC；可选OA，费用因刊而异,中,https://academic.oup.com/pages/open-research/open-access,https://www.google.com/search?q=NEPHROLOGY+DIALYSIS+TRANSPLANTATION+aims+scope+instructions+for+authors+APC
611,2-Q1且IF小于10,2,EUROPEAN PSYCHIATRY,EUR PSYCHIAT,0924-9338,1778-3585,7.9,8.4,Q1,14/293,Q1,Q1,1.2,95.4,138.0,9913.0,PSYCHIATRY,PSYCHIATRY(JIF Q1/JCI Q1),CAMBRIDGE UNIV PRESS,Cambridge UP,是,"SCIE, SSCI",混合为主,订阅路线通常无APC；Gold OA因刊而异,中,https://www.cambridge.org/core/open-research/open-access,https://www.google.com/search?q=EUROPEAN+PSYCHIATRY+aims+scope+instructions+for+authors+APC
612,2-Q1且IF小于10,2,Stem Cell Reports,STEM CELL REP,2213-6711,2213-6711,5.6,5.8,Q1,7/32,Q1,Q1,1.0,79.7,138.0,11538.0,CELL & TISSUE ENGINEERING; CELL BIOLOGY,CELL & TISSUE ENGINEERING(JIF Q1/JCI Q1) | CELL BIOLOGY(JIF Q2/JCI Q2),CELL PRESS,其他,是,SCIE,需核实,请查期刊官网 Author / Open Access 页面,未知,,https://www.google.com/search?q=Stem+Cell+Reports+aims+scope+instructions+for+authors+APC
613,2-Q1且IF小于10,2,npj Systems Biology and Applications,NPJ SYST BIOL APPL,,2056-7189,4.4,4.2,Q1,9/67,Q1,Q1,1.0,87.3,138.0,2070.0,MATHEMATICAL & COMPUTATIONAL BIOLOGY,MATHEMATICAL & COMPUTATIONAL BIOLOGY(JIF Q1/JCI Q1),NATURE PORTFOLIO,Springer Nature,是,SCIE,混合/全OA,"全OA约 USD 2,090-3,490；Nature系更高；Scientific Reports已拉黑",中高,https://www.springernature.com/gp/open-research/journals-books/journals,https://www.google.com/search?q=npj+Systems+Biology+and+Applications+aims+scope+instructions+for+authors+APC
614,2-Q1且IF小于10,2,JOURNAL OF DERMATOLOGICAL TREATMENT,J DERMATOL TREAT,0954-6634,1471-1753,4.3,3.3,Q1,14/99,Q1,Q1,1.36,86.4,138.0,5485.0,DERMATOLOGY,DERMATOLOGY(JIF Q1/JCI Q1),TAYLOR & FRANCIS LTD,Taylor & Francis,是,SCIE,混合为主,"订阅路线通常无APC；Open Select常见 USD 2,500-3,500",中,https://authorservices.taylorandfrancis.com/publishing-open-access/,https://www.google.com/search?q=JOURNAL+OF+DERMATOLOGICAL+TREATMENT+aims+scope+instructions+for+authors+APC
615,2-Q1且IF小于10,2,JOURNAL OF MEDICAL SYSTEMS,J MED SYST,0148-5598,1573-689X,8.8,6.0,Q1,7/194,Q1,Q1,1.69,96.6,137.0,8300.0,HEALTH CARE SCIENCES & SERVICES; MEDICAL INFORMATICS,HEALTH CARE SCIENCES & SERVICES(JIF Q1/JCI Q1) | MEDICAL INFORMATICS(JIF Q1/JCI Q1),SPRINGER,Springer,是,SCIE,混合为主,"订阅路线通常无APC；选OA约 USD 2,790-4,290",中,https://www.springer.com/gp/open-access,https://www.google.com/search?q=JOURNAL+OF+MEDICAL+SYSTEMS+aims+scope+instructions+for+authors+APC
616,2-Q1且IF小于10,2,Neurology and Therapy,NEUROL THER,2193-8253,2193-6536,4.7,5.4,Q1,46/296,Q1,Q1,1.26,84.6,137.0,3130.0,CLINICAL NEUROLOGY,CLINICAL NEUROLOGY(JIF Q1/JCI Q1),SPRINGER LONDON LTD,Springer,是,SCIE,混合为主,"订阅路线通常无APC；选OA约 USD 2,790-4,290",中,https://www.springer.com/gp/open-access,https://www.google.com/search?q=Neurology+and+Therapy+aims+scope+instructions+for+authors+APC
617,2-Q1且IF小于10,2,HISTOPATHOLOGY,HISTOPATHOLOGY,0309-0167,1365-2559,3.8,5.0,Q1,18/89,Q2,Q2,0.92,80.3,137.0,12606.0,CELL BIOLOGY; PATHOLOGY,CELL BIOLOGY(JIF Q3/JCI Q2) | PATHOLOGY(JIF Q1/JCI Q2),WILEY,Wiley,是,SCIE,混合为主,"订阅路线通常无APC；OnlineOpen常见 USD 3,200-4,700",中,https://authorservices.wiley.com/author-resources/Journal-Authors/open-access/article-publication-charges.html,https://www.google.com/search?q=HISTOPATHOLOGY+aims+scope+instructions+for+authors+APC
618,2-Q1且IF小于10,2,OPHTHALMIC AND PHYSIOLOGICAL OPTICS,OPHTHAL PHYSL OPT,0275-5408,1475-1313,3.4,3.7,Q1,23/98,Q1,Q1,1.22,77.0,137.0,6244.0,OPHTHALMOLOGY,OPHTHALMOLOGY(JIF Q1/JCI Q1),SPRINGERNATURE,Springer Nature,是,SCIE,混合/全OA,"全OA约 USD 2,090-3,490；Nature系更高；Scientific Reports已拉黑",中高,https://www.springernature.com/gp/open-research/journals-books/journals,https://www.google.com/search?q=OPHTHALMIC+AND+PHYSIOLOGICAL+OPTICS+aims+scope+instructions+for+authors+APC
619,2-Q1且IF小于10,2,Alzheimers & Dementia-Translational Research & Clinical Interventions,ALZH DEMENT-TRCI,,2352-8737,7.4,6.2,Q1,21/296,Q1,Q1,1.57,93.1,136.0,4462.0,CLINICAL NEUROLOGY; NEUROSCIENCES,CLINICAL NEUROLOGY(JIF Q1/JCI Q1) | NEUROSCIENCES(JIF Q1/JCI Q1),WILEY,Wiley,否,ESCI,混合为主,"订阅路线通常无APC；OnlineOpen常见 USD 3,200-4,700",中,https://authorservices.wiley.com/author-resources/Journal-Authors/open-access/article-publication-charges.html,https://www.google.com/search?q=Alzheimers+&+Dementia-Translational+Research+&+Clinical+Interventions+aims+scope+instructions+for+authors+APC
620,2-Q1且IF小于10,2,ULTRASOUND IN OBSTETRICS & GYNECOLOGY,ULTRASOUND OBST GYN,0960-7692,1469-0705,5.3,6.3,Q1,8/143,Q1,Q1,1.75,94.8,136.0,18500.0,"OBSTETRICS & GYNECOLOGY; RADIOLOGY, NUCLEAR MEDICINE & MEDICAL IMAGING","OBSTETRICS & GYNECOLOGY(JIF Q1/JCI Q1) | RADIOLOGY, NUCLEAR MEDICINE & MEDICAL IMAGING(JIF Q1/JCI Q1)",WILEY,Wiley,是,SCIE,混合为主,"订阅路线通常无APC；OnlineOpen常见 USD 3,200-4,700",中,https://authorservices.wiley.com/author-resources/Journal-Authors/open-access/article-publication-charges.html,https://www.google.com/search?q=ULTRASOUND+IN+OBSTETRICS+&+GYNECOLOGY+aims+scope+instructions+for+authors+APC
621,2-Q1且IF小于10,2,AMERICAN JOURNAL OF SURGICAL PATHOLOGY,AM J SURG PATHOL,0147-5185,1532-0979,4.2,4.5,Q1,30/321,Q1,Q1,1.93,90.8,136.0,20467.0,PATHOLOGY; SURGERY,PATHOLOGY(JIF Q1/JCI Q1) | SURGERY(JIF Q1/JCI Q1),LIPPINCOTT WILLIAMS & WILKINS,Wolters Kluwer/LWW,是,SCIE,混合为主,"订阅路线通常无APC；OA常见 USD 2,000-4,000；MEDICINE已拉黑",中,https://wkauthorservices.editage.com/open-access/,https://www.google.com/search?q=AMERICAN+JOURNAL+OF+SURGICAL+PATHOLOGY+aims+scope+instructions+for+authors+APC
622,2-Q1且IF小于10,2,Biomaterials Research,BIOMATER RES,1226-4601,2055-7124,9.8,10.8,Q1,15/130,Q1,Q1,1.26,88.8,135.0,6095.0,"ENGINEERING, BIOMEDICAL; MATERIALS SCIENCE, BIOMATERIALS","ENGINEERING, BIOMEDICAL(JIF Q1/JCI Q1) | MATERIALS SCIENCE, BIOMATERIALS(JIF Q1/JCI Q1)",AMER ASSOC ADVANCEMENT SCIENCE,其他,是,SCIE,需核实,请查期刊官网 Author / Open Access 页面,未知,,https://www.google.com/search?q=Biomaterials+Research+aims+scope+instructions+for+authors+APC
623,2-Q1且IF小于10,2,CURRENT OPINION IN NEUROBIOLOGY,CURR OPIN NEUROBIOL,0959-4388,1873-6882,5.6,6.2,Q1,58/330,Q1,Q1,1.42,82.6,135.0,16556.0,NEUROSCIENCES,NEUROSCIENCES(JIF Q1/JCI Q1),CURRENT BIOLOGY LTD,其他,是,SCIE,需核实,请查期刊官网 Author / Open Access 页面,未知,,https://www.google.com/search?q=CURRENT+OPINION+IN+NEUROBIOLOGY+aims+scope+instructions+for+authors+APC
624,2-Q1且IF小于10,2,PSYCHIATRIC SERVICES,PSYCHIAT SERV,1075-2730,1557-9700,3.3,3.6,Q1,28/125,Q1,Q1,1.01,78.0,135.0,12686.0,"HEALTH POLICY & SERVICES; PSYCHIATRY; PUBLIC, ENVIRONMENTAL & OCCUPATIONAL HEALTH","HEALTH POLICY & SERVICES(JIF Q1/JCI Q1) | PSYCHIATRY(JIF Q2/JCI Q1) | PUBLIC, ENVIRONMENTAL & OCCUPATIONAL HEALTH(JIF Q2/JCI Q1)","AMER PSYCHIATRIC PUBLISHING, INC",其他,是,"SSCI; SCIE; SCIE, SSCI",需核实,请查期刊官网 Author / Open Access 页面,未知,,https://www.google.com/search?q=PSYCHIATRIC+SERVICES+aims+scope+instructions+for+authors+APC
625,2-Q1且IF小于10,2,Brain Stimulation,BRAIN STIMUL,1935-861X,1876-4754,9.7,10.0,Q1,12/296,Q1,Q1,2.03,96.1,134.0,14284.0,CLINICAL NEUROLOGY; NEUROSCIENCES,CLINICAL NEUROLOGY(JIF Q1/JCI Q1) | NEUROSCIENCES(JIF Q1/JCI Q1),ELSEVIER SCIENCE INC,Elsevier,是,SCIE,混合为主,"订阅路线通常无APC；Gold OA常见 USD 2,200-4,200",中,https://www.elsevier.com/open-access/agreements,https://www.google.com/search?q=Brain+Stimulation+aims+scope+instructions+for+authors+APC
626,2-Q1且IF小于10,2,ANESTHESIOLOGY,ANESTHESIOLOGY,0003-3022,1528-1175,9.4,9.9,Q1,2/72,Q1,Q1,3.41,97.9,134.0,30423.0,ANESTHESIOLOGY,ANESTHESIOLOGY(JIF Q1/JCI Q1),LIPPINCOTT WILLIAMS & WILKINS,Wolters Kluwer/LWW,是,SCIE,混合为主,"订阅路线通常无APC；OA常见 USD 2,000-4,000；MEDICINE已拉黑",中,https://wkauthorservices.editage.com/open-access/,https://www.google.com/search?q=ANESTHESIOLOGY+aims+scope+instructions+for+authors+APC
627,2-Q1且IF小于10,2,Cognitive Computation,COGN COMPUT,1866-9956,1866-9964,7.4,5.4,Q1,32/330,Q2,Q1,1.0,90.5,134.0,4941.0,NEUROSCIENCES,NEUROSCIENCES(JIF Q1/JCI Q2),SPRINGER,Springer,是,SCIE,混合为主,"订阅路线通常无APC；选OA约 USD 2,790-4,290",中,https://www.springer.com/gp/open-access,https://www.google.com/search?q=Cognitive+Computation+aims+scope+instructions+for+authors+APC
628,2-Q1且IF小于10,2,JOURNAL OF CARDIOVASCULAR MAGNETIC RESONANCE,J CARDIOVASC MAGN R,1097-6647,1532-429X,5.0,6.0,Q1,32/217,Q1,Q1,1.38,85.5,134.0,7481.0,"CARDIAC & CARDIOVASCULAR SYSTEMS; RADIOLOGY, NUCLEAR MEDICINE & MEDICAL IMAGING","CARDIAC & CARDIOVASCULAR SYSTEMS(JIF Q1/JCI Q1) | RADIOLOGY, NUCLEAR MEDICINE & MEDICAL IMAGING(JIF Q1/JCI Q1)",ELSEVIER SCIENCE INC,Elsevier,是,SCIE,混合为主,"订阅路线通常无APC；Gold OA常见 USD 2,200-4,200",中,https://www.elsevier.com/open-access/agreements,https://www.google.com/search?q=JOURNAL+OF+CARDIOVASCULAR+MAGNETIC+RESONANCE+aims+scope+instructions+for+authors+APC
629,2-Q1且IF小于10,2,BJS-British Journal of Surgery,BJS-BRIT J SURG,0007-1323,1365-2168,9.4,9.2,Q1,4/321,Q1,Q1,2.73,98.9,133.0,24336.0,SURGERY,SURGERY(JIF Q1/JCI Q1),OXFORD UNIV PRESS,Oxford UP,是,SCIE,混合为主,订阅路线通常无APC；可选OA，费用因刊而异,中,https://academic.oup.com/pages/open-research/open-access,https://www.google.com/search?q=BJS-British+Journal+of+Surgery+aims+scope+instructions+for+authors+APC
630,2-Q1且IF小于10,2,INTERNATIONAL JOURNAL OF NURSING STUDIES,INT J NURS STUD,0020-7489,1873-491X,8.7,10.6,Q1,1/194,Q1,Q1,2.93,99.7,133.0,21008.0,NURSING,NURSING(JIF Q1/JCI Q1),PERGAMON-ELSEVIER SCIENCE LTD,Elsevier,是,"SCIE, SSCI",混合为主,"订阅路线通常无APC；Gold OA常见 USD 2,200-4,200",中,https://www.elsevier.com/open-access/agreements,https://www.google.com/search?q=INTERNATIONAL+JOURNAL+OF+NURSING+STUDIES+aims+scope+instructions+for+authors+APC
631,2-Q1且IF小于10,2,International Journal of Stroke,INT J STROKE,1747-4930,1747-4949,6.9,8.0,Q1,26/296,Q1,Q1,1.78,91.4,133.0,9802.0,CLINICAL NEUROLOGY; PERIPHERAL VASCULAR DISEASE,CLINICAL NEUROLOGY(JIF Q1/JCI Q1) | PERIPHERAL VASCULAR DISEASE(JIF Q1/JCI Q1),SAGE PUBLICATIONS LTD,SAGE,是,SCIE,混合为主,"订阅路线通常无APC；SAGE Choice常见 USD 2,000-4,000",中,https://us.sagepub.com/en-us/nam/sage-choice,https://www.google.com/search?q=International+Journal+of+Stroke+aims+scope+instructions+for+authors+APC
632,2-Q1且IF小于10,2,JOURNAL OF BONE AND MINERAL RESEARCH,J BONE MINER RES,0884-0431,1523-4681,6.5,6.7,Q1,29/198,Q1,Q1,1.36,85.6,133.0,26771.0,ENDOCRINOLOGY & METABOLISM,ENDOCRINOLOGY & METABOLISM(JIF Q1/JCI Q1),OXFORD UNIV PRESS,Oxford UP,是,SCIE,混合为主,订阅路线通常无APC；可选OA，费用因刊而异,中,https://academic.oup.com/pages/open-research/open-access,https://www.google.com/search?q=JOURNAL+OF+BONE+AND+MINERAL+RESEARCH+aims+scope+instructions+for+authors+APC
633,2-Q1且IF小于10,2,NEUROCHEMISTRY INTERNATIONAL,NEUROCHEM INT,0197-0186,1872-9754,5.5,5.1,Q1,59/330,Q1,Q1,1.14,82.3,133.0,11562.0,BIOCHEMISTRY & MOLECULAR BIOLOGY; NEUROSCIENCES,BIOCHEMISTRY & MOLECULAR BIOLOGY(JIF Q1/JCI Q1) | NEUROSCIENCES(JIF Q1/JCI Q1),PERGAMON-ELSEVIER SCIENCE LTD,Elsevier,是,SCIE,混合为主,"订阅路线通常无APC；Gold OA常见 USD 2,200-4,200",中,https://www.elsevier.com/open-access/agreements,https://www.google.com/search?q=NEUROCHEMISTRY+INTERNATIONAL+aims+scope+instructions+for+authors+APC
634,2-Q1且IF小于10,2,CYTOTHERAPY,CYTOTHERAPY,1465-3249,1477-2566,4.5,4.2,Q1,22/103,Q1,Q1,0.82,79.1,133.0,7413.0,"BIOTECHNOLOGY & APPLIED MICROBIOLOGY; CELL & TISSUE ENGINEERING; CELL BIOLOGY; HEMATOLOGY; MEDICINE, RESEARCH & EXPERIMENTAL","BIOTECHNOLOGY & APPLIED MICROBIOLOGY(JIF Q2/JCI Q2) | CELL & TISSUE ENGINEERING(JIF Q2/JCI Q2) | CELL BIOLOGY(JIF Q2/JCI Q2) | HEMATOLOGY(JIF Q1/JCI Q1) | MEDICINE, RESEARCH & EXPERIMENTAL(JIF Q2/JCI Q2)",ELSEVIER SCI LTD,Elsevier,是,SCIE,混合为主,"订阅路线通常无APC；Gold OA常见 USD 2,200-4,200",中,https://www.elsevier.com/open-access/agreements,https://www.google.com/search?q=CYTOTHERAPY+aims+scope+instructions+for+authors+APC
635,2-Q1且IF小于10,2,JOURNAL OF REFRACTIVE SURGERY,J REFRACT SURG,1081-597X,1938-2391,2.9,3.3,Q1,63/321,Q1,Q1,1.34,80.5,133.0,5379.0,OPHTHALMOLOGY; SURGERY,OPHTHALMOLOGY(JIF Q2/JCI Q1) | SURGERY(JIF Q1/JCI Q1),SLACK INC,其他,是,SCIE,需核实,请查期刊官网 Author / Open Access 页面,未知,,https://www.google.com/search?q=JOURNAL+OF+REFRACTIVE+SURGERY+aims+scope+instructions+for+authors+APC
636,2-Q1且IF小于10,2,JOURNAL OF THE FORMOSAN MEDICAL ASSOCIATION,J FORMOS MED ASSOC,0929-6646,1876-0821,2.8,2.6,Q1,80/336,Q1,Q1,0.83,76.3,133.0,6392.0,"MEDICINE, GENERAL & INTERNAL","MEDICINE, GENERAL & INTERNAL(JIF Q1/JCI Q1)",ELSEVIER TAIWAN,Elsevier,是,SCIE,混合为主,"订阅路线通常无APC；Gold OA常见 USD 2,200-4,200",中,https://www.elsevier.com/open-access/agreements,https://www.google.com/search?q=JOURNAL+OF+THE+FORMOSAN+MEDICAL+ASSOCIATION+aims+scope+instructions+for+authors+APC
637,2-Q1且IF小于10,2,Developmental Cognitive Neuroscience,DEV COGN NEUROS-NETH,1878-9293,1878-9307,4.6,5.5,Q1,10/95,Q1,Q1,1.53,75.6,132.0,8322.0,NEUROSCIENCES,NEUROSCIENCES(JIF Q1/JCI Q1),ELSEVIER SCI LTD,Elsevier,是,SCIE; SSCI,混合为主,"订阅路线通常无APC；Gold OA常见 USD 2,200-4,200",中,https://www.elsevier.com/open-access/agreements,https://www.google.com/search?q=Developmental+Cognitive+Neuroscience+aims+scope+instructions+for+authors+APC
638,2-Q1且IF小于10,2,ARTHRITIS CARE & RESEARCH,ARTHRIT CARE RES,2151-464X,2151-4658,4.1,4.2,Q1,14/58,Q1,Q1,1.18,76.7,132.0,18170.0,RHEUMATOLOGY,RHEUMATOLOGY(JIF Q1/JCI Q1),WILEY,Wiley,是,SCIE,混合为主,"订阅路线通常无APC；OnlineOpen常见 USD 3,200-4,700",中,https://authorservices.wiley.com/author-resources/Journal-Authors/open-access/article-publication-charges.html,https://www.google.com/search?q=ARTHRITIS+CARE+&+RESEARCH+aims+scope+instructions+for+authors+APC
639,2-Q1且IF小于10,2,Cambridge Prisms-Global Mental Health,CAMB PRISM-GLOB MENT,2054-4251,2054-4251,3.9,3.9,Q1,71/293,Q2,Q2,0.76,75.9,132.0,880.0,PSYCHIATRY,PSYCHIATRY(JIF Q1/JCI Q2),CAMBRIDGE UNIV PRESS,Cambridge UP,是,SCIE,混合为主,订阅路线通常无APC；Gold OA因刊而异,中,https://www.cambridge.org/core/open-research/open-access,https://www.google.com/search?q=Cambridge+Prisms-Global+Mental+Health+aims+scope+instructions+for+authors+APC
640,2-Q1且IF小于10,2,BONE MARROW TRANSPLANTATION,BONE MARROW TRANSPL,0268-3369,1476-5365,5.1,4.7,Q1,4/30,Q1,Q1,1.08,88.3,131.0,14738.0,HEMATOLOGY; IMMUNOLOGY; ONCOLOGY; TRANSPLANTATION,HEMATOLOGY(JIF Q1/JCI Q1) | IMMUNOLOGY(JIF Q2/JCI Q1) | ONCOLOGY(JIF Q1/JCI Q1) | TRANSPLANTATION(JIF Q1/JCI Q2),SPRINGERNATURE,Springer Nature,是,SCIE,混合/全OA,"全OA约 USD 2,090-3,490；Nature系更高；Scientific Reports已拉黑",中高,https://www.springernature.com/gp/open-research/journals-books/journals,https://www.google.com/search?q=BONE+MARROW+TRANSPLANTATION+aims+scope+instructions+for+authors+APC
641,2-Q1且IF小于10,2,Scientifica,SCIENTIFICA,2090-908X,2090-908X,3.6,3.6,Q1,23/106,Q2,Q2,0.7,78.8,131.0,2754.0,BIOLOGY,BIOLOGY(JIF Q1/JCI Q2),WILEY,Wiley,否,ESCI,混合为主,"订阅路线通常无APC；OnlineOpen常见 USD 3,200-4,700",中,https://authorservices.wiley.com/author-resources/Journal-Authors/open-access/article-publication-charges.html,https://www.google.com/search?q=Scientifica+aims+scope+instructions+for+authors+APC
642,2-Q1且IF小于10,2,Global Health Action,GLOBAL HEALTH ACTION,,1654-9880,3.4,3.5,Q1,101/443,Q2,Q2,0.78,77.3,131.0,6185.0,"PUBLIC, ENVIRONMENTAL & OCCUPATIONAL HEALTH","PUBLIC, ENVIRONMENTAL & OCCUPATIONAL HEALTH(JIF Q1/JCI Q2)",TAYLOR & FRANCIS LTD,Taylor & Francis,是,"SCIE, SSCI",混合为主,"订阅路线通常无APC；Open Select常见 USD 2,500-3,500",中,https://authorservices.taylorandfrancis.com/publishing-open-access/,https://www.google.com/search?q=Global+Health+Action+aims+scope+instructions+for+authors+APC
643,2-Q1且IF小于10,2,Preventive Medicine,PREV MED,0091-7435,1096-0260,3.2,4.3,Q1,68/336,Q1,Q1,0.97,79.9,131.0,20853.0,"MEDICINE, GENERAL & INTERNAL; PUBLIC, ENVIRONMENTAL & OCCUPATIONAL HEALTH","MEDICINE, GENERAL & INTERNAL(JIF Q1/JCI Q1) | PUBLIC, ENVIRONMENTAL & OCCUPATIONAL HEALTH(JIF Q2/JCI Q1)",ACADEMIC PRESS INC ELSEVIER SCIENCE,Elsevier,是,SCIE,混合为主,"订阅路线通常无APC；Gold OA常见 USD 2,200-4,200",中,https://www.elsevier.com/open-access/agreements,https://www.google.com/search?q=Preventive+Medicine+aims+scope+instructions+for+authors+APC
644,2-Q1且IF小于10,2,European Journal of Internal Medicine,EUR J INTERN MED,0953-6205,1879-0828,8.1,6.9,Q1,24/336,Q1,Q1,1.52,93.0,130.0,10443.0,"MEDICINE, GENERAL & INTERNAL","MEDICINE, GENERAL & INTERNAL(JIF Q1/JCI Q1)",ELSEVIER,Elsevier,是,SCIE,混合为主,"订阅路线通常无APC；Gold OA常见 USD 2,200-4,200",中,https://www.elsevier.com/open-access/agreements,https://www.google.com/search?q=European+Journal+of+Internal+Medicine+aims+scope+instructions+for+authors+APC
645,2-Q1且IF小于10,2,JOURNAL OF NEURAL TRANSMISSION,J NEURAL TRANSM,0300-9564,1435-1463,4.4,4.3,Q1,54/296,Q2,Q2,0.86,81.9,130.0,9369.0,CLINICAL NEUROLOGY; NEUROSCIENCES,CLINICAL NEUROLOGY(JIF Q1/JCI Q2) | NEUROSCIENCES(JIF Q2/JCI Q2),SPRINGER WIEN,Springer,是,SCIE,混合为主,"订阅路线通常无APC；选OA约 USD 2,790-4,290",中,https://www.springer.com/gp/open-access,https://www.google.com/search?q=JOURNAL+OF+NEURAL+TRANSMISSION+aims+scope+instructions+for+authors+APC
646,2-Q1且IF小于10,2,Forensic Science International-Genetics,FORENSIC SCI INT-GEN,1872-4973,1878-0326,3.6,3.7,Q1,2/24,Q1,Q1,1.33,93.8,130.0,6581.0,"GENETICS & HEREDITY; MEDICINE, LEGAL","GENETICS & HEREDITY(JIF Q2/JCI Q1) | MEDICINE, LEGAL(JIF Q1/JCI Q1)",ELSEVIER IRELAND LTD,Elsevier,是,SCIE,混合为主,"订阅路线通常无APC；Gold OA常见 USD 2,200-4,200",中,https://www.elsevier.com/open-access/agreements,https://www.google.com/search?q=Forensic+Science+International-Genetics+aims+scope+instructions+for+authors+APC
647,2-Q1且IF小于10,2,HAEMATOLOGICA,HAEMATOLOGICA,0390-6078,1592-8721,8.2,8.5,Q1,12/103,Q1,Q1,1.77,88.8,129.0,23477.0,HEMATOLOGY,HEMATOLOGY(JIF Q1/JCI Q1),FERRATA STORTI FOUNDATION,其他,是,SCIE,需核实,请查期刊官网 Author / Open Access 页面,未知,,https://www.google.com/search?q=HAEMATOLOGICA+aims+scope+instructions+for+authors+APC
648,2-Q1且IF小于10,2,Brain Structure & Function,BRAIN STRUCT FUNCT,1863-2653,1863-2661,3.0,3.4,Q1,2/25,Q1,Q1,1.17,94.0,129.0,8730.0,ANATOMY & MORPHOLOGY; NEUROSCIENCES,ANATOMY & MORPHOLOGY(JIF Q1/JCI Q1) | NEUROSCIENCES(JIF Q3/JCI Q1),SPRINGER HEIDELBERG,Springer,是,SCIE,混合为主,"订阅路线通常无APC；选OA约 USD 2,790-4,290",中,https://www.springer.com/gp/open-access,https://www.google.com/search?q=Brain+Structure+&+Function+aims+scope+instructions+for+authors+APC
649,2-Q1且IF小于10,2,Sensors and Actuators Reports,SENSOR ACTUATOR REP,2666-0539,2666-0539,6.9,7.6,Q1,6/81,Q1,Q1,1.31,87.5,128.0,2275.0,BIOTECHNOLOGY & APPLIED MICROBIOLOGY,BIOTECHNOLOGY & APPLIED MICROBIOLOGY(JIF Q1/JCI Q1),ELSEVIER,Elsevier,是,SCIE,混合为主,"订阅路线通常无APC；Gold OA常见 USD 2,200-4,200",中,https://www.elsevier.com/open-access/agreements,https://www.google.com/search?q=Sensors+and+Actuators+Reports+aims+scope+instructions+for+authors+APC
650,2-Q1且IF小于10,2,Journal of Clinical Anesthesia,J CLIN ANESTH,0952-8180,1873-4529,6.0,6.6,Q1,6/72,Q1,Q1,1.97,92.4,128.0,8242.0,ANESTHESIOLOGY,ANESTHESIOLOGY(JIF Q1/JCI Q1),ELSEVIER SCIENCE INC,Elsevier,是,SCIE,混合为主,"订阅路线通常无APC；Gold OA常见 USD 2,200-4,200",中,https://www.elsevier.com/open-access/agreements,https://www.google.com/search?q=Journal+of+Clinical+Anesthesia+aims+scope+instructions+for+authors+APC
651,2-Q1且IF小于10,2,JCO Oncology Practice,JCO ONCOL PRACT,2688-1527,2688-1535,5.5,4.7,Q1,76/333,Q2,Q2,0.9,77.3,128.0,5546.0,ONCOLOGY,ONCOLOGY(JIF Q1/JCI Q2),LIPPINCOTT WILLIAMS & WILKINS,Wolters Kluwer/LWW,是,SCIE,混合为主,"订阅路线通常无APC；OA常见 USD 2,000-4,000；MEDICINE已拉黑",中,https://wkauthorservices.editage.com/open-access/,https://www.google.com/search?q=JCO+Oncology+Practice+aims+scope+instructions+for+authors+APC
652,2-Q1且IF小于10,2,ACTA DERMATO-VENEREOLOGICA,ACTA DERM-VENEREOL,0001-5555,1651-2057,3.8,4.5,Q1,20/99,Q1,Q1,1.16,80.3,128.0,8886.0,DERMATOLOGY,DERMATOLOGY(JIF Q1/JCI Q1),ACTA DERMATO-VENEREOLOGICA,其他,是,SCIE,需核实,请查期刊官网 Author / Open Access 页面,未知,,https://www.google.com/search?q=ACTA+DERMATO-VENEREOLOGICA+aims+scope+instructions+for+authors+APC
653,2-Q1且IF小于10,2,Andrology,ANDROLOGY-US,2047-2919,2047-2927,3.4,3.8,Q1,2/8,Q1,Q1,1.26,81.3,128.0,6406.0,ANDROLOGY,ANDROLOGY(JIF Q1/JCI Q1),WILEY,Wiley,是,SCIE,混合为主,"订阅路线通常无APC；OnlineOpen常见 USD 3,200-4,700",中,https://authorservices.wiley.com/author-resources/Journal-Authors/open-access/article-publication-charges.html,https://www.google.com/search?q=Andrology+aims+scope+instructions+for+authors+APC
654,2-Q1且IF小于10,2,Bioresources and Bioprocessing,BIORESOUR BIOPROCESS,,2197-4365,6.3,6.5,Q1,28/180,Q1,Q1,1.02,84.7,127.0,5099.0,BIOTECHNOLOGY & APPLIED MICROBIOLOGY,BIOTECHNOLOGY & APPLIED MICROBIOLOGY(JIF Q1/JCI Q1),SPRINGER HEIDELBERG,Springer,是,SCIE,混合为主,"订阅路线通常无APC；选OA约 USD 2,790-4,290",中,https://www.springer.com/gp/open-access,https://www.google.com/search?q=Bioresources+and+Bioprocessing+aims+scope+instructions+for+authors+APC
655,2-Q1且IF小于10,2,Pediatric Critical Care Medicine,PEDIATR CRIT CARE ME,1529-7535,1947-3893,4.9,4.0,Q1,6/190,Q1,Q1,1.77,97.1,127.0,9202.0,CRITICAL CARE MEDICINE; PEDIATRICS,CRITICAL CARE MEDICINE(JIF Q1/JCI Q1) | PEDIATRICS(JIF Q1/JCI Q1),LIPPINCOTT WILLIAMS & WILKINS,Wolters Kluwer/LWW,是,SCIE,混合为主,"订阅路线通常无APC；OA常见 USD 2,000-4,000；MEDICINE已拉黑",中,https://wkauthorservices.editage.com/open-access/,https://www.google.com/search?q=Pediatric+Critical+Care+Medicine+aims+scope+instructions+for+authors+APC
656,2-Q1且IF小于10,2,AMERICAN JOURNAL OF PATHOLOGY,AM J PATHOL,0002-9440,1525-2191,4.9,5.5,Q1,9/89,Q1,Q1,1.64,90.4,127.0,31787.0,PATHOLOGY,PATHOLOGY(JIF Q1/JCI Q1),ELSEVIER SCIENCE INC,Elsevier,是,SCIE,混合为主,"订阅路线通常无APC；Gold OA常见 USD 2,200-4,200",中,https://www.elsevier.com/open-access/agreements,https://www.google.com/search?q=AMERICAN+JOURNAL+OF+PATHOLOGY+aims+scope+instructions+for+authors+APC
657,2-Q1且IF小于10,2,Cell Genomics,CELL GENOM,2666-979X,2666-979X,8.4,10.7,Q1,13/192,Q1,Q1,1.92,93.5,126.0,3832.0,CELL BIOLOGY; GENETICS & HEREDITY,CELL BIOLOGY(JIF Q1/JCI Q1) | GENETICS & HEREDITY(JIF Q1/JCI Q1),CELL PRESS,其他,否,ESCI,需核实,请查期刊官网 Author / Open Access 页面,未知,,https://www.google.com/search?q=Cell+Genomics+aims+scope+instructions+for+authors+APC
658,2-Q1且IF小于10,2,Neurotherapeutics,NEUROTHERAPEUTICS,1933-7213,1878-7479,7.4,8.1,Q1,21/296,Q1,Q1,1.94,93.1,126.0,11851.0,CLINICAL NEUROLOGY; NEUROSCIENCES; PHARMACOLOGY & PHARMACY,CLINICAL NEUROLOGY(JIF Q1/JCI Q1) | NEUROSCIENCES(JIF Q1/JCI Q1) | PHARMACOLOGY & PHARMACY(JIF Q1/JCI Q1),ELSEVIER SCIENCE INC,Elsevier,是,SCIE,混合为主,"订阅路线通常无APC；Gold OA常见 USD 2,200-4,200",中,https://www.elsevier.com/open-access/agreements,https://www.google.com/search?q=Neurotherapeutics+aims+scope+instructions+for+authors+APC
659,2-Q1且IF小于10,2,Contact Lens & Anterior Eye,CONTACT LENS ANTERIO,1367-0484,1476-5411,4.2,4.4,Q1,18/98,Q1,Q1,1.77,82.1,126.0,4003.0,OPHTHALMOLOGY,OPHTHALMOLOGY(JIF Q1/JCI Q1),ELSEVIER,Elsevier,是,SCIE,混合为主,"订阅路线通常无APC；Gold OA常见 USD 2,200-4,200",中,https://www.elsevier.com/open-access/agreements,https://www.google.com/search?q=Contact+Lens+&+Anterior+Eye+aims+scope+instructions+for+authors+APC
660,2-Q1且IF小于10,2,MENOPAUSE-The Journal of the Menopause Society,MENOPAUSE,1072-3714,1530-0374,3.9,3.8,Q1,18/143,Q1,Q1,1.3,87.8,126.0,8950.0,OBSTETRICS & GYNECOLOGY,OBSTETRICS & GYNECOLOGY(JIF Q1/JCI Q1),LIPPINCOTT WILLIAMS & WILKINS,Wolters Kluwer/LWW,是,SCIE,混合为主,"订阅路线通常无APC；OA常见 USD 2,000-4,000；MEDICINE已拉黑",中,https://wkauthorservices.editage.com/open-access/,https://www.google.com/search?q=MENOPAUSE-The+Journal+of+the+Menopause+Society+aims+scope+instructions+for+authors+APC
661,2-Q1且IF小于10,2,Disease Models & Mechanisms,DIS MODEL MECH,1754-8403,1754-8411,3.6,4.2,Q1,21/89,Q2,Q2,0.89,77.0,126.0,8327.0,"CELL BIOLOGY; MEDICINE, RESEARCH & EXPERIMENTAL; PATHOLOGY","CELL BIOLOGY(JIF Q3/JCI Q2) | MEDICINE, RESEARCH & EXPERIMENTAL(JIF Q2/JCI Q2) | PATHOLOGY(JIF Q1/JCI Q2)",COMPANY BIOLOGISTS LTD,其他,是,SCIE,需核实,请查期刊官网 Author / Open Access 页面,未知,,https://www.google.com/search?q=Disease+Models+&+Mechanisms+aims+scope+instructions+for+authors+APC
662,2-Q1且IF小于10,2,INFLAMMATION RESEARCH,INFLAMM RES,1023-3830,1420-908X,6.2,6.2,Q1,36/183,Q2,Q2,0.86,80.6,125.0,8155.0,CELL BIOLOGY; IMMUNOLOGY,CELL BIOLOGY(JIF Q2/JCI Q2) | IMMUNOLOGY(JIF Q1/JCI Q2),SPRINGER BASEL AG,Springer,是,SCIE,混合为主,"订阅路线通常无APC；选OA约 USD 2,790-4,290",中,https://www.springer.com/gp/open-access,https://www.google.com/search?q=INFLAMMATION+RESEARCH+aims+scope+instructions+for+authors+APC
663,2-Q1且IF小于10,2,European Heart Journal-Cardiovascular Imaging,EUR HEART J-CARD IMG,2047-2404,2047-2412,6.1,6.5,Q1,20/217,Q1,Q1,1.63,91.0,125.0,12031.0,"CARDIAC & CARDIOVASCULAR SYSTEMS; RADIOLOGY, NUCLEAR MEDICINE & MEDICAL IMAGING","CARDIAC & CARDIOVASCULAR SYSTEMS(JIF Q1/JCI Q1) | RADIOLOGY, NUCLEAR MEDICINE & MEDICAL IMAGING(JIF Q1/JCI Q1)",OXFORD UNIV PRESS,Oxford UP,是,SCIE,混合为主,订阅路线通常无APC；可选OA，费用因刊而异,中,https://academic.oup.com/pages/open-research/open-access,https://www.google.com/search?q=European+Heart+Journal-Cardiovascular+Imaging+aims+scope+instructions+for+authors+APC
664,2-Q1且IF小于10,2,Body Image,BODY IMAGE,1740-1445,1873-6807,6.0,7.1,Q1,8/184,Q1,Q1,1.84,95.9,125.0,10740.0,"PSYCHIATRY; PSYCHOLOGY, CLINICAL","PSYCHIATRY(JIF Q1/JCI Q1) | PSYCHOLOGY, CLINICAL(JIF Q1/JCI Q1)",ELSEVIER,Elsevier,否,SSCI,混合为主,"订阅路线通常无APC；Gold OA常见 USD 2,200-4,200",中,https://www.elsevier.com/open-access/agreements,https://www.google.com/search?q=Body+Image+aims+scope+instructions+for+authors+APC
665,2-Q1且IF小于10,2,JOURNAL OF NEUROSURGERY-SPINE,J NEUROSURG-SPINE,1547-5654,1547-5646,3.9,3.7,Q1,34/321,Q1,Q1,1.33,89.6,125.0,11194.0,CLINICAL NEUROLOGY; SURGERY,CLINICAL NEUROLOGY(JIF Q2/JCI Q1) | SURGERY(JIF Q1/JCI Q1),AMER ASSOC NEUROLOGICAL SURGEONS,其他,是,SCIE,需核实,请查期刊官网 Author / Open Access 页面,未知,,https://www.google.com/search?q=JOURNAL+OF+NEUROSURGERY-SPINE+aims+scope+instructions+for+authors+APC
666,2-Q1且IF小于10,2,Cancer Immunology Research,CANCER IMMUNOL RES,2326-6066,2326-6074,7.9,10.0,Q1,22/183,Q1,Q1,1.85,88.3,124.0,13610.0,IMMUNOLOGY; ONCOLOGY,IMMUNOLOGY(JIF Q1/JCI Q1) | ONCOLOGY(JIF Q1/JCI Q1),AMER ASSOC CANCER RESEARCH,其他,是,SCIE,需核实,请查期刊官网 Author / Open Access 页面,未知,,https://www.google.com/search?q=Cancer+Immunology+Research+aims+scope+instructions+for+authors+APC
667,2-Q1且IF小于10,2,JOURNAL OF PERIODONTOLOGY,J PERIODONTOL,0022-3492,1943-3670,4.5,5.1,Q1,18/165,Q1,Q1,1.84,89.4,124.0,18878.0,"DENTISTRY, ORAL SURGERY & MEDICINE","DENTISTRY, ORAL SURGERY & MEDICINE(JIF Q1/JCI Q1)",WILEY,Wiley,是,SCIE,混合为主,"订阅路线通常无APC；OnlineOpen常见 USD 3,200-4,700",中,https://authorservices.wiley.com/author-resources/Journal-Authors/open-access/article-publication-charges.html,https://www.google.com/search?q=JOURNAL+OF+PERIODONTOLOGY+aims+scope+instructions+for+authors+APC
668,2-Q1且IF小于10,2,Research Involvement and Engagement,RES INVOLVE ENGAGEM,,2056-7529,4.1,,Q1,12/125,Q1,Q1,1.17,90.8,124.0,2678.0,HEALTH CARE SCIENCES & SERVICES; HEALTH POLICY & SERVICES,HEALTH CARE SCIENCES & SERVICES(JIF Q1/JCI Q1) | HEALTH POLICY & SERVICES(JIF Q1/JCI Q1),SPRINGERNATURE,Springer Nature,否,ESCI,混合/全OA,"全OA约 USD 2,090-3,490；Nature系更高；Scientific Reports已拉黑",中高,https://www.springernature.com/gp/open-research/journals-books/journals,https://www.google.com/search?q=Research+Involvement+and+Engagement+aims+scope+instructions+for+authors+APC
669,2-Q1且IF小于10,2,JOURNAL OF CHILD PSYCHOLOGY AND PSYCHIATRY,J CHILD PSYCHOL PSYC,0021-9630,1469-7610,6.6,9.3,Q1,4/95,Q1,Q1,1.62,92.3,123.0,24510.0,PSYCHIATRY,PSYCHIATRY(JIF Q1/JCI Q1),WILEY,Wiley,是,"SCIE, SSCI; SCIE; SSCI",混合为主,"订阅路线通常无APC；OnlineOpen常见 USD 3,200-4,700",中,https://authorservices.wiley.com/author-resources/Journal-Authors/open-access/article-publication-charges.html,https://www.google.com/search?q=JOURNAL+OF+CHILD+PSYCHOLOGY+AND+PSYCHIATRY+aims+scope+instructions+for+authors+APC
670,2-Q1且IF小于10,2,DISEASES OF THE COLON & RECTUM,DIS COLON RECTUM,0012-3706,1530-0358,3.1,3.5,Q1,59/321,Q1,Q1,1.17,81.8,123.0,12835.0,GASTROENTEROLOGY & HEPATOLOGY; SURGERY,GASTROENTEROLOGY & HEPATOLOGY(JIF Q2/JCI Q1) | SURGERY(JIF Q1/JCI Q1),LIPPINCOTT WILLIAMS & WILKINS,Wolters Kluwer/LWW,是,SCIE,混合为主,"订阅路线通常无APC；OA常见 USD 2,000-4,000；MEDICINE已拉黑",中,https://wkauthorservices.editage.com/open-access/,https://www.google.com/search?q=DISEASES+OF+THE+COLON+&+RECTUM+aims+scope+instructions+for+authors+APC
671,2-Q1且IF小于10,2,Journal of Vascular Surgery-Venous and Lymphatic Disorders,J VASC SURG-VENOUS L,2213-333X,2213-333X,3.1,3.0,Q1,59/321,Q1,Q1,1.05,81.8,123.0,3488.0,PERIPHERAL VASCULAR DISEASE; SURGERY,PERIPHERAL VASCULAR DISEASE(JIF Q2/JCI Q1) | SURGERY(JIF Q1/JCI Q1),ELSEVIER,Elsevier,是,SCIE,混合为主,"订阅路线通常无APC；Gold OA常见 USD 2,200-4,200",中,https://www.elsevier.com/open-access/agreements,https://www.google.com/search?q=Journal+of+Vascular+Surgery-Venous+and+Lymphatic+Disorders+aims+scope+instructions+for+authors+APC
672,2-Q1且IF小于10,2,Nurse Educator,NURS EDUC,0363-3624,1538-9855,2.8,3.0,Q1,36/194,Q1,Q1,1.13,81.7,123.0,2800.0,NURSING,NURSING(JIF Q1/JCI Q1),LIPPINCOTT WILLIAMS & WILKINS,Wolters Kluwer/LWW,是,"SCIE, SSCI",混合为主,"订阅路线通常无APC；OA常见 USD 2,000-4,000；MEDICINE已拉黑",中,https://wkauthorservices.editage.com/open-access/,https://www.google.com/search?q=Nurse+Educator+aims+scope+instructions+for+authors+APC
673,2-Q1且IF小于10,2,CELL BIOLOGY AND TOXICOLOGY,CELL BIOL TOXICOL,0742-2091,1573-6822,5.7,6.6,Q1,14/106,Q1,Q1,1.1,87.3,122.0,4619.0,CELL BIOLOGY; TOXICOLOGY,CELL BIOLOGY(JIF Q2/JCI Q1) | TOXICOLOGY(JIF Q1/JCI Q1),SPRINGER,Springer,是,SCIE,混合为主,"订阅路线通常无APC；选OA约 USD 2,790-4,290",中,https://www.springer.com/gp/open-access,https://www.google.com/search?q=CELL+BIOLOGY+AND+TOXICOLOGY+aims+scope+instructions+for+authors+APC
674,2-Q1且IF小于10,2,JOURNAL OF CATARACT AND REFRACTIVE SURGERY,J CATARACT REFR SURG,0886-3350,1873-4502,3.7,3.4,Q1,42/321,Q1,Q1,1.45,87.1,122.0,13657.0,OPHTHALMOLOGY; SURGERY,OPHTHALMOLOGY(JIF Q1/JCI Q1) | SURGERY(JIF Q1/JCI Q1),LIPPINCOTT WILLIAMS & WILKINS,Wolters Kluwer/LWW,是,SCIE,混合为主,"订阅路线通常无APC；OA常见 USD 2,000-4,000；MEDICINE已拉黑",中,https://wkauthorservices.editage.com/open-access/,https://www.google.com/search?q=JOURNAL+OF+CATARACT+AND+REFRACTIVE+SURGERY+aims+scope+instructions+for+authors+APC
675,2-Q1且IF小于10,2,European Journal of Health Economics,EUR J HEALTH ECON,1618-7598,1618-7601,3.1,4.1,Q1,135/626,Q1,Q1,0.99,75.6,122.0,4569.0,HEALTH POLICY & SERVICES,HEALTH POLICY & SERVICES(JIF Q1/JCI Q1),SPRINGER,Springer,否,SSCI,混合为主,"订阅路线通常无APC；选OA约 USD 2,790-4,290",中,https://www.springer.com/gp/open-access,https://www.google.com/search?q=European+Journal+of+Health+Economics+aims+scope+instructions+for+authors+APC
676,2-Q1且IF小于10,2,American Journal of Medicine,AM J MED,0002-9343,1555-7162,6.0,6.1,Q1,32/336,Q1,Q1,1.15,90.6,121.0,24244.0,"MEDICINE, GENERAL & INTERNAL","MEDICINE, GENERAL & INTERNAL(JIF Q1/JCI Q1)",ELSEVIER SCIENCE INC,Elsevier,是,SCIE,混合为主,"订阅路线通常无APC；Gold OA常见 USD 2,200-4,200",中,https://www.elsevier.com/open-access/agreements,https://www.google.com/search?q=American+Journal+of+Medicine+aims+scope+instructions+for+authors+APC
677,2-Q1且IF小于10,2,International Forum of Allergy & Rhinology,INT FORUM ALLERGY RH,2042-6976,2042-6984,4.9,4.9,Q1,3/67,Q1,Q1,2.24,96.3,121.0,6078.0,OTORHINOLARYNGOLOGY,OTORHINOLARYNGOLOGY(JIF Q1/JCI Q1),WILEY,Wiley,是,SCIE,混合为主,"订阅路线通常无APC；OnlineOpen常见 USD 3,200-4,700",中,https://authorservices.wiley.com/author-resources/Journal-Authors/open-access/article-publication-charges.html,https://www.google.com/search?q=International+Forum+of+Allergy+&+Rhinology+aims+scope+instructions+for+authors+APC
678,2-Q1且IF小于10,2,JOURNAL OF MOLECULAR AND CELLULAR CARDIOLOGY,J MOL CELL CARDIOL,0022-2828,1095-8584,4.9,5.4,Q1,54/237,Q2,Q2,0.93,77.4,121.0,14293.0,CARDIAC & CARDIOVASCULAR SYSTEMS; CELL BIOLOGY,CARDIAC & CARDIOVASCULAR SYSTEMS(JIF Q1/JCI Q2) | CELL BIOLOGY(JIF Q2/JCI Q2),ELSEVIER SCI LTD,Elsevier,是,SCIE,混合为主,"订阅路线通常无APC；Gold OA常见 USD 2,200-4,200",中,https://www.elsevier.com/open-access/agreements,https://www.google.com/search?q=JOURNAL+OF+MOLECULAR+AND+CELLULAR+CARDIOLOGY+aims+scope+instructions+for+authors+APC
679,2-Q1且IF小于10,2,AMERICAN JOURNAL OF ORTHODONTICS AND DENTOFACIAL ORTHOPEDICS,AM J ORTHOD DENTOFAC,0889-5406,1097-6752,4.4,4.1,Q1,19/165,Q1,Q1,1.39,88.8,121.0,18206.0,"DENTISTRY, ORAL SURGERY & MEDICINE","DENTISTRY, ORAL SURGERY & MEDICINE(JIF Q1/JCI Q1)",MOSBY-ELSEVIER,Elsevier,是,SCIE,混合为主,"订阅路线通常无APC；Gold OA常见 USD 2,200-4,200",中,https://www.elsevier.com/open-access/agreements,https://www.google.com/search?q=AMERICAN+JOURNAL+OF+ORTHODONTICS+AND+DENTOFACIAL+ORTHOPEDICS+aims+scope+instructions+for+authors+APC
680,2-Q1且IF小于10,2,Surgery for Obesity and Related Diseases,SURG OBES RELAT DIS,1550-7289,1878-7533,3.2,3.4,Q1,55/321,Q1,Q1,1.75,83.0,121.0,8110.0,SURGERY,SURGERY(JIF Q1/JCI Q1),ELSEVIER SCIENCE INC,Elsevier,是,SCIE,混合为主,"订阅路线通常无APC；Gold OA常见 USD 2,200-4,200",中,https://www.elsevier.com/open-access/agreements,https://www.google.com/search?q=Surgery+for+Obesity+and+Related+Diseases+aims+scope+instructions+for+authors+APC
681,2-Q1且IF小于10,2,AMERICAN JOURNAL OF HEMATOLOGY,AM J HEMATOL,0361-8609,1096-8652,9.4,9.5,Q1,9/103,Q1,Q1,2.12,91.7,120.0,17614.0,HEMATOLOGY,HEMATOLOGY(JIF Q1/JCI Q1),WILEY,Wiley,是,SCIE,混合为主,"订阅路线通常无APC；OnlineOpen常见 USD 3,200-4,700",中,https://authorservices.wiley.com/author-resources/Journal-Authors/open-access/article-publication-charges.html,https://www.google.com/search?q=AMERICAN+JOURNAL+OF+HEMATOLOGY+aims+scope+instructions+for+authors+APC
682,2-Q1且IF小于10,2,BRITISH JOURNAL OF PSYCHIATRY,BRIT J PSYCHIAT,0007-1250,1472-1465,8.5,8.9,Q1,12/293,Q1,Q1,1.71,96.1,120.0,24973.0,PSYCHIATRY,PSYCHIATRY(JIF Q1/JCI Q1),CAMBRIDGE UNIV PRESS,Cambridge UP,是,"SCIE, SSCI",混合为主,订阅路线通常无APC；Gold OA因刊而异,中,https://www.cambridge.org/core/open-research/open-access,https://www.google.com/search?q=BRITISH+JOURNAL+OF+PSYCHIATRY+aims+scope+instructions+for+authors+APC
683,2-Q1且IF小于10,2,Innovation in Aging,INNOV AGING,,2399-5300,6.2,7.5,Q1,1/49,Q2,Q1,0.95,85.4,120.0,4257.0,GERIATRICS & GERONTOLOGY,GERIATRICS & GERONTOLOGY(JIF Q1/JCI Q2),OXFORD UNIV PRESS,Oxford UP,是,SCIE; SSCI,混合为主,订阅路线通常无APC；可选OA，费用因刊而异,中,https://academic.oup.com/pages/open-research/open-access,https://www.google.com/search?q=Innovation+in+Aging+aims+scope+instructions+for+authors+APC
684,2-Q1且IF小于10,2,BIOGERONTOLOGY,BIOGERONTOLOGY,1389-5729,1573-6768,5.3,5.2,Q1,14/72,Q2,Q2,0.82,81.3,120.0,4325.0,GERIATRICS & GERONTOLOGY,GERIATRICS & GERONTOLOGY(JIF Q1/JCI Q2),SPRINGER,Springer,是,SCIE,混合为主,"订阅路线通常无APC；选OA约 USD 2,790-4,290",中,https://www.springer.com/gp/open-access,https://www.google.com/search?q=BIOGERONTOLOGY+aims+scope+instructions+for+authors+APC
685,2-Q1且IF小于10,2,POSTGRADUATE MEDICAL JOURNAL,POSTGRAD MED J,0032-5473,1469-0756,3.6,3.3,Q1,64/336,Q1,Q1,0.89,81.1,120.0,7343.0,"MEDICINE, GENERAL & INTERNAL","MEDICINE, GENERAL & INTERNAL(JIF Q1/JCI Q1)",OXFORD UNIV PRESS,Oxford UP,是,SCIE,混合为主,订阅路线通常无APC；可选OA，费用因刊而异,中,https://academic.oup.com/pages/open-research/open-access,https://www.google.com/search?q=POSTGRADUATE+MEDICAL+JOURNAL+aims+scope+instructions+for+authors+APC
686,2-Q1且IF小于10,2,AMERICAN JOURNAL OF KIDNEY DISEASES,AM J KIDNEY DIS,0272-6386,1523-6838,9.4,11.5,Q1,7/134,Q1,Q1,2.89,95.1,119.0,26994.0,UROLOGY & NEPHROLOGY,UROLOGY & NEPHROLOGY(JIF Q1/JCI Q1),W B SAUNDERS CO-ELSEVIER INC,Elsevier,是,SCIE,混合为主,"订阅路线通常无APC；Gold OA常见 USD 2,200-4,200",中,https://www.elsevier.com/open-access/agreements,https://www.google.com/search?q=AMERICAN+JOURNAL+OF+KIDNEY+DISEASES+aims+scope+instructions+for+authors+APC
687,2-Q1且IF小于10,2,Cellular and Molecular Gastroenterology and Hepatology,CELL MOL GASTROENTER,2352-345X,2352-345X,8.2,8.6,Q1,16/153,Q1,Q1,1.63,89.9,119.0,7982.0,GASTROENTEROLOGY & HEPATOLOGY,GASTROENTEROLOGY & HEPATOLOGY(JIF Q1/JCI Q1),ELSEVIER INC,Elsevier,是,SCIE,混合为主,"订阅路线通常无APC；Gold OA常见 USD 2,200-4,200",中,https://www.elsevier.com/open-access/agreements,https://www.google.com/search?q=Cellular+and+Molecular+Gastroenterology+and+Hepatology+aims+scope+instructions+for+authors+APC
688,2-Q1且IF小于10,2,GLIA,GLIA,0894-1491,1098-1136,5.5,6.4,Q1,59/330,Q1,Q1,1.36,82.3,119.0,16348.0,NEUROSCIENCES,NEUROSCIENCES(JIF Q1/JCI Q1),WILEY,Wiley,是,SCIE,混合为主,"订阅路线通常无APC；OnlineOpen常见 USD 3,200-4,700",中,https://authorservices.wiley.com/author-resources/Journal-Authors/open-access/article-publication-charges.html,https://www.google.com/search?q=GLIA+aims+scope+instructions+for+authors+APC
689,2-Q1且IF小于10,2,Asian Journal of Surgery,ASIAN J SURG,1015-9584,0219-3108,5.2,4.3,Q1,18/321,Q2,Q2,0.92,94.5,119.0,5389.0,SURGERY,SURGERY(JIF Q1/JCI Q2),ELSEVIER SINGAPORE PTE LTD,Elsevier,是,SCIE,混合为主,"订阅路线通常无APC；Gold OA常见 USD 2,200-4,200",中,https://www.elsevier.com/open-access/agreements,https://www.google.com/search?q=Asian+Journal+of+Surgery+aims+scope+instructions+for+authors+APC
690,2-Q1且IF小于10,2,JMIR Serious Games,JMIR SERIOUS GAMES,2291-9279,2291-9279,4.7,6.1,Q1,56/443,Q1,Q1,1.16,87.5,119.0,3631.0,"HEALTH CARE SCIENCES & SERVICES; MEDICAL INFORMATICS; PUBLIC, ENVIRONMENTAL & OCCUPATIONAL HEALTH","HEALTH CARE SCIENCES & SERVICES(JIF Q1/JCI Q1) | MEDICAL INFORMATICS(JIF Q2/JCI Q2) | PUBLIC, ENVIRONMENTAL & OCCUPATIONAL HEALTH(JIF Q1/JCI Q1)","JMIR PUBLICATIONS, INC",其他,是,SCIE,需核实,请查期刊官网 Author / Open Access 页面,未知,,https://www.google.com/search?q=JMIR+Serious+Games+aims+scope+instructions+for+authors+APC
691,2-Q1且IF小于10,2,European Urology Open Science,EUR UROL OPEN SCI,2666-1691,2666-1683,4.3,4.2,Q1,18/134,Q1,Q1,1.36,86.9,119.0,2618.0,UROLOGY & NEPHROLOGY,UROLOGY & NEPHROLOGY(JIF Q1/JCI Q1),ELSEVIER,Elsevier,是,SCIE,混合为主,"订阅路线通常无APC；Gold OA常见 USD 2,200-4,200",中,https://www.elsevier.com/open-access/agreements,https://www.google.com/search?q=European+Urology+Open+Science+aims+scope+instructions+for+authors+APC
692,2-Q1且IF小于10,2,JOURNAL OF CLINICAL PSYCHIATRY,J CLIN PSYCHIAT,0160-6689,1555-2101,4.2,5.6,Q1,23/184,Q1,Q1,1.18,87.8,119.0,18359.0,"PSYCHIATRY; PSYCHOLOGY, CLINICAL","PSYCHIATRY(JIF Q1/JCI Q1) | PSYCHOLOGY, CLINICAL(JIF Q1/JCI Q1)",PHYSICIANS POSTGRADUATE PRESS,其他,是,"SCIE, SSCI; SSCI",需核实,请查期刊官网 Author / Open Access 页面,未知,,https://www.google.com/search?q=JOURNAL+OF+CLINICAL+PSYCHIATRY+aims+scope+instructions+for+authors+APC
693,2-Q1且IF小于10,2,Journal of Epidemiology and Global Health,J EPIDEMIOL GLOB HEA,2210-6006,2210-6014,4.0,5.2,Q1,79/443,Q1,Q1,1.1,82.3,119.0,3226.0,"PUBLIC, ENVIRONMENTAL & OCCUPATIONAL HEALTH","PUBLIC, ENVIRONMENTAL & OCCUPATIONAL HEALTH(JIF Q1/JCI Q1)",SPRINGERNATURE,Springer Nature,是,"SCIE, SSCI",混合/全OA,"全OA约 USD 2,090-3,490；Nature系更高；Scientific Reports已拉黑",中高,https://www.springernature.com/gp/open-research/journals-books/journals,https://www.google.com/search?q=Journal+of+Epidemiology+and+Global+Health+aims+scope+instructions+for+authors+APC
694,2-Q1且IF小于10,2,Osteoarthritis and Cartilage Open,OSTEOARTHR CARTIL OP,,2665-9131,2.9,,Q1,34/147,Q2,Q2,0.97,77.2,119.0,1238.0,ORTHOPEDICS; RHEUMATOLOGY,ORTHOPEDICS(JIF Q1/JCI Q2) | RHEUMATOLOGY(JIF Q2/JCI Q2),ELSEVIER,Elsevier,否,ESCI,混合为主,"订阅路线通常无APC；Gold OA常见 USD 2,200-4,200",中,https://www.elsevier.com/open-access/agreements,https://www.google.com/search?q=Osteoarthritis+and+Cartilage+Open+aims+scope+instructions+for+authors+APC
695,2-Q1且IF小于10,2,EUROPEAN JOURNAL OF VASCULAR AND ENDOVASCULAR SURGERY,EUR J VASC ENDOVASC,1078-5884,1532-2165,8.5,6.6,Q1,6/321,Q1,Q1,2.71,98.3,118.0,13217.0,PERIPHERAL VASCULAR DISEASE; SURGERY,PERIPHERAL VASCULAR DISEASE(JIF Q1/JCI Q1) | SURGERY(JIF Q1/JCI Q1),W B SAUNDERS CO LTD,Elsevier,是,SCIE,混合为主,"订阅路线通常无APC；Gold OA常见 USD 2,200-4,200",中,https://www.elsevier.com/open-access/agreements,https://www.google.com/search?q=EUROPEAN+JOURNAL+OF+VASCULAR+AND+ENDOVASCULAR+SURGERY+aims+scope+instructions+for+authors+APC
696,2-Q1且IF小于10,2,AMERICAN JOURNAL OF RESPIRATORY CELL AND MOLECULAR BIOLOGY,AM J RESP CELL MOL,1044-1549,1535-4989,5.4,6.4,Q1,15/107,Q1,Q1,1.1,86.4,118.0,13377.0,BIOCHEMISTRY & MOLECULAR BIOLOGY; CELL BIOLOGY; RESPIRATORY SYSTEM,BIOCHEMISTRY & MOLECULAR BIOLOGY(JIF Q1/JCI Q1) | CELL BIOLOGY(JIF Q2/JCI Q1) | RESPIRATORY SYSTEM(JIF Q1/JCI Q1),OXFORD UNIV PRESS,Oxford UP,是,SCIE,混合为主,订阅路线通常无APC；可选OA，费用因刊而异,中,https://academic.oup.com/pages/open-research/open-access,https://www.google.com/search?q=AMERICAN+JOURNAL+OF+RESPIRATORY+CELL+AND+MOLECULAR+BIOLOGY+aims+scope+instructions+for+authors+APC
697,2-Q1且IF小于10,2,JOURNAL OF SCIENCE AND MEDICINE IN SPORT,J SCI MED SPORT,1440-2440,1878-1861,4.5,4.4,Q1,14/136,Q1,Q1,1.39,90.1,118.0,11372.0,SPORT SCIENCES,SPORT SCIENCES(JIF Q1/JCI Q1),ELSEVIER SCI LTD,Elsevier,是,SCIE,混合为主,"订阅路线通常无APC；Gold OA常见 USD 2,200-4,200",中,https://www.elsevier.com/open-access/agreements,https://www.google.com/search?q=JOURNAL+OF+SCIENCE+AND+MEDICINE+IN+SPORT+aims+scope+instructions+for+authors+APC
698,2-Q1且IF小于10,2,Pain Reports,PAIN REP,,2471-2531,4.3,4.8,Q1,10/72,Q1,Q1,1.07,86.8,118.0,2727.0,ANESTHESIOLOGY; CLINICAL NEUROLOGY; NEUROSCIENCES,ANESTHESIOLOGY(JIF Q1/JCI Q1) | CLINICAL NEUROLOGY(JIF Q1/JCI Q1) | NEUROSCIENCES(JIF Q2/JCI Q1),LIPPINCOTT WILLIAMS & WILKINS,Wolters Kluwer/LWW,否,ESCI,混合为主,"订阅路线通常无APC；OA常见 USD 2,000-4,000；MEDICINE已拉黑",中,https://wkauthorservices.editage.com/open-access/,https://www.google.com/search?q=Pain+Reports+aims+scope+instructions+for+authors+APC
699,2-Q1且IF小于10,2,Disability and Health Journal,DISABIL HEALTH J,1936-6574,1876-7583,3.0,3.9,Q1,23/175,Q1,Q1,1.21,87.1,118.0,4352.0,"HEALTH CARE SCIENCES & SERVICES; HEALTH POLICY & SERVICES; PUBLIC, ENVIRONMENTAL & OCCUPATIONAL HEALTH; REHABILITATION","HEALTH CARE SCIENCES & SERVICES(JIF Q2/JCI Q1) | HEALTH POLICY & SERVICES(JIF Q2/JCI Q1) | PUBLIC, ENVIRONMENTAL & OCCUPATIONAL HEALTH(JIF Q2/JCI Q1) | REHABILITATION(JIF Q1/JCI Q1)",ELSEVIER SCIENCE INC,Elsevier,是,"SCIE; SSCI; SCIE, SSCI",混合为主,"订阅路线通常无APC；Gold OA常见 USD 2,200-4,200",中,https://www.elsevier.com/open-access/agreements,https://www.google.com/search?q=Disability+and+Health+Journal+aims+scope+instructions+for+authors+APC
700,2-Q1且IF小于10,2,Molecular Therapy Oncology,MOL THER ONCOL,,2950-3299,8.5,32.2,Q1,22/191,Q2,Q2,0.94,88.7,117.0,4866.0,"MEDICINE, RESEARCH & EXPERIMENTAL; ONCOLOGY","MEDICINE, RESEARCH & EXPERIMENTAL(JIF Q1/JCI Q2) | ONCOLOGY(JIF Q1/JCI Q2)",CELL PRESS,其他,是,SCIE,需核实,请查期刊官网 Author / Open Access 页面,未知,,https://www.google.com/search?q=Molecular+Therapy+Oncology+aims+scope+instructions+for+authors+APC
701,2-Q1且IF小于10,2,European Heart Journal - Digital Health,EUR HEART J-DIGIT HL,,2634-3916,5.3,5.3,Q1,50/237,Q1,Q1,1.13,79.1,117.0,1563.0,CARDIAC & CARDIOVASCULAR SYSTEMS,CARDIAC & CARDIOVASCULAR SYSTEMS(JIF Q1/JCI Q1),OXFORD UNIV PRESS,Oxford UP,否,ESCI,混合为主,订阅路线通常无APC；可选OA，费用因刊而异,中,https://academic.oup.com/pages/open-research/open-access,https://www.google.com/search?q=European+Heart+Journal+-+Digital+Health+aims+scope+instructions+for+authors+APC
702,2-Q1且IF小于10,2,Journal of the International AIDS Society,J INT AIDS SOC,,1758-2652,5.2,5.6,Q1,21/141,Q1,Q1,1.0,85.5,117.0,7940.0,IMMUNOLOGY; INFECTIOUS DISEASES,IMMUNOLOGY(JIF Q2/JCI Q2) | INFECTIOUS DISEASES(JIF Q1/JCI Q1),WILEY,Wiley,是,SCIE,混合为主,"订阅路线通常无APC；OnlineOpen常见 USD 3,200-4,700",中,https://authorservices.wiley.com/author-resources/Journal-Authors/open-access/article-publication-charges.html,https://www.google.com/search?q=Journal+of+the+International+AIDS+Society+aims+scope+instructions+for+authors+APC
703,2-Q1且IF小于10,2,IEEE Transactions on Cognitive and Developmental Systems,IEEE T COGN DEV SYST,2379-8920,2379-8939,4.7,5.1,Q1,77/330,Q1,Q1,1.11,76.8,117.0,4134.0,NEUROSCIENCES,NEUROSCIENCES(JIF Q1/JCI Q1),IEEE-INST ELECTRICAL ELECTRONICS ENGINEERS INC,IEEE,是,SCIE,混合/OA,因刊而异,中,https://open.ieee.org/,https://www.google.com/search?q=IEEE+Transactions+on+Cognitive+and+Developmental+Systems+aims+scope+instructions+for+authors+APC
704,2-Q1且IF小于10,2,International Journal of Clinical and Health Psychology,INT J CLIN HLTH PSYC,1697-2600,2174-0852,4.4,5.2,Q1,19/184,Q1,Q1,1.61,89.9,117.0,2920.0,"PSYCHOLOGY, CLINICAL","PSYCHOLOGY, CLINICAL(JIF Q1/JCI Q1)",ELSEVIER SCIENCE INC,Elsevier,否,SSCI,混合为主,"订阅路线通常无APC；Gold OA常见 USD 2,200-4,200",中,https://www.elsevier.com/open-access/agreements,https://www.google.com/search?q=International+Journal+of+Clinical+and+Health+Psychology+aims+scope+instructions+for+authors+APC
705,2-Q1且IF小于10,2,Breast Cancer,BREAST CANCER-TOKYO,1340-6868,1880-4233,3.7,3.6,Q1,21/143,Q2,Q2,0.96,85.7,117.0,3784.0,OBSTETRICS & GYNECOLOGY; ONCOLOGY,OBSTETRICS & GYNECOLOGY(JIF Q1/JCI Q2) | ONCOLOGY(JIF Q2/JCI Q2),SPRINGER JAPAN KK,Springer,是,SCIE,混合为主,"订阅路线通常无APC；选OA约 USD 2,790-4,290",中,https://www.springer.com/gp/open-access,https://www.google.com/search?q=Breast+Cancer+aims+scope+instructions+for+authors+APC
706,2-Q1且IF小于10,2,AMERICAN JOURNAL OF PHYSIOLOGY-RENAL PHYSIOLOGY,AM J PHYSIOL-RENAL,1931-857X,1522-1466,3.6,3.9,Q1,28/134,Q1,Q1,1.28,79.5,117.0,14668.0,UROLOGY & NEPHROLOGY,UROLOGY & NEPHROLOGY(JIF Q1/JCI Q1),AMER PHYSIOLOGICAL SOC,其他,是,SCIE,需核实,请查期刊官网 Author / Open Access 页面,未知,,https://www.google.com/search?q=AMERICAN+JOURNAL+OF+PHYSIOLOGY-RENAL+PHYSIOLOGY+aims+scope+instructions+for+authors+APC
707,2-Q1且IF小于10,2,CLINICS IN DERMATOLOGY,CLIN DERMATOL,0738-081X,1879-1131,3.5,2.7,Q1,22/99,Q1,Q1,1.28,78.3,117.0,5060.0,DERMATOLOGY,DERMATOLOGY(JIF Q1/JCI Q1),ELSEVIER SCIENCE INC,Elsevier,是,SCIE,混合为主,"订阅路线通常无APC；Gold OA常见 USD 2,200-4,200",中,https://www.elsevier.com/open-access/agreements,https://www.google.com/search?q=CLINICS+IN+DERMATOLOGY+aims+scope+instructions+for+authors+APC
708,2-Q1且IF小于10,2,CELL PROLIFERATION,CELL PROLIFERAT,0960-7722,1365-2184,7.6,8.2,Q1,47/207,Q2,Q2,0.8,77.5,116.0,10862.0,CELL BIOLOGY,CELL BIOLOGY(JIF Q1/JCI Q2),WILEY,Wiley,是,SCIE,混合为主,"订阅路线通常无APC；OnlineOpen常见 USD 3,200-4,700",中,https://authorservices.wiley.com/author-resources/Journal-Authors/open-access/article-publication-charges.html,https://www.google.com/search?q=CELL+PROLIFERATION+aims+scope+instructions+for+authors+APC
709,2-Q1且IF小于10,2,United European Gastroenterology Journal,UNITED EUR GASTROENT,2050-6406,2050-6414,6.4,6.7,Q1,22/153,Q1,Q1,1.24,85.9,116.0,5953.0,GASTROENTEROLOGY & HEPATOLOGY,GASTROENTEROLOGY & HEPATOLOGY(JIF Q1/JCI Q1),WILEY,Wiley,是,SCIE,混合为主,"订阅路线通常无APC；OnlineOpen常见 USD 3,200-4,700",中,https://authorservices.wiley.com/author-resources/Journal-Authors/open-access/article-publication-charges.html,https://www.google.com/search?q=United+European+Gastroenterology+Journal+aims+scope+instructions+for+authors+APC
710,2-Q1且IF小于10,2,CEPHALALGIA,CEPHALALGIA,0333-1024,1468-2982,5.8,5.1,Q1,29/296,Q1,Q1,1.29,90.4,116.0,13119.0,CLINICAL NEUROLOGY; NEUROSCIENCES,CLINICAL NEUROLOGY(JIF Q1/JCI Q1) | NEUROSCIENCES(JIF Q1/JCI Q1),SAGE PUBLICATIONS LTD,SAGE,是,SCIE,混合为主,"订阅路线通常无APC；SAGE Choice常见 USD 2,000-4,000",中,https://us.sagepub.com/en-us/nam/sage-choice,https://www.google.com/search?q=CEPHALALGIA+aims+scope+instructions+for+authors+APC
711,2-Q1且IF小于10,2,THROMBOSIS AND HAEMOSTASIS,THROMB HAEMOSTASIS,0340-6245,2567-689X,5.2,4.5,Q1,16/103,Q1,Q1,1.19,85.0,116.0,13733.0,HEMATOLOGY; PERIPHERAL VASCULAR DISEASE,HEMATOLOGY(JIF Q1/JCI Q1) | PERIPHERAL VASCULAR DISEASE(JIF Q1/JCI Q1),GEORG THIEME VERLAG KG,Thieme,是,SCIE,混合为主,订阅路线通常无APC；OA另计,中低,https://www.thieme.com/en-us/open-access,https://www.google.com/search?q=THROMBOSIS+AND+HAEMOSTASIS+aims+scope+instructions+for+authors+APC
712,2-Q1且IF小于10,2,NURSING ETHICS,NURS ETHICS,0969-7330,1477-0989,3.8,4.8,Q1,17/194,Q1,Q1,1.3,91.5,116.0,6469.0,NURSING,NURSING(JIF Q1/JCI Q1),SAGE PUBLICATIONS LTD,SAGE,是,"SSCI; SCIE, SSCI",混合为主,"订阅路线通常无APC；SAGE Choice常见 USD 2,000-4,000",中,https://us.sagepub.com/en-us/nam/sage-choice,https://www.google.com/search?q=NURSING+ETHICS+aims+scope+instructions+for+authors+APC
713,2-Q1且IF小于10,2,LIVER TRANSPLANTATION,LIVER TRANSPLANT,1527-6465,1527-6473,3.8,4.3,Q1,38/321,Q1,Q1,1.28,88.3,116.0,9804.0,GASTROENTEROLOGY & HEPATOLOGY; SURGERY; TRANSPLANTATION,GASTROENTEROLOGY & HEPATOLOGY(JIF Q2/JCI Q1) | SURGERY(JIF Q1/JCI Q1) | TRANSPLANTATION(JIF Q1/JCI Q1),LIPPINCOTT WILLIAMS & WILKINS,Wolters Kluwer/LWW,是,SCIE,混合为主,"订阅路线通常无APC；OA常见 USD 2,000-4,000；MEDICINE已拉黑",中,https://wkauthorservices.editage.com/open-access/,https://www.google.com/search?q=LIVER+TRANSPLANTATION+aims+scope+instructions+for+authors+APC
714,2-Q1且IF小于10,2,RADIOGRAPHICS,RADIOGRAPHICS,0271-5333,,6.2,7.7,Q1,19/217,Q1,Q1,1.59,91.5,115.0,15527.0,"RADIOLOGY, NUCLEAR MEDICINE & MEDICAL IMAGING","RADIOLOGY, NUCLEAR MEDICINE & MEDICAL IMAGING(JIF Q1/JCI Q1)",RADIOLOGICAL SOC NORTH AMERICA (RSNA),其他,是,SCIE,需核实,请查期刊官网 Author / Open Access 页面,未知,,https://www.google.com/search?q=RADIOGRAPHICS+aims+scope+instructions+for+authors+APC
715,2-Q1且IF小于10,2,Interdisciplinary Sciences-Computational Life Sciences,INTERDISCIP SCI,1913-2751,1867-1462,5.2,3.8,Q1,8/67,Q1,Q1,1.19,88.8,115.0,1841.0,MATHEMATICAL & COMPUTATIONAL BIOLOGY,MATHEMATICAL & COMPUTATIONAL BIOLOGY(JIF Q1/JCI Q1),SPRINGER HEIDELBERG,Springer,是,SCIE,混合为主,"订阅路线通常无APC；选OA约 USD 2,790-4,290",中,https://www.springer.com/gp/open-access,https://www.google.com/search?q=Interdisciplinary+Sciences-Computational+Life+Sciences+aims+scope+instructions+for+authors+APC
716,2-Q1且IF小于10,2,BJS Open,BJS OPEN,2474-9842,2474-9842,4.9,4.6,Q1,20/321,Q1,Q1,1.7,93.9,115.0,3986.0,SURGERY,SURGERY(JIF Q1/JCI Q1),OXFORD UNIV PRESS,Oxford UP,是,SCIE,混合为主,订阅路线通常无APC；可选OA，费用因刊而异,中,https://academic.oup.com/pages/open-research/open-access,https://www.google.com/search?q=BJS+Open+aims+scope+instructions+for+authors+APC
717,2-Q1且IF小于10,2,Journal of Diabetes Science and Technology,J DIABETES SCI TECHN,1932-2968,1932-2968,4.9,4.7,Q1,49/198,Q2,Q2,0.91,75.5,115.0,7841.0,ENDOCRINOLOGY & METABOLISM,ENDOCRINOLOGY & METABOLISM(JIF Q1/JCI Q2),SAGE PUBLICATIONS INC,SAGE,否,ESCI,混合为主,"订阅路线通常无APC；SAGE Choice常见 USD 2,000-4,000",中,https://us.sagepub.com/en-us/nam/sage-choice,https://www.google.com/search?q=Journal+of+Diabetes+Science+and+Technology+aims+scope+instructions+for+authors+APC
718,2-Q1且IF小于10,2,European Radiology Experimental,EUR RADIOL EXP,,2509-9280,4.7,4.6,Q1,35/217,Q1,Q1,1.28,84.1,115.0,2348.0,"RADIOLOGY, NUCLEAR MEDICINE & MEDICAL IMAGING","RADIOLOGY, NUCLEAR MEDICINE & MEDICAL IMAGING(JIF Q1/JCI Q1)",SPRINGER WIEN,Springer,否,ESCI,混合为主,"订阅路线通常无APC；选OA约 USD 2,790-4,290",中,https://www.springer.com/gp/open-access,https://www.google.com/search?q=European+Radiology+Experimental+aims+scope+instructions+for+authors+APC
719,2-Q1且IF小于10,2,JOURNAL OF REPRODUCTIVE IMMUNOLOGY,J REPROD IMMUNOL,0165-0378,1872-7603,3.5,3.5,Q1,25/143,Q1,Q1,1.05,82.9,115.0,4817.0,IMMUNOLOGY; OBSTETRICS & GYNECOLOGY; REPRODUCTIVE BIOLOGY,IMMUNOLOGY(JIF Q2/JCI Q1) | OBSTETRICS & GYNECOLOGY(JIF Q1/JCI Q1) | REPRODUCTIVE BIOLOGY(JIF Q1/JCI Q2),ELSEVIER IRELAND LTD,Elsevier,是,SCIE,混合为主,"订阅路线通常无APC；Gold OA常见 USD 2,200-4,200",中,https://www.elsevier.com/open-access/agreements,https://www.google.com/search?q=JOURNAL+OF+REPRODUCTIVE+IMMUNOLOGY+aims+scope+instructions+for+authors+APC
720,2-Q1且IF小于10,2,JOURNAL OF PROFESSIONAL NURSING,J PROF NURS,8755-7223,1532-8481,2.8,3.3,Q1,36/194,Q1,Q1,1.26,81.7,115.0,3740.0,NURSING,NURSING(JIF Q1/JCI Q1),W B SAUNDERS CO-ELSEVIER INC,Elsevier,是,"SCIE, SSCI",混合为主,"订阅路线通常无APC；Gold OA常见 USD 2,200-4,200",中,https://www.elsevier.com/open-access/agreements,https://www.google.com/search?q=JOURNAL+OF+PROFESSIONAL+NURSING+aims+scope+instructions+for+authors+APC
721,2-Q1且IF小于10,2,Nature Mental Health,NAT MENT HEALTH,,2731-6076,9.3,9.3,Q1,9/293,Q1,Q1,2.3,97.1,114.0,2179.0,PSYCHIATRY,PSYCHIATRY(JIF Q1/JCI Q1),SPRINGERNATURE,Springer Nature,否,ESCI,混合/全OA,"全OA约 USD 2,090-3,490；Nature系更高；Scientific Reports已拉黑",中高,https://www.springernature.com/gp/open-research/journals-books/journals,https://www.google.com/search?q=Nature+Mental+Health+aims+scope+instructions+for+authors+APC
722,2-Q1且IF小于10,2,EUROPEAN JOURNAL OF EPIDEMIOLOGY,EUR J EPIDEMIOL,0393-2990,1573-7284,6.6,8.8,Q1,27/443,Q1,Q1,2.01,94.0,114.0,16920.0,"PUBLIC, ENVIRONMENTAL & OCCUPATIONAL HEALTH","PUBLIC, ENVIRONMENTAL & OCCUPATIONAL HEALTH(JIF Q1/JCI Q1)",SPRINGER,Springer,是,SCIE,混合为主,"订阅路线通常无APC；选OA约 USD 2,790-4,290",中,https://www.springer.com/gp/open-access,https://www.google.com/search?q=EUROPEAN+JOURNAL+OF+EPIDEMIOLOGY+aims+scope+instructions+for+authors+APC
723,2-Q1且IF小于10,2,Journal of Parkinsons Disease,J PARKINSON DIS,1877-7171,1877-718X,5.9,5.7,Q1,53/330,Q1,Q1,1.11,84.1,114.0,7891.0,NEUROSCIENCES,NEUROSCIENCES(JIF Q1/JCI Q1),SAGE PUBLICATIONS INC,SAGE,是,SCIE,混合为主,"订阅路线通常无APC；SAGE Choice常见 USD 2,000-4,000",中,https://us.sagepub.com/en-us/nam/sage-choice,https://www.google.com/search?q=Journal+of+Parkinsons+Disease+aims+scope+instructions+for+authors+APC
724,2-Q1且IF小于10,2,Annals of Intensive Care,ANN INTENSIVE CARE,2110-5820,2110-5820,6.9,6.4,Q1,10/66,Q1,Q1,1.38,85.6,113.0,7709.0,CRITICAL CARE MEDICINE,CRITICAL CARE MEDICINE(JIF Q1/JCI Q1),ELSEVIER,Elsevier,是,SCIE,混合为主,"订阅路线通常无APC；Gold OA常见 USD 2,200-4,200",中,https://www.elsevier.com/open-access/agreements,https://www.google.com/search?q=Annals+of+Intensive+Care+aims+scope+instructions+for+authors+APC
725,2-Q1且IF小于10,2,THYROID,THYROID,1050-7256,1557-9077,6.6,6.5,Q1,28/198,Q1,Q1,1.5,86.1,113.0,16685.0,ENDOCRINOLOGY & METABOLISM,ENDOCRINOLOGY & METABOLISM(JIF Q1/JCI Q1),SAGE PUBLICATIONS INC,SAGE,是,SCIE,混合为主,"订阅路线通常无APC；SAGE Choice常见 USD 2,000-4,000",中,https://us.sagepub.com/en-us/nam/sage-choice,https://www.google.com/search?q=THYROID+aims+scope+instructions+for+authors+APC
726,2-Q1且IF小于10,2,BIOLOGY OF SPORT,BIOL SPORT,0860-021X,2083-1862,6.4,5.7,Q1,6/136,Q1,Q1,2.24,96.0,113.0,4180.0,SPORT SCIENCES,SPORT SCIENCES(JIF Q1/JCI Q1),TERMEDIA PUBLISHING HOUSE LTD,其他,是,SCIE,需核实,请查期刊官网 Author / Open Access 页面,未知,,https://www.google.com/search?q=BIOLOGY+OF+SPORT+aims+scope+instructions+for+authors+APC
727,2-Q1且IF小于10,2,Ophthalmology Retina,OPHTHALMOL RETINA,2468-6530,,5.9,5.7,Q1,9/98,Q1,Q1,2.57,91.3,113.0,5010.0,OPHTHALMOLOGY,OPHTHALMOLOGY(JIF Q1/JCI Q1),ELSEVIER INC,Elsevier,否,ESCI,混合为主,"订阅路线通常无APC；Gold OA常见 USD 2,200-4,200",中,https://www.elsevier.com/open-access/agreements,https://www.google.com/search?q=Ophthalmology+Retina+aims+scope+instructions+for+authors+APC
728,2-Q1且IF小于10,2,Journal of the Academy of Nutrition and Dietetics,J ACAD NUTR DIET,2212-2672,2212-2680,5.2,5.0,Q1,25/114,Q2,Q2,0.81,78.5,113.0,8908.0,NUTRITION & DIETETICS,NUTRITION & DIETETICS(JIF Q1/JCI Q2),ELSEVIER SCIENCE INC,Elsevier,是,SCIE,混合为主,"订阅路线通常无APC；Gold OA常见 USD 2,200-4,200",中,https://www.elsevier.com/open-access/agreements,https://www.google.com/search?q=Journal+of+the+Academy+of+Nutrition+and+Dietetics+aims+scope+instructions+for+authors+APC
729,2-Q1且IF小于10,2,Jornal de Pediatria,J PEDIAT-BRAZIL,0021-7557,1678-4782,3.0,3.2,Q1,32/190,Q1,Q1,1.57,83.4,113.0,3517.0,PEDIATRICS,PEDIATRICS(JIF Q1/JCI Q1),SOC BRASIL PEDIATRIA,其他,是,SCIE,需核实,请查期刊官网 Author / Open Access 页面,未知,,https://www.google.com/search?q=Jornal+de+Pediatria+aims+scope+instructions+for+authors+APC
730,2-Q1且IF小于10,2,Regenerative Biomaterials,REGEN BIOMATER,2056-3418,2056-3426,8.7,8.1,Q1,11/58,Q1,Q1,1.16,81.9,112.0,5337.0,"MATERIALS SCIENCE, BIOMATERIALS","MATERIALS SCIENCE, BIOMATERIALS(JIF Q1/JCI Q1)",OXFORD UNIV PRESS,Oxford UP,是,SCIE,混合为主,订阅路线通常无APC；可选OA，费用因刊而异,中,https://academic.oup.com/pages/open-research/open-access,https://www.google.com/search?q=Regenerative+Biomaterials+aims+scope+instructions+for+authors+APC
731,2-Q1且IF小于10,2,COMPLEMENTARY THERAPIES IN MEDICINE,COMPLEMENT THER MED,0965-2299,1873-6963,4.0,4.3,Q1,12/48,Q1,Q1,0.87,76.0,112.0,6820.0,INTEGRATIVE & COMPLEMENTARY MEDICINE,INTEGRATIVE & COMPLEMENTARY MEDICINE(JIF Q1/JCI Q1),CHURCHILL LIVINGSTONE,Elsevier,是,SCIE,混合为主,"订阅路线通常无APC；Gold OA常见 USD 2,200-4,200",中,https://www.elsevier.com/open-access/agreements,https://www.google.com/search?q=COMPLEMENTARY+THERAPIES+IN+MEDICINE+aims+scope+instructions+for+authors+APC
732,2-Q1且IF小于10,2,Influenza and Other Respiratory Viruses,INFLUENZA OTHER RESP,1750-2640,1750-2659,3.9,4.0,Q1,11/44,Q1,Q1,1.1,76.1,112.0,4428.0,INFECTIOUS DISEASES; VIROLOGY,INFECTIOUS DISEASES(JIF Q2/JCI Q1) | VIROLOGY(JIF Q1/JCI Q1),WILEY,Wiley,是,SCIE,混合为主,"订阅路线通常无APC；OnlineOpen常见 USD 3,200-4,700",中,https://authorservices.wiley.com/author-resources/Journal-Authors/open-access/article-publication-charges.html,https://www.google.com/search?q=Influenza+and+Other+Respiratory+Viruses+aims+scope+instructions+for+authors+APC
733,2-Q1且IF小于10,2,PSYCHOTHERAPY RESEARCH,PSYCHOTHER RES,1050-3307,1468-4381,3.8,4.1,Q1,27/184,Q1,Q1,1.13,85.6,112.0,4813.0,"PSYCHOLOGY, CLINICAL","PSYCHOLOGY, CLINICAL(JIF Q1/JCI Q1)","ROUTLEDGE JOURNALS, TAYLOR & FRANCIS LTD",Taylor & Francis,否,SSCI,混合为主,"订阅路线通常无APC；Open Select常见 USD 2,500-3,500",中,https://authorservices.taylorandfrancis.com/publishing-open-access/,https://www.google.com/search?q=PSYCHOTHERAPY+RESEARCH+aims+scope+instructions+for+authors+APC
734,2-Q1且IF小于10,2,Journal of Taibah University for Science,J TAIBAH UNIV SCI,1658-3655,1658-3655,3.6,3.1,Q1,34/140,Q1,Q1,0.95,76.1,112.0,3678.0,MULTIDISCIPLINARY SCIENCES,MULTIDISCIPLINARY SCIENCES(JIF Q1/JCI Q1),TAYLOR & FRANCIS LTD,Taylor & Francis,是,SCIE,混合为主,"订阅路线通常无APC；Open Select常见 USD 2,500-3,500",中,https://authorservices.taylorandfrancis.com/publishing-open-access/,https://www.google.com/search?q=Journal+of+Taibah+University+for+Science+aims+scope+instructions+for+authors+APC
735,2-Q1且IF小于10,2,Acta Orthopaedica,ACTA ORTHOP,1745-3674,1745-3682,3.4,3.5,Q1,26/147,Q1,Q1,1.2,82.7,112.0,8755.0,ORTHOPEDICS,ORTHOPEDICS(JIF Q1/JCI Q1),Medical Journal Sweden AB,其他,是,SCIE,需核实,请查期刊官网 Author / Open Access 页面,未知,,https://www.google.com/search?q=Acta+Orthopaedica+aims+scope+instructions+for+authors+APC
736,2-Q1且IF小于10,2,JMIR Mental Health,JMIR MENT HEALTH,2368-7959,2368-7959,7.4,7.4,Q1,20/293,Q1,Q1,1.68,93.3,111.0,7638.0,PSYCHIATRY,PSYCHIATRY(JIF Q1/JCI Q1),"JMIR PUBLICATIONS, INC",其他,是,SCIE,需核实,请查期刊官网 Author / Open Access 页面,未知,,https://www.google.com/search?q=JMIR+Mental+Health+aims+scope+instructions+for+authors+APC
737,2-Q1且IF小于10,2,JAMA Otolaryngology-Head & Neck Surgery,JAMA OTOLARYNGOL,2168-6181,2168-619X,7.0,7.3,Q1,1/67,Q1,Q1,2.94,99.3,111.0,8391.0,OTORHINOLARYNGOLOGY; SURGERY,OTORHINOLARYNGOLOGY(JIF Q1/JCI Q1) | SURGERY(JIF Q1/JCI Q1),AMER MEDICAL ASSOC,其他,是,SCIE,需核实,请查期刊官网 Author / Open Access 页面,未知,,https://www.google.com/search?q=JAMA+Otolaryngology-Head+&+Neck+Surgery+aims+scope+instructions+for+authors+APC
738,2-Q1且IF小于10,2,OncoImmunology,ONCOIMMUNOLOGY,2162-402X,2162-402X,6.2,6.5,Q1,60/333,Q1,Q1,1.39,82.1,111.0,15185.0,IMMUNOLOGY; ONCOLOGY,IMMUNOLOGY(JIF Q1/JCI Q1) | ONCOLOGY(JIF Q1/JCI Q1),TAYLOR & FRANCIS INC,Taylor & Francis,是,SCIE,混合为主,"订阅路线通常无APC；Open Select常见 USD 2,500-3,500",中,https://authorservices.taylorandfrancis.com/publishing-open-access/,https://www.google.com/search?q=OncoImmunology+aims+scope+instructions+for+authors+APC
739,2-Q1且IF小于10,2,PEDIATRIC ALLERGY AND IMMUNOLOGY,PEDIAT ALLERG IMM-UK,0905-6157,1399-3038,4.5,4.3,Q1,8/190,Q1,Q1,1.24,96.1,111.0,6236.0,ALLERGY; IMMUNOLOGY; PEDIATRICS,ALLERGY(JIF Q2/JCI Q1) | IMMUNOLOGY(JIF Q2/JCI Q1) | PEDIATRICS(JIF Q1/JCI Q1),WILEY,Wiley,是,SCIE,混合为主,"订阅路线通常无APC；OnlineOpen常见 USD 3,200-4,700",中,https://authorservices.wiley.com/author-resources/Journal-Authors/open-access/article-publication-charges.html,https://www.google.com/search?q=PEDIATRIC+ALLERGY+AND+IMMUNOLOGY+aims+scope+instructions+for+authors+APC
740,2-Q1且IF小于10,2,Travel Medicine and Infectious Disease,TRAVEL MED INFECT DI,1477-8939,1873-0442,5.6,4.4,Q1,40/443,Q1,Q1,1.23,91.1,110.0,3506.0,"INFECTIOUS DISEASES; PUBLIC, ENVIRONMENTAL & OCCUPATIONAL HEALTH","INFECTIOUS DISEASES(JIF Q1/JCI Q1) | PUBLIC, ENVIRONMENTAL & OCCUPATIONAL HEALTH(JIF Q1/JCI Q1)",ELSEVIER SCI LTD,Elsevier,是,SCIE,混合为主,"订阅路线通常无APC；Gold OA常见 USD 2,200-4,200",中,https://www.elsevier.com/open-access/agreements,https://www.google.com/search?q=Travel+Medicine+and+Infectious+Disease+aims+scope+instructions+for+authors+APC
741,2-Q1且IF小于10,2,Journal of the International Society of Sports Nutrition,J INT SOC SPORT NUTR,,1550-2783,4.9,5.5,Q1,11/136,Q1,Q1,1.22,92.3,110.0,4167.0,NUTRITION & DIETETICS; SPORT SCIENCES,NUTRITION & DIETETICS(JIF Q1/JCI Q1) | SPORT SCIENCES(JIF Q1/JCI Q1),TAYLOR & FRANCIS INC,Taylor & Francis,是,SCIE,混合为主,"订阅路线通常无APC；Open Select常见 USD 2,500-3,500",中,https://authorservices.taylorandfrancis.com/publishing-open-access/,https://www.google.com/search?q=Journal+of+the+International+Society+of+Sports+Nutrition+aims+scope+instructions+for+authors+APC
742,2-Q1且IF小于10,2,Chemical & Biomedical Imaging,CHEM BIOMED IMAGING,2832-3637,2832-3637,6.7,6.7,Q1,15/110,Q1,Q1,1.0,81.9,109.0,1221.0,"ENGINEERING, BIOMEDICAL","ENGINEERING, BIOMEDICAL(JIF Q1/JCI Q1)",AMER CHEMICAL SOC,其他,否,ESCI,需核实,请查期刊官网 Author / Open Access 页面,未知,,https://www.google.com/search?q=Chemical+&+Biomedical+Imaging+aims+scope+instructions+for+authors+APC
743,2-Q1且IF小于10,2,European Stroke Journal,EUR STROKE J,2396-9873,2396-9881,5.2,5.7,Q1,36/296,Q1,Q1,1.25,88.0,109.0,3511.0,CLINICAL NEUROLOGY; PERIPHERAL VASCULAR DISEASE,CLINICAL NEUROLOGY(JIF Q1/JCI Q1) | PERIPHERAL VASCULAR DISEASE(JIF Q1/JCI Q1),OXFORD UNIV PRESS,Oxford UP,是,SCIE,混合为主,订阅路线通常无APC；可选OA，费用因刊而异,中,https://academic.oup.com/pages/open-research/open-access,https://www.google.com/search?q=European+Stroke+Journal+aims+scope+instructions+for+authors+APC
744,2-Q1且IF小于10,2,INTERNATIONAL NURSING REVIEW,INT NURS REV,0020-8132,1466-7657,4.8,4.8,Q1,9/194,Q1,Q1,1.84,95.6,109.0,4637.0,NURSING,NURSING(JIF Q1/JCI Q1),WILEY,Wiley,是,"SCIE, SSCI",混合为主,"订阅路线通常无APC；OnlineOpen常见 USD 3,200-4,700",中,https://authorservices.wiley.com/author-resources/Journal-Authors/open-access/article-publication-charges.html,https://www.google.com/search?q=INTERNATIONAL+NURSING+REVIEW+aims+scope+instructions+for+authors+APC
745,2-Q1且IF小于10,2,ACADEMIC EMERGENCY MEDICINE,ACAD EMERG MED,1069-6563,1553-2712,3.2,3.6,Q1,12/55,Q1,Q1,1.32,79.1,109.0,10374.0,EMERGENCY MEDICINE,EMERGENCY MEDICINE(JIF Q1/JCI Q1),WILEY,Wiley,是,SCIE,混合为主,"订阅路线通常无APC；OnlineOpen常见 USD 3,200-4,700",中,https://authorservices.wiley.com/author-resources/Journal-Authors/open-access/article-publication-charges.html,https://www.google.com/search?q=ACADEMIC+EMERGENCY+MEDICINE+aims+scope+instructions+for+authors+APC
746,2-Q1且IF小于10,2,Journal of Orthopaedic Translation,J ORTHOP TRANSL,2214-031X,2214-031X,9.8,8.9,Q1,1/147,Q1,Q1,3.75,99.7,108.0,6071.0,ORTHOPEDICS,ORTHOPEDICS(JIF Q1/JCI Q1),ELSEVIER,Elsevier,是,SCIE,混合为主,"订阅路线通常无APC；Gold OA常见 USD 2,200-4,200",中,https://www.elsevier.com/open-access/agreements,https://www.google.com/search?q=Journal+of+Orthopaedic+Translation+aims+scope+instructions+for+authors+APC
747,2-Q1且IF小于10,2,mAbs,MABS-AUSTIN,1942-0862,1942-0870,7.9,6.2,Q1,25/191,Q1,Q1,1.62,87.2,108.0,7267.0,"MEDICINE, RESEARCH & EXPERIMENTAL","MEDICINE, RESEARCH & EXPERIMENTAL(JIF Q1/JCI Q1)",TAYLOR & FRANCIS INC,Taylor & Francis,是,SCIE,混合为主,"订阅路线通常无APC；Open Select常见 USD 2,500-3,500",中,https://authorservices.taylorandfrancis.com/publishing-open-access/,https://www.google.com/search?q=mAbs+aims+scope+instructions+for+authors+APC
748,2-Q1且IF小于10,2,LABORATORY INVESTIGATION,LAB INVEST,0023-6837,1530-0307,4.1,5.1,Q1,13/89,Q1,Q1,1.31,86.0,108.0,11875.0,"MEDICINE, RESEARCH & EXPERIMENTAL; PATHOLOGY","MEDICINE, RESEARCH & EXPERIMENTAL(JIF Q2/JCI Q1) | PATHOLOGY(JIF Q1/JCI Q1)",ELSEVIER SCIENCE INC,Elsevier,是,SCIE,混合为主,"订阅路线通常无APC；Gold OA常见 USD 2,200-4,200",中,https://www.elsevier.com/open-access/agreements,https://www.google.com/search?q=LABORATORY+INVESTIGATION+aims+scope+instructions+for+authors+APC
749,2-Q1且IF小于10,2,DEVELOPMENTAL MEDICINE AND CHILD NEUROLOGY,DEV MED CHILD NEUROL,0012-1622,1469-8749,3.7,4.8,Q1,16/190,Q1,Q1,1.39,91.8,108.0,16610.0,CLINICAL NEUROLOGY; PEDIATRICS,CLINICAL NEUROLOGY(JIF Q2/JCI Q1) | PEDIATRICS(JIF Q1/JCI Q1),WILEY,Wiley,是,SCIE,混合为主,"订阅路线通常无APC；OnlineOpen常见 USD 3,200-4,700",中,https://authorservices.wiley.com/author-resources/Journal-Authors/open-access/article-publication-charges.html,https://www.google.com/search?q=DEVELOPMENTAL+MEDICINE+AND+CHILD+NEUROLOGY+aims+scope+instructions+for+authors+APC
750,2-Q1且IF小于10,2,Women and Birth,WOMEN BIRTH,1871-5192,1878-1799,3.6,4.2,Q1,20/194,Q1,Q1,1.68,89.9,108.0,5135.0,NURSING; OBSTETRICS & GYNECOLOGY,NURSING(JIF Q1/JCI Q1) | OBSTETRICS & GYNECOLOGY(JIF Q1/JCI Q1),ELSEVIER,Elsevier,是,"SCIE, SSCI; SCIE",混合为主,"订阅路线通常无APC；Gold OA常见 USD 2,200-4,200",中,https://www.elsevier.com/open-access/agreements,https://www.google.com/search?q=Women+and+Birth+aims+scope+instructions+for+authors+APC
751,2-Q1且IF小于10,2,CLINICAL ORAL IMPLANTS RESEARCH,CLIN ORAL IMPLAN RES,0905-7161,1600-0501,5.9,6.1,Q1,9/165,Q1,Q1,1.41,94.8,107.0,16256.0,"DENTISTRY, ORAL SURGERY & MEDICINE; ENGINEERING, BIOMEDICAL","DENTISTRY, ORAL SURGERY & MEDICINE(JIF Q1/JCI Q1) | ENGINEERING, BIOMEDICAL(JIF Q1/JCI Q1)",WILEY,Wiley,是,SCIE,混合为主,"订阅路线通常无APC；OnlineOpen常见 USD 3,200-4,700",中,https://authorservices.wiley.com/author-resources/Journal-Authors/open-access/article-publication-charges.html,https://www.google.com/search?q=CLINICAL+ORAL+IMPLANTS+RESEARCH+aims+scope+instructions+for+authors+APC
752,2-Q1且IF小于10,2,JOURNAL OF PATHOLOGY,J PATHOL,0022-3417,1096-9896,5.4,6.5,Q1,6/89,Q1,Q1,1.6,93.8,107.0,16590.0,ONCOLOGY; PATHOLOGY,ONCOLOGY(JIF Q1/JCI Q1) | PATHOLOGY(JIF Q1/JCI Q1),WILEY,Wiley,是,SCIE,混合为主,"订阅路线通常无APC；OnlineOpen常见 USD 3,200-4,700",中,https://authorservices.wiley.com/author-resources/Journal-Authors/open-access/article-publication-charges.html,https://www.google.com/search?q=JOURNAL+OF+PATHOLOGY+aims+scope+instructions+for+authors+APC
753,2-Q1且IF小于10,2,JOURNAL OF PSYCHOPHARMACOLOGY,J PSYCHOPHARMACOL,0269-8811,1461-7285,5.3,5.5,Q1,34/296,Q1,Q1,1.41,88.7,107.0,10348.0,CLINICAL NEUROLOGY; NEUROSCIENCES; PHARMACOLOGY & PHARMACY; PSYCHIATRY,CLINICAL NEUROLOGY(JIF Q1/JCI Q1) | NEUROSCIENCES(JIF Q1/JCI Q1) | PHARMACOLOGY & PHARMACY(JIF Q1/JCI Q1) | PSYCHIATRY(JIF Q1/JCI Q1),SAGE PUBLICATIONS LTD,SAGE,是,SCIE,混合为主,"订阅路线通常无APC；SAGE Choice常见 USD 2,000-4,000",中,https://us.sagepub.com/en-us/nam/sage-choice,https://www.google.com/search?q=JOURNAL+OF+PSYCHOPHARMACOLOGY+aims+scope+instructions+for+authors+APC
754,2-Q1且IF小于10,2,JOR Spine,JOR SPINE,2572-1143,2572-1143,3.9,4.6,Q1,20/147,Q1,Q1,1.47,86.7,107.0,1573.0,ORTHOPEDICS,ORTHOPEDICS(JIF Q1/JCI Q1),WILEY,Wiley,是,SCIE,混合为主,"订阅路线通常无APC；OnlineOpen常见 USD 3,200-4,700",中,https://authorservices.wiley.com/author-resources/Journal-Authors/open-access/article-publication-charges.html,https://www.google.com/search?q=JOR+Spine+aims+scope+instructions+for+authors+APC
755,2-Q1且IF小于10,2,Ticks and Tick-Borne Diseases,TICKS TICK-BORNE DIS,1877-959X,1877-9603,3.4,3.3,Q1,9/47,Q2,Q2,0.9,81.9,107.0,6299.0,INFECTIOUS DISEASES; MICROBIOLOGY; PARASITOLOGY,INFECTIOUS DISEASES(JIF Q2/JCI Q2) | MICROBIOLOGY(JIF Q3/JCI Q2) | PARASITOLOGY(JIF Q1/JCI Q2),ELSEVIER GMBH,Elsevier,是,SCIE,混合为主,"订阅路线通常无APC；Gold OA常见 USD 2,200-4,200",中,https://www.elsevier.com/open-access/agreements,https://www.google.com/search?q=Ticks+and+Tick-Borne+Diseases+aims+scope+instructions+for+authors+APC
756,2-Q1且IF小于10,2,JOURNAL OF GASTROENTEROLOGY,J GASTROENTEROL,0944-1174,1435-5922,5.7,6.7,Q1,29/153,Q1,Q1,1.2,81.4,106.0,9063.0,GASTROENTEROLOGY & HEPATOLOGY,GASTROENTEROLOGY & HEPATOLOGY(JIF Q1/JCI Q1),SPRINGER JAPAN KK,Springer,是,SCIE,混合为主,"订阅路线通常无APC；选OA约 USD 2,790-4,290",中,https://www.springer.com/gp/open-access,https://www.google.com/search?q=JOURNAL+OF+GASTROENTEROLOGY+aims+scope+instructions+for+authors+APC
757,2-Q1且IF小于10,2,Journal of Gynecologic Oncology,J GYNECOL ONCOL,2005-0380,2005-0399,4.2,3.9,Q1,15/143,Q1,Q1,1.28,89.9,106.0,3047.0,OBSTETRICS & GYNECOLOGY; ONCOLOGY,OBSTETRICS & GYNECOLOGY(JIF Q1/JCI Q1) | ONCOLOGY(JIF Q2/JCI Q1),KOREAN SOC GYNECOLOGY ONCOLOGY & COLPOSCOPY,其他,是,SCIE,需核实,请查期刊官网 Author / Open Access 页面,未知,,https://www.google.com/search?q=Journal+of+Gynecologic+Oncology+aims+scope+instructions+for+authors+APC
758,2-Q1且IF小于10,2,Clinical Implant Dentistry and Related Research,CLIN IMPLANT DENT R,1523-0899,1708-8208,3.9,4.7,Q1,25/165,Q1,Q1,1.49,85.2,106.0,6526.0,"DENTISTRY, ORAL SURGERY & MEDICINE","DENTISTRY, ORAL SURGERY & MEDICINE(JIF Q1/JCI Q1)",WILEY,Wiley,是,SCIE,混合为主,"订阅路线通常无APC；OnlineOpen常见 USD 3,200-4,700",中,https://authorservices.wiley.com/author-resources/Journal-Authors/open-access/article-publication-charges.html,https://www.google.com/search?q=Clinical+Implant+Dentistry+and+Related+Research+aims+scope+instructions+for+authors+APC
759,2-Q1且IF小于10,2,Sleep Health,SLEEP HEALTH,2352-7218,2352-7226,4.8,4.6,Q1,42/296,Q1,Q1,1.26,86.0,105.0,5144.0,CLINICAL NEUROLOGY,CLINICAL NEUROLOGY(JIF Q1/JCI Q1),ELSEVIER,Elsevier,是,SCIE,混合为主,"订阅路线通常无APC；Gold OA常见 USD 2,200-4,200",中,https://www.elsevier.com/open-access/agreements,https://www.google.com/search?q=Sleep+Health+aims+scope+instructions+for+authors+APC
760,2-Q1且IF小于10,2,Journal of ISAKOS Joint Disorders & Orthopaedic Sports Medicine,J ISAKOS,2059-7754,2059-7762,3.7,3.7,Q1,22/147,Q1,Q1,1.12,85.4,105.0,1847.0,ORTHOPEDICS; SPORT SCIENCES,ORTHOPEDICS(JIF Q1/JCI Q1) | SPORT SCIENCES(JIF Q1/JCI Q1),ELSEVIER,Elsevier,否,ESCI,混合为主,"订阅路线通常无APC；Gold OA常见 USD 2,200-4,200",中,https://www.elsevier.com/open-access/agreements,https://www.google.com/search?q=Journal+of+ISAKOS+Joint+Disorders+&+Orthopaedic+Sports+Medicine+aims+scope+instructions+for+authors+APC
761,2-Q1且IF小于10,2,JOURNAL OF UROLOGY,J UROLOGY,0022-5347,1527-3792,9.7,7.4,Q1,5/134,Q1,Q1,3.08,96.6,104.0,40836.0,UROLOGY & NEPHROLOGY,UROLOGY & NEPHROLOGY(JIF Q1/JCI Q1),LIPPINCOTT WILLIAMS & WILKINS,Wolters Kluwer/LWW,是,SCIE,混合为主,"订阅路线通常无APC；OA常见 USD 2,000-4,000；MEDICINE已拉黑",中,https://wkauthorservices.editage.com/open-access/,https://www.google.com/search?q=JOURNAL+OF+UROLOGY+aims+scope+instructions+for+authors+APC
762,2-Q1且IF小于10,2,Mucosal Immunology,MUCOSAL IMMUNOL,1933-0219,1935-3456,5.5,8.3,Q1,45/183,Q1,Q1,1.33,75.7,104.0,11384.0,IMMUNOLOGY,IMMUNOLOGY(JIF Q1/JCI Q1),ELSEVIER SCIENCE INC,Elsevier,是,SCIE,混合为主,"订阅路线通常无APC；Gold OA常见 USD 2,200-4,200",中,https://www.elsevier.com/open-access/agreements,https://www.google.com/search?q=Mucosal+Immunology+aims+scope+instructions+for+authors+APC
763,2-Q1且IF小于10,2,EUROPEAN JOURNAL OF CLINICAL INVESTIGATION,EUR J CLIN INVEST,0014-2972,1365-2362,4.1,4.1,Q1,53/336,Q1,Q1,0.75,84.4,104.0,8955.0,"MEDICINE, GENERAL & INTERNAL; MEDICINE, RESEARCH & EXPERIMENTAL","MEDICINE, GENERAL & INTERNAL(JIF Q1/JCI Q1) | MEDICINE, RESEARCH & EXPERIMENTAL(JIF Q2/JCI Q2)",WILEY,Wiley,是,SCIE,混合为主,"订阅路线通常无APC；OnlineOpen常见 USD 3,200-4,700",中,https://authorservices.wiley.com/author-resources/Journal-Authors/open-access/article-publication-charges.html,https://www.google.com/search?q=EUROPEAN+JOURNAL+OF+CLINICAL+INVESTIGATION+aims+scope+instructions+for+authors+APC
764,2-Q1且IF小于10,2,JOURNAL OF MOLECULAR DIAGNOSTICS,J MOL DIAGN,1525-1578,1943-7811,3.9,3.7,Q1,16/89,Q1,Q1,1.62,82.6,104.0,5524.0,PATHOLOGY,PATHOLOGY(JIF Q1/JCI Q1),ELSEVIER SCIENCE INC,Elsevier,是,SCIE,混合为主,"订阅路线通常无APC；Gold OA常见 USD 2,200-4,200",中,https://www.elsevier.com/open-access/agreements,https://www.google.com/search?q=JOURNAL+OF+MOLECULAR+DIAGNOSTICS+aims+scope+instructions+for+authors+APC
765,2-Q1且IF小于10,2,JOURNAL OF RURAL HEALTH,J RURAL HEALTH,0890-765X,1748-0361,3.2,4.0,Q1,30/125,Q2,Q2,0.93,76.4,104.0,3956.0,"HEALTH CARE SCIENCES & SERVICES; HEALTH POLICY & SERVICES; PUBLIC, ENVIRONMENTAL & OCCUPATIONAL HEALTH","HEALTH CARE SCIENCES & SERVICES(JIF Q2/JCI Q2) | HEALTH POLICY & SERVICES(JIF Q1/JCI Q2) | PUBLIC, ENVIRONMENTAL & OCCUPATIONAL HEALTH(JIF Q2/JCI Q2)",WILEY,Wiley,是,"SCIE; SSCI; SCIE, SSCI",混合为主,"订阅路线通常无APC；OnlineOpen常见 USD 3,200-4,700",中,https://authorservices.wiley.com/author-resources/Journal-Authors/open-access/article-publication-charges.html,https://www.google.com/search?q=JOURNAL+OF+RURAL+HEALTH+aims+scope+instructions+for+authors+APC
766,2-Q1且IF小于10,2,Neurology-Neuroimmunology & Neuroinflammation,NEUROL-NEUROIMMUNOL,2332-7812,2332-7812,8.0,8.0,Q1,17/296,Q1,Q1,2.28,94.4,103.0,7069.0,CLINICAL NEUROLOGY; NEUROSCIENCES,CLINICAL NEUROLOGY(JIF Q1/JCI Q1) | NEUROSCIENCES(JIF Q1/JCI Q1),LIPPINCOTT WILLIAMS & WILKINS,Wolters Kluwer/LWW,是,SCIE,混合为主,"订阅路线通常无APC；OA常见 USD 2,000-4,000；MEDICINE已拉黑",中,https://wkauthorservices.editage.com/open-access/,https://www.google.com/search?q=Neurology-Neuroimmunology+&+Neuroinflammation+aims+scope+instructions+for+authors+APC
767,2-Q1且IF小于10,2,Cell Systems,CELL SYST,2405-4712,2405-4720,7.5,9.2,Q1,45/328,Q1,Q1,1.27,86.4,103.0,12040.0,BIOCHEMISTRY & MOLECULAR BIOLOGY; CELL BIOLOGY,BIOCHEMISTRY & MOLECULAR BIOLOGY(JIF Q1/JCI Q1) | CELL BIOLOGY(JIF Q1/JCI Q1),CELL PRESS,其他,是,SCIE,需核实,请查期刊官网 Author / Open Access 页面,未知,,https://www.google.com/search?q=Cell+Systems+aims+scope+instructions+for+authors+APC
768,2-Q1且IF小于10,2,Biological Psychiatry-Cognitive Neuroscience and Neuroimaging,BIOL PSYCHIAT-COGN N,2451-9022,2451-9030,4.9,5.8,Q1,44/293,Q1,Q1,1.33,85.2,103.0,5456.0,NEUROSCIENCES; PSYCHIATRY,NEUROSCIENCES(JIF Q1/JCI Q1) | PSYCHIATRY(JIF Q1/JCI Q1),ELSEVIER,Elsevier,是,SCIE,混合为主,"订阅路线通常无APC；Gold OA常见 USD 2,200-4,200",中,https://www.elsevier.com/open-access/agreements,https://www.google.com/search?q=Biological+Psychiatry-Cognitive+Neuroscience+and+Neuroimaging+aims+scope+instructions+for+authors+APC
769,2-Q1且IF小于10,2,IEEE Transactions on Radiation and Plasma Medical Sciences,IEEE T RADIAT PLASMA,2469-7311,2469-7303,3.8,4.1,Q1,49/217,Q1,Q1,1.25,77.6,103.0,2305.0,"RADIOLOGY, NUCLEAR MEDICINE & MEDICAL IMAGING","RADIOLOGY, NUCLEAR MEDICINE & MEDICAL IMAGING(JIF Q1/JCI Q1)",IEEE-INST ELECTRICAL ELECTRONICS ENGINEERS INC,IEEE,否,ESCI,混合/OA,因刊而异,中,https://open.ieee.org/,https://www.google.com/search?q=IEEE+Transactions+on+Radiation+and+Plasma+Medical+Sciences+aims+scope+instructions+for+authors+APC
770,2-Q1且IF小于10,2,JACC-Basic to Translational Science,JACC-BASIC TRANSL SC,2452-302X,2452-302X,8.4,8.7,Q1,25/237,Q1,Q1,1.88,89.7,102.0,5274.0,CARDIAC & CARDIOVASCULAR SYSTEMS,CARDIAC & CARDIOVASCULAR SYSTEMS(JIF Q1/JCI Q1),ELSEVIER SCIENCE INC,Elsevier,是,SCIE,混合为主,"订阅路线通常无APC；Gold OA常见 USD 2,200-4,200",中,https://www.elsevier.com/open-access/agreements,https://www.google.com/search?q=JACC-Basic+to+Translational+Science+aims+scope+instructions+for+authors+APC
771,2-Q1且IF小于10,2,Photoacoustics,PHOTOACOUSTICS,2213-5979,2213-5979,6.9,6.5,Q1,6/81,Q1,Q1,1.9,92.4,102.0,4068.0,"ENGINEERING, BIOMEDICAL; RADIOLOGY, NUCLEAR MEDICINE & MEDICAL IMAGING","ENGINEERING, BIOMEDICAL(JIF Q1/JCI Q1) | RADIOLOGY, NUCLEAR MEDICINE & MEDICAL IMAGING(JIF Q1/JCI Q1)",ELSEVIER GMBH,Elsevier,是,SCIE,混合为主,"订阅路线通常无APC；Gold OA常见 USD 2,200-4,200",中,https://www.elsevier.com/open-access/agreements,https://www.google.com/search?q=Photoacoustics+aims+scope+instructions+for+authors+APC
772,2-Q1且IF小于10,2,AMERICAN JOURNAL OF GERIATRIC PSYCHIATRY,AM J GERIAT PSYCHIAT,1064-7481,1545-7214,5.1,5.4,Q1,3/49,Q1,Q1,1.27,87.2,102.0,9677.0,GERIATRICS & GERONTOLOGY; PSYCHIATRY,GERIATRICS & GERONTOLOGY(JIF Q1/JCI Q1) | PSYCHIATRY(JIF Q1/JCI Q1),ELSEVIER SCIENCE INC,Elsevier,是,"SCIE; SSCI; SCIE, SSCI",混合为主,"订阅路线通常无APC；Gold OA常见 USD 2,200-4,200",中,https://www.elsevier.com/open-access/agreements,https://www.google.com/search?q=AMERICAN+JOURNAL+OF+GERIATRIC+PSYCHIATRY+aims+scope+instructions+for+authors+APC
773,2-Q1且IF小于10,2,Gastric Cancer,GASTRIC CANCER,1436-3291,1436-3305,6.1,7.4,Q1,25/153,Q1,Q1,1.38,84.0,101.0,8378.0,GASTROENTEROLOGY & HEPATOLOGY; ONCOLOGY,GASTROENTEROLOGY & HEPATOLOGY(JIF Q1/JCI Q1) | ONCOLOGY(JIF Q1/JCI Q1),SPRINGER,Springer,是,SCIE,混合为主,"订阅路线通常无APC；选OA约 USD 2,790-4,290",中,https://www.springer.com/gp/open-access,https://www.google.com/search?q=Gastric+Cancer+aims+scope+instructions+for+authors+APC
774,2-Q1且IF小于10,2,Autism in Adulthood,AUTISM ADULTHOOD,2573-9581,2573-959X,4.2,8.3,Q1,6/175,Q1,Q1,1.91,96.9,101.0,2596.0,REHABILITATION,REHABILITATION(JIF Q1/JCI Q1),SAGE PUBLICATIONS INC,SAGE,否,SSCI,混合为主,"订阅路线通常无APC；SAGE Choice常见 USD 2,000-4,000",中,https://us.sagepub.com/en-us/nam/sage-choice,https://www.google.com/search?q=Autism+in+Adulthood+aims+scope+instructions+for+authors+APC
775,2-Q1且IF小于10,2,Therapeutic Advances in Neurological Disorders,THER ADV NEUROL DISO,1756-2856,1756-2864,4.0,4.5,Q1,68/296,Q1,Q1,1.03,77.2,101.0,3490.0,CLINICAL NEUROLOGY,CLINICAL NEUROLOGY(JIF Q1/JCI Q1),SAGE PUBLICATIONS LTD,SAGE,是,SCIE,混合为主,"订阅路线通常无APC；SAGE Choice常见 USD 2,000-4,000",中,https://us.sagepub.com/en-us/nam/sage-choice,https://www.google.com/search?q=Therapeutic+Advances+in+Neurological+Disorders+aims+scope+instructions+for+authors+APC
776,2-Q1且IF小于10,2,Physical Therapy,PHYS THER,0031-9023,1538-6724,3.3,4.3,Q1,17/175,Q1,Q1,1.5,90.6,101.0,16595.0,ORTHOPEDICS; REHABILITATION,ORTHOPEDICS(JIF Q1/JCI Q1) | REHABILITATION(JIF Q1/JCI Q1),OXFORD UNIV PRESS INC,Oxford UP,是,SCIE,混合为主,订阅路线通常无APC；可选OA，费用因刊而异,中,https://academic.oup.com/pages/open-research/open-access,https://www.google.com/search?q=Physical+Therapy+aims+scope+instructions+for+authors+APC
777,2-Q1且IF小于10,2,JOURNAL OF THE EUROPEAN ACADEMY OF DERMATOLOGY AND VENEREOLOGY,J EUR ACAD DERMATOL,0926-9959,1468-3083,9.2,7.8,Q1,5/99,Q1,Q1,2.32,95.5,100.0,22858.0,DERMATOLOGY,DERMATOLOGY(JIF Q1/JCI Q1),WILEY,Wiley,是,SCIE,混合为主,"订阅路线通常无APC；OnlineOpen常见 USD 3,200-4,700",中,https://authorservices.wiley.com/author-resources/Journal-Authors/open-access/article-publication-charges.html,https://www.google.com/search?q=JOURNAL+OF+THE+EUROPEAN+ACADEMY+OF+DERMATOLOGY+AND+VENEREOLOGY+aims+scope+instructions+for+authors+APC
778,2-Q1且IF小于10,2,MEDICAL JOURNAL OF AUSTRALIA,MED J AUSTRALIA,0025-729X,1326-5377,6.8,7.2,Q1,28/336,Q1,Q1,1.44,91.8,100.0,12934.0,"MEDICINE, GENERAL & INTERNAL","MEDICINE, GENERAL & INTERNAL(JIF Q1/JCI Q1)",WILEY,Wiley,是,SCIE,混合为主,"订阅路线通常无APC；OnlineOpen常见 USD 3,200-4,700",中,https://authorservices.wiley.com/author-resources/Journal-Authors/open-access/article-publication-charges.html,https://www.google.com/search?q=MEDICAL+JOURNAL+OF+AUSTRALIA+aims+scope+instructions+for+authors+APC
779,2-Q1且IF小于10,2,Journal of Oral Microbiology,J ORAL MICROBIOL,,2000-2297,6.7,5.8,Q1,23/167,Q1,Q1,1.11,86.5,100.0,2992.0,MICROBIOLOGY,MICROBIOLOGY(JIF Q1/JCI Q1),TAYLOR & FRANCIS LTD,Taylor & Francis,是,SCIE,混合为主,"订阅路线通常无APC；Open Select常见 USD 2,500-3,500",中,https://authorservices.taylorandfrancis.com/publishing-open-access/,https://www.google.com/search?q=Journal+of+Oral+Microbiology+aims+scope+instructions+for+authors+APC
780,2-Q1且IF小于10,2,Practical Radiation Oncology,PRACT RADIAT ONCOL,1879-8500,1879-8500,3.9,3.6,Q1,46/217,Q1,Q1,1.04,79.0,100.0,3748.0,"ONCOLOGY; RADIOLOGY, NUCLEAR MEDICINE & MEDICAL IMAGING","ONCOLOGY(JIF Q2/JCI Q1) | RADIOLOGY, NUCLEAR MEDICINE & MEDICAL IMAGING(JIF Q1/JCI Q1)",ELSEVIER SCIENCE INC,Elsevier,是,SCIE,混合为主,"订阅路线通常无APC；Gold OA常见 USD 2,200-4,200",中,https://www.elsevier.com/open-access/agreements,https://www.google.com/search?q=Practical+Radiation+Oncology+aims+scope+instructions+for+authors+APC
781,2-Q1且IF小于10,2,Seminars in Oncology Nursing,SEMIN ONCOL NURS,0749-2081,1878-3449,3.2,3.1,Q1,25/194,Q2,Q2,0.9,87.4,100.0,3012.0,NURSING; ONCOLOGY,NURSING(JIF Q1/JCI Q2) | ONCOLOGY(JIF Q2/JCI Q2),ELSEVIER SCIENCE INC,Elsevier,是,"SCIE, SSCI; SCIE",混合为主,"订阅路线通常无APC；Gold OA常见 USD 2,200-4,200",中,https://www.elsevier.com/open-access/agreements,https://www.google.com/search?q=Seminars+in+Oncology+Nursing+aims+scope+instructions+for+authors+APC
782,2-Q1且IF小于10,2,AMERICAN JOURNAL OF OCCUPATIONAL THERAPY,AM J OCCUP THER,0272-9490,1943-7676,2.4,3.6,Q1,41/175,Q2,Q2,0.83,76.9,100.0,6777.0,REHABILITATION,REHABILITATION(JIF Q1/JCI Q2),"AMER OCCUPATIONAL THERAPY ASSOC, INC",其他,否,SSCI,需核实,请查期刊官网 Author / Open Access 页面,未知,,https://www.google.com/search?q=AMERICAN+JOURNAL+OF+OCCUPATIONAL+THERAPY+aims+scope+instructions+for+authors+APC
783,2-Q1且IF小于10,2,Health Economics Review,HEALTH ECON REV,2191-1991,2191-1991,3.4,3.6,Q1,23/125,Q2,Q1,0.9,82.0,99.0,1884.0,HEALTH POLICY & SERVICES,HEALTH POLICY & SERVICES(JIF Q1/JCI Q2),BMC,BMC,否,SSCI,全OA,"约 USD 1,990-2,890（旗舰刊更高）",高,https://www.biomedcentral.com/getpublished/article-processing-charges,https://www.google.com/search?q=Health+Economics+Review+aims+scope+instructions+for+authors+APC
784,2-Q1且IF小于10,2,JOURNAL OF NEUROLOGY NEUROSURGERY AND PSYCHIATRY,J NEUROL NEUROSUR PS,0022-3050,1468-330X,7.7,9.5,Q1,9/321,Q1,Q1,2.44,97.4,98.0,32201.0,CLINICAL NEUROLOGY; PSYCHIATRY; SURGERY,CLINICAL NEUROLOGY(JIF Q1/JCI Q1) | PSYCHIATRY(JIF Q1/JCI Q1) | SURGERY(JIF Q1/JCI Q1),BMJ PUBLISHING GROUP,BMJ,是,SCIE,混合/全OA,"BMJ Open约GBP 2,175；旗舰刊更高",高,https://authors.bmj.com/open-access/,https://www.google.com/search?q=JOURNAL+OF+NEUROLOGY+NEUROSURGERY+AND+PSYCHIATRY+aims+scope+instructions+for+authors+APC
785,2-Q1且IF小于10,2,BMJ Health & Care Informatics,BMJ HEALTH CARE INFO,,2632-1009,6.2,5.8,Q1,17/194,Q1,Q1,1.09,91.5,96.0,1626.0,HEALTH CARE SCIENCES & SERVICES; MEDICAL INFORMATICS,HEALTH CARE SCIENCES & SERVICES(JIF Q1/JCI Q1) | MEDICAL INFORMATICS(JIF Q1/JCI Q2),BMJ PUBLISHING GROUP,BMJ,否,ESCI,混合/全OA,"BMJ Open约GBP 2,175；旗舰刊更高",高,https://authors.bmj.com/open-access/,https://www.google.com/search?q=BMJ+Health+&+Care+Informatics+aims+scope+instructions+for+authors+APC
786,2-Q1且IF小于10,2,International Journal of Neonatal Screening,INT J NEONAT SCREEN,,2409-515X,3.5,3.6,Q1,20/190,Q1,Q1,1.32,89.7,91.0,1622.0,GENETICS & HEREDITY; PEDIATRICS,GENETICS & HEREDITY(JIF Q2/JCI Q1) | PEDIATRICS(JIF Q1/JCI Q1),MDPI,MDPI,否,ESCI,全OA,"约 CHF 1,600-2,900（如 JCM=CHF 2,600）",高,https://www.mdpi.com/about/apc,https://www.google.com/search?q=International+Journal+of+Neonatal+Screening+aims+scope+instructions+for+authors+APC
787,2-Q1且IF小于10,2,Gut Pathogens,GUT PATHOG,1757-4749,1757-4749,5.0,4.9,Q1,33/153,Q1,Q1,1.03,78.8,90.0,3057.0,GASTROENTEROLOGY & HEPATOLOGY; MICROBIOLOGY,GASTROENTEROLOGY & HEPATOLOGY(JIF Q1/JCI Q1) | MICROBIOLOGY(JIF Q2/JCI Q2),BMC,BMC,是,SCIE,全OA,"约 USD 1,990-2,890（旗舰刊更高）",高,https://www.biomedcentral.com/getpublished/article-processing-charges,https://www.google.com/search?q=Gut+Pathogens+aims+scope+instructions+for+authors+APC
788,2-Q1且IF小于10,2,International Breastfeeding Journal,INT BREASTFEED J,1746-4358,1746-4358,3.4,3.7,Q1,23/190,Q1,Q1,1.36,88.2,89.0,2660.0,OBSTETRICS & GYNECOLOGY; PEDIATRICS,OBSTETRICS & GYNECOLOGY(JIF Q1/JCI Q1) | PEDIATRICS(JIF Q1/JCI Q1),BMC,BMC,是,SCIE,全OA,"约 USD 1,990-2,890（旗舰刊更高）",高,https://www.biomedcentral.com/getpublished/article-processing-charges,https://www.google.com/search?q=International+Breastfeeding+Journal+aims+scope+instructions+for+authors+APC
789,2-Q1且IF小于10,2,Journal of Ethnobiology and Ethnomedicine,J ETHNOBIOL ETHNOMED,,1746-4269,5.1,4.9,Q1,10/77,Q1,Q1,1.23,81.9,88.0,5368.0,PHARMACOLOGY & PHARMACY,PHARMACOLOGY & PHARMACY(JIF Q1/JCI Q1),BMC,BMC,是,SCIE,全OA,"约 USD 1,990-2,890（旗舰刊更高）",高,https://www.biomedcentral.com/getpublished/article-processing-charges,https://www.google.com/search?q=Journal+of+Ethnobiology+and+Ethnomedicine+aims+scope+instructions+for+authors+APC
790,2-Q1且IF小于10,2,Cost Effectiveness and Resource Allocation,COST EFFECT RESOUR A,1478-7547,1478-7547,3.1,2.9,Q1,31/125,Q2,Q2,0.79,75.6,86.0,1662.0,HEALTH POLICY & SERVICES,HEALTH POLICY & SERVICES(JIF Q1/JCI Q2),BMC,BMC,否,SSCI,全OA,"约 USD 1,990-2,890（旗舰刊更高）",高,https://www.biomedcentral.com/getpublished/article-processing-charges,https://www.google.com/search?q=Cost+Effectiveness+and+Resource+Allocation+aims+scope+instructions+for+authors+APC
791,2-Q1且IF小于10,2,Environmental Health,ENVIRON HEALTH-GLOB,,1476-069X,7.3,7.2,Q1,24/443,Q1,Q1,1.48,94.7,85.0,9905.0,"PUBLIC, ENVIRONMENTAL & OCCUPATIONAL HEALTH","PUBLIC, ENVIRONMENTAL & OCCUPATIONAL HEALTH(JIF Q1/JCI Q1)",BMC,BMC,是,SCIE,全OA,"约 USD 1,990-2,890（旗舰刊更高）",高,https://www.biomedcentral.com/getpublished/article-processing-charges,https://www.google.com/search?q=Environmental+Health+aims+scope+instructions+for+authors+APC
792,2-Q1且IF小于10,2,BioData Mining,BIODATA MIN,1756-0381,1756-0381,7.9,6.5,Q1,4/67,Q1,Q1,1.22,94.8,84.0,2020.0,MATHEMATICAL & COMPUTATIONAL BIOLOGY,MATHEMATICAL & COMPUTATIONAL BIOLOGY(JIF Q1/JCI Q1),BMC,BMC,是,SCIE,全OA,"约 USD 1,990-2,890（旗舰刊更高）",高,https://www.biomedcentral.com/getpublished/article-processing-charges,https://www.google.com/search?q=BioData+Mining+aims+scope+instructions+for+authors+APC
793,2-Q1且IF小于10,2,Conflict and Health,CONFL HEALTH,1752-1505,1752-1505,6.4,5.6,Q1,28/443,Q1,Q1,1.38,93.8,82.0,2984.0,"PUBLIC, ENVIRONMENTAL & OCCUPATIONAL HEALTH","PUBLIC, ENVIRONMENTAL & OCCUPATIONAL HEALTH(JIF Q1/JCI Q1)",BMC,BMC,是,"SCIE, SSCI",全OA,"约 USD 1,990-2,890（旗舰刊更高）",高,https://www.biomedcentral.com/getpublished/article-processing-charges,https://www.google.com/search?q=Conflict+and+Health+aims+scope+instructions+for+authors+APC
794,2-Q1且IF小于10,2,Stroke and Vascular Neurology,STROKE VASC NEUROL,2059-8688,2059-8696,4.8,5.6,Q1,42/296,Q1,Q1,1.32,86.0,82.0,3496.0,CLINICAL NEUROLOGY,CLINICAL NEUROLOGY(JIF Q1/JCI Q1),BMJ PUBLISHING GROUP,BMJ,是,SCIE,混合/全OA,"BMJ Open约GBP 2,175；旗舰刊更高",高,https://authors.bmj.com/open-access/,https://www.google.com/search?q=Stroke+and+Vascular+Neurology+aims+scope+instructions+for+authors+APC
795,2-Q1且IF小于10,2,Frontiers in Computational Neuroscience,FRONT COMPUT NEUROSC,,1662-5188,3.3,3.2,Q1,16/67,Q2,Q2,0.66,76.9,82.0,4961.0,MATHEMATICAL & COMPUTATIONAL BIOLOGY; NEUROSCIENCES,MATHEMATICAL & COMPUTATIONAL BIOLOGY(JIF Q1/JCI Q2) | NEUROSCIENCES(JIF Q2/JCI Q3),FRONTIERS MEDIA SA,Frontiers,是,SCIE,全OA,"约 CHF 1,495-3,150（Frontiers in Medicine A类=CHF 3,150）",高,https://www.frontiersin.org/about/fee-policy,https://www.google.com/search?q=Frontiers+in+Computational+Neuroscience+aims+scope+instructions+for+authors+APC
796,2-Q1且IF小于10,1,CONTACT DERMATITIS,CONTACT DERMATITIS,0105-1873,1600-0536,4.1,4.3,Q1,17/99,Q1,Q1,1.13,83.3,99.0,6610.0,ALLERGY; DERMATOLOGY,ALLERGY(JIF Q2/JCI Q1) | DERMATOLOGY(JIF Q1/JCI Q1),WILEY,Wiley,是,SCIE,混合为主,"订阅路线通常无APC；OnlineOpen常见 USD 3,200-4,700",中,https://authorservices.wiley.com/author-resources/Journal-Authors/open-access/article-publication-charges.html,https://www.google.com/search?q=CONTACT+DERMATITIS+aims+scope+instructions+for+authors+APC
797,2-Q1且IF小于10,1,YONSEI MEDICAL JOURNAL,YONSEI MED J,0513-5796,1976-2437,3.1,2.8,Q1,71/336,Q1,Q1,0.8,79.0,99.0,5329.0,"MEDICINE, GENERAL & INTERNAL","MEDICINE, GENERAL & INTERNAL(JIF Q1/JCI Q1)",YONSEI UNIV COLL MEDICINE,其他,是,SCIE,需核实,请查期刊官网 Author / Open Access 页面,未知,,https://www.google.com/search?q=YONSEI+MEDICAL+JOURNAL+aims+scope+instructions+for+authors+APC
798,2-Q1且IF小于10,1,JOURNAL OF CARDIAC FAILURE,J CARD FAIL,1071-9164,1532-8414,9.9,7.6,Q1,19/237,Q1,Q1,1.6,92.2,98.0,8578.0,CARDIAC & CARDIOVASCULAR SYSTEMS,CARDIAC & CARDIOVASCULAR SYSTEMS(JIF Q1/JCI Q1),CHURCHILL LIVINGSTONE INC MEDICAL PUBLISHERS,Elsevier,是,SCIE,混合为主,"订阅路线通常无APC；Gold OA常见 USD 2,200-4,200",中,https://www.elsevier.com/open-access/agreements,https://www.google.com/search?q=JOURNAL+OF+CARDIAC+FAILURE+aims+scope+instructions+for+authors+APC
799,2-Q1且IF小于10,1,European Heart Journal-Quality of Care and Clinical Outcomes,EUR HEART J-QUAL CAR,2058-5225,2058-1742,5.6,5.2,Q1,44/237,Q1,Q1,1.26,81.6,98.0,2725.0,CARDIAC & CARDIOVASCULAR SYSTEMS,CARDIAC & CARDIOVASCULAR SYSTEMS(JIF Q1/JCI Q1),OXFORD UNIV PRESS,Oxford UP,是,SCIE,混合为主,订阅路线通常无APC；可选OA，费用因刊而异,中,https://academic.oup.com/pages/open-research/open-access,https://www.google.com/search?q=European+Heart+Journal-Quality+of+Care+and+Clinical+Outcomes+aims+scope+instructions+for+authors+APC
800,2-Q1且IF小于10,1,JOURNAL OF AUTOIMMUNITY,J AUTOIMMUN,0896-8411,1095-9157,6.8,7.8,Q1,31/183,Q1,Q1,1.59,83.3,97.0,10950.0,IMMUNOLOGY,IMMUNOLOGY(JIF Q1/JCI Q1),ACADEMIC PRESS LTD- ELSEVIER SCIENCE LTD,Elsevier,是,SCIE,混合为主,"订阅路线通常无APC；Gold OA常见 USD 2,200-4,200",中,https://www.elsevier.com/open-access/agreements,https://www.google.com/search?q=JOURNAL+OF+AUTOIMMUNITY+aims+scope+instructions+for+authors+APC
801,2-Q1且IF小于10,1,MAYO CLINIC PROCEEDINGS,MAYO CLIN PROC,0025-6196,1942-5546,6.5,7.5,Q1,29/336,Q1,Q1,1.66,91.5,97.0,21169.0,"MEDICINE, GENERAL & INTERNAL","MEDICINE, GENERAL & INTERNAL(JIF Q1/JCI Q1)",ELSEVIER SCIENCE INC,Elsevier,是,SCIE,混合为主,"订阅路线通常无APC；Gold OA常见 USD 2,200-4,200",中,https://www.elsevier.com/open-access/agreements,https://www.google.com/search?q=MAYO+CLINIC+PROCEEDINGS+aims+scope+instructions+for+authors+APC
802,2-Q1且IF小于10,1,Global Heart,GLOB HEART,2211-8160,2211-8179,5.7,4.9,Q1,42/237,Q1,Q1,1.13,82.5,97.0,2848.0,CARDIAC & CARDIOVASCULAR SYSTEMS,CARDIAC & CARDIOVASCULAR SYSTEMS(JIF Q1/JCI Q1),UBIQUITY PRESS LTD,其他,是,SCIE,需核实,请查期刊官网 Author / Open Access 页面,未知,,https://www.google.com/search?q=Global+Heart+aims+scope+instructions+for+authors+APC
803,2-Q1且IF小于10,1,JOURNAL OF DRUG TARGETING,J DRUG TARGET,1061-186X,1029-2330,4.7,4.6,Q1,78/356,Q2,Q2,0.86,78.2,97.0,5622.0,PHARMACOLOGY & PHARMACY,PHARMACOLOGY & PHARMACY(JIF Q1/JCI Q2),TAYLOR & FRANCIS LTD,Taylor & Francis,是,SCIE,混合为主,"订阅路线通常无APC；Open Select常见 USD 2,500-3,500",中,https://authorservices.taylorandfrancis.com/publishing-open-access/,https://www.google.com/search?q=JOURNAL+OF+DRUG+TARGETING+aims+scope+instructions+for+authors+APC
804,2-Q1且IF小于10,1,Journal of Human Kinetics,J HUM KINET,1640-5544,1899-7562,4.0,3.6,Q1,17/136,Q1,Q1,1.18,87.9,97.0,4770.0,SPORT SCIENCES,SPORT SCIENCES(JIF Q1/JCI Q1),TERMEDIA PUBLISHING HOUSE LTD,其他,是,SCIE,需核实,请查期刊官网 Author / Open Access 页面,未知,,https://www.google.com/search?q=Journal+of+Human+Kinetics+aims+scope+instructions+for+authors+APC
805,2-Q1且IF小于10,1,DYSPHAGIA,DYSPHAGIA,0179-051X,1432-0460,2.3,3.1,Q1,13/67,Q1,Q1,1.36,81.3,97.0,6504.0,OTORHINOLARYNGOLOGY,OTORHINOLARYNGOLOGY(JIF Q1/JCI Q1),SPRINGER,Springer,是,SCIE,混合为主,"订阅路线通常无APC；选OA约 USD 2,790-4,290",中,https://www.springer.com/gp/open-access,https://www.google.com/search?q=DYSPHAGIA+aims+scope+instructions+for+authors+APC
806,2-Q1且IF小于10,1,Osteoarthritis and Cartilage,OSTEOARTHR CARTILAGE,1063-4584,1522-9653,9.2,9.8,Q1,3/147,Q1,Q1,2.8,98.3,96.0,23892.0,ORTHOPEDICS; RHEUMATOLOGY,ORTHOPEDICS(JIF Q1/JCI Q1) | RHEUMATOLOGY(JIF Q1/JCI Q1),ELSEVIER SCI LTD,Elsevier,是,SCIE,混合为主,"订阅路线通常无APC；Gold OA常见 USD 2,200-4,200",中,https://www.elsevier.com/open-access/agreements,https://www.google.com/search?q=Osteoarthritis+and+Cartilage+aims+scope+instructions+for+authors+APC
807,2-Q1且IF小于10,1,CANCER GENE THERAPY,CANCER GENE THER,0929-1903,1476-5500,6.4,5.9,Q1,21/192,Q1,Q1,1.11,89.3,96.0,5943.0,"BIOTECHNOLOGY & APPLIED MICROBIOLOGY; GENETICS & HEREDITY; MEDICINE, RESEARCH & EXPERIMENTAL; ONCOLOGY","BIOTECHNOLOGY & APPLIED MICROBIOLOGY(JIF Q1/JCI Q1) | GENETICS & HEREDITY(JIF Q1/JCI Q1) | MEDICINE, RESEARCH & EXPERIMENTAL(JIF Q1/JCI Q1) | ONCOLOGY(JIF Q1/JCI Q1)",SPRINGERNATURE,Springer Nature,是,SCIE,混合/全OA,"全OA约 USD 2,090-3,490；Nature系更高；Scientific Reports已拉黑",中高,https://www.springernature.com/gp/open-research/journals-books/journals,https://www.google.com/search?q=CANCER+GENE+THERAPY+aims+scope+instructions+for+authors+APC
808,2-Q1且IF小于10,1,New Biotechnology,NEW BIOTECHNOL,1871-6784,1876-4347,5.6,5.3,Q1,10/85,Q1,Q1,1.22,79.2,96.0,4728.0,BIOTECHNOLOGY & APPLIED MICROBIOLOGY,BIOTECHNOLOGY & APPLIED MICROBIOLOGY(JIF Q1/JCI Q1),ELSEVIER,Elsevier,是,SCIE,混合为主,"订阅路线通常无APC；Gold OA常见 USD 2,200-4,200",中,https://www.elsevier.com/open-access/agreements,https://www.google.com/search?q=New+Biotechnology+aims+scope+instructions+for+authors+APC
809,2-Q1且IF小于10,1,Intensive and Critical Care Nursing,INTENS CRIT CARE NUR,0964-3397,1532-4036,5.1,5.2,Q1,7/194,Q1,Q1,1.61,96.6,96.0,4845.0,CRITICAL CARE MEDICINE; NURSING,CRITICAL CARE MEDICINE(JIF Q1/JCI Q1) | NURSING(JIF Q1/JCI Q1),ELSEVIER SCI LTD,Elsevier,是,"SCIE; SCIE, SSCI",混合为主,"订阅路线通常无APC；Gold OA常见 USD 2,200-4,200",中,https://www.elsevier.com/open-access/agreements,https://www.google.com/search?q=Intensive+and+Critical+Care+Nursing+aims+scope+instructions+for+authors+APC
810,2-Q1且IF小于10,1,JOURNAL OF HEAD TRAUMA REHABILITATION,J HEAD TRAUMA REHAB,0885-9701,1550-509X,3.3,3.2,Q1,17/175,Q1,Q1,1.32,90.6,96.0,4670.0,CLINICAL NEUROLOGY; REHABILITATION,CLINICAL NEUROLOGY(JIF Q2/JCI Q1) | REHABILITATION(JIF Q1/JCI Q1),LIPPINCOTT WILLIAMS & WILKINS,Wolters Kluwer/LWW,是,"SCIE; SCIE, SSCI",混合为主,"订阅路线通常无APC；OA常见 USD 2,000-4,000；MEDICINE已拉黑",中,https://wkauthorservices.editage.com/open-access/,https://www.google.com/search?q=JOURNAL+OF+HEAD+TRAUMA+REHABILITATION+aims+scope+instructions+for+authors+APC
811,2-Q1且IF小于10,1,JAACAP Open,JAACAP OPEN,,2949-7329,3.1,3.1,Q1,30/190,Q1,Q1,1.16,84.5,96.0,273.0,PEDIATRICS; PSYCHIATRY,PEDIATRICS(JIF Q1/JCI Q1) | PSYCHIATRY(JIF Q2/JCI Q1),ELSEVIER,Elsevier,否,ESCI,混合为主,"订阅路线通常无APC；Gold OA常见 USD 2,200-4,200",中,https://www.elsevier.com/open-access/agreements,https://www.google.com/search?q=JAACAP+Open+aims+scope+instructions+for+authors+APC
812,2-Q1且IF小于10,1,AMERICAN JOURNAL OF CHINESE MEDICINE,AM J CHINESE MED,0192-415X,1793-6853,7.8,6.9,Q1,2/48,Q1,Q1,1.67,96.9,95.0,6797.0,"INTEGRATIVE & COMPLEMENTARY MEDICINE; MEDICINE, GENERAL & INTERNAL","INTEGRATIVE & COMPLEMENTARY MEDICINE(JIF Q1/JCI Q1) | MEDICINE, GENERAL & INTERNAL(JIF Q1/JCI Q1)",WORLD SCIENTIFIC PUBL CO PTE LTD,其他,是,SCIE,需核实,请查期刊官网 Author / Open Access 页面,未知,,https://www.google.com/search?q=AMERICAN+JOURNAL+OF+CHINESE+MEDICINE+aims+scope+instructions+for+authors+APC
813,2-Q1且IF小于10,1,Chinese Journal of Natural Medicines,CHIN J NAT MEDICINES,2095-6975,1875-5364,7.5,5.7,Q1,3/48,Q1,Q1,1.39,94.8,95.0,5085.0,INTEGRATIVE & COMPLEMENTARY MEDICINE; PHARMACOLOGY & PHARMACY,INTEGRATIVE & COMPLEMENTARY MEDICINE(JIF Q1/JCI Q1) | PHARMACOLOGY & PHARMACY(JIF Q1/JCI Q1),CHINESE JOURNAL NATURAL MEDICINES,其他,是,SCIE,需核实,请查期刊官网 Author / Open Access 页面,未知,,https://www.google.com/search?q=Chinese+Journal+of+Natural+Medicines+aims+scope+instructions+for+authors+APC
814,2-Q1且IF小于10,1,ANNALS OF ALLERGY ASTHMA & IMMUNOLOGY,ANN ALLERG ASTHMA IM,1081-1206,1534-4436,7.1,6.0,Q1,5/40,Q1,Q1,1.14,88.8,95.0,11542.0,ALLERGY; IMMUNOLOGY,ALLERGY(JIF Q1/JCI Q1) | IMMUNOLOGY(JIF Q1/JCI Q1),ELSEVIER SCIENCE INC,Elsevier,是,SCIE,混合为主,"订阅路线通常无APC；Gold OA常见 USD 2,200-4,200",中,https://www.elsevier.com/open-access/agreements,https://www.google.com/search?q=ANNALS+OF+ALLERGY+ASTHMA+&+IMMUNOLOGY+aims+scope+instructions+for+authors+APC
815,2-Q1且IF小于10,1,JACC-Asia,JACC-ASIA,2772-3747,2772-3747,6.1,6.2,Q1,37/237,Q1,Q1,1.36,84.6,95.0,1647.0,CARDIAC & CARDIOVASCULAR SYSTEMS,CARDIAC & CARDIOVASCULAR SYSTEMS(JIF Q1/JCI Q1),ELSEVIER,Elsevier,否,ESCI,混合为主,"订阅路线通常无APC；Gold OA常见 USD 2,200-4,200",中,https://www.elsevier.com/open-access/agreements,https://www.google.com/search?q=JACC-Asia+aims+scope+instructions+for+authors+APC
816,2-Q1且IF小于10,1,JOURNAL OF NEUROENDOCRINOLOGY,J NEUROENDOCRINOL,0953-8194,1365-2826,5.0,4.1,Q1,67/330,Q2,Q2,0.88,79.8,95.0,6489.0,ENDOCRINOLOGY & METABOLISM; NEUROSCIENCES,ENDOCRINOLOGY & METABOLISM(JIF Q1/JCI Q2) | NEUROSCIENCES(JIF Q1/JCI Q2),WILEY,Wiley,是,SCIE,混合为主,"订阅路线通常无APC；OnlineOpen常见 USD 3,200-4,700",中,https://authorservices.wiley.com/author-resources/Journal-Authors/open-access/article-publication-charges.html,https://www.google.com/search?q=JOURNAL+OF+NEUROENDOCRINOLOGY+aims+scope+instructions+for+authors+APC
817,2-Q1且IF小于10,1,JOURNAL OF INTELLECTUAL DISABILITY RESEARCH,J INTELL DISABIL RES,0964-2633,1365-2788,2.4,2.9,Q1,8/62,Q2,Q2,0.88,76.9,95.0,5738.0,REHABILITATION,REHABILITATION(JIF Q1/JCI Q2),WILEY,Wiley,否,SSCI,混合为主,"订阅路线通常无APC；OnlineOpen常见 USD 3,200-4,700",中,https://authorservices.wiley.com/author-resources/Journal-Authors/open-access/article-publication-charges.html,https://www.google.com/search?q=JOURNAL+OF+INTELLECTUAL+DISABILITY+RESEARCH+aims+scope+instructions+for+authors+APC
818,2-Q1且IF小于10,1,Polish Heart Journal-Kardiologia Polska,POLISH HEART J,0022-9032,1897-4279,7.4,13.6,Q1,30/237,Q2,Q2,0.64,87.6,94.0,3542.0,CARDIAC & CARDIOVASCULAR SYSTEMS,CARDIAC & CARDIOVASCULAR SYSTEMS(JIF Q1/JCI Q2),POLISH CARDIAC SOC,其他,是,SCIE,需核实,请查期刊官网 Author / Open Access 页面,未知,,https://www.google.com/search?q=Polish+Heart+Journal-Kardiologia+Polska+aims+scope+instructions+for+authors+APC
819,2-Q1且IF小于10,1,Dental and Medical Problems,DENT MED PROBL,1644-387X,2300-9020,4.3,3.5,Q1,21/165,Q1,Q1,1.38,87.6,94.0,1812.0,"DENTISTRY, ORAL SURGERY & MEDICINE; MEDICINE, GENERAL & INTERNAL","DENTISTRY, ORAL SURGERY & MEDICINE(JIF Q1/JCI Q1) | MEDICINE, GENERAL & INTERNAL(JIF Q1/JCI Q1)",WROCLAW MEDICAL UNIV,其他,否,ESCI,需核实,请查期刊官网 Author / Open Access 页面,未知,,https://www.google.com/search?q=Dental+and+Medical+Problems+aims+scope+instructions+for+authors+APC
820,2-Q1且IF小于10,1,Progress in Disaster Science,PROG DISASTER SCI,2590-0617,2590-0617,4.0,4.5,Q1,79/443,Q2,Q2,0.84,82.3,94.0,1686.0,"PUBLIC, ENVIRONMENTAL & OCCUPATIONAL HEALTH","PUBLIC, ENVIRONMENTAL & OCCUPATIONAL HEALTH(JIF Q1/JCI Q2)",ELSEVIER,Elsevier,否,ESCI,混合为主,"订阅路线通常无APC；Gold OA常见 USD 2,200-4,200",中,https://www.elsevier.com/open-access/agreements,https://www.google.com/search?q=Progress+in+Disaster+Science+aims+scope+instructions+for+authors+APC
821,2-Q1且IF小于10,1,Health Policy and Technology,HEALTH POLICY TECHN,2211-8837,,3.4,3.8,Q1,23/125,Q1,Q1,1.18,82.0,94.0,1827.0,HEALTH POLICY & SERVICES,HEALTH POLICY & SERVICES(JIF Q1/JCI Q1),ELSEVIER SCI LTD,Elsevier,否,SSCI,混合为主,"订阅路线通常无APC；Gold OA常见 USD 2,200-4,200",中,https://www.elsevier.com/open-access/agreements,https://www.google.com/search?q=Health+Policy+and+Technology+aims+scope+instructions+for+authors+APC
822,2-Q1且IF小于10,1,ANAESTHESIA,ANAESTHESIA,0003-2409,1365-2044,7.4,8.4,Q1,5/72,Q1,Q1,2.48,93.8,93.0,14932.0,ANESTHESIOLOGY,ANESTHESIOLOGY(JIF Q1/JCI Q1),WILEY,Wiley,是,SCIE,混合为主,"订阅路线通常无APC；OnlineOpen常见 USD 3,200-4,700",中,https://authorservices.wiley.com/author-resources/Journal-Authors/open-access/article-publication-charges.html,https://www.google.com/search?q=ANAESTHESIA+aims+scope+instructions+for+authors+APC
823,2-Q1且IF小于10,1,Lancet Regional Health - Southeast Asia,LANCET REG HLTH-SE A,2772-3682,2772-3682,6.4,6.6,Q1,28/443,Q1,Q1,1.81,93.8,93.0,1947.0,"HEALTH CARE SCIENCES & SERVICES; PUBLIC, ENVIRONMENTAL & OCCUPATIONAL HEALTH","HEALTH CARE SCIENCES & SERVICES(JIF Q1/JCI Q1) | PUBLIC, ENVIRONMENTAL & OCCUPATIONAL HEALTH(JIF Q1/JCI Q1)",ELSEVIER,Elsevier,否,ESCI,混合为主,"订阅路线通常无APC；Gold OA常见 USD 2,200-4,200",中,https://www.elsevier.com/open-access/agreements,https://www.google.com/search?q=Lancet+Regional+Health+-+Southeast+Asia+aims+scope+instructions+for+authors+APC
824,2-Q1且IF小于10,1,JMIR AI,JMIR AI,,2817-1705,6.1,6.0,Q1,21/194,Q1,Q1,1.26,89.4,93.0,789.0,HEALTH CARE SCIENCES & SERVICES; MEDICAL INFORMATICS,HEALTH CARE SCIENCES & SERVICES(JIF Q1/JCI Q1) | MEDICAL INFORMATICS(JIF Q1/JCI Q1),"JMIR PUBLICATIONS, INC",其他,否,ESCI,需核实,请查期刊官网 Author / Open Access 页面,未知,,https://www.google.com/search?q=JMIR+AI+aims+scope+instructions+for+authors+APC
825,2-Q1且IF小于10,1,Bone & Joint Research,BONE JOINT RES,2046-3758,2046-3758,5.5,5.0,Q1,6/147,Q1,Q1,1.59,96.3,93.0,3431.0,CELL & TISSUE ENGINEERING; ORTHOPEDICS,CELL & TISSUE ENGINEERING(JIF Q2/JCI Q1) | ORTHOPEDICS(JIF Q1/JCI Q1),BRITISH EDITORIAL SOC BONE & JOINT SURGERY,其他,是,SCIE,需核实,请查期刊官网 Author / Open Access 页面,未知,,https://www.google.com/search?q=Bone+&+Joint+Research+aims+scope+instructions+for+authors+APC
826,2-Q1且IF小于10,1,Anaesthesia Critical Care & Pain Medicine,ANAESTH CRIT CARE PA,2352-5568,2352-5568,5.4,4.6,Q1,8/72,Q1,Q1,1.29,89.6,93.0,2498.0,ANESTHESIOLOGY; CRITICAL CARE MEDICINE,ANESTHESIOLOGY(JIF Q1/JCI Q1) | CRITICAL CARE MEDICINE(JIF Q1/JCI Q1),ELSEVIER FRANCE-EDITIONS SCIENTIFIQUES MEDICALES ELSEVIER,Elsevier,是,SCIE,混合为主,"订阅路线通常无APC；Gold OA常见 USD 2,200-4,200",中,https://www.elsevier.com/open-access/agreements,https://www.google.com/search?q=Anaesthesia+Critical+Care+&+Pain+Medicine+aims+scope+instructions+for+authors+APC
827,2-Q1且IF小于10,1,JOURNAL OF ENZYME INHIBITION AND MEDICINAL CHEMISTRY,J ENZYM INHIB MED CH,1475-6366,1475-6374,5.3,4.8,Q1,79/328,Q1,Q1,1.25,76.1,93.0,9047.0,"BIOCHEMISTRY & MOLECULAR BIOLOGY; CHEMISTRY, MEDICINAL","BIOCHEMISTRY & MOLECULAR BIOLOGY(JIF Q1/JCI Q1) | CHEMISTRY, MEDICINAL(JIF Q2/JCI Q1)",TAYLOR & FRANCIS LTD,Taylor & Francis,是,SCIE,混合为主,"订阅路线通常无APC；Open Select常见 USD 2,500-3,500",中,https://authorservices.taylorandfrancis.com/publishing-open-access/,https://www.google.com/search?q=JOURNAL+OF+ENZYME+INHIBITION+AND+MEDICINAL+CHEMISTRY+aims+scope+instructions+for+authors+APC
828,2-Q1且IF小于10,1,Journal of Climate Change and Health,J CLIM CHANGE HEALTH,,2667-2782,4.5,6.0,Q1,58/443,Q2,Q2,0.81,87.0,93.0,1508.0,"PUBLIC, ENVIRONMENTAL & OCCUPATIONAL HEALTH","PUBLIC, ENVIRONMENTAL & OCCUPATIONAL HEALTH(JIF Q1/JCI Q2)",ELSEVIER,Elsevier,否,ESCI,混合为主,"订阅路线通常无APC；Gold OA常见 USD 2,200-4,200",中,https://www.elsevier.com/open-access/agreements,https://www.google.com/search?q=Journal+of+Climate+Change+and+Health+aims+scope+instructions+for+authors+APC
829,2-Q1且IF小于10,1,EUROPEAN JOURNAL OF ORTHODONTICS,EUR J ORTHODONT,0141-5387,1460-2210,4.2,3.9,Q1,22/165,Q1,Q1,1.29,87.0,93.0,6622.0,"DENTISTRY, ORAL SURGERY & MEDICINE","DENTISTRY, ORAL SURGERY & MEDICINE(JIF Q1/JCI Q1)",OXFORD UNIV PRESS,Oxford UP,是,SCIE,混合为主,订阅路线通常无APC；可选OA，费用因刊而异,中,https://academic.oup.com/pages/open-research/open-access,https://www.google.com/search?q=EUROPEAN+JOURNAL+OF+ORTHODONTICS+aims+scope+instructions+for+authors+APC
830,2-Q1且IF小于10,1,North American Spine Society Journal,N AM SPINE SOC J,,2666-5484,3.2,2.8,Q1,30/147,Q2,Q2,0.92,79.9,93.0,947.0,CLINICAL NEUROLOGY; ORTHOPEDICS,CLINICAL NEUROLOGY(JIF Q2/JCI Q2) | ORTHOPEDICS(JIF Q1/JCI Q2),ELSEVIER,Elsevier,否,ESCI,混合为主,"订阅路线通常无APC；Gold OA常见 USD 2,200-4,200",中,https://www.elsevier.com/open-access/agreements,https://www.google.com/search?q=North+American+Spine+Society+Journal+aims+scope+instructions+for+authors+APC
831,2-Q1且IF小于10,1,INVESTIGATIVE RADIOLOGY,INVEST RADIOL,0020-9996,1536-0210,7.9,6.6,Q1,11/217,Q1,Q1,2.35,95.2,92.0,7265.0,"RADIOLOGY, NUCLEAR MEDICINE & MEDICAL IMAGING","RADIOLOGY, NUCLEAR MEDICINE & MEDICAL IMAGING(JIF Q1/JCI Q1)",LIPPINCOTT WILLIAMS & WILKINS,Wolters Kluwer/LWW,是,SCIE,混合为主,"订阅路线通常无APC；OA常见 USD 2,000-4,000；MEDICINE已拉黑",中,https://wkauthorservices.editage.com/open-access/,https://www.google.com/search?q=INVESTIGATIVE+RADIOLOGY+aims+scope+instructions+for+authors+APC
832,2-Q1且IF小于10,1,Journal of Emergency Nursing,J EMERG NURS,0099-1767,1527-2966,3.2,2.8,Q1,25/194,Q1,Q1,1.23,87.4,92.0,2402.0,EMERGENCY MEDICINE; NURSING,EMERGENCY MEDICINE(JIF Q1/JCI Q1) | NURSING(JIF Q1/JCI Q1),ELSEVIER SCIENCE INC,Elsevier,是,"SCIE; SCIE, SSCI",混合为主,"订阅路线通常无APC；Gold OA常见 USD 2,200-4,200",中,https://www.elsevier.com/open-access/agreements,https://www.google.com/search?q=Journal+of+Emergency+Nursing+aims+scope+instructions+for+authors+APC
833,2-Q1且IF小于10,1,EUROPEAN EATING DISORDERS REVIEW,EUR EAT DISORD REV,1072-4133,1099-0968,3.2,4.4,Q1,41/184,Q2,Q2,0.95,78.0,92.0,4467.0,"PSYCHIATRY; PSYCHOLOGY, CLINICAL","PSYCHIATRY(JIF Q2/JCI Q2) | PSYCHOLOGY, CLINICAL(JIF Q1/JCI Q2)",WILEY,Wiley,否,SSCI,混合为主,"订阅路线通常无APC；OnlineOpen常见 USD 3,200-4,700",中,https://authorservices.wiley.com/author-resources/Journal-Authors/open-access/article-publication-charges.html,https://www.google.com/search?q=EUROPEAN+EATING+DISORDERS+REVIEW+aims+scope+instructions+for+authors+APC
834,2-Q1且IF小于10,1,BDJ Open,BDJ OPEN,,2056-807X,3.1,2.8,Q1,41/165,Q1,Q1,1.12,75.5,92.0,878.0,"DENTISTRY, ORAL SURGERY & MEDICINE","DENTISTRY, ORAL SURGERY & MEDICINE(JIF Q1/JCI Q1)",SPRINGERNATURE,Springer Nature,否,ESCI,混合/全OA,"全OA约 USD 2,090-3,490；Nature系更高；Scientific Reports已拉黑",中高,https://www.springernature.com/gp/open-research/journals-books/journals,https://www.google.com/search?q=BDJ+Open+aims+scope+instructions+for+authors+APC
835,2-Q1且IF小于10,1,EUROPEAN JOURNAL OF ANAESTHESIOLOGY,EUR J ANAESTH,0265-0215,1365-2346,7.8,5.8,Q1,3/72,Q1,Q1,2.44,96.5,91.0,7011.0,ANESTHESIOLOGY,ANESTHESIOLOGY(JIF Q1/JCI Q1),LIPPINCOTT WILLIAMS & WILKINS,Wolters Kluwer/LWW,是,SCIE,混合为主,"订阅路线通常无APC；OA常见 USD 2,000-4,000；MEDICINE已拉黑",中,https://wkauthorservices.editage.com/open-access/,https://www.google.com/search?q=EUROPEAN+JOURNAL+OF+ANAESTHESIOLOGY+aims+scope+instructions+for+authors+APC
836,2-Q1且IF小于10,1,BIOMEDICAL AND ENVIRONMENTAL SCIENCES,BIOMED ENVIRON SCI,0895-3988,2214-0190,4.5,4.0,Q1,58/443,Q2,Q2,0.85,87.0,91.0,3537.0,"PUBLIC, ENVIRONMENTAL & OCCUPATIONAL HEALTH","PUBLIC, ENVIRONMENTAL & OCCUPATIONAL HEALTH(JIF Q1/JCI Q2)",CHINESE CENTER DISEASE CONTROL & PREVENTION,其他,是,SCIE,需核实,请查期刊官网 Author / Open Access 页面,未知,,https://www.google.com/search?q=BIOMEDICAL+AND+ENVIRONMENTAL+SCIENCES+aims+scope+instructions+for+authors+APC
837,2-Q1且IF小于10,1,EUROPEAN JOURNAL OF PAEDIATRIC NEUROLOGY,EUR J PAEDIATR NEURO,1090-3798,1532-2130,2.9,3.2,Q1,33/190,Q1,Q1,1.02,82.9,91.0,4266.0,CLINICAL NEUROLOGY; PEDIATRICS,CLINICAL NEUROLOGY(JIF Q2/JCI Q1) | PEDIATRICS(JIF Q1/JCI Q1),ELSEVIER SCI LTD,Elsevier,是,SCIE,混合为主,"订阅路线通常无APC；Gold OA常见 USD 2,200-4,200",中,https://www.elsevier.com/open-access/agreements,https://www.google.com/search?q=EUROPEAN+JOURNAL+OF+PAEDIATRIC+NEUROLOGY+aims+scope+instructions+for+authors+APC
838,2-Q1且IF小于10,1,Science Signaling,SCI SIGNAL,1945-0877,1937-9145,7.0,7.6,Q1,48/328,Q1,Q1,1.23,85.5,90.0,14775.0,BIOCHEMISTRY & MOLECULAR BIOLOGY; CELL BIOLOGY,BIOCHEMISTRY & MOLECULAR BIOLOGY(JIF Q1/JCI Q1) | CELL BIOLOGY(JIF Q1/JCI Q1),AMER ASSOC ADVANCEMENT SCIENCE,其他,是,SCIE,需核实,请查期刊官网 Author / Open Access 页面,未知,,https://www.google.com/search?q=Science+Signaling+aims+scope+instructions+for+authors+APC
839,2-Q1且IF小于10,1,Journal of Behavioral Addictions,J BEHAV ADDICT,2062-5871,2063-5303,6.3,8.3,Q1,25/293,Q1,Q1,1.72,91.6,90.0,7222.0,PSYCHIATRY,PSYCHIATRY(JIF Q1/JCI Q1),AKADEMIAI KIADO ZRT,其他,是,"SCIE, SSCI",需核实,请查期刊官网 Author / Open Access 页面,未知,,https://www.google.com/search?q=Journal+of+Behavioral+Addictions+aims+scope+instructions+for+authors+APC
840,2-Q1且IF小于10,1,Bioengineering & Translational Medicine,BIOENG TRANSL MED,,2380-6761,6.2,7.6,Q1,28/130,Q1,Q1,1.09,78.8,90.0,5075.0,"ENGINEERING, BIOMEDICAL","ENGINEERING, BIOMEDICAL(JIF Q1/JCI Q1)",WILEY,Wiley,是,SCIE,混合为主,"订阅路线通常无APC；OnlineOpen常见 USD 3,200-4,700",中,https://authorservices.wiley.com/author-resources/Journal-Authors/open-access/article-publication-charges.html,https://www.google.com/search?q=Bioengineering+&+Translational+Medicine+aims+scope+instructions+for+authors+APC
841,2-Q1且IF小于10,1,Journal of Neuroimmune Pharmacology,J NEUROIMMUNE PHARM,1557-1890,1557-1904,6.1,5.7,Q1,43/356,Q1,Q1,1.3,88.1,90.0,3663.0,NEUROSCIENCES; PHARMACOLOGY & PHARMACY,NEUROSCIENCES(JIF Q1/JCI Q1) | PHARMACOLOGY & PHARMACY(JIF Q1/JCI Q1),SPRINGER,Springer,是,SCIE,混合为主,"订阅路线通常无APC；选OA约 USD 2,790-4,290",中,https://www.springer.com/gp/open-access,https://www.google.com/search?q=Journal+of+Neuroimmune+Pharmacology+aims+scope+instructions+for+authors+APC
842,2-Q1且IF小于10,1,BRITISH JOURNAL OF GENERAL PRACTICE,BRIT J GEN PRACT,0960-1643,1478-5242,5.1,6.0,Q1,2/29,Q1,Q1,2.19,94.8,90.0,10475.0,"MEDICINE, GENERAL & INTERNAL; PRIMARY HEALTH CARE","MEDICINE, GENERAL & INTERNAL(JIF Q1/JCI Q1) | PRIMARY HEALTH CARE(JIF Q1/JCI Q1)",ROYAL COLL GENERAL PRACTITIONERS,其他,是,SCIE,需核实,请查期刊官网 Author / Open Access 页面,未知,,https://www.google.com/search?q=BRITISH+JOURNAL+OF+GENERAL+PRACTICE+aims+scope+instructions+for+authors+APC
843,2-Q1且IF小于10,1,DENTAL TRAUMATOLOGY,DENT TRAUMATOL,1600-4469,1600-9657,4.8,4.2,Q1,15/165,Q1,Q1,1.69,91.2,90.0,4539.0,"DENTISTRY, ORAL SURGERY & MEDICINE","DENTISTRY, ORAL SURGERY & MEDICINE(JIF Q1/JCI Q1)",WILEY,Wiley,是,SCIE,混合为主,"订阅路线通常无APC；OnlineOpen常见 USD 3,200-4,700",中,https://authorservices.wiley.com/author-resources/Journal-Authors/open-access/article-publication-charges.html,https://www.google.com/search?q=DENTAL+TRAUMATOLOGY+aims+scope+instructions+for+authors+APC
844,2-Q1且IF小于10,1,DRUG SAFETY,DRUG SAFETY,0114-5916,1179-1942,5.9,5.0,Q1,34/443,Q1,Q1,1.32,92.4,89.0,7886.0,"PHARMACOLOGY & PHARMACY; PUBLIC, ENVIRONMENTAL & OCCUPATIONAL HEALTH; TOXICOLOGY","PHARMACOLOGY & PHARMACY(JIF Q1/JCI Q1) | PUBLIC, ENVIRONMENTAL & OCCUPATIONAL HEALTH(JIF Q1/JCI Q1) | TOXICOLOGY(JIF Q1/JCI Q1)",ADIS INT LTD,其他,是,SCIE,需核实,请查期刊官网 Author / Open Access 页面,未知,,https://www.google.com/search?q=DRUG+SAFETY+aims+scope+instructions+for+authors+APC
845,2-Q1且IF小于10,1,Non-coding RNA Research,NON-CODING RNA RES,2468-2160,2468-0540,5.6,5.2,Q1,72/328,Q2,Q2,0.93,78.2,89.0,1901.0,BIOCHEMISTRY & MOLECULAR BIOLOGY,BIOCHEMISTRY & MOLECULAR BIOLOGY(JIF Q1/JCI Q2),KEAI PUBLISHING LTD,其他,否,ESCI,需核实,请查期刊官网 Author / Open Access 页面,未知,,https://www.google.com/search?q=Non-coding+RNA+Research+aims+scope+instructions+for+authors+APC
846,2-Q1且IF小于10,1,HEMATOLOGICAL ONCOLOGY,HEMATOL ONCOL,0278-0232,1099-1069,4.1,3.2,Q1,25/103,Q2,Q2,0.57,76.2,89.0,2674.0,HEMATOLOGY; ONCOLOGY,HEMATOLOGY(JIF Q1/JCI Q2) | ONCOLOGY(JIF Q2/JCI Q3),WILEY,Wiley,是,SCIE,混合为主,"订阅路线通常无APC；OnlineOpen常见 USD 3,200-4,700",中,https://authorservices.wiley.com/author-resources/Journal-Authors/open-access/article-publication-charges.html,https://www.google.com/search?q=HEMATOLOGICAL+ONCOLOGY+aims+scope+instructions+for+authors+APC
847,2-Q1且IF小于10,1,Research in Social & Administrative Pharmacy,RES SOC ADMIN PHARM,1551-7411,1934-8150,3.4,3.4,Q1,101/443,Q2,Q2,0.84,77.3,89.0,6064.0,"PUBLIC, ENVIRONMENTAL & OCCUPATIONAL HEALTH","PUBLIC, ENVIRONMENTAL & OCCUPATIONAL HEALTH(JIF Q1/JCI Q2)",ELSEVIER SCIENCE INC,Elsevier,否,SSCI,混合为主,"订阅路线通常无APC；Gold OA常见 USD 2,200-4,200",中,https://www.elsevier.com/open-access/agreements,https://www.google.com/search?q=Research+in+Social+&+Administrative+Pharmacy+aims+scope+instructions+for+authors+APC
848,2-Q1且IF小于10,1,Biofilm,BIOFILM,2590-2075,2590-2075,6.7,7.0,Q1,23/167,Q1,Q1,1.59,86.5,88.0,1835.0,MICROBIOLOGY,MICROBIOLOGY(JIF Q1/JCI Q1),ELSEVIER,Elsevier,否,ESCI,混合为主,"订阅路线通常无APC；Gold OA常见 USD 2,200-4,200",中,https://www.elsevier.com/open-access/agreements,https://www.google.com/search?q=Biofilm+aims+scope+instructions+for+authors+APC
849,2-Q1且IF小于10,1,Sports Medicine-Open,SPORTS MED-OPEN,2199-1170,2198-9761,6.2,6.9,Q1,7/136,Q1,Q1,1.59,95.2,88.0,5424.0,SPORT SCIENCES,SPORT SCIENCES(JIF Q1/JCI Q1),SPRINGER,Springer,是,SCIE,混合为主,"订阅路线通常无APC；选OA约 USD 2,790-4,290",中,https://www.springer.com/gp/open-access,https://www.google.com/search?q=Sports+Medicine-Open+aims+scope+instructions+for+authors+APC
850,2-Q1且IF小于10,1,ANNALS OF ANATOMY-ANATOMISCHER ANZEIGER,ANN ANAT,0940-9602,1618-0402,2.4,2.3,Q1,4/25,Q1,Q1,1.28,86.0,88.0,3766.0,ANATOMY & MORPHOLOGY,ANATOMY & MORPHOLOGY(JIF Q1/JCI Q1),ELSEVIER GMBH,Elsevier,是,SCIE,混合为主,"订阅路线通常无APC；Gold OA常见 USD 2,200-4,200",中,https://www.elsevier.com/open-access/agreements,https://www.google.com/search?q=ANNALS+OF+ANATOMY-ANATOMISCHER+ANZEIGER+aims+scope+instructions+for+authors+APC
851,2-Q1且IF小于10,1,Cell Chemical Biology,CELL CHEM BIOL,2451-9456,2451-9448,9.0,9.2,Q1,32/328,Q1,Q1,1.57,90.4,87.0,10508.0,BIOCHEMISTRY & MOLECULAR BIOLOGY,BIOCHEMISTRY & MOLECULAR BIOLOGY(JIF Q1/JCI Q1),CELL PRESS,其他,是,SCIE,需核实,请查期刊官网 Author / Open Access 页面,未知,,https://www.google.com/search?q=Cell+Chemical+Biology+aims+scope+instructions+for+authors+APC
852,2-Q1且IF小于10,1,Circulation-Cardiovascular Interventions,CIRC-CARDIOVASC INTE,1941-7640,1941-7632,7.2,7.2,Q1,31/237,Q1,Q1,1.69,87.1,87.0,7948.0,CARDIAC & CARDIOVASCULAR SYSTEMS,CARDIAC & CARDIOVASCULAR SYSTEMS(JIF Q1/JCI Q1),LIPPINCOTT WILLIAMS & WILKINS,Wolters Kluwer/LWW,是,SCIE,混合为主,"订阅路线通常无APC；OA常见 USD 2,000-4,000；MEDICINE已拉黑",中,https://wkauthorservices.editage.com/open-access/,https://www.google.com/search?q=Circulation-Cardiovascular+Interventions+aims+scope+instructions+for+authors+APC
853,2-Q1且IF小于10,1,DENTOMAXILLOFACIAL RADIOLOGY,DENTOMAXILLOFAC RAD,0250-832X,1476-542X,4.0,4.4,Q1,23/165,Q1,Q1,1.35,86.4,87.0,5131.0,"DENTISTRY, ORAL SURGERY & MEDICINE; RADIOLOGY, NUCLEAR MEDICINE & MEDICAL IMAGING","DENTISTRY, ORAL SURGERY & MEDICINE(JIF Q1/JCI Q1) | RADIOLOGY, NUCLEAR MEDICINE & MEDICAL IMAGING(JIF Q1/JCI Q1)",OXFORD UNIV PRESS,Oxford UP,是,SCIE,混合为主,订阅路线通常无APC；可选OA，费用因刊而异,中,https://academic.oup.com/pages/open-research/open-access,https://www.google.com/search?q=DENTOMAXILLOFACIAL+RADIOLOGY+aims+scope+instructions+for+authors+APC
854,2-Q1且IF小于10,1,PATHOLOGY,PATHOLOGY,0031-3025,1465-3931,3.9,3.7,Q1,16/89,Q1,Q1,1.2,82.6,87.0,4266.0,PATHOLOGY,PATHOLOGY(JIF Q1/JCI Q1),ELSEVIER,Elsevier,是,SCIE,混合为主,"订阅路线通常无APC；Gold OA常见 USD 2,200-4,200",中,https://www.elsevier.com/open-access/agreements,https://www.google.com/search?q=PATHOLOGY+aims+scope+instructions+for+authors+APC
855,2-Q1且IF小于10,1,Canadian Journal of Anesthesia-Journal canadien d anesthesie,CAN J ANESTH,0832-610X,1496-8975,3.6,3.6,Q1,16/72,Q1,Q1,1.26,78.5,87.0,6915.0,ANESTHESIOLOGY,ANESTHESIOLOGY(JIF Q1/JCI Q1),SPRINGER,Springer,是,SCIE,混合为主,"订阅路线通常无APC；选OA约 USD 2,790-4,290",中,https://www.springer.com/gp/open-access,https://www.google.com/search?q=Canadian+Journal+of+Anesthesia-Journal+canadien+d+anesthesie+aims+scope+instructions+for+authors+APC
856,2-Q1且IF小于10,1,JOURNAL OF TRAUMATIC STRESS,J TRAUMA STRESS,0894-9867,1573-6598,3.4,3.7,Q1,34/184,Q2,Q2,0.9,81.8,87.0,10567.0,"PSYCHIATRY; PSYCHOLOGY, CLINICAL","PSYCHIATRY(JIF Q2/JCI Q2) | PSYCHOLOGY, CLINICAL(JIF Q1/JCI Q2)",WILEY,Wiley,否,SSCI,混合为主,"订阅路线通常无APC；OnlineOpen常见 USD 3,200-4,700",中,https://authorservices.wiley.com/author-resources/Journal-Authors/open-access/article-publication-charges.html,https://www.google.com/search?q=JOURNAL+OF+TRAUMATIC+STRESS+aims+scope+instructions+for+authors+APC
857,2-Q1且IF小于10,1,Journal of Genetics and Genomics,J GENET GENOMICS,1673-8527,1873-5533,7.9,7.7,Q1,15/192,Q1,Q1,1.33,92.4,86.0,5807.0,BIOCHEMISTRY & MOLECULAR BIOLOGY; GENETICS & HEREDITY,BIOCHEMISTRY & MOLECULAR BIOLOGY(JIF Q1/JCI Q1) | GENETICS & HEREDITY(JIF Q1/JCI Q1),SCIENCE PRESS,其他,是,SCIE,需核实,请查期刊官网 Author / Open Access 页面,未知,,https://www.google.com/search?q=Journal+of+Genetics+and+Genomics+aims+scope+instructions+for+authors+APC
858,2-Q1且IF小于10,1,ANNALS OF EMERGENCY MEDICINE,ANN EMERG MED,0196-0644,1097-6760,6.5,6.1,Q1,4/55,Q1,Q1,2.28,93.6,86.0,12936.0,EMERGENCY MEDICINE,EMERGENCY MEDICINE(JIF Q1/JCI Q1),MOSBY-ELSEVIER,Elsevier,是,SCIE,混合为主,"订阅路线通常无APC；Gold OA常见 USD 2,200-4,200",中,https://www.elsevier.com/open-access/agreements,https://www.google.com/search?q=ANNALS+OF+EMERGENCY+MEDICINE+aims+scope+instructions+for+authors+APC
859,2-Q1且IF小于10,1,GeoHealth,GEOHEALTH,2471-1403,2471-1403,5.0,5.2,Q1,53/443,Q1,Q1,1.04,88.1,86.0,2519.0,"PUBLIC, ENVIRONMENTAL & OCCUPATIONAL HEALTH","PUBLIC, ENVIRONMENTAL & OCCUPATIONAL HEALTH(JIF Q1/JCI Q1)",AMER GEOPHYSICAL UNION,其他,是,SCIE,需核实,请查期刊官网 Author / Open Access 页面,未知,,https://www.google.com/search?q=GeoHealth+aims+scope+instructions+for+authors+APC
860,2-Q1且IF小于10,1,PROGRESS IN NEUROBIOLOGY,PROG NEUROBIOL,0301-0082,1873-5118,4.6,7.3,Q1,81/330,Q1,Q1,1.29,75.6,86.0,14421.0,NEUROSCIENCES,NEUROSCIENCES(JIF Q1/JCI Q1),PERGAMON-ELSEVIER SCIENCE LTD,Elsevier,是,SCIE,混合为主,"订阅路线通常无APC；Gold OA常见 USD 2,200-4,200",中,https://www.elsevier.com/open-access/agreements,https://www.google.com/search?q=PROGRESS+IN+NEUROBIOLOGY+aims+scope+instructions+for+authors+APC
861,2-Q1且IF小于10,1,BEHAVIOR THERAPY,BEHAV THER,0005-7894,1878-1888,4.4,5.0,Q1,19/184,Q1,Q1,1.6,89.9,86.0,8105.0,"PSYCHIATRY; PSYCHOLOGY, CLINICAL","PSYCHIATRY(JIF Q1/JCI Q1) | PSYCHOLOGY, CLINICAL(JIF Q1/JCI Q1)",ELSEVIER INC,Elsevier,否,SSCI,混合为主,"订阅路线通常无APC；Gold OA常见 USD 2,200-4,200",中,https://www.elsevier.com/open-access/agreements,https://www.google.com/search?q=BEHAVIOR+THERAPY+aims+scope+instructions+for+authors+APC
862,2-Q1且IF小于10,1,JOURNAL OF HEALTH ECONOMICS,J HEALTH ECON,0167-6296,1879-1646,3.8,4.8,Q1,17/125,Q1,Q1,1.3,86.8,86.0,9256.0,HEALTH CARE SCIENCES & SERVICES; HEALTH POLICY & SERVICES,HEALTH CARE SCIENCES & SERVICES(JIF Q2/JCI Q1) | HEALTH POLICY & SERVICES(JIF Q1/JCI Q1),ELSEVIER,Elsevier,是,SSCI; SCIE,混合为主,"订阅路线通常无APC；Gold OA常见 USD 2,200-4,200",中,https://www.elsevier.com/open-access/agreements,https://www.google.com/search?q=JOURNAL+OF+HEALTH+ECONOMICS+aims+scope+instructions+for+authors+APC
863,2-Q1且IF小于10,1,Hormone Research in Paediatrics,HORM RES PAEDIAT,1663-2818,1663-2826,3.8,3.4,Q1,14/190,Q2,Q2,0.9,92.9,86.0,3709.0,ENDOCRINOLOGY & METABOLISM; PEDIATRICS,ENDOCRINOLOGY & METABOLISM(JIF Q2/JCI Q2) | PEDIATRICS(JIF Q1/JCI Q2),KARGER,Karger,是,SCIE,混合/OA,"因刊而异，常见 USD 2,500-3,800",中,https://karger.com/pages/Open-Access,https://www.google.com/search?q=Hormone+Research+in+Paediatrics+aims+scope+instructions+for+authors+APC
864,2-Q1且IF小于10,1,Journal of Otolaryngology-Head & Neck Surgery,J OTOLARYNGOL-HEAD N,,1916-0216,2.5,2.7,Q1,11/67,Q1,Q1,1.18,84.3,86.0,2748.0,OTORHINOLARYNGOLOGY,OTORHINOLARYNGOLOGY(JIF Q1/JCI Q1),SAGE PUBLICATIONS INC,SAGE,是,SCIE,混合为主,"订阅路线通常无APC；SAGE Choice常见 USD 2,000-4,000",中,https://us.sagepub.com/en-us/nam/sage-choice,https://www.google.com/search?q=Journal+of+Otolaryngology-Head+&+Neck+Surgery+aims+scope+instructions+for+authors+APC
865,2-Q1且IF小于10,1,RESPIROLOGY,RESPIROLOGY,1323-7799,1440-1843,7.2,7.3,Q1,10/107,Q1,Q1,1.65,91.1,85.0,8802.0,RESPIRATORY SYSTEM,RESPIRATORY SYSTEM(JIF Q1/JCI Q1),WILEY,Wiley,是,SCIE,混合为主,"订阅路线通常无APC；OnlineOpen常见 USD 3,200-4,700",中,https://authorservices.wiley.com/author-resources/Journal-Authors/open-access/article-publication-charges.html,https://www.google.com/search?q=RESPIROLOGY+aims+scope+instructions+for+authors+APC
866,2-Q1且IF小于10,1,Journal of Psychopathology and Clinical Science,J PSYCHOPATHOL CLIN,2769-7541,2769-755X,4.6,4.6,Q1,17/184,Q1,Q1,1.47,91.0,85.0,1182.0,"PSYCHIATRY; PSYCHOLOGY, CLINICAL","PSYCHIATRY(JIF Q1/JCI Q1) | PSYCHOLOGY, CLINICAL(JIF Q1/JCI Q1)",AMER PSYCHOLOGICAL ASSOC,其他,否,SSCI,需核实,请查期刊官网 Author / Open Access 页面,未知,,https://www.google.com/search?q=Journal+of+Psychopathology+and+Clinical+Science+aims+scope+instructions+for+authors+APC
867,2-Q1且IF小于10,1,EPIDEMIOLOGY,EPIDEMIOLOGY,1044-3983,1531-5487,4.4,5.4,Q1,60/443,Q1,Q1,1.29,86.6,85.0,16601.0,"PUBLIC, ENVIRONMENTAL & OCCUPATIONAL HEALTH","PUBLIC, ENVIRONMENTAL & OCCUPATIONAL HEALTH(JIF Q1/JCI Q1)",LIPPINCOTT WILLIAMS & WILKINS,Wolters Kluwer/LWW,是,"SCIE, SSCI",混合为主,"订阅路线通常无APC；OA常见 USD 2,000-4,000；MEDICINE已拉黑",中,https://wkauthorservices.editage.com/open-access/,https://www.google.com/search?q=EPIDEMIOLOGY+aims+scope+instructions+for+authors+APC
868,2-Q1且IF小于10,1,NEJM Catalyst Innovations in Care Delivery,NEJM CATAL INNOV CAR,,2642-0007,4.4,3.3,Q1,36/194,Q1,Q1,1.05,81.7,85.0,1113.0,HEALTH CARE SCIENCES & SERVICES,HEALTH CARE SCIENCES & SERVICES(JIF Q1/JCI Q1),MASSACHUSETTS MEDICAL SOC,其他,否,ESCI,需核实,请查期刊官网 Author / Open Access 页面,未知,,https://www.google.com/search?q=NEJM+Catalyst+Innovations+in+Care+Delivery+aims+scope+instructions+for+authors+APC
869,2-Q1且IF小于10,1,GENERAL HOSPITAL PSYCHIATRY,GEN HOSP PSYCHIAT,0163-8343,1873-7714,4.4,5.3,Q1,57/293,Q2,Q2,0.98,80.7,85.0,8301.0,PSYCHIATRY,PSYCHIATRY(JIF Q1/JCI Q2),ELSEVIER SCIENCE INC,Elsevier,是,"SCIE, SSCI",混合为主,"订阅路线通常无APC；Gold OA常见 USD 2,200-4,200",中,https://www.elsevier.com/open-access/agreements,https://www.google.com/search?q=GENERAL+HOSPITAL+PSYCHIATRY+aims+scope+instructions+for+authors+APC
870,2-Q1且IF小于10,1,VIEW,VIEW-CHINA,2688-3988,2688-268X,8.1,7.9,Q1,13/58,Q2,Q2,0.72,78.4,84.0,2065.0,"MATERIALS SCIENCE, BIOMATERIALS","MATERIALS SCIENCE, BIOMATERIALS(JIF Q1/JCI Q2)",WILEY,Wiley,否,ESCI,混合为主,"订阅路线通常无APC；OnlineOpen常见 USD 3,200-4,700",中,https://authorservices.wiley.com/author-resources/Journal-Authors/open-access/article-publication-charges.html,https://www.google.com/search?q=VIEW+aims+scope+instructions+for+authors+APC
871,2-Q1且IF小于10,1,Cardiovascular Intervention and Therapeutics,CARDIOVASC INTERV TH,1868-4300,1868-4297,5.5,3.6,Q1,45/237,Q1,Q1,1.16,81.2,84.0,1451.0,CARDIAC & CARDIOVASCULAR SYSTEMS,CARDIAC & CARDIOVASCULAR SYSTEMS(JIF Q1/JCI Q1),SPRINGER JAPAN KK,Springer,否,ESCI,混合为主,"订阅路线通常无APC；选OA约 USD 2,790-4,290",中,https://www.springer.com/gp/open-access,https://www.google.com/search?q=Cardiovascular+Intervention+and+Therapeutics+aims+scope+instructions+for+authors+APC
872,2-Q1且IF小于10,1,AMERICAN JOURNAL OF NEPHROLOGY,AM J NEPHROL,0250-8095,1421-9670,3.8,4.2,Q1,25/134,Q1,Q1,1.19,81.7,84.0,5641.0,UROLOGY & NEPHROLOGY,UROLOGY & NEPHROLOGY(JIF Q1/JCI Q1),KARGER,Karger,是,SCIE,混合/OA,"因刊而异，常见 USD 2,500-3,800",中,https://karger.com/pages/Open-Access,https://www.google.com/search?q=AMERICAN+JOURNAL+OF+NEPHROLOGY+aims+scope+instructions+for+authors+APC
873,2-Q1且IF小于10,1,Pediatric Obesity,PEDIATR OBES,2047-6302,2047-6310,2.5,3.0,Q1,43/190,Q1,Q1,1.28,77.6,84.0,3454.0,PEDIATRICS,PEDIATRICS(JIF Q1/JCI Q1),WILEY,Wiley,是,SCIE,混合为主,"订阅路线通常无APC；OnlineOpen常见 USD 3,200-4,700",中,https://authorservices.wiley.com/author-resources/Journal-Authors/open-access/article-publication-charges.html,https://www.google.com/search?q=Pediatric+Obesity+aims+scope+instructions+for+authors+APC
874,2-Q1且IF小于10,1,EuroIntervention,EUROINTERVENTION,1774-024X,1969-6213,9.2,8.4,Q1,21/237,Q1,Q1,2.19,91.4,83.0,9470.0,CARDIAC & CARDIOVASCULAR SYSTEMS,CARDIAC & CARDIOVASCULAR SYSTEMS(JIF Q1/JCI Q1),EUROPA EDITION,其他,是,SCIE,需核实,请查期刊官网 Author / Open Access 页面,未知,,https://www.google.com/search?q=EuroIntervention+aims+scope+instructions+for+authors+APC
875,2-Q1且IF小于10,1,Ocular Surface,OCUL SURF,1542-0124,1937-5913,6.6,6.9,Q1,6/98,Q1,Q1,2.51,94.4,83.0,8028.0,OPHTHALMOLOGY,OPHTHALMOLOGY(JIF Q1/JCI Q1),ELSEVIER,Elsevier,是,SCIE,混合为主,"订阅路线通常无APC；Gold OA常见 USD 2,200-4,200",中,https://www.elsevier.com/open-access/agreements,https://www.google.com/search?q=Ocular+Surface+aims+scope+instructions+for+authors+APC
876,2-Q1且IF小于10,1,JOURNAL DER DEUTSCHEN DERMATOLOGISCHEN GESELLSCHAFT,J DTSCH DERMATOL GES,1610-0379,1610-0387,5.0,4.8,Q1,10/99,Q1,Q1,1.48,90.4,83.0,4319.0,DERMATOLOGY,DERMATOLOGY(JIF Q1/JCI Q1),WILEY,Wiley,是,SCIE,混合为主,"订阅路线通常无APC；OnlineOpen常见 USD 3,200-4,700",中,https://authorservices.wiley.com/author-resources/Journal-Authors/open-access/article-publication-charges.html,https://www.google.com/search?q=JOURNAL+DER+DEUTSCHEN+DERMATOLOGISCHEN+GESELLSCHAFT+aims+scope+instructions+for+authors+APC
877,2-Q1且IF小于10,1,CURRENT OPINION IN NEUROLOGY,CURR OPIN NEUROL,1350-7540,1473-6551,4.7,4.5,Q1,46/296,Q2,Q2,0.91,84.6,83.0,6465.0,CLINICAL NEUROLOGY; NEUROSCIENCES,CLINICAL NEUROLOGY(JIF Q1/JCI Q2) | NEUROSCIENCES(JIF Q1/JCI Q2),LIPPINCOTT WILLIAMS & WILKINS,Wolters Kluwer/LWW,是,SCIE,混合为主,"订阅路线通常无APC；OA常见 USD 2,000-4,000；MEDICINE已拉黑",中,https://wkauthorservices.editage.com/open-access/,https://www.google.com/search?q=CURRENT+OPINION+IN+NEUROLOGY+aims+scope+instructions+for+authors+APC
878,2-Q1且IF小于10,1,Internet Interventions-The Application of Information Technology in Mental and Behavioural Health,INTERNET INTERV,,2214-7829,3.8,4.7,Q1,27/184,Q1,Q1,1.07,85.6,83.0,3562.0,"HEALTH CARE SCIENCES & SERVICES; MEDICAL INFORMATICS; PSYCHIATRY; PSYCHOLOGY, CLINICAL","HEALTH CARE SCIENCES & SERVICES(JIF Q2/JCI Q1) | MEDICAL INFORMATICS(JIF Q3/JCI Q2) | PSYCHIATRY(JIF Q2/JCI Q1) | PSYCHOLOGY, CLINICAL(JIF Q1/JCI Q1)",ELSEVIER,Elsevier,是,SCIE; SSCI,混合为主,"订阅路线通常无APC；Gold OA常见 USD 2,200-4,200",中,https://www.elsevier.com/open-access/agreements,https://www.google.com/search?q=Internet+Interventions-The+Application+of+Information+Technology+in+Mental+and+Behavioural+Health+aims+scope+instructions+for+authors+APC
879,2-Q1且IF小于10,1,Annals of Hepatology,ANN HEPATOL,1665-2681,1665-2681,6.2,4.7,Q1,23/153,Q1,Q1,1.17,85.3,82.0,4653.0,GASTROENTEROLOGY & HEPATOLOGY,GASTROENTEROLOGY & HEPATOLOGY(JIF Q1/JCI Q1),ELSEVIER ESPANA,Elsevier,是,SCIE,混合为主,"订阅路线通常无APC；Gold OA常见 USD 2,200-4,200",中,https://www.elsevier.com/open-access/agreements,https://www.google.com/search?q=Annals+of+Hepatology+aims+scope+instructions+for+authors+APC
880,2-Q1且IF小于10,1,RSC Pharmaceutics,RSC PHARM,,2976-8713,5.5,5.5,Q1,56/356,Q1,Q1,1.15,84.4,82.0,667.0,PHARMACOLOGY & PHARMACY,PHARMACOLOGY & PHARMACY(JIF Q1/JCI Q1),ROYAL SOC CHEMISTRY,其他,否,ESCI,需核实,请查期刊官网 Author / Open Access 页面,未知,,https://www.google.com/search?q=RSC+Pharmaceutics+aims+scope+instructions+for+authors+APC
881,2-Q1且IF小于10,1,JCPP Advances,JCPP ADV,2692-9384,2692-9384,4.1,4.3,Q1,12/93,Q1,Q1,1.16,77.6,82.0,1050.0,PSYCHIATRY,PSYCHIATRY(JIF Q1/JCI Q1),WILEY,Wiley,否,ESCI,混合为主,"订阅路线通常无APC；OnlineOpen常见 USD 3,200-4,700",中,https://authorservices.wiley.com/author-resources/Journal-Authors/open-access/article-publication-charges.html,https://www.google.com/search?q=JCPP+Advances+aims+scope+instructions+for+authors+APC
882,2-Q1且IF小于10,1,EJNMMI Radiopharmacy and Chemistry,EJNMMI RADIOPHARM CH,,2365-421X,3.7,4.2,Q1,50/217,Q2,Q2,0.85,77.2,82.0,1303.0,"CHEMISTRY, MEDICINAL; RADIOLOGY, NUCLEAR MEDICINE & MEDICAL IMAGING","CHEMISTRY, MEDICINAL(JIF Q2/JCI Q2) | RADIOLOGY, NUCLEAR MEDICINE & MEDICAL IMAGING(JIF Q1/JCI Q2)",SPRINGERNATURE,Springer Nature,否,ESCI,混合/全OA,"全OA约 USD 2,090-3,490；Nature系更高；Scientific Reports已拉黑",中高,https://www.springernature.com/gp/open-research/journals-books/journals,https://www.google.com/search?q=EJNMMI+Radiopharmacy+and+Chemistry+aims+scope+instructions+for+authors+APC
883,2-Q1且IF小于10,1,Journal of the Pediatric Infectious Diseases Society,J PEDIAT INF DIS SOC,2048-7193,2048-7207,3.3,2.5,Q1,27/190,Q1,Q1,1.07,86.1,82.0,2830.0,INFECTIOUS DISEASES; PEDIATRICS,INFECTIOUS DISEASES(JIF Q2/JCI Q1) | PEDIATRICS(JIF Q1/JCI Q1),OXFORD UNIV PRESS,Oxford UP,是,SCIE,混合为主,订阅路线通常无APC；可选OA，费用因刊而异,中,https://academic.oup.com/pages/open-research/open-access,https://www.google.com/search?q=Journal+of+the+Pediatric+Infectious+Diseases+Society+aims+scope+instructions+for+authors+APC
884,2-Q1且IF小于10,1,Circulation-Heart Failure,CIRC-HEART FAIL,1941-3289,1941-3297,8.3,9.8,Q1,26/237,Q1,Q1,2.1,89.2,81.0,11196.0,CARDIAC & CARDIOVASCULAR SYSTEMS,CARDIAC & CARDIOVASCULAR SYSTEMS(JIF Q1/JCI Q1),LIPPINCOTT WILLIAMS & WILKINS,Wolters Kluwer/LWW,是,SCIE,混合为主,"订阅路线通常无APC；OA常见 USD 2,000-4,000；MEDICINE已拉黑",中,https://wkauthorservices.editage.com/open-access/,https://www.google.com/search?q=Circulation-Heart+Failure+aims+scope+instructions+for+authors+APC
885,2-Q1且IF小于10,1,PSYCHIATRY AND CLINICAL NEUROSCIENCES,PSYCHIAT CLIN NEUROS,1323-1316,1440-1819,5.9,6.8,Q1,28/296,Q1,Q1,1.25,90.7,81.0,6027.0,CLINICAL NEUROLOGY; NEUROSCIENCES; PSYCHIATRY,CLINICAL NEUROLOGY(JIF Q1/JCI Q1) | NEUROSCIENCES(JIF Q1/JCI Q1) | PSYCHIATRY(JIF Q1/JCI Q1),WILEY,Wiley,是,SCIE,混合为主,"订阅路线通常无APC；OnlineOpen常见 USD 3,200-4,700",中,https://authorservices.wiley.com/author-resources/Journal-Authors/open-access/article-publication-charges.html,https://www.google.com/search?q=PSYCHIATRY+AND+CLINICAL+NEUROSCIENCES+aims+scope+instructions+for+authors+APC
886,2-Q1且IF小于10,1,DERMATOLOGY,DERMATOLOGY,1018-8665,1421-9832,3.6,3.9,Q1,21/99,Q2,Q2,1.11,79.3,81.0,6081.0,DERMATOLOGY,DERMATOLOGY(JIF Q1/JCI Q2),KARGER,Karger,是,SCIE,混合/OA,"因刊而异，常见 USD 2,500-3,800",中,https://karger.com/pages/Open-Access,https://www.google.com/search?q=DERMATOLOGY+aims+scope+instructions+for+authors+APC
887,2-Q1且IF小于10,1,Paediatrics & Child Health,PAED CHILD HEALT-CAN,1205-7088,1918-1485,2.5,2.3,Q1,43/190,Q3,Q3,0.58,77.6,81.0,2826.0,PEDIATRICS,PEDIATRICS(JIF Q1/JCI Q3),OXFORD UNIV PRESS INC,Oxford UP,是,SCIE,混合为主,订阅路线通常无APC；可选OA，费用因刊而异,中,https://academic.oup.com/pages/open-research/open-access,https://www.google.com/search?q=Paediatrics+&+Child+Health+aims+scope+instructions+for+authors+APC
888,2-Q1且IF小于10,1,Current Neuropharmacology,CURR NEUROPHARMACOL,1570-159X,1875-6190,6.1,7.7,Q1,43/356,Q2,Q2,0.89,88.1,80.0,10789.0,NEUROSCIENCES; PHARMACOLOGY & PHARMACY,NEUROSCIENCES(JIF Q1/JCI Q2) | PHARMACOLOGY & PHARMACY(JIF Q1/JCI Q2),BENTHAM SCIENCE PUBL LTD,其他,是,SCIE,需核实,请查期刊官网 Author / Open Access 页面,未知,,https://www.google.com/search?q=Current+Neuropharmacology+aims+scope+instructions+for+authors+APC
889,2-Q1且IF小于10,1,VIROLOGICA SINICA,VIROL SIN,1674-0769,1995-820X,4.7,4.6,Q1,6/44,Q1,Q1,1.05,87.5,80.0,3121.0,VIROLOGY,VIROLOGY(JIF Q1/JCI Q1),KEAI PUBLISHING LTD,其他,是,SCIE,需核实,请查期刊官网 Author / Open Access 页面,未知,,https://www.google.com/search?q=VIROLOGICA+SINICA+aims+scope+instructions+for+authors+APC
890,2-Q1且IF小于10,1,JOURNAL OF URBAN HEALTH-BULLETIN OF THE NEW YORK ACADEMY OF MEDICINE,J URBAN HEALTH,1099-3460,1468-2869,3.2,4.3,Q1,68/336,Q1,Q1,1.04,79.9,80.0,6263.0,"MEDICINE, GENERAL & INTERNAL; PUBLIC, ENVIRONMENTAL & OCCUPATIONAL HEALTH","MEDICINE, GENERAL & INTERNAL(JIF Q1/JCI Q1) | PUBLIC, ENVIRONMENTAL & OCCUPATIONAL HEALTH(JIF Q2/JCI Q1)",SPRINGER,Springer,是,SCIE,混合为主,"订阅路线通常无APC；选OA约 USD 2,790-4,290",中,https://www.springer.com/gp/open-access,https://www.google.com/search?q=JOURNAL+OF+URBAN+HEALTH-BULLETIN+OF+THE+NEW+YORK+ACADEMY+OF+MEDICINE+aims+scope+instructions+for+authors+APC
891,2-Q1且IF小于10,1,Hepatology International,HEPATOL INT,1936-0533,1936-0541,7.8,7.1,Q1,19/153,Q1,Q1,1.49,87.9,79.0,6964.0,GASTROENTEROLOGY & HEPATOLOGY,GASTROENTEROLOGY & HEPATOLOGY(JIF Q1/JCI Q1),SPRINGER,Springer,是,SCIE,混合为主,"订阅路线通常无APC；选OA约 USD 2,790-4,290",中,https://www.springer.com/gp/open-access,https://www.google.com/search?q=Hepatology+International+aims+scope+instructions+for+authors+APC
892,2-Q1且IF小于10,1,Molecular Systems Biology,MOL SYST BIOL,1744-4292,1744-4292,6.7,8.8,Q1,53/328,Q1,Q1,1.42,84.0,79.0,10364.0,BIOCHEMISTRY & MOLECULAR BIOLOGY,BIOCHEMISTRY & MOLECULAR BIOLOGY(JIF Q1/JCI Q1),SPRINGERNATURE,Springer Nature,是,SCIE,混合/全OA,"全OA约 USD 2,090-3,490；Nature系更高；Scientific Reports已拉黑",中高,https://www.springernature.com/gp/open-research/journals-books/journals,https://www.google.com/search?q=Molecular+Systems+Biology+aims+scope+instructions+for+authors+APC
893,2-Q1且IF小于10,1,Journal of Diabetes,J DIABETES,1753-0393,1753-0407,5.9,4.9,Q1,33/198,Q1,Q1,0.95,83.6,79.0,3925.0,ENDOCRINOLOGY & METABOLISM,ENDOCRINOLOGY & METABOLISM(JIF Q1/JCI Q1),WILEY,Wiley,是,SCIE,混合为主,"订阅路线通常无APC；OnlineOpen常见 USD 3,200-4,700",中,https://authorservices.wiley.com/author-resources/Journal-Authors/open-access/article-publication-charges.html,https://www.google.com/search?q=Journal+of+Diabetes+aims+scope+instructions+for+authors+APC
894,2-Q1且IF小于10,1,CELLULAR ONCOLOGY,CELL ONCOL,2211-3428,2211-3436,5.6,5.8,Q1,5/89,Q1,Q1,1.12,94.9,79.0,4465.0,CELL BIOLOGY; ONCOLOGY; PATHOLOGY,CELL BIOLOGY(JIF Q2/JCI Q1) | ONCOLOGY(JIF Q1/JCI Q1) | PATHOLOGY(JIF Q1/JCI Q1),SPRINGER,Springer,是,SCIE,混合为主,"订阅路线通常无APC；选OA约 USD 2,790-4,290",中,https://www.springer.com/gp/open-access,https://www.google.com/search?q=CELLULAR+ONCOLOGY+aims+scope+instructions+for+authors+APC
895,2-Q1且IF小于10,1,European Journal of Cardiovascular Nursing,EUR J CARDIOVASC NUR,1474-5151,1873-1953,5.4,4.7,Q1,3/194,Q1,Q1,1.3,98.7,79.0,4224.0,CARDIAC & CARDIOVASCULAR SYSTEMS; NURSING,CARDIAC & CARDIOVASCULAR SYSTEMS(JIF Q1/JCI Q1) | NURSING(JIF Q1/JCI Q1),OXFORD UNIV PRESS,Oxford UP,是,"SCIE; SCIE, SSCI",混合为主,订阅路线通常无APC；可选OA，费用因刊而异,中,https://academic.oup.com/pages/open-research/open-access,https://www.google.com/search?q=European+Journal+of+Cardiovascular+Nursing+aims+scope+instructions+for+authors+APC
896,2-Q1且IF小于10,1,npj Genomic Medicine,NPJ GENOM MED,,2056-7944,5.3,5.5,Q1,34/192,Q1,Q1,1.28,82.6,79.0,2454.0,GENETICS & HEREDITY,GENETICS & HEREDITY(JIF Q1/JCI Q1),NATURE PORTFOLIO,Springer Nature,是,SCIE,混合/全OA,"全OA约 USD 2,090-3,490；Nature系更高；Scientific Reports已拉黑",中高,https://www.springernature.com/gp/open-research/journals-books/journals,https://www.google.com/search?q=npj+Genomic+Medicine+aims+scope+instructions+for+authors+APC
897,2-Q1且IF小于10,1,Annals of Global Health,ANN GLOB HEALTH,2214-9996,2214-9996,5.1,4.1,Q1,51/443,Q1,Q1,1.08,88.6,79.0,3799.0,"PUBLIC, ENVIRONMENTAL & OCCUPATIONAL HEALTH","PUBLIC, ENVIRONMENTAL & OCCUPATIONAL HEALTH(JIF Q1/JCI Q1)",UBIQUITY PRESS LTD,其他,是,SCIE,需核实,请查期刊官网 Author / Open Access 页面,未知,,https://www.google.com/search?q=Annals+of+Global+Health+aims+scope+instructions+for+authors+APC
898,2-Q1且IF小于10,1,JOURNAL OF MOLECULAR MEDICINE-JMM,J MOL MED,0946-2716,1432-1440,5.0,5.3,Q1,36/192,Q2,Q2,0.89,81.5,79.0,9084.0,"GENETICS & HEREDITY; MEDICINE, RESEARCH & EXPERIMENTAL","GENETICS & HEREDITY(JIF Q1/JCI Q2) | MEDICINE, RESEARCH & EXPERIMENTAL(JIF Q2/JCI Q2)",SPRINGER HEIDELBERG,Springer,是,SCIE,混合为主,"订阅路线通常无APC；选OA约 USD 2,790-4,290",中,https://www.springer.com/gp/open-access,https://www.google.com/search?q=JOURNAL+OF+MOLECULAR+MEDICINE-JMM+aims+scope+instructions+for+authors+APC
899,2-Q1且IF小于10,1,CLINICAL MEDICINE,CLIN MED,1470-2118,1473-4893,3.9,4.2,Q1,59/336,Q1,Q1,1.6,82.6,79.0,6122.0,"MEDICINE, GENERAL & INTERNAL","MEDICINE, GENERAL & INTERNAL(JIF Q1/JCI Q1)",ROY COLL PHYS LONDON EDITORIAL OFFICE,其他,是,SCIE,需核实,请查期刊官网 Author / Open Access 页面,未知,,https://www.google.com/search?q=CLINICAL+MEDICINE+aims+scope+instructions+for+authors+APC
900,2-Q1且IF小于10,1,Frontiers in Big Data,FRONT BIG DATA,,2624-909X,3.8,4.0,Q1,30/140,Q2,Q2,0.52,78.9,79.0,2258.0,MULTIDISCIPLINARY SCIENCES,MULTIDISCIPLINARY SCIENCES(JIF Q1/JCI Q2),FRONTIERS MEDIA SA,Frontiers,否,ESCI,全OA,"约 CHF 1,495-3,150（Frontiers in Medicine A类=CHF 3,150）",高,https://www.frontiersin.org/about/fee-policy,https://www.google.com/search?q=Frontiers+in+Big+Data+aims+scope+instructions+for+authors+APC
901,2-Q1且IF小于10,1,HEALTH POLICY AND PLANNING,HEALTH POLICY PLANN,0268-1080,1460-2237,3.5,4.2,Q1,21/125,Q1,Q1,0.99,83.6,79.0,7635.0,HEALTH CARE SCIENCES & SERVICES; HEALTH POLICY & SERVICES,HEALTH CARE SCIENCES & SERVICES(JIF Q2/JCI Q2) | HEALTH POLICY & SERVICES(JIF Q1/JCI Q1),OXFORD UNIV PRESS,Oxford UP,是,SCIE; SSCI,混合为主,订阅路线通常无APC；可选OA，费用因刊而异,中,https://academic.oup.com/pages/open-research/open-access,https://www.google.com/search?q=HEALTH+POLICY+AND+PLANNING+aims+scope+instructions+for+authors+APC
902,2-Q1且IF小于10,1,PSYCHOLOGICAL ASSESSMENT,PSYCHOL ASSESSMENT,1040-3590,1939-134X,3.1,4.4,Q1,43/184,Q1,Q1,1.27,76.9,79.0,17496.0,"PSYCHOLOGY, CLINICAL","PSYCHOLOGY, CLINICAL(JIF Q1/JCI Q1)",AMER PSYCHOLOGICAL ASSOC,其他,否,SSCI,需核实,请查期刊官网 Author / Open Access 页面,未知,,https://www.google.com/search?q=PSYCHOLOGICAL+ASSESSMENT+aims+scope+instructions+for+authors+APC
903,2-Q1且IF小于10,1,APOPTOSIS,APOPTOSIS,1360-8185,1573-675X,9.0,9.2,Q1,32/328,Q1,Q1,1.16,90.4,78.0,8879.0,BIOCHEMISTRY & MOLECULAR BIOLOGY; CELL BIOLOGY,BIOCHEMISTRY & MOLECULAR BIOLOGY(JIF Q1/JCI Q1) | CELL BIOLOGY(JIF Q1/JCI Q1),SPRINGER,Springer,是,SCIE,混合为主,"订阅路线通常无APC；选OA约 USD 2,790-4,290",中,https://www.springer.com/gp/open-access,https://www.google.com/search?q=APOPTOSIS+aims+scope+instructions+for+authors+APC
904,2-Q1且IF小于10,1,Journal of Exposure Science and Environmental Epidemiology,J EXPO SCI ENV EPID,1559-0631,1559-064X,5.9,5.4,Q1,34/443,Q1,Q1,1.2,92.4,78.0,6825.0,"PUBLIC, ENVIRONMENTAL & OCCUPATIONAL HEALTH; TOXICOLOGY","PUBLIC, ENVIRONMENTAL & OCCUPATIONAL HEALTH(JIF Q1/JCI Q1) | TOXICOLOGY(JIF Q1/JCI Q1)",SPRINGERNATURE,Springer Nature,是,SCIE,混合/全OA,"全OA约 USD 2,090-3,490；Nature系更高；Scientific Reports已拉黑",中高,https://www.springernature.com/gp/open-research/journals-books/journals,https://www.google.com/search?q=Journal+of+Exposure+Science+and+Environmental+Epidemiology+aims+scope+instructions+for+authors+APC
905,2-Q1且IF小于10,1,Clinical Epidemiology,CLIN EPIDEMIOL,1179-1349,1179-1349,4.3,4.8,Q1,66/443,Q1,Q1,1.19,85.2,78.0,6859.0,"PUBLIC, ENVIRONMENTAL & OCCUPATIONAL HEALTH","PUBLIC, ENVIRONMENTAL & OCCUPATIONAL HEALTH(JIF Q1/JCI Q1)",DOVE MEDICAL PRESS LTD,其他,是,SCIE,需核实,请查期刊官网 Author / Open Access 页面,未知,,https://www.google.com/search?q=Clinical+Epidemiology+aims+scope+instructions+for+authors+APC
906,2-Q1且IF小于10,1,AUSTRALIAN AND NEW ZEALAND JOURNAL OF PSYCHIATRY,AUST NZ J PSYCHIAT,0004-8674,1440-1614,4.1,5.3,Q1,66/293,Q2,Q2,0.99,77.6,78.0,9187.0,PSYCHIATRY,PSYCHIATRY(JIF Q1/JCI Q2),SAGE PUBLICATIONS LTD,SAGE,是,"SCIE, SSCI",混合为主,"订阅路线通常无APC；SAGE Choice常见 USD 2,000-4,000",中,https://us.sagepub.com/en-us/nam/sage-choice,https://www.google.com/search?q=AUSTRALIAN+AND+NEW+ZEALAND+JOURNAL+OF+PSYCHIATRY+aims+scope+instructions+for+authors+APC
907,2-Q1且IF小于10,1,Biomolecules & Therapeutics,BIOMOL THER,1976-9148,2005-4483,4.9,4.2,Q1,74/356,Q2,Q2,0.81,79.4,77.0,3570.0,PHARMACOLOGY & PHARMACY,PHARMACOLOGY & PHARMACY(JIF Q1/JCI Q2),KOREAN SOC APPLIED PHARMACOLOGY,其他,是,SCIE,需核实,请查期刊官网 Author / Open Access 页面,未知,,https://www.google.com/search?q=Biomolecules+&+Therapeutics+aims+scope+instructions+for+authors+APC
908,2-Q1且IF小于10,1,Forecasting,FORECASTING-BASEL,,2571-9394,4.2,3.3,Q1,26/140,Q2,Q2,0.7,81.8,77.0,809.0,MULTIDISCIPLINARY SCIENCES,MULTIDISCIPLINARY SCIENCES(JIF Q1/JCI Q2),MDPI,MDPI,否,ESCI,全OA,"约 CHF 1,600-2,900（如 JCM=CHF 2,600）",高,https://www.mdpi.com/about/apc,https://www.google.com/search?q=Forecasting+aims+scope+instructions+for+authors+APC
909,2-Q1且IF小于10,1,Performance Enhancement & Health,PERFORM ENHANC HLTH,2211-2669,2211-2669,4.1,,Q1,15/136,Q1,Q1,1.21,89.3,77.0,511.0,SPORT SCIENCES; SUBSTANCE ABUSE,SPORT SCIENCES(JIF Q1/JCI Q1) | SUBSTANCE ABUSE(JIF Q1/JCI Q1),ELSEVIER,Elsevier,否,ESCI,混合为主,"订阅路线通常无APC；Gold OA常见 USD 2,200-4,200",中,https://www.elsevier.com/open-access/agreements,https://www.google.com/search?q=Performance+Enhancement+&+Health+aims+scope+instructions+for+authors+APC
910,2-Q1且IF小于10,1,PAIN MEDICINE,PAIN MED,1526-2375,1526-4637,4.0,4.0,Q1,12/72,Q1,Q1,1.15,84.0,77.0,11289.0,"ANESTHESIOLOGY; MEDICINE, GENERAL & INTERNAL","ANESTHESIOLOGY(JIF Q1/JCI Q1) | MEDICINE, GENERAL & INTERNAL(JIF Q1/JCI Q1)",OXFORD UNIV PRESS,Oxford UP,是,SCIE,混合为主,订阅路线通常无APC；可选OA，费用因刊而异,中,https://academic.oup.com/pages/open-research/open-access,https://www.google.com/search?q=PAIN+MEDICINE+aims+scope+instructions+for+authors+APC
911,2-Q1且IF小于10,1,BIOSCIENCE,BIOSCIENCE,0006-3568,1525-3244,9.5,12.2,Q1,4/106,Q1,Q1,2.15,96.7,76.0,22849.0,BIOLOGY,BIOLOGY(JIF Q1/JCI Q1),OXFORD UNIV PRESS,Oxford UP,是,SCIE,混合为主,订阅路线通常无APC；可选OA，费用因刊而异,中,https://academic.oup.com/pages/open-research/open-access,https://www.google.com/search?q=BIOSCIENCE+aims+scope+instructions+for+authors+APC
912,2-Q1且IF小于10,1,Circulation-Arrhythmia and Electrophysiology,CIRC-ARRHYTHMIA ELEC,1941-3149,1941-3084,9.3,9.3,Q1,20/237,Q1,Q1,2.24,91.8,76.0,9848.0,CARDIAC & CARDIOVASCULAR SYSTEMS,CARDIAC & CARDIOVASCULAR SYSTEMS(JIF Q1/JCI Q1),LIPPINCOTT WILLIAMS & WILKINS,Wolters Kluwer/LWW,是,SCIE,混合为主,"订阅路线通常无APC；OA常见 USD 2,000-4,000；MEDICINE已拉黑",中,https://wkauthorservices.editage.com/open-access/,https://www.google.com/search?q=Circulation-Arrhythmia+and+Electrophysiology+aims+scope+instructions+for+authors+APC
913,2-Q1且IF小于10,1,NPJ Microgravity,NPJ MICROGRAVITY,,2373-8065,4.9,5.5,Q1,21/140,Q1,Q1,0.97,85.4,76.0,2500.0,MULTIDISCIPLINARY SCIENCES,MULTIDISCIPLINARY SCIENCES(JIF Q1/JCI Q1),NATURE PORTFOLIO,Springer Nature,是,SCIE,混合/全OA,"全OA约 USD 2,090-3,490；Nature系更高；Scientific Reports已拉黑",中高,https://www.springernature.com/gp/open-research/journals-books/journals,https://www.google.com/search?q=NPJ+Microgravity+aims+scope+instructions+for+authors+APC
914,2-Q1且IF小于10,1,JOURNAL OF RENAL NUTRITION,J RENAL NUTR,1051-2276,1532-8503,4.0,3.7,Q1,23/134,Q1,Q1,1.02,83.2,76.0,3475.0,NUTRITION & DIETETICS; UROLOGY & NEPHROLOGY,NUTRITION & DIETETICS(JIF Q2/JCI Q1) | UROLOGY & NEPHROLOGY(JIF Q1/JCI Q1),W B SAUNDERS CO-ELSEVIER INC,Elsevier,是,SCIE,混合为主,"订阅路线通常无APC；Gold OA常见 USD 2,200-4,200",中,https://www.elsevier.com/open-access/agreements,https://www.google.com/search?q=JOURNAL+OF+RENAL+NUTRITION+aims+scope+instructions+for+authors+APC
915,2-Q1且IF小于10,1,American Journal of Obstetrics & Gynecology MFM,AM J OBST GYNEC MFM,2589-9333,2589-9333,3.6,3.8,Q1,23/143,Q1,Q1,1.14,84.3,76.0,4039.0,OBSTETRICS & GYNECOLOGY,OBSTETRICS & GYNECOLOGY(JIF Q1/JCI Q1),ELSEVIER,Elsevier,是,SCIE,混合为主,"订阅路线通常无APC；Gold OA常见 USD 2,200-4,200",中,https://www.elsevier.com/open-access/agreements,https://www.google.com/search?q=American+Journal+of+Obstetrics+&+Gynecology+MFM+aims+scope+instructions+for+authors+APC
916,2-Q1且IF小于10,1,COGNITIVE BEHAVIOUR THERAPY,COGN BEHAV THERAPY,1650-6073,1651-2316,3.4,3.9,Q1,34/184,Q1,Q1,1.01,81.8,76.0,2738.0,"PSYCHOLOGY, CLINICAL","PSYCHOLOGY, CLINICAL(JIF Q1/JCI Q1)","ROUTLEDGE JOURNALS, TAYLOR & FRANCIS LTD",Taylor & Francis,否,SSCI,混合为主,"订阅路线通常无APC；Open Select常见 USD 2,500-3,500",中,https://authorservices.taylorandfrancis.com/publishing-open-access/,https://www.google.com/search?q=COGNITIVE+BEHAVIOUR+THERAPY+aims+scope+instructions+for+authors+APC
917,2-Q1且IF小于10,1,Journal of Psychiatric and Mental Health Nursing,J PSYCHIATR MENT HLT,1351-0126,1365-2850,3.1,3.6,Q1,28/194,Q2,Q2,0.84,85.8,76.0,4175.0,NURSING; PSYCHIATRY,NURSING(JIF Q1/JCI Q2) | PSYCHIATRY(JIF Q2/JCI Q2),WILEY,Wiley,是,"SCIE, SSCI",混合为主,"订阅路线通常无APC；OnlineOpen常见 USD 3,200-4,700",中,https://authorservices.wiley.com/author-resources/Journal-Authors/open-access/article-publication-charges.html,https://www.google.com/search?q=Journal+of+Psychiatric+and+Mental+Health+Nursing+aims+scope+instructions+for+authors+APC
918,2-Q1且IF小于10,1,INTERNATIONAL JOURNAL OF MOLECULAR MEDICINE,INT J MOL MED,1107-3756,1791-244X,8.5,6.2,Q1,22/191,Q1,Q1,1.26,88.7,75.0,17861.0,"MEDICINE, RESEARCH & EXPERIMENTAL","MEDICINE, RESEARCH & EXPERIMENTAL(JIF Q1/JCI Q1)",SPANDIDOS PUBL LTD,其他,是,SCIE,需核实,请查期刊官网 Author / Open Access 页面,未知,,https://www.google.com/search?q=INTERNATIONAL+JOURNAL+OF+MOLECULAR+MEDICINE+aims+scope+instructions+for+authors+APC
919,2-Q1且IF小于10,1,JOURNAL OF THE AMERICAN SOCIETY OF ECHOCARDIOGRAPHY,J AM SOC ECHOCARDIOG,0894-7317,,8.3,6.6,Q1,26/237,Q1,Q1,1.78,89.2,75.0,13120.0,CARDIAC & CARDIOVASCULAR SYSTEMS,CARDIAC & CARDIOVASCULAR SYSTEMS(JIF Q1/JCI Q1),MOSBY-ELSEVIER,Elsevier,是,SCIE,混合为主,"订阅路线通常无APC；Gold OA常见 USD 2,200-4,200",中,https://www.elsevier.com/open-access/agreements,https://www.google.com/search?q=JOURNAL+OF+THE+AMERICAN+SOCIETY+OF+ECHOCARDIOGRAPHY+aims+scope+instructions+for+authors+APC
920,2-Q1且IF小于10,1,European Thyroid Journal,EUR THYROID J,2235-0640,2235-0802,4.9,4.7,Q1,49/198,Q1,Q1,0.96,75.5,75.0,2719.0,ENDOCRINOLOGY & METABOLISM,ENDOCRINOLOGY & METABOLISM(JIF Q1/JCI Q1),BIOSCIENTIFICA LTD,其他,是,SCIE,需核实,请查期刊官网 Author / Open Access 页面,未知,,https://www.google.com/search?q=European+Thyroid+Journal+aims+scope+instructions+for+authors+APC
921,2-Q1且IF小于10,1,MEDICAL CLINICS OF NORTH AMERICA,MED CLIN N AM,0025-7125,1557-9859,4.5,7.1,Q1,49/336,Q1,Q1,1.16,85.6,75.0,6839.0,"MEDICINE, GENERAL & INTERNAL","MEDICINE, GENERAL & INTERNAL(JIF Q1/JCI Q1)",W B SAUNDERS CO-ELSEVIER INC,Elsevier,是,SCIE,混合为主,"订阅路线通常无APC；Gold OA常见 USD 2,200-4,200",中,https://www.elsevier.com/open-access/agreements,https://www.google.com/search?q=MEDICAL+CLINICS+OF+NORTH+AMERICA+aims+scope+instructions+for+authors+APC
922,2-Q1且IF小于10,1,GENETICS SELECTION EVOLUTION,GENET SEL EVOL,0999-193X,1297-9686,4.4,4.7,Q1,8/87,Q1,Q1,1.28,78.9,75.0,5008.0,GENETICS & HEREDITY,GENETICS & HEREDITY(JIF Q1/JCI Q1),BMC,BMC,是,SCIE,全OA,"约 USD 1,990-2,890（旗舰刊更高）",高,https://www.biomedcentral.com/getpublished/article-processing-charges,https://www.google.com/search?q=GENETICS+SELECTION+EVOLUTION+aims+scope+instructions+for+authors+APC
923,2-Q1且IF小于10,1,Environmental Epidemiology,ENVIRON EPIDEMIOL,,2474-7882,4.2,4.2,Q1,71/443,Q1,Q1,0.97,84.1,75.0,1419.0,"PUBLIC, ENVIRONMENTAL & OCCUPATIONAL HEALTH","PUBLIC, ENVIRONMENTAL & OCCUPATIONAL HEALTH(JIF Q1/JCI Q1)",LIPPINCOTT WILLIAMS & WILKINS,Wolters Kluwer/LWW,否,ESCI,混合为主,"订阅路线通常无APC；OA常见 USD 2,000-4,000；MEDICINE已拉黑",中,https://wkauthorservices.editage.com/open-access/,https://www.google.com/search?q=Environmental+Epidemiology+aims+scope+instructions+for+authors+APC
924,2-Q1且IF小于10,1,CANCER NURSING,CANCER NURS,0162-220X,1538-9804,2.6,3.1,Q1,44/194,Q2,Q2,0.88,77.6,75.0,5273.0,NURSING; ONCOLOGY,NURSING(JIF Q1/JCI Q2) | ONCOLOGY(JIF Q3/JCI Q2),LIPPINCOTT WILLIAMS & WILKINS,Wolters Kluwer/LWW,是,"SCIE, SSCI; SCIE",混合为主,"订阅路线通常无APC；OA常见 USD 2,000-4,000；MEDICINE已拉黑",中,https://wkauthorservices.editage.com/open-access/,https://www.google.com/search?q=CANCER+NURSING+aims+scope+instructions+for+authors+APC
925,2-Q1且IF小于10,1,Diabetes & Metabolism Journal,DIABETES METAB J,2233-6079,2233-6087,8.2,9.3,Q1,16/198,Q1,Q1,1.61,92.2,74.0,5793.0,ENDOCRINOLOGY & METABOLISM,ENDOCRINOLOGY & METABOLISM(JIF Q1/JCI Q1),KOREAN DIABETES ASSOC,其他,是,SCIE,需核实,请查期刊官网 Author / Open Access 页面,未知,,https://www.google.com/search?q=Diabetes+&+Metabolism+Journal+aims+scope+instructions+for+authors+APC
926,2-Q1且IF小于10,1,GLOBAL CHALLENGES,GLOB CHALL,,2056-6646,7.4,6.5,Q1,16/140,Q1,Q1,0.86,88.9,74.0,3488.0,MULTIDISCIPLINARY SCIENCES,MULTIDISCIPLINARY SCIENCES(JIF Q1/JCI Q1),WILEY-V C H VERLAG GMBH,Wiley,是,SCIE,混合为主,"订阅路线通常无APC；OnlineOpen常见 USD 3,200-4,700",中,https://authorservices.wiley.com/author-resources/Journal-Authors/open-access/article-publication-charges.html,https://www.google.com/search?q=GLOBAL+CHALLENGES+aims+scope+instructions+for+authors+APC
927,2-Q1且IF小于10,1,GENOMICS PROTEOMICS & BIOINFORMATICS,GENOM PROTEOM BIOINF,1672-0229,2210-3244,7.2,11.1,Q1,18/192,Q1,Q1,2.09,90.9,74.0,7402.0,GENETICS & HEREDITY,GENETICS & HEREDITY(JIF Q1/JCI Q1),OXFORD UNIV PRESS,Oxford UP,是,SCIE,混合为主,订阅路线通常无APC；可选OA，费用因刊而异,中,https://academic.oup.com/pages/open-research/open-access,https://www.google.com/search?q=GENOMICS+PROTEOMICS+&+BIOINFORMATICS+aims+scope+instructions+for+authors+APC
928,2-Q1且IF小于10,1,European Urology Focus,EUR UROL FOCUS,,2405-4569,6.3,5.4,Q1,14/134,Q1,Q1,1.74,89.9,74.0,6221.0,UROLOGY & NEPHROLOGY,UROLOGY & NEPHROLOGY(JIF Q1/JCI Q1),ELSEVIER,Elsevier,是,SCIE,混合为主,"订阅路线通常无APC；Gold OA常见 USD 2,200-4,200",中,https://www.elsevier.com/open-access/agreements,https://www.google.com/search?q=European+Urology+Focus+aims+scope+instructions+for+authors+APC
929,2-Q1且IF小于10,1,CANADIAN JOURNAL OF PSYCHIATRY-REVUE CANADIENNE DE PSYCHIATRIE,CAN J PSYCHIAT,0706-7437,1497-0015,4.4,4.4,Q1,57/293,Q1,Q1,1.05,80.7,74.0,8175.0,PSYCHIATRY,PSYCHIATRY(JIF Q1/JCI Q1),SAGE PUBLICATIONS INC,SAGE,是,"SCIE, SSCI",混合为主,"订阅路线通常无APC；SAGE Choice常见 USD 2,000-4,000",中,https://us.sagepub.com/en-us/nam/sage-choice,https://www.google.com/search?q=CANADIAN+JOURNAL+OF+PSYCHIATRY-REVUE+CANADIENNE+DE+PSYCHIATRIE+aims+scope+instructions+for+authors+APC
930,2-Q1且IF小于10,1,INTERNATIONAL JOURNAL OF DERMATOLOGY,INT J DERMATOL,0011-9059,1365-4632,4.2,3.8,Q1,16/99,Q2,Q2,0.88,84.3,74.0,10741.0,DERMATOLOGY,DERMATOLOGY(JIF Q1/JCI Q2),WILEY,Wiley,是,SCIE,混合为主,"订阅路线通常无APC；OnlineOpen常见 USD 3,200-4,700",中,https://authorservices.wiley.com/author-resources/Journal-Authors/open-access/article-publication-charges.html,https://www.google.com/search?q=INTERNATIONAL+JOURNAL+OF+DERMATOLOGY+aims+scope+instructions+for+authors+APC
931,2-Q1且IF小于10,1,Clinical and Experimental Pediatrics,CLIN EXP PEDIATR,,2713-4148,3.9,4.4,Q1,13/190,Q1,Q1,1.24,93.4,74.0,1506.0,PEDIATRICS,PEDIATRICS(JIF Q1/JCI Q1),Korean Pediatric Soc,其他,否,ESCI,需核实,请查期刊官网 Author / Open Access 页面,未知,,https://www.google.com/search?q=Clinical+and+Experimental+Pediatrics+aims+scope+instructions+for+authors+APC
932,2-Q1且IF小于10,1,CLIMACTERIC,CLIMACTERIC,1369-7137,1473-0804,3.9,4.1,Q1,18/143,Q1,Q1,1.15,87.8,74.0,4764.0,OBSTETRICS & GYNECOLOGY,OBSTETRICS & GYNECOLOGY(JIF Q1/JCI Q1),TAYLOR & FRANCIS LTD,Taylor & Francis,是,SCIE,混合为主,"订阅路线通常无APC；Open Select常见 USD 2,500-3,500",中,https://authorservices.taylorandfrancis.com/publishing-open-access/,https://www.google.com/search?q=CLIMACTERIC+aims+scope+instructions+for+authors+APC
933,2-Q1且IF小于10,1,Drug and Alcohol Dependence Reports,DRUG ALC DEPEND REP,2772-7246,2772-7246,3.5,3.6,Q1,9/61,Q2,Q2,0.98,86.1,74.0,1077.0,PSYCHIATRY; SUBSTANCE ABUSE,PSYCHIATRY(JIF Q2/JCI Q2) | SUBSTANCE ABUSE(JIF Q1/JCI Q2),ELSEVIER,Elsevier,否,ESCI,混合为主,"订阅路线通常无APC；Gold OA常见 USD 2,200-4,200",中,https://www.elsevier.com/open-access/agreements,https://www.google.com/search?q=Drug+and+Alcohol+Dependence+Reports+aims+scope+instructions+for+authors+APC
934,2-Q1且IF小于10,1,LANGUAGE SPEECH AND HEARING SERVICES IN SCHOOLS,LANG SPEECH HEAR SER,0161-1461,1558-9129,3.0,3.4,Q1,3/35,Q1,Q1,1.38,92.9,74.0,3510.0,AUDIOLOGY & SPEECH-LANGUAGE PATHOLOGY; REHABILITATION,AUDIOLOGY & SPEECH-LANGUAGE PATHOLOGY(JIF Q1/JCI Q1) | REHABILITATION(JIF Q1/JCI Q1),AMER SPEECH-LANGUAGE-HEARING ASSOC,其他,是,SCIE; SSCI,需核实,请查期刊官网 Author / Open Access 页面,未知,,https://www.google.com/search?q=LANGUAGE+SPEECH+AND+HEARING+SERVICES+IN+SCHOOLS+aims+scope+instructions+for+authors+APC
935,2-Q1且IF小于10,1,CLINICAL ANATOMY,CLIN ANAT,0897-3806,1098-2353,2.4,2.6,Q1,4/25,Q1,Q1,1.28,86.0,74.0,6441.0,ANATOMY & MORPHOLOGY,ANATOMY & MORPHOLOGY(JIF Q1/JCI Q1),WILEY,Wiley,是,SCIE,混合为主,"订阅路线通常无APC；OnlineOpen常见 USD 3,200-4,700",中,https://authorservices.wiley.com/author-resources/Journal-Authors/open-access/article-publication-charges.html,https://www.google.com/search?q=CLINICAL+ANATOMY+aims+scope+instructions+for+authors+APC
936,2-Q1且IF小于10,1,JOURNAL OF INTERNAL MEDICINE,J INTERN MED,0954-6820,1365-2796,7.6,10.3,Q1,26/336,Q1,Q1,1.75,92.4,73.0,16193.0,"MEDICINE, GENERAL & INTERNAL","MEDICINE, GENERAL & INTERNAL(JIF Q1/JCI Q1)",WILEY,Wiley,是,SCIE,混合为主,"订阅路线通常无APC；OnlineOpen常见 USD 3,200-4,700",中,https://authorservices.wiley.com/author-resources/Journal-Authors/open-access/article-publication-charges.html,https://www.google.com/search?q=JOURNAL+OF+INTERNAL+MEDICINE+aims+scope+instructions+for+authors+APC
937,2-Q1且IF小于10,1,BMJ Quality & Safety,BMJ QUAL SAF,2044-5415,2044-5423,6.8,6.9,Q1,3/125,Q1,Q1,1.72,98.0,73.0,8430.0,HEALTH CARE SCIENCES & SERVICES; HEALTH POLICY & SERVICES,HEALTH CARE SCIENCES & SERVICES(JIF Q1/JCI Q1) | HEALTH POLICY & SERVICES(JIF Q1/JCI Q1),BMJ PUBLISHING GROUP,BMJ,是,SCIE; SSCI,混合/全OA,"BMJ Open约GBP 2,175；旗舰刊更高",高,https://authors.bmj.com/open-access/,https://www.google.com/search?q=BMJ+Quality+&+Safety+aims+scope+instructions+for+authors+APC
938,2-Q1且IF小于10,1,KOREAN JOURNAL OF RADIOLOGY,KOREAN J RADIOL,1229-6929,2005-8330,6.1,5.2,Q1,20/217,Q1,Q1,1.31,91.0,73.0,6309.0,"RADIOLOGY, NUCLEAR MEDICINE & MEDICAL IMAGING","RADIOLOGY, NUCLEAR MEDICINE & MEDICAL IMAGING(JIF Q1/JCI Q1)",KOREAN SOCIETY OF RADIOLOGY,其他,是,SCIE,需核实,请查期刊官网 Author / Open Access 页面,未知,,https://www.google.com/search?q=KOREAN+JOURNAL+OF+RADIOLOGY+aims+scope+instructions+for+authors+APC
939,2-Q1且IF小于10,1,BIOLOGICAL RESEARCH,BIOL RES,0716-9760,0717-6287,5.4,6.6,Q1,12/106,Q1,Q1,1.34,89.2,73.0,4197.0,BIOLOGY,BIOLOGY(JIF Q1/JCI Q1),SOC BIOLGIA CHILE,其他,是,SCIE,需核实,请查期刊官网 Author / Open Access 页面,未知,,https://www.google.com/search?q=BIOLOGICAL+RESEARCH+aims+scope+instructions+for+authors+APC
940,2-Q1且IF小于10,1,Endocrinology and Metabolism,ENDOCRINOL METAB,2093-596X,2093-5978,5.1,5.1,Q1,46/198,Q2,Q2,0.88,77.0,73.0,3676.0,ENDOCRINOLOGY & METABOLISM,ENDOCRINOLOGY & METABOLISM(JIF Q1/JCI Q2),KOREAN ENDOCRINE SOC,其他,是,SCIE,需核实,请查期刊官网 Author / Open Access 页面,未知,,https://www.google.com/search?q=Endocrinology+and+Metabolism+aims+scope+instructions+for+authors+APC
941,2-Q1且IF小于10,1,NEUROREHABILITATION AND NEURAL REPAIR,NEUROREHAB NEURAL RE,1545-9683,1552-6844,4.0,5.1,Q1,7/175,Q1,Q1,1.43,96.3,73.0,7792.0,CLINICAL NEUROLOGY; REHABILITATION,CLINICAL NEUROLOGY(JIF Q1/JCI Q1) | REHABILITATION(JIF Q1/JCI Q1),SAGE PUBLICATIONS INC,SAGE,是,SCIE,混合为主,"订阅路线通常无APC；SAGE Choice常见 USD 2,000-4,000",中,https://us.sagepub.com/en-us/nam/sage-choice,https://www.google.com/search?q=NEUROREHABILITATION+AND+NEURAL+REPAIR+aims+scope+instructions+for+authors+APC
942,2-Q1且IF小于10,1,Neurological Research and Practice,NEUROL RES PRACT,,2524-3489,4.0,5.7,Q1,68/296,Q2,Q2,0.94,77.2,73.0,1493.0,CLINICAL NEUROLOGY,CLINICAL NEUROLOGY(JIF Q1/JCI Q2),SPRINGERNATURE,Springer Nature,否,ESCI,混合/全OA,"全OA约 USD 2,090-3,490；Nature系更高；Scientific Reports已拉黑",中高,https://www.springernature.com/gp/open-research/journals-books/journals,https://www.google.com/search?q=Neurological+Research+and+Practice+aims+scope+instructions+for+authors+APC
943,2-Q1且IF小于10,1,SALUD PUBLICA DE MEXICO,SALUD PUBLICA MEXICO,0036-3634,1606-7916,3.9,3.0,Q1,84/443,Q1,Q1,0.96,81.2,73.0,2810.0,"PUBLIC, ENVIRONMENTAL & OCCUPATIONAL HEALTH","PUBLIC, ENVIRONMENTAL & OCCUPATIONAL HEALTH(JIF Q1/JCI Q1)",INST NACIONAL SALUD PUBLICA,其他,否,SSCI,需核实,请查期刊官网 Author / Open Access 页面,未知,,https://www.google.com/search?q=SALUD+PUBLICA+DE+MEXICO+aims+scope+instructions+for+authors+APC
944,2-Q1且IF小于10,1,ANGLE ORTHODONTIST,ANGLE ORTHOD,0003-3219,1945-7103,3.7,4.1,Q1,30/165,Q1,Q1,1.47,82.1,73.0,9144.0,"DENTISTRY, ORAL SURGERY & MEDICINE","DENTISTRY, ORAL SURGERY & MEDICINE(JIF Q1/JCI Q1)","E H ANGLE EDUCATION RESEARCH FOUNDATION, INC",其他,是,SCIE,需核实,请查期刊官网 Author / Open Access 页面,未知,,https://www.google.com/search?q=ANGLE+ORTHODONTIST+aims+scope+instructions+for+authors+APC
945,2-Q1且IF小于10,1,Archives of Disease in Childhood-Fetal and Neonatal Edition,ARCH DIS CHILD-FETAL,1359-2998,1468-2052,3.5,4.1,Q1,20/190,Q1,Q1,1.56,89.7,73.0,7162.0,PEDIATRICS,PEDIATRICS(JIF Q1/JCI Q1),BMJ PUBLISHING GROUP,BMJ,是,SCIE,混合/全OA,"BMJ Open约GBP 2,175；旗舰刊更高",高,https://authors.bmj.com/open-access/,https://www.google.com/search?q=Archives+of+Disease+in+Childhood-Fetal+and+Neonatal+Edition+aims+scope+instructions+for+authors+APC
946,2-Q1且IF小于10,1,Ophthalmology Glaucoma,OPHTHALMOL GLAUCOMA,2589-4234,2589-4196,3.3,3.3,Q1,24/98,Q1,Q1,1.44,76.0,73.0,1381.0,OPHTHALMOLOGY,OPHTHALMOLOGY(JIF Q1/JCI Q1),ELSEVIER,Elsevier,否,ESCI,混合为主,"订阅路线通常无APC；Gold OA常见 USD 2,200-4,200",中,https://www.elsevier.com/open-access/agreements,https://www.google.com/search?q=Ophthalmology+Glaucoma+aims+scope+instructions+for+authors+APC
947,2-Q1且IF小于10,1,JMIR Rehabilitation and Assistive Technologies,JMIR REHABIL ASSIST,,2369-2529,3.1,,Q1,19/175,Q1,Q1,1.04,89.4,73.0,1034.0,HEALTH CARE SCIENCES & SERVICES; REHABILITATION,HEALTH CARE SCIENCES & SERVICES(JIF Q2/JCI Q1) | REHABILITATION(JIF Q1/JCI Q1),"JMIR PUBLICATIONS, INC",其他,否,ESCI,需核实,请查期刊官网 Author / Open Access 页面,未知,,https://www.google.com/search?q=JMIR+Rehabilitation+and+Assistive+Technologies+aims+scope+instructions+for+authors+APC
948,2-Q1且IF小于10,1,EVOLUTION AND HUMAN BEHAVIOR,EVOL HUM BEHAV,1090-5138,1879-0607,2.9,3.9,Q1,11/48,Q1,Q1,1.17,78.1,73.0,4954.0,"SOCIAL SCIENCES, BIOMEDICAL","SOCIAL SCIENCES, BIOMEDICAL(JIF Q1/JCI Q1)",ELSEVIER SCIENCE INC,Elsevier,是,SCIE; SSCI,混合为主,"订阅路线通常无APC；Gold OA常见 USD 2,200-4,200",中,https://www.elsevier.com/open-access/agreements,https://www.google.com/search?q=EVOLUTION+AND+HUMAN+BEHAVIOR+aims+scope+instructions+for+authors+APC
949,2-Q1且IF小于10,1,Research Synthesis Methods,RES SYNTH METHODS,1759-2879,1759-2887,8.0,14.3,Q1,3/67,Q1,Q1,1.83,96.3,72.0,10861.0,MATHEMATICAL & COMPUTATIONAL BIOLOGY; MULTIDISCIPLINARY SCIENCES,MATHEMATICAL & COMPUTATIONAL BIOLOGY(JIF Q1/JCI Q1) | MULTIDISCIPLINARY SCIENCES(JIF Q1/JCI Q1),CAMBRIDGE UNIV PRESS,Cambridge UP,是,SCIE,混合为主,订阅路线通常无APC；Gold OA因刊而异,中,https://www.cambridge.org/core/open-research/open-access,https://www.google.com/search?q=Research+Synthesis+Methods+aims+scope+instructions+for+authors+APC
950,2-Q1且IF小于10,1,European Journal of Medicinal Chemistry Reports,EUR J MED CHEM REP,2772-4174,2772-4174,6.7,6.3,Q1,11/72,Q1,Q1,1.36,85.4,72.0,1529.0,"CHEMISTRY, MEDICINAL","CHEMISTRY, MEDICINAL(JIF Q1/JCI Q1)",ELSEVIER,Elsevier,否,ESCI,混合为主,"订阅路线通常无APC；Gold OA常见 USD 2,200-4,200",中,https://www.elsevier.com/open-access/agreements,https://www.google.com/search?q=European+Journal+of+Medicinal+Chemistry+Reports+aims+scope+instructions+for+authors+APC
951,2-Q1且IF小于10,1,BRAIN TOPOGRAPHY,BRAIN TOPOGR,0896-0267,1573-6792,5.3,4.2,Q1,34/296,Q2,Q2,0.98,88.7,72.0,4234.0,CLINICAL NEUROLOGY; NEUROSCIENCES,CLINICAL NEUROLOGY(JIF Q1/JCI Q2) | NEUROSCIENCES(JIF Q1/JCI Q2),SPRINGER,Springer,是,SCIE,混合为主,"订阅路线通常无APC；选OA约 USD 2,790-4,290",中,https://www.springer.com/gp/open-access,https://www.google.com/search?q=BRAIN+TOPOGRAPHY+aims+scope+instructions+for+authors+APC
952,2-Q1且IF小于10,1,Obesity Pillars,OBES PILLARS,,2667-3681,5.3,5.3,Q1,38/336,Q1,Q1,0.87,88.8,72.0,727.0,"ENDOCRINOLOGY & METABOLISM; MEDICINE, GENERAL & INTERNAL","ENDOCRINOLOGY & METABOLISM(JIF Q1/JCI Q2) | MEDICINE, GENERAL & INTERNAL(JIF Q1/JCI Q1)",ELSEVIER,Elsevier,否,ESCI,混合为主,"订阅路线通常无APC；Gold OA常见 USD 2,200-4,200",中,https://www.elsevier.com/open-access/agreements,https://www.google.com/search?q=Obesity+Pillars+aims+scope+instructions+for+authors+APC
953,2-Q1且IF小于10,1,Pain and Therapy,PAIN THER,2193-8237,2193-651X,4.4,5.1,Q1,54/296,Q2,Q2,0.97,81.9,72.0,3045.0,CLINICAL NEUROLOGY,CLINICAL NEUROLOGY(JIF Q1/JCI Q2),SPRINGER INT PUBL AG,Springer,是,SCIE,混合为主,"订阅路线通常无APC；选OA约 USD 2,790-4,290",中,https://www.springer.com/gp/open-access,https://www.google.com/search?q=Pain+and+Therapy+aims+scope+instructions+for+authors+APC
954,2-Q1且IF小于10,1,WOUND REPAIR AND REGENERATION,WOUND REPAIR REGEN,1067-1927,1524-475X,4.3,4.2,Q1,28/321,Q1,Q1,1.15,91.4,72.0,7554.0,"CELL BIOLOGY; DERMATOLOGY; MEDICINE, RESEARCH & EXPERIMENTAL; SURGERY","CELL BIOLOGY(JIF Q2/JCI Q1) | DERMATOLOGY(JIF Q1/JCI Q1) | MEDICINE, RESEARCH & EXPERIMENTAL(JIF Q2/JCI Q1) | SURGERY(JIF Q1/JCI Q1)",WILEY,Wiley,是,SCIE,混合为主,"订阅路线通常无APC；OnlineOpen常见 USD 3,200-4,700",中,https://authorservices.wiley.com/author-resources/Journal-Authors/open-access/article-publication-charges.html,https://www.google.com/search?q=WOUND+REPAIR+AND+REGENERATION+aims+scope+instructions+for+authors+APC
955,2-Q1且IF小于10,1,Journal of Sports Science and Medicine,J SPORT SCI MED,1303-2968,1303-2968,4.1,4.3,Q1,15/136,Q1,Q1,1.29,89.3,72.0,5900.0,SPORT SCIENCES,SPORT SCIENCES(JIF Q1/JCI Q1),JOURNAL SPORTS SCIENCE & MEDICINE,其他,是,SCIE,需核实,请查期刊官网 Author / Open Access 页面,未知,,https://www.google.com/search?q=Journal+of+Sports+Science+and+Medicine+aims+scope+instructions+for+authors+APC
956,2-Q1且IF小于10,1,JOURNAL OF ELECTROMYOGRAPHY AND KINESIOLOGY,J ELECTROMYOGR KINES,1050-6411,1873-5711,2.7,3.2,Q1,31/175,Q2,Q2,0.93,82.6,72.0,6969.0,NEUROSCIENCES; REHABILITATION; SPORT SCIENCES,NEUROSCIENCES(JIF Q3/JCI Q2) | REHABILITATION(JIF Q1/JCI Q2) | SPORT SCIENCES(JIF Q2/JCI Q2),ELSEVIER SCI LTD,Elsevier,是,SCIE,混合为主,"订阅路线通常无APC；Gold OA常见 USD 2,200-4,200",中,https://www.elsevier.com/open-access/agreements,https://www.google.com/search?q=JOURNAL+OF+ELECTROMYOGRAPHY+AND+KINESIOLOGY+aims+scope+instructions+for+authors+APC
957,2-Q1且IF小于10,1,ANALES DE PEDIATRIA,AN PEDIATR,1695-4033,1695-9531,2.6,2.1,Q1,39/190,Q2,Q2,0.87,79.7,72.0,1610.0,PEDIATRICS,PEDIATRICS(JIF Q1/JCI Q2),EDICIONES DOYMA S A,其他,是,SCIE,需核实,请查期刊官网 Author / Open Access 页面,未知,,https://www.google.com/search?q=ANALES+DE+PEDIATRIA+aims+scope+instructions+for+authors+APC
958,2-Q1且IF小于10,1,Globalization and Health,GLOBALIZATION HEALTH,,1744-8603,6.1,6.3,Q1,32/443,Q1,Q1,1.5,92.9,71.0,5948.0,"PUBLIC, ENVIRONMENTAL & OCCUPATIONAL HEALTH","PUBLIC, ENVIRONMENTAL & OCCUPATIONAL HEALTH(JIF Q1/JCI Q1)",BMC,BMC,是,"SCIE, SSCI",全OA,"约 USD 1,990-2,890（旗舰刊更高）",高,https://www.biomedcentral.com/getpublished/article-processing-charges,https://www.google.com/search?q=Globalization+and+Health+aims+scope+instructions+for+authors+APC
959,2-Q1且IF小于10,1,Expert Review of Vaccines,EXPERT REV VACCINES,1476-0584,1744-8395,5.6,4.6,Q1,42/183,Q2,Q2,0.77,77.3,71.0,6168.0,IMMUNOLOGY,IMMUNOLOGY(JIF Q1/JCI Q2),TAYLOR & FRANCIS LTD,Taylor & Francis,是,SCIE,混合为主,"订阅路线通常无APC；Open Select常见 USD 2,500-3,500",中,https://authorservices.taylorandfrancis.com/publishing-open-access/,https://www.google.com/search?q=Expert+Review+of+Vaccines+aims+scope+instructions+for+authors+APC
960,2-Q1且IF小于10,1,COMPREHENSIVE PSYCHIATRY,COMPR PSYCHIAT,0010-440X,1532-8384,4.8,5.7,Q1,47/293,Q1,Q1,1.41,84.1,71.0,8957.0,PSYCHIATRY,PSYCHIATRY(JIF Q1/JCI Q1),W B SAUNDERS CO-ELSEVIER INC,Elsevier,是,"SCIE, SSCI",混合为主,"订阅路线通常无APC；Gold OA常见 USD 2,200-4,200",中,https://www.elsevier.com/open-access/agreements,https://www.google.com/search?q=COMPREHENSIVE+PSYCHIATRY+aims+scope+instructions+for+authors+APC
961,2-Q1且IF小于10,1,Kidney Research and Clinical Practice,KIDNEY RES CLIN PRAC,2211-9132,2211-9140,3.5,3.6,Q1,31/134,Q1,Q1,1.02,77.2,71.0,1920.0,UROLOGY & NEPHROLOGY,UROLOGY & NEPHROLOGY(JIF Q1/JCI Q1),KOREAN SOC NEPHROLOGY,其他,是,SCIE,需核实,请查期刊官网 Author / Open Access 页面,未知,,https://www.google.com/search?q=Kidney+Research+and+Clinical+Practice+aims+scope+instructions+for+authors+APC
962,2-Q1且IF小于10,1,RESEARCH IN NURSING & HEALTH,RES NURS HEALTH,0160-6891,1098-240X,2.8,3.1,Q1,36/194,Q1,Q1,1.12,81.7,71.0,8250.0,NURSING,NURSING(JIF Q1/JCI Q1),WILEY,Wiley,是,"SCIE, SSCI",混合为主,"订阅路线通常无APC；OnlineOpen常见 USD 3,200-4,700",中,https://authorservices.wiley.com/author-resources/Journal-Authors/open-access/article-publication-charges.html,https://www.google.com/search?q=RESEARCH+IN+NURSING+&+HEALTH+aims+scope+instructions+for+authors+APC
963,2-Q1且IF小于10,1,Radiology-Cardiothoracic Imaging,RADIOL-CARDIOTHORAC,2638-6135,2638-6135,4.5,4.2,Q1,39/217,Q1,Q1,1.13,82.3,70.0,1571.0,"RADIOLOGY, NUCLEAR MEDICINE & MEDICAL IMAGING","RADIOLOGY, NUCLEAR MEDICINE & MEDICAL IMAGING(JIF Q1/JCI Q1)",RADIOLOGICAL SOC NORTH AMERICA (RSNA),其他,否,ESCI,需核实,请查期刊官网 Author / Open Access 页面,未知,,https://www.google.com/search?q=Radiology-Cardiothoracic+Imaging+aims+scope+instructions+for+authors+APC
964,2-Q1且IF小于10,1,Digestive Endoscopy,DIGEST ENDOSC,0915-5635,1443-1661,3.6,5.2,Q1,43/321,Q1,Q1,1.11,86.8,70.0,5749.0,GASTROENTEROLOGY & HEPATOLOGY; SURGERY,GASTROENTEROLOGY & HEPATOLOGY(JIF Q2/JCI Q1) | SURGERY(JIF Q1/JCI Q1),WILEY,Wiley,是,SCIE,混合为主,"订阅路线通常无APC；OnlineOpen常见 USD 3,200-4,700",中,https://authorservices.wiley.com/author-resources/Journal-Authors/open-access/article-publication-charges.html,https://www.google.com/search?q=Digestive+Endoscopy+aims+scope+instructions+for+authors+APC
965,2-Q1且IF小于10,1,Mental Health & Prevention,MENT HEALTH PREV,2212-6570,2212-6570,3.3,,Q1,38/184,Q2,Q2,0.9,79.6,70.0,1008.0,"PSYCHIATRY; PSYCHOLOGY, CLINICAL","PSYCHIATRY(JIF Q2/JCI Q2) | PSYCHOLOGY, CLINICAL(JIF Q1/JCI Q2)",ELSEVIER,Elsevier,否,ESCI,混合为主,"订阅路线通常无APC；Gold OA常见 USD 2,200-4,200",中,https://www.elsevier.com/open-access/agreements,https://www.google.com/search?q=Mental+Health+&+Prevention+aims+scope+instructions+for+authors+APC
966,2-Q1且IF小于10,1,JOURNAL OF OCCUPATIONAL REHABILITATION,J OCCUP REHABIL,1053-0487,1573-3688,2.7,3.4,Q1,31/175,Q2,Q2,0.92,82.6,70.0,3166.0,REHABILITATION,REHABILITATION(JIF Q1/JCI Q2),SPRINGER/PLENUM PUBLISHERS,Springer,否,SSCI,混合为主,"订阅路线通常无APC；选OA约 USD 2,790-4,290",中,https://www.springer.com/gp/open-access,https://www.google.com/search?q=JOURNAL+OF+OCCUPATIONAL+REHABILITATION+aims+scope+instructions+for+authors+APC
967,2-Q1且IF小于10,1,Current Research in Biotechnology,CURR RES BIOTECHNOL,2590-2628,2590-2628,6.7,5.9,Q1,24/180,Q1,Q1,1.1,86.9,69.0,1589.0,BIOTECHNOLOGY & APPLIED MICROBIOLOGY,BIOTECHNOLOGY & APPLIED MICROBIOLOGY(JIF Q1/JCI Q1),ELSEVIER,Elsevier,否,ESCI,混合为主,"订阅路线通常无APC；Gold OA常见 USD 2,200-4,200",中,https://www.elsevier.com/open-access/agreements,https://www.google.com/search?q=Current+Research+in+Biotechnology+aims+scope+instructions+for+authors+APC
968,2-Q1且IF小于10,1,MECHANISMS OF AGEING AND DEVELOPMENT,MECH AGEING DEV,0047-6374,1872-6216,6.5,6.7,Q1,10/72,Q1,Q1,1.17,86.8,69.0,8612.0,CELL BIOLOGY; GERIATRICS & GERONTOLOGY,CELL BIOLOGY(JIF Q2/JCI Q1) | GERIATRICS & GERONTOLOGY(JIF Q1/JCI Q1),ELSEVIER IRELAND LTD,Elsevier,是,SCIE,混合为主,"订阅路线通常无APC；Gold OA常见 USD 2,200-4,200",中,https://www.elsevier.com/open-access/agreements,https://www.google.com/search?q=MECHANISMS+OF+AGEING+AND+DEVELOPMENT+aims+scope+instructions+for+authors+APC
969,2-Q1且IF小于10,1,ANNALS OF FAMILY MEDICINE,ANN FAM MED,1544-1709,1544-1717,5.3,5.5,Q1,1/29,Q1,Q1,2.31,98.3,69.0,6900.0,"MEDICINE, GENERAL & INTERNAL; PRIMARY HEALTH CARE","MEDICINE, GENERAL & INTERNAL(JIF Q1/JCI Q1) | PRIMARY HEALTH CARE(JIF Q1/JCI Q1)",ANNALS FAMILY MEDICINE,其他,是,SCIE,需核实,请查期刊官网 Author / Open Access 页面,未知,,https://www.google.com/search?q=ANNALS+OF+FAMILY+MEDICINE+aims+scope+instructions+for+authors+APC
970,2-Q1且IF小于10,1,BRITISH JOURNAL OF HEALTH PSYCHOLOGY,BRIT J HEALTH PSYCH,1359-107X,2044-8287,3.1,4.5,Q1,43/184,Q2,Q2,1.0,76.9,69.0,4560.0,"PSYCHOLOGY, CLINICAL","PSYCHOLOGY, CLINICAL(JIF Q1/JCI Q2)",WILEY,Wiley,否,SSCI,混合为主,"订阅路线通常无APC；OnlineOpen常见 USD 3,200-4,700",中,https://authorservices.wiley.com/author-resources/Journal-Authors/open-access/article-publication-charges.html,https://www.google.com/search?q=BRITISH+JOURNAL+OF+HEALTH+PSYCHOLOGY+aims+scope+instructions+for+authors+APC
971,2-Q1且IF小于10,1,JOURNAL OF MIDWIFERY & WOMENS HEALTH,J MIDWIFERY WOM HEAL,1526-9523,1542-2011,2.8,3.5,Q1,36/194,Q2,Q2,0.92,81.7,69.0,3404.0,NURSING,NURSING(JIF Q1/JCI Q2),WILEY,Wiley,是,"SCIE, SSCI",混合为主,"订阅路线通常无APC；OnlineOpen常见 USD 3,200-4,700",中,https://authorservices.wiley.com/author-resources/Journal-Authors/open-access/article-publication-charges.html,https://www.google.com/search?q=JOURNAL+OF+MIDWIFERY+&+WOMENS+HEALTH+aims+scope+instructions+for+authors+APC
972,2-Q1且IF小于10,1,Circulation-Cardiovascular Imaging,CIRC-CARDIOVASC IMAG,1941-9651,1942-0080,9.1,8.8,Q1,10/217,Q1,Q1,1.98,95.6,68.0,8392.0,"CARDIAC & CARDIOVASCULAR SYSTEMS; RADIOLOGY, NUCLEAR MEDICINE & MEDICAL IMAGING","CARDIAC & CARDIOVASCULAR SYSTEMS(JIF Q1/JCI Q1) | RADIOLOGY, NUCLEAR MEDICINE & MEDICAL IMAGING(JIF Q1/JCI Q1)",LIPPINCOTT WILLIAMS & WILKINS,Wolters Kluwer/LWW,是,SCIE,混合为主,"订阅路线通常无APC；OA常见 USD 2,000-4,000；MEDICINE已拉黑",中,https://wkauthorservices.editage.com/open-access/,https://www.google.com/search?q=Circulation-Cardiovascular+Imaging+aims+scope+instructions+for+authors+APC
973,2-Q1且IF小于10,1,Journal of Cardiovascular Computed Tomography,J CARDIOVASC COMPUT,1934-5925,1934-5925,5.4,5.8,Q1,26/217,Q1,Q1,1.35,88.2,68.0,3777.0,"CARDIAC & CARDIOVASCULAR SYSTEMS; RADIOLOGY, NUCLEAR MEDICINE & MEDICAL IMAGING","CARDIAC & CARDIOVASCULAR SYSTEMS(JIF Q1/JCI Q1) | RADIOLOGY, NUCLEAR MEDICINE & MEDICAL IMAGING(JIF Q1/JCI Q1)",ELSEVIER SCIENCE INC,Elsevier,是,SCIE,混合为主,"订阅路线通常无APC；Gold OA常见 USD 2,200-4,200",中,https://www.elsevier.com/open-access/agreements,https://www.google.com/search?q=Journal+of+Cardiovascular+Computed+Tomography+aims+scope+instructions+for+authors+APC
974,2-Q1且IF小于10,1,LUNG,LUNG,0341-2040,1432-1750,4.3,4.4,Q1,25/107,Q1,Q1,1.08,77.1,68.0,4033.0,RESPIRATORY SYSTEM,RESPIRATORY SYSTEM(JIF Q1/JCI Q1),SPRINGER,Springer,是,SCIE,混合为主,"订阅路线通常无APC；选OA约 USD 2,790-4,290",中,https://www.springer.com/gp/open-access,https://www.google.com/search?q=LUNG+aims+scope+instructions+for+authors+APC
975,2-Q1且IF小于10,1,Journal of Prosthodontic Research,J PROSTHODONT RES,1883-1958,2212-4632,3.8,4.0,Q1,27/165,Q1,Q1,1.41,83.9,68.0,3395.0,"DENTISTRY, ORAL SURGERY & MEDICINE","DENTISTRY, ORAL SURGERY & MEDICINE(JIF Q1/JCI Q1)",JAPAN PROSTHODONTIC SOC,其他,是,SCIE,需核实,请查期刊官网 Author / Open Access 页面,未知,,https://www.google.com/search?q=Journal+of+Prosthodontic+Research+aims+scope+instructions+for+authors+APC
976,2-Q1且IF小于10,1,CELLULAR AND MOLECULAR NEUROBIOLOGY,CELL MOL NEUROBIOL,0272-4340,1573-6830,7.4,5.3,Q1,32/330,Q2,Q2,0.78,90.5,67.0,8134.0,CELL BIOLOGY; NEUROSCIENCES,CELL BIOLOGY(JIF Q1/JCI Q2) | NEUROSCIENCES(JIF Q1/JCI Q2),SPRINGER/PLENUM PUBLISHERS,Springer,是,SCIE,混合为主,"订阅路线通常无APC；选OA约 USD 2,790-4,290",中,https://www.springer.com/gp/open-access,https://www.google.com/search?q=CELLULAR+AND+MOLECULAR+NEUROBIOLOGY+aims+scope+instructions+for+authors+APC
977,2-Q1且IF小于10,1,Circulation-Cardiovascular Quality and Outcomes,CIRC-CARDIOVASC QUAL,1941-7705,1941-7713,6.9,7.4,Q1,35/237,Q1,Q1,1.57,85.4,67.0,8355.0,CARDIAC & CARDIOVASCULAR SYSTEMS,CARDIAC & CARDIOVASCULAR SYSTEMS(JIF Q1/JCI Q1),LIPPINCOTT WILLIAMS & WILKINS,Wolters Kluwer/LWW,是,SCIE,混合为主,"订阅路线通常无APC；OA常见 USD 2,000-4,000；MEDICINE已拉黑",中,https://wkauthorservices.editage.com/open-access/,https://www.google.com/search?q=Circulation-Cardiovascular+Quality+and+Outcomes+aims+scope+instructions+for+authors+APC
978,2-Q1且IF小于10,1,CANCER BIOLOGY & THERAPY,CANCER BIOL THER,1538-4047,1555-8576,5.7,4.5,Q1,72/333,Q1,Q1,1.18,78.5,67.0,7506.0,ONCOLOGY,ONCOLOGY(JIF Q1/JCI Q1),TAYLOR & FRANCIS INC,Taylor & Francis,是,SCIE,混合为主,"订阅路线通常无APC；Open Select常见 USD 2,500-3,500",中,https://authorservices.taylorandfrancis.com/publishing-open-access/,https://www.google.com/search?q=CANCER+BIOLOGY+&+THERAPY+aims+scope+instructions+for+authors+APC
979,2-Q1且IF小于10,1,Neonatology,NEONATOLOGY,1661-7800,1661-7819,3.8,3.1,Q1,14/190,Q1,Q1,1.51,92.9,67.0,3803.0,PEDIATRICS,PEDIATRICS(JIF Q1/JCI Q1),KARGER,Karger,是,SCIE,混合/OA,"因刊而异，常见 USD 2,500-3,800",中,https://karger.com/pages/Open-Access,https://www.google.com/search?q=Neonatology+aims+scope+instructions+for+authors+APC
980,2-Q1且IF小于10,1,Eating Disorders,EAT DISORD,1064-0266,1532-530X,3.5,3.6,Q1,31/184,Q1,Q1,1.26,83.4,67.0,2121.0,"PSYCHIATRY; PSYCHOLOGY, CLINICAL","PSYCHIATRY(JIF Q2/JCI Q1) | PSYCHOLOGY, CLINICAL(JIF Q1/JCI Q1)","ROUTLEDGE JOURNALS, TAYLOR & FRANCIS LTD",Taylor & Francis,是,"SCIE, SSCI; SCIE; SSCI",混合为主,"订阅路线通常无APC；Open Select常见 USD 2,500-3,500",中,https://authorservices.taylorandfrancis.com/publishing-open-access/,https://www.google.com/search?q=Eating+Disorders+aims+scope+instructions+for+authors+APC
981,2-Q1且IF小于10,1,CLINICAL SCIENCE,CLIN SCI,0143-5221,1470-8736,7.3,7.5,Q1,32/191,Q1,Q1,1.19,83.5,66.0,13268.0,"MEDICINE, RESEARCH & EXPERIMENTAL","MEDICINE, RESEARCH & EXPERIMENTAL(JIF Q1/JCI Q1)",PORTLAND PRESS LTD,其他,是,SCIE,需核实,请查期刊官网 Author / Open Access 页面,未知,,https://www.google.com/search?q=CLINICAL+SCIENCE+aims+scope+instructions+for+authors+APC
982,2-Q1且IF小于10,1,MEDICAL EDUCATION,MED EDUC,0308-0110,1365-2923,6.2,7.2,Q1,4/89,Q1,Q1,1.47,91.5,66.0,13985.0,HEALTH CARE SCIENCES & SERVICES,HEALTH CARE SCIENCES & SERVICES(JIF Q1/JCI Q1),WILEY,Wiley,是,SCIE,混合为主,"订阅路线通常无APC；OnlineOpen常见 USD 3,200-4,700",中,https://authorservices.wiley.com/author-resources/Journal-Authors/open-access/article-publication-charges.html,https://www.google.com/search?q=MEDICAL+EDUCATION+aims+scope+instructions+for+authors+APC
983,2-Q1且IF小于10,1,Annals of General Psychiatry,ANN GEN PSYCHIATR,,1744-859X,5.8,5.7,Q1,31/293,Q1,Q1,1.15,89.6,66.0,2820.0,PSYCHIATRY,PSYCHIATRY(JIF Q1/JCI Q1),BMC,BMC,是,"SCIE, SSCI",全OA,"约 USD 1,990-2,890（旗舰刊更高）",高,https://www.biomedcentral.com/getpublished/article-processing-charges,https://www.google.com/search?q=Annals+of+General+Psychiatry+aims+scope+instructions+for+authors+APC
984,2-Q1且IF小于10,1,MOLECULAR CANCER RESEARCH,MOL CANCER RES,1541-7786,1557-3125,5.8,5.2,Q1,67/333,Q2,Q2,0.83,80.0,66.0,10183.0,CELL BIOLOGY; ONCOLOGY,CELL BIOLOGY(JIF Q2/JCI Q2) | ONCOLOGY(JIF Q1/JCI Q2),AMER ASSOC CANCER RESEARCH,其他,是,SCIE,需核实,请查期刊官网 Author / Open Access 页面,未知,,https://www.google.com/search?q=MOLECULAR+CANCER+RESEARCH+aims+scope+instructions+for+authors+APC
985,2-Q1且IF小于10,1,Journal of Evidence Based Medicine,J EVID-BASED MED,1756-5383,1756-5391,4.7,4.8,Q1,47/336,Q1,Q1,0.94,86.2,66.0,1674.0,"MEDICINE, GENERAL & INTERNAL","MEDICINE, GENERAL & INTERNAL(JIF Q1/JCI Q1)",WILEY,Wiley,是,SCIE,混合为主,"订阅路线通常无APC；OnlineOpen常见 USD 3,200-4,700",中,https://authorservices.wiley.com/author-resources/Journal-Authors/open-access/article-publication-charges.html,https://www.google.com/search?q=Journal+of+Evidence+Based+Medicine+aims+scope+instructions+for+authors+APC
986,2-Q1且IF小于10,1,JOURNAL OF THE AMERICAN DENTAL ASSOCIATION,J AM DENT ASSOC,0002-8177,1943-4723,4.4,3.6,Q1,19/165,Q1,Q1,1.27,88.8,66.0,8399.0,"DENTISTRY, ORAL SURGERY & MEDICINE","DENTISTRY, ORAL SURGERY & MEDICINE(JIF Q1/JCI Q1)",AMER DENTAL ASSOC,其他,是,SCIE,需核实,请查期刊官网 Author / Open Access 页面,未知,,https://www.google.com/search?q=JOURNAL+OF+THE+AMERICAN+DENTAL+ASSOCIATION+aims+scope+instructions+for+authors+APC
987,2-Q1且IF小于10,1,Epigenetics & Chromatin,EPIGENET CHROMATIN,,1756-8935,4.4,4.7,Q1,41/192,Q1,Q1,0.92,78.9,66.0,3179.0,GENETICS & HEREDITY,GENETICS & HEREDITY(JIF Q1/JCI Q1),BMC,BMC,是,SCIE,全OA,"约 USD 1,990-2,890（旗舰刊更高）",高,https://www.biomedcentral.com/getpublished/article-processing-charges,https://www.google.com/search?q=Epigenetics+&+Chromatin+aims+scope+instructions+for+authors+APC
988,2-Q1且IF小于10,1,Minerva Anestesiologica,MINERVA ANESTESIOL,0375-9393,1827-1596,3.5,2.8,Q1,18/72,Q2,Q2,0.83,75.7,66.0,3767.0,ANESTHESIOLOGY; CRITICAL CARE MEDICINE,ANESTHESIOLOGY(JIF Q1/JCI Q2) | CRITICAL CARE MEDICINE(JIF Q2/JCI Q2),EDIZIONI MINERVA MEDICA,其他,是,SCIE,需核实,请查期刊官网 Author / Open Access 页面,未知,,https://www.google.com/search?q=Minerva+Anestesiologica+aims+scope+instructions+for+authors+APC
989,2-Q1且IF小于10,1,INTERNATIONAL JOURNAL FOR PARASITOLOGY,INT J PARASITOL,0020-7519,1879-0135,3.3,3.8,Q1,11/47,Q1,Q1,1.15,77.7,66.0,9483.0,PARASITOLOGY,PARASITOLOGY(JIF Q1/JCI Q1),ELSEVIER SCI LTD,Elsevier,是,SCIE,混合为主,"订阅路线通常无APC；Gold OA常见 USD 2,200-4,200",中,https://www.elsevier.com/open-access/agreements,https://www.google.com/search?q=INTERNATIONAL+JOURNAL+FOR+PARASITOLOGY+aims+scope+instructions+for+authors+APC
990,2-Q1且IF小于10,1,PROSTATE CANCER AND PROSTATIC DISEASES,PROSTATE CANCER P D,1365-7852,1476-5608,6.9,5.6,Q1,13/134,Q1,Q1,1.39,90.7,65.0,5241.0,ONCOLOGY; UROLOGY & NEPHROLOGY,ONCOLOGY(JIF Q1/JCI Q1) | UROLOGY & NEPHROLOGY(JIF Q1/JCI Q1),SPRINGERNATURE,Springer Nature,是,SCIE,混合/全OA,"全OA约 USD 2,090-3,490；Nature系更高；Scientific Reports已拉黑",中高,https://www.springernature.com/gp/open-research/journals-books/journals,https://www.google.com/search?q=PROSTATE+CANCER+AND+PROSTATIC+DISEASES+aims+scope+instructions+for+authors+APC
991,2-Q1且IF小于10,1,ANTIOXIDANTS & REDOX SIGNALING,ANTIOXID REDOX SIGN,1523-0864,1557-7716,6.8,7.7,Q1,26/198,Q1,Q1,1.04,87.1,65.0,25052.0,BIOCHEMISTRY & MOLECULAR BIOLOGY; ENDOCRINOLOGY & METABOLISM,BIOCHEMISTRY & MOLECULAR BIOLOGY(JIF Q1/JCI Q1) | ENDOCRINOLOGY & METABOLISM(JIF Q1/JCI Q1),SAGE PUBLICATIONS INC,SAGE,是,SCIE,混合为主,"订阅路线通常无APC；SAGE Choice常见 USD 2,000-4,000",中,https://us.sagepub.com/en-us/nam/sage-choice,https://www.google.com/search?q=ANTIOXIDANTS+&+REDOX+SIGNALING+aims+scope+instructions+for+authors+APC
992,2-Q1且IF小于10,1,DIABETES & METABOLISM,DIABETES METAB,1262-3636,1878-1780,5.8,5.5,Q1,34/198,Q1,Q1,1.04,83.1,65.0,4403.0,ENDOCRINOLOGY & METABOLISM,ENDOCRINOLOGY & METABOLISM(JIF Q1/JCI Q1),MASSON EDITEUR,其他,是,SCIE,需核实,请查期刊官网 Author / Open Access 页面,未知,,https://www.google.com/search?q=DIABETES+&+METABOLISM+aims+scope+instructions+for+authors+APC
993,2-Q1且IF小于10,1,Pulmonology,PULMONOLOGY,2531-0429,2531-0437,5.3,5.6,Q1,16/107,Q1,Q1,1.37,85.5,65.0,1849.0,RESPIRATORY SYSTEM,RESPIRATORY SYSTEM(JIF Q1/JCI Q1),TAYLOR & FRANCIS LTD,Taylor & Francis,是,SCIE,混合为主,"订阅路线通常无APC；Open Select常见 USD 2,500-3,500",中,https://authorservices.taylorandfrancis.com/publishing-open-access/,https://www.google.com/search?q=Pulmonology+aims+scope+instructions+for+authors+APC
994,2-Q1且IF小于10,1,JOURNAL OF ANXIETY DISORDERS,J ANXIETY DISORD,0887-6185,1873-7897,5.0,6.3,Q1,15/184,Q1,Q1,1.36,92.1,65.0,10671.0,"PSYCHIATRY; PSYCHOLOGY, CLINICAL","PSYCHIATRY(JIF Q1/JCI Q1) | PSYCHOLOGY, CLINICAL(JIF Q1/JCI Q1)",PERGAMON-ELSEVIER SCIENCE LTD,Elsevier,否,SSCI,混合为主,"订阅路线通常无APC；Gold OA常见 USD 2,200-4,200",中,https://www.elsevier.com/open-access/agreements,https://www.google.com/search?q=JOURNAL+OF+ANXIETY+DISORDERS+aims+scope+instructions+for+authors+APC
995,2-Q1且IF小于10,1,ACTA PSYCHIATRICA SCANDINAVICA,ACTA PSYCHIAT SCAND,0001-690X,1600-0447,4.7,6.5,Q1,50/293,Q1,Q1,1.2,83.1,65.0,15083.0,PSYCHIATRY,PSYCHIATRY(JIF Q1/JCI Q1),WILEY,Wiley,是,"SCIE, SSCI",混合为主,"订阅路线通常无APC；OnlineOpen常见 USD 3,200-4,700",中,https://authorservices.wiley.com/author-resources/Journal-Authors/open-access/article-publication-charges.html,https://www.google.com/search?q=ACTA+PSYCHIATRICA+SCANDINAVICA+aims+scope+instructions+for+authors+APC
996,2-Q1且IF小于10,1,Rural and Remote Health,RURAL REMOTE HEALTH,1445-6354,,3.5,2.9,Q1,96/443,Q3,Q3,0.58,78.4,65.0,3031.0,"PUBLIC, ENVIRONMENTAL & OCCUPATIONAL HEALTH","PUBLIC, ENVIRONMENTAL & OCCUPATIONAL HEALTH(JIF Q1/JCI Q3)","COLL MEDICINE & DENTISTRY, JAMES COOK UNIV TOWNSVILLE",其他,是,"SCIE, SSCI",需核实,请查期刊官网 Author / Open Access 页面,未知,,https://www.google.com/search?q=Rural+and+Remote+Health+aims+scope+instructions+for+authors+APC
997,2-Q1且IF小于10,1,Trends in Hearing,TRENDS HEAR,2331-2165,2331-2165,3.4,3.5,Q1,1/35,Q1,Q1,1.48,98.6,65.0,2354.0,AUDIOLOGY & SPEECH-LANGUAGE PATHOLOGY; OTORHINOLARYNGOLOGY,AUDIOLOGY & SPEECH-LANGUAGE PATHOLOGY(JIF Q1/JCI Q1) | OTORHINOLARYNGOLOGY(JIF Q1/JCI Q1),SAGE PUBLICATIONS INC,SAGE,是,SCIE,混合为主,"订阅路线通常无APC；SAGE Choice常见 USD 2,000-4,000",中,https://us.sagepub.com/en-us/nam/sage-choice,https://www.google.com/search?q=Trends+in+Hearing+aims+scope+instructions+for+authors+APC
998,2-Q1且IF小于10,1,European Heart Journal-Acute Cardiovascular Care,EUR HEART J-ACUTE CA,2048-8726,2048-8734,7.8,5.2,Q1,7/66,Q1,Q1,1.33,90.2,64.0,3810.0,CARDIAC & CARDIOVASCULAR SYSTEMS; CRITICAL CARE MEDICINE,CARDIAC & CARDIOVASCULAR SYSTEMS(JIF Q1/JCI Q1) | CRITICAL CARE MEDICINE(JIF Q1/JCI Q1),OXFORD UNIV PRESS,Oxford UP,是,SCIE,混合为主,订阅路线通常无APC；可选OA，费用因刊而异,中,https://academic.oup.com/pages/open-research/open-access,https://www.google.com/search?q=European+Heart+Journal-Acute+Cardiovascular+Care+aims+scope+instructions+for+authors+APC
999,2-Q1且IF小于10,1,PALLIATIVE MEDICINE,PALLIATIVE MED,0269-2163,1477-030X,6.4,5.5,Q1,28/443,Q1,Q1,1.45,93.8,64.0,9020.0,"HEALTH CARE SCIENCES & SERVICES; MEDICINE, GENERAL & INTERNAL; PUBLIC, ENVIRONMENTAL & OCCUPATIONAL HEALTH","HEALTH CARE SCIENCES & SERVICES(JIF Q1/JCI Q1) | MEDICINE, GENERAL & INTERNAL(JIF Q1/JCI Q1) | PUBLIC, ENVIRONMENTAL & OCCUPATIONAL HEALTH(JIF Q1/JCI Q1)",SAGE PUBLICATIONS LTD,SAGE,是,SCIE,混合为主,"订阅路线通常无APC；SAGE Choice常见 USD 2,000-4,000",中,https://us.sagepub.com/en-us/nam/sage-choice,https://www.google.com/search?q=PALLIATIVE+MEDICINE+aims+scope+instructions+for+authors+APC
1000,2-Q1且IF小于10,1,CLINICAL AND EXPERIMENTAL OPHTHALMOLOGY,CLIN EXP OPHTHALMOL,1442-6404,1442-9071,5.1,5.4,Q1,12/98,Q1,Q1,1.62,88.3,64.0,5357.0,OPHTHALMOLOGY,OPHTHALMOLOGY(JIF Q1/JCI Q1),WILEY,Wiley,是,SCIE,混合为主,"订阅路线通常无APC；OnlineOpen常见 USD 3,200-4,700",中,https://authorservices.wiley.com/author-resources/Journal-Authors/open-access/article-publication-charges.html,https://www.google.com/search?q=CLINICAL+AND+EXPERIMENTAL+OPHTHALMOLOGY+aims+scope+instructions+for+authors+APC
1001,2-Q1且IF小于10,1,BMC Global and Public Health,BMC GLOB PUBLIC HEAL,,2731-913X,5.1,5.1,Q1,51/443,Q1,Q1,1.1,88.6,64.0,549.0,"PUBLIC, ENVIRONMENTAL & OCCUPATIONAL HEALTH","PUBLIC, ENVIRONMENTAL & OCCUPATIONAL HEALTH(JIF Q1/JCI Q1)",SPRINGERNATURE,Springer Nature,否,ESCI,混合/全OA,"全OA约 USD 2,090-3,490；Nature系更高；Scientific Reports已拉黑",中高,https://www.springernature.com/gp/open-research/journals-books/journals,https://www.google.com/search?q=BMC+Global+and+Public+Health+aims+scope+instructions+for+authors+APC
1002,2-Q1且IF小于10,1,International Journal of Implant Dentistry,INT J IMPLANT DENT,,2198-4034,4.7,4.4,Q1,16/165,Q1,Q1,1.36,90.6,64.0,2458.0,"DENTISTRY, ORAL SURGERY & MEDICINE","DENTISTRY, ORAL SURGERY & MEDICINE(JIF Q1/JCI Q1)",SPRINGER JAPAN KK,Springer,是,SCIE,混合为主,"订阅路线通常无APC；选OA约 USD 2,790-4,290",中,https://www.springer.com/gp/open-access,https://www.google.com/search?q=International+Journal+of+Implant+Dentistry+aims+scope+instructions+for+authors+APC
1003,2-Q1且IF小于10,1,HELICOBACTER,HELICOBACTER,1083-4389,1523-5378,4.6,4.6,Q1,38/153,Q2,Q2,0.9,75.5,64.0,4467.0,GASTROENTEROLOGY & HEPATOLOGY; MICROBIOLOGY,GASTROENTEROLOGY & HEPATOLOGY(JIF Q1/JCI Q2) | MICROBIOLOGY(JIF Q2/JCI Q2),WILEY,Wiley,是,SCIE,混合为主,"订阅路线通常无APC；OnlineOpen常见 USD 3,200-4,700",中,https://authorservices.wiley.com/author-resources/Journal-Authors/open-access/article-publication-charges.html,https://www.google.com/search?q=HELICOBACTER+aims+scope+instructions+for+authors+APC
1004,2-Q1且IF小于10,1,Journal of Orthopaedics and Traumatology,J ORTHOP TRAUMATOL,1590-9921,1590-9999,4.5,4.6,Q1,16/147,Q1,Q1,1.6,89.5,64.0,2319.0,ORTHOPEDICS,ORTHOPEDICS(JIF Q1/JCI Q1),SPRINGER,Springer,是,SCIE,混合为主,"订阅路线通常无APC；选OA约 USD 2,790-4,290",中,https://www.springer.com/gp/open-access,https://www.google.com/search?q=Journal+of+Orthopaedics+and+Traumatology+aims+scope+instructions+for+authors+APC
1005,2-Q1且IF小于10,1,JMIR Infodemiology,JMIR INFODEMIOL,,2564-1891,4.0,3.4,Q1,79/443,Q1,Q1,1.03,82.3,64.0,564.0,"HEALTH CARE SCIENCES & SERVICES; PUBLIC, ENVIRONMENTAL & OCCUPATIONAL HEALTH","HEALTH CARE SCIENCES & SERVICES(JIF Q1/JCI Q2) | PUBLIC, ENVIRONMENTAL & OCCUPATIONAL HEALTH(JIF Q1/JCI Q1)","JMIR PUBLICATIONS, INC",其他,否,ESCI,需核实,请查期刊官网 Author / Open Access 页面,未知,,https://www.google.com/search?q=JMIR+Infodemiology+aims+scope+instructions+for+authors+APC
1006,2-Q1且IF小于10,1,Journal of Contextual Behavioral Science,J CONTEXT BEHAV SCI,2212-1447,2212-1455,3.1,4.4,Q1,43/184,Q1,Q1,1.07,76.9,64.0,3430.0,"PSYCHOLOGY, CLINICAL","PSYCHOLOGY, CLINICAL(JIF Q1/JCI Q1)",ELSEVIER,Elsevier,否,SSCI,混合为主,"订阅路线通常无APC；Gold OA常见 USD 2,200-4,200",中,https://www.elsevier.com/open-access/agreements,https://www.google.com/search?q=Journal+of+Contextual+Behavioral+Science+aims+scope+instructions+for+authors+APC
1007,2-Q1且IF小于10,1,PAEDIATRIC AND PERINATAL EPIDEMIOLOGY,PAEDIATR PERINAT EP,0269-5022,1365-3016,2.7,3.0,Q1,38/190,Q1,Q1,1.11,80.3,64.0,3640.0,"OBSTETRICS & GYNECOLOGY; PEDIATRICS; PUBLIC, ENVIRONMENTAL & OCCUPATIONAL HEALTH","OBSTETRICS & GYNECOLOGY(JIF Q2/JCI Q1) | PEDIATRICS(JIF Q1/JCI Q1) | PUBLIC, ENVIRONMENTAL & OCCUPATIONAL HEALTH(JIF Q2/JCI Q1)",WILEY,Wiley,是,SCIE,混合为主,"订阅路线通常无APC；OnlineOpen常见 USD 3,200-4,700",中,https://authorservices.wiley.com/author-resources/Journal-Authors/open-access/article-publication-charges.html,https://www.google.com/search?q=PAEDIATRIC+AND+PERINATAL+EPIDEMIOLOGY+aims+scope+instructions+for+authors+APC
1008,2-Q1且IF小于10,1,Journal of Clinical and Translational Hepatology,J CLIN TRANSL HEPATO,2225-0719,2310-8819,6.0,4.9,Q1,26/153,Q2,Q2,0.91,83.3,63.0,3643.0,GASTROENTEROLOGY & HEPATOLOGY,GASTROENTEROLOGY & HEPATOLOGY(JIF Q1/JCI Q2),XIA & HE PUBLISHING INC,其他,是,SCIE,需核实,请查期刊官网 Author / Open Access 页面,未知,,https://www.google.com/search?q=Journal+of+Clinical+and+Translational+Hepatology+aims+scope+instructions+for+authors+APC
1009,2-Q1且IF小于10,1,Esophagus,ESOPHAGUS-TOKYO,1612-9059,1612-9067,5.8,3.4,Q1,28/153,Q1,Q1,0.98,82.0,63.0,1912.0,GASTROENTEROLOGY & HEPATOLOGY,GASTROENTEROLOGY & HEPATOLOGY(JIF Q1/JCI Q1),SPRINGER JAPAN KK,Springer,是,SCIE,混合为主,"订阅路线通常无APC；选OA约 USD 2,790-4,290",中,https://www.springer.com/gp/open-access,https://www.google.com/search?q=Esophagus+aims+scope+instructions+for+authors+APC
1010,2-Q1且IF小于10,1,Neurospine,NEUROSPINE,2586-6583,2586-6591,5.0,4.7,Q1,19/321,Q1,Q1,1.56,94.2,63.0,3054.0,CLINICAL NEUROLOGY; SURGERY,CLINICAL NEUROLOGY(JIF Q1/JCI Q1) | SURGERY(JIF Q1/JCI Q1),KOREAN SPINAL NEUROSURGERY SOC,其他,是,SCIE,需核实,请查期刊官网 Author / Open Access 页面,未知,,https://www.google.com/search?q=Neurospine+aims+scope+instructions+for+authors+APC
1011,2-Q1且IF小于10,1,INTERNATIONAL JOURNAL OF NEUROPSYCHOPHARMACOLOGY,INT J NEUROPSYCHOPH,1461-1457,1469-5111,4.8,5.3,Q1,42/296,Q1,Q1,1.07,86.0,63.0,7498.0,CLINICAL NEUROLOGY; NEUROSCIENCES; PHARMACOLOGY & PHARMACY; PSYCHIATRY,CLINICAL NEUROLOGY(JIF Q1/JCI Q1) | NEUROSCIENCES(JIF Q1/JCI Q1) | PHARMACOLOGY & PHARMACY(JIF Q1/JCI Q1) | PSYCHIATRY(JIF Q1/JCI Q1),OXFORD UNIV PRESS,Oxford UP,是,SCIE,混合为主,订阅路线通常无APC；可选OA，费用因刊而异,中,https://academic.oup.com/pages/open-research/open-access,https://www.google.com/search?q=INTERNATIONAL+JOURNAL+OF+NEUROPSYCHOPHARMACOLOGY+aims+scope+instructions+for+authors+APC
1012,2-Q1且IF小于10,1,ANAIS BRASILEIROS DE DERMATOLOGIA,AN BRAS DERMATOL,0365-0596,1806-4841,4.4,3.4,Q1,13/99,Q1,Q1,1.15,87.4,63.0,4180.0,DERMATOLOGY,DERMATOLOGY(JIF Q1/JCI Q1),ELSEVIER SCIENCE INC,Elsevier,是,SCIE,混合为主,"订阅路线通常无APC；Gold OA常见 USD 2,200-4,200",中,https://www.elsevier.com/open-access/agreements,https://www.google.com/search?q=ANAIS+BRASILEIROS+DE+DERMATOLOGIA+aims+scope+instructions+for+authors+APC
1013,2-Q1且IF小于10,1,World Journal of Mens Health,WORLD J MENS HEALTH,2287-4208,2287-4690,4.3,4.8,Q1,1/8,Q1,Q1,1.22,93.8,63.0,2648.0,ANDROLOGY; UROLOGY & NEPHROLOGY,ANDROLOGY(JIF Q1/JCI Q1) | UROLOGY & NEPHROLOGY(JIF Q1/JCI Q1),KOREAN SOC SEXUAL MEDICINE & ANDROLOGY,其他,是,SCIE,需核实,请查期刊官网 Author / Open Access 页面,未知,,https://www.google.com/search?q=World+Journal+of+Mens+Health+aims+scope+instructions+for+authors+APC
1014,2-Q1且IF小于10,1,PSYCHOLOGY AND PSYCHOTHERAPY-THEORY RESEARCH AND PRACTICE,PSYCHOL PSYCHOTHER-T,1476-0835,2044-8341,3.4,3.8,Q1,34/184,Q2,Q2,0.88,81.8,63.0,2687.0,"PSYCHIATRY; PSYCHOLOGY, CLINICAL","PSYCHIATRY(JIF Q2/JCI Q2) | PSYCHOLOGY, CLINICAL(JIF Q1/JCI Q2)",WILEY,Wiley,是,"SCIE, SSCI; SCIE; SSCI",混合为主,"订阅路线通常无APC；OnlineOpen常见 USD 3,200-4,700",中,https://authorservices.wiley.com/author-resources/Journal-Authors/open-access/article-publication-charges.html,https://www.google.com/search?q=PSYCHOLOGY+AND+PSYCHOTHERAPY-THEORY+RESEARCH+AND+PRACTICE+aims+scope+instructions+for+authors+APC
1015,2-Q1且IF小于10,1,CONTEMPORARY DRUG PROBLEMS,CONTEMP DRUG PROBL,0091-4509,2163-1808,3.3,,Q1,12/61,Q1,Q1,1.1,81.1,63.0,823.0,SUBSTANCE ABUSE,SUBSTANCE ABUSE(JIF Q1/JCI Q1),SAGE PUBLICATIONS INC,SAGE,否,ESCI,混合为主,"订阅路线通常无APC；SAGE Choice常见 USD 2,000-4,000",中,https://us.sagepub.com/en-us/nam/sage-choice,https://www.google.com/search?q=CONTEMPORARY+DRUG+PROBLEMS+aims+scope+instructions+for+authors+APC
1016,2-Q1且IF小于10,1,Addictive Behaviors Reports,ADDICT BEHAV REP,,2352-8532,3.3,,Q1,12/61,Q1,Q1,1.06,81.1,63.0,1855.0,"PSYCHOLOGY, CLINICAL; SUBSTANCE ABUSE","PSYCHOLOGY, CLINICAL(JIF Q1/JCI Q1) | SUBSTANCE ABUSE(JIF Q1/JCI Q1)",ELSEVIER,Elsevier,否,ESCI,混合为主,"订阅路线通常无APC；Gold OA常见 USD 2,200-4,200",中,https://www.elsevier.com/open-access/agreements,https://www.google.com/search?q=Addictive+Behaviors+Reports+aims+scope+instructions+for+authors+APC
1017,2-Q1且IF小于10,1,CLINICAL CHEMISTRY,CLIN CHEM,0009-9147,1530-8561,8.3,7.7,Q1,2/33,Q1,Q1,2.43,95.5,62.0,22922.0,MEDICAL LABORATORY TECHNOLOGY,MEDICAL LABORATORY TECHNOLOGY(JIF Q1/JCI Q1),OXFORD UNIV PRESS INC,Oxford UP,是,SCIE,混合为主,订阅路线通常无APC；可选OA，费用因刊而异,中,https://academic.oup.com/pages/open-research/open-access,https://www.google.com/search?q=CLINICAL+CHEMISTRY+aims+scope+instructions+for+authors+APC
1018,2-Q1且IF小于10,1,HUMAN GENE THERAPY,HUM GENE THER,1043-0342,1557-7422,4.6,4.4,Q1,38/192,Q2,Q2,0.87,80.5,62.0,6417.0,"BIOTECHNOLOGY & APPLIED MICROBIOLOGY; GENETICS & HEREDITY; MEDICINE, RESEARCH & EXPERIMENTAL","BIOTECHNOLOGY & APPLIED MICROBIOLOGY(JIF Q2/JCI Q2) | GENETICS & HEREDITY(JIF Q1/JCI Q2) | MEDICINE, RESEARCH & EXPERIMENTAL(JIF Q2/JCI Q2)",SAGE PUBLICATIONS INC,SAGE,是,SCIE,混合为主,"订阅路线通常无APC；SAGE Choice常见 USD 2,000-4,000",中,https://us.sagepub.com/en-us/nam/sage-choice,https://www.google.com/search?q=HUMAN+GENE+THERAPY+aims+scope+instructions+for+authors+APC
1019,2-Q1且IF小于10,1,JOURNAL OF THE AMERICAN ACADEMY OF CHILD AND ADOLESCENT PSYCHIATRY,J AM ACAD CHILD PSY,0890-8567,1527-5418,9.6,11.3,Q1,1/95,Q1,Q1,3.05,98.7,61.0,21250.0,PEDIATRICS; PSYCHIATRY,PEDIATRICS(JIF Q1/JCI Q1) | PSYCHIATRY(JIF Q1/JCI Q1),ELSEVIER SCIENCE INC,Elsevier,是,"SCIE; SCIE, SSCI; SSCI",混合为主,"订阅路线通常无APC；Gold OA常见 USD 2,200-4,200",中,https://www.elsevier.com/open-access/agreements,https://www.google.com/search?q=JOURNAL+OF+THE+AMERICAN+ACADEMY+OF+CHILD+AND+ADOLESCENT+PSYCHIATRY+aims+scope+instructions+for+authors+APC
1020,2-Q1且IF小于10,1,Molecular Autism,MOL AUTISM,2040-2392,2040-2392,5.7,7.0,Q1,30/192,Q1,Q1,1.44,84.6,61.0,5034.0,GENETICS & HEREDITY; NEUROSCIENCES,GENETICS & HEREDITY(JIF Q1/JCI Q1) | NEUROSCIENCES(JIF Q1/JCI Q1),BMC,BMC,是,SCIE,全OA,"约 USD 1,990-2,890（旗舰刊更高）",高,https://www.biomedcentral.com/getpublished/article-processing-charges,https://www.google.com/search?q=Molecular+Autism+aims+scope+instructions+for+authors+APC
1021,2-Q1且IF小于10,1,Human Resources for Health,HUM RESOUR HEALTH,,1478-4491,5.4,6.1,Q1,2/54,Q1,Q1,1.48,94.8,61.0,5928.0,HEALTH POLICY & SERVICES,HEALTH POLICY & SERVICES(JIF Q1/JCI Q1),BMC,BMC,否,SSCI,全OA,"约 USD 1,990-2,890（旗舰刊更高）",高,https://www.biomedcentral.com/getpublished/article-processing-charges,https://www.google.com/search?q=Human+Resources+for+Health+aims+scope+instructions+for+authors+APC
1022,2-Q1且IF小于10,1,Intestinal Research,INTEST RES,1598-9100,1598-9100,4.7,3.9,Q1,36/153,Q2,Q2,0.76,76.8,61.0,1844.0,GASTROENTEROLOGY & HEPATOLOGY,GASTROENTEROLOGY & HEPATOLOGY(JIF Q1/JCI Q2),KOREAN ASSOC STUDY INTESTINAL DISEASES,其他,否,ESCI,需核实,请查期刊官网 Author / Open Access 页面,未知,,https://www.google.com/search?q=Intestinal+Research+aims+scope+instructions+for+authors+APC
1023,2-Q1且IF小于10,1,Translational Stroke Research,TRANSL STROKE RES,1868-4483,1868-601X,4.2,5.4,Q1,61/296,Q1,Q1,1.01,79.6,61.0,4832.0,CLINICAL NEUROLOGY; NEUROSCIENCES,CLINICAL NEUROLOGY(JIF Q1/JCI Q1) | NEUROSCIENCES(JIF Q2/JCI Q2),SPRINGER,Springer,是,SCIE,混合为主,"订阅路线通常无APC；选OA约 USD 2,790-4,290",中,https://www.springer.com/gp/open-access,https://www.google.com/search?q=Translational+Stroke+Research+aims+scope+instructions+for+authors+APC
1024,2-Q1且IF小于10,1,ACS Chemical Health & Safety,ACS CHEM HEALTH SAFE,,1878-0504,3.8,3.5,Q1,87/443,Q2,Q2,0.84,80.5,61.0,803.0,"PUBLIC, ENVIRONMENTAL & OCCUPATIONAL HEALTH","PUBLIC, ENVIRONMENTAL & OCCUPATIONAL HEALTH(JIF Q1/JCI Q2)",AMER CHEMICAL SOC,其他,否,ESCI,需核实,请查期刊官网 Author / Open Access 页面,未知,,https://www.google.com/search?q=ACS+Chemical+Health+&+Safety+aims+scope+instructions+for+authors+APC
1025,2-Q1且IF小于10,1,npj Mental Health Research,NPJ MENT HEALTH RES,,2731-4251,9.1,8.3,Q1,10/293,Q1,Q1,1.95,96.8,60.0,845.0,PSYCHIATRY,PSYCHIATRY(JIF Q1/JCI Q1),SPRINGERNATURE,Springer Nature,否,ESCI,混合/全OA,"全OA约 USD 2,090-3,490；Nature系更高；Scientific Reports已拉黑",中高,https://www.springernature.com/gp/open-research/journals-books/journals,https://www.google.com/search?q=npj+Mental+Health+Research+aims+scope+instructions+for+authors+APC
1026,2-Q1且IF小于10,1,DIABETES-METABOLISM RESEARCH AND REVIEWS,DIABETES-METAB RES,1520-7552,1520-7560,8.3,7.2,Q1,15/198,Q1,Q1,1.36,92.7,60.0,8455.0,ENDOCRINOLOGY & METABOLISM,ENDOCRINOLOGY & METABOLISM(JIF Q1/JCI Q1),WILEY,Wiley,是,SCIE,混合为主,"订阅路线通常无APC；OnlineOpen常见 USD 3,200-4,700",中,https://authorservices.wiley.com/author-resources/Journal-Authors/open-access/article-publication-charges.html,https://www.google.com/search?q=DIABETES-METABOLISM+RESEARCH+AND+REVIEWS+aims+scope+instructions+for+authors+APC
1027,2-Q1且IF小于10,1,DRUG DELIVERY,DRUG DELIV,1071-7544,1521-0464,8.0,8.3,Q1,24/356,Q1,Q1,2.33,93.4,60.0,13146.0,PHARMACOLOGY & PHARMACY,PHARMACOLOGY & PHARMACY(JIF Q1/JCI Q1),TAYLOR & FRANCIS LTD,Taylor & Francis,是,SCIE,混合为主,"订阅路线通常无APC；Open Select常见 USD 2,500-3,500",中,https://authorservices.taylorandfrancis.com/publishing-open-access/,https://www.google.com/search?q=DRUG+DELIVERY+aims+scope+instructions+for+authors+APC
1028,2-Q1且IF小于10,1,JOURNAL OF PINEAL RESEARCH,J PINEAL RES,0742-3098,1600-079X,7.5,8.5,Q1,4/89,Q1,Q1,1.97,91.4,60.0,10034.0,ENDOCRINOLOGY & METABOLISM; NEUROSCIENCES,ENDOCRINOLOGY & METABOLISM(JIF Q1/JCI Q1) | NEUROSCIENCES(JIF Q1/JCI Q1),WILEY,Wiley,是,SCIE,混合为主,"订阅路线通常无APC；OnlineOpen常见 USD 3,200-4,700",中,https://authorservices.wiley.com/author-resources/Journal-Authors/open-access/article-publication-charges.html,https://www.google.com/search?q=JOURNAL+OF+PINEAL+RESEARCH+aims+scope+instructions+for+authors+APC
1029,2-Q1且IF小于10,1,BULLETIN OF THE WORLD HEALTH ORGANIZATION,B WORLD HEALTH ORGAN,0042-9686,1564-0604,6.9,8.8,Q1,25/443,Q1,Q1,1.53,94.5,60.0,16149.0,"PUBLIC, ENVIRONMENTAL & OCCUPATIONAL HEALTH","PUBLIC, ENVIRONMENTAL & OCCUPATIONAL HEALTH(JIF Q1/JCI Q1)",WORLD HEALTH ORGANIZATION,其他,是,SCIE,需核实,请查期刊官网 Author / Open Access 页面,未知,,https://www.google.com/search?q=BULLETIN+OF+THE+WORLD+HEALTH+ORGANIZATION+aims+scope+instructions+for+authors+APC
1030,2-Q1且IF小于10,1,Stem Cells Translational Medicine,STEM CELL TRANSL MED,2157-6564,2157-6580,5.9,5.8,Q1,6/32,Q1,Q1,1.08,82.8,60.0,7584.0,CELL & TISSUE ENGINEERING,CELL & TISSUE ENGINEERING(JIF Q1/JCI Q1),OXFORD UNIV PRESS,Oxford UP,是,SCIE,混合为主,订阅路线通常无APC；可选OA，费用因刊而异,中,https://academic.oup.com/pages/open-research/open-access,https://www.google.com/search?q=Stem+Cells+Translational+Medicine+aims+scope+instructions+for+authors+APC
1031,2-Q1且IF小于10,1,Polish Archives of Internal Medicine-Polskie Archiwum Medycyny Wewnetrznej,POL ARCH INTERN MED,0032-3772,1897-9483,4.8,3.6,Q1,46/336,Q1,Q1,0.84,86.5,60.0,2653.0,"MEDICINE, GENERAL & INTERNAL","MEDICINE, GENERAL & INTERNAL(JIF Q1/JCI Q1)",MEDYCYNA PRAKTYCZNA SP K SP ZOO,其他,是,SCIE,需核实,请查期刊官网 Author / Open Access 页面,未知,,https://www.google.com/search?q=Polish+Archives+of+Internal+Medicine-Polskie+Archiwum+Medycyny+Wewnetrznej+aims+scope+instructions+for+authors+APC
1032,2-Q1且IF小于10,1,BioMedInformatics,BIOMEDINFORMATICS,,2673-7426,3.6,3.5,Q1,13/67,Q2,Q2,0.66,81.3,60.0,934.0,MATHEMATICAL & COMPUTATIONAL BIOLOGY; MEDICAL INFORMATICS,MATHEMATICAL & COMPUTATIONAL BIOLOGY(JIF Q1/JCI Q2) | MEDICAL INFORMATICS(JIF Q3/JCI Q3),MDPI,MDPI,否,ESCI,全OA,"约 CHF 1,600-2,900（如 JCM=CHF 2,600）",高,https://www.mdpi.com/about/apc,https://www.google.com/search?q=BioMedInformatics+aims+scope+instructions+for+authors+APC
1033,2-Q1且IF小于10,1,Journal of Ginseng Research,J GINSENG RES,1226-8453,2093-4947,7.5,6.6,Q1,3/48,Q1,Q1,1.48,94.8,59.0,4705.0,"CHEMISTRY, MEDICINAL; INTEGRATIVE & COMPLEMENTARY MEDICINE","CHEMISTRY, MEDICINAL(JIF Q1/JCI Q1) | INTEGRATIVE & COMPLEMENTARY MEDICINE(JIF Q1/JCI Q1)",KOREAN SOC GINSENG,其他,是,SCIE,需核实,请查期刊官网 Author / Open Access 页面,未知,,https://www.google.com/search?q=Journal+of+Ginseng+Research+aims+scope+instructions+for+authors+APC
1034,2-Q1且IF小于10,1,New Microbes and New Infections,NEW MICROB NEW INFEC,,2052-2975,6.0,3.2,Q1,14/141,Q3,Q3,0.6,90.4,59.0,2291.0,INFECTIOUS DISEASES; MICROBIOLOGY,INFECTIOUS DISEASES(JIF Q1/JCI Q3) | MICROBIOLOGY(JIF Q1/JCI Q3),ELSEVIER SCI LTD,Elsevier,否,ESCI,混合为主,"订阅路线通常无APC；Gold OA常见 USD 2,200-4,200",中,https://www.elsevier.com/open-access/agreements,https://www.google.com/search?q=New+Microbes+and+New+Infections+aims+scope+instructions+for+authors+APC
1035,2-Q1且IF小于10,1,Worldviews on Evidence-Based Nursing,WORLDV EVID-BASED NU,1545-102X,1741-6787,5.3,6.0,Q1,4/194,Q1,Q1,1.38,98.2,59.0,3444.0,NURSING,NURSING(JIF Q1/JCI Q1),WILEY,Wiley,是,"SCIE, SSCI",混合为主,"订阅路线通常无APC；OnlineOpen常见 USD 3,200-4,700",中,https://authorservices.wiley.com/author-resources/Journal-Authors/open-access/article-publication-charges.html,https://www.google.com/search?q=Worldviews+on+Evidence-Based+Nursing+aims+scope+instructions+for+authors+APC
1036,2-Q1且IF小于10,1,Reproduction and Fertility,REPROD FERTIL,,2633-8386,3.8,4.5,Q1,10/44,Q2,Q2,0.79,78.4,59.0,804.0,REPRODUCTIVE BIOLOGY,REPRODUCTIVE BIOLOGY(JIF Q1/JCI Q2),BIOSCIENTIFICA LTD,其他,否,ESCI,需核实,请查期刊官网 Author / Open Access 页面,未知,,https://www.google.com/search?q=Reproduction+and+Fertility+aims+scope+instructions+for+authors+APC
1037,2-Q1且IF小于10,1,Brazilian Journal of Physical Therapy,BRAZ J PHYS THER,1413-3555,1809-9246,3.6,4.4,Q1,12/175,Q1,Q1,1.12,93.4,59.0,3534.0,ORTHOPEDICS; REHABILITATION,ORTHOPEDICS(JIF Q1/JCI Q1) | REHABILITATION(JIF Q1/JCI Q1),ASSOCIACAO BRASILEIRA PESQUISA POS-GRADUACAO FISIOTERAPIA-ABRAPG-FT,其他,是,SCIE,需核实,请查期刊官网 Author / Open Access 页面,未知,,https://www.google.com/search?q=Brazilian+Journal+of+Physical+Therapy+aims+scope+instructions+for+authors+APC
1038,2-Q1且IF小于10,1,SURGEON-JOURNAL OF THE ROYAL COLLEGES OF SURGEONS OF EDINBURGH AND IRELAND,SURG-J R COLL SURG E,1479-666X,2405-5840,2.7,2.6,Q1,73/321,Q1,Q1,1.13,77.4,59.0,2428.0,SURGERY,SURGERY(JIF Q1/JCI Q1),ROYAL COLLEGE SURGEONS EDINBURGH,其他,是,SCIE,需核实,请查期刊官网 Author / Open Access 页面,未知,,https://www.google.com/search?q=SURGEON-JOURNAL+OF+THE+ROYAL+COLLEGES+OF+SURGEONS+OF+EDINBURGH+AND+IRELAND+aims+scope+instructions+for+authors+APC
1039,2-Q1且IF小于10,1,World Journal of Emergency Surgery,WORLD J EMERG SURG,1749-7922,1749-7922,7.7,8.3,Q1,9/321,Q1,Q1,2.42,97.4,58.0,4268.0,EMERGENCY MEDICINE; SURGERY,EMERGENCY MEDICINE(JIF Q1/JCI Q1) | SURGERY(JIF Q1/JCI Q1),BMC,BMC,是,SCIE,全OA,"约 USD 1,990-2,890（旗舰刊更高）",高,https://www.biomedcentral.com/getpublished/article-processing-charges,https://www.google.com/search?q=World+Journal+of+Emergency+Surgery+aims+scope+instructions+for+authors+APC
1040,2-Q1且IF小于10,1,MILBANK QUARTERLY,MILBANK Q,0887-378X,1468-0009,6.2,6.7,Q1,5/125,Q1,Q1,1.85,96.4,58.0,5495.0,HEALTH CARE SCIENCES & SERVICES; HEALTH POLICY & SERVICES,HEALTH CARE SCIENCES & SERVICES(JIF Q1/JCI Q1) | HEALTH POLICY & SERVICES(JIF Q1/JCI Q1),WILEY,Wiley,是,SCIE; SSCI,混合为主,"订阅路线通常无APC；OnlineOpen常见 USD 3,200-4,700",中,https://authorservices.wiley.com/author-resources/Journal-Authors/open-access/article-publication-charges.html,https://www.google.com/search?q=MILBANK+QUARTERLY+aims+scope+instructions+for+authors+APC
1041,2-Q1且IF小于10,1,BEST PRACTICE & RESEARCH CLINICAL OBSTETRICS & GYNAECOLOGY,BEST PRACT RES CL OB,1521-6934,1532-1932,5.9,6.0,Q1,6/143,Q1,Q1,1.88,96.2,58.0,6608.0,OBSTETRICS & GYNECOLOGY,OBSTETRICS & GYNECOLOGY(JIF Q1/JCI Q1),ELSEVIER SCI LTD,Elsevier,是,SCIE,混合为主,"订阅路线通常无APC；Gold OA常见 USD 2,200-4,200",中,https://www.elsevier.com/open-access/agreements,https://www.google.com/search?q=BEST+PRACTICE+&+RESEARCH+CLINICAL+OBSTETRICS+&+GYNAECOLOGY+aims+scope+instructions+for+authors+APC
1042,2-Q1且IF小于10,1,PHARMACOECONOMICS,PHARMACOECONOMICS,1170-7690,1179-2027,4.7,6.0,Q1,9/125,Q1,Q1,1.3,93.2,58.0,8214.0,HEALTH CARE SCIENCES & SERVICES; HEALTH POLICY & SERVICES; PHARMACOLOGY & PHARMACY,HEALTH CARE SCIENCES & SERVICES(JIF Q1/JCI Q1) | HEALTH POLICY & SERVICES(JIF Q1/JCI Q1) | PHARMACOLOGY & PHARMACY(JIF Q1/JCI Q1),ADIS INT LTD,其他,是,SSCI; SCIE,需核实,请查期刊官网 Author / Open Access 页面,未知,,https://www.google.com/search?q=PHARMACOECONOMICS+aims+scope+instructions+for+authors+APC
1043,2-Q1且IF小于10,1,Frontiers in Radiology,FRONT RADIOL,,2673-8740,4.0,3.6,Q1,42/217,Q2,Q2,0.8,80.9,58.0,536.0,"RADIOLOGY, NUCLEAR MEDICINE & MEDICAL IMAGING","RADIOLOGY, NUCLEAR MEDICINE & MEDICAL IMAGING(JIF Q1/JCI Q2)",FRONTIERS MEDIA SA,Frontiers,否,ESCI,全OA,"约 CHF 1,495-3,150（Frontiers in Medicine A类=CHF 3,150）",高,https://www.frontiersin.org/about/fee-policy,https://www.google.com/search?q=Frontiers+in+Radiology+aims+scope+instructions+for+authors+APC
1044,2-Q1且IF小于10,1,Asian Nursing Research,ASIAN NURS RES,1976-1317,2093-7482,2.9,3.3,Q1,33/194,Q1,Q1,1.05,83.2,58.0,1935.0,NURSING,NURSING(JIF Q1/JCI Q1),ELSEVIER SCIENCE INC,Elsevier,是,"SCIE, SSCI",混合为主,"订阅路线通常无APC；Gold OA常见 USD 2,200-4,200",中,https://www.elsevier.com/open-access/agreements,https://www.google.com/search?q=Asian+Nursing+Research+aims+scope+instructions+for+authors+APC
1045,2-Q1且IF小于10,1,JOURNAL OF FLUENCY DISORDERS,J FLUENCY DISORD,0094-730X,1873-801X,2.8,3.3,Q1,5/62,Q1,Q1,1.32,87.1,58.0,2292.0,AUDIOLOGY & SPEECH-LANGUAGE PATHOLOGY; REHABILITATION,AUDIOLOGY & SPEECH-LANGUAGE PATHOLOGY(JIF Q1/JCI Q1) | REHABILITATION(JIF Q1/JCI Q1),ELSEVIER SCIENCE INC,Elsevier,是,"SCIE; SSCI; SCIE, SSCI",混合为主,"订阅路线通常无APC；Gold OA常见 USD 2,200-4,200",中,https://www.elsevier.com/open-access/agreements,https://www.google.com/search?q=JOURNAL+OF+FLUENCY+DISORDERS+aims+scope+instructions+for+authors+APC
1046,2-Q1且IF小于10,1,AUTOIMMUNITY REVIEWS,AUTOIMMUN REV,1568-9972,1873-0183,9.8,10.6,Q1,18/183,Q1,Q1,1.61,90.4,57.0,15742.0,IMMUNOLOGY,IMMUNOLOGY(JIF Q1/JCI Q1),ELSEVIER,Elsevier,是,SCIE,混合为主,"订阅路线通常无APC；Gold OA常见 USD 2,200-4,200",中,https://www.elsevier.com/open-access/agreements,https://www.google.com/search?q=AUTOIMMUNITY+REVIEWS+aims+scope+instructions+for+authors+APC
1047,2-Q1且IF小于10,1,Journal of Intensive Care,J INTENSIVE CARE,2052-0492,2052-0492,7.5,6.1,Q1,8/66,Q1,Q1,1.19,88.6,57.0,3341.0,CRITICAL CARE MEDICINE,CRITICAL CARE MEDICINE(JIF Q1/JCI Q1),BMC,BMC,是,SCIE,全OA,"约 USD 1,990-2,890（旗舰刊更高）",高,https://www.biomedcentral.com/getpublished/article-processing-charges,https://www.google.com/search?q=Journal+of+Intensive+Care+aims+scope+instructions+for+authors+APC
1048,2-Q1且IF小于10,1,Radiology-Imaging Cancer,RADIOL-IMAG CANCER,2638-616X,2638-616X,7.2,6.2,Q1,16/217,Q1,Q1,1.26,92.9,57.0,1036.0,"ONCOLOGY; RADIOLOGY, NUCLEAR MEDICINE & MEDICAL IMAGING","ONCOLOGY(JIF Q1/JCI Q1) | RADIOLOGY, NUCLEAR MEDICINE & MEDICAL IMAGING(JIF Q1/JCI Q1)",RADIOLOGICAL SOC NORTH AMERICA (RSNA),其他,否,ESCI,需核实,请查期刊官网 Author / Open Access 页面,未知,,https://www.google.com/search?q=Radiology-Imaging+Cancer+aims+scope+instructions+for+authors+APC
1049,2-Q1且IF小于10,1,npj Regenerative Medicine,NPJ REGEN MED,,2057-3995,7.0,8.1,Q1,5/32,Q1,Q1,1.37,85.9,57.0,3206.0,"CELL & TISSUE ENGINEERING; ENGINEERING, BIOMEDICAL","CELL & TISSUE ENGINEERING(JIF Q1/JCI Q1) | ENGINEERING, BIOMEDICAL(JIF Q1/JCI Q1)",NATURE PORTFOLIO,Springer Nature,是,SCIE,混合/全OA,"全OA约 USD 2,090-3,490；Nature系更高；Scientific Reports已拉黑",中高,https://www.springernature.com/gp/open-research/journals-books/journals,https://www.google.com/search?q=npj+Regenerative+Medicine+aims+scope+instructions+for+authors+APC
1050,2-Q1且IF小于10,1,REDOX REPORT,REDOX REP,1351-0002,1743-2928,6.9,6.7,Q1,49/328,Q1,Q1,1.39,85.2,57.0,2765.0,BIOCHEMISTRY & MOLECULAR BIOLOGY,BIOCHEMISTRY & MOLECULAR BIOLOGY(JIF Q1/JCI Q1),TAYLOR & FRANCIS LTD,Taylor & Francis,是,SCIE,混合为主,"订阅路线通常无APC；Open Select常见 USD 2,500-3,500",中,https://authorservices.taylorandfrancis.com/publishing-open-access/,https://www.google.com/search?q=REDOX+REPORT+aims+scope+instructions+for+authors+APC
1051,2-Q1且IF小于10,1,Journal of Safety Science and Resilience,J SAF SCI RESIL,2096-7527,2666-4496,6.3,5.8,Q1,31/443,Q1,Q1,1.66,93.1,57.0,976.0,"PUBLIC, ENVIRONMENTAL & OCCUPATIONAL HEALTH","PUBLIC, ENVIRONMENTAL & OCCUPATIONAL HEALTH(JIF Q1/JCI Q1)",KEAI PUBLISHING LTD,其他,否,ESCI,需核实,请查期刊官网 Author / Open Access 页面,未知,,https://www.google.com/search?q=Journal+of+Safety+Science+and+Resilience+aims+scope+instructions+for+authors+APC
1052,2-Q1且IF小于10,1,Arthroplasty,ARTHROPLASTY,,2524-7948,4.8,4.0,Q1,13/147,Q1,Q1,1.56,91.5,57.0,1139.0,ORTHOPEDICS,ORTHOPEDICS(JIF Q1/JCI Q1),BMC,BMC,否,ESCI,全OA,"约 USD 1,990-2,890（旗舰刊更高）",高,https://www.biomedcentral.com/getpublished/article-processing-charges,https://www.google.com/search?q=Arthroplasty+aims+scope+instructions+for+authors+APC
1053,2-Q1且IF小于10,1,BJA Open,BJA OPEN,,2772-6096,3.5,3.1,Q1,18/72,Q2,Q2,0.81,75.7,57.0,505.0,ANESTHESIOLOGY,ANESTHESIOLOGY(JIF Q1/JCI Q2),ELSEVIER,Elsevier,否,ESCI,混合为主,"订阅路线通常无APC；Gold OA常见 USD 2,200-4,200",中,https://www.elsevier.com/open-access/agreements,https://www.google.com/search?q=BJA+Open+aims+scope+instructions+for+authors+APC
1054,2-Q1且IF小于10,1,JOURNAL OF INVESTIGATIVE SURGERY,J INVEST SURG,0894-1939,1521-0553,2.7,2.5,Q1,73/321,Q1,Q1,1.21,77.4,57.0,2208.0,SURGERY,SURGERY(JIF Q1/JCI Q1),TAYLOR & FRANCIS INC,Taylor & Francis,是,SCIE,混合为主,"订阅路线通常无APC；Open Select常见 USD 2,500-3,500",中,https://authorservices.taylorandfrancis.com/publishing-open-access/,https://www.google.com/search?q=JOURNAL+OF+INVESTIGATIVE+SURGERY+aims+scope+instructions+for+authors+APC
1055,2-Q1且IF小于10,1,Journal of Nursing Research,J NURS RES,1682-3141,1948-965X,2.7,3.5,Q1,41/194,Q1,Q1,1.12,79.1,57.0,2053.0,NURSING,NURSING(JIF Q1/JCI Q1),LIPPINCOTT WILLIAMS & WILKINS,Wolters Kluwer/LWW,是,"SCIE, SSCI",混合为主,"订阅路线通常无APC；OA常见 USD 2,000-4,000；MEDICINE已拉黑",中,https://wkauthorservices.editage.com/open-access/,https://www.google.com/search?q=Journal+of+Nursing+Research+aims+scope+instructions+for+authors+APC
1056,2-Q1且IF小于10,1,GENES & DEVELOPMENT,GENE DEV,0890-9369,1549-5477,7.4,9.7,Q1,3/39,Q1,Q1,1.37,91.4,56.0,42641.0,CELL BIOLOGY; GENETICS & HEREDITY,CELL BIOLOGY(JIF Q1/JCI Q1) | GENETICS & HEREDITY(JIF Q1/JCI Q1),"COLD SPRING HARBOR LAB PRESS, PUBLICATIONS DEPT",其他,是,SCIE,需核实,请查期刊官网 Author / Open Access 页面,未知,,https://www.google.com/search?q=GENES+&+DEVELOPMENT+aims+scope+instructions+for+authors+APC
1057,2-Q1且IF小于10,1,World Journal of Pediatrics,WORLD J PEDIATR,1708-8569,1867-0687,7.3,5.7,Q1,4/190,Q1,Q1,1.87,98.2,56.0,3496.0,PEDIATRICS,PEDIATRICS(JIF Q1/JCI Q1),ZHEJIANG UNIV PRESS,其他,是,SCIE,需核实,请查期刊官网 Author / Open Access 页面,未知,,https://www.google.com/search?q=World+Journal+of+Pediatrics+aims+scope+instructions+for+authors+APC
1058,2-Q1且IF小于10,1,GENE THERAPY,GENE THER,0969-7128,1476-5462,5.9,5.4,Q1,27/192,Q1,Q1,1.05,86.2,56.0,6613.0,"BIOCHEMISTRY & MOLECULAR BIOLOGY; BIOTECHNOLOGY & APPLIED MICROBIOLOGY; GENETICS & HEREDITY; MEDICINE, RESEARCH & EXPERIMENTAL","BIOCHEMISTRY & MOLECULAR BIOLOGY(JIF Q1/JCI Q1) | BIOTECHNOLOGY & APPLIED MICROBIOLOGY(JIF Q1/JCI Q1) | GENETICS & HEREDITY(JIF Q1/JCI Q1) | MEDICINE, RESEARCH & EXPERIMENTAL(JIF Q1/JCI Q1)",SPRINGERNATURE,Springer Nature,是,SCIE,混合/全OA,"全OA约 USD 2,090-3,490；Nature系更高；Scientific Reports已拉黑",中高,https://www.springernature.com/gp/open-research/journals-books/journals,https://www.google.com/search?q=GENE+THERAPY+aims+scope+instructions+for+authors+APC
1059,2-Q1且IF小于10,1,MATRIX BIOLOGY,MATRIX BIOL,0945-053X,1569-1802,5.9,6.5,Q1,66/328,Q2,Q2,0.92,80.0,56.0,8942.0,BIOCHEMISTRY & MOLECULAR BIOLOGY; CELL BIOLOGY,BIOCHEMISTRY & MOLECULAR BIOLOGY(JIF Q1/JCI Q2) | CELL BIOLOGY(JIF Q2/JCI Q2),ELSEVIER,Elsevier,是,SCIE,混合为主,"订阅路线通常无APC；Gold OA常见 USD 2,200-4,200",中,https://www.elsevier.com/open-access/agreements,https://www.google.com/search?q=MATRIX+BIOLOGY+aims+scope+instructions+for+authors+APC
1060,2-Q1且IF小于10,1,Best Practice & Research Clinical Gastroenterology,BEST PRACT RES CL GA,1521-6918,1532-1916,5.2,4.7,Q1,31/153,Q1,Q1,1.03,80.1,56.0,3623.0,GASTROENTEROLOGY & HEPATOLOGY,GASTROENTEROLOGY & HEPATOLOGY(JIF Q1/JCI Q1),ELSEVIER SCI LTD,Elsevier,是,SCIE,混合为主,"订阅路线通常无APC；Gold OA常见 USD 2,200-4,200",中,https://www.elsevier.com/open-access/agreements,https://www.google.com/search?q=Best+Practice+&+Research+Clinical+Gastroenterology+aims+scope+instructions+for+authors+APC
1061,2-Q1且IF小于10,1,Minerva Urology and Nephrology,MINERVA UROL NEPHROL,2724-6051,2724-6442,5.1,4.6,Q1,17/134,Q1,Q1,1.41,87.7,56.0,2048.0,UROLOGY & NEPHROLOGY,UROLOGY & NEPHROLOGY(JIF Q1/JCI Q1),EDIZIONI MINERVA MEDICA,其他,是,SCIE,需核实,请查期刊官网 Author / Open Access 页面,未知,,https://www.google.com/search?q=Minerva+Urology+and+Nephrology+aims+scope+instructions+for+authors+APC
1062,2-Q1且IF小于10,1,CLINICAL AND EXPERIMENTAL ALLERGY,CLIN EXP ALLERGY,0954-7894,1365-2222,5.0,5.4,Q1,10/40,Q2,Q2,0.83,76.3,56.0,10030.0,ALLERGY; IMMUNOLOGY,ALLERGY(JIF Q1/JCI Q2) | IMMUNOLOGY(JIF Q2/JCI Q2),WILEY,Wiley,是,SCIE,混合为主,"订阅路线通常无APC；OnlineOpen常见 USD 3,200-4,700",中,https://authorservices.wiley.com/author-resources/Journal-Authors/open-access/article-publication-charges.html,https://www.google.com/search?q=CLINICAL+AND+EXPERIMENTAL+ALLERGY+aims+scope+instructions+for+authors+APC
1063,2-Q1且IF小于10,1,Integrative Medicine Research,INTEGR MED RES,2213-4220,2213-4239,4.9,3.5,Q1,10/48,Q2,Q2,0.75,80.2,56.0,1670.0,INTEGRATIVE & COMPLEMENTARY MEDICINE,INTEGRATIVE & COMPLEMENTARY MEDICINE(JIF Q1/JCI Q2),ELSEVIER,Elsevier,是,SCIE,混合为主,"订阅路线通常无APC；Gold OA常见 USD 2,200-4,200",中,https://www.elsevier.com/open-access/agreements,https://www.google.com/search?q=Integrative+Medicine+Research+aims+scope+instructions+for+authors+APC
1064,2-Q1且IF小于10,1,STEM CELLS,STEM CELLS,1066-5099,1549-4918,4.8,4.5,Q1,19/103,Q2,Q2,0.77,82.0,56.0,14007.0,BIOTECHNOLOGY & APPLIED MICROBIOLOGY; CELL & TISSUE ENGINEERING; CELL BIOLOGY; HEMATOLOGY; ONCOLOGY,BIOTECHNOLOGY & APPLIED MICROBIOLOGY(JIF Q2/JCI Q2) | CELL & TISSUE ENGINEERING(JIF Q2/JCI Q2) | CELL BIOLOGY(JIF Q2/JCI Q2) | HEMATOLOGY(JIF Q1/JCI Q2) | ONCOLOGY(JIF Q2/JCI Q2),OXFORD UNIV PRESS,Oxford UP,是,SCIE,混合为主,订阅路线通常无APC；可选OA，费用因刊而异,中,https://academic.oup.com/pages/open-research/open-access,https://www.google.com/search?q=STEM+CELLS+aims+scope+instructions+for+authors+APC
1065,2-Q1且IF小于10,1,Mayo Clinic Proceedings-Innovations Quality & Outcomes,MAYO CLIN P INN QUAL,,2542-4548,4.5,,Q1,49/336,Q1,Q1,1.39,85.6,56.0,1543.0,"HEALTH CARE SCIENCES & SERVICES; MEDICINE, GENERAL & INTERNAL","HEALTH CARE SCIENCES & SERVICES(JIF Q1/JCI Q1) | MEDICINE, GENERAL & INTERNAL(JIF Q1/JCI Q1)",ELSEVIER,Elsevier,否,ESCI,混合为主,"订阅路线通常无APC；Gold OA常见 USD 2,200-4,200",中,https://www.elsevier.com/open-access/agreements,https://www.google.com/search?q=Mayo+Clinic+Proceedings-Innovations+Quality+&+Outcomes+aims+scope+instructions+for+authors+APC
1066,2-Q1且IF小于10,1,Annals of Laboratory Medicine,ANN LAB MED,2234-3806,2234-3814,4.4,4.1,Q1,6/33,Q1,Q1,1.61,83.3,56.0,2501.0,MEDICAL LABORATORY TECHNOLOGY,MEDICAL LABORATORY TECHNOLOGY(JIF Q1/JCI Q1),KOREAN SOC LABORATORY MEDICINE,其他,是,SCIE,需核实,请查期刊官网 Author / Open Access 页面,未知,,https://www.google.com/search?q=Annals+of+Laboratory+Medicine+aims+scope+instructions+for+authors+APC
1067,2-Q1且IF小于10,1,PATHOPHYSIOLOGY,PATHOPHYSIOLOGY-BASE,0928-4680,1873-149X,3.5,,Q1,22/89,Q2,Q2,0.91,75.8,56.0,1327.0,PATHOLOGY,PATHOLOGY(JIF Q1/JCI Q2),MDPI,MDPI,否,ESCI,全OA,"约 CHF 1,600-2,900（如 JCM=CHF 2,600）",高,https://www.mdpi.com/about/apc,https://www.google.com/search?q=PATHOPHYSIOLOGY+aims+scope+instructions+for+authors+APC
1068,2-Q1且IF小于10,1,Asia-Pacific Journal of Ophthalmology,ASIA-PAC J OPHTHALMO,,2162-0989,7.0,5.8,Q1,4/98,Q1,Q1,2.12,96.4,55.0,3070.0,OPHTHALMOLOGY,OPHTHALMOLOGY(JIF Q1/JCI Q1),ELSEVIER SCIENCE INC,Elsevier,是,SCIE,混合为主,"订阅路线通常无APC；Gold OA常见 USD 2,200-4,200",中,https://www.elsevier.com/open-access/agreements,https://www.google.com/search?q=Asia-Pacific+Journal+of+Ophthalmology+aims+scope+instructions+for+authors+APC
1069,2-Q1且IF小于10,1,International Journal of Nursing Sciences,INT J NURS SCI,,2352-0132,4.4,5.1,Q1,13/194,Q1,Q1,1.49,93.6,55.0,2955.0,NURSING,NURSING(JIF Q1/JCI Q1),ELSEVIER,Elsevier,否,ESCI,混合为主,"订阅路线通常无APC；Gold OA常见 USD 2,200-4,200",中,https://www.elsevier.com/open-access/agreements,https://www.google.com/search?q=International+Journal+of+Nursing+Sciences+aims+scope+instructions+for+authors+APC
1070,2-Q1且IF小于10,1,Reproductive Medicine and Biology,REPROD MED BIOL,1445-5781,1447-0578,4.3,4.4,Q1,14/143,Q1,Q1,1.16,90.6,55.0,2415.0,OBSTETRICS & GYNECOLOGY; REPRODUCTIVE BIOLOGY,OBSTETRICS & GYNECOLOGY(JIF Q1/JCI Q1) | REPRODUCTIVE BIOLOGY(JIF Q1/JCI Q1),WILEY,Wiley,是,SCIE,混合为主,"订阅路线通常无APC；OnlineOpen常见 USD 3,200-4,700",中,https://authorservices.wiley.com/author-resources/Journal-Authors/open-access/article-publication-charges.html,https://www.google.com/search?q=Reproductive+Medicine+and+Biology+aims+scope+instructions+for+authors+APC
1071,2-Q1且IF小于10,1,PRIMARY CARE,PRIMARY CARE,0095-4543,1558-299X,4.1,4.5,Q1,5/29,Q1,Q1,2.14,84.5,55.0,2740.0,"MEDICINE, GENERAL & INTERNAL; PRIMARY HEALTH CARE","MEDICINE, GENERAL & INTERNAL(JIF Q1/JCI Q1) | PRIMARY HEALTH CARE(JIF Q1/JCI Q1)",W B SAUNDERS CO-ELSEVIER INC,Elsevier,是,SCIE,混合为主,"订阅路线通常无APC；Gold OA常见 USD 2,200-4,200",中,https://www.elsevier.com/open-access/agreements,https://www.google.com/search?q=PRIMARY+CARE+aims+scope+instructions+for+authors+APC
1072,2-Q1且IF小于10,1,Journal of Healthcare Leadership,J HEALTHC LEADERSH,1179-3201,1179-3201,4.1,4.4,Q1,12/125,Q1,Q1,1.21,90.8,55.0,861.0,HEALTH POLICY & SERVICES,HEALTH POLICY & SERVICES(JIF Q1/JCI Q1),DOVE MEDICAL PRESS LTD,其他,否,ESCI,需核实,请查期刊官网 Author / Open Access 页面,未知,,https://www.google.com/search?q=Journal+of+Healthcare+Leadership+aims+scope+instructions+for+authors+APC
1073,2-Q1且IF小于10,1,International Journal of Health Geographics,INT J HEALTH GEOGR,1476-072X,1476-072X,4.1,4.4,Q1,75/443,Q1,Q1,1.1,83.2,55.0,3096.0,"PUBLIC, ENVIRONMENTAL & OCCUPATIONAL HEALTH","PUBLIC, ENVIRONMENTAL & OCCUPATIONAL HEALTH(JIF Q1/JCI Q1)",BMC,BMC,是,"SCIE, SSCI",全OA,"约 USD 1,990-2,890（旗舰刊更高）",高,https://www.biomedcentral.com/getpublished/article-processing-charges,https://www.google.com/search?q=International+Journal+of+Health+Geographics+aims+scope+instructions+for+authors+APC
1074,2-Q1且IF小于10,1,Journal of Exercise Science & Fitness,J EXERC SCI FIT,1728-869X,1728-869X,3.7,3.9,Q1,22/136,Q1,Q1,1.39,84.2,55.0,1352.0,SPORT SCIENCES,SPORT SCIENCES(JIF Q1/JCI Q1),ELSEVIER SINGAPORE PTE LTD,Elsevier,是,SCIE,混合为主,"订阅路线通常无APC；Gold OA常见 USD 2,200-4,200",中,https://www.elsevier.com/open-access/agreements,https://www.google.com/search?q=Journal+of+Exercise+Science+&+Fitness+aims+scope+instructions+for+authors+APC
1075,2-Q1且IF小于10,1,International Journal for Parasitology-Drugs and Drug Resistance,INT J PARASITOL-DRUG,2211-3207,2211-3207,3.5,4.3,Q1,8/47,Q1,Q1,1.15,84.0,55.0,1942.0,PARASITOLOGY; PHARMACOLOGY & PHARMACY,PARASITOLOGY(JIF Q1/JCI Q1) | PHARMACOLOGY & PHARMACY(JIF Q2/JCI Q1),ELSEVIER SCI LTD,Elsevier,是,SCIE,混合为主,"订阅路线通常无APC；Gold OA常见 USD 2,200-4,200",中,https://www.elsevier.com/open-access/agreements,https://www.google.com/search?q=International+Journal+for+Parasitology-Drugs+and+Drug+Resistance+aims+scope+instructions+for+authors+APC
1076,2-Q1且IF小于10,1,Forensic Science International-Synergy,FORENSIC SCI INT-SYN,,2589-871X,3.2,,Q1,4/24,Q1,Q1,1.32,85.4,55.0,828.0,"MEDICINE, LEGAL","MEDICINE, LEGAL(JIF Q1/JCI Q1)",ELSEVIER,Elsevier,否,ESCI,混合为主,"订阅路线通常无APC；Gold OA常见 USD 2,200-4,200",中,https://www.elsevier.com/open-access/agreements,https://www.google.com/search?q=Forensic+Science+International-Synergy+aims+scope+instructions+for+authors+APC
1077,2-Q1且IF小于10,1,American Journal of Rhinology & Allergy,AM J RHINOL ALLERGY,1945-8924,1945-8932,2.8,2.5,Q1,8/67,Q1,Q1,1.54,88.8,55.0,3980.0,OTORHINOLARYNGOLOGY,OTORHINOLARYNGOLOGY(JIF Q1/JCI Q1),SAGE PUBLICATIONS INC,SAGE,是,SCIE,混合为主,"订阅路线通常无APC；SAGE Choice常见 USD 2,000-4,000",中,https://us.sagepub.com/en-us/nam/sage-choice,https://www.google.com/search?q=American+Journal+of+Rhinology+&+Allergy+aims+scope+instructions+for+authors+APC
1078,2-Q1且IF小于10,1,Human Reproduction Open,HUM REPROD OPEN,,2399-3529,8.6,10.9,Q1,2/143,Q1,Q1,3.43,99.0,54.0,3367.0,OBSTETRICS & GYNECOLOGY; REPRODUCTIVE BIOLOGY,OBSTETRICS & GYNECOLOGY(JIF Q1/JCI Q1) | REPRODUCTIVE BIOLOGY(JIF Q1/JCI Q1),OXFORD UNIV PRESS,Oxford UP,是,SCIE,混合为主,订阅路线通常无APC；可选OA，费用因刊而异,中,https://academic.oup.com/pages/open-research/open-access,https://www.google.com/search?q=Human+Reproduction+Open+aims+scope+instructions+for+authors+APC
1079,2-Q1且IF小于10,1,AMERICAN JOURNAL OF ROENTGENOLOGY,AM J ROENTGENOL,0361-803X,1546-3141,7.4,5.1,Q1,13/217,Q1,Q1,1.83,94.2,54.0,31027.0,"RADIOLOGY, NUCLEAR MEDICINE & MEDICAL IMAGING","RADIOLOGY, NUCLEAR MEDICINE & MEDICAL IMAGING(JIF Q1/JCI Q1)",AMER ROENTGEN RAY SOC,其他,是,SCIE,需核实,请查期刊官网 Author / Open Access 页面,未知,,https://www.google.com/search?q=AMERICAN+JOURNAL+OF+ROENTGENOLOGY+aims+scope+instructions+for+authors+APC
1080,2-Q1且IF小于10,1,BEST PRACTICE & RESEARCH CLINICAL ENDOCRINOLOGY & METABOLISM,BEST PRACT RES CL EN,1521-690X,1532-1908,6.9,7.6,Q1,25/198,Q1,Q1,1.66,87.6,54.0,6197.0,ENDOCRINOLOGY & METABOLISM,ENDOCRINOLOGY & METABOLISM(JIF Q1/JCI Q1),ELSEVIER SCI LTD,Elsevier,是,SCIE,混合为主,"订阅路线通常无APC；Gold OA常见 USD 2,200-4,200",中,https://www.elsevier.com/open-access/agreements,https://www.google.com/search?q=BEST+PRACTICE+&+RESEARCH+CLINICAL+ENDOCRINOLOGY+&+METABOLISM+aims+scope+instructions+for+authors+APC
1081,2-Q1且IF小于10,1,JOURNAL OF CONSULTING AND CLINICAL PSYCHOLOGY,J CONSULT CLIN PSYCH,0022-006X,1939-2117,6.0,7.2,Q1,8/184,Q1,Q1,1.9,95.9,54.0,21382.0,"PSYCHOLOGY, CLINICAL","PSYCHOLOGY, CLINICAL(JIF Q1/JCI Q1)",AMER PSYCHOLOGICAL ASSOC,其他,否,SSCI,需核实,请查期刊官网 Author / Open Access 页面,未知,,https://www.google.com/search?q=JOURNAL+OF+CONSULTING+AND+CLINICAL+PSYCHOLOGY+aims+scope+instructions+for+authors+APC
1082,2-Q1且IF小于10,1,CRANIO-The Journal of Craniomandibular & Sleep Practice,CRANIO,0886-9634,2151-0903,5.4,2.7,Q1,12/165,Q1,Q1,1.16,93.0,54.0,2359.0,"DENTISTRY, ORAL SURGERY & MEDICINE","DENTISTRY, ORAL SURGERY & MEDICINE(JIF Q1/JCI Q1)",TAYLOR & FRANCIS LTD,Taylor & Francis,是,SCIE,混合为主,"订阅路线通常无APC；Open Select常见 USD 2,500-3,500",中,https://authorservices.taylorandfrancis.com/publishing-open-access/,https://www.google.com/search?q=CRANIO-The+Journal+of+Craniomandibular+&+Sleep+Practice+aims+scope+instructions+for+authors+APC
1083,2-Q1且IF小于10,1,ADMET and DMPK,ADMET DMPK,1848-7718,1848-7718,5.1,5.0,Q1,65/356,Q1,Q1,0.98,81.9,54.0,1067.0,"CHEMISTRY, MEDICINAL; PHARMACOLOGY & PHARMACY","CHEMISTRY, MEDICINAL(JIF Q2/JCI Q2) | PHARMACOLOGY & PHARMACY(JIF Q1/JCI Q1)",IAPC PUBLISHING,其他,否,ESCI,需核实,请查期刊官网 Author / Open Access 页面,未知,,https://www.google.com/search?q=ADMET+and+DMPK+aims+scope+instructions+for+authors+APC
1084,2-Q1且IF小于10,1,Mental Health and Physical Activity,MENT HEALTH PHYS ACT,1755-2966,1878-0199,3.1,3.6,Q1,43/184,Q2,Q2,0.96,76.9,54.0,1798.0,"PSYCHIATRY; PSYCHOLOGY, CLINICAL","PSYCHIATRY(JIF Q2/JCI Q2) | PSYCHOLOGY, CLINICAL(JIF Q1/JCI Q2)",ELSEVIER SCI LTD,Elsevier,否,SSCI,混合为主,"订阅路线通常无APC；Gold OA常见 USD 2,200-4,200",中,https://www.elsevier.com/open-access/agreements,https://www.google.com/search?q=Mental+Health+and+Physical+Activity+aims+scope+instructions+for+authors+APC
1085,2-Q1且IF小于10,1,Chinese Journal of Cancer Research,CHINESE J CANCER RES,1000-9604,1993-0631,6.7,6.2,Q1,58/333,Q1,Q1,1.08,82.7,53.0,3393.0,ONCOLOGY,ONCOLOGY(JIF Q1/JCI Q1),CHINESE JOURNAL CANCER RESEARCH CO,其他,是,SCIE,需核实,请查期刊官网 Author / Open Access 页面,未知,,https://www.google.com/search?q=Chinese+Journal+of+Cancer+Research+aims+scope+instructions+for+authors+APC
1086,2-Q1且IF小于10,1,Global Health Research and Policy,GLOB HEALTH RES POL,,2397-0642,6.0,5.5,Q1,33/443,Q1,Q1,1.38,92.7,53.0,1658.0,"PUBLIC, ENVIRONMENTAL & OCCUPATIONAL HEALTH","PUBLIC, ENVIRONMENTAL & OCCUPATIONAL HEALTH(JIF Q1/JCI Q1)",KEAI PUBLISHING LTD,其他,否,ESCI,需核实,请查期刊官网 Author / Open Access 页面,未知,,https://www.google.com/search?q=Global+Health+Research+and+Policy+aims+scope+instructions+for+authors+APC
1087,2-Q1且IF小于10,1,BIOFACTORS,BIOFACTORS,0951-6433,1872-8081,5.2,5.9,Q1,45/198,Q1,Q1,0.95,77.5,53.0,5999.0,BIOCHEMISTRY & MOLECULAR BIOLOGY; ENDOCRINOLOGY & METABOLISM,BIOCHEMISTRY & MOLECULAR BIOLOGY(JIF Q1/JCI Q1) | ENDOCRINOLOGY & METABOLISM(JIF Q1/JCI Q1),WILEY,Wiley,是,SCIE,混合为主,"订阅路线通常无APC；OnlineOpen常见 USD 3,200-4,700",中,https://authorservices.wiley.com/author-resources/Journal-Authors/open-access/article-publication-charges.html,https://www.google.com/search?q=BIOFACTORS+aims+scope+instructions+for+authors+APC
1088,2-Q1且IF小于10,1,JOINT BONE SPINE,JOINT BONE SPINE,1297-319X,1778-7254,5.0,4.6,Q1,10/58,Q1,Q1,1.02,83.6,53.0,5059.0,RHEUMATOLOGY,RHEUMATOLOGY(JIF Q1/JCI Q1),ELSEVIER FRANCE-EDITIONS SCIENTIFIQUES MEDICALES ELSEVIER,Elsevier,是,SCIE,混合为主,"订阅路线通常无APC；Gold OA常见 USD 2,200-4,200",中,https://www.elsevier.com/open-access/agreements,https://www.google.com/search?q=JOINT+BONE+SPINE+aims+scope+instructions+for+authors+APC
1089,2-Q1且IF小于10,1,European Journal of Physical and Rehabilitation Medicine,EUR J PHYS REHAB MED,1973-9087,1973-9095,4.0,4.0,Q1,7/175,Q1,Q1,1.53,96.3,53.0,4232.0,REHABILITATION,REHABILITATION(JIF Q1/JCI Q1),EDIZIONI MINERVA MEDICA,其他,是,SCIE,需核实,请查期刊官网 Author / Open Access 页面,未知,,https://www.google.com/search?q=European+Journal+of+Physical+and+Rehabilitation+Medicine+aims+scope+instructions+for+authors+APC
1090,2-Q1且IF小于10,1,Personality Disorders-Theory Research and Treatment,PERSONAL DISORD,1949-2715,1949-2723,3.6,4.2,Q1,30/184,Q1,Q1,1.4,84.0,53.0,2685.0,"PSYCHOLOGY, CLINICAL","PSYCHOLOGY, CLINICAL(JIF Q1/JCI Q1)",EDUCATIONAL PUBLISHING FOUNDATION-AMERICAN PSYCHOLOGICAL ASSOC,其他,否,SSCI,需核实,请查期刊官网 Author / Open Access 页面,未知,,https://www.google.com/search?q=Personality+Disorders-Theory+Research+and+Treatment+aims+scope+instructions+for+authors+APC
1091,2-Q1且IF小于10,1,PSYCHOTHERAPY,PSYCHOTHERAPY,0033-3204,1939-1536,3.3,3.9,Q1,38/184,Q1,Q1,1.22,79.6,53.0,4603.0,"PSYCHOLOGY, CLINICAL","PSYCHOLOGY, CLINICAL(JIF Q1/JCI Q1)","AMER PSYCHOLOGICAL ASSOC, DIV PSYCHOTHERAPY",其他,否,SSCI,需核实,请查期刊官网 Author / Open Access 页面,未知,,https://www.google.com/search?q=PSYCHOTHERAPY+aims+scope+instructions+for+authors+APC
1092,2-Q1且IF小于10,1,ASSISTIVE TECHNOLOGY,ASSIST TECHNOL,1040-0435,1949-3614,2.7,3.3,Q1,31/175,Q2,Q2,0.79,82.6,53.0,2029.0,REHABILITATION,REHABILITATION(JIF Q1/JCI Q2),TAYLOR & FRANCIS INC,Taylor & Francis,否,SSCI,混合为主,"订阅路线通常无APC；Open Select常见 USD 2,500-3,500",中,https://authorservices.taylorandfrancis.com/publishing-open-access/,https://www.google.com/search?q=ASSISTIVE+TECHNOLOGY+aims+scope+instructions+for+authors+APC
1093,2-Q1且IF小于10,1,Acta Otorhinolaryngologica Italica,ACTA OTORHINOLARYNGO,0392-100X,1827-675X,2.2,2.4,Q1,15/67,Q1,Q1,1.19,78.4,53.0,2586.0,OTORHINOLARYNGOLOGY,OTORHINOLARYNGOLOGY(JIF Q1/JCI Q1),PACINI EDITORE,其他,是,SCIE,需核实,请查期刊官网 Author / Open Access 页面,未知,,https://www.google.com/search?q=Acta+Otorhinolaryngologica+Italica+aims+scope+instructions+for+authors+APC
1094,2-Q1且IF小于10,1,EUROPEAN NEUROPSYCHOPHARMACOLOGY,EUR NEUROPSYCHOPHARM,0924-977X,1873-7862,8.1,6.4,Q1,13/293,Q1,Q1,1.37,95.7,52.0,9428.0,CLINICAL NEUROLOGY; NEUROSCIENCES; PHARMACOLOGY & PHARMACY; PSYCHIATRY,CLINICAL NEUROLOGY(JIF Q1/JCI Q1) | NEUROSCIENCES(JIF Q1/JCI Q1) | PHARMACOLOGY & PHARMACY(JIF Q1/JCI Q1) | PSYCHIATRY(JIF Q1/JCI Q1),ELSEVIER,Elsevier,是,SCIE,混合为主,"订阅路线通常无APC；Gold OA常见 USD 2,200-4,200",中,https://www.elsevier.com/open-access/agreements,https://www.google.com/search?q=EUROPEAN+NEUROPSYCHOPHARMACOLOGY+aims+scope+instructions+for+authors+APC
1095,2-Q1且IF小于10,1,RHINOLOGY,RHINOLOGY,0300-0729,0300-0729,5.7,4.9,Q1,2/67,Q1,Q1,3.17,97.8,52.0,4078.0,OTORHINOLARYNGOLOGY,OTORHINOLARYNGOLOGY(JIF Q1/JCI Q1),INT RHINOLOGIC SOC,其他,是,SCIE,需核实,请查期刊官网 Author / Open Access 页面,未知,,https://www.google.com/search?q=RHINOLOGY+aims+scope+instructions+for+authors+APC
1096,2-Q1且IF小于10,1,MITOCHONDRION,MITOCHONDRION,1567-7249,1872-8278,5.7,5.3,Q1,30/192,Q2,Q2,0.84,84.6,52.0,6358.0,CELL BIOLOGY; GENETICS & HEREDITY,CELL BIOLOGY(JIF Q2/JCI Q2) | GENETICS & HEREDITY(JIF Q1/JCI Q2),ELSEVIER SCI LTD,Elsevier,是,SCIE,混合为主,"订阅路线通常无APC；Gold OA常见 USD 2,200-4,200",中,https://www.elsevier.com/open-access/agreements,https://www.google.com/search?q=MITOCHONDRION+aims+scope+instructions+for+authors+APC
1097,2-Q1且IF小于10,1,Epidemiology and Psychiatric Sciences,EPIDEMIOL PSYCH SCI,2045-7960,2045-7979,5.4,8.5,Q1,35/293,Q1,Q1,1.51,88.2,52.0,5834.0,PSYCHIATRY,PSYCHIATRY(JIF Q1/JCI Q1),CAMBRIDGE UNIV PRESS,Cambridge UP,是,"SCIE, SSCI",混合为主,订阅路线通常无APC；Gold OA因刊而异,中,https://www.cambridge.org/core/open-research/open-access,https://www.google.com/search?q=Epidemiology+and+Psychiatric+Sciences+aims+scope+instructions+for+authors+APC
1098,2-Q1且IF小于10,1,Patient-Patient Centered Outcomes Research,PATIENT,1178-1653,1178-1661,4.4,4.3,Q1,11/125,Q1,Q1,1.23,91.6,52.0,2959.0,HEALTH CARE SCIENCES & SERVICES; HEALTH POLICY & SERVICES,HEALTH CARE SCIENCES & SERVICES(JIF Q1/JCI Q1) | HEALTH POLICY & SERVICES(JIF Q1/JCI Q1),ADIS INT LTD,其他,是,SCIE; SSCI,需核实,请查期刊官网 Author / Open Access 页面,未知,,https://www.google.com/search?q=Patient-Patient+Centered+Outcomes+Research+aims+scope+instructions+for+authors+APC
1099,2-Q1且IF小于10,1,AIDS PATIENT CARE AND STDS,AIDS PATIENT CARE ST,1087-2914,1557-7449,4.4,4.4,Q1,60/443,Q1,Q1,1.12,86.6,52.0,3337.0,"INFECTIOUS DISEASES; PUBLIC, ENVIRONMENTAL & OCCUPATIONAL HEALTH","INFECTIOUS DISEASES(JIF Q1/JCI Q1) | PUBLIC, ENVIRONMENTAL & OCCUPATIONAL HEALTH(JIF Q1/JCI Q1)",SAGE PUBLICATIONS INC,SAGE,是,SCIE; SSCI,混合为主,"订阅路线通常无APC；SAGE Choice常见 USD 2,000-4,000",中,https://us.sagepub.com/en-us/nam/sage-choice,https://www.google.com/search?q=AIDS+PATIENT+CARE+AND+STDS+aims+scope+instructions+for+authors+APC
1100,2-Q1且IF小于10,1,AIMS Public Health,AIMS PUBLIC HEALTH,2327-8994,2327-8994,4.0,4.1,Q1,42/194,Q1,Q1,1.06,78.6,52.0,1548.0,HEALTH CARE SCIENCES & SERVICES,HEALTH CARE SCIENCES & SERVICES(JIF Q1/JCI Q1),AMER INST MATHEMATICAL SCIENCES-AIMS,其他,否,ESCI,需核实,请查期刊官网 Author / Open Access 页面,未知,,https://www.google.com/search?q=AIMS+Public+Health+aims+scope+instructions+for+authors+APC
1101,2-Q1且IF小于10,1,Journal Of Bone And Joint Infection,J BONE JOINT INFECT,,2206-3552,2.7,,Q1,73/321,Q2,Q2,0.95,77.4,52.0,907.0,INFECTIOUS DISEASES; ORTHOPEDICS; SURGERY,INFECTIOUS DISEASES(JIF Q2/JCI Q2) | ORTHOPEDICS(JIF Q2/JCI Q2) | SURGERY(JIF Q1/JCI Q2),COPERNICUS GESELLSCHAFT MBH,其他,否,ESCI,需核实,请查期刊官网 Author / Open Access 页面,未知,,https://www.google.com/search?q=Journal+Of+Bone+And+Joint+Infection+aims+scope+instructions+for+authors+APC
1102,2-Q1且IF小于10,1,Deutsches Arzteblatt International,DTSCH ARZTEBL INT,1866-0452,1866-0452,8.7,9.0,Q1,21/336,Q1,Q1,1.82,93.9,51.0,10470.0,"MEDICINE, GENERAL & INTERNAL","MEDICINE, GENERAL & INTERNAL(JIF Q1/JCI Q1)",DEUTSCHER AERZTE-VERLAG GMBH,其他,是,SCIE,需核实,请查期刊官网 Author / Open Access 页面,未知,,https://www.google.com/search?q=Deutsches+Arzteblatt+International+aims+scope+instructions+for+authors+APC
1103,2-Q1且IF小于10,1,Hepatobiliary Surgery and Nutrition,HEPATOBIL SURG NUTR,2304-3881,2304-389X,8.1,7.9,Q1,7/321,Q1,Q1,1.05,98.0,51.0,2755.0,GASTROENTEROLOGY & HEPATOLOGY; NUTRITION & DIETETICS; SURGERY,GASTROENTEROLOGY & HEPATOLOGY(JIF Q1/JCI Q1) | NUTRITION & DIETETICS(JIF Q1/JCI Q1) | SURGERY(JIF Q1/JCI Q1),AME PUBLISHING COMPANY,其他,是,SCIE,需核实,请查期刊官网 Author / Open Access 页面,未知,,https://www.google.com/search?q=Hepatobiliary+Surgery+and+Nutrition+aims+scope+instructions+for+authors+APC
1104,2-Q1且IF小于10,1,Stress Biology,STRESS BIOL,,2731-0450,6.4,8.4,Q1,57/328,Q2,Q2,0.85,82.8,51.0,1465.0,BIOCHEMISTRY & MOLECULAR BIOLOGY,BIOCHEMISTRY & MOLECULAR BIOLOGY(JIF Q1/JCI Q2),SPRINGERNATURE,Springer Nature,否,ESCI,混合/全OA,"全OA约 USD 2,090-3,490；Nature系更高；Scientific Reports已拉黑",中高,https://www.springernature.com/gp/open-research/journals-books/journals,https://www.google.com/search?q=Stress+Biology+aims+scope+instructions+for+authors+APC
1105,2-Q1且IF小于10,1,CURRENT OPINION IN PSYCHIATRY,CURR OPIN PSYCHIATR,0951-7367,1473-6578,5.9,7.7,Q1,28/293,Q1,Q1,1.24,90.6,51.0,6551.0,PSYCHIATRY,PSYCHIATRY(JIF Q1/JCI Q1),LIPPINCOTT WILLIAMS & WILKINS,Wolters Kluwer/LWW,是,"SCIE, SSCI",混合为主,"订阅路线通常无APC；OA常见 USD 2,000-4,000；MEDICINE已拉黑",中,https://wkauthorservices.editage.com/open-access/,https://www.google.com/search?q=CURRENT+OPINION+IN+PSYCHIATRY+aims+scope+instructions+for+authors+APC
1106,2-Q1且IF小于10,1,Natural Products and Bioprospecting,NAT PRODUCT BIOPROSP,2192-2195,2192-2209,5.8,5.7,Q1,15/72,Q2,Q2,0.96,79.9,51.0,2096.0,"CHEMISTRY, MEDICINAL","CHEMISTRY, MEDICINAL(JIF Q1/JCI Q2)",SPRINGERNATURE,Springer Nature,否,ESCI,混合/全OA,"全OA约 USD 2,090-3,490；Nature系更高；Scientific Reports已拉黑",中高,https://www.springernature.com/gp/open-research/journals-books/journals,https://www.google.com/search?q=Natural+Products+and+Bioprospecting+aims+scope+instructions+for+authors+APC
1107,2-Q1且IF小于10,1,XENOTRANSPLANTATION,XENOTRANSPLANTATION,0908-665X,1399-3089,3.8,3.5,Q1,7/30,Q2,Q2,0.93,78.3,51.0,2082.0,"MEDICINE, RESEARCH & EXPERIMENTAL; TRANSPLANTATION","MEDICINE, RESEARCH & EXPERIMENTAL(JIF Q2/JCI Q2) | TRANSPLANTATION(JIF Q1/JCI Q2)",WILEY,Wiley,是,SCIE,混合为主,"订阅路线通常无APC；OnlineOpen常见 USD 3,200-4,700",中,https://authorservices.wiley.com/author-resources/Journal-Authors/open-access/article-publication-charges.html,https://www.google.com/search?q=XENOTRANSPLANTATION+aims+scope+instructions+for+authors+APC
1108,2-Q1且IF小于10,1,Global Qualitative Nursing Research,GLOB QUALIT NURS RES,2333-3936,2333-3936,3.0,2.9,Q1,31/194,Q1,Q1,1.09,84.3,51.0,1345.0,NURSING,NURSING(JIF Q1/JCI Q1),SAGE PUBLICATIONS INC,SAGE,否,ESCI,混合为主,"订阅路线通常无APC；SAGE Choice常见 USD 2,000-4,000",中,https://us.sagepub.com/en-us/nam/sage-choice,https://www.google.com/search?q=Global+Qualitative+Nursing+Research+aims+scope+instructions+for+authors+APC
1109,2-Q1且IF小于10,1,BASIC RESEARCH IN CARDIOLOGY,BASIC RES CARDIOL,0300-8428,1435-1803,9.2,8.5,Q1,21/237,Q1,Q1,2.03,91.4,50.0,5689.0,CARDIAC & CARDIOVASCULAR SYSTEMS,CARDIAC & CARDIOVASCULAR SYSTEMS(JIF Q1/JCI Q1),SPRINGER HEIDELBERG,Springer,是,SCIE,混合为主,"订阅路线通常无APC；选OA约 USD 2,790-4,290",中,https://www.springer.com/gp/open-access,https://www.google.com/search?q=BASIC+RESEARCH+IN+CARDIOLOGY+aims+scope+instructions+for+authors+APC
1110,2-Q1且IF小于10,1,CANADIAN MEDICAL ASSOCIATION JOURNAL,CAN MED ASSOC J,0820-3946,1488-2329,8.6,10.3,Q1,23/336,Q1,Q1,1.95,93.3,50.0,18542.0,"MEDICINE, GENERAL & INTERNAL","MEDICINE, GENERAL & INTERNAL(JIF Q1/JCI Q1)",CMA-CANADIAN MEDICAL ASSOC,其他,是,SCIE,需核实,请查期刊官网 Author / Open Access 页面,未知,,https://www.google.com/search?q=CANADIAN+MEDICAL+ASSOCIATION+JOURNAL+aims+scope+instructions+for+authors+APC
1111,2-Q1且IF小于10,1,Bio-Design and Manufacturing,BIO-DES MANUF,2096-5524,2522-8552,7.9,8.0,Q1,19/130,Q1,Q1,1.17,85.8,50.0,2245.0,"ENGINEERING, BIOMEDICAL","ENGINEERING, BIOMEDICAL(JIF Q1/JCI Q1)",SPRINGER HEIDELBERG,Springer,是,SCIE,混合为主,"订阅路线通常无APC；选OA约 USD 2,790-4,290",中,https://www.springer.com/gp/open-access,https://www.google.com/search?q=Bio-Design+and+Manufacturing+aims+scope+instructions+for+authors+APC
1112,2-Q1且IF小于10,1,Current Opinion in Insect Science,CURR OPIN INSECT SCI,2214-5745,2214-5753,5.5,6.6,Q1,2/110,Q1,Q1,1.66,91.0,50.0,6918.0,BIOLOGY,BIOLOGY(JIF Q1/JCI Q1),ELSEVIER,Elsevier,是,SCIE,混合为主,"订阅路线通常无APC；Gold OA常见 USD 2,200-4,200",中,https://www.elsevier.com/open-access/agreements,https://www.google.com/search?q=Current+Opinion+in+Insect+Science+aims+scope+instructions+for+authors+APC
1113,2-Q1且IF小于10,1,Journal of Pharmaceutical Investigation,J PHARM INVEST,2093-5552,2093-6214,4.7,5.5,Q1,78/356,Q1,Q1,1.01,78.2,50.0,2501.0,PHARMACOLOGY & PHARMACY,PHARMACOLOGY & PHARMACY(JIF Q1/JCI Q1),SPRINGERNATURE,Springer Nature,是,SCIE,混合/全OA,"全OA约 USD 2,090-3,490；Nature系更高；Scientific Reports已拉黑",中高,https://www.springernature.com/gp/open-research/journals-books/journals,https://www.google.com/search?q=Journal+of+Pharmaceutical+Investigation+aims+scope+instructions+for+authors+APC
1114,2-Q1且IF小于10,1,Accountability in Research-Ethics Integrity and Policy,ACCOUNT RES,0898-9621,1545-5815,4.4,4.1,Q1,2/22,Q2,Q2,1.03,93.2,50.0,1889.0,MEDICAL ETHICS,MEDICAL ETHICS(JIF Q1/JCI Q2),TAYLOR & FRANCIS INC,Taylor & Francis,是,SCIE,混合为主,"订阅路线通常无APC；Open Select常见 USD 2,500-3,500",中,https://authorservices.taylorandfrancis.com/publishing-open-access/,https://www.google.com/search?q=Accountability+in+Research-Ethics+Integrity+and+Policy+aims+scope+instructions+for+authors+APC
1115,2-Q1且IF小于10,1,SEMINARS IN RADIATION ONCOLOGY,SEMIN RADIAT ONCOL,1053-4296,1532-9461,4.3,4.3,Q1,40/217,Q1,Q1,0.99,81.8,50.0,2861.0,"ONCOLOGY; RADIOLOGY, NUCLEAR MEDICINE & MEDICAL IMAGING","ONCOLOGY(JIF Q2/JCI Q2) | RADIOLOGY, NUCLEAR MEDICINE & MEDICAL IMAGING(JIF Q1/JCI Q1)",W B SAUNDERS CO-ELSEVIER INC,Elsevier,是,SCIE,混合为主,"订阅路线通常无APC；Gold OA常见 USD 2,200-4,200",中,https://www.elsevier.com/open-access/agreements,https://www.google.com/search?q=SEMINARS+IN+RADIATION+ONCOLOGY+aims+scope+instructions+for+authors+APC
1116,2-Q1且IF小于10,1,Kidney Diseases,KIDNEY DIS-BASEL,2296-9381,2296-9357,3.7,4.1,Q1,27/134,Q2,Q2,0.89,80.2,50.0,1460.0,UROLOGY & NEPHROLOGY,UROLOGY & NEPHROLOGY(JIF Q1/JCI Q2),KARGER,Karger,是,SCIE,混合/OA,"因刊而异，常见 USD 2,500-3,800",中,https://karger.com/pages/Open-Access,https://www.google.com/search?q=Kidney+Diseases+aims+scope+instructions+for+authors+APC
1117,2-Q1且IF小于10,1,Life Sciences in Space Research,LIFE SCI SPACE RES,2214-5524,2214-5532,3.3,3.2,Q1,26/106,Q2,Q2,0.71,75.9,50.0,1427.0,BIOLOGY,BIOLOGY(JIF Q1/JCI Q2),ELSEVIER,Elsevier,是,SCIE,混合为主,"订阅路线通常无APC；Gold OA常见 USD 2,200-4,200",中,https://www.elsevier.com/open-access/agreements,https://www.google.com/search?q=Life+Sciences+in+Space+Research+aims+scope+instructions+for+authors+APC
1118,2-Q1且IF小于10,0,MOLECULES AND CELLS,MOL CELLS,1016-8478,0219-1032,8.2,5.6,Q1,39/328,Q2,Q2,0.71,88.3,49.0,6812.0,BIOCHEMISTRY & MOLECULAR BIOLOGY; CELL BIOLOGY,BIOCHEMISTRY & MOLECULAR BIOLOGY(JIF Q1/JCI Q2) | CELL BIOLOGY(JIF Q1/JCI Q2),KOREAN SOC MOLECULAR & CELLULAR BIOLOGY,其他,是,SCIE,需核实,请查期刊官网 Author / Open Access 页面,未知,,https://www.google.com/search?q=MOLECULES+AND+CELLS+aims+scope+instructions+for+authors+APC
1119,2-Q1且IF小于10,0,npj Primary Care Respiratory Medicine,NPJ PRIM CARE RESP M,,2055-1010,4.7,4.0,Q1,3/29,Q1,Q1,1.42,91.4,49.0,1706.0,PRIMARY HEALTH CARE; RESPIRATORY SYSTEM,PRIMARY HEALTH CARE(JIF Q1/JCI Q1) | RESPIRATORY SYSTEM(JIF Q1/JCI Q1),NATURE PORTFOLIO,Springer Nature,是,SCIE,混合/全OA,"全OA约 USD 2,090-3,490；Nature系更高；Scientific Reports已拉黑",中高,https://www.springernature.com/gp/open-research/journals-books/journals,https://www.google.com/search?q=npj+Primary+Care+Respiratory+Medicine+aims+scope+instructions+for+authors+APC
1120,2-Q1且IF小于10,0,Advanced Pharmaceutical Bulletin,ADV PHARM BULL,2228-5881,2251-7308,4.7,5.3,Q1,78/356,Q2,Q2,0.81,78.2,49.0,4203.0,PHARMACOLOGY & PHARMACY,PHARMACOLOGY & PHARMACY(JIF Q1/JCI Q2),TABRIZ UNIV MEDICAL SCIENCES & HEALTH SERVICES,其他,否,ESCI,需核实,请查期刊官网 Author / Open Access 页面,未知,,https://www.google.com/search?q=Advanced+Pharmaceutical+Bulletin+aims+scope+instructions+for+authors+APC
1121,2-Q1且IF小于10,0,Journal of Abdominal Wall Surgery,J ABDOM WALL SURG,,2813-2092,3.6,3.6,Q1,43/321,Q2,Q2,0.94,86.8,49.0,340.0,SURGERY,SURGERY(JIF Q1/JCI Q2),FRONTIERS MEDIA SA,Frontiers,否,ESCI,全OA,"约 CHF 1,495-3,150（Frontiers in Medicine A类=CHF 3,150）",高,https://www.frontiersin.org/about/fee-policy,https://www.google.com/search?q=Journal+of+Abdominal+Wall+Surgery+aims+scope+instructions+for+authors+APC
1122,2-Q1且IF小于10,0,Pigment Cell & Melanoma Research,PIGM CELL MELANOMA R,1755-1471,1755-148X,3.5,4.2,Q1,22/99,Q2,Q2,0.7,78.3,49.0,5072.0,CELL BIOLOGY; DERMATOLOGY; ONCOLOGY,CELL BIOLOGY(JIF Q3/JCI Q2) | DERMATOLOGY(JIF Q1/JCI Q2) | ONCOLOGY(JIF Q2/JCI Q2),WILEY,Wiley,是,SCIE,混合为主,"订阅路线通常无APC；OnlineOpen常见 USD 3,200-4,700",中,https://authorservices.wiley.com/author-resources/Journal-Authors/open-access/article-publication-charges.html,https://www.google.com/search?q=Pigment+Cell+&+Melanoma+Research+aims+scope+instructions+for+authors+APC
1123,2-Q1且IF小于10,0,Substance Abuse Treatment Prevention and Policy,SUBST ABUSE TREAT PR,,1747-597X,3.4,3.8,Q1,11/61,Q1,Q1,1.08,82.8,49.0,2809.0,SUBSTANCE ABUSE,SUBSTANCE ABUSE(JIF Q1/JCI Q1),BMC,BMC,否,SSCI,全OA,"约 USD 1,990-2,890（旗舰刊更高）",高,https://www.biomedcentral.com/getpublished/article-processing-charges,https://www.google.com/search?q=Substance+Abuse+Treatment+Prevention+and+Policy+aims+scope+instructions+for+authors+APC
1124,2-Q1且IF小于10,0,HASTINGS CENTER REPORT,HASTINGS CENT REP,0093-0334,1552-146X,2.7,2.4,Q1,19/78,Q2,Q2,0.98,76.0,49.0,2278.0,"HEALTH CARE SCIENCES & SERVICES; MEDICAL ETHICS; SOCIAL SCIENCES, BIOMEDICAL","HEALTH CARE SCIENCES & SERVICES(JIF Q2/JCI Q2) | MEDICAL ETHICS(JIF Q2/JCI Q2) | SOCIAL SCIENCES, BIOMEDICAL(JIF Q1/JCI Q2)",WILEY,Wiley,是,SSCI; SCIE,混合为主,"订阅路线通常无APC；OnlineOpen常见 USD 3,200-4,700",中,https://authorservices.wiley.com/author-resources/Journal-Authors/open-access/article-publication-charges.html,https://www.google.com/search?q=HASTINGS+CENTER+REPORT+aims+scope+instructions+for+authors+APC
1125,2-Q1且IF小于10,0,PSYCHOTHERAPY AND PSYCHOSOMATICS,PSYCHOTHER PSYCHOSOM,0033-3190,1423-0348,9.0,17.5,Q1,11/293,Q1,Q1,2.83,96.4,48.0,6961.0,PSYCHIATRY,PSYCHIATRY(JIF Q1/JCI Q1),KARGER,Karger,是,"SCIE, SSCI; SCIE",混合/OA,"因刊而异，常见 USD 2,500-3,800",中,https://karger.com/pages/Open-Access,https://www.google.com/search?q=PSYCHOTHERAPY+AND+PSYCHOSOMATICS+aims+scope+instructions+for+authors+APC
1126,2-Q1且IF小于10,0,CNS DRUGS,CNS DRUGS,1172-7047,1179-1934,7.0,7.9,Q1,22/293,Q1,Q1,1.64,92.7,48.0,7910.0,CLINICAL NEUROLOGY; PHARMACOLOGY & PHARMACY; PSYCHIATRY,CLINICAL NEUROLOGY(JIF Q1/JCI Q1) | PHARMACOLOGY & PHARMACY(JIF Q1/JCI Q1) | PSYCHIATRY(JIF Q1/JCI Q1),ADIS INT LTD,其他,是,SCIE,需核实,请查期刊官网 Author / Open Access 页面,未知,,https://www.google.com/search?q=CNS+DRUGS+aims+scope+instructions+for+authors+APC
1127,2-Q1且IF小于10,0,JOURNAL OF ENDOCRINOLOGY,J ENDOCRINOL,0022-0795,1479-6805,5.7,4.4,Q1,35/198,Q2,Q2,0.81,82.6,48.0,10628.0,ENDOCRINOLOGY & METABOLISM,ENDOCRINOLOGY & METABOLISM(JIF Q1/JCI Q2),BIOSCIENTIFICA LTD,其他,是,SCIE,需核实,请查期刊官网 Author / Open Access 页面,未知,,https://www.google.com/search?q=JOURNAL+OF+ENDOCRINOLOGY+aims+scope+instructions+for+authors+APC
1128,2-Q1且IF小于10,0,JOURNAL OF PERIODONTAL RESEARCH,J PERIODONTAL RES,0022-3484,1600-0765,5.4,4.7,Q1,12/165,Q1,Q1,1.64,93.0,48.0,6869.0,"DENTISTRY, ORAL SURGERY & MEDICINE","DENTISTRY, ORAL SURGERY & MEDICINE(JIF Q1/JCI Q1)",WILEY,Wiley,是,SCIE,混合为主,"订阅路线通常无APC；OnlineOpen常见 USD 3,200-4,700",中,https://authorservices.wiley.com/author-resources/Journal-Authors/open-access/article-publication-charges.html,https://www.google.com/search?q=JOURNAL+OF+PERIODONTAL+RESEARCH+aims+scope+instructions+for+authors+APC
1129,2-Q1且IF小于10,0,Current Research in Toxicology,CURR RES TOXICOL,2666-027X,2666-027X,4.7,4.0,Q1,22/106,Q1,Q1,0.95,79.7,48.0,808.0,TOXICOLOGY,TOXICOLOGY(JIF Q1/JCI Q1),ELSEVIER,Elsevier,否,ESCI,混合为主,"订阅路线通常无APC；Gold OA常见 USD 2,200-4,200",中,https://www.elsevier.com/open-access/agreements,https://www.google.com/search?q=Current+Research+in+Toxicology+aims+scope+instructions+for+authors+APC
1130,2-Q1且IF小于10,0,GENES AND IMMUNITY,GENES IMMUN,1466-4879,1476-5470,4.2,5.5,Q1,46/192,Q2,Q2,0.81,76.3,48.0,2829.0,GENETICS & HEREDITY; IMMUNOLOGY,GENETICS & HEREDITY(JIF Q1/JCI Q2) | IMMUNOLOGY(JIF Q2/JCI Q2),SPRINGERNATURE,Springer Nature,是,SCIE,混合/全OA,"全OA约 USD 2,090-3,490；Nature系更高；Scientific Reports已拉黑",中高,https://www.springernature.com/gp/open-research/journals-books/journals,https://www.google.com/search?q=GENES+AND+IMMUNITY+aims+scope+instructions+for+authors+APC
1131,2-Q1且IF小于10,0,Ultrasound Journal,ULTRASOUND J,,2524-8987,3.6,4.2,Q1,51/217,Q1,Q1,1.05,76.7,48.0,1116.0,"RADIOLOGY, NUCLEAR MEDICINE & MEDICAL IMAGING","RADIOLOGY, NUCLEAR MEDICINE & MEDICAL IMAGING(JIF Q1/JCI Q1)",MATTIOLI 1885,其他,否,ESCI,需核实,请查期刊官网 Author / Open Access 页面,未知,,https://www.google.com/search?q=Ultrasound+Journal+aims+scope+instructions+for+authors+APC
1132,2-Q1且IF小于10,0,Wearable Technologies,WEAR TECHNOL,,2631-7176,3.5,5.1,Q1,14/175,Q2,Q2,0.87,92.3,48.0,598.0,"ENGINEERING, BIOMEDICAL; REHABILITATION","ENGINEERING, BIOMEDICAL(JIF Q2/JCI Q2) | REHABILITATION(JIF Q1/JCI Q2)",CAMBRIDGE UNIV PRESS,Cambridge UP,否,ESCI,混合为主,订阅路线通常无APC；Gold OA因刊而异,中,https://www.cambridge.org/core/open-research/open-access,https://www.google.com/search?q=Wearable+Technologies+aims+scope+instructions+for+authors+APC
1133,2-Q1且IF小于10,0,Qualitative Research in Sport Exercise and Health,QUAL RES SPORT EXERC,2159-676X,2159-6778,3.4,7.8,Q1,27/136,Q1,Q1,1.13,80.5,48.0,7081.0,SPORT SCIENCES,SPORT SCIENCES(JIF Q1/JCI Q1),"ROUTLEDGE JOURNALS, TAYLOR & FRANCIS LTD",Taylor & Francis,是,SSCI; SCIE,混合为主,"订阅路线通常无APC；Open Select常见 USD 2,500-3,500",中,https://authorservices.taylorandfrancis.com/publishing-open-access/,https://www.google.com/search?q=Qualitative+Research+in+Sport+Exercise+and+Health+aims+scope+instructions+for+authors+APC
1134,2-Q1且IF小于10,0,European Journal of Paediatric Dentistry,EUR J PAEDIATR DENT,1591-996X,2035-648X,3.4,3.3,Q1,23/190,Q1,Q1,1.11,88.2,48.0,1944.0,"DENTISTRY, ORAL SURGERY & MEDICINE; PEDIATRICS","DENTISTRY, ORAL SURGERY & MEDICINE(JIF Q1/JCI Q1) | PEDIATRICS(JIF Q1/JCI Q1)",ARIESDUE SRL,其他,是,SCIE,需核实,请查期刊官网 Author / Open Access 页面,未知,,https://www.google.com/search?q=European+Journal+of+Paediatric+Dentistry+aims+scope+instructions+for+authors+APC
1135,2-Q1且IF小于10,0,Seminars in Pediatric Surgery,SEMIN PEDIATR SURG,1055-8586,1532-9453,2.5,2.6,Q1,43/190,Q1,Q1,1.18,77.6,48.0,2509.0,PEDIATRICS; SURGERY,PEDIATRICS(JIF Q1/JCI Q1) | SURGERY(JIF Q2/JCI Q1),ELSEVIER SCIENCE INC,Elsevier,是,SCIE,混合为主,"订阅路线通常无APC；Gold OA常见 USD 2,200-4,200",中,https://www.elsevier.com/open-access/agreements,https://www.google.com/search?q=Seminars+in+Pediatric+Surgery+aims+scope+instructions+for+authors+APC
1136,2-Q1且IF小于10,0,Chiropractic & Manual Therapies,CHIROPR MAN THER,,2045-709X,2.4,2.4,Q1,41/175,Q2,Q2,0.9,76.9,48.0,1221.0,REHABILITATION,REHABILITATION(JIF Q1/JCI Q2),BMC,BMC,是,SCIE,全OA,"约 USD 1,990-2,890（旗舰刊更高）",高,https://www.biomedcentral.com/getpublished/article-processing-charges,https://www.google.com/search?q=Chiropractic+&+Manual+Therapies+aims+scope+instructions+for+authors+APC
1137,2-Q1且IF小于10,0,BEST PRACTICE & RESEARCH IN CLINICAL RHEUMATOLOGY,BEST PRACT RES CL RH,1521-6942,1532-1770,7.0,6.9,Q1,6/58,Q1,Q1,1.78,90.5,47.0,5560.0,RHEUMATOLOGY,RHEUMATOLOGY(JIF Q1/JCI Q1),ELSEVIER SCI LTD,Elsevier,是,SCIE,混合为主,"订阅路线通常无APC；Gold OA常见 USD 2,200-4,200",中,https://www.elsevier.com/open-access/agreements,https://www.google.com/search?q=BEST+PRACTICE+&+RESEARCH+IN+CLINICAL+RHEUMATOLOGY+aims+scope+instructions+for+authors+APC
1138,2-Q1且IF小于10,0,Circulation-Genomic and Precision Medicine,CIRC-GENOM PRECIS ME,2574-8300,2574-8300,6.1,6.9,Q1,26/192,Q1,Q1,1.34,86.7,47.0,2655.0,CARDIAC & CARDIOVASCULAR SYSTEMS; GENETICS & HEREDITY,CARDIAC & CARDIOVASCULAR SYSTEMS(JIF Q1/JCI Q1) | GENETICS & HEREDITY(JIF Q1/JCI Q1),LIPPINCOTT WILLIAMS & WILKINS,Wolters Kluwer/LWW,是,SCIE,混合为主,"订阅路线通常无APC；OA常见 USD 2,000-4,000；MEDICINE已拉黑",中,https://wkauthorservices.editage.com/open-access/,https://www.google.com/search?q=Circulation-Genomic+and+Precision+Medicine+aims+scope+instructions+for+authors+APC
1139,2-Q1且IF小于10,0,Mayo Clinic Proceedings: Digital Health,MAYO CLIN P DIGIT H,,2949-7612,5.0,5.0,Q1,25/194,Q2,Q2,0.88,87.4,47.0,745.0,HEALTH CARE SCIENCES & SERVICES; MEDICAL INFORMATICS,HEALTH CARE SCIENCES & SERVICES(JIF Q1/JCI Q2) | MEDICAL INFORMATICS(JIF Q2/JCI Q3),ELSEVIER,Elsevier,否,ESCI,混合为主,"订阅路线通常无APC；Gold OA常见 USD 2,200-4,200",中,https://www.elsevier.com/open-access/agreements,https://www.google.com/search?q=Mayo+Clinic+Proceedings:+Digital+Health+aims+scope+instructions+for+authors+APC
1140,2-Q1且IF小于10,0,CLINICAL AUTONOMIC RESEARCH,CLIN AUTON RES,0959-9851,1619-1560,4.6,4.3,Q1,48/296,Q2,Q2,0.79,84.0,47.0,2863.0,CLINICAL NEUROLOGY; NEUROSCIENCES,CLINICAL NEUROLOGY(JIF Q1/JCI Q2) | NEUROSCIENCES(JIF Q1/JCI Q2),SPRINGER HEIDELBERG,Springer,是,SCIE,混合为主,"订阅路线通常无APC；选OA约 USD 2,790-4,290",中,https://www.springer.com/gp/open-access,https://www.google.com/search?q=CLINICAL+AUTONOMIC+RESEARCH+aims+scope+instructions+for+authors+APC
1141,2-Q1且IF小于10,0,MOLECULAR HUMAN REPRODUCTION,MOL HUM REPROD,1360-9947,1460-2407,4.2,4.3,Q1,15/143,Q1,Q1,1.28,89.9,47.0,5349.0,OBSTETRICS & GYNECOLOGY; REPRODUCTIVE BIOLOGY,OBSTETRICS & GYNECOLOGY(JIF Q1/JCI Q1) | REPRODUCTIVE BIOLOGY(JIF Q1/JCI Q1),OXFORD UNIV PRESS,Oxford UP,是,SCIE,混合为主,订阅路线通常无APC；可选OA，费用因刊而异,中,https://academic.oup.com/pages/open-research/open-access,https://www.google.com/search?q=MOLECULAR+HUMAN+REPRODUCTION+aims+scope+instructions+for+authors+APC
1142,2-Q1且IF小于10,0,JOURNAL OF APPLIED SPORT PSYCHOLOGY,J APPL SPORT PSYCHOL,1041-3200,1533-1571,3.6,4.0,Q1,16/93,Q1,Q1,1.02,82.0,47.0,3242.0,SPORT SCIENCES,SPORT SCIENCES(JIF Q1/JCI Q1),TAYLOR & FRANCIS LTD,Taylor & Francis,是,SSCI; SCIE,混合为主,"订阅路线通常无APC；Open Select常见 USD 2,500-3,500",中,https://authorservices.taylorandfrancis.com/publishing-open-access/,https://www.google.com/search?q=JOURNAL+OF+APPLIED+SPORT+PSYCHOLOGY+aims+scope+instructions+for+authors+APC
1143,2-Q1且IF小于10,0,Nursing Inquiry,NURS INQ,1320-7881,1440-1800,3.2,3.2,Q1,25/194,Q1,Q1,1.21,87.4,47.0,2150.0,NURSING,NURSING(JIF Q1/JCI Q1),WILEY,Wiley,是,"SCIE, SSCI",混合为主,"订阅路线通常无APC；OnlineOpen常见 USD 3,200-4,700",中,https://authorservices.wiley.com/author-resources/Journal-Authors/open-access/article-publication-charges.html,https://www.google.com/search?q=Nursing+Inquiry+aims+scope+instructions+for+authors+APC
1144,2-Q1且IF小于10,0,COGNITIVE AND BEHAVIORAL PRACTICE,COGN BEHAV PRACT,1077-7229,1878-187X,3.2,2.9,Q1,41/184,Q1,Q1,1.15,78.0,47.0,2617.0,"PSYCHOLOGY, CLINICAL","PSYCHOLOGY, CLINICAL(JIF Q1/JCI Q1)",ELSEVIER SCIENCE INC,Elsevier,否,SSCI,混合为主,"订阅路线通常无APC；Gold OA常见 USD 2,200-4,200",中,https://www.elsevier.com/open-access/agreements,https://www.google.com/search?q=COGNITIVE+AND+BEHAVIORAL+PRACTICE+aims+scope+instructions+for+authors+APC
1145,2-Q1且IF小于10,0,QJM-AN INTERNATIONAL JOURNAL OF MEDICINE,QJM-INT J MED,1460-2725,1460-2393,8.9,6.9,Q1,20/336,Q1,Q1,1.04,94.2,46.0,6592.0,"MEDICINE, GENERAL & INTERNAL","MEDICINE, GENERAL & INTERNAL(JIF Q1/JCI Q1)",OXFORD UNIV PRESS,Oxford UP,是,SCIE,混合为主,订阅路线通常无APC；可选OA，费用因刊而异,中,https://academic.oup.com/pages/open-research/open-access,https://www.google.com/search?q=QJM-AN+INTERNATIONAL+JOURNAL+OF+MEDICINE+aims+scope+instructions+for+authors+APC
1146,2-Q1且IF小于10,0,Oncogenesis,ONCOGENESIS,2157-9024,2157-9024,6.0,6.3,Q1,64/333,Q1,Q1,1.22,80.9,46.0,4592.0,ONCOLOGY,ONCOLOGY(JIF Q1/JCI Q1),SPRINGERNATURE,Springer Nature,是,SCIE,混合/全OA,"全OA约 USD 2,090-3,490；Nature系更高；Scientific Reports已拉黑",中高,https://www.springernature.com/gp/open-research/journals-books/journals,https://www.google.com/search?q=Oncogenesis+aims+scope+instructions+for+authors+APC
1147,2-Q1且IF小于10,0,Clinical Psychological Science,CLIN PSYCHOL SCI,2167-7026,2167-7034,5.1,5.6,Q1,14/184,Q1,Q1,1.4,92.7,46.0,5509.0,"PSYCHIATRY; PSYCHOLOGY, CLINICAL","PSYCHIATRY(JIF Q1/JCI Q1) | PSYCHOLOGY, CLINICAL(JIF Q1/JCI Q1)",SAGE PUBLICATIONS INC,SAGE,是,SCIE; SSCI,混合为主,"订阅路线通常无APC；SAGE Choice常见 USD 2,000-4,000",中,https://us.sagepub.com/en-us/nam/sage-choice,https://www.google.com/search?q=Clinical+Psychological+Science+aims+scope+instructions+for+authors+APC
1148,2-Q1且IF小于10,0,Breathe,BREATHE,1810-6838,2073-4735,4.5,4.0,Q1,21/107,Q2,Q2,0.83,80.8,46.0,2103.0,RESPIRATORY SYSTEM,RESPIRATORY SYSTEM(JIF Q1/JCI Q2),EUROPEAN RESPIRATORY SOC JOURNALS LTD,其他,否,ESCI,需核实,请查期刊官网 Author / Open Access 页面,未知,,https://www.google.com/search?q=Breathe+aims+scope+instructions+for+authors+APC
1149,2-Q1且IF小于10,0,Journal of Anesthesia Analgesia and Critical Care,J ANESTH ANALG CRIT,,2731-3786,4.1,4.0,Q1,11/72,Q2,Q2,0.85,85.4,46.0,792.0,ANESTHESIOLOGY; CRITICAL CARE MEDICINE,ANESTHESIOLOGY(JIF Q1/JCI Q2) | CRITICAL CARE MEDICINE(JIF Q2/JCI Q2),SPRINGERNATURE,Springer Nature,否,ESCI,混合/全OA,"全OA约 USD 2,090-3,490；Nature系更高；Scientific Reports已拉黑",中高,https://www.springernature.com/gp/open-research/journals-books/journals,https://www.google.com/search?q=Journal+of+Anesthesia+Analgesia+and+Critical+Care+aims+scope+instructions+for+authors+APC
1150,2-Q1且IF小于10,0,SCANDINAVIAN JOURNAL OF WORK ENVIRONMENT & HEALTH,SCAND J WORK ENV HEA,0355-3140,1795-990X,4.0,5.0,Q1,79/443,Q1,Q1,1.19,82.3,46.0,5701.0,"PUBLIC, ENVIRONMENTAL & OCCUPATIONAL HEALTH","PUBLIC, ENVIRONMENTAL & OCCUPATIONAL HEALTH(JIF Q1/JCI Q1)",SCANDINAVIAN JOURNAL WORK ENVIRONMENT & HEALTH,其他,是,"SCIE, SSCI",需核实,请查期刊官网 Author / Open Access 页面,未知,,https://www.google.com/search?q=SCANDINAVIAN+JOURNAL+OF+WORK+ENVIRONMENT+&+HEALTH+aims+scope+instructions+for+authors+APC
1151,2-Q1且IF小于10,0,REHABILITATION,REHABILITATION,0034-3536,1439-1309,2.4,1.5,Q1,41/175,Q4,Q4,0.46,76.9,46.0,759.0,REHABILITATION,REHABILITATION(JIF Q1/JCI Q4),GEORG THIEME VERLAG KG,Thieme,是,SCIE,混合为主,订阅路线通常无APC；OA另计,中低,https://www.thieme.com/en-us/open-access,https://www.google.com/search?q=REHABILITATION+aims+scope+instructions+for+authors+APC
1152,2-Q1且IF小于10,0,Cancer & Metabolism,CANCER METAB,,2049-3002,5.9,6.8,Q1,65/333,Q1,Q1,1.07,80.6,45.0,1980.0,CELL BIOLOGY; ONCOLOGY,CELL BIOLOGY(JIF Q2/JCI Q2) | ONCOLOGY(JIF Q1/JCI Q1),BMC,BMC,是,SCIE,全OA,"约 USD 1,990-2,890（旗舰刊更高）",高,https://www.biomedcentral.com/getpublished/article-processing-charges,https://www.google.com/search?q=Cancer+&+Metabolism+aims+scope+instructions+for+authors+APC
1153,2-Q1且IF小于10,0,International Braz J Urol,INT BRAZ J UROL,1677-5538,1677-6119,4.3,3.4,Q1,18/134,Q1,Q1,1.16,86.9,45.0,2903.0,UROLOGY & NEPHROLOGY,UROLOGY & NEPHROLOGY(JIF Q1/JCI Q1),BRAZILIAN SOC UROL,其他,是,SCIE,需核实,请查期刊官网 Author / Open Access 页面,未知,,https://www.google.com/search?q=International+Braz+J+Urol+aims+scope+instructions+for+authors+APC
1154,2-Q1且IF小于10,0,INFECTIOUS DISEASE CLINICS OF NORTH AMERICA,INFECT DIS CLIN N AM,0891-5520,1557-9824,4.2,5.9,Q1,33/141,Q1,Q1,1.06,77.0,45.0,4731.0,IMMUNOLOGY; INFECTIOUS DISEASES,IMMUNOLOGY(JIF Q2/JCI Q1) | INFECTIOUS DISEASES(JIF Q1/JCI Q1),W B SAUNDERS CO-ELSEVIER INC,Elsevier,是,SCIE,混合为主,"订阅路线通常无APC；Gold OA常见 USD 2,200-4,200",中,https://www.elsevier.com/open-access/agreements,https://www.google.com/search?q=INFECTIOUS+DISEASE+CLINICS+OF+NORTH+AMERICA+aims+scope+instructions+for+authors+APC
1155,2-Q1且IF小于10,0,Mobile DNA,MOBILE DNA-UK,1759-8753,1759-8753,4.2,5.1,Q1,46/192,Q2,Q2,0.82,76.3,45.0,1853.0,GENETICS & HEREDITY,GENETICS & HEREDITY(JIF Q1/JCI Q2),BMC,BMC,是,SCIE,全OA,"约 USD 1,990-2,890（旗舰刊更高）",高,https://www.biomedcentral.com/getpublished/article-processing-charges,https://www.google.com/search?q=Mobile+DNA+aims+scope+instructions+for+authors+APC
1156,2-Q1且IF小于10,0,Korean Journal of Anesthesiology,KOREAN J ANESTHESIOL,2005-6419,2005-7563,4.0,6.2,Q1,12/72,Q1,Q1,2.12,84.0,45.0,5545.0,ANESTHESIOLOGY,ANESTHESIOLOGY(JIF Q1/JCI Q1),KOREAN SOC ANESTHESIOLOGISTS,其他,是,SCIE,需核实,请查期刊官网 Author / Open Access 页面,未知,,https://www.google.com/search?q=Korean+Journal+of+Anesthesiology+aims+scope+instructions+for+authors+APC
1157,2-Q1且IF小于10,0,JOURNAL OF NURSING SCHOLARSHIP,J NURS SCHOLARSHIP,1527-6546,1547-5069,3.9,4.3,Q1,15/194,Q1,Q1,1.39,92.5,45.0,5284.0,NURSING,NURSING(JIF Q1/JCI Q1),WILEY,Wiley,是,"SCIE, SSCI",混合为主,"订阅路线通常无APC；OnlineOpen常见 USD 3,200-4,700",中,https://authorservices.wiley.com/author-resources/Journal-Authors/open-access/article-publication-charges.html,https://www.google.com/search?q=JOURNAL+OF+NURSING+SCHOLARSHIP+aims+scope+instructions+for+authors+APC
1158,2-Q1且IF小于10,0,JOURNAL OF APPLIED BEHAVIOR ANALYSIS,J APPL BEHAV ANAL,,1938-3703,3.4,2.9,Q1,34/184,Q1,Q1,1.07,81.8,45.0,5320.0,"PSYCHOLOGY, CLINICAL","PSYCHOLOGY, CLINICAL(JIF Q1/JCI Q1)",WILEY,Wiley,否,SSCI,混合为主,"订阅路线通常无APC；OnlineOpen常见 USD 3,200-4,700",中,https://authorservices.wiley.com/author-resources/Journal-Authors/open-access/article-publication-charges.html,https://www.google.com/search?q=JOURNAL+OF+APPLIED+BEHAVIOR+ANALYSIS+aims+scope+instructions+for+authors+APC
1159,2-Q1且IF小于10,0,Applied Health Economics and Health Policy,APPL HEALTH ECON HEA,1175-5652,1179-1896,3.1,3.8,Q1,135/626,Q2,Q1,0.87,75.6,45.0,2746.0,HEALTH CARE SCIENCES & SERVICES; HEALTH POLICY & SERVICES,HEALTH CARE SCIENCES & SERVICES(JIF Q2/JCI Q2) | HEALTH POLICY & SERVICES(JIF Q1/JCI Q2),SPRINGER INT PUBL AG,Springer,是,SSCI; SCIE,混合为主,"订阅路线通常无APC；选OA约 USD 2,790-4,290",中,https://www.springer.com/gp/open-access,https://www.google.com/search?q=Applied+Health+Economics+and+Health+Policy+aims+scope+instructions+for+authors+APC
1160,2-Q1且IF小于10,0,Journal of Special Education Technology,J SPEC EDUC TECHNOL,0162-6434,2381-3121,2.7,2.8,Q1,7/62,Q1,Q1,1.36,82.6,45.0,1194.0,REHABILITATION,REHABILITATION(JIF Q1/JCI Q1),SAGE PUBLICATIONS INC,SAGE,否,SSCI,混合为主,"订阅路线通常无APC；SAGE Choice常见 USD 2,000-4,000",中,https://us.sagepub.com/en-us/nam/sage-choice,https://www.google.com/search?q=Journal+of+Special+Education+Technology+aims+scope+instructions+for+authors+APC
1161,2-Q1且IF小于10,0,AMERICAN JOURNAL OF CRITICAL CARE,AM J CRIT CARE,1062-3264,1937-710X,2.6,3.0,Q1,44/194,Q2,Q2,0.73,77.6,45.0,2830.0,CRITICAL CARE MEDICINE; NURSING,CRITICAL CARE MEDICINE(JIF Q2/JCI Q2) | NURSING(JIF Q1/JCI Q2),AMER ASSOC CRITICAL CARE NURSES,其他,是,SCIE,需核实,请查期刊官网 Author / Open Access 页面,未知,,https://www.google.com/search?q=AMERICAN+JOURNAL+OF+CRITICAL+CARE+aims+scope+instructions+for+authors+APC
1162,2-Q1且IF小于10,0,Advances in Respiratory Medicine,ADV RESPIR MED,2451-4934,2543-6031,4.5,2.1,Q1,21/107,Q2,Q2,0.73,80.8,44.0,843.0,RESPIRATORY SYSTEM,RESPIRATORY SYSTEM(JIF Q1/JCI Q2),MDPI,MDPI,否,ESCI,全OA,"约 CHF 1,600-2,900（如 JCM=CHF 2,600）",高,https://www.mdpi.com/about/apc,https://www.google.com/search?q=Advances+in+Respiratory+Medicine+aims+scope+instructions+for+authors+APC
1163,2-Q1且IF小于10,0,Journal of Pathology Clinical Research,J PATHOL CLIN RES,,2056-4538,4.1,4.1,Q1,13/89,Q1,Q1,1.63,86.0,44.0,1348.0,PATHOLOGY,PATHOLOGY(JIF Q1/JCI Q1),WILEY,Wiley,是,SCIE,混合为主,"订阅路线通常无APC；OnlineOpen常见 USD 3,200-4,700",中,https://authorservices.wiley.com/author-resources/Journal-Authors/open-access/article-publication-charges.html,https://www.google.com/search?q=Journal+of+Pathology+Clinical+Research+aims+scope+instructions+for+authors+APC
1164,2-Q1且IF小于10,0,Neuroethics,NEUROETHICS-NETH,1874-5490,1874-5504,3.7,3.1,Q1,11/78,Q1,Q1,1.62,86.5,44.0,1037.0,"MEDICAL ETHICS; SOCIAL SCIENCES, BIOMEDICAL","MEDICAL ETHICS(JIF Q2/JCI Q1) | SOCIAL SCIENCES, BIOMEDICAL(JIF Q1/JCI Q1)",SPRINGER,Springer,是,SSCI; SCIE,混合为主,"订阅路线通常无APC；选OA约 USD 2,790-4,290",中,https://www.springer.com/gp/open-access,https://www.google.com/search?q=Neuroethics+aims+scope+instructions+for+authors+APC
1165,2-Q1且IF小于10,0,CLINICS IN PERINATOLOGY,CLIN PERINATOL,0095-5108,1557-9840,3.7,3.3,Q1,16/190,Q1,Q1,1.44,91.8,44.0,3214.0,OBSTETRICS & GYNECOLOGY; PEDIATRICS,OBSTETRICS & GYNECOLOGY(JIF Q1/JCI Q1) | PEDIATRICS(JIF Q1/JCI Q1),W B SAUNDERS CO-ELSEVIER INC,Elsevier,是,SCIE,混合为主,"订阅路线通常无APC；Gold OA常见 USD 2,200-4,200",中,https://www.elsevier.com/open-access/agreements,https://www.google.com/search?q=CLINICS+IN+PERINATOLOGY+aims+scope+instructions+for+authors+APC
1166,2-Q1且IF小于10,0,Korean Journal of Family Medicine,KOREAN J FAM MED,2092-6715,2092-6715,3.4,3.5,Q1,7/29,Q2,Q2,1.23,77.6,44.0,1694.0,PRIMARY HEALTH CARE,PRIMARY HEALTH CARE(JIF Q1/JCI Q2),KOREAN ACAD FAMILY MEDICINE,其他,否,ESCI,需核实,请查期刊官网 Author / Open Access 页面,未知,,https://www.google.com/search?q=Korean+Journal+of+Family+Medicine+aims+scope+instructions+for+authors+APC
1167,2-Q1且IF小于10,0,TRENDS IN CARDIOVASCULAR MEDICINE,TRENDS CARDIOVAS MED,1050-1738,1873-2615,8.6,8.0,Q1,24/237,Q1,Q1,2.47,90.1,43.0,4641.0,CARDIAC & CARDIOVASCULAR SYSTEMS,CARDIAC & CARDIOVASCULAR SYSTEMS(JIF Q1/JCI Q1),ELSEVIER SCIENCE LONDON,Elsevier,是,SCIE,混合为主,"订阅路线通常无APC；Gold OA常见 USD 2,200-4,200",中,https://www.elsevier.com/open-access/agreements,https://www.google.com/search?q=TRENDS+IN+CARDIOVASCULAR+MEDICINE+aims+scope+instructions+for+authors+APC
1168,2-Q1且IF小于10,0,Immunity & Ageing,IMMUN AGEING,1742-4933,1742-4933,8.3,7.9,Q1,7/72,Q1,Q1,1.33,91.0,43.0,3583.0,GERIATRICS & GERONTOLOGY; IMMUNOLOGY,GERIATRICS & GERONTOLOGY(JIF Q1/JCI Q1) | IMMUNOLOGY(JIF Q1/JCI Q1),BMC,BMC,是,SCIE,全OA,"约 USD 1,990-2,890（旗舰刊更高）",高,https://www.biomedcentral.com/getpublished/article-processing-charges,https://www.google.com/search?q=Immunity+&+Ageing+aims+scope+instructions+for+authors+APC
1169,2-Q1且IF小于10,0,Translational Research,TRANSL RES,1931-5244,1878-1810,6.1,6.9,Q1,31/336,Q1,Q1,1.85,90.9,43.0,7610.0,"MEDICAL LABORATORY TECHNOLOGY; MEDICINE, GENERAL & INTERNAL; MEDICINE, RESEARCH & EXPERIMENTAL","MEDICAL LABORATORY TECHNOLOGY(JIF Q1/JCI Q1) | MEDICINE, GENERAL & INTERNAL(JIF Q1/JCI Q1) | MEDICINE, RESEARCH & EXPERIMENTAL(JIF Q1/JCI Q1)",ELSEVIER SCIENCE INC,Elsevier,是,SCIE,混合为主,"订阅路线通常无APC；Gold OA常见 USD 2,200-4,200",中,https://www.elsevier.com/open-access/agreements,https://www.google.com/search?q=Translational+Research+aims+scope+instructions+for+authors+APC
1170,2-Q1且IF小于10,0,PHARMACEUTICAL BIOLOGY,PHARM BIOL,1388-0209,1744-5116,6.0,5.0,Q1,32/285,Q1,Q1,1.7,87.2,43.0,10407.0,MEDICAL LABORATORY TECHNOLOGY; PHARMACOLOGY & PHARMACY,MEDICAL LABORATORY TECHNOLOGY(JIF Q1/JCI Q1) | PHARMACOLOGY & PHARMACY(JIF Q1/JCI Q1),TAYLOR & FRANCIS LTD,Taylor & Francis,是,SCIE,混合为主,"订阅路线通常无APC；Open Select常见 USD 2,500-3,500",中,https://authorservices.taylorandfrancis.com/publishing-open-access/,https://www.google.com/search?q=PHARMACEUTICAL+BIOLOGY+aims+scope+instructions+for+authors+APC
1171,2-Q1且IF小于10,0,One Health Outlook,ONE HEALTH OUTLOOK,2524-4655,2524-4655,5.9,6.6,Q1,34/443,Q2,Q2,0.81,92.4,43.0,738.0,"INFECTIOUS DISEASES; MICROBIOLOGY; PUBLIC, ENVIRONMENTAL & OCCUPATIONAL HEALTH","INFECTIOUS DISEASES(JIF Q1/JCI Q2) | MICROBIOLOGY(JIF Q1/JCI Q2) | PUBLIC, ENVIRONMENTAL & OCCUPATIONAL HEALTH(JIF Q1/JCI Q2)",BMC,BMC,否,ESCI,全OA,"约 USD 1,990-2,890（旗舰刊更高）",高,https://www.biomedcentral.com/getpublished/article-processing-charges,https://www.google.com/search?q=One+Health+Outlook+aims+scope+instructions+for+authors+APC
1172,2-Q1且IF小于10,0,Journal of Inflammation-London,J INFLAMM-LOND,1476-9255,1476-9255,5.8,5.1,Q1,40/183,Q2,Q2,0.89,78.4,43.0,2258.0,IMMUNOLOGY,IMMUNOLOGY(JIF Q1/JCI Q2),BMC,BMC,是,SCIE,全OA,"约 USD 1,990-2,890（旗舰刊更高）",高,https://www.biomedcentral.com/getpublished/article-processing-charges,https://www.google.com/search?q=Journal+of+Inflammation-London+aims+scope+instructions+for+authors+APC
1173,2-Q1且IF小于10,0,Phenomics,PHENOMICS,2730-583X,2730-5848,5.5,5.8,Q1,33/192,Q1,Q1,1.2,83.1,43.0,956.0,GENETICS & HEREDITY,GENETICS & HEREDITY(JIF Q1/JCI Q1),SPRINGERNATURE,Springer Nature,否,ESCI,混合/全OA,"全OA约 USD 2,090-3,490；Nature系更高；Scientific Reports已拉黑",中高,https://www.springernature.com/gp/open-research/journals-books/journals,https://www.google.com/search?q=Phenomics+aims+scope+instructions+for+authors+APC
1174,2-Q1且IF小于10,0,BRAIN PATHOLOGY,BRAIN PATHOL,1015-6305,1750-3639,5.0,5.7,Q1,7/89,Q1,Q1,1.45,92.7,43.0,6585.0,CLINICAL NEUROLOGY; NEUROSCIENCES; PATHOLOGY,CLINICAL NEUROLOGY(JIF Q1/JCI Q1) | NEUROSCIENCES(JIF Q1/JCI Q1) | PATHOLOGY(JIF Q1/JCI Q1),WILEY,Wiley,是,SCIE,混合为主,"订阅路线通常无APC；OnlineOpen常见 USD 3,200-4,700",中,https://authorservices.wiley.com/author-resources/Journal-Authors/open-access/article-publication-charges.html,https://www.google.com/search?q=BRAIN+PATHOLOGY+aims+scope+instructions+for+authors+APC
1175,2-Q1且IF小于10,0,BioScience Trends,BIOSCI TRENDS,1881-7815,1881-7823,4.9,5.1,Q1,15/106,Q1,Q1,1.0,86.3,43.0,2554.0,BIOLOGY,BIOLOGY(JIF Q1/JCI Q1),IRCA-BSSA,其他,是,SCIE,需核实,请查期刊官网 Author / Open Access 页面,未知,,https://www.google.com/search?q=BioScience+Trends+aims+scope+instructions+for+authors+APC
1176,2-Q1且IF小于10,0,International Journal of Health Policy and Management,INT J HEALTH POLICY,,2322-5939,4.9,4.9,Q1,8/125,Q1,Q1,0.99,94.0,43.0,4310.0,HEALTH CARE SCIENCES & SERVICES; HEALTH POLICY & SERVICES,HEALTH CARE SCIENCES & SERVICES(JIF Q1/JCI Q2) | HEALTH POLICY & SERVICES(JIF Q1/JCI Q1),KERMAN UNIV MEDICAL SCIENCES,其他,是,SCIE; SSCI,需核实,请查期刊官网 Author / Open Access 页面,未知,,https://www.google.com/search?q=International+Journal+of+Health+Policy+and+Management+aims+scope+instructions+for+authors+APC
1177,2-Q1且IF小于10,0,JOURNAL OF HEALTH AND SOCIAL BEHAVIOR,J HEALTH SOC BEHAV,0022-1465,2150-6000,3.6,6.0,Q1,15/222,Q1,Q1,1.61,84.4,43.0,11979.0,"PUBLIC, ENVIRONMENTAL & OCCUPATIONAL HEALTH; SOCIAL SCIENCES, BIOMEDICAL","PUBLIC, ENVIRONMENTAL & OCCUPATIONAL HEALTH(JIF Q1/JCI Q1) | SOCIAL SCIENCES, BIOMEDICAL(JIF Q1/JCI Q1)",SAGE PUBLICATIONS INC,SAGE,否,SSCI,混合为主,"订阅路线通常无APC；SAGE Choice常见 USD 2,000-4,000",中,https://us.sagepub.com/en-us/nam/sage-choice,https://www.google.com/search?q=JOURNAL+OF+HEALTH+AND+SOCIAL+BEHAVIOR+aims+scope+instructions+for+authors+APC
1178,2-Q1且IF小于10,0,Seminars in Fetal & Neonatal Medicine,SEMIN FETAL NEONAT M,1744-165X,1878-0946,2.9,3.9,Q1,33/190,Q1,Q1,1.35,82.9,43.0,3487.0,PEDIATRICS,PEDIATRICS(JIF Q1/JCI Q1),ELSEVIER SCI LTD,Elsevier,是,SCIE,混合为主,"订阅路线通常无APC；Gold OA常见 USD 2,200-4,200",中,https://www.elsevier.com/open-access/agreements,https://www.google.com/search?q=Seminars+in+Fetal+&+Neonatal+Medicine+aims+scope+instructions+for+authors+APC
1179,2-Q1且IF小于10,0,ALLERGOLOGY INTERNATIONAL,ALLERGOL INT,1323-8930,1440-1592,6.2,7.3,Q1,8/40,Q1,Q1,1.33,81.3,42.0,4272.0,ALLERGY; IMMUNOLOGY,ALLERGY(JIF Q1/JCI Q1) | IMMUNOLOGY(JIF Q1/JCI Q1),JAPANESE SOC ALLERGOLOGY,其他,是,SCIE,需核实,请查期刊官网 Author / Open Access 页面,未知,,https://www.google.com/search?q=ALLERGOLOGY+INTERNATIONAL+aims+scope+instructions+for+authors+APC
1180,2-Q1且IF小于10,0,Journal of Zhejiang University-SCIENCE B,J ZHEJIANG UNIV-SC B,1673-1581,1862-1783,5.7,5.7,Q1,37/180,Q2,Q2,0.86,79.7,42.0,5163.0,"BIOCHEMISTRY & MOLECULAR BIOLOGY; BIOTECHNOLOGY & APPLIED MICROBIOLOGY; MEDICINE, RESEARCH & EXPERIMENTAL","BIOCHEMISTRY & MOLECULAR BIOLOGY(JIF Q1/JCI Q2) | BIOTECHNOLOGY & APPLIED MICROBIOLOGY(JIF Q1/JCI Q2) | MEDICINE, RESEARCH & EXPERIMENTAL(JIF Q1/JCI Q2)",ZHEJIANG UNIV PRESS,其他,是,SCIE,需核实,请查期刊官网 Author / Open Access 页面,未知,,https://www.google.com/search?q=Journal+of+Zhejiang+University-SCIENCE+B+aims+scope+instructions+for+authors+APC
1181,2-Q1且IF小于10,0,JMIR Nursing,JMIR NURS,,2562-7600,5.0,,Q1,8/194,Q1,Q1,1.82,96.1,42.0,613.0,NURSING,NURSING(JIF Q1/JCI Q1),"JMIR PUBLICATIONS, INC",其他,否,ESCI,需核实,请查期刊官网 Author / Open Access 页面,未知,,https://www.google.com/search?q=JMIR+Nursing+aims+scope+instructions+for+authors+APC
1182,2-Q1且IF小于10,0,JOURNAL OF SPORT MANAGEMENT,J SPORT MANAGE,0888-4773,1543-270X,4.6,4.7,Q1,12/136,Q1,Q1,1.14,91.5,42.0,3468.0,SPORT SCIENCES,SPORT SCIENCES(JIF Q1/JCI Q1),HUMAN KINETICS PUBL INC,其他,是,SSCI; SCIE,需核实,请查期刊官网 Author / Open Access 页面,未知,,https://www.google.com/search?q=JOURNAL+OF+SPORT+MANAGEMENT+aims+scope+instructions+for+authors+APC
1183,2-Q1且IF小于10,0,Journal of Healthcare Informatics Research,J HEALTHC INFORM RES,2509-4971,2509-498X,4.6,6.4,Q1,33/194,Q1,Q1,1.1,83.2,42.0,919.0,HEALTH CARE SCIENCES & SERVICES; MEDICAL INFORMATICS,HEALTH CARE SCIENCES & SERVICES(JIF Q1/JCI Q1) | MEDICAL INFORMATICS(JIF Q2/JCI Q2),SPRINGERNATURE,Springer Nature,否,ESCI,混合/全OA,"全OA约 USD 2,090-3,490；Nature系更高；Scientific Reports已拉黑",中高,https://www.springernature.com/gp/open-research/journals-books/journals,https://www.google.com/search?q=Journal+of+Healthcare+Informatics+Research+aims+scope+instructions+for+authors+APC
1184,2-Q1且IF小于10,0,Global Transitions,GLOB TRANSIT,2589-7918,2589-7918,4.2,,Q1,71/443,Q1,Q1,1.23,84.1,42.0,641.0,"PUBLIC, ENVIRONMENTAL & OCCUPATIONAL HEALTH","PUBLIC, ENVIRONMENTAL & OCCUPATIONAL HEALTH(JIF Q1/JCI Q1)",KEAI PUBLISHING LTD,其他,否,ESCI,需核实,请查期刊官网 Author / Open Access 页面,未知,,https://www.google.com/search?q=Global+Transitions+aims+scope+instructions+for+authors+APC
1185,2-Q1且IF小于10,0,Annals of Physical and Rehabilitation Medicine,ANN PHYS REHABIL MED,1877-0657,1877-0665,4.0,5.5,Q1,7/175,Q1,Q1,1.58,96.3,42.0,3839.0,REHABILITATION,REHABILITATION(JIF Q1/JCI Q1),ELSEVIER FRANCE-EDITIONS SCIENTIFIQUES MEDICALES ELSEVIER,Elsevier,是,SCIE,混合为主,"订阅路线通常无APC；Gold OA常见 USD 2,200-4,200",中,https://www.elsevier.com/open-access/agreements,https://www.google.com/search?q=Annals+of+Physical+and+Rehabilitation+Medicine+aims+scope+instructions+for+authors+APC
1186,2-Q1且IF小于10,0,World Journal Of Emergency Medicine,WORLD J EMERG MED,1920-8642,1920-8642,3.8,3.3,Q1,9/55,Q1,Q1,1.23,84.5,42.0,1221.0,EMERGENCY MEDICINE,EMERGENCY MEDICINE(JIF Q1/JCI Q1),ZHEJIANG UNIV PRESS,其他,是,SCIE,需核实,请查期刊官网 Author / Open Access 页面,未知,,https://www.google.com/search?q=World+Journal+Of+Emergency+Medicine+aims+scope+instructions+for+authors+APC
1187,2-Q1且IF小于10,0,Journal of Integrative Medicine-JIM,J INTEGR MED-JIM,2095-4964,2095-4964,5.2,4.6,Q1,9/48,Q1,Q1,1.11,82.3,41.0,2271.0,INTEGRATIVE & COMPLEMENTARY MEDICINE,INTEGRATIVE & COMPLEMENTARY MEDICINE(JIF Q1/JCI Q1),ELSEVIER,Elsevier,是,SCIE,混合为主,"订阅路线通常无APC；Gold OA常见 USD 2,200-4,200",中,https://www.elsevier.com/open-access/agreements,https://www.google.com/search?q=Journal+of+Integrative+Medicine-JIM+aims+scope+instructions+for+authors+APC
1188,2-Q1且IF小于10,0,EFORT Open Reviews,EFORT OPEN REV,2396-7544,2058-5241,4.6,5.7,Q1,15/147,Q1,Q1,1.56,90.1,41.0,4577.0,ORTHOPEDICS,ORTHOPEDICS(JIF Q1/JCI Q1),BIOSCIENTIFICA LTD,其他,是,SCIE,需核实,请查期刊官网 Author / Open Access 页面,未知,,https://www.google.com/search?q=EFORT+Open+Reviews+aims+scope+instructions+for+authors+APC
1189,2-Q1且IF小于10,0,Non-Coding RNA,NON-CODING RNA,,2311-553X,4.2,4.2,Q1,46/192,Q3,Q3,0.59,76.3,41.0,1927.0,BIOCHEMISTRY & MOLECULAR BIOLOGY; GENETICS & HEREDITY,BIOCHEMISTRY & MOLECULAR BIOLOGY(JIF Q2/JCI Q3) | GENETICS & HEREDITY(JIF Q1/JCI Q3),MDPI,MDPI,否,ESCI,全OA,"约 CHF 1,600-2,900（如 JCM=CHF 2,600）",高,https://www.mdpi.com/about/apc,https://www.google.com/search?q=Non-Coding+RNA+aims+scope+instructions+for+authors+APC
1190,2-Q1且IF小于10,0,Interface Focus,INTERFACE FOCUS,2042-8898,2042-8901,4.0,4.6,Q1,21/106,Q1,Q1,1.07,80.7,41.0,3417.0,BIOLOGY,BIOLOGY(JIF Q1/JCI Q1),ROYAL SOC,其他,是,SCIE,需核实,请查期刊官网 Author / Open Access 页面,未知,,https://www.google.com/search?q=Interface+Focus+aims+scope+instructions+for+authors+APC
1191,2-Q1且IF小于10,0,JARO-JOURNAL OF THE ASSOCIATION FOR RESEARCH IN OTOLARYNGOLOGY,JARO-J ASSOC RES OTO,1525-3961,1438-7573,2.9,3.1,Q1,7/67,Q2,Q2,0.94,90.3,41.0,2524.0,NEUROSCIENCES; OTORHINOLARYNGOLOGY,NEUROSCIENCES(JIF Q3/JCI Q2) | OTORHINOLARYNGOLOGY(JIF Q1/JCI Q2),SPRINGER,Springer,是,SCIE,混合为主,"订阅路线通常无APC；选OA约 USD 2,790-4,290",中,https://www.springer.com/gp/open-access,https://www.google.com/search?q=JARO-JOURNAL+OF+THE+ASSOCIATION+FOR+RESEARCH+IN+OTOLARYNGOLOGY+aims+scope+instructions+for+authors+APC
1192,2-Q1且IF小于10,0,Current Problems in Pediatric and Adolescent Health Care,CURR PROB PEDIATR AD,1538-5442,1538-3199,2.5,3.1,Q1,43/190,Q1,Q1,1.72,77.6,41.0,1668.0,PEDIATRICS,PEDIATRICS(JIF Q1/JCI Q1),ELSEVIER SCIENCE INC,Elsevier,是,SCIE,混合为主,"订阅路线通常无APC；Gold OA常见 USD 2,200-4,200",中,https://www.elsevier.com/open-access/agreements,https://www.google.com/search?q=Current+Problems+in+Pediatric+and+Adolescent+Health+Care+aims+scope+instructions+for+authors+APC
1193,2-Q1且IF小于10,0,Frontiers in Neuroanatomy,FRONT NEUROANAT,1662-5129,1662-5129,2.4,2.9,Q1,4/25,Q2,Q2,0.94,86.0,41.0,4672.0,ANATOMY & MORPHOLOGY; NEUROSCIENCES,ANATOMY & MORPHOLOGY(JIF Q1/JCI Q2) | NEUROSCIENCES(JIF Q3/JCI Q2),FRONTIERS MEDIA SA,Frontiers,是,SCIE,全OA,"约 CHF 1,495-3,150（Frontiers in Medicine A类=CHF 3,150）",高,https://www.frontiersin.org/about/fee-policy,https://www.google.com/search?q=Frontiers+in+Neuroanatomy+aims+scope+instructions+for+authors+APC
1194,2-Q1且IF小于10,0,European Heart Journal-Cardiovascular Pharmacotherapy,EUR HEART J-CARD PHA,2055-6837,2055-6845,8.2,6.1,Q1,20/356,Q1,Q1,1.43,94.5,40.0,2494.0,CARDIAC & CARDIOVASCULAR SYSTEMS; PHARMACOLOGY & PHARMACY,CARDIAC & CARDIOVASCULAR SYSTEMS(JIF Q1/JCI Q1) | PHARMACOLOGY & PHARMACY(JIF Q1/JCI Q1),OXFORD UNIV PRESS,Oxford UP,是,SCIE,混合为主,订阅路线通常无APC；可选OA，费用因刊而异,中,https://academic.oup.com/pages/open-research/open-access,https://www.google.com/search?q=European+Heart+Journal-Cardiovascular+Pharmacotherapy+aims+scope+instructions+for+authors+APC
1195,2-Q1且IF小于10,0,INTERNATIONAL PSYCHOGERIATRICS,INT PSYCHOGERIATR,1041-6102,1741-203X,6.0,6.3,Q1,2/49,Q1,Q1,1.49,95.9,40.0,10223.0,"GERIATRICS & GERONTOLOGY; PSYCHIATRY; PSYCHOLOGY, CLINICAL","GERIATRICS & GERONTOLOGY(JIF Q1/JCI Q1) | PSYCHIATRY(JIF Q1/JCI Q1) | PSYCHOLOGY, CLINICAL(JIF Q1/JCI Q1)",ELSEVIER,Elsevier,是,SCIE; SSCI,混合为主,"订阅路线通常无APC；Gold OA常见 USD 2,200-4,200",中,https://www.elsevier.com/open-access/agreements,https://www.google.com/search?q=INTERNATIONAL+PSYCHOGERIATRICS+aims+scope+instructions+for+authors+APC
1196,2-Q1且IF小于10,0,Advances in Wound Care,ADV WOUND CARE,2162-1918,2162-1934,5.7,8.3,Q1,9/99,Q1,Q1,1.53,91.4,40.0,6313.0,DERMATOLOGY,DERMATOLOGY(JIF Q1/JCI Q1),SAGE PUBLICATIONS INC,SAGE,是,SCIE,混合为主,"订阅路线通常无APC；SAGE Choice常见 USD 2,000-4,000",中,https://us.sagepub.com/en-us/nam/sage-choice,https://www.google.com/search?q=Advances+in+Wound+Care+aims+scope+instructions+for+authors+APC
1197,2-Q1且IF小于10,0,Nutrition & Diabetes,NUTR DIABETES,2044-4052,2044-4052,5.7,6.2,Q1,20/114,Q1,Q1,1.21,82.9,40.0,2991.0,ENDOCRINOLOGY & METABOLISM; NUTRITION & DIETETICS,ENDOCRINOLOGY & METABOLISM(JIF Q1/JCI Q1) | NUTRITION & DIETETICS(JIF Q1/JCI Q1),SPRINGERNATURE,Springer Nature,是,SCIE,混合/全OA,"全OA约 USD 2,090-3,490；Nature系更高；Scientific Reports已拉黑",中高,https://www.springernature.com/gp/open-research/journals-books/journals,https://www.google.com/search?q=Nutrition+&+Diabetes+aims+scope+instructions+for+authors+APC
1198,2-Q1且IF小于10,0,Preventing Chronic Disease,PREV CHRONIC DIS,1545-1151,1545-1151,5.6,5.6,Q1,40/443,Q1,Q1,1.37,91.1,40.0,7032.0,"PUBLIC, ENVIRONMENTAL & OCCUPATIONAL HEALTH","PUBLIC, ENVIRONMENTAL & OCCUPATIONAL HEALTH(JIF Q1/JCI Q1)",CENTERS DISEASE CONTROL & PREVENTION,其他,是,"SCIE, SSCI",需核实,请查期刊官网 Author / Open Access 页面,未知,,https://www.google.com/search?q=Preventing+Chronic+Disease+aims+scope+instructions+for+authors+APC
1199,2-Q1且IF小于10,0,ALTEX-Alternatives to Animal Experimentation,ALTEX-ALTERN ANIM EX,1868-596X,1868-8551,5.5,5.5,Q1,46/191,Q1,Q1,1.41,76.2,40.0,2408.0,"MEDICINE, RESEARCH & EXPERIMENTAL","MEDICINE, RESEARCH & EXPERIMENTAL(JIF Q1/JCI Q1)",SPEKTRUM AKADEMISCHER VERLAG-SPRINGER-VERLAG GMBH,Springer,是,SCIE,混合为主,"订阅路线通常无APC；选OA约 USD 2,790-4,290",中,https://www.springer.com/gp/open-access,https://www.google.com/search?q=ALTEX-Alternatives+to+Animal+Experimentation+aims+scope+instructions+for+authors+APC
1200,2-Q1且IF小于10,0,Eye and Vision,EYE VISION,,2326-0254,5.2,5.4,Q1,11/98,Q1,Q1,1.77,89.3,40.0,2024.0,OPHTHALMOLOGY,OPHTHALMOLOGY(JIF Q1/JCI Q1),BMC,BMC,是,SCIE,全OA,"约 USD 1,990-2,890（旗舰刊更高）",高,https://www.biomedcentral.com/getpublished/article-processing-charges,https://www.google.com/search?q=Eye+and+Vision+aims+scope+instructions+for+authors+APC
1201,2-Q1且IF小于10,0,Zeitschrift fur Medizinische Physik,Z MED PHYS,0939-3889,1876-4436,4.7,3.4,Q1,35/217,Q1,Q1,1.27,84.1,40.0,1340.0,"RADIOLOGY, NUCLEAR MEDICINE & MEDICAL IMAGING","RADIOLOGY, NUCLEAR MEDICINE & MEDICAL IMAGING(JIF Q1/JCI Q1)",ELSEVIER,Elsevier,是,SCIE,混合为主,"订阅路线通常无APC；Gold OA常见 USD 2,200-4,200",中,https://www.elsevier.com/open-access/agreements,https://www.google.com/search?q=Zeitschrift+fur+Medizinische+Physik+aims+scope+instructions+for+authors+APC
1202,2-Q1且IF小于10,0,SEMINARS IN THROMBOSIS AND HEMOSTASIS,SEMIN THROMB HEMOST,0094-6176,1098-9064,4.2,4.1,Q1,23/100,Q1,Q1,0.98,77.5,40.0,5198.0,HEMATOLOGY; PERIPHERAL VASCULAR DISEASE,HEMATOLOGY(JIF Q1/JCI Q1) | PERIPHERAL VASCULAR DISEASE(JIF Q1/JCI Q1),THIEME MEDICAL PUBL INC,Thieme,是,SCIE,混合为主,订阅路线通常无APC；OA另计,中低,https://www.thieme.com/en-us/open-access,https://www.google.com/search?q=SEMINARS+IN+THROMBOSIS+AND+HEMOSTASIS+aims+scope+instructions+for+authors+APC
1203,2-Q1且IF小于10,0,Environmental Health Insights,ENVIRON HEALTH INSIG,1178-6302,1178-6302,3.4,3.6,Q1,101/443,Q2,Q2,0.9,77.3,40.0,1778.0,"PUBLIC, ENVIRONMENTAL & OCCUPATIONAL HEALTH","PUBLIC, ENVIRONMENTAL & OCCUPATIONAL HEALTH(JIF Q1/JCI Q2)",SAGE PUBLICATIONS LTD,SAGE,否,ESCI,混合为主,"订阅路线通常无APC；SAGE Choice常见 USD 2,000-4,000",中,https://us.sagepub.com/en-us/nam/sage-choice,https://www.google.com/search?q=Environmental+Health+Insights+aims+scope+instructions+for+authors+APC
1204,2-Q1且IF小于10,0,CLINICAL AND EXPERIMENTAL HYPERTENSION,CLIN EXP HYPERTENS,1064-1963,1525-6006,6.8,2.8,Q1,37/356,Q1,Q1,1.16,89.7,39.0,2448.0,PERIPHERAL VASCULAR DISEASE; PHARMACOLOGY & PHARMACY,PERIPHERAL VASCULAR DISEASE(JIF Q1/JCI Q1) | PHARMACOLOGY & PHARMACY(JIF Q1/JCI Q1),TAYLOR & FRANCIS INC,Taylor & Francis,是,SCIE,混合为主,"订阅路线通常无APC；Open Select常见 USD 2,500-3,500",中,https://authorservices.taylorandfrancis.com/publishing-open-access/,https://www.google.com/search?q=CLINICAL+AND+EXPERIMENTAL+HYPERTENSION+aims+scope+instructions+for+authors+APC
1205,2-Q1且IF小于10,0,mLife,MLIFE,2097-1699,2770-100X,6.7,6.8,Q1,23/167,Q2,Q2,1.04,86.5,39.0,761.0,MICROBIOLOGY,MICROBIOLOGY(JIF Q1/JCI Q2),WILEY,Wiley,否,ESCI,混合为主,"订阅路线通常无APC；OnlineOpen常见 USD 3,200-4,700",中,https://authorservices.wiley.com/author-resources/Journal-Authors/open-access/article-publication-charges.html,https://www.google.com/search?q=mLife+aims+scope+instructions+for+authors+APC
1206,2-Q1且IF小于10,0,Progress in Orthodontics,PROG ORTHOD,2196-1042,2196-1042,6.3,5.8,Q1,7/165,Q1,Q1,2.19,96.1,39.0,2870.0,"DENTISTRY, ORAL SURGERY & MEDICINE","DENTISTRY, ORAL SURGERY & MEDICINE(JIF Q1/JCI Q1)",SPRINGER,Springer,是,SCIE,混合为主,"订阅路线通常无APC；选OA约 USD 2,790-4,290",中,https://www.springer.com/gp/open-access,https://www.google.com/search?q=Progress+in+Orthodontics+aims+scope+instructions+for+authors+APC
1207,2-Q1且IF小于10,0,Cancer Nanotechnology,CANCER NANOTECHNOL,1868-6958,1868-6966,5.8,5.4,Q1,67/333,Q2,Q2,0.89,80.0,39.0,1698.0,ONCOLOGY,ONCOLOGY(JIF Q1/JCI Q2),SPRINGER WIEN,Springer,是,SCIE,混合为主,"订阅路线通常无APC；选OA约 USD 2,790-4,290",中,https://www.springer.com/gp/open-access,https://www.google.com/search?q=Cancer+Nanotechnology+aims+scope+instructions+for+authors+APC
1208,2-Q1且IF小于10,0,JOURNAL OF LIPOSOME RESEARCH,J LIPOSOME RES,0898-2104,1532-2394,4.7,5.2,Q1,78/356,Q2,Q2,0.82,78.2,39.0,2274.0,BIOCHEMISTRY & MOLECULAR BIOLOGY; PHARMACOLOGY & PHARMACY,BIOCHEMISTRY & MOLECULAR BIOLOGY(JIF Q2/JCI Q2) | PHARMACOLOGY & PHARMACY(JIF Q1/JCI Q2),TAYLOR & FRANCIS LTD,Taylor & Francis,是,SCIE,混合为主,"订阅路线通常无APC；Open Select常见 USD 2,500-3,500",中,https://authorservices.taylorandfrancis.com/publishing-open-access/,https://www.google.com/search?q=JOURNAL+OF+LIPOSOME+RESEARCH+aims+scope+instructions+for+authors+APC
1209,2-Q1且IF小于10,0,STUDIES IN FAMILY PLANNING,STUD FAMILY PLANN,0039-3665,1728-4465,3.9,3.7,Q1,2/51,Q1,Q1,1.04,81.2,39.0,2046.0,"PUBLIC, ENVIRONMENTAL & OCCUPATIONAL HEALTH","PUBLIC, ENVIRONMENTAL & OCCUPATIONAL HEALTH(JIF Q1/JCI Q1)",WILEY,Wiley,否,SSCI,混合为主,"订阅路线通常无APC；OnlineOpen常见 USD 3,200-4,700",中,https://authorservices.wiley.com/author-resources/Journal-Authors/open-access/article-publication-charges.html,https://www.google.com/search?q=STUDIES+IN+FAMILY+PLANNING+aims+scope+instructions+for+authors+APC
1210,2-Q1且IF小于10,0,Physiotherapy,PHYSIOTHERAPY,0031-9406,1873-1465,3.1,3.6,Q1,19/175,Q1,Q1,1.14,89.4,39.0,3661.0,REHABILITATION,REHABILITATION(JIF Q1/JCI Q1),ELSEVIER SCI LTD,Elsevier,是,SCIE,混合为主,"订阅路线通常无APC；Gold OA常见 USD 2,200-4,200",中,https://www.elsevier.com/open-access/agreements,https://www.google.com/search?q=Physiotherapy+aims+scope+instructions+for+authors+APC
1211,2-Q1且IF小于10,0,Australasian Emergency Care,AUSTRALAS EMERG CARE,,2588-994X,2.7,2.7,Q1,41/194,Q1,Q1,1.15,79.1,39.0,775.0,EMERGENCY MEDICINE; NURSING,EMERGENCY MEDICINE(JIF Q2/JCI Q2) | NURSING(JIF Q1/JCI Q1),ELSEVIER SCI LTD,Elsevier,是,"SCIE; SCIE, SSCI",混合为主,"订阅路线通常无APC；Gold OA常见 USD 2,200-4,200",中,https://www.elsevier.com/open-access/agreements,https://www.google.com/search?q=Australasian+Emergency+Care+aims+scope+instructions+for+authors+APC
1212,2-Q1且IF小于10,0,JOURNAL OF NEUROSURGICAL ANESTHESIOLOGY,J NEUROSURG ANESTH,0898-4921,1537-1921,2.7,2.5,Q1,73/321,Q1,Q1,1.05,77.4,39.0,1874.0,ANESTHESIOLOGY; CLINICAL NEUROLOGY; SURGERY,ANESTHESIOLOGY(JIF Q2/JCI Q2) | CLINICAL NEUROLOGY(JIF Q3/JCI Q1) | SURGERY(JIF Q1/JCI Q1),LIPPINCOTT WILLIAMS & WILKINS,Wolters Kluwer/LWW,是,SCIE,混合为主,"订阅路线通常无APC；OA常见 USD 2,000-4,000；MEDICINE已拉黑",中,https://wkauthorservices.editage.com/open-access/,https://www.google.com/search?q=JOURNAL+OF+NEUROSURGICAL+ANESTHESIOLOGY+aims+scope+instructions+for+authors+APC
1213,2-Q1且IF小于10,0,BMJ Medicine,BMJ MED,,2754-0413,9.3,10.6,Q1,18/336,Q1,Q1,2.81,94.8,38.0,1485.0,"MEDICINE, GENERAL & INTERNAL","MEDICINE, GENERAL & INTERNAL(JIF Q1/JCI Q1)",BMJ PUBLISHING GROUP,BMJ,否,ESCI,混合/全OA,"BMJ Open约GBP 2,175；旗舰刊更高",高,https://authors.bmj.com/open-access/,https://www.google.com/search?q=BMJ+Medicine+aims+scope+instructions+for+authors+APC
1214,2-Q1且IF小于10,0,REVISTA ESPANOLA DE ENFERMEDADES DIGESTIVAS,REV ESP ENFERM DIG,1130-0108,2340-4167,4.8,2.5,Q1,35/153,Q3,Q3,0.39,77.5,38.0,2272.0,GASTROENTEROLOGY & HEPATOLOGY,GASTROENTEROLOGY & HEPATOLOGY(JIF Q1/JCI Q3),"ARAN EDICIONES, S A",其他,是,SCIE,需核实,请查期刊官网 Author / Open Access 页面,未知,,https://www.google.com/search?q=REVISTA+ESPANOLA+DE+ENFERMEDADES+DIGESTIVAS+aims+scope+instructions+for+authors+APC
1215,2-Q1且IF小于10,0,JOURNAL OF DERMATOLOGICAL SCIENCE,J DERMATOL SCI,0923-1811,1873-569X,4.6,4.4,Q1,11/99,Q1,Q1,1.5,89.4,38.0,6342.0,DERMATOLOGY,DERMATOLOGY(JIF Q1/JCI Q1),ELSEVIER IRELAND LTD,Elsevier,是,SCIE,混合为主,"订阅路线通常无APC；Gold OA常见 USD 2,200-4,200",中,https://www.elsevier.com/open-access/agreements,https://www.google.com/search?q=JOURNAL+OF+DERMATOLOGICAL+SCIENCE+aims+scope+instructions+for+authors+APC
1216,2-Q1且IF小于10,0,Prehospital and Disaster Medicine,PREHOSP DISASTER MED,1049-023X,1945-1938,4.1,3.1,Q1,8/55,Q2,Q2,1.02,86.4,38.0,3743.0,EMERGENCY MEDICINE,EMERGENCY MEDICINE(JIF Q1/JCI Q2),CAMBRIDGE UNIV PRESS,Cambridge UP,是,SCIE,混合为主,订阅路线通常无APC；Gold OA因刊而异,中,https://www.cambridge.org/core/open-research/open-access,https://www.google.com/search?q=Prehospital+and+Disaster+Medicine+aims+scope+instructions+for+authors+APC
1217,2-Q1且IF小于10,0,BIPOLAR DISORDERS,BIPOLAR DISORD,1398-5647,1399-5618,3.9,5.0,Q1,71/293,Q2,Q2,0.85,75.9,38.0,5403.0,CLINICAL NEUROLOGY; NEUROSCIENCES; PSYCHIATRY,CLINICAL NEUROLOGY(JIF Q2/JCI Q2) | NEUROSCIENCES(JIF Q2/JCI Q2) | PSYCHIATRY(JIF Q1/JCI Q2),WILEY,Wiley,是,SCIE,混合为主,"订阅路线通常无APC；OnlineOpen常见 USD 3,200-4,700",中,https://authorservices.wiley.com/author-resources/Journal-Authors/open-access/article-publication-charges.html,https://www.google.com/search?q=BIPOLAR+DISORDERS+aims+scope+instructions+for+authors+APC
1218,2-Q1且IF小于10,0,Journal of the World Federation of Orthodontists,J WORLD FED ORTHOD,2212-4438,2212-4438,3.5,3.4,Q1,34/165,Q1,Q1,1.39,79.7,38.0,728.0,"DENTISTRY, ORAL SURGERY & MEDICINE","DENTISTRY, ORAL SURGERY & MEDICINE(JIF Q1/JCI Q1)",ELSEVIER,Elsevier,否,ESCI,混合为主,"订阅路线通常无APC；Gold OA常见 USD 2,200-4,200",中,https://www.elsevier.com/open-access/agreements,https://www.google.com/search?q=Journal+of+the+World+Federation+of+Orthodontists+aims+scope+instructions+for+authors+APC
1219,2-Q1且IF小于10,0,ARCHIVOS DE BRONCONEUMOLOGIA,ARCH BRONCONEUMOL,0300-2896,1579-2129,8.7,6.6,Q1,8/107,Q1,Q1,1.62,93.0,37.0,3328.0,RESPIRATORY SYSTEM,RESPIRATORY SYSTEM(JIF Q1/JCI Q1),ELSEVIER ESPANA SLU,Elsevier,是,SCIE,混合为主,"订阅路线通常无APC；Gold OA常见 USD 2,200-4,200",中,https://www.elsevier.com/open-access/agreements,https://www.google.com/search?q=ARCHIVOS+DE+BRONCONEUMOLOGIA+aims+scope+instructions+for+authors+APC
1220,2-Q1且IF小于10,0,Brain Informatics,BRAIN INFORM,2198-4018,2198-4026,8.3,,Q1,23/330,Q1,Q1,1.05,93.2,37.0,1261.0,NEUROSCIENCES,NEUROSCIENCES(JIF Q1/JCI Q1),SPRINGERNATURE,Springer Nature,否,ESCI,混合/全OA,"全OA约 USD 2,090-3,490；Nature系更高；Scientific Reports已拉黑",中高,https://www.springernature.com/gp/open-research/journals-books/journals,https://www.google.com/search?q=Brain+Informatics+aims+scope+instructions+for+authors+APC
1221,2-Q1且IF小于10,0,Therapeutic Advances in Endocrinology and Metabolism,THER ADV ENDOCRINOL,2042-0188,2042-0196,7.8,5.9,Q1,18/198,Q2,Q2,0.93,91.2,37.0,2171.0,ENDOCRINOLOGY & METABOLISM,ENDOCRINOLOGY & METABOLISM(JIF Q1/JCI Q2),SAGE PUBLICATIONS LTD,SAGE,是,SCIE,混合为主,"订阅路线通常无APC；SAGE Choice常见 USD 2,000-4,000",中,https://us.sagepub.com/en-us/nam/sage-choice,https://www.google.com/search?q=Therapeutic+Advances+in+Endocrinology+and+Metabolism+aims+scope+instructions+for+authors+APC
1222,2-Q1且IF小于10,0,JOURNAL OF ORTHOPAEDIC & SPORTS PHYSICAL THERAPY,J ORTHOP SPORT PHYS,0190-6011,1938-1344,6.9,7.8,Q1,2/175,Q1,Q1,2.16,99.1,37.0,11724.0,ORTHOPEDICS; REHABILITATION; SPORT SCIENCES,ORTHOPEDICS(JIF Q1/JCI Q1) | REHABILITATION(JIF Q1/JCI Q1) | SPORT SCIENCES(JIF Q1/JCI Q1),J O S P T,其他,是,SCIE,需核实,请查期刊官网 Author / Open Access 页面,未知,,https://www.google.com/search?q=JOURNAL+OF+ORTHOPAEDIC+&+SPORTS+PHYSICAL+THERAPY+aims+scope+instructions+for+authors+APC
1223,2-Q1且IF小于10,0,CURRENT OPINION IN PHARMACOLOGY,CURR OPIN PHARMACOL,1471-4892,1471-4973,5.5,4.6,Q1,56/356,Q1,Q1,1.4,84.4,37.0,6901.0,PHARMACOLOGY & PHARMACY,PHARMACOLOGY & PHARMACY(JIF Q1/JCI Q1),ELSEVIER SCI LTD,Elsevier,是,SCIE,混合为主,"订阅路线通常无APC；Gold OA常见 USD 2,200-4,200",中,https://www.elsevier.com/open-access/agreements,https://www.google.com/search?q=CURRENT+OPINION+IN+PHARMACOLOGY+aims+scope+instructions+for+authors+APC
1224,2-Q1且IF小于10,0,Targeted Oncology,TARGET ONCOL,1776-2596,1776-260X,5.1,5.0,Q1,83/333,Q2,Q2,0.83,75.2,37.0,2877.0,ONCOLOGY,ONCOLOGY(JIF Q1/JCI Q2),SPRINGER,Springer,是,SCIE,混合为主,"订阅路线通常无APC；选OA约 USD 2,790-4,290",中,https://www.springer.com/gp/open-access,https://www.google.com/search?q=Targeted+Oncology+aims+scope+instructions+for+authors+APC
1225,2-Q1且IF小于10,0,Journal of Clinical and Translational Endocrinology,J CLIN TRANSL ENDOCR,2214-6237,2214-6237,4.9,4.1,Q1,49/198,Q1,Q1,1.04,75.5,37.0,1033.0,ENDOCRINOLOGY & METABOLISM,ENDOCRINOLOGY & METABOLISM(JIF Q1/JCI Q1),ELSEVIER,Elsevier,否,ESCI,混合为主,"订阅路线通常无APC；Gold OA常见 USD 2,200-4,200",中,https://www.elsevier.com/open-access/agreements,https://www.google.com/search?q=Journal+of+Clinical+and+Translational+Endocrinology+aims+scope+instructions+for+authors+APC
1226,2-Q1且IF小于10,0,Endoscopic Ultrasound,ENDOSC ULTRASOUND,2303-9027,2226-7190,4.7,4.5,Q1,36/153,Q2,Q2,0.87,76.8,37.0,1649.0,GASTROENTEROLOGY & HEPATOLOGY,GASTROENTEROLOGY & HEPATOLOGY(JIF Q1/JCI Q2),LIPPINCOTT WILLIAMS & WILKINS,Wolters Kluwer/LWW,是,SCIE,混合为主,"订阅路线通常无APC；OA常见 USD 2,000-4,000；MEDICINE已拉黑",中,https://wkauthorservices.editage.com/open-access/,https://www.google.com/search?q=Endoscopic+Ultrasound+aims+scope+instructions+for+authors+APC
1227,2-Q1且IF小于10,0,ENDOCRINE PATHOLOGY,ENDOCR PATHOL,1046-3976,1559-0097,4.6,8.9,Q1,10/89,Q1,Q1,3.52,89.3,37.0,2974.0,ENDOCRINOLOGY & METABOLISM; PATHOLOGY,ENDOCRINOLOGY & METABOLISM(JIF Q2/JCI Q1) | PATHOLOGY(JIF Q1/JCI Q1),HUMANA PRESS INC,其他,是,SCIE,需核实,请查期刊官网 Author / Open Access 页面,未知,,https://www.google.com/search?q=ENDOCRINE+PATHOLOGY+aims+scope+instructions+for+authors+APC
1228,2-Q1且IF小于10,0,Hygiene and Environmental Health Advances,HYG ENVIRON HLTH ADV,,2773-0492,4.4,4.1,Q1,60/443,Q2,Q2,0.83,86.6,37.0,452.0,"PUBLIC, ENVIRONMENTAL & OCCUPATIONAL HEALTH","PUBLIC, ENVIRONMENTAL & OCCUPATIONAL HEALTH(JIF Q1/JCI Q2)",ELSEVIER,Elsevier,否,ESCI,混合为主,"订阅路线通常无APC；Gold OA常见 USD 2,200-4,200",中,https://www.elsevier.com/open-access/agreements,https://www.google.com/search?q=Hygiene+and+Environmental+Health+Advances+aims+scope+instructions+for+authors+APC
1229,2-Q1且IF小于10,0,EXPERIMENTAL AND MOLECULAR PATHOLOGY,EXP MOL PATHOL,0014-4800,1096-0945,4.1,2.9,Q1,13/89,Q1,Q1,1.34,86.0,37.0,3770.0,PATHOLOGY,PATHOLOGY(JIF Q1/JCI Q1),ACADEMIC PRESS INC ELSEVIER SCIENCE,Elsevier,是,SCIE,混合为主,"订阅路线通常无APC；Gold OA常见 USD 2,200-4,200",中,https://www.elsevier.com/open-access/agreements,https://www.google.com/search?q=EXPERIMENTAL+AND+MOLECULAR+PATHOLOGY+aims+scope+instructions+for+authors+APC
1230,2-Q1且IF小于10,0,Games for Health Journal,GAMES HEALTH J,2161-783X,2161-7856,3.1,3.8,Q1,19/175,Q1,Q1,1.08,89.4,37.0,2003.0,"PUBLIC, ENVIRONMENTAL & OCCUPATIONAL HEALTH; REHABILITATION","PUBLIC, ENVIRONMENTAL & OCCUPATIONAL HEALTH(JIF Q2/JCI Q1) | REHABILITATION(JIF Q1/JCI Q1)",SAGE PUBLICATIONS INC,SAGE,否,SSCI,混合为主,"订阅路线通常无APC；SAGE Choice常见 USD 2,000-4,000",中,https://us.sagepub.com/en-us/nam/sage-choice,https://www.google.com/search?q=Games+for+Health+Journal+aims+scope+instructions+for+authors+APC
1231,2-Q1且IF小于10,0,Clinical and Experimental Otorhinolaryngology,CLIN EXP OTORHINOLAR,1976-8710,2005-0720,2.8,2.7,Q1,8/67,Q1,Q1,1.64,88.8,37.0,1379.0,OTORHINOLARYNGOLOGY,OTORHINOLARYNGOLOGY(JIF Q1/JCI Q1),KOREAN SOC OTORHINOLARYNGOL,其他,是,SCIE,需核实,请查期刊官网 Author / Open Access 页面,未知,,https://www.google.com/search?q=Clinical+and+Experimental+Otorhinolaryngology+aims+scope+instructions+for+authors+APC
1232,2-Q1且IF小于10,0,Current Opinion in Chemical Engineering,CURR OPIN CHEM ENG,2211-3398,2211-3398,8.6,9.1,Q1,15/180,Q1,Q1,1.29,91.9,36.0,6037.0,BIOTECHNOLOGY & APPLIED MICROBIOLOGY,BIOTECHNOLOGY & APPLIED MICROBIOLOGY(JIF Q1/JCI Q1),ELSEVIER SCI LTD,Elsevier,是,SCIE,混合为主,"订阅路线通常无APC；Gold OA常见 USD 2,200-4,200",中,https://www.elsevier.com/open-access/agreements,https://www.google.com/search?q=Current+Opinion+in+Chemical+Engineering+aims+scope+instructions+for+authors+APC
1233,2-Q1且IF小于10,0,aBIOTECH,ABIOTECH,2096-6326,2662-1738,8.5,7.5,Q1,15/285,Q1,Q1,0.94,91.4,36.0,1151.0,BIOTECHNOLOGY & APPLIED MICROBIOLOGY,BIOTECHNOLOGY & APPLIED MICROBIOLOGY(JIF Q1/JCI Q1),ELSEVIER,Elsevier,否,ESCI,混合为主,"订阅路线通常无APC；Gold OA常见 USD 2,200-4,200",中,https://www.elsevier.com/open-access/agreements,https://www.google.com/search?q=aBIOTECH+aims+scope+instructions+for+authors+APC
1234,2-Q1且IF小于10,0,Turkish Journal of Emergency Medicine,TURK J EMERG MED,2452-2473,2452-2473,6.6,3.7,Q1,3/55,Q1,Q1,1.28,95.5,36.0,1967.0,EMERGENCY MEDICINE,EMERGENCY MEDICINE(JIF Q1/JCI Q1),WOLTERS KLUWER MEDKNOW PUBLICATIONS,Wolters Kluwer/LWW,否,ESCI,混合为主,"订阅路线通常无APC；OA常见 USD 2,000-4,000；MEDICINE已拉黑",中,https://wkauthorservices.editage.com/open-access/,https://www.google.com/search?q=Turkish+Journal+of+Emergency+Medicine+aims+scope+instructions+for+authors+APC
1235,2-Q1且IF小于10,0,CNS SPECTRUMS,CNS SPECTRUMS,1092-8529,2165-6509,4.6,4.6,Q1,48/296,Q2,Q2,0.86,84.0,36.0,4296.0,CLINICAL NEUROLOGY; PSYCHIATRY,CLINICAL NEUROLOGY(JIF Q1/JCI Q2) | PSYCHIATRY(JIF Q1/JCI Q2),CAMBRIDGE UNIV PRESS,Cambridge UP,是,SCIE,混合为主,订阅路线通常无APC；Gold OA因刊而异,中,https://www.cambridge.org/core/open-research/open-access,https://www.google.com/search?q=CNS+SPECTRUMS+aims+scope+instructions+for+authors+APC
1236,2-Q1且IF小于10,0,JOURNAL OF HEALTH POLITICS POLICY AND LAW,J HEALTH POLIT POLIC,0361-6878,,2.7,2.9,Q1,17/72,Q1,Q1,1.19,76.0,36.0,1610.0,"HEALTH CARE SCIENCES & SERVICES; HEALTH POLICY & SERVICES; SOCIAL SCIENCES, BIOMEDICAL","HEALTH CARE SCIENCES & SERVICES(JIF Q2/JCI Q1) | HEALTH POLICY & SERVICES(JIF Q2/JCI Q1) | SOCIAL SCIENCES, BIOMEDICAL(JIF Q1/JCI Q1)",DUKE UNIV PRESS,其他,是,SCIE; SSCI,需核实,请查期刊官网 Author / Open Access 页面,未知,,https://www.google.com/search?q=JOURNAL+OF+HEALTH+POLITICS+POLICY+AND+LAW+aims+scope+instructions+for+authors+APC
1237,2-Q1且IF小于10,0,ADAPTED PHYSICAL ACTIVITY QUARTERLY,ADAPT PHYS ACT Q,0736-5829,1543-2777,2.6,2.4,Q1,35/175,Q2,Q2,0.93,80.3,36.0,1542.0,REHABILITATION; SPORT SCIENCES,REHABILITATION(JIF Q1/JCI Q2) | SPORT SCIENCES(JIF Q2/JCI Q2),HUMAN KINETICS PUBL INC,其他,是,SCIE,需核实,请查期刊官网 Author / Open Access 页面,未知,,https://www.google.com/search?q=ADAPTED+PHYSICAL+ACTIVITY+QUARTERLY+aims+scope+instructions+for+authors+APC
1238,2-Q1且IF小于10,0,General Psychiatry,GEN PSYCHIAT,2096-5923,2517-729X,9.9,8.0,Q1,7/293,Q1,Q1,2.05,97.8,35.0,2350.0,PSYCHIATRY,PSYCHIATRY(JIF Q1/JCI Q1),WILEY,Wiley,否,ESCI,混合为主,"订阅路线通常无APC；OnlineOpen常见 USD 3,200-4,700",中,https://authorservices.wiley.com/author-resources/Journal-Authors/open-access/article-publication-charges.html,https://www.google.com/search?q=General+Psychiatry+aims+scope+instructions+for+authors+APC
1239,2-Q1且IF小于10,0,JOURNAL OF CLINICAL CHILD AND ADOLESCENT PSYCHOLOGY,J CLIN CHILD ADOLESC,1537-4416,1537-4424,5.2,5.6,Q1,12/184,Q1,Q1,1.68,93.8,35.0,7368.0,"PSYCHOLOGY, CLINICAL","PSYCHOLOGY, CLINICAL(JIF Q1/JCI Q1)","ROUTLEDGE JOURNALS, TAYLOR & FRANCIS LTD",Taylor & Francis,否,SSCI,混合为主,"订阅路线通常无APC；Open Select常见 USD 2,500-3,500",中,https://authorservices.taylorandfrancis.com/publishing-open-access/,https://www.google.com/search?q=JOURNAL+OF+CLINICAL+CHILD+AND+ADOLESCENT+PSYCHOLOGY+aims+scope+instructions+for+authors+APC
1240,2-Q1且IF小于10,0,Journal of Infusion Nursing,J INFUS NURS,1533-1458,1539-0667,4.5,3.2,Q1,11/194,Q1,Q1,1.84,94.6,35.0,959.0,NURSING,NURSING(JIF Q1/JCI Q1),LIPPINCOTT WILLIAMS & WILKINS,Wolters Kluwer/LWW,否,ESCI,混合为主,"订阅路线通常无APC；OA常见 USD 2,000-4,000；MEDICINE已拉黑",中,https://wkauthorservices.editage.com/open-access/,https://www.google.com/search?q=Journal+of+Infusion+Nursing+aims+scope+instructions+for+authors+APC
1241,2-Q1且IF小于10,0,Annals of Cardiothoracic Surgery,ANN CARDIOTHORAC SUR,2225-319X,2304-1021,4.1,4.1,Q1,33/321,Q1,Q1,1.07,89.9,35.0,2776.0,CARDIAC & CARDIOVASCULAR SYSTEMS; SURGERY,CARDIAC & CARDIOVASCULAR SYSTEMS(JIF Q2/JCI Q1) | SURGERY(JIF Q1/JCI Q1),AME PUBLISHING COMPANY,其他,是,SCIE,需核实,请查期刊官网 Author / Open Access 页面,未知,,https://www.google.com/search?q=Annals+of+Cardiothoracic+Surgery+aims+scope+instructions+for+authors+APC
1242,2-Q1且IF小于10,0,International Journal of Health Sciences-IJHS,INT J HEALTH SCI-IJH,1658-3639,1658-7774,2.8,2.7,Q1,80/336,Q2,Q2,0.41,76.3,35.0,1672.0,"MEDICINE, GENERAL & INTERNAL","MEDICINE, GENERAL & INTERNAL(JIF Q1/JCI Q2)",SCIENTIFIC SCHOLAR LLC,其他,否,ESCI,需核实,请查期刊官网 Author / Open Access 页面,未知,,https://www.google.com/search?q=International+Journal+of+Health+Sciences-IJHS+aims+scope+instructions+for+authors+APC
1243,2-Q1且IF小于10,0,Health Care Science,HEALTH CARE SCI,2771-1749,2771-1757,6.0,5.5,Q1,22/194,Q2,Q2,1.0,88.9,34.0,493.0,HEALTH CARE SCIENCES & SERVICES,HEALTH CARE SCIENCES & SERVICES(JIF Q1/JCI Q2),WILEY,Wiley,否,ESCI,混合为主,"订阅路线通常无APC；OnlineOpen常见 USD 3,200-4,700",中,https://authorservices.wiley.com/author-resources/Journal-Authors/open-access/article-publication-charges.html,https://www.google.com/search?q=Health+Care+Science+aims+scope+instructions+for+authors+APC
1244,2-Q1且IF小于10,0,Artificial Cells Nanomedicine and Biotechnology,ARTIF CELL NANOMED B,2169-1401,2169-141X,5.6,4.3,Q1,38/180,Q2,Q2,0.87,79.2,34.0,7718.0,"BIOTECHNOLOGY & APPLIED MICROBIOLOGY; ENGINEERING, BIOMEDICAL; MATERIALS SCIENCE, BIOMATERIALS","BIOTECHNOLOGY & APPLIED MICROBIOLOGY(JIF Q1/JCI Q2) | ENGINEERING, BIOMEDICAL(JIF Q2/JCI Q2) | MATERIALS SCIENCE, BIOMATERIALS(JIF Q2/JCI Q2)",TAYLOR & FRANCIS LTD,Taylor & Francis,是,SCIE,混合为主,"订阅路线通常无APC；Open Select常见 USD 2,500-3,500",中,https://authorservices.taylorandfrancis.com/publishing-open-access/,https://www.google.com/search?q=Artificial+Cells+Nanomedicine+and+Biotechnology+aims+scope+instructions+for+authors+APC
1245,2-Q1且IF小于10,0,ANNALS OF MICROBIOLOGY,ANN MICROBIOL,1590-4261,1869-2044,5.1,4.8,Q1,43/180,Q2,Q2,0.87,76.4,34.0,4701.0,BIOTECHNOLOGY & APPLIED MICROBIOLOGY; MICROBIOLOGY,BIOTECHNOLOGY & APPLIED MICROBIOLOGY(JIF Q1/JCI Q2) | MICROBIOLOGY(JIF Q2/JCI Q2),BMC,BMC,是,SCIE,全OA,"约 USD 1,990-2,890（旗舰刊更高）",高,https://www.biomedcentral.com/getpublished/article-processing-charges,https://www.google.com/search?q=ANNALS+OF+MICROBIOLOGY+aims+scope+instructions+for+authors+APC
1246,2-Q1且IF小于10,0,Knee Surgery & Related Research,KNEE SURG RELAT RES,,2234-2451,4.9,4.0,Q1,20/321,Q1,Q1,1.93,93.9,34.0,1619.0,ORTHOPEDICS; SURGERY,ORTHOPEDICS(JIF Q1/JCI Q1) | SURGERY(JIF Q1/JCI Q1),SPRINGERNATURE,Springer Nature,否,ESCI,混合/全OA,"全OA约 USD 2,090-3,490；Nature系更高；Scientific Reports已拉黑",中高,https://www.springernature.com/gp/open-research/journals-books/journals,https://www.google.com/search?q=Knee+Surgery+&+Related+Research+aims+scope+instructions+for+authors+APC
1247,2-Q1且IF小于10,0,OBSTETRICAL & GYNECOLOGICAL SURVEY,OBSTET GYNECOL SURV,0029-7828,1533-9866,4.7,5.0,Q1,12/143,Q1,Q1,1.26,92.0,34.0,2609.0,OBSTETRICS & GYNECOLOGY,OBSTETRICS & GYNECOLOGY(JIF Q1/JCI Q1),LIPPINCOTT WILLIAMS & WILKINS,Wolters Kluwer/LWW,是,SCIE,混合为主,"订阅路线通常无APC；OA常见 USD 2,000-4,000；MEDICINE已拉黑",中,https://wkauthorservices.editage.com/open-access/,https://www.google.com/search?q=OBSTETRICAL+&+GYNECOLOGICAL+SURVEY+aims+scope+instructions+for+authors+APC
1248,2-Q1且IF小于10,0,ANNALS OF DYSLEXIA,ANN DYSLEXIA,0736-9387,1934-7243,4.5,3.7,Q1,1/62,Q1,Q1,2.59,97.4,34.0,1355.0,REHABILITATION,REHABILITATION(JIF Q1/JCI Q1),SPRINGER,Springer,否,SSCI,混合为主,"订阅路线通常无APC；选OA约 USD 2,790-4,290",中,https://www.springer.com/gp/open-access,https://www.google.com/search?q=ANNALS+OF+DYSLEXIA+aims+scope+instructions+for+authors+APC
1249,2-Q1且IF小于10,0,International Journal of Bipolar Disorders,INT J BIPOLAR DISORD,2194-7511,2194-7511,4.5,4.2,Q1,55/293,Q2,Q2,0.98,81.4,34.0,1316.0,PSYCHIATRY,PSYCHIATRY(JIF Q1/JCI Q2),SPRINGER,Springer,是,SCIE,混合为主,"订阅路线通常无APC；选OA约 USD 2,790-4,290",中,https://www.springer.com/gp/open-access,https://www.google.com/search?q=International+Journal+of+Bipolar+Disorders+aims+scope+instructions+for+authors+APC
1250,2-Q1且IF小于10,0,CANADIAN ASSOCIATION OF RADIOLOGISTS JOURNAL-JOURNAL DE L ASSOCIATION CANADIENNE DES RADIOLOGISTES,CAN ASSOC RADIOL J,0846-5371,1488-2361,4.0,3.1,Q1,42/217,Q1,Q1,1.26,80.9,34.0,2067.0,"RADIOLOGY, NUCLEAR MEDICINE & MEDICAL IMAGING","RADIOLOGY, NUCLEAR MEDICINE & MEDICAL IMAGING(JIF Q1/JCI Q1)",SAGE PUBLICATIONS INC,SAGE,是,SCIE,混合为主,"订阅路线通常无APC；SAGE Choice常见 USD 2,000-4,000",中,https://us.sagepub.com/en-us/nam/sage-choice,https://www.google.com/search?q=CANADIAN+ASSOCIATION+OF+RADIOLOGISTS+JOURNAL-JOURNAL+DE+L+ASSOCIATION+CANADIENNE+DES+RADIOLOGISTES+aims+scope+instructions+for+authors+APC
1251,2-Q1且IF小于10,0,Prostate International,PROSTATE INT,2287-8882,2287-903X,4.0,3.1,Q1,23/134,Q1,Q1,1.07,83.2,34.0,845.0,UROLOGY & NEPHROLOGY,UROLOGY & NEPHROLOGY(JIF Q1/JCI Q1),ELSEVIER INC,Elsevier,是,SCIE,混合为主,"订阅路线通常无APC；Gold OA常见 USD 2,200-4,200",中,https://www.elsevier.com/open-access/agreements,https://www.google.com/search?q=Prostate+International+aims+scope+instructions+for+authors+APC
1252,2-Q1且IF小于10,0,Maxillofacial Plastic and Reconstructive Surgery,MAX PLAST RECONSTR S,2288-8101,2288-8586,3.5,2.9,Q1,34/165,Q2,Q2,0.96,79.7,34.0,1000.0,"DENTISTRY, ORAL SURGERY & MEDICINE","DENTISTRY, ORAL SURGERY & MEDICINE(JIF Q1/JCI Q2)",SPRINGER,Springer,否,ESCI,混合为主,"订阅路线通常无APC；选OA约 USD 2,790-4,290",中,https://www.springer.com/gp/open-access,https://www.google.com/search?q=Maxillofacial+Plastic+and+Reconstructive+Surgery+aims+scope+instructions+for+authors+APC
1253,2-Q1且IF小于10,0,Journal of Mental Health,J MENT HEALTH,0963-8237,1360-0567,3.5,3.8,Q1,31/184,Q2,Q2,0.85,83.4,34.0,4776.0,"PSYCHIATRY; PSYCHOLOGY, CLINICAL","PSYCHIATRY(JIF Q2/JCI Q2) | PSYCHOLOGY, CLINICAL(JIF Q1/JCI Q2)",TAYLOR & FRANCIS INC,Taylor & Francis,否,SSCI,混合为主,"订阅路线通常无APC；Open Select常见 USD 2,500-3,500",中,https://authorservices.taylorandfrancis.com/publishing-open-access/,https://www.google.com/search?q=Journal+of+Mental+Health+aims+scope+instructions+for+authors+APC
1254,2-Q1且IF小于10,0,Clinical and Experimental Emergency Medicine,CLIN EXP EMERG MED,2383-4625,2383-4625,3.4,2.2,Q1,11/55,Q2,Q2,0.95,80.9,34.0,923.0,EMERGENCY MEDICINE,EMERGENCY MEDICINE(JIF Q1/JCI Q2),SEOUL KOREAN SOC EMERGENCY MEDICINE,其他,否,ESCI,需核实,请查期刊官网 Author / Open Access 页面,未知,,https://www.google.com/search?q=Clinical+and+Experimental+Emergency+Medicine+aims+scope+instructions+for+authors+APC
1255,2-Q1且IF小于10,0,Biomedical Journal,BIOMED J,2319-4170,2320-2890,6.3,5.6,Q1,60/328,Q1,Q1,0.96,81.9,33.0,3768.0,"BIOCHEMISTRY & MOLECULAR BIOLOGY; MEDICINE, RESEARCH & EXPERIMENTAL","BIOCHEMISTRY & MOLECULAR BIOLOGY(JIF Q1/JCI Q1) | MEDICINE, RESEARCH & EXPERIMENTAL(JIF Q1/JCI Q2)",ELSEVIER,Elsevier,是,SCIE,混合为主,"订阅路线通常无APC；Gold OA常见 USD 2,200-4,200",中,https://www.elsevier.com/open-access/agreements,https://www.google.com/search?q=Biomedical+Journal+aims+scope+instructions+for+authors+APC
1256,2-Q1且IF小于10,0,Balkan Medical Journal,BALK MED J,2146-3123,2146-3131,4.5,3.4,Q1,49/336,Q1,Q1,0.81,85.6,33.0,1505.0,"MEDICINE, GENERAL & INTERNAL","MEDICINE, GENERAL & INTERNAL(JIF Q1/JCI Q1)",GALENOS PUBL HOUSE,其他,是,SCIE,需核实,请查期刊官网 Author / Open Access 页面,未知,,https://www.google.com/search?q=Balkan+Medical+Journal+aims+scope+instructions+for+authors+APC
1257,2-Q1且IF小于10,0,Child and Adolescent Mental Health,CHILD ADOL MENT H-UK,1475-357X,1475-3588,4.4,7.1,Q1,9/190,Q1,Q1,1.1,95.5,33.0,2680.0,"PEDIATRICS; PSYCHIATRY; PSYCHOLOGY, CLINICAL","PEDIATRICS(JIF Q1/JCI Q1) | PSYCHIATRY(JIF Q1/JCI Q1) | PSYCHOLOGY, CLINICAL(JIF Q1/JCI Q1)",WILEY,Wiley,是,"SCIE; SCIE, SSCI; SSCI",混合为主,"订阅路线通常无APC；OnlineOpen常见 USD 3,200-4,700",中,https://authorservices.wiley.com/author-resources/Journal-Authors/open-access/article-publication-charges.html,https://www.google.com/search?q=Child+and+Adolescent+Mental+Health+aims+scope+instructions+for+authors+APC
1258,2-Q1且IF小于10,0,EUROPEAN CELLS & MATERIALS,EUR CELLS MATER,1473-2262,1473-2262,3.6,3.5,Q1,24/147,Q2,Q2,0.82,84.0,33.0,2706.0,"CELL & TISSUE ENGINEERING; ENGINEERING, BIOMEDICAL; MATERIALS SCIENCE, BIOMATERIALS; ORTHOPEDICS","CELL & TISSUE ENGINEERING(JIF Q3/JCI Q2) | ENGINEERING, BIOMEDICAL(JIF Q2/JCI Q2) | MATERIALS SCIENCE, BIOMATERIALS(JIF Q3/JCI Q2) | ORTHOPEDICS(JIF Q1/JCI Q2)",FORUM MULTIMEDIA PUBLISHING LLC,其他,是,SCIE,需核实,请查期刊官网 Author / Open Access 页面,未知,,https://www.google.com/search?q=EUROPEAN+CELLS+&+MATERIALS+aims+scope+instructions+for+authors+APC
1259,2-Q1且IF小于10,0,Annals of Rehabilitation Medicine-ARM,ANN REHABIL MED-ARM,,2234-0653,2.8,2.9,Q1,29/175,Q1,Q1,1.07,83.7,33.0,2298.0,REHABILITATION,REHABILITATION(JIF Q1/JCI Q1),KOREAN ACAD REHABILITATION MEDICINE,其他,否,ESCI,需核实,请查期刊官网 Author / Open Access 页面,未知,,https://www.google.com/search?q=Annals+of+Rehabilitation+Medicine-ARM+aims+scope+instructions+for+authors+APC
1260,2-Q1且IF小于10,0,MIT Technology Review,MIT TECHNOL REV,1099-274X,,7.2,,Q1,17/140,Q4,Q4,0.02,88.2,32.0,1198.0,MULTIDISCIPLINARY SCIENCES,MULTIDISCIPLINARY SCIENCES(JIF Q1/JCI Q4),TECHNOL REV,其他,是,SCIE,需核实,请查期刊官网 Author / Open Access 页面,未知,,https://www.google.com/search?q=MIT+Technology+Review+aims+scope+instructions+for+authors+APC
1261,2-Q1且IF小于10,0,Emergencias,EMERGENCIAS,1137-6821,2386-5857,5.5,3.4,Q1,6/55,Q1,Q1,1.63,90.0,31.0,1022.0,EMERGENCY MEDICINE,EMERGENCY MEDICINE(JIF Q1/JCI Q1),Soc Espanola Medicina Urgencias & Emergencias-SEMES,其他,是,SCIE,需核实,请查期刊官网 Author / Open Access 页面,未知,,https://www.google.com/search?q=Emergencias+aims+scope+instructions+for+authors+APC
1262,2-Q1且IF小于10,0,Pharmaceutical Medicine,PHARM MED,1178-2595,1179-1993,4.7,4.3,Q1,78/356,Q2,Q2,0.75,78.2,31.0,914.0,PHARMACOLOGY & PHARMACY,PHARMACOLOGY & PHARMACY(JIF Q1/JCI Q2),SPRINGER INT PUBL AG,Springer,否,ESCI,混合为主,"订阅路线通常无APC；选OA约 USD 2,790-4,290",中,https://www.springer.com/gp/open-access,https://www.google.com/search?q=Pharmaceutical+Medicine+aims+scope+instructions+for+authors+APC
1263,2-Q1且IF小于10,0,Advances in Ophthalmology Practice and Research,ADV OPHTHALMOL PRACT,,2667-3762,4.5,4.4,Q1,15/98,Q2,Q2,1.14,85.2,31.0,478.0,OPHTHALMOLOGY,OPHTHALMOLOGY(JIF Q1/JCI Q2),ELSEVIER,Elsevier,否,ESCI,混合为主,"订阅路线通常无APC；Gold OA常见 USD 2,200-4,200",中,https://www.elsevier.com/open-access/agreements,https://www.google.com/search?q=Advances+in+Ophthalmology+Practice+and+Research+aims+scope+instructions+for+authors+APC
1264,2-Q1且IF小于10,0,SEMINARS IN HEMATOLOGY,SEMIN HEMATOL,0037-1963,1532-8686,4.3,4.0,Q1,23/103,Q1,Q1,1.37,78.2,31.0,2413.0,HEMATOLOGY,HEMATOLOGY(JIF Q1/JCI Q1),W B SAUNDERS CO-ELSEVIER INC,Elsevier,是,SCIE,混合为主,"订阅路线通常无APC；Gold OA常见 USD 2,200-4,200",中,https://www.elsevier.com/open-access/agreements,https://www.google.com/search?q=SEMINARS+IN+HEMATOLOGY+aims+scope+instructions+for+authors+APC
1265,2-Q1且IF小于10,0,Infectious Medicine,INFECT MED-UK,2097-0684,2772-431X,4.1,4.1,Q1,34/141,Q2,Q2,0.72,76.2,31.0,538.0,INFECTIOUS DISEASES,INFECTIOUS DISEASES(JIF Q1/JCI Q2),ELSEVIER,Elsevier,否,ESCI,混合为主,"订阅路线通常无APC；Gold OA常见 USD 2,200-4,200",中,https://www.elsevier.com/open-access/agreements,https://www.google.com/search?q=Infectious+Medicine+aims+scope+instructions+for+authors+APC
1266,2-Q1且IF小于10,0,Medical Law Review,MED LAW REV,0967-0742,1464-3790,3.1,2.4,Q1,18/443,Q1,Q1,1.81,81.3,31.0,709.0,"MEDICINE, LEGAL","MEDICINE, LEGAL(JIF Q1/JCI Q1)",OXFORD UNIV PRESS,Oxford UP,是,SSCI; SCIE,混合为主,订阅路线通常无APC；可选OA，费用因刊而异,中,https://academic.oup.com/pages/open-research/open-access,https://www.google.com/search?q=Medical+Law+Review+aims+scope+instructions+for+authors+APC
1267,2-Q1且IF小于10,0,ANNALS ACADEMY OF MEDICINE SINGAPORE,ANN ACAD MED SINGAP,,2972-4066,2.9,2.7,Q1,75/336,Q2,Q2,0.6,77.8,31.0,2573.0,"MEDICINE, GENERAL & INTERNAL","MEDICINE, GENERAL & INTERNAL(JIF Q1/JCI Q2)",ACAD MEDICINE SINGAPORE,其他,是,SCIE,需核实,请查期刊官网 Author / Open Access 页面,未知,,https://www.google.com/search?q=ANNALS+ACADEMY+OF+MEDICINE+SINGAPORE+aims+scope+instructions+for+authors+APC
1268,2-Q1且IF小于10,0,ARCHIVES OF PHARMACAL RESEARCH,ARCH PHARM RES,0253-6269,1976-3786,8.2,8.0,Q1,20/356,Q1,Q1,1.37,94.5,30.0,8786.0,"CHEMISTRY, MEDICINAL; PHARMACOLOGY & PHARMACY","CHEMISTRY, MEDICINAL(JIF Q1/JCI Q1) | PHARMACOLOGY & PHARMACY(JIF Q1/JCI Q1)",PHARMACEUTICAL SOC KOREA,其他,是,SCIE,需核实,请查期刊官网 Author / Open Access 页面,未知,,https://www.google.com/search?q=ARCHIVES+OF+PHARMACAL+RESEARCH+aims+scope+instructions+for+authors+APC
1269,2-Q1且IF小于10,0,Journal of Nursing Regulation,J NURS REGUL,2155-8256,2155-8264,7.5,4.6,Q1,2/194,Q1,Q1,2.75,99.2,30.0,1051.0,NURSING,NURSING(JIF Q1/JCI Q1),ELSEVIER,Elsevier,是,"SCIE, SSCI",混合为主,"订阅路线通常无APC；Gold OA常见 USD 2,200-4,200",中,https://www.elsevier.com/open-access/agreements,https://www.google.com/search?q=Journal+of+Nursing+Regulation+aims+scope+instructions+for+authors+APC
1270,2-Q1且IF小于10,0,INTERNATIONAL JOURNAL OF ONCOLOGY,INT J ONCOL,1019-6439,1791-2423,7.3,6.0,Q1,52/333,Q2,Q2,1.03,84.5,30.0,16556.0,ONCOLOGY,ONCOLOGY(JIF Q1/JCI Q2),SPANDIDOS PUBL LTD,其他,是,SCIE,需核实,请查期刊官网 Author / Open Access 页面,未知,,https://www.google.com/search?q=INTERNATIONAL+JOURNAL+OF+ONCOLOGY+aims+scope+instructions+for+authors+APC
1271,2-Q1且IF小于10,0,JAAD International,JAAD INT,,2666-3287,6.5,6.3,Q1,8/99,Q1,Q1,1.6,92.4,30.0,1519.0,DERMATOLOGY,DERMATOLOGY(JIF Q1/JCI Q1),ELSEVIER,Elsevier,否,ESCI,混合为主,"订阅路线通常无APC；Gold OA常见 USD 2,200-4,200",中,https://www.elsevier.com/open-access/agreements,https://www.google.com/search?q=JAAD+International+aims+scope+instructions+for+authors+APC
1272,2-Q1且IF小于10,0,JOURNAL OF TRAVEL MEDICINE,J TRAVEL MED,1195-1982,1708-8305,5.5,6.4,Q1,42/443,Q1,Q1,1.18,90.6,30.0,4177.0,"INFECTIOUS DISEASES; MEDICINE, GENERAL & INTERNAL; PUBLIC, ENVIRONMENTAL & OCCUPATIONAL HEALTH","INFECTIOUS DISEASES(JIF Q1/JCI Q1) | MEDICINE, GENERAL & INTERNAL(JIF Q1/JCI Q1) | PUBLIC, ENVIRONMENTAL & OCCUPATIONAL HEALTH(JIF Q1/JCI Q1)",OXFORD UNIV PRESS INC,Oxford UP,是,SCIE,混合为主,订阅路线通常无APC；可选OA，费用因刊而异,中,https://academic.oup.com/pages/open-research/open-access,https://www.google.com/search?q=JOURNAL+OF+TRAVEL+MEDICINE+aims+scope+instructions+for+authors+APC
1273,2-Q1且IF小于10,0,Environmental Epigenetics,ENVIRON EPIGENETICS,2058-5888,2058-5888,4.3,4.1,Q1,43/192,Q2,Q2,0.84,77.9,30.0,739.0,GENETICS & HEREDITY,GENETICS & HEREDITY(JIF Q1/JCI Q2),OXFORD UNIV PRESS,Oxford UP,否,ESCI,混合为主,订阅路线通常无APC；可选OA，费用因刊而异,中,https://academic.oup.com/pages/open-research/open-access,https://www.google.com/search?q=Environmental+Epigenetics+aims+scope+instructions+for+authors+APC
1274,2-Q1且IF小于10,0,International Journal of Mental Health Systems,INT J MENT HEALTH SY,1752-4458,1752-4458,4.2,5.3,Q1,62/293,Q2,Q2,0.93,79.0,30.0,3416.0,PSYCHIATRY,PSYCHIATRY(JIF Q1/JCI Q2),BMC,BMC,否,SSCI,全OA,"约 USD 1,990-2,890（旗舰刊更高）",高,https://www.biomedcentral.com/getpublished/article-processing-charges,https://www.google.com/search?q=International+Journal+of+Mental+Health+Systems+aims+scope+instructions+for+authors+APC
1275,2-Q1且IF小于10,0,Science and Medicine in Football,SCI MED FOOTBALL,2473-3938,2473-4446,3.5,4.3,Q1,26/136,Q1,Q1,1.3,81.3,30.0,1818.0,SPORT SCIENCES,SPORT SCIENCES(JIF Q1/JCI Q1),TAYLOR & FRANCIS LTD,Taylor & Francis,是,SCIE,混合为主,"订阅路线通常无APC；Open Select常见 USD 2,500-3,500",中,https://authorservices.taylorandfrancis.com/publishing-open-access/,https://www.google.com/search?q=Science+and+Medicine+in+Football+aims+scope+instructions+for+authors+APC
1276,2-Q1且IF小于10,0,Therapeutic Advances in Urology,THER ADV UROL,1756-2872,1756-2880,3.5,3.3,Q1,31/134,Q2,Q2,0.76,77.2,30.0,1558.0,UROLOGY & NEPHROLOGY,UROLOGY & NEPHROLOGY(JIF Q1/JCI Q2),SAGE PUBLICATIONS LTD,SAGE,是,SCIE,混合为主,"订阅路线通常无APC；SAGE Choice常见 USD 2,000-4,000",中,https://us.sagepub.com/en-us/nam/sage-choice,https://www.google.com/search?q=Therapeutic+Advances+in+Urology+aims+scope+instructions+for+authors+APC
1277,2-Q1且IF小于10,0,Journal of Periodontal and Implant Science,J PERIODONTAL IMPLAN,2093-2278,2093-2286,3.1,2.9,Q1,41/165,Q1,Q1,1.2,75.5,30.0,1203.0,"DENTISTRY, ORAL SURGERY & MEDICINE","DENTISTRY, ORAL SURGERY & MEDICINE(JIF Q1/JCI Q1)",KOREAN ACAD PERIODONTOLOGY,其他,是,SCIE,需核实,请查期刊官网 Author / Open Access 页面,未知,,https://www.google.com/search?q=Journal+of+Periodontal+and+Implant+Science+aims+scope+instructions+for+authors+APC
1278,2-Q1且IF小于10,0,BIODRUGS,BIODRUGS,1173-8804,1179-190X,8.5,7.6,Q1,19/356,Q1,Q1,1.3,94.8,29.0,4076.0,IMMUNOLOGY; ONCOLOGY; PHARMACOLOGY & PHARMACY,IMMUNOLOGY(JIF Q1/JCI Q1) | ONCOLOGY(JIF Q1/JCI Q1) | PHARMACOLOGY & PHARMACY(JIF Q1/JCI Q1),ADIS INT LTD,其他,是,SCIE,需核实,请查期刊官网 Author / Open Access 页面,未知,,https://www.google.com/search?q=BIODRUGS+aims+scope+instructions+for+authors+APC
1279,2-Q1且IF小于10,0,Molecular Diagnosis & Therapy,MOL DIAGN THER,1177-1062,1179-2000,5.8,5.2,Q1,50/356,Q1,Q1,1.06,86.1,29.0,2564.0,GENETICS & HEREDITY; PHARMACOLOGY & PHARMACY,GENETICS & HEREDITY(JIF Q1/JCI Q1) | PHARMACOLOGY & PHARMACY(JIF Q1/JCI Q1),ADIS INT LTD,其他,是,SCIE,需核实,请查期刊官网 Author / Open Access 页面,未知,,https://www.google.com/search?q=Molecular+Diagnosis+&+Therapy+aims+scope+instructions+for+authors+APC
1280,2-Q1且IF小于10,0,AMYLOID-JOURNAL OF PROTEIN FOLDING DISORDERS,AMYLOID,1350-6129,1744-2818,5.1,6.3,Q1,42/336,Q1,Q1,1.27,87.6,29.0,2531.0,"BIOCHEMISTRY & MOLECULAR BIOLOGY; MEDICINE, GENERAL & INTERNAL; MEDICINE, RESEARCH & EXPERIMENTAL","BIOCHEMISTRY & MOLECULAR BIOLOGY(JIF Q2/JCI Q1) | MEDICINE, GENERAL & INTERNAL(JIF Q1/JCI Q1) | MEDICINE, RESEARCH & EXPERIMENTAL(JIF Q2/JCI Q1)",TAYLOR & FRANCIS LTD,Taylor & Francis,是,SCIE,混合为主,"订阅路线通常无APC；Open Select常见 USD 2,500-3,500",中,https://authorservices.taylorandfrancis.com/publishing-open-access/,https://www.google.com/search?q=AMYLOID-JOURNAL+OF+PROTEIN+FOLDING+DISORDERS+aims+scope+instructions+for+authors+APC
1281,2-Q1且IF小于10,0,Psychedelic Medicine,PSYCHEDELIC MED,2831-4425,2831-4433,5.0,5.0,Q1,41/293,Q1,Q1,1.01,86.2,29.0,277.0,NEUROSCIENCES; PHARMACOLOGY & PHARMACY; PSYCHIATRY,NEUROSCIENCES(JIF Q1/JCI Q2) | PHARMACOLOGY & PHARMACY(JIF Q1/JCI Q1) | PSYCHIATRY(JIF Q1/JCI Q1),SAGE PUBLICATIONS INC,SAGE,否,ESCI,混合为主,"订阅路线通常无APC；SAGE Choice常见 USD 2,000-4,000",中,https://us.sagepub.com/en-us/nam/sage-choice,https://www.google.com/search?q=Psychedelic+Medicine+aims+scope+instructions+for+authors+APC
1282,2-Q1且IF小于10,0,Health Promotion Perspectives,HEALTH PROMOT PERSPE,2228-6497,2228-6497,4.4,4.3,Q1,60/443,Q2,Q2,0.72,86.6,29.0,1566.0,"PUBLIC, ENVIRONMENTAL & OCCUPATIONAL HEALTH","PUBLIC, ENVIRONMENTAL & OCCUPATIONAL HEALTH(JIF Q1/JCI Q2)",TABRIZ UNIV MEDICAL SCIENCES & HEALTH SERVICES,其他,否,ESCI,需核实,请查期刊官网 Author / Open Access 页面,未知,,https://www.google.com/search?q=Health+Promotion+Perspectives+aims+scope+instructions+for+authors+APC
1283,2-Q1且IF小于10,0,CURRENT OPINION IN GENETICS & DEVELOPMENT,CURR OPIN GENET DEV,0959-437X,1879-0380,4.3,4.1,Q1,43/192,Q2,Q2,0.79,77.9,29.0,7145.0,CELL BIOLOGY; GENETICS & HEREDITY,CELL BIOLOGY(JIF Q2/JCI Q2) | GENETICS & HEREDITY(JIF Q1/JCI Q2),CURRENT BIOLOGY LTD,其他,是,SCIE,需核实,请查期刊官网 Author / Open Access 页面,未知,,https://www.google.com/search?q=CURRENT+OPINION+IN+GENETICS+&+DEVELOPMENT+aims+scope+instructions+for+authors+APC
1284,2-Q1且IF小于10,0,CANADIAN FAMILY PHYSICIAN,CAN FAM PHYSICIAN,0008-350X,1715-5258,3.8,3.8,Q1,61/336,Q1,Q1,0.95,82.0,29.0,4822.0,"MEDICINE, GENERAL & INTERNAL; PRIMARY HEALTH CARE","MEDICINE, GENERAL & INTERNAL(JIF Q1/JCI Q1) | PRIMARY HEALTH CARE(JIF Q1/JCI Q2)",COLL FAMILY PHYSICIANS CANADA,其他,是,SCIE,需核实,请查期刊官网 Author / Open Access 页面,未知,,https://www.google.com/search?q=CANADIAN+FAMILY+PHYSICIAN+aims+scope+instructions+for+authors+APC
1285,2-Q1且IF小于10,0,Precision Radiation Oncology,PRECIS RADIAT ONCOL,2398-7324,2398-7324,3.6,,Q1,51/217,Q2,Q2,0.78,76.7,29.0,450.0,"RADIOLOGY, NUCLEAR MEDICINE & MEDICAL IMAGING","RADIOLOGY, NUCLEAR MEDICINE & MEDICAL IMAGING(JIF Q1/JCI Q2)",WILEY,Wiley,否,ESCI,混合为主,"订阅路线通常无APC；OnlineOpen常见 USD 3,200-4,700",中,https://authorservices.wiley.com/author-resources/Journal-Authors/open-access/article-publication-charges.html,https://www.google.com/search?q=Precision+Radiation+Oncology+aims+scope+instructions+for+authors+APC
1286,2-Q1且IF小于10,0,GENETIC EPIDEMIOLOGY,GENET EPIDEMIOL,0741-0395,1098-2272,3.4,3.2,Q1,15/67,Q1,Q1,0.89,78.4,29.0,5702.0,GENETICS & HEREDITY; MATHEMATICAL & COMPUTATIONAL BIOLOGY,GENETICS & HEREDITY(JIF Q2/JCI Q2) | MATHEMATICAL & COMPUTATIONAL BIOLOGY(JIF Q1/JCI Q1),WILEY,Wiley,是,SCIE,混合为主,"订阅路线通常无APC；OnlineOpen常见 USD 3,200-4,700",中,https://authorservices.wiley.com/author-resources/Journal-Authors/open-access/article-publication-charges.html,https://www.google.com/search?q=GENETIC+EPIDEMIOLOGY+aims+scope+instructions+for+authors+APC
1287,2-Q1且IF小于10,0,Cancer Drug Resistance,CANCER DRUG RESIST,,2578-532X,7.6,6.5,Q1,50/333,Q2,Q2,0.9,85.1,28.0,2677.0,ONCOLOGY,ONCOLOGY(JIF Q1/JCI Q2),OAE PUBLISHING INC,其他,否,ESCI,需核实,请查期刊官网 Author / Open Access 页面,未知,,https://www.google.com/search?q=Cancer+Drug+Resistance+aims+scope+instructions+for+authors+APC
1288,2-Q1且IF小于10,0,Expert Opinion on Drug Discovery,EXPERT OPIN DRUG DIS,1746-0441,1746-045X,7.3,7.2,Q1,31/356,Q2,Q2,0.87,91.4,28.0,7648.0,PHARMACOLOGY & PHARMACY,PHARMACOLOGY & PHARMACY(JIF Q1/JCI Q2),TAYLOR & FRANCIS LTD,Taylor & Francis,是,SCIE,混合为主,"订阅路线通常无APC；Open Select常见 USD 2,500-3,500",中,https://authorservices.taylorandfrancis.com/publishing-open-access/,https://www.google.com/search?q=Expert+Opinion+on+Drug+Discovery+aims+scope+instructions+for+authors+APC
1289,2-Q1且IF小于10,0,JOURNAL OF INVESTIGATIONAL ALLERGOLOGY AND CLINICAL IMMUNOLOGY,J INVEST ALLERG CLIN,1018-9068,1698-0808,6.6,6.4,Q1,6/40,Q1,Q1,1.01,86.3,28.0,2538.0,ALLERGY; IMMUNOLOGY,ALLERGY(JIF Q1/JCI Q1) | IMMUNOLOGY(JIF Q1/JCI Q2),"ESMON PUBLICIDAD S A, DEPT ALLERGY & CLIN IMMUNOL, CLIN UNIV NAVARRA",其他,是,SCIE,需核实,请查期刊官网 Author / Open Access 页面,未知,,https://www.google.com/search?q=JOURNAL+OF+INVESTIGATIONAL+ALLERGOLOGY+AND+CLINICAL+IMMUNOLOGY+aims+scope+instructions+for+authors+APC
1290,2-Q1且IF小于10,0,Clinical Hypertension,CLIN HYPERTENS,,2056-5909,6.2,4.6,Q1,15/100,Q1,Q1,0.88,85.5,28.0,987.0,PERIPHERAL VASCULAR DISEASE,PERIPHERAL VASCULAR DISEASE(JIF Q1/JCI Q1),Korean Soc Hypertension,其他,否,ESCI,需核实,请查期刊官网 Author / Open Access 页面,未知,,https://www.google.com/search?q=Clinical+Hypertension+aims+scope+instructions+for+authors+APC
1291,2-Q1且IF小于10,0,EXCLI Journal,EXCLI J,1611-2156,1611-2156,6.2,5.4,Q1,7/106,Q1,Q1,0.81,93.9,28.0,4410.0,BIOLOGY,BIOLOGY(JIF Q1/JCI Q1),EXCLI JOURNAL MANAGING OFFICE,其他,是,SCIE,需核实,请查期刊官网 Author / Open Access 页面,未知,,https://www.google.com/search?q=EXCLI+Journal+aims+scope+instructions+for+authors+APC
1292,2-Q1且IF小于10,0,Frontiers in Genome Editing,FRONT GENOME EDIT,,2673-3439,5.9,6.1,Q1,27/192,Q2,Q2,0.88,86.2,28.0,1353.0,BIOTECHNOLOGY & APPLIED MICROBIOLOGY; GENETICS & HEREDITY,BIOTECHNOLOGY & APPLIED MICROBIOLOGY(JIF Q1/JCI Q2) | GENETICS & HEREDITY(JIF Q1/JCI Q2),FRONTIERS MEDIA SA,Frontiers,否,ESCI,全OA,"约 CHF 1,495-3,150（Frontiers in Medicine A类=CHF 3,150）",高,https://www.frontiersin.org/about/fee-policy,https://www.google.com/search?q=Frontiers+in+Genome+Editing+aims+scope+instructions+for+authors+APC
1293,2-Q1且IF小于10,0,Cancer Pathogenesis and Therapy,CANCER PATHOG THER,2097-2563,2949-7132,5.9,5.9,Q1,65/333,Q2,Q2,0.76,80.6,28.0,645.0,ONCOLOGY,ONCOLOGY(JIF Q1/JCI Q2),ELSEVIER,Elsevier,否,ESCI,混合为主,"订阅路线通常无APC；Gold OA常见 USD 2,200-4,200",中,https://www.elsevier.com/open-access/agreements,https://www.google.com/search?q=Cancer+Pathogenesis+and+Therapy+aims+scope+instructions+for+authors+APC
1294,2-Q1且IF小于10,0,Journal of Intensive Medicine,J INTENSIV MED,2097-0250,2667-100X,5.6,5.1,Q1,12/66,Q2,Q2,0.89,82.6,28.0,794.0,CRITICAL CARE MEDICINE,CRITICAL CARE MEDICINE(JIF Q1/JCI Q2),ELSEVIER,Elsevier,否,ESCI,混合为主,"订阅路线通常无APC；Gold OA常见 USD 2,200-4,200",中,https://www.elsevier.com/open-access/agreements,https://www.google.com/search?q=Journal+of+Intensive+Medicine+aims+scope+instructions+for+authors+APC
1295,2-Q1且IF小于10,0,European Journal of Emergency Medicine,EUR J EMERG MED,0969-9546,1473-5695,5.4,3.6,Q1,7/55,Q1,Q1,1.72,88.2,28.0,2213.0,EMERGENCY MEDICINE,EMERGENCY MEDICINE(JIF Q1/JCI Q1),LIPPINCOTT WILLIAMS & WILKINS,Wolters Kluwer/LWW,是,SCIE,混合为主,"订阅路线通常无APC；OA常见 USD 2,000-4,000；MEDICINE已拉黑",中,https://wkauthorservices.editage.com/open-access/,https://www.google.com/search?q=European+Journal+of+Emergency+Medicine+aims+scope+instructions+for+authors+APC
1296,2-Q1且IF小于10,0,Journal of Gastric Cancer,J GASTRIC CANCER,2093-582X,2093-5641,5.1,3.8,Q1,32/153,Q1,Q1,0.92,79.4,28.0,1347.0,GASTROENTEROLOGY & HEPATOLOGY; ONCOLOGY,GASTROENTEROLOGY & HEPATOLOGY(JIF Q1/JCI Q1) | ONCOLOGY(JIF Q1/JCI Q2),KOREAN GASTRIC CANCER ASSOC,其他,是,SCIE,需核实,请查期刊官网 Author / Open Access 页面,未知,,https://www.google.com/search?q=Journal+of+Gastric+Cancer+aims+scope+instructions+for+authors+APC
1297,2-Q1且IF小于10,0,JOURNAL OF PSYCHIATRY & NEUROSCIENCE,J PSYCHIATR NEUROSCI,1180-4882,1488-2434,4.8,4.8,Q1,47/293,Q1,Q1,1.01,84.1,28.0,4019.0,NEUROSCIENCES; PSYCHIATRY,NEUROSCIENCES(JIF Q1/JCI Q2) | PSYCHIATRY(JIF Q1/JCI Q1),CANADIAN SCIENCE PUBLISHING,其他,是,"SCIE; SCIE, SSCI",需核实,请查期刊官网 Author / Open Access 页面,未知,,https://www.google.com/search?q=JOURNAL+OF+PSYCHIATRY+&+NEUROSCIENCE+aims+scope+instructions+for+authors+APC
1298,2-Q1且IF小于10,0,Expert Review of Anti-Infective Therapy,EXPERT REV ANTI-INFE,1478-7210,1744-8336,4.6,4.8,Q1,26/141,Q2,Q2,0.7,81.9,28.0,6560.0,INFECTIOUS DISEASES; MICROBIOLOGY; PHARMACOLOGY & PHARMACY,INFECTIOUS DISEASES(JIF Q1/JCI Q2) | MICROBIOLOGY(JIF Q2/JCI Q3) | PHARMACOLOGY & PHARMACY(JIF Q1/JCI Q2),TAYLOR & FRANCIS LTD,Taylor & Francis,是,SCIE,混合为主,"订阅路线通常无APC；Open Select常见 USD 2,500-3,500",中,https://authorservices.taylorandfrancis.com/publishing-open-access/,https://www.google.com/search?q=Expert+Review+of+Anti-Infective+Therapy+aims+scope+instructions+for+authors+APC
1299,2-Q1且IF小于10,0,Korean Journal of Pain,KOREAN J PAIN,2005-9159,2093-0569,4.2,3.9,Q1,61/296,Q2,Q2,0.99,79.6,28.0,1467.0,CLINICAL NEUROLOGY,CLINICAL NEUROLOGY(JIF Q1/JCI Q2),KOREAN PAIN SOC,其他,是,SCIE,需核实,请查期刊官网 Author / Open Access 页面,未知,,https://www.google.com/search?q=Korean+Journal+of+Pain+aims+scope+instructions+for+authors+APC
1300,2-Q1且IF小于10,0,Journal of Movement Disorders,J MOV DISORD,2005-940X,2093-4939,4.0,3.7,Q1,68/296,Q3,Q3,0.72,77.2,28.0,1150.0,CLINICAL NEUROLOGY,CLINICAL NEUROLOGY(JIF Q1/JCI Q3),KOREAN MOVEMENT DISORDERS SOC,其他,是,SCIE,需核实,请查期刊官网 Author / Open Access 页面,未知,,https://www.google.com/search?q=Journal+of+Movement+Disorders+aims+scope+instructions+for+authors+APC
1301,2-Q1且IF小于10,0,Pathogens and Global Health,PATHOG GLOB HEALTH,2047-7724,2047-7732,3.4,3.3,Q1,9/47,Q2,Q2,0.87,81.9,28.0,2286.0,"PARASITOLOGY; PUBLIC, ENVIRONMENTAL & OCCUPATIONAL HEALTH; TROPICAL MEDICINE","PARASITOLOGY(JIF Q1/JCI Q2) | PUBLIC, ENVIRONMENTAL & OCCUPATIONAL HEALTH(JIF Q1/JCI Q2) | TROPICAL MEDICINE(JIF Q1/JCI Q2)",TAYLOR & FRANCIS LTD,Taylor & Francis,是,SCIE,混合为主,"订阅路线通常无APC；Open Select常见 USD 2,500-3,500",中,https://authorservices.taylorandfrancis.com/publishing-open-access/,https://www.google.com/search?q=Pathogens+and+Global+Health+aims+scope+instructions+for+authors+APC
1302,2-Q1且IF小于10,0,Patient Safety in Surgery,PATIENT SAF SURG,1754-9493,1754-9493,3.3,3.0,Q1,50/321,Q1,Q1,1.31,84.6,28.0,1113.0,SURGERY,SURGERY(JIF Q1/JCI Q1),BMC,BMC,否,ESCI,全OA,"约 USD 1,990-2,890（旗舰刊更高）",高,https://www.biomedcentral.com/getpublished/article-processing-charges,https://www.google.com/search?q=Patient+Safety+in+Surgery+aims+scope+instructions+for+authors+APC
1303,2-Q1且IF小于10,0,HONG KONG MEDICAL JOURNAL,HONG KONG MED J,1024-2708,1024-2708,3.0,2.7,Q1,73/336,Q2,Q2,0.47,78.4,28.0,1854.0,"MEDICINE, GENERAL & INTERNAL","MEDICINE, GENERAL & INTERNAL(JIF Q1/JCI Q2)",HONG KONG ACAD MEDICINE PRESS,其他,是,SCIE,需核实,请查期刊官网 Author / Open Access 页面,未知,,https://www.google.com/search?q=HONG+KONG+MEDICAL+JOURNAL+aims+scope+instructions+for+authors+APC
1304,2-Q1且IF小于10,0,EPMA Journal,EPMA J,1878-5077,1878-5085,7.0,6.5,Q1,34/191,Q1,Q1,1.35,82.5,27.0,2288.0,"MEDICINE, RESEARCH & EXPERIMENTAL","MEDICINE, RESEARCH & EXPERIMENTAL(JIF Q1/JCI Q1)",SPRINGER INT PUBL AG,Springer,是,SCIE,混合为主,"订阅路线通常无APC；选OA约 USD 2,790-4,290",中,https://www.springer.com/gp/open-access,https://www.google.com/search?q=EPMA+Journal+aims+scope+instructions+for+authors+APC
1305,2-Q1且IF小于10,0,Chemical Biology Letters,CHEM BIOL LETT,,2347-9825,5.6,2.6,Q1,72/328,Q3,Q3,0.49,78.2,27.0,382.0,"BIOCHEMISTRY & MOLECULAR BIOLOGY; CHEMISTRY, MEDICINAL","BIOCHEMISTRY & MOLECULAR BIOLOGY(JIF Q1/JCI Q3) | CHEMISTRY, MEDICINAL(JIF Q1/JCI Q3)",ScienceIn Publications,其他,否,ESCI,需核实,请查期刊官网 Author / Open Access 页面,未知,,https://www.google.com/search?q=Chemical+Biology+Letters+aims+scope+instructions+for+authors+APC
1306,2-Q1且IF小于10,0,Family Medicine and Community Health,FAM MED COMMUNITY HE,2305-6983,2009-8774,4.5,6.7,Q1,4/29,Q1,Q1,1.72,87.9,27.0,1489.0,PRIMARY HEALTH CARE,PRIMARY HEALTH CARE(JIF Q1/JCI Q1),BMJ PUBLISHING GROUP,BMJ,否,ESCI,混合/全OA,"BMJ Open约GBP 2,175；旗舰刊更高",高,https://authors.bmj.com/open-access/,https://www.google.com/search?q=Family+Medicine+and+Community+Health+aims+scope+instructions+for+authors+APC
1307,2-Q1且IF小于10,0,EXCEPTIONAL CHILDREN,EXCEPT CHILDREN,0014-4029,2163-5560,3.8,4.5,Q1,2/62,Q1,Q1,2.31,94.0,27.0,2870.0,REHABILITATION,REHABILITATION(JIF Q1/JCI Q1),SAGE PUBLICATIONS INC,SAGE,否,SSCI,混合为主,"订阅路线通常无APC；SAGE Choice常见 USD 2,000-4,000",中,https://us.sagepub.com/en-us/nam/sage-choice,https://www.google.com/search?q=EXCEPTIONAL+CHILDREN+aims+scope+instructions+for+authors+APC
1308,2-Q1且IF小于10,0,Journal of Neurologic Physical Therapy,J NEUROL PHYS THER,1557-0576,1557-0584,3.6,4.6,Q1,12/175,Q1,Q1,1.54,93.4,27.0,1900.0,CLINICAL NEUROLOGY; REHABILITATION,CLINICAL NEUROLOGY(JIF Q2/JCI Q1) | REHABILITATION(JIF Q1/JCI Q1),LIPPINCOTT WILLIAMS & WILKINS,Wolters Kluwer/LWW,是,SCIE,混合为主,"订阅路线通常无APC；OA常见 USD 2,000-4,000；MEDICINE已拉黑",中,https://wkauthorservices.editage.com/open-access/,https://www.google.com/search?q=Journal+of+Neurologic+Physical+Therapy+aims+scope+instructions+for+authors+APC
1309,2-Q1且IF小于10,0,Journal of Law and the Biosciences,J LAW BIOSCI,2053-9711,2053-9711,3.4,2.9,Q1,12/443,Q1,Q1,1.84,89.6,27.0,990.0,"MEDICAL ETHICS; MEDICINE, LEGAL","MEDICAL ETHICS(JIF Q2/JCI Q1) | MEDICINE, LEGAL(JIF Q1/JCI Q1)",OXFORD UNIV PRESS,Oxford UP,是,SSCI; SCIE,混合为主,订阅路线通常无APC；可选OA，费用因刊而异,中,https://academic.oup.com/pages/open-research/open-access,https://www.google.com/search?q=Journal+of+Law+and+the+Biosciences+aims+scope+instructions+for+authors+APC
1310,2-Q1且IF小于10,0,BMJ Sexual & Reproductive Health,BMJ SEX REPROD HEAL,2515-1991,2515-2009,3.2,3.3,Q1,5/66,Q1,Q1,1.08,82.3,27.0,913.0,"OBSTETRICS & GYNECOLOGY; SOCIAL SCIENCES, BIOMEDICAL","OBSTETRICS & GYNECOLOGY(JIF Q1/JCI Q1) | SOCIAL SCIENCES, BIOMEDICAL(JIF Q1/JCI Q1)",BMJ PUBLISHING GROUP,BMJ,是,SSCI; SCIE,混合/全OA,"BMJ Open约GBP 2,175；旗舰刊更高",高,https://authors.bmj.com/open-access/,https://www.google.com/search?q=BMJ+Sexual+&+Reproductive+Health+aims+scope+instructions+for+authors+APC
1311,2-Q1且IF小于10,0,STRENGTH AND CONDITIONING JOURNAL,STRENGTH COND J,1524-1602,1533-4295,3.2,3.4,Q1,32/136,Q2,Q2,0.98,76.8,27.0,3500.0,SPORT SCIENCES,SPORT SCIENCES(JIF Q1/JCI Q2),LIPPINCOTT WILLIAMS & WILKINS,Wolters Kluwer/LWW,是,SCIE,混合为主,"订阅路线通常无APC；OA常见 USD 2,000-4,000；MEDICINE已拉黑",中,https://wkauthorservices.editage.com/open-access/,https://www.google.com/search?q=STRENGTH+AND+CONDITIONING+JOURNAL+aims+scope+instructions+for+authors+APC
1312,2-Q1且IF小于10,0,Policy Politics & Nursing Practice,POL POLIT NURS PRACT,1527-1544,1552-7468,3.0,2.9,Q1,31/194,Q1,Q1,1.25,84.3,27.0,812.0,HEALTH POLICY & SERVICES; NURSING,HEALTH POLICY & SERVICES(JIF Q2/JCI Q1) | NURSING(JIF Q1/JCI Q1),SAGE PUBLICATIONS INC,SAGE,否,ESCI,混合为主,"订阅路线通常无APC；SAGE Choice常见 USD 2,000-4,000",中,https://us.sagepub.com/en-us/nam/sage-choice,https://www.google.com/search?q=Policy+Politics+&+Nursing+Practice+aims+scope+instructions+for+authors+APC
1313,2-Q1且IF小于10,0,Journal of Geriatric Physical Therapy,J GERIATR PHYS THER,1539-8412,2152-0895,3.0,3.1,Q1,23/175,Q2,Q2,0.87,87.1,27.0,2018.0,GERIATRICS & GERONTOLOGY; REHABILITATION,GERIATRICS & GERONTOLOGY(JIF Q3/JCI Q2) | REHABILITATION(JIF Q1/JCI Q2),LIPPINCOTT WILLIAMS & WILKINS,Wolters Kluwer/LWW,是,SCIE,混合为主,"订阅路线通常无APC；OA常见 USD 2,000-4,000；MEDICINE已拉黑",中,https://wkauthorservices.editage.com/open-access/,https://www.google.com/search?q=Journal+of+Geriatric+Physical+Therapy+aims+scope+instructions+for+authors+APC
1314,2-Q1且IF小于10,0,Cell Surface,CELL SURF,2468-2330,2468-2330,9.3,,Q1,30/328,Q1,Q1,1.17,91.0,26.0,794.0,BIOCHEMISTRY & MOLECULAR BIOLOGY,BIOCHEMISTRY & MOLECULAR BIOLOGY(JIF Q1/JCI Q1),ELSEVIER,Elsevier,否,ESCI,混合为主,"订阅路线通常无APC；Gold OA常见 USD 2,200-4,200",中,https://www.elsevier.com/open-access/agreements,https://www.google.com/search?q=Cell+Surface+aims+scope+instructions+for+authors+APC
1315,2-Q1且IF小于10,0,Annual Review of Biomedical Data Science,ANNU REV BIOMED DA S,2574-3414,2574-3414,8.1,9.3,Q1,2/67,Q2,Q2,0.81,97.8,26.0,1071.0,MATHEMATICAL & COMPUTATIONAL BIOLOGY,MATHEMATICAL & COMPUTATIONAL BIOLOGY(JIF Q1/JCI Q2),ANNUAL REVIEWS,其他,是,SCIE,需核实,请查期刊官网 Author / Open Access 页面,未知,,https://www.google.com/search?q=Annual+Review+of+Biomedical+Data+Science+aims+scope+instructions+for+authors+APC
1316,2-Q1且IF小于10,0,Journal of Occupational Health Psychology,J OCCUP HEALTH PSYCH,1076-8998,1939-1307,6.7,7.2,Q1,26/443,Q1,Q1,1.86,94.2,26.0,9089.0,"PUBLIC, ENVIRONMENTAL & OCCUPATIONAL HEALTH","PUBLIC, ENVIRONMENTAL & OCCUPATIONAL HEALTH(JIF Q1/JCI Q1)",EDUCATIONAL PUBLISHING FOUNDATION-AMERICAN PSYCHOLOGICAL ASSOC,其他,否,SSCI,需核实,请查期刊官网 Author / Open Access 页面,未知,,https://www.google.com/search?q=Journal+of+Occupational+Health+Psychology+aims+scope+instructions+for+authors+APC
1317,2-Q1且IF小于10,0,AIMS Microbiology,AIMS MICROBIOL,2471-1888,2471-1888,5.4,6.2,Q1,37/167,Q2,Q2,0.71,78.1,26.0,2312.0,MICROBIOLOGY,MICROBIOLOGY(JIF Q1/JCI Q2),AMER INST MATHEMATICAL SCIENCES-AIMS,其他,否,ESCI,需核实,请查期刊官网 Author / Open Access 页面,未知,,https://www.google.com/search?q=AIMS+Microbiology+aims+scope+instructions+for+authors+APC
1318,2-Q1且IF小于10,0,Anesthesia and Pain Medicine,ANESTH PAIN MED,1975-5171,2383-7977,3.6,,Q1,16/72,Q2,Q2,0.74,78.5,26.0,1726.0,ANESTHESIOLOGY,ANESTHESIOLOGY(JIF Q1/JCI Q2),KOREAN SOC ANESTHESIOLOGISTS,其他,否,ESCI,需核实,请查期刊官网 Author / Open Access 页面,未知,,https://www.google.com/search?q=Anesthesia+and+Pain+Medicine+aims+scope+instructions+for+authors+APC
1319,2-Q1且IF小于10,0,BMJ Surgery Interventions & Health Technologies,BMJ SURG INTERV HLTH,,2631-4940,2.8,2.5,Q1,67/321,Q2,Q2,0.86,79.3,26.0,253.0,SURGERY,SURGERY(JIF Q1/JCI Q2),BMJ PUBLISHING GROUP,BMJ,否,ESCI,混合/全OA,"BMJ Open约GBP 2,175；旗舰刊更高",高,https://authors.bmj.com/open-access/,https://www.google.com/search?q=BMJ+Surgery+Interventions+&+Health+Technologies+aims+scope+instructions+for+authors+APC
1320,2-Q1且IF小于10,0,BME Frontiers,BME FRONT,,2765-8031,9.1,7.6,Q1,16/130,Q1,Q1,1.04,88.1,25.0,841.0,"ENGINEERING, BIOMEDICAL","ENGINEERING, BIOMEDICAL(JIF Q1/JCI Q1)",AMER ASSOC ADVANCEMENT SCIENCE,其他,否,ESCI,需核实,请查期刊官网 Author / Open Access 页面,未知,,https://www.google.com/search?q=BME+Frontiers+aims+scope+instructions+for+authors+APC
1321,2-Q1且IF小于10,0,Extracellular Vesicles and Circulating Nucleic Acids,EXTRACELL VESICLES C,,2767-6641,8.5,8.4,Q1,36/328,Q3,Q3,0.61,89.2,25.0,865.0,BIOCHEMISTRY & MOLECULAR BIOLOGY; CELL BIOLOGY,BIOCHEMISTRY & MOLECULAR BIOLOGY(JIF Q1/JCI Q3) | CELL BIOLOGY(JIF Q1/JCI Q3),OAE PUBLISHING INC,其他,否,ESCI,需核实,请查期刊官网 Author / Open Access 页面,未知,,https://www.google.com/search?q=Extracellular+Vesicles+and+Circulating+Nucleic+Acids+aims+scope+instructions+for+authors+APC
1322,2-Q1且IF小于10,0,Anesthesiology and Perioperative Science,ANESTHES PERIOP SCI,,2731-8389,7.5,7.5,Q1,11/321,Q1,Q1,1.66,96.7,25.0,512.0,ANESTHESIOLOGY; SURGERY,ANESTHESIOLOGY(JIF Q1/JCI Q1) | SURGERY(JIF Q1/JCI Q1),SPRINGERNATURE,Springer Nature,否,ESCI,混合/全OA,"全OA约 USD 2,090-3,490；Nature系更高；Scientific Reports已拉黑",中高,https://www.springernature.com/gp/open-research/journals-books/journals,https://www.google.com/search?q=Anesthesiology+and+Perioperative+Science+aims+scope+instructions+for+authors+APC
1323,2-Q1且IF小于10,0,Engineering Microbiology,ENG MICROBIOL,2097-4280,2667-3703,6.1,6.4,Q1,31/180,Q2,Q2,0.74,83.1,25.0,680.0,BIOTECHNOLOGY & APPLIED MICROBIOLOGY; MICROBIOLOGY,BIOTECHNOLOGY & APPLIED MICROBIOLOGY(JIF Q1/JCI Q2) | MICROBIOLOGY(JIF Q1/JCI Q2),KEAI PUBLISHING LTD,其他,否,ESCI,需核实,请查期刊官网 Author / Open Access 页面,未知,,https://www.google.com/search?q=Engineering+Microbiology+aims+scope+instructions+for+authors+APC
1324,2-Q1且IF小于10,0,Immune Network,IMMUNE NETW,1598-2629,2092-6685,5.9,5.8,Q1,39/183,Q2,Q2,0.87,79.0,25.0,2699.0,IMMUNOLOGY,IMMUNOLOGY(JIF Q1/JCI Q2),KOREA ASSOC IMMUNOLOGISTS,其他,是,SCIE,需核实,请查期刊官网 Author / Open Access 页面,未知,,https://www.google.com/search?q=Immune+Network+aims+scope+instructions+for+authors+APC
1325,2-Q1且IF小于10,0,Cell Regeneration,CELL REGEN,,2045-9769,5.6,,Q1,7/32,Q3,Q3,0.61,79.7,25.0,921.0,CELL & TISSUE ENGINEERING; CELL BIOLOGY,CELL & TISSUE ENGINEERING(JIF Q1/JCI Q3) | CELL BIOLOGY(JIF Q2/JCI Q3),SPRINGERNATURE,Springer Nature,否,ESCI,混合/全OA,"全OA约 USD 2,090-3,490；Nature系更高；Scientific Reports已拉黑",中高,https://www.springernature.com/gp/open-research/journals-books/journals,https://www.google.com/search?q=Cell+Regeneration+aims+scope+instructions+for+authors+APC
1326,2-Q1且IF小于10,0,YALE JOURNAL OF BIOLOGY AND MEDICINE,YALE J BIOL MED,0044-0086,1551-4056,4.8,4.3,Q1,17/106,Q2,Q2,0.76,84.4,25.0,3676.0,BIOLOGY,BIOLOGY(JIF Q1/JCI Q2),"YALE J BIOLOGY MEDICINE, INC",其他,是,SCIE,需核实,请查期刊官网 Author / Open Access 页面,未知,,https://www.google.com/search?q=YALE+JOURNAL+OF+BIOLOGY+AND+MEDICINE+aims+scope+instructions+for+authors+APC
1327,2-Q1且IF小于10,0,Echo Research and Practice,ECHO RES PRACT,2055-0464,2055-0464,4.4,5.2,Q1,57/237,Q2,Q2,0.83,76.2,25.0,769.0,CARDIAC & CARDIOVASCULAR SYSTEMS,CARDIAC & CARDIOVASCULAR SYSTEMS(JIF Q1/JCI Q2),SPRINGERNATURE,Springer Nature,否,ESCI,混合/全OA,"全OA约 USD 2,090-3,490；Nature系更高；Scientific Reports已拉黑",中高,https://www.springernature.com/gp/open-research/journals-books/journals,https://www.google.com/search?q=Echo+Research+and+Practice+aims+scope+instructions+for+authors+APC
1328,2-Q1且IF小于10,0,PEDIATRIC DRUGS,PEDIATR DRUGS,1174-5878,1179-2019,3.7,3.8,Q1,16/190,Q1,Q1,1.03,91.8,25.0,2300.0,PEDIATRICS; PHARMACOLOGY & PHARMACY,PEDIATRICS(JIF Q1/JCI Q1) | PHARMACOLOGY & PHARMACY(JIF Q2/JCI Q1),ADIS INT LTD,其他,是,SCIE,需核实,请查期刊官网 Author / Open Access 页面,未知,,https://www.google.com/search?q=PEDIATRIC+DRUGS+aims+scope+instructions+for+authors+APC
1329,2-Q1且IF小于10,0,Archives of Physiotherapy,ARCH PHYSIOTHER,,2057-0082,3.1,,Q1,19/175,Q1,Q1,1.28,89.4,25.0,583.0,REHABILITATION,REHABILITATION(JIF Q1/JCI Q1),ABOUTSCIENCE SRL,其他,否,ESCI,需核实,请查期刊官网 Author / Open Access 页面,未知,,https://www.google.com/search?q=Archives+of+Physiotherapy+aims+scope+instructions+for+authors+APC
1330,2-Q1且IF小于10,0,CURRENT PROBLEMS IN SURGERY,CURR PROB SURG,0011-3840,1535-6337,3.1,4.2,Q1,59/321,Q2,Q2,0.69,81.8,25.0,1400.0,SURGERY,SURGERY(JIF Q1/JCI Q2),MOSBY-ELSEVIER,Elsevier,是,SCIE,混合为主,"订阅路线通常无APC；Gold OA常见 USD 2,200-4,200",中,https://www.elsevier.com/open-access/agreements,https://www.google.com/search?q=CURRENT+PROBLEMS+IN+SURGERY+aims+scope+instructions+for+authors+APC
1331,2-Q1且IF小于10,0,Intelligent Medicine,INTEL MED,2667-1026,2667-1026,7.8,7.0,Q1,5/54,Q2,Q2,0.95,91.7,24.0,732.0,MEDICAL INFORMATICS,MEDICAL INFORMATICS(JIF Q1/JCI Q2),ELSEVIER,Elsevier,否,ESCI,混合为主,"订阅路线通常无APC；Gold OA常见 USD 2,200-4,200",中,https://www.elsevier.com/open-access/agreements,https://www.google.com/search?q=Intelligent+Medicine+aims+scope+instructions+for+authors+APC
1332,2-Q1且IF小于10,0,Acupuncture and Herbal Medicine,ACUPUNCT HERB MED,2097-0226,2765-8619,7.3,6.0,Q1,7/48,Q1,Q1,1.19,86.5,24.0,745.0,INTEGRATIVE & COMPLEMENTARY MEDICINE,INTEGRATIVE & COMPLEMENTARY MEDICINE(JIF Q1/JCI Q1),LIPPINCOTT WILLIAMS & WILKINS,Wolters Kluwer/LWW,否,ESCI,混合为主,"订阅路线通常无APC；OA常见 USD 2,000-4,000；MEDICINE已拉黑",中,https://wkauthorservices.editage.com/open-access/,https://www.google.com/search?q=Acupuncture+and+Herbal+Medicine+aims+scope+instructions+for+authors+APC
1333,2-Q1且IF小于10,0,Medicine Advances,MED ADV,2834-4391,2834-4405,5.3,5.3,Q1,38/336,Q2,Q2,0.53,88.8,24.0,358.0,"MEDICINE, GENERAL & INTERNAL","MEDICINE, GENERAL & INTERNAL(JIF Q1/JCI Q2)",WILEY,Wiley,否,ESCI,混合为主,"订阅路线通常无APC；OnlineOpen常见 USD 3,200-4,700",中,https://authorservices.wiley.com/author-resources/Journal-Authors/open-access/article-publication-charges.html,https://www.google.com/search?q=Medicine+Advances+aims+scope+instructions+for+authors+APC
1334,2-Q1且IF小于10,0,Brain Circulation,BRAIN CIRC,2394-8108,2455-4626,5.2,3.5,Q1,36/296,Q1,Q1,0.91,88.0,24.0,1017.0,CLINICAL NEUROLOGY; PERIPHERAL VASCULAR DISEASE,CLINICAL NEUROLOGY(JIF Q1/JCI Q2) | PERIPHERAL VASCULAR DISEASE(JIF Q1/JCI Q1),WOLTERS KLUWER MEDKNOW PUBLICATIONS,Wolters Kluwer/LWW,否,ESCI,混合为主,"订阅路线通常无APC；OA常见 USD 2,000-4,000；MEDICINE已拉黑",中,https://wkauthorservices.editage.com/open-access/,https://www.google.com/search?q=Brain+Circulation+aims+scope+instructions+for+authors+APC
1335,2-Q1且IF小于10,0,One Health Advances,ONE HEALTH ADV,,2731-9970,5.0,5.0,Q1,53/443,Q1,Q1,1.17,88.1,24.0,332.0,"INFECTIOUS DISEASES; PUBLIC, ENVIRONMENTAL & OCCUPATIONAL HEALTH","INFECTIOUS DISEASES(JIF Q1/JCI Q1) | PUBLIC, ENVIRONMENTAL & OCCUPATIONAL HEALTH(JIF Q1/JCI Q1)",SPRINGERNATURE,Springer Nature,否,ESCI,混合/全OA,"全OA约 USD 2,090-3,490；Nature系更高；Scientific Reports已拉黑",中高,https://www.springernature.com/gp/open-research/journals-books/journals,https://www.google.com/search?q=One+Health+Advances+aims+scope+instructions+for+authors+APC
1336,2-Q1且IF小于10,0,Therapeutic Advances in Psychopharmacology,THER ADV PSYCHOPHARM,2045-1253,2045-1261,5.0,4.5,Q1,41/293,Q2,Q2,0.77,86.2,24.0,1679.0,PHARMACOLOGY & PHARMACY; PSYCHIATRY,PHARMACOLOGY & PHARMACY(JIF Q1/JCI Q2) | PSYCHIATRY(JIF Q1/JCI Q2),SAGE PUBLICATIONS LTD,SAGE,是,SCIE,混合为主,"订阅路线通常无APC；SAGE Choice常见 USD 2,000-4,000",中,https://us.sagepub.com/en-us/nam/sage-choice,https://www.google.com/search?q=Therapeutic+Advances+in+Psychopharmacology+aims+scope+instructions+for+authors+APC
1337,2-Q1且IF小于10,0,Advanced Biotechnology,ADV BIOTECHNOL-SING,,2948-2801,8.8,8.8,Q1,13/180,Q1,Q1,1.04,93.1,23.0,468.0,BIOTECHNOLOGY & APPLIED MICROBIOLOGY,BIOTECHNOLOGY & APPLIED MICROBIOLOGY(JIF Q1/JCI Q1),SPRINGERNATURE,Springer Nature,否,ESCI,混合/全OA,"全OA约 USD 2,090-3,490；Nature系更高；Scientific Reports已拉黑",中高,https://www.springernature.com/gp/open-research/journals-books/journals,https://www.google.com/search?q=Advanced+Biotechnology+aims+scope+instructions+for+authors+APC
1338,2-Q1且IF小于10,0,SKIN PHARMACOLOGY AND PHYSIOLOGY,SKIN PHARMACOL PHYS,1660-5527,1660-5535,4.1,3.1,Q1,17/99,Q2,Q2,0.86,83.3,23.0,2267.0,DERMATOLOGY; PHARMACOLOGY & PHARMACY,DERMATOLOGY(JIF Q1/JCI Q2) | PHARMACOLOGY & PHARMACY(JIF Q2/JCI Q2),KARGER,Karger,是,SCIE,混合/OA,"因刊而异，常见 USD 2,500-3,800",中,https://karger.com/pages/Open-Access,https://www.google.com/search?q=SKIN+PHARMACOLOGY+AND+PHYSIOLOGY+aims+scope+instructions+for+authors+APC
1339,2-Q1且IF小于10,0,Natural Sciences,NAT SCI-GER,2698-6248,2698-6248,4.1,3.4,Q1,28/140,Q2,Q2,0.5,80.4,23.0,521.0,MULTIDISCIPLINARY SCIENCES,MULTIDISCIPLINARY SCIENCES(JIF Q1/JCI Q2),WILEY-V C H VERLAG GMBH,Wiley,否,ESCI,混合为主,"订阅路线通常无APC；OnlineOpen常见 USD 3,200-4,700",中,https://authorservices.wiley.com/author-resources/Journal-Authors/open-access/article-publication-charges.html,https://www.google.com/search?q=Natural+Sciences+aims+scope+instructions+for+authors+APC
1340,2-Q1且IF小于10,0,Health Reports,HEALTH REP,0840-6529,1209-1367,3.4,3.9,Q1,101/443,Q1,Q1,0.98,77.3,23.0,1530.0,"PUBLIC, ENVIRONMENTAL & OCCUPATIONAL HEALTH","PUBLIC, ENVIRONMENTAL & OCCUPATIONAL HEALTH(JIF Q1/JCI Q1)",STATISTICS CANADA,其他,是,"SCIE, SSCI",需核实,请查期刊官网 Author / Open Access 页面,未知,,https://www.google.com/search?q=Health+Reports+aims+scope+instructions+for+authors+APC
1341,2-Q1且IF小于10,0,Life Metabolism,LIFE METAB,,2755-0230,6.3,6.4,Q1,30/198,Q2,Q2,0.92,85.1,22.0,459.0,ENDOCRINOLOGY & METABOLISM,ENDOCRINOLOGY & METABOLISM(JIF Q1/JCI Q2),OXFORD UNIV PRESS,Oxford UP,否,ESCI,混合为主,订阅路线通常无APC；可选OA，费用因刊而异,中,https://academic.oup.com/pages/open-research/open-access,https://www.google.com/search?q=Life+Metabolism+aims+scope+instructions+for+authors+APC
1342,2-Q1且IF小于10,0,Presse Medicale,PRESSE MED,0755-4982,2213-0276,5.0,4.4,Q1,44/336,Q2,Q2,0.69,87.1,22.0,2271.0,"MEDICINE, GENERAL & INTERNAL","MEDICINE, GENERAL & INTERNAL(JIF Q1/JCI Q2)",MASSON EDITEUR,其他,是,SCIE,需核实,请查期刊官网 Author / Open Access 页面,未知,,https://www.google.com/search?q=Presse+Medicale+aims+scope+instructions+for+authors+APC
1343,2-Q1且IF小于10,0,Health Data Science,HEALTH DATA SCI,,2765-8783,4.8,4.9,Q1,28/194,Q2,Q2,0.75,85.8,22.0,391.0,HEALTH CARE SCIENCES & SERVICES,HEALTH CARE SCIENCES & SERVICES(JIF Q1/JCI Q2),AMER ASSOC ADVANCEMENT SCIENCE,其他,否,ESCI,需核实,请查期刊官网 Author / Open Access 页面,未知,,https://www.google.com/search?q=Health+Data+Science+aims+scope+instructions+for+authors+APC
1344,2-Q1且IF小于10,0,BEHAVIOURAL NEUROLOGY,BEHAV NEUROL,0953-4180,1875-8584,4.0,3.2,Q1,68/296,Q2,Q2,0.85,77.2,22.0,2361.0,CLINICAL NEUROLOGY,CLINICAL NEUROLOGY(JIF Q1/JCI Q2),WILEY,Wiley,是,SCIE,混合为主,"订阅路线通常无APC；OnlineOpen常见 USD 3,200-4,700",中,https://authorservices.wiley.com/author-resources/Journal-Authors/open-access/article-publication-charges.html,https://www.google.com/search?q=BEHAVIOURAL+NEUROLOGY+aims+scope+instructions+for+authors+APC
1345,2-Q1且IF小于10,0,Journal of Epidemiology and Population Health,J EPIDEMIOL POPUL HL,2950-4333,2950-4333,3.7,3.7,Q1,89/443,Q2,Q2,0.78,80.0,22.0,141.0,"PUBLIC, ENVIRONMENTAL & OCCUPATIONAL HEALTH","PUBLIC, ENVIRONMENTAL & OCCUPATIONAL HEALTH(JIF Q1/JCI Q2)",MASSON EDITEUR,其他,是,SCIE,需核实,请查期刊官网 Author / Open Access 页面,未知,,https://www.google.com/search?q=Journal+of+Epidemiology+and+Population+Health+aims+scope+instructions+for+authors+APC
1346,2-Q1且IF小于10,0,BioDesign Research,BIODESIGN RES,2693-1257,2693-1257,7.2,,Q1,21/180,Q2,Q2,0.85,88.6,21.0,578.0,BIOTECHNOLOGY & APPLIED MICROBIOLOGY,BIOTECHNOLOGY & APPLIED MICROBIOLOGY(JIF Q1/JCI Q2),ELSEVIER SCIENCE INC,Elsevier,否,ESCI,混合为主,"订阅路线通常无APC；Gold OA常见 USD 2,200-4,200",中,https://www.elsevier.com/open-access/agreements,https://www.google.com/search?q=BioDesign+Research+aims+scope+instructions+for+authors+APC
1347,2-Q1且IF小于10,0,HYPERTENSION IN PREGNANCY,HYPERTENS PREGNANCY,1064-1955,1525-6065,3.4,1.9,Q1,27/143,Q2,Q2,0.67,81.5,21.0,1267.0,OBSTETRICS & GYNECOLOGY; PERIPHERAL VASCULAR DISEASE,OBSTETRICS & GYNECOLOGY(JIF Q1/JCI Q3) | PERIPHERAL VASCULAR DISEASE(JIF Q2/JCI Q2),TAYLOR & FRANCIS INC,Taylor & Francis,是,SCIE,混合为主,"订阅路线通常无APC；Open Select常见 USD 2,500-3,500",中,https://authorservices.taylorandfrancis.com/publishing-open-access/,https://www.google.com/search?q=HYPERTENSION+IN+PREGNANCY+aims+scope+instructions+for+authors+APC
1348,2-Q1且IF小于10,0,"Journal of Activity, Sedentary and Sleep Behaviors",J ACT SEDENT SLEEP B,,2731-4391,3.3,3.3,Q1,30/136,Q2,Q2,0.79,78.3,21.0,239.0,"PUBLIC, ENVIRONMENTAL & OCCUPATIONAL HEALTH; SPORT SCIENCES","PUBLIC, ENVIRONMENTAL & OCCUPATIONAL HEALTH(JIF Q2/JCI Q2) | SPORT SCIENCES(JIF Q1/JCI Q2)",SPRINGERNATURE,Springer Nature,否,ESCI,混合/全OA,"全OA约 USD 2,090-3,490；Nature系更高；Scientific Reports已拉黑",中高,https://www.springernature.com/gp/open-research/journals-books/journals,"https://www.google.com/search?q=Journal+of+Activity,+Sedentary+and+Sleep+Behaviors+aims+scope+instructions+for+authors+APC"
1349,2-Q1且IF小于10,0,Journal of Physiotherapy,J PHYSIOTHER,1836-9553,1836-9561,9.4,12.3,Q1,1/175,Q1,Q1,2.49,99.7,20.0,3831.0,ORTHOPEDICS; REHABILITATION,ORTHOPEDICS(JIF Q1/JCI Q1) | REHABILITATION(JIF Q1/JCI Q1),AUSTRALIAN PHYSIOTHERAPY ASSOC,其他,是,SCIE,需核实,请查期刊官网 Author / Open Access 页面,未知,,https://www.google.com/search?q=Journal+of+Physiotherapy+aims+scope+instructions+for+authors+APC
1350,2-Q1且IF小于10,0,VISUAL NEUROSCIENCE,VISUAL NEUROSCI,0952-5238,1469-8714,6.5,3.5,Q1,7/98,Q1,Q1,1.22,93.4,20.0,1840.0,NEUROSCIENCES; OPHTHALMOLOGY,NEUROSCIENCES(JIF Q1/JCI Q1) | OPHTHALMOLOGY(JIF Q1/JCI Q1),Maximum Academic Press,Elsevier,是,SCIE,混合为主,"订阅路线通常无APC；Gold OA常见 USD 2,200-4,200",中,https://www.elsevier.com/open-access/agreements,https://www.google.com/search?q=VISUAL+NEUROSCIENCE+aims+scope+instructions+for+authors+APC
1351,2-Q1且IF小于10,0,EXPERT REVIEW OF MOLECULAR DIAGNOSTICS,EXPERT REV MOL DIAGN,1473-7159,1744-8352,4.3,4.1,Q1,11/89,Q2,Q2,1.09,88.2,20.0,4425.0,PATHOLOGY,PATHOLOGY(JIF Q1/JCI Q2),TAYLOR & FRANCIS LTD,Taylor & Francis,是,SCIE,混合为主,"订阅路线通常无APC；Open Select常见 USD 2,500-3,500",中,https://authorservices.taylorandfrancis.com/publishing-open-access/,https://www.google.com/search?q=EXPERT+REVIEW+OF+MOLECULAR+DIAGNOSTICS+aims+scope+instructions+for+authors+APC
1352,2-Q1且IF小于10,0,Research in Psychotherapy-Psychopathology Process and Outcome,RES PSYCHOTHER-PSYCH,2239-8031,2239-8031,3.5,2.5,Q1,31/184,Q2,Q2,0.98,83.4,20.0,587.0,"PSYCHOLOGY, CLINICAL","PSYCHOLOGY, CLINICAL(JIF Q1/JCI Q2)",SPR ITALIA,其他,否,ESCI,需核实,请查期刊官网 Author / Open Access 页面,未知,,https://www.google.com/search?q=Research+in+Psychotherapy-Psychopathology+Process+and+Outcome+aims+scope+instructions+for+authors+APC
1353,2-Q1且IF小于10,0,AUSTRALIAN DENTAL JOURNAL,AUST DENT J,0045-0421,1834-7819,3.3,3.2,Q1,40/165,Q2,Q2,0.95,76.1,20.0,3979.0,"DENTISTRY, ORAL SURGERY & MEDICINE","DENTISTRY, ORAL SURGERY & MEDICINE(JIF Q1/JCI Q2)",WILEY,Wiley,是,SCIE,混合为主,"订阅路线通常无APC；OnlineOpen常见 USD 3,200-4,700",中,https://authorservices.wiley.com/author-resources/Journal-Authors/open-access/article-publication-charges.html,https://www.google.com/search?q=AUSTRALIAN+DENTAL+JOURNAL+aims+scope+instructions+for+authors+APC
1354,2-Q1且IF小于10,0,Substance Abuse and Rehabilitation,SUBST ABUSE REHABIL,1179-8467,1179-8467,3.2,5.7,Q1,15/61,Q1,Q1,1.06,76.2,20.0,864.0,SUBSTANCE ABUSE,SUBSTANCE ABUSE(JIF Q1/JCI Q1),DOVE MEDICAL PRESS LTD,其他,否,ESCI,需核实,请查期刊官网 Author / Open Access 页面,未知,,https://www.google.com/search?q=Substance+Abuse+and+Rehabilitation+aims+scope+instructions+for+authors+APC
1355,2-Q1且IF小于10,0,Laparoscopic Endoscopic and Robotic Surgery,LAPAROSC ENDOSC ROB,2542-3614,2468-9009,3.0,,Q1,62/321,Q1,Q1,1.23,80.8,20.0,277.0,SURGERY,SURGERY(JIF Q1/JCI Q1),KEAI PUBLISHING LTD,其他,否,ESCI,需核实,请查期刊官网 Author / Open Access 页面,未知,,https://www.google.com/search?q=Laparoscopic+Endoscopic+and+Robotic+Surgery+aims+scope+instructions+for+authors+APC
1356,2-Q1且IF小于10,0,BioMedicine-Taiwan,BIOMEDICINE-TAIWAN,2211-8020,2211-8039,3.0,2.7,Q1,73/336,Q2,Q2,0.54,78.4,20.0,996.0,"MEDICINE, GENERAL & INTERNAL","MEDICINE, GENERAL & INTERNAL(JIF Q1/JCI Q2)",DIGITAL COMMONS BEPRESS,其他,否,ESCI,需核实,请查期刊官网 Author / Open Access 页面,未知,,https://www.google.com/search?q=BioMedicine-Taiwan+aims+scope+instructions+for+authors+APC
1357,2-Q1且IF小于10,0,Pragmatic and Observational Research,PRAGMAT OBS RES,1179-7266,1179-7266,2.9,2.7,Q1,75/336,Q2,Q2,0.68,77.8,20.0,297.0,"MEDICINE, GENERAL & INTERNAL","MEDICINE, GENERAL & INTERNAL(JIF Q1/JCI Q2)",DOVE MEDICAL PRESS LTD,其他,否,ESCI,需核实,请查期刊官网 Author / Open Access 页面,未知,,https://www.google.com/search?q=Pragmatic+and+Observational+Research+aims+scope+instructions+for+authors+APC
1358,2-Q1且IF小于10,0,SEMINARS IN DIAGNOSTIC PATHOLOGY,SEMIN DIAGN PATHOL,0740-2570,1930-1111,3.8,3.6,Q1,18/89,Q2,Q2,1.0,80.3,19.0,2027.0,MEDICAL LABORATORY TECHNOLOGY; PATHOLOGY,MEDICAL LABORATORY TECHNOLOGY(JIF Q2/JCI Q2) | PATHOLOGY(JIF Q1/JCI Q2),W B SAUNDERS CO-ELSEVIER INC,Elsevier,是,SCIE,混合为主,"订阅路线通常无APC；Gold OA常见 USD 2,200-4,200",中,https://www.elsevier.com/open-access/agreements,https://www.google.com/search?q=SEMINARS+IN+DIAGNOSTIC+PATHOLOGY+aims+scope+instructions+for+authors+APC
1359,2-Q1且IF小于10,0,BEHAVIORAL AND BRAIN SCIENCES,BEHAV BRAIN SCI,0140-525X,1469-1825,8.2,15.6,Q1,1/17,Q1,Q1,2.25,92.9,18.0,13204.0,NEUROSCIENCES,NEUROSCIENCES(JIF Q1/JCI Q1),CAMBRIDGE UNIV PRESS,Cambridge UP,是,SCIE; SSCI,混合为主,订阅路线通常无APC；Gold OA因刊而异,中,https://www.cambridge.org/core/open-research/open-access,https://www.google.com/search?q=BEHAVIORAL+AND+BRAIN+SCIENCES+aims+scope+instructions+for+authors+APC
1360,2-Q1且IF小于10,0,Inflammation and Regeneration,INFLAMM REGEN,,1880-8190,7.7,7.7,Q1,24/183,Q1,Q1,1.08,87.2,18.0,2529.0,"IMMUNOLOGY; MEDICINE, RESEARCH & EXPERIMENTAL","IMMUNOLOGY(JIF Q1/JCI Q1) | MEDICINE, RESEARCH & EXPERIMENTAL(JIF Q1/JCI Q1)",BMC,BMC,是,SCIE,全OA,"约 USD 1,990-2,890（旗舰刊更高）",高,https://www.biomedcentral.com/getpublished/article-processing-charges,https://www.google.com/search?q=Inflammation+and+Regeneration+aims+scope+instructions+for+authors+APC
1361,2-Q1且IF小于10,0,Current Molecular Pharmacology,CURR MOL PHARMACOL,1874-4672,1874-4702,7.2,5.0,Q1,32/356,Q1,Q1,0.97,91.2,18.0,2562.0,BIOCHEMISTRY & MOLECULAR BIOLOGY; PHARMACOLOGY & PHARMACY,BIOCHEMISTRY & MOLECULAR BIOLOGY(JIF Q1/JCI Q1) | PHARMACOLOGY & PHARMACY(JIF Q1/JCI Q1),KEAI PUBLISHING LTD,其他,是,SCIE,需核实,请查期刊官网 Author / Open Access 页面,未知,,https://www.google.com/search?q=Current+Molecular+Pharmacology+aims+scope+instructions+for+authors+APC
1362,2-Q1且IF小于10,0,JOURNAL OF PHARMACY AND PHARMACEUTICAL SCIENCES,J PHARM PHARM SCI,,1482-1826,5.5,3.7,Q1,56/356,Q1,Q1,1.06,84.4,18.0,2384.0,PHARMACOLOGY & PHARMACY,PHARMACOLOGY & PHARMACY(JIF Q1/JCI Q1),FRONTIERS MEDIA SA,Frontiers,是,SCIE,全OA,"约 CHF 1,495-3,150（Frontiers in Medicine A类=CHF 3,150）",高,https://www.frontiersin.org/about/fee-policy,https://www.google.com/search?q=JOURNAL+OF+PHARMACY+AND+PHARMACEUTICAL+SCIENCES+aims+scope+instructions+for+authors+APC
1363,2-Q1且IF小于10,0,Synthetic Biology,SYN BIOL,,2397-7000,4.7,4.0,Q1,18/106,Q2,Q2,0.58,83.5,18.0,578.0,BIOLOGY; BIOTECHNOLOGY & APPLIED MICROBIOLOGY,BIOLOGY(JIF Q1/JCI Q2) | BIOTECHNOLOGY & APPLIED MICROBIOLOGY(JIF Q2/JCI Q3),OXFORD UNIV PRESS,Oxford UP,是,SCIE,混合为主,订阅路线通常无APC；可选OA，费用因刊而异,中,https://academic.oup.com/pages/open-research/open-access,https://www.google.com/search?q=Synthetic+Biology+aims+scope+instructions+for+authors+APC
1364,2-Q1且IF小于10,0,Public Health Ethics,PUBLIC HEALTH ETH-UK,1754-9973,1754-9981,4.3,2.4,Q1,7/78,Q2,Q2,0.93,85.2,18.0,614.0,"MEDICAL ETHICS; PUBLIC, ENVIRONMENTAL & OCCUPATIONAL HEALTH","MEDICAL ETHICS(JIF Q1/JCI Q2) | PUBLIC, ENVIRONMENTAL & OCCUPATIONAL HEALTH(JIF Q1/JCI Q2)",OXFORD UNIV PRESS,Oxford UP,是,"SSCI; SCIE; SCIE, SSCI",混合为主,订阅路线通常无APC；可选OA，费用因刊而异,中,https://academic.oup.com/pages/open-research/open-access,https://www.google.com/search?q=Public+Health+Ethics+aims+scope+instructions+for+authors+APC
1365,2-Q1且IF小于10,0,Psychological Injury & Law,PSYCHOL INJ LAW,1938-971X,1938-9728,3.1,3.0,Q1,43/184,Q2,Q2,0.98,76.9,18.0,787.0,"PSYCHOLOGY, CLINICAL","PSYCHOLOGY, CLINICAL(JIF Q1/JCI Q2)",SPRINGER,Springer,否,ESCI,混合为主,"订阅路线通常无APC；选OA约 USD 2,790-4,290",中,https://www.springer.com/gp/open-access,https://www.google.com/search?q=Psychological+Injury+&+Law+aims+scope+instructions+for+authors+APC
1366,2-Q1且IF小于10,0,Journal of Enabling Technologies,J ENABLING TECHNOL,2398-6263,2398-6263,2.5,2.0,Q1,36/175,Q2,Q2,0.81,79.7,18.0,253.0,REHABILITATION,REHABILITATION(JIF Q1/JCI Q2),EMERALD GROUP PUBLISHING LTD,其他,否,ESCI,需核实,请查期刊官网 Author / Open Access 页面,未知,,https://www.google.com/search?q=Journal+of+Enabling+Technologies+aims+scope+instructions+for+authors+APC
1367,2-Q1且IF小于10,0,Psychoradiology,PSYCHORADIOLOGY,,2634-4416,7.4,6.6,Q1,1/18,Q1,Q1,1.04,97.2,17.0,582.0,"NEUROIMAGING; PSYCHIATRY; RADIOLOGY, NUCLEAR MEDICINE & MEDICAL IMAGING","NEUROIMAGING(JIF Q1/JCI Q2) | PSYCHIATRY(JIF Q1/JCI Q1) | RADIOLOGY, NUCLEAR MEDICINE & MEDICAL IMAGING(JIF Q1/JCI Q1)",OXFORD UNIV PRESS,Oxford UP,否,ESCI,混合为主,订阅路线通常无APC；可选OA，费用因刊而异,中,https://academic.oup.com/pages/open-research/open-access,https://www.google.com/search?q=Psychoradiology+aims+scope+instructions+for+authors+APC
1368,2-Q1且IF小于10,0,MUTATION RESEARCH-REVIEWS IN MUTATION RESEARCH,MUTAT RES-REV MUTAT,1383-5742,1388-2139,6.5,8.0,Q1,10/106,Q1,Q1,1.09,91.0,17.0,3773.0,BIOTECHNOLOGY & APPLIED MICROBIOLOGY; GENETICS & HEREDITY; TOXICOLOGY,BIOTECHNOLOGY & APPLIED MICROBIOLOGY(JIF Q1/JCI Q1) | GENETICS & HEREDITY(JIF Q1/JCI Q1) | TOXICOLOGY(JIF Q1/JCI Q1),ELSEVIER,Elsevier,是,SCIE,混合为主,"订阅路线通常无APC；Gold OA常见 USD 2,200-4,200",中,https://www.elsevier.com/open-access/agreements,https://www.google.com/search?q=MUTATION+RESEARCH-REVIEWS+IN+MUTATION+RESEARCH+aims+scope+instructions+for+authors+APC
1369,2-Q1且IF小于10,0,Precision Clinical Medicine,PRECIS CLIN MED,2096-5303,2516-1571,6.4,5.5,Q1,39/191,Q2,Q2,1.01,79.8,17.0,920.0,"MEDICINE, RESEARCH & EXPERIMENTAL","MEDICINE, RESEARCH & EXPERIMENTAL(JIF Q1/JCI Q2)",OXFORD UNIV PRESS,Oxford UP,否,ESCI,混合为主,订阅路线通常无APC；可选OA，费用因刊而异,中,https://academic.oup.com/pages/open-research/open-access,https://www.google.com/search?q=Precision+Clinical+Medicine+aims+scope+instructions+for+authors+APC
1370,2-Q1且IF小于10,0,Expert Opinion on Drug Delivery,EXPERT OPIN DRUG DEL,1742-5247,1744-7593,6.0,6.8,Q1,46/356,Q2,Q2,0.86,87.2,17.0,10389.0,PHARMACOLOGY & PHARMACY,PHARMACOLOGY & PHARMACY(JIF Q1/JCI Q2),TAYLOR & FRANCIS LTD,Taylor & Francis,是,SCIE,混合为主,"订阅路线通常无APC；Open Select常见 USD 2,500-3,500",中,https://authorservices.taylorandfrancis.com/publishing-open-access/,https://www.google.com/search?q=Expert+Opinion+on+Drug+Delivery+aims+scope+instructions+for+authors+APC
1371,2-Q1且IF小于10,0,Drug Healthcare and Patient Safety,DRUG HEALTHC PATIENT,1179-1365,1179-1365,4.3,3.5,Q1,38/194,Q2,Q2,0.94,80.7,17.0,621.0,HEALTH CARE SCIENCES & SERVICES,HEALTH CARE SCIENCES & SERVICES(JIF Q1/JCI Q2),DOVE MEDICAL PRESS LTD,其他,否,ESCI,需核实,请查期刊官网 Author / Open Access 页面,未知,,https://www.google.com/search?q=Drug+Healthcare+and+Patient+Safety+aims+scope+instructions+for+authors+APC
1372,2-Q1且IF小于10,0,Expert Review of Neurotherapeutics,EXPERT REV NEUROTHER,1473-7175,1744-8360,4.3,4.3,Q1,57/296,Q2,Q2,0.68,80.9,17.0,6194.0,CLINICAL NEUROLOGY; PHARMACOLOGY & PHARMACY,CLINICAL NEUROLOGY(JIF Q1/JCI Q3) | PHARMACOLOGY & PHARMACY(JIF Q2/JCI Q2),TAYLOR & FRANCIS LTD,Taylor & Francis,是,SCIE,混合为主,"订阅路线通常无APC；Open Select常见 USD 2,500-3,500",中,https://authorservices.taylorandfrancis.com/publishing-open-access/,https://www.google.com/search?q=Expert+Review+of+Neurotherapeutics+aims+scope+instructions+for+authors+APC
1373,2-Q1且IF小于10,0,Molecular and Cellular Pediatrics,MOL CELL PEDIATR,,2194-7791,4.1,,Q1,12/190,Q1,Q1,1.23,93.9,17.0,525.0,PEDIATRICS,PEDIATRICS(JIF Q1/JCI Q1),SPRINGERNATURE,Springer Nature,否,ESCI,混合/全OA,"全OA约 USD 2,090-3,490；Nature系更高；Scientific Reports已拉黑",中高,https://www.springernature.com/gp/open-research/journals-books/journals,https://www.google.com/search?q=Molecular+and+Cellular+Pediatrics+aims+scope+instructions+for+authors+APC
1374,2-Q1且IF小于10,0,Diagnostic and Prognostic Research,DIAGN PROGN RES,,2397-7523,3.9,,Q1,59/336,Q1,Q1,1.16,82.6,17.0,961.0,"MEDICINE, GENERAL & INTERNAL","MEDICINE, GENERAL & INTERNAL(JIF Q1/JCI Q1)",SPRINGERNATURE,Springer Nature,否,ESCI,混合/全OA,"全OA约 USD 2,090-3,490；Nature系更高；Scientific Reports已拉黑",中高,https://www.springernature.com/gp/open-research/journals-books/journals,https://www.google.com/search?q=Diagnostic+and+Prognostic+Research+aims+scope+instructions+for+authors+APC
1375,2-Q1且IF小于10,0,Molecular Oral Microbiology,MOL ORAL MICROBIOL,2041-1006,2041-1014,3.4,3.8,Q1,36/165,Q2,Q2,0.84,78.5,17.0,1706.0,"DENTISTRY, ORAL SURGERY & MEDICINE; MICROBIOLOGY","DENTISTRY, ORAL SURGERY & MEDICINE(JIF Q1/JCI Q2) | MICROBIOLOGY(JIF Q3/JCI Q2)",WILEY,Wiley,是,SCIE,混合为主,"订阅路线通常无APC；OnlineOpen常见 USD 3,200-4,700",中,https://authorservices.wiley.com/author-resources/Journal-Authors/open-access/article-publication-charges.html,https://www.google.com/search?q=Molecular+Oral+Microbiology+aims+scope+instructions+for+authors+APC
1376,2-Q1且IF小于10,0,Science in One Health,SCI ONE HEALTH,,2949-7043,9.3,8.2,Q1,15/443,Q1,Q1,1.54,96.7,16.0,578.0,"INFECTIOUS DISEASES; PUBLIC, ENVIRONMENTAL & OCCUPATIONAL HEALTH","INFECTIOUS DISEASES(JIF Q1/JCI Q1) | PUBLIC, ENVIRONMENTAL & OCCUPATIONAL HEALTH(JIF Q1/JCI Q1)",ELSEVIER,Elsevier,否,ESCI,混合为主,"订阅路线通常无APC；Gold OA常见 USD 2,200-4,200",中,https://www.elsevier.com/open-access/agreements,https://www.google.com/search?q=Science+in+One+Health+aims+scope+instructions+for+authors+APC
1377,2-Q1且IF小于10,0,Integrative Medicine in Nephrology and Andrology,INTEGR MED NEPHROL A,2773-0395,2773-0387,7.4,,Q1,11/134,Q1,Q1,0.94,92.2,16.0,440.0,INTEGRATIVE & COMPLEMENTARY MEDICINE; UROLOGY & NEPHROLOGY,INTEGRATIVE & COMPLEMENTARY MEDICINE(JIF Q1/JCI Q1) | UROLOGY & NEPHROLOGY(JIF Q1/JCI Q2),LIPPINCOTT WILLIAMS & WILKINS,Wolters Kluwer/LWW,否,ESCI,混合为主,"订阅路线通常无APC；OA常见 USD 2,000-4,000；MEDICINE已拉黑",中,https://wkauthorservices.editage.com/open-access/,https://www.google.com/search?q=Integrative+Medicine+in+Nephrology+and+Andrology+aims+scope+instructions+for+authors+APC
1378,2-Q1且IF小于10,0,DM DISEASE-A-MONTH,DM-DIS MON,0011-5029,1557-8194,5.7,6.1,Q1,35/336,Q1,Q1,1.29,89.7,16.0,1757.0,"MEDICINE, GENERAL & INTERNAL","MEDICINE, GENERAL & INTERNAL(JIF Q1/JCI Q1)",MOSBY-ELSEVIER,Elsevier,是,SCIE,混合为主,"订阅路线通常无APC；Gold OA常见 USD 2,200-4,200",中,https://www.elsevier.com/open-access/agreements,https://www.google.com/search?q=DM+DISEASE-A-MONTH+aims+scope+instructions+for+authors+APC
1379,2-Q1且IF小于10,0,Neurodegenerative Diseases,NEURODEGENER DIS,1660-2854,1660-2862,4.0,3.2,Q1,68/296,Q3,Q3,0.58,77.2,16.0,1459.0,CLINICAL NEUROLOGY; NEUROSCIENCES,CLINICAL NEUROLOGY(JIF Q1/JCI Q3) | NEUROSCIENCES(JIF Q2/JCI Q3),KARGER,Karger,是,SCIE,混合/OA,"因刊而异，常见 USD 2,500-3,800",中,https://karger.com/pages/Open-Access,https://www.google.com/search?q=Neurodegenerative+Diseases+aims+scope+instructions+for+authors+APC
1380,2-Q1且IF小于10,0,Artificial Intelligence Surgery,ARTIF INTELL SURG,,2771-0408,3.9,4.3,Q1,34/321,Q1,Q1,1.1,89.6,16.0,301.0,SURGERY,SURGERY(JIF Q1/JCI Q1),OAE PUBLISHING INC,其他,否,ESCI,需核实,请查期刊官网 Author / Open Access 页面,未知,,https://www.google.com/search?q=Artificial+Intelligence+Surgery+aims+scope+instructions+for+authors+APC
1381,2-Q1且IF小于10,0,Life Medicine,LIFE MED,,2755-1733,7.7,7.5,Q1,29/191,Q2,Q2,0.77,85.1,15.0,586.0,"MEDICINE, RESEARCH & EXPERIMENTAL","MEDICINE, RESEARCH & EXPERIMENTAL(JIF Q1/JCI Q2)",OXFORD UNIV PRESS,Oxford UP,否,ESCI,混合为主,订阅路线通常无APC；可选OA，费用因刊而异,中,https://academic.oup.com/pages/open-research/open-access,https://www.google.com/search?q=Life+Medicine+aims+scope+instructions+for+authors+APC
1382,2-Q1且IF小于10,0,Cell Insight,CELL INSIGHT,,2772-8927,6.4,6.3,Q1,57/328,Q2,Q2,0.64,82.8,15.0,649.0,BIOCHEMISTRY & MOLECULAR BIOLOGY; CELL BIOLOGY,BIOCHEMISTRY & MOLECULAR BIOLOGY(JIF Q1/JCI Q2) | CELL BIOLOGY(JIF Q2/JCI Q3),ELSEVIER,Elsevier,否,ESCI,混合为主,"订阅路线通常无APC；Gold OA常见 USD 2,200-4,200",中,https://www.elsevier.com/open-access/agreements,https://www.google.com/search?q=Cell+Insight+aims+scope+instructions+for+authors+APC
1383,2-Q1且IF小于10,0,in silico Plants,IN SILICO PLANTS,,2517-5025,3.3,3.4,Q1,27/133,Q2,Q1,0.74,76.9,15.0,419.0,MATHEMATICAL & COMPUTATIONAL BIOLOGY,MATHEMATICAL & COMPUTATIONAL BIOLOGY(JIF Q1/JCI Q2),OXFORD UNIV PRESS,Oxford UP,否,ESCI,混合为主,订阅路线通常无APC；可选OA，费用因刊而异,中,https://academic.oup.com/pages/open-research/open-access,https://www.google.com/search?q=in+silico+Plants+aims+scope+instructions+for+authors+APC
1384,2-Q1且IF小于10,0,MedComm-Oncology,MEDCOMM-ONCOL,2769-6448,2769-6448,8.5,8.1,Q1,40/333,Q2,Q2,0.89,88.1,14.0,571.0,ONCOLOGY,ONCOLOGY(JIF Q1/JCI Q2),WILEY,Wiley,否,ESCI,混合为主,"订阅路线通常无APC；OnlineOpen常见 USD 3,200-4,700",中,https://authorservices.wiley.com/author-resources/Journal-Authors/open-access/article-publication-charges.html,https://www.google.com/search?q=MedComm-Oncology+aims+scope+instructions+for+authors+APC
1385,2-Q1且IF小于10,0,BrainX,BRAIN-X,2835-3153,2835-3153,6.4,6.4,Q1,48/330,Q3,Q2,0.68,85.6,14.0,303.0,NEUROSCIENCES,NEUROSCIENCES(JIF Q1/JCI Q3),WILEY,Wiley,否,ESCI,混合为主,"订阅路线通常无APC；OnlineOpen常见 USD 3,200-4,700",中,https://authorservices.wiley.com/author-resources/Journal-Authors/open-access/article-publication-charges.html,https://www.google.com/search?q=BrainX+aims+scope+instructions+for+authors+APC
1386,2-Q1且IF小于10,0,Current Opinion in Virology,CURR OPIN VIROL,1879-6257,1879-6265,5.5,5.8,Q1,3/44,Q1,Q1,1.35,94.3,14.0,5183.0,VIROLOGY,VIROLOGY(JIF Q1/JCI Q1),ELSEVIER SCI LTD,Elsevier,是,SCIE,混合为主,"订阅路线通常无APC；Gold OA常见 USD 2,200-4,200",中,https://www.elsevier.com/open-access/agreements,https://www.google.com/search?q=Current+Opinion+in+Virology+aims+scope+instructions+for+authors+APC
1387,2-Q1且IF小于10,0,Dialogues in Clinical Neuroscience,DIALOGUES CLIN NEURO,1294-8322,1958-5969,5.1,16.6,Q1,66/330,Q2,Q2,0.94,80.2,14.0,6839.0,NEUROSCIENCES,NEUROSCIENCES(JIF Q1/JCI Q2),TAYLOR & FRANCIS LTD,Taylor & Francis,是,SCIE,混合为主,"订阅路线通常无APC；Open Select常见 USD 2,500-3,500",中,https://authorservices.taylorandfrancis.com/publishing-open-access/,https://www.google.com/search?q=Dialogues+in+Clinical+Neuroscience+aims+scope+instructions+for+authors+APC
1388,2-Q1且IF小于10,0,Current Opinion in Systems Biology,CURR OPIN SYST BIOL,2452-3100,2452-3100,4.0,4.4,Q1,11/67,Q2,Q2,0.74,84.3,14.0,1298.0,BIOCHEMISTRY & MOLECULAR BIOLOGY; MATHEMATICAL & COMPUTATIONAL BIOLOGY,BIOCHEMISTRY & MOLECULAR BIOLOGY(JIF Q2/JCI Q2) | MATHEMATICAL & COMPUTATIONAL BIOLOGY(JIF Q1/JCI Q2),ELSEVIER,Elsevier,否,ESCI,混合为主,"订阅路线通常无APC；Gold OA常见 USD 2,200-4,200",中,https://www.elsevier.com/open-access/agreements,https://www.google.com/search?q=Current+Opinion+in+Systems+Biology+aims+scope+instructions+for+authors+APC
1389,2-Q1且IF小于10,0,Paediatric Respiratory Reviews,PAEDIATR RESPIR REV,1526-0542,1526-0550,3.4,4.2,Q1,23/190,Q1,Q1,1.26,88.2,14.0,2473.0,PEDIATRICS; RESPIRATORY SYSTEM,PEDIATRICS(JIF Q1/JCI Q1) | RESPIRATORY SYSTEM(JIF Q2/JCI Q1),ELSEVIER SCI LTD,Elsevier,是,SCIE,混合为主,"订阅路线通常无APC；Gold OA常见 USD 2,200-4,200",中,https://www.elsevier.com/open-access/agreements,https://www.google.com/search?q=Paediatric+Respiratory+Reviews+aims+scope+instructions+for+authors+APC
1390,2-Q1且IF小于10,0,Bioelectronic Medicine,BIOELECTRON MED-US,,2332-8886,6.8,,Q1,42/330,Q1,Q1,1.06,87.4,13.0,703.0,"ENGINEERING, BIOMEDICAL; NEUROSCIENCES","ENGINEERING, BIOMEDICAL(JIF Q1/JCI Q1) | NEUROSCIENCES(JIF Q1/JCI Q1)",SPRINGERNATURE,Springer Nature,否,ESCI,混合/全OA,"全OA约 USD 2,090-3,490；Nature系更高；Scientific Reports已拉黑",中高,https://www.springernature.com/gp/open-research/journals-books/journals,https://www.google.com/search?q=Bioelectronic+Medicine+aims+scope+instructions+for+authors+APC
1391,2-Q1且IF小于10,0,Frontiers in Drug Discovery,FRONT DRUG DISCOV,,2674-0338,5.8,4.5,Q1,50/356,Q3,Q3,0.54,86.1,12.0,529.0,PHARMACOLOGY & PHARMACY,PHARMACOLOGY & PHARMACY(JIF Q1/JCI Q3),FRONTIERS MEDIA SA,Frontiers,否,ESCI,全OA,"约 CHF 1,495-3,150（Frontiers in Medicine A类=CHF 3,150）",高,https://www.frontiersin.org/about/fee-policy,https://www.google.com/search?q=Frontiers+in+Drug+Discovery+aims+scope+instructions+for+authors+APC
1392,2-Q1且IF小于10,0,HEART FAILURE REVIEWS,HEART FAIL REV,1382-4147,1573-7322,5.3,5.3,Q1,50/237,Q2,Q2,0.97,79.1,12.0,5988.0,CARDIAC & CARDIOVASCULAR SYSTEMS,CARDIAC & CARDIOVASCULAR SYSTEMS(JIF Q1/JCI Q2),SPRINGER,Springer,是,SCIE,混合为主,"订阅路线通常无APC；选OA约 USD 2,790-4,290",中,https://www.springer.com/gp/open-access,https://www.google.com/search?q=HEART+FAILURE+REVIEWS+aims+scope+instructions+for+authors+APC
1393,2-Q1且IF小于10,0,European Cardiology Review,EUR CARDIOL REV,1758-3756,1758-3756,4.6,3.8,Q1,56/237,Q2,Q2,0.67,76.6,12.0,1277.0,CARDIAC & CARDIOVASCULAR SYSTEMS,CARDIAC & CARDIOVASCULAR SYSTEMS(JIF Q1/JCI Q2),RADCLIFFE CARDIOLOGY,其他,否,ESCI,需核实,请查期刊官网 Author / Open Access 页面,未知,,https://www.google.com/search?q=European+Cardiology+Review+aims+scope+instructions+for+authors+APC
1394,2-Q1且IF小于10,0,Journal of Biosafety and Biosecurity,J BIOSAF BIOSECUR,2097-2105,2588-9338,3.5,,Q1,96/443,Q1,Q1,1.28,78.4,12.0,375.0,"PUBLIC, ENVIRONMENTAL & OCCUPATIONAL HEALTH","PUBLIC, ENVIRONMENTAL & OCCUPATIONAL HEALTH(JIF Q1/JCI Q1)",KEAI PUBLISHING LTD,其他,否,ESCI,需核实,请查期刊官网 Author / Open Access 页面,未知,,https://www.google.com/search?q=Journal+of+Biosafety+and+Biosecurity+aims+scope+instructions+for+authors+APC
1395,2-Q1且IF小于10,0,Avicenna,AVICENNA,2220-2749,2220-2749,3.1,1.9,Q1,31/125,Q3,Q3,0.65,75.6,12.0,104.0,HEALTH POLICY & SERVICES,HEALTH POLICY & SERVICES(JIF Q1/JCI Q3),HAMAD BIN KHALIFA UNIV PRESS,其他,否,ESCI,需核实,请查期刊官网 Author / Open Access 页面,未知,,https://www.google.com/search?q=Avicenna+aims+scope+instructions+for+authors+APC
1396,2-Q1且IF小于10,0,EPIDEMIOLOGIC REVIEWS,EPIDEMIOL REV,0193-936X,1478-6729,9.6,9.3,Q1,13/443,Q1,Q1,1.34,97.2,11.0,3177.0,"PUBLIC, ENVIRONMENTAL & OCCUPATIONAL HEALTH","PUBLIC, ENVIRONMENTAL & OCCUPATIONAL HEALTH(JIF Q1/JCI Q1)",OXFORD UNIV PRESS INC,Oxford UP,是,SCIE,混合为主,订阅路线通常无APC；可选OA，费用因刊而异,中,https://academic.oup.com/pages/open-research/open-access,https://www.google.com/search?q=EPIDEMIOLOGIC+REVIEWS+aims+scope+instructions+for+authors+APC
1397,2-Q1且IF小于10,0,Chinese Medical Journal Pulmonary and Critical Care Medicine,CHIN MED J PULM CRIT,2097-1982,2772-5588,7.9,8.0,Q1,9/107,Q1,Q1,1.33,92.1,11.0,516.0,CRITICAL CARE MEDICINE; RESPIRATORY SYSTEM,CRITICAL CARE MEDICINE(JIF Q1/JCI Q1) | RESPIRATORY SYSTEM(JIF Q1/JCI Q1),ELSEVIER,Elsevier,否,ESCI,混合为主,"订阅路线通常无APC；Gold OA常见 USD 2,200-4,200",中,https://www.elsevier.com/open-access/agreements,https://www.google.com/search?q=Chinese+Medical+Journal+Pulmonary+and+Critical+Care+Medicine+aims+scope+instructions+for+authors+APC
1398,2-Q1且IF小于10,0,Organogenesis,ORGANOGENESIS,1547-6278,1555-8592,6.3,3.9,Q1,5/39,Q2,Q2,0.68,81.9,11.0,1061.0,"BIOCHEMISTRY & MOLECULAR BIOLOGY; ENGINEERING, BIOMEDICAL","BIOCHEMISTRY & MOLECULAR BIOLOGY(JIF Q1/JCI Q2) | ENGINEERING, BIOMEDICAL(JIF Q1/JCI Q2)",TAYLOR & FRANCIS INC,Taylor & Francis,是,SCIE,混合为主,"订阅路线通常无APC；Open Select常见 USD 2,500-3,500",中,https://authorservices.taylorandfrancis.com/publishing-open-access/,https://www.google.com/search?q=Organogenesis+aims+scope+instructions+for+authors+APC
1399,2-Q1且IF小于10,0,JOURNAL OF THE ROYAL SOCIETY OF MEDICINE,J ROY SOC MED,0141-0768,1758-1095,5.9,10.7,Q1,33/336,Q1,Q1,1.47,90.3,11.0,5242.0,"MEDICINE, GENERAL & INTERNAL","MEDICINE, GENERAL & INTERNAL(JIF Q1/JCI Q1)",SAGE PUBLICATIONS LTD,SAGE,是,SCIE,混合为主,"订阅路线通常无APC；SAGE Choice常见 USD 2,000-4,000",中,https://us.sagepub.com/en-us/nam/sage-choice,https://www.google.com/search?q=JOURNAL+OF+THE+ROYAL+SOCIETY+OF+MEDICINE+aims+scope+instructions+for+authors+APC
1400,2-Q1且IF小于10,0,PUBLIC HEALTH REVIEWS,PUBLIC HEALTH REV,,2107-6952,5.2,7.1,Q1,46/443,Q2,Q2,0.8,89.7,11.0,2091.0,"PUBLIC, ENVIRONMENTAL & OCCUPATIONAL HEALTH","PUBLIC, ENVIRONMENTAL & OCCUPATIONAL HEALTH(JIF Q1/JCI Q2)",FRONTIERS MEDIA SA,Frontiers,否,ESCI,全OA,"约 CHF 1,495-3,150（Frontiers in Medicine A类=CHF 3,150）",高,https://www.frontiersin.org/about/fee-policy,https://www.google.com/search?q=PUBLIC+HEALTH+REVIEWS+aims+scope+instructions+for+authors+APC
1401,2-Q1且IF小于10,0,Retrovirology,RETROVIROLOGY,,1742-4690,4.1,3.7,Q1,8/44,Q2,Q2,0.85,83.0,11.0,2744.0,VIROLOGY,VIROLOGY(JIF Q1/JCI Q2),BMC,BMC,是,SCIE,全OA,"约 USD 1,990-2,890（旗舰刊更高）",高,https://www.biomedcentral.com/getpublished/article-processing-charges,https://www.google.com/search?q=Retrovirology+aims+scope+instructions+for+authors+APC
1402,2-Q1且IF小于10,0,Japanese Dental Science Review,JPN DENT SCI REV,1882-7616,2213-6851,8.1,8.8,Q1,4/165,Q1,Q1,2.1,97.9,10.0,1969.0,"DENTISTRY, ORAL SURGERY & MEDICINE","DENTISTRY, ORAL SURGERY & MEDICINE(JIF Q1/JCI Q1)",ELSEVIER SCI LTD,Elsevier,是,SCIE,混合为主,"订阅路线通常无APC；Gold OA常见 USD 2,200-4,200",中,https://www.elsevier.com/open-access/agreements,https://www.google.com/search?q=Japanese+Dental+Science+Review+aims+scope+instructions+for+authors+APC
1403,2-Q1且IF小于10,0,EXPERT OPINION ON THERAPEUTIC TARGETS,EXPERT OPIN THER TAR,1472-8222,1744-7631,5.1,5.5,Q1,65/356,Q2,Q2,0.77,81.9,10.0,6301.0,PHARMACOLOGY & PHARMACY,PHARMACOLOGY & PHARMACY(JIF Q1/JCI Q2),TAYLOR & FRANCIS LTD,Taylor & Francis,是,SCIE,混合为主,"订阅路线通常无APC；Open Select常见 USD 2,500-3,500",中,https://authorservices.taylorandfrancis.com/publishing-open-access/,https://www.google.com/search?q=EXPERT+OPINION+ON+THERAPEUTIC+TARGETS+aims+scope+instructions+for+authors+APC
1404,2-Q1且IF小于10,0,CLINICAL PSYCHOLOGY-SCIENCE AND PRACTICE,CLIN PSYCHOL-SCI PR,0969-5893,1468-2850,7.8,8.6,Q1,7/184,Q1,Q1,1.63,96.5,9.0,5370.0,"PSYCHOLOGY, CLINICAL","PSYCHOLOGY, CLINICAL(JIF Q1/JCI Q1)",EDUCATIONAL PUBLISHING FOUNDATION-AMERICAN PSYCHOLOGICAL ASSOC,其他,否,SSCI,需核实,请查期刊官网 Author / Open Access 页面,未知,,https://www.google.com/search?q=CLINICAL+PSYCHOLOGY-SCIENCE+AND+PRACTICE+aims+scope+instructions+for+authors+APC
1405,2-Q1且IF小于10,0,Frontiers in Synaptic Neuroscience,FRONT SYNAPTIC NEURO,1663-3563,1663-3563,6.9,4.5,Q1,41/330,Q3,Q3,0.72,87.7,9.0,1817.0,NEUROSCIENCES,NEUROSCIENCES(JIF Q1/JCI Q3),FRONTIERS MEDIA SA,Frontiers,是,SCIE,全OA,"约 CHF 1,495-3,150（Frontiers in Medicine A类=CHF 3,150）",高,https://www.frontiersin.org/about/fee-policy,https://www.google.com/search?q=Frontiers+in+Synaptic+Neuroscience+aims+scope+instructions+for+authors+APC
1406,2-Q1且IF小于10,0,CLEVELAND CLINIC JOURNAL OF MEDICINE,CLEV CLIN J MED,0891-1150,1939-2869,5.2,5.2,Q1,41/336,Q1,Q1,0.74,87.9,9.0,2974.0,"MEDICINE, GENERAL & INTERNAL","MEDICINE, GENERAL & INTERNAL(JIF Q1/JCI Q1)",CLEVELAND CLINIC,其他,是,SCIE,需核实,请查期刊官网 Author / Open Access 页面,未知,,https://www.google.com/search?q=CLEVELAND+CLINIC+JOURNAL+OF+MEDICINE+aims+scope+instructions+for+authors+APC
1407,2-Q1且IF小于10,0,Allergologie select,ALLERGOL SEL,,2512-8957,5.1,,Q1,9/40,Q2,Q2,0.87,78.8,9.0,373.0,ALLERGY,ALLERGY(JIF Q1/JCI Q2),DUSTRI-VERLAG DR KARL FEISTLE,其他,否,ESCI,需核实,请查期刊官网 Author / Open Access 页面,未知,,https://www.google.com/search?q=Allergologie+select+aims+scope+instructions+for+authors+APC
1408,2-Q1且IF小于10,0,Emerging Topics in Life Sciences,EMERG TOP LIFE SCI,2397-8554,2397-8562,6.0,5.7,Q1,8/106,Q2,Q2,0.49,92.9,8.0,1763.0,BIOCHEMISTRY & MOLECULAR BIOLOGY; BIOLOGY,BIOCHEMISTRY & MOLECULAR BIOLOGY(JIF Q1/JCI Q3) | BIOLOGY(JIF Q1/JCI Q2),PORTLAND PRESS LTD,其他,否,ESCI,需核实,请查期刊官网 Author / Open Access 页面,未知,,https://www.google.com/search?q=Emerging+Topics+in+Life+Sciences+aims+scope+instructions+for+authors+APC
1409,2-Q1且IF小于10,0,Epigenetics Insights,EPIGENETICS INSIGHTS,2516-8657,2516-8657,4.8,3.1,Q1,37/192,Q2,Q2,0.71,81.0,8.0,202.0,GENETICS & HEREDITY,GENETICS & HEREDITY(JIF Q1/JCI Q2),Maximum Academic Press,Elsevier,否,ESCI,混合为主,"订阅路线通常无APC；Gold OA常见 USD 2,200-4,200",中,https://www.elsevier.com/open-access/agreements,https://www.google.com/search?q=Epigenetics+Insights+aims+scope+instructions+for+authors+APC
1410,2-Q1且IF小于10,0,Degenerative Neurological and Neuromuscular Disease,DEGENER NEUROL NEURO,,1179-9900,9.9,7.0,Q1,11/296,Q1,Q1,1.65,96.5,7.0,623.0,CLINICAL NEUROLOGY,CLINICAL NEUROLOGY(JIF Q1/JCI Q1),DOVE MEDICAL PRESS LTD,其他,否,ESCI,需核实,请查期刊官网 Author / Open Access 页面,未知,,https://www.google.com/search?q=Degenerative+Neurological+and+Neuromuscular+Disease+aims+scope+instructions+for+authors+APC
1411,2-Q1且IF小于10,0,BRITISH MEDICAL BULLETIN,BRIT MED BULL,0007-1420,1471-8391,7.5,12.6,Q1,27/336,Q1,Q1,1.41,92.1,7.0,6305.0,"MEDICINE, GENERAL & INTERNAL","MEDICINE, GENERAL & INTERNAL(JIF Q1/JCI Q1)",OXFORD UNIV PRESS,Oxford UP,是,SCIE,混合为主,订阅路线通常无APC；可选OA，费用因刊而异,中,https://academic.oup.com/pages/open-research/open-access,https://www.google.com/search?q=BRITISH+MEDICAL+BULLETIN+aims+scope+instructions+for+authors+APC
1412,2-Q1且IF小于10,0,Eye and Brain,EYE BRAIN,1179-2744,1179-2744,3.9,4.3,Q1,20/98,Q2,Q2,0.8,80.1,7.0,605.0,OPHTHALMOLOGY,OPHTHALMOLOGY(JIF Q1/JCI Q2),DOVE MEDICAL PRESS LTD,其他,否,ESCI,需核实,请查期刊官网 Author / Open Access 页面,未知,,https://www.google.com/search?q=Eye+and+Brain+aims+scope+instructions+for+authors+APC
1413,2-Q1且IF小于10,0,Alcohol Research-Current Reviews,ALCOHOL RES-CURR REV,1535-7414,1930-0573,8.4,16.4,Q1,1/61,Q1,Q1,2.7,99.2,6.0,2700.0,SUBSTANCE ABUSE,SUBSTANCE ABUSE(JIF Q1/JCI Q1),NATL INST ALCOHOL ABUSE ALCOHOLISM,其他,否,SSCI,需核实,请查期刊官网 Author / Open Access 页面,未知,,https://www.google.com/search?q=Alcohol+Research-Current+Reviews+aims+scope+instructions+for+authors+APC
1414,2-Q1且IF小于10,0,Obesity Reviews,OBES REV,1467-7881,1467-789X,7.6,10.7,Q1,19/198,Q1,Q1,0.99,90.7,6.0,20750.0,ENDOCRINOLOGY & METABOLISM,ENDOCRINOLOGY & METABOLISM(JIF Q1/JCI Q1),WILEY,Wiley,是,SCIE,混合为主,"订阅路线通常无APC；OnlineOpen常见 USD 3,200-4,700",中,https://authorservices.wiley.com/author-resources/Journal-Authors/open-access/article-publication-charges.html,https://www.google.com/search?q=Obesity+Reviews+aims+scope+instructions+for+authors+APC
1415,2-Q1且IF小于10,0,International Journal of Tryptophan Research,INT J TRYPTOPHAN RES,1178-6469,1178-6469,4.9,5.0,Q1,70/330,Q2,Q2,0.85,78.9,6.0,1064.0,NEUROSCIENCES,NEUROSCIENCES(JIF Q1/JCI Q2),SAGE PUBLICATIONS LTD,SAGE,否,ESCI,混合为主,"订阅路线通常无APC；SAGE Choice常见 USD 2,000-4,000",中,https://us.sagepub.com/en-us/nam/sage-choice,https://www.google.com/search?q=International+Journal+of+Tryptophan+Research+aims+scope+instructions+for+authors+APC
1416,2-Q1且IF小于10,0,EXPERT OPINION ON THERAPEUTIC PATENTS,EXPERT OPIN THER PAT,1354-3776,1744-7674,4.7,4.9,Q1,78/356,Q2,Q2,0.66,78.2,6.0,4041.0,"CHEMISTRY, MEDICINAL; PHARMACOLOGY & PHARMACY","CHEMISTRY, MEDICINAL(JIF Q2/JCI Q3) | PHARMACOLOGY & PHARMACY(JIF Q1/JCI Q2)",TAYLOR & FRANCIS LTD,Taylor & Francis,是,SCIE,混合为主,"订阅路线通常无APC；Open Select常见 USD 2,500-3,500",中,https://authorservices.taylorandfrancis.com/publishing-open-access/,https://www.google.com/search?q=EXPERT+OPINION+ON+THERAPEUTIC+PATENTS+aims+scope+instructions+for+authors+APC
1417,2-Q1且IF小于10,0,Therapeutic Advances in Pulmonary and Critical Care Medicine,THER ADV PULM CRIT C,,2976-8675,4.4,4.4,Q1,23/107,Q2,Q2,0.61,79.0,6.0,44.0,RESPIRATORY SYSTEM,RESPIRATORY SYSTEM(JIF Q1/JCI Q2),SAGE PUBLICATIONS LTD,SAGE,否,ESCI,混合为主,"订阅路线通常无APC；SAGE Choice常见 USD 2,000-4,000",中,https://us.sagepub.com/en-us/nam/sage-choice,https://www.google.com/search?q=Therapeutic+Advances+in+Pulmonary+and+Critical+Care+Medicine+aims+scope+instructions+for+authors+APC
1418,2-Q1且IF小于10,0,Progress in Biomedical Engineering,PROG BIOMED ENG,,2516-1091,8.5,8.8,Q1,17/130,Q2,Q2,0.71,87.3,5.0,906.0,"ENGINEERING, BIOMEDICAL","ENGINEERING, BIOMEDICAL(JIF Q1/JCI Q2)",IOP Publishing Ltd,其他,否,ESCI,需核实,请查期刊官网 Author / Open Access 页面,未知,,https://www.google.com/search?q=Progress+in+Biomedical+Engineering+aims+scope+instructions+for+authors+APC
1419,2-Q1且IF小于10,0,NEUROSCIENTIST,NEUROSCIENTIST,1073-8584,1089-4098,4.1,5.2,Q1,65/296,Q3,Q3,0.7,78.2,5.0,5962.0,CLINICAL NEUROLOGY; NEUROSCIENCES,CLINICAL NEUROLOGY(JIF Q1/JCI Q3) | NEUROSCIENCES(JIF Q2/JCI Q3),SAGE PUBLICATIONS INC,SAGE,是,SCIE,混合为主,"订阅路线通常无APC；SAGE Choice常见 USD 2,000-4,000",中,https://us.sagepub.com/en-us/nam/sage-choice,https://www.google.com/search?q=NEUROSCIENTIST+aims+scope+instructions+for+authors+APC
1420,2-Q1且IF小于10,0,SEMINARS IN ONCOLOGY,SEMIN ONCOL,0093-7754,1532-8708,6.8,4.4,Q1,57/333,Q3,Q3,0.51,83.0,4.0,4376.0,ONCOLOGY,ONCOLOGY(JIF Q1/JCI Q3),W B SAUNDERS CO-ELSEVIER INC,Elsevier,是,SCIE,混合为主,"订阅路线通常无APC；Gold OA常见 USD 2,200-4,200",中,https://www.elsevier.com/open-access/agreements,https://www.google.com/search?q=SEMINARS+IN+ONCOLOGY+aims+scope+instructions+for+authors+APC
1421,2-Q1且IF小于10,0,Journal of Cardiovascular Aging,J CARDIOVASC AGING,,2768-5993,4.4,4.6,Q1,57/237,Q2,Q2,0.67,76.2,4.0,318.0,CARDIAC & CARDIOVASCULAR SYSTEMS,CARDIAC & CARDIOVASCULAR SYSTEMS(JIF Q1/JCI Q2),OAE PUBLISHING INC,其他,否,ESCI,需核实,请查期刊官网 Author / Open Access 页面,未知,,https://www.google.com/search?q=Journal+of+Cardiovascular+Aging+aims+scope+instructions+for+authors+APC
1422,2-Q1且IF小于10,0,BIOESSAYS,BIOESSAYS,0265-9247,1521-1878,3.3,3.5,Q1,26/106,Q2,Q2,0.59,75.9,4.0,10137.0,BIOCHEMISTRY & MOLECULAR BIOLOGY; BIOLOGY,BIOCHEMISTRY & MOLECULAR BIOLOGY(JIF Q3/JCI Q3) | BIOLOGY(JIF Q1/JCI Q2),WILEY-V C H VERLAG GMBH,Wiley,是,SCIE,混合为主,"订阅路线通常无APC；OnlineOpen常见 USD 3,200-4,700",中,https://authorservices.wiley.com/author-resources/Journal-Authors/open-access/article-publication-charges.html,https://www.google.com/search?q=BIOESSAYS+aims+scope+instructions+for+authors+APC
1423,2-Q1且IF小于10,0,CLINICAL CHILD AND FAMILY PSYCHOLOGY REVIEW,CLIN CHILD FAM PSYCH,1096-4037,1573-2827,7.9,10.1,Q1,6/184,Q1,Q1,1.87,97.0,3.0,5204.0,"PSYCHOLOGY, CLINICAL","PSYCHOLOGY, CLINICAL(JIF Q1/JCI Q1)",SPRINGER/PLENUM PUBLISHERS,Springer,否,SSCI,混合为主,"订阅路线通常无APC；选OA约 USD 2,790-4,290",中,https://www.springer.com/gp/open-access,https://www.google.com/search?q=CLINICAL+CHILD+AND+FAMILY+PSYCHOLOGY+REVIEW+aims+scope+instructions+for+authors+APC
1424,2-Q1且IF小于10,0,Journal of Environmental Science and Health Part C-Toxicology and Carcinogenesis,J ENV SCI HEAL C-TOX,2689-6583,2689-6591,5.0,3.8,Q1,20/106,Q3,Q3,0.62,81.6,3.0,317.0,ONCOLOGY; TOXICOLOGY,ONCOLOGY(JIF Q2/JCI Q3) | TOXICOLOGY(JIF Q1/JCI Q3),TAYLOR & FRANCIS INC,Taylor & Francis,是,SCIE,混合为主,"订阅路线通常无APC；Open Select常见 USD 2,500-3,500",中,https://authorservices.taylorandfrancis.com/publishing-open-access/,https://www.google.com/search?q=Journal+of+Environmental+Science+and+Health+Part+C-Toxicology+and+Carcinogenesis+aims+scope+instructions+for+authors+APC
1425,2-Q1且IF小于10,0,Current Rheumatology Reports,CURR RHEUMATOL REP,1523-3774,1534-6307,4.9,5.7,Q1,11/58,Q1,Q1,1.12,81.9,3.0,4413.0,RHEUMATOLOGY,RHEUMATOLOGY(JIF Q1/JCI Q1),SPRINGER,Springer,是,SCIE,混合为主,"订阅路线通常无APC；选OA约 USD 2,790-4,290",中,https://www.springer.com/gp/open-access,https://www.google.com/search?q=Current+Rheumatology+Reports+aims+scope+instructions+for+authors+APC
1426,2-Q1且IF小于10,0,JBJS Reviews,JBJS REV,2329-9185,2329-9185,2.8,3.3,Q1,67/321,Q2,Q2,0.73,79.3,3.0,2854.0,ORTHOPEDICS; SURGERY,ORTHOPEDICS(JIF Q2/JCI Q2) | SURGERY(JIF Q1/JCI Q2),LIPPINCOTT WILLIAMS & WILKINS,Wolters Kluwer/LWW,否,ESCI,混合为主,"订阅路线通常无APC；OA常见 USD 2,000-4,000；MEDICINE已拉黑",中,https://wkauthorservices.editage.com/open-access/,https://www.google.com/search?q=JBJS+Reviews+aims+scope+instructions+for+authors+APC
1427,2-Q1且IF小于10,0,REVIEWS IN ENDOCRINE & METABOLIC DISORDERS,REV ENDOCR METAB DIS,1389-9155,1573-2606,8.7,9.7,Q1,14/198,Q1,Q1,1.55,93.2,2.0,6555.0,ENDOCRINOLOGY & METABOLISM,ENDOCRINOLOGY & METABOLISM(JIF Q1/JCI Q1),SPRINGER,Springer,是,SCIE,混合为主,"订阅路线通常无APC；选OA约 USD 2,790-4,290",中,https://www.springer.com/gp/open-access,https://www.google.com/search?q=REVIEWS+IN+ENDOCRINE+&+METABOLIC+DISORDERS+aims+scope+instructions+for+authors+APC
1428,2-Q1且IF小于10,0,TRENDS IN PARASITOLOGY,TRENDS PARASITOL,1471-4922,1471-5007,7.6,8.7,Q1,2/47,Q1,Q1,1.07,96.8,2.0,8925.0,PARASITOLOGY,PARASITOLOGY(JIF Q1/JCI Q1),CELL PRESS,其他,是,SCIE,需核实,请查期刊官网 Author / Open Access 页面,未知,,https://www.google.com/search?q=TRENDS+IN+PARASITOLOGY+aims+scope+instructions+for+authors+APC
1429,2-Q1且IF小于10,0,Epilepsy Currents,EPILEPSY CURR,1535-7597,1535-7511,4.6,6.0,Q1,48/296,Q3,Q3,0.51,84.0,2.0,1378.0,CLINICAL NEUROLOGY,CLINICAL NEUROLOGY(JIF Q1/JCI Q3),SAGE PUBLICATIONS INC,SAGE,是,SCIE,混合为主,"订阅路线通常无APC；SAGE Choice常见 USD 2,000-4,000",中,https://us.sagepub.com/en-us/nam/sage-choice,https://www.google.com/search?q=Epilepsy+Currents+aims+scope+instructions+for+authors+APC
1430,2-Q1且IF小于10,0,Expert Opinion on Drug Metabolism & Toxicology,EXPERT OPIN DRUG MET,1742-5255,1744-7607,4.5,4.7,Q1,26/106,Q3,Q3,0.53,75.9,2.0,5723.0,BIOCHEMISTRY & MOLECULAR BIOLOGY; PHARMACOLOGY & PHARMACY; TOXICOLOGY,BIOCHEMISTRY & MOLECULAR BIOLOGY(JIF Q2/JCI Q3) | PHARMACOLOGY & PHARMACY(JIF Q2/JCI Q3) | TOXICOLOGY(JIF Q1/JCI Q3),TAYLOR & FRANCIS LTD,Taylor & Francis,是,SCIE,混合为主,"订阅路线通常无APC；Open Select常见 USD 2,500-3,500",中,https://authorservices.taylorandfrancis.com/publishing-open-access/,https://www.google.com/search?q=Expert+Opinion+on+Drug+Metabolism+&+Toxicology+aims+scope+instructions+for+authors+APC
1431,2-Q1且IF小于10,0,Annual Review of Genomics and Human Genetics,ANNU REV GENOM HUM G,1527-8204,1545-293X,8.3,9.5,Q1,14/192,Q1,Q1,1.0,93.0,1.0,3481.0,GENETICS & HEREDITY,GENETICS & HEREDITY(JIF Q1/JCI Q1),ANNUAL REVIEWS,其他,是,SCIE,需核实,请查期刊官网 Author / Open Access 页面,未知,,https://www.google.com/search?q=Annual+Review+of+Genomics+and+Human+Genetics+aims+scope+instructions+for+authors+APC
1432,2-Q1且IF小于10,0,Annual Review of Virology,ANNU REV VIROL,2327-056X,2327-0578,7.4,10.9,Q1,2/44,Q1,Q1,1.07,96.6,1.0,3117.0,VIROLOGY,VIROLOGY(JIF Q1/JCI Q1),ANNUAL REVIEWS,其他,是,SCIE,需核实,请查期刊官网 Author / Open Access 页面,未知,,https://www.google.com/search?q=Annual+Review+of+Virology+aims+scope+instructions+for+authors+APC
1433,2-Q1且IF小于10,0,PROCEEDINGS OF THE NUTRITION SOCIETY,P NUTR SOC,0029-6651,1475-2719,7.1,9.7,Q1,12/114,Q2,Q2,0.83,89.9,1.0,8428.0,NUTRITION & DIETETICS,NUTRITION & DIETETICS(JIF Q1/JCI Q2),CAMBRIDGE UNIV PRESS,Cambridge UP,是,SCIE,混合为主,订阅路线通常无APC；Gold OA因刊而异,中,https://www.cambridge.org/core/open-research/open-access,https://www.google.com/search?q=PROCEEDINGS+OF+THE+NUTRITION+SOCIETY+aims+scope+instructions+for+authors+APC
1434,2-Q1且IF小于10,0,SURVEY OF OPHTHALMOLOGY,SURV OPHTHALMOL,0039-6257,1879-3304,6.8,7.2,Q1,5/98,Q1,Q1,1.41,95.4,1.0,8732.0,OPHTHALMOLOGY,OPHTHALMOLOGY(JIF Q1/JCI Q1),ELSEVIER SCIENCE INC,Elsevier,是,SCIE,混合为主,"订阅路线通常无APC；Gold OA常见 USD 2,200-4,200",中,https://www.elsevier.com/open-access/agreements,https://www.google.com/search?q=SURVEY+OF+OPHTHALMOLOGY+aims+scope+instructions+for+authors+APC
1435,2-Q1且IF小于10,0,Essays in Biochemistry,ESSAYS BIOCHEM,0071-1365,1744-1358,5.7,7.6,Q1,70/328,Q3,Q3,0.53,78.8,1.0,6166.0,BIOCHEMISTRY & MOLECULAR BIOLOGY,BIOCHEMISTRY & MOLECULAR BIOLOGY(JIF Q1/JCI Q3),PORTLAND PRESS LTD,其他,是,SCIE,需核实,请查期刊官网 Author / Open Access 页面,未知,,https://www.google.com/search?q=Essays+in+Biochemistry+aims+scope+instructions+for+authors+APC
1436,2-Q1且IF小于10,0,REVIEWS ON ENVIRONMENTAL HEALTH,REV ENVIRON HEALTH,0048-7554,2191-0308,5.2,5.5,Q1,46/443,Q3,Q3,0.55,89.7,1.0,3253.0,"PUBLIC, ENVIRONMENTAL & OCCUPATIONAL HEALTH","PUBLIC, ENVIRONMENTAL & OCCUPATIONAL HEALTH(JIF Q1/JCI Q3)",WALTER DE GRUYTER GMBH,De Gruyter,是,SCIE,混合/OA,因刊而异,中,https://www.degruyter.com/publishing/publications/openaccess,https://www.google.com/search?q=REVIEWS+ON+ENVIRONMENTAL+HEALTH+aims+scope+instructions+for+authors+APC
1437,2-Q1且IF小于10,0,Health Psychology Review,HEALTH PSYCHOL REV,1743-7199,1743-7202,9.8,13.8,Q1,3/184,Q1,Q1,1.82,98.6,0.0,5000.0,"PSYCHOLOGY, CLINICAL","PSYCHOLOGY, CLINICAL(JIF Q1/JCI Q1)","ROUTLEDGE JOURNALS, TAYLOR & FRANCIS LTD",Taylor & Francis,否,SSCI,混合为主,"订阅路线通常无APC；Open Select常见 USD 2,500-3,500",中,https://authorservices.taylorandfrancis.com/publishing-open-access/,https://www.google.com/search?q=Health+Psychology+Review+aims+scope+instructions+for+authors+APC
1438,2-Q1且IF小于10,0,Current Pollution Reports,CURR POLLUT REP,2198-6592,2198-6592,9.3,9.8,Q1,15/443,Q1,Q1,1.47,96.7,0.0,3523.0,"PUBLIC, ENVIRONMENTAL & OCCUPATIONAL HEALTH","PUBLIC, ENVIRONMENTAL & OCCUPATIONAL HEALTH(JIF Q1/JCI Q1)",SPRINGER HEIDELBERG,Springer,是,SCIE,混合为主,"订阅路线通常无APC；选OA约 USD 2,790-4,290",中,https://www.springer.com/gp/open-access,https://www.google.com/search?q=Current+Pollution+Reports+aims+scope+instructions+for+authors+APC
1439,2-Q1且IF小于10,0,Annual Review of Genetics,ANNU REV GENET,0066-4197,1545-2948,9.1,12.7,Q1,11/192,Q1,Q1,0.98,94.5,0.0,7895.0,GENETICS & HEREDITY,GENETICS & HEREDITY(JIF Q1/JCI Q1),ANNUAL REVIEWS,其他,是,SCIE,需核实,请查期刊官网 Author / Open Access 页面,未知,,https://www.google.com/search?q=Annual+Review+of+Genetics+aims+scope+instructions+for+authors+APC
1440,2-Q1且IF小于10,0,DRUG DISCOVERY TODAY,DRUG DISCOV TODAY,1359-6446,1878-5832,8.7,8.9,Q1,17/356,Q1,Q1,1.05,95.4,0.0,25524.0,PHARMACOLOGY & PHARMACY,PHARMACOLOGY & PHARMACY(JIF Q1/JCI Q1),ELSEVIER SCI LTD,Elsevier,是,SCIE,混合为主,"订阅路线通常无APC；Gold OA常见 USD 2,200-4,200",中,https://www.elsevier.com/open-access/agreements,https://www.google.com/search?q=DRUG+DISCOVERY+TODAY+aims+scope+instructions+for+authors+APC
1441,2-Q1且IF小于10,0,CRITICAL REVIEWS IN BIOTECHNOLOGY,CRIT REV BIOTECHNOL,0738-8551,1549-7801,8.7,11.3,Q1,14/180,Q2,Q2,0.85,92.5,0.0,9397.0,BIOTECHNOLOGY & APPLIED MICROBIOLOGY,BIOTECHNOLOGY & APPLIED MICROBIOLOGY(JIF Q1/JCI Q2),TAYLOR & FRANCIS LTD,Taylor & Francis,是,SCIE,混合为主,"订阅路线通常无APC；Open Select常见 USD 2,500-3,500",中,https://authorservices.taylorandfrancis.com/publishing-open-access/,https://www.google.com/search?q=CRITICAL+REVIEWS+IN+BIOTECHNOLOGY+aims+scope+instructions+for+authors+APC
1442,2-Q1且IF小于10,0,CRITICAL REVIEWS IN BIOCHEMISTRY AND MOLECULAR BIOLOGY,CRIT REV BIOCHEM MOL,1040-9238,1549-7798,8.7,8.5,Q1,34/328,Q2,Q2,0.66,89.8,0.0,4172.0,BIOCHEMISTRY & MOLECULAR BIOLOGY,BIOCHEMISTRY & MOLECULAR BIOLOGY(JIF Q1/JCI Q2),TAYLOR & FRANCIS LTD,Taylor & Francis,是,SCIE,混合为主,"订阅路线通常无APC；Open Select常见 USD 2,500-3,500",中,https://authorservices.taylorandfrancis.com/publishing-open-access/,https://www.google.com/search?q=CRITICAL+REVIEWS+IN+BIOCHEMISTRY+AND+MOLECULAR+BIOLOGY+aims+scope+instructions+for+authors+APC
1443,2-Q1且IF小于10,0,Wiley Interdisciplinary Reviews-Nanomedicine and Nanobiotechnology,WIRES NANOMED NANOBI,1939-5116,1939-0041,8.6,9.0,Q1,21/191,Q2,Q2,0.71,89.3,0.0,6230.0,"MEDICINE, RESEARCH & EXPERIMENTAL","MEDICINE, RESEARCH & EXPERIMENTAL(JIF Q1/JCI Q2)",WILEY,Wiley,是,SCIE,混合为主,"订阅路线通常无APC；OnlineOpen常见 USD 3,200-4,700",中,https://authorservices.wiley.com/author-resources/Journal-Authors/open-access/article-publication-charges.html,https://www.google.com/search?q=Wiley+Interdisciplinary+Reviews-Nanomedicine+and+Nanobiotechnology+aims+scope+instructions+for+authors+APC
1444,2-Q1且IF小于10,0,Cold Spring Harbor Perspectives in Biology,CSH PERSPECT BIOL,1943-0264,1943-0264,8.5,11.0,Q1,35/207,Q1,Q1,1.16,83.3,0.0,24266.0,CELL BIOLOGY,CELL BIOLOGY(JIF Q1/JCI Q1),"COLD SPRING HARBOR LAB PRESS, PUBLICATIONS DEPT",其他,是,SCIE,需核实,请查期刊官网 Author / Open Access 页面,未知,,https://www.google.com/search?q=Cold+Spring+Harbor+Perspectives+in+Biology+aims+scope+instructions+for+authors+APC
1445,2-Q1且IF小于10,0,Kidney International Supplements,KIDNEY INT SUPPL,2157-1724,2157-1716,8.3,25.4,Q1,9/134,Q1,Q1,8.38,93.7,0.0,2930.0,UROLOGY & NEPHROLOGY,UROLOGY & NEPHROLOGY(JIF Q1/JCI Q1),ELSEVIER SCIENCE INC,Elsevier,是,SCIE,混合为主,"订阅路线通常无APC；Gold OA常见 USD 2,200-4,200",中,https://www.elsevier.com/open-access/agreements,https://www.google.com/search?q=Kidney+International+Supplements+aims+scope+instructions+for+authors+APC
1446,2-Q1且IF小于10,0,Reviews of Environmental Contamination and Toxicology,REV ENVIRON CONTAM T,0179-5953,2197-6554,8.3,8.1,Q1,8/106,Q2,Q2,0.92,92.9,0.0,3300.0,TOXICOLOGY,TOXICOLOGY(JIF Q1/JCI Q2),SPRINGER,Springer,是,SCIE,混合为主,"订阅路线通常无APC；选OA约 USD 2,790-4,290",中,https://www.springer.com/gp/open-access,https://www.google.com/search?q=Reviews+of+Environmental+Contamination+and+Toxicology+aims+scope+instructions+for+authors+APC
1447,2-Q1且IF小于10,0,NEUROPSYCHOLOGY REVIEW,NEUROPSYCHOL REV,1040-7308,1573-6660,8.2,8.8,Q1,5/184,Q2,Q2,0.96,97.6,0.0,5362.0,"NEUROSCIENCES; PSYCHOLOGY, CLINICAL","NEUROSCIENCES(JIF Q1/JCI Q2) | PSYCHOLOGY, CLINICAL(JIF Q1/JCI Q2)",SPRINGER,Springer,是,SCIE; SSCI,混合为主,"订阅路线通常无APC；选OA约 USD 2,790-4,290",中,https://www.springer.com/gp/open-access,https://www.google.com/search?q=NEUROPSYCHOLOGY+REVIEW+aims+scope+instructions+for+authors+APC
1448,2-Q1且IF小于10,0,Current Nutrition Reports,CURR NUTR REP,,2161-3311,8.0,7.5,Q1,8/114,Q2,Q2,0.88,93.4,0.0,3439.0,NUTRITION & DIETETICS,NUTRITION & DIETETICS(JIF Q1/JCI Q2),SPRINGERNATURE,Springer Nature,是,SCIE,混合/全OA,"全OA约 USD 2,090-3,490；Nature系更高；Scientific Reports已拉黑",中高,https://www.springernature.com/gp/open-research/journals-books/journals,https://www.google.com/search?q=Current+Nutrition+Reports+aims+scope+instructions+for+authors+APC
1449,2-Q1且IF小于10,0,CURRENT OPINION IN MICROBIOLOGY,CURR OPIN MICROBIOL,1369-5274,1879-0364,8.0,7.8,Q1,19/167,Q2,Q2,0.75,88.9,0.0,13949.0,MICROBIOLOGY,MICROBIOLOGY(JIF Q1/JCI Q2),CURRENT BIOLOGY LTD,其他,是,SCIE,需核实,请查期刊官网 Author / Open Access 页面,未知,,https://www.google.com/search?q=CURRENT+OPINION+IN+MICROBIOLOGY+aims+scope+instructions+for+authors+APC
1450,2-Q1且IF小于10,0,Current Environmental Health Reports,CURR ENV HLTH REP,,2196-5412,7.9,11.7,Q1,21/443,Q1,Q1,1.84,95.4,0.0,4772.0,"PUBLIC, ENVIRONMENTAL & OCCUPATIONAL HEALTH","PUBLIC, ENVIRONMENTAL & OCCUPATIONAL HEALTH(JIF Q1/JCI Q1)",SPRINGERNATURE,Springer Nature,是,"SCIE, SSCI",混合/全OA,"全OA约 USD 2,090-3,490；Nature系更高；Scientific Reports已拉黑",中高,https://www.springernature.com/gp/open-research/journals-books/journals,https://www.google.com/search?q=Current+Environmental+Health+Reports+aims+scope+instructions+for+authors+APC
1451,2-Q1且IF小于10,0,CURRENT OPINION IN BIOTECHNOLOGY,CURR OPIN BIOTECH,0958-1669,1879-0429,7.8,8.7,Q1,3/85,Q2,Q2,0.87,90.3,0.0,19937.0,BIOTECHNOLOGY & APPLIED MICROBIOLOGY,BIOTECHNOLOGY & APPLIED MICROBIOLOGY(JIF Q1/JCI Q2),ELSEVIER SCI LTD,Elsevier,是,SCIE,混合为主,"订阅路线通常无APC；Gold OA常见 USD 2,200-4,200",中,https://www.elsevier.com/open-access/agreements,https://www.google.com/search?q=CURRENT+OPINION+IN+BIOTECHNOLOGY+aims+scope+instructions+for+authors+APC
1452,2-Q1且IF小于10,0,Current Psychiatry Reports,CURR PSYCHIAT REP,1523-3812,1535-1645,7.5,8.6,Q1,17/293,Q2,Q2,0.96,94.4,0.0,11361.0,PSYCHIATRY,PSYCHIATRY(JIF Q1/JCI Q2),SPRINGER,Springer,是,"SCIE, SSCI",混合为主,"订阅路线通常无APC；选OA约 USD 2,790-4,290",中,https://www.springer.com/gp/open-access,https://www.google.com/search?q=Current+Psychiatry+Reports+aims+scope+instructions+for+authors+APC
1453,2-Q1且IF小于10,0,NUTRITION RESEARCH REVIEWS,NUTR RES REV,0954-4224,1475-2700,7.5,8.3,Q1,10/114,Q2,Q2,0.66,91.7,0.0,4011.0,NUTRITION & DIETETICS,NUTRITION & DIETETICS(JIF Q1/JCI Q2),CAMBRIDGE UNIV PRESS,Cambridge UP,是,SCIE,混合为主,订阅路线通常无APC；Gold OA因刊而异,中,https://www.cambridge.org/core/open-research/open-access,https://www.google.com/search?q=NUTRITION+RESEARCH+REVIEWS+aims+scope+instructions+for+authors+APC
1454,2-Q1且IF小于10,0,Current Neurology and Neuroscience Reports,CURR NEUROL NEUROSCI,1528-4042,1534-6293,7.4,7.2,Q1,21/296,Q2,Q2,0.9,93.1,0.0,6435.0,CLINICAL NEUROLOGY; NEUROSCIENCES,CLINICAL NEUROLOGY(JIF Q1/JCI Q2) | NEUROSCIENCES(JIF Q1/JCI Q2),SPRINGER,Springer,是,SCIE,混合为主,"订阅路线通常无APC；选OA约 USD 2,790-4,290",中,https://www.springer.com/gp/open-access,https://www.google.com/search?q=Current+Neurology+and+Neuroscience+Reports+aims+scope+instructions+for+authors+APC
1455,2-Q1且IF小于10,0,Current Osteoporosis Reports,CURR OSTEOPOROS REP,1544-1873,1544-2241,7.4,6.8,Q1,21/198,Q2,Q2,0.83,89.6,0.0,4739.0,ENDOCRINOLOGY & METABOLISM,ENDOCRINOLOGY & METABOLISM(JIF Q1/JCI Q2),SPRINGER,Springer,是,SCIE,混合为主,"订阅路线通常无APC；选OA约 USD 2,790-4,290",中,https://www.springer.com/gp/open-access,https://www.google.com/search?q=Current+Osteoporosis+Reports+aims+scope+instructions+for+authors+APC
1456,2-Q1且IF小于10,0,BLOOD REVIEWS,BLOOD REV,0268-960X,1532-1681,7.2,7.3,Q1,14/103,Q1,Q1,1.04,86.9,0.0,5759.0,HEMATOLOGY,HEMATOLOGY(JIF Q1/JCI Q1),CHURCHILL LIVINGSTONE,Elsevier,是,SCIE,混合为主,"订阅路线通常无APC；Gold OA常见 USD 2,200-4,200",中,https://www.elsevier.com/open-access/agreements,https://www.google.com/search?q=BLOOD+REVIEWS+aims+scope+instructions+for+authors+APC
1457,2-Q1且IF小于10,0,CURRENT OPINION IN CHEMICAL BIOLOGY,CURR OPIN CHEM BIOL,1367-5931,1879-0402,7.2,7.1,Q1,6/81,Q2,Q1,0.88,86.1,0.0,11193.0,BIOCHEMISTRY & MOLECULAR BIOLOGY,BIOCHEMISTRY & MOLECULAR BIOLOGY(JIF Q1/JCI Q2),ELSEVIER SCI LTD,Elsevier,是,SCIE,混合为主,"订阅路线通常无APC；Gold OA常见 USD 2,200-4,200",中,https://www.elsevier.com/open-access/agreements,https://www.google.com/search?q=CURRENT+OPINION+IN+CHEMICAL+BIOLOGY+aims+scope+instructions+for+authors+APC
1458,2-Q1且IF小于10,0,Current Diabetes Reports,CURR DIABETES REP,1534-4827,1539-0829,7.2,7.1,Q1,23/198,Q2,Q2,0.82,88.6,0.0,7301.0,ENDOCRINOLOGY & METABOLISM,ENDOCRINOLOGY & METABOLISM(JIF Q1/JCI Q2),CURRENT MEDICINE GROUP,其他,是,SCIE,需核实,请查期刊官网 Author / Open Access 页面,未知,,https://www.google.com/search?q=Current+Diabetes+Reports+aims+scope+instructions+for+authors+APC
1459,2-Q1且IF小于10,0,FRONTIERS IN NEUROENDOCRINOLOGY,FRONT NEUROENDOCRIN,0091-3022,1095-6808,7.0,9.1,Q1,39/330,Q1,Q1,0.95,88.3,0.0,6208.0,ENDOCRINOLOGY & METABOLISM; NEUROSCIENCES,ENDOCRINOLOGY & METABOLISM(JIF Q1/JCI Q1) | NEUROSCIENCES(JIF Q1/JCI Q2),ACADEMIC PRESS INC ELSEVIER SCIENCE,Elsevier,是,SCIE,混合为主,"订阅路线通常无APC；Gold OA常见 USD 2,200-4,200",中,https://www.elsevier.com/open-access/agreements,https://www.google.com/search?q=FRONTIERS+IN+NEUROENDOCRINOLOGY+aims+scope+instructions+for+authors+APC
1460,2-Q1且IF小于10,0,CRITICAL REVIEWS IN MICROBIOLOGY,CRIT REV MICROBIOL,1040-841X,1549-7828,7.0,9.0,Q1,20/167,Q3,Q3,0.63,88.3,0.0,6021.0,MICROBIOLOGY,MICROBIOLOGY(JIF Q1/JCI Q3),TAYLOR & FRANCIS LTD,Taylor & Francis,是,SCIE,混合为主,"订阅路线通常无APC；Open Select常见 USD 2,500-3,500",中,https://authorservices.taylorandfrancis.com/publishing-open-access/,https://www.google.com/search?q=CRITICAL+REVIEWS+IN+MICROBIOLOGY+aims+scope+instructions+for+authors+APC
1461,2-Q1且IF小于10,0,FOOD REVIEWS INTERNATIONAL,FOOD REV INT,8755-9129,1525-6103,6.8,9.2,Q1,16/114,Q2,Q2,0.67,86.4,0.0,9464.0,NUTRITION & DIETETICS,NUTRITION & DIETETICS(JIF Q1/JCI Q2),TAYLOR & FRANCIS INC,Taylor & Francis,是,SCIE,混合为主,"订阅路线通常无APC；Open Select常见 USD 2,500-3,500",中,https://authorservices.taylorandfrancis.com/publishing-open-access/,https://www.google.com/search?q=FOOD+REVIEWS+INTERNATIONAL+aims+scope+instructions+for+authors+APC
1462,2-Q1且IF小于10,0,SEMINARS IN NUCLEAR MEDICINE,SEMIN NUCL MED,0001-2998,1558-4623,6.6,6.3,Q1,18/217,Q1,Q1,1.36,91.9,0.0,4102.0,"RADIOLOGY, NUCLEAR MEDICINE & MEDICAL IMAGING","RADIOLOGY, NUCLEAR MEDICINE & MEDICAL IMAGING(JIF Q1/JCI Q1)",W B SAUNDERS CO-ELSEVIER INC,Elsevier,是,SCIE,混合为主,"订阅路线通常无APC；Gold OA常见 USD 2,200-4,200",中,https://www.elsevier.com/open-access/agreements,https://www.google.com/search?q=SEMINARS+IN+NUCLEAR+MEDICINE+aims+scope+instructions+for+authors+APC
1463,2-Q1且IF小于10,0,Current Atherosclerosis Reports,CURR ATHEROSCLER REP,1523-3804,1534-6242,6.6,6.7,Q1,13/100,Q1,Q1,0.97,87.5,0.0,5434.0,PERIPHERAL VASCULAR DISEASE,PERIPHERAL VASCULAR DISEASE(JIF Q1/JCI Q1),CURRENT MEDICINE GROUP,其他,是,SCIE,需核实,请查期刊官网 Author / Open Access 页面,未知,,https://www.google.com/search?q=Current+Atherosclerosis+Reports+aims+scope+instructions+for+authors+APC
1464,2-Q1且IF小于10,0,Annual Review of Vision Science,ANNU REV VIS SCI,2374-4642,2374-4650,6.5,8.3,Q1,7/98,Q2,Q2,1.01,93.4,0.0,2295.0,NEUROSCIENCES; OPHTHALMOLOGY,NEUROSCIENCES(JIF Q1/JCI Q2) | OPHTHALMOLOGY(JIF Q1/JCI Q2),ANNUAL REVIEWS,其他,是,SCIE,需核实,请查期刊官网 Author / Open Access 页面,未知,,https://www.google.com/search?q=Annual+Review+of+Vision+Science+aims+scope+instructions+for+authors+APC
1465,2-Q1且IF小于10,0,EXPERT REVIEWS IN MOLECULAR MEDICINE,EXPERT REV MOL MED,1462-3994,1462-3994,6.5,6.9,Q1,54/328,Q3,Q3,0.57,83.7,0.0,2509.0,"BIOCHEMISTRY & MOLECULAR BIOLOGY; MEDICINE, RESEARCH & EXPERIMENTAL","BIOCHEMISTRY & MOLECULAR BIOLOGY(JIF Q1/JCI Q3) | MEDICINE, RESEARCH & EXPERIMENTAL(JIF Q1/JCI Q3)",CAMBRIDGE UNIV PRESS,Cambridge UP,是,SCIE,混合为主,订阅路线通常无APC；Gold OA因刊而异,中,https://www.cambridge.org/core/open-research/open-access,https://www.google.com/search?q=EXPERT+REVIEWS+IN+MOLECULAR+MEDICINE+aims+scope+instructions+for+authors+APC
1466,2-Q1且IF小于10,0,CURRENT HYPERTENSION REPORTS,CURR HYPERTENS REP,1522-6417,1534-3111,6.3,6.3,Q1,14/100,Q1,Q1,0.94,86.5,0.0,5349.0,PERIPHERAL VASCULAR DISEASE,PERIPHERAL VASCULAR DISEASE(JIF Q1/JCI Q1),SPRINGER,Springer,是,SCIE,混合为主,"订阅路线通常无APC；选OA约 USD 2,790-4,290",中,https://www.springer.com/gp/open-access,https://www.google.com/search?q=CURRENT+HYPERTENSION+REPORTS+aims+scope+instructions+for+authors+APC
1467,2-Q1且IF小于10,0,CURRENT ALLERGY AND ASTHMA REPORTS,CURR ALLERGY ASTHM R,1529-7322,1534-6315,6.3,6.5,Q1,7/40,Q2,Q2,0.77,83.8,0.0,4149.0,ALLERGY; IMMUNOLOGY,ALLERGY(JIF Q1/JCI Q2) | IMMUNOLOGY(JIF Q1/JCI Q2),CURRENT MEDICINE GROUP,其他,是,SCIE,需核实,请查期刊官网 Author / Open Access 页面,未知,,https://www.google.com/search?q=CURRENT+ALLERGY+AND+ASTHMA+REPORTS+aims+scope+instructions+for+authors+APC
1468,2-Q1且IF小于10,0,NUTRITION REVIEWS,NUTR REV,0029-6643,1753-4887,6.3,7.5,Q1,18/114,Q2,Q2,0.64,84.6,0.0,14072.0,NUTRITION & DIETETICS,NUTRITION & DIETETICS(JIF Q1/JCI Q2),OXFORD UNIV PRESS INC,Oxford UP,是,SCIE,混合为主,订阅路线通常无APC；可选OA，费用因刊而异,中,https://academic.oup.com/pages/open-research/open-access,https://www.google.com/search?q=NUTRITION+REVIEWS+aims+scope+instructions+for+authors+APC
1469,2-Q1且IF小于10,0,CRITICAL REVIEWS IN CLINICAL LABORATORY SCIENCES,CRIT REV CL LAB SCI,1040-8363,1549-781X,6.2,8.2,Q1,3/33,Q2,Q2,1.1,92.4,0.0,3605.0,MEDICAL LABORATORY TECHNOLOGY,MEDICAL LABORATORY TECHNOLOGY(JIF Q1/JCI Q2),TAYLOR & FRANCIS LTD,Taylor & Francis,是,SCIE,混合为主,"订阅路线通常无APC；Open Select常见 USD 2,500-3,500",中,https://authorservices.taylorandfrancis.com/publishing-open-access/,https://www.google.com/search?q=CRITICAL+REVIEWS+IN+CLINICAL+LABORATORY+SCIENCES+aims+scope+instructions+for+authors+APC
1470,2-Q1且IF小于10,0,CRITICAL REVIEWS IN ONCOLOGY HEMATOLOGY,CRIT REV ONCOL HEMAT,1040-8428,1879-0461,6.2,6.3,Q1,15/103,Q1,Q1,0.82,85.9,0.0,14331.0,HEMATOLOGY; ONCOLOGY,HEMATOLOGY(JIF Q1/JCI Q1) | ONCOLOGY(JIF Q1/JCI Q2),ELSEVIER SCIENCE INC,Elsevier,是,SCIE,混合为主,"订阅路线通常无APC；Gold OA常见 USD 2,200-4,200",中,https://www.elsevier.com/open-access/agreements,https://www.google.com/search?q=CRITICAL+REVIEWS+IN+ONCOLOGY+HEMATOLOGY+aims+scope+instructions+for+authors+APC
1471,2-Q1且IF小于10,0,CURRENT TREATMENT OPTIONS IN ONCOLOGY,CURR TREAT OPTION ON,1527-2729,1534-6277,5.8,5.1,Q1,67/333,Q2,Q2,0.65,80.0,0.0,4351.0,ONCOLOGY,ONCOLOGY(JIF Q1/JCI Q2),SPRINGER,Springer,是,SCIE,混合为主,"订阅路线通常无APC；选OA约 USD 2,790-4,290",中,https://www.springer.com/gp/open-access,https://www.google.com/search?q=CURRENT+TREATMENT+OPTIONS+IN+ONCOLOGY+aims+scope+instructions+for+authors+APC
1472,2-Q1且IF小于10,0,Clinical Reviews in Bone and Mineral Metabolism,CLIN REV BONE MINER,1534-8644,1559-0119,5.7,1.9,Q1,35/198,Q4,Q4,0.27,82.6,0.0,311.0,ENDOCRINOLOGY & METABOLISM,ENDOCRINOLOGY & METABOLISM(JIF Q1/JCI Q4),SPRINGER,Springer,否,ESCI,混合为主,"订阅路线通常无APC；选OA约 USD 2,790-4,290",中,https://www.springer.com/gp/open-access,https://www.google.com/search?q=Clinical+Reviews+in+Bone+and+Mineral+Metabolism+aims+scope+instructions+for+authors+APC
1473,2-Q1且IF小于10,0,CRITICAL REVIEWS IN TOXICOLOGY,CRIT REV TOXICOL,1040-8444,1547-6898,5.6,6.9,Q1,15/106,Q3,Q3,0.65,86.3,0.0,4711.0,TOXICOLOGY,TOXICOLOGY(JIF Q1/JCI Q3),TAYLOR & FRANCIS LTD,Taylor & Francis,是,SCIE,混合为主,"订阅路线通常无APC；Open Select常见 USD 2,500-3,500",中,https://authorservices.taylorandfrancis.com/publishing-open-access/,https://www.google.com/search?q=CRITICAL+REVIEWS+IN+TOXICOLOGY+aims+scope+instructions+for+authors+APC
1474,2-Q1且IF小于10,0,CURRENT OPINION IN IMMUNOLOGY,CURR OPIN IMMUNOL,0952-7915,1879-0372,5.6,6.8,Q1,42/183,Q3,Q3,0.61,77.3,0.0,9711.0,IMMUNOLOGY,IMMUNOLOGY(JIF Q1/JCI Q3),CURRENT BIOLOGY LTD,其他,是,SCIE,需核实,请查期刊官网 Author / Open Access 页面,未知,,https://www.google.com/search?q=CURRENT+OPINION+IN+IMMUNOLOGY+aims+scope+instructions+for+authors+APC
1475,2-Q1且IF小于10,0,Emerging Themes in Epidemiology,EMERG THEMES EPIDEMI,,1742-7622,5.5,4.2,Q1,42/443,Q2,Q2,0.94,90.6,0.0,599.0,"PUBLIC, ENVIRONMENTAL & OCCUPATIONAL HEALTH","PUBLIC, ENVIRONMENTAL & OCCUPATIONAL HEALTH(JIF Q1/JCI Q2)",BMC,BMC,否,ESCI,全OA,"约 USD 1,990-2,890（旗舰刊更高）",高,https://www.biomedcentral.com/getpublished/article-processing-charges,https://www.google.com/search?q=Emerging+Themes+in+Epidemiology+aims+scope+instructions+for+authors+APC
1476,2-Q1且IF小于10,0,REVIEWS IN MEDICAL VIROLOGY,REV MED VIROL,1052-9276,1099-1654,5.5,6.1,Q1,3/44,Q2,Q2,0.93,94.3,0.0,5073.0,VIROLOGY,VIROLOGY(JIF Q1/JCI Q2),WILEY,Wiley,是,SCIE,混合为主,"订阅路线通常无APC；OnlineOpen常见 USD 3,200-4,700",中,https://authorservices.wiley.com/author-resources/Journal-Authors/open-access/article-publication-charges.html,https://www.google.com/search?q=REVIEWS+IN+MEDICAL+VIROLOGY+aims+scope+instructions+for+authors+APC
1477,2-Q1且IF小于10,0,Annual Review of Cancer Biology,ANNU REV CANCER BIOL,2472-3428,2472-3428,5.5,5.7,Q1,76/333,Q2,Q2,0.69,77.3,0.0,1108.0,ONCOLOGY,ONCOLOGY(JIF Q1/JCI Q2),ANNUAL REVIEWS,其他,是,SCIE,需核实,请查期刊官网 Author / Open Access 页面,未知,,https://www.google.com/search?q=Annual+Review+of+Cancer+Biology+aims+scope+instructions+for+authors+APC
1478,2-Q1且IF小于10,0,CURRENT OPINION IN RHEUMATOLOGY,CURR OPIN RHEUMATOL,1040-8711,1531-6963,5.4,5.1,Q1,7/58,Q2,Q2,0.87,88.8,0.0,5454.0,RHEUMATOLOGY,RHEUMATOLOGY(JIF Q1/JCI Q2),LIPPINCOTT WILLIAMS & WILKINS,Wolters Kluwer/LWW,是,SCIE,混合为主,"订阅路线通常无APC；OA常见 USD 2,000-4,000；MEDICINE已拉黑",中,https://wkauthorservices.editage.com/open-access/,https://www.google.com/search?q=CURRENT+OPINION+IN+RHEUMATOLOGY+aims+scope+instructions+for+authors+APC
1479,2-Q1且IF小于10,0,WIREs Mechanisms of Disease,WIRES MECH DIS,2692-9368,2692-9368,5.4,7.7,Q1,47/191,Q2,Q2,0.78,75.7,0.0,838.0,"MEDICINE, RESEARCH & EXPERIMENTAL","MEDICINE, RESEARCH & EXPERIMENTAL(JIF Q1/JCI Q2)",WILEY,Wiley,是,SCIE,混合为主,"订阅路线通常无APC；OnlineOpen常见 USD 3,200-4,700",中,https://authorservices.wiley.com/author-resources/Journal-Authors/open-access/article-publication-charges.html,https://www.google.com/search?q=WIREs+Mechanisms+of+Disease+aims+scope+instructions+for+authors+APC
1480,2-Q1且IF小于10,0,EXERCISE AND SPORT SCIENCES REVIEWS,EXERC SPORT SCI REV,0091-6331,1538-3008,5.2,6.6,Q1,10/136,Q2,Q2,0.89,93.0,0.0,4182.0,SPORT SCIENCES,SPORT SCIENCES(JIF Q1/JCI Q2),LIPPINCOTT WILLIAMS & WILKINS,Wolters Kluwer/LWW,是,SCIE,混合为主,"订阅路线通常无APC；OA常见 USD 2,000-4,000；MEDICINE已拉黑",中,https://wkauthorservices.editage.com/open-access/,https://www.google.com/search?q=EXERCISE+AND+SPORT+SCIENCES+REVIEWS+aims+scope+instructions+for+authors+APC
1481,2-Q1且IF小于10,0,Current Oncology Reports,CURR ONCOL REP,1523-3790,1534-6269,5.2,5.6,Q1,81/333,Q2,Q2,0.65,75.8,0.0,6344.0,ONCOLOGY,ONCOLOGY(JIF Q1/JCI Q2),SPRINGER,Springer,是,SCIE,混合为主,"订阅路线通常无APC；选OA约 USD 2,790-4,290",中,https://www.springer.com/gp/open-access,https://www.google.com/search?q=Current+Oncology+Reports+aims+scope+instructions+for+authors+APC
1482,2-Q1且IF小于10,0,JOURNAL OF DIGITAL IMAGING,J DIGIT IMAGING,0897-1889,1618-727X,5.1,4.5,Q1,31/217,Q1,Q1,1.19,85.9,0.0,5681.0,"RADIOLOGY, NUCLEAR MEDICINE & MEDICAL IMAGING","RADIOLOGY, NUCLEAR MEDICINE & MEDICAL IMAGING(JIF Q1/JCI Q1)",SPRINGER,Springer,是,SCIE,混合为主,"订阅路线通常无APC；选OA约 USD 2,790-4,290",中,https://www.springer.com/gp/open-access,https://www.google.com/search?q=JOURNAL+OF+DIGITAL+IMAGING+aims+scope+instructions+for+authors+APC
1483,2-Q1且IF小于10,0,Current Reviews in Musculoskeletal Medicine,CURR REV MUSCULOSKE,1935-973X,1935-9748,5.0,5.8,Q1,10/147,Q1,Q1,1.47,93.5,0.0,4359.0,ORTHOPEDICS,ORTHOPEDICS(JIF Q1/JCI Q1),SPRINGER,Springer,是,SCIE,混合为主,"订阅路线通常无APC；选OA约 USD 2,790-4,290",中,https://www.springer.com/gp/open-access,https://www.google.com/search?q=Current+Reviews+in+Musculoskeletal+Medicine+aims+scope+instructions+for+authors+APC
1484,2-Q1且IF小于10,0,REVIEWS IN THE NEUROSCIENCES,REV NEUROSCIENCE,0334-1763,2191-0200,4.8,4.8,Q1,73/330,Q2,Q2,0.9,78.0,0.0,3666.0,NEUROSCIENCES,NEUROSCIENCES(JIF Q1/JCI Q2),WALTER DE GRUYTER GMBH,De Gruyter,是,SCIE,混合/OA,因刊而异,中,https://www.degruyter.com/publishing/publications/openaccess,https://www.google.com/search?q=REVIEWS+IN+THE+NEUROSCIENCES+aims+scope+instructions+for+authors+APC
1485,2-Q1且IF小于10,0,Current Pain and Headache Reports,CURR PAIN HEADACHE R,1531-3433,1534-3081,4.8,4.5,Q1,42/296,Q2,Q2,0.75,86.0,0.0,4942.0,CLINICAL NEUROLOGY,CLINICAL NEUROLOGY(JIF Q1/JCI Q2),SPRINGER,Springer,是,SCIE,混合为主,"订阅路线通常无APC；选OA约 USD 2,790-4,290",中,https://www.springer.com/gp/open-access,https://www.google.com/search?q=Current+Pain+and+Headache+Reports+aims+scope+instructions+for+authors+APC
1486,2-Q1且IF小于10,0,DRUG METABOLISM REVIEWS,DRUG METAB REV,0360-2532,1097-9883,4.7,5.2,Q1,78/356,Q3,Q3,0.56,78.2,0.0,3167.0,PHARMACOLOGY & PHARMACY,PHARMACOLOGY & PHARMACY(JIF Q1/JCI Q3),TAYLOR & FRANCIS LTD,Taylor & Francis,是,SCIE,混合为主,"订阅路线通常无APC；Open Select常见 USD 2,500-3,500",中,https://authorservices.taylorandfrancis.com/publishing-open-access/,https://www.google.com/search?q=DRUG+METABOLISM+REVIEWS+aims+scope+instructions+for+authors+APC
1487,2-Q1且IF小于10,0,EXERCISE IMMUNOLOGY REVIEW,EXERC IMMUNOL REV,1077-5552,1077-5552,4.6,5.2,Q1,12/136,Q4,Q4,0.41,91.5,0.0,817.0,IMMUNOLOGY; SPORT SCIENCES,IMMUNOLOGY(JIF Q2/JCI Q4) | SPORT SCIENCES(JIF Q1/JCI Q4),W W F VERLAGSGESELLSCHAFT GMBH,其他,是,SCIE,需核实,请查期刊官网 Author / Open Access 页面,未知,,https://www.google.com/search?q=EXERCISE+IMMUNOLOGY+REVIEW+aims+scope+instructions+for+authors+APC
1488,2-Q1且IF小于10,0,CURRENT OPINION IN LIPIDOLOGY,CURR OPIN LIPIDOL,0957-9672,1473-6535,4.5,4.6,Q1,22/100,Q2,Q2,0.6,78.5,0.0,4024.0,BIOCHEMISTRY & MOLECULAR BIOLOGY; ENDOCRINOLOGY & METABOLISM; PERIPHERAL VASCULAR DISEASE,BIOCHEMISTRY & MOLECULAR BIOLOGY(JIF Q2/JCI Q3) | ENDOCRINOLOGY & METABOLISM(JIF Q2/JCI Q3) | PERIPHERAL VASCULAR DISEASE(JIF Q1/JCI Q2),LIPPINCOTT WILLIAMS & WILKINS,Wolters Kluwer/LWW,是,SCIE,混合为主,"订阅路线通常无APC；OA常见 USD 2,000-4,000；MEDICINE已拉黑",中,https://wkauthorservices.editage.com/open-access/,https://www.google.com/search?q=CURRENT+OPINION+IN+LIPIDOLOGY+aims+scope+instructions+for+authors+APC
1489,2-Q1且IF小于10,0,CURRENT OPINION IN INFECTIOUS DISEASES,CURR OPIN INFECT DIS,0951-7375,1473-6527,4.5,4.1,Q1,28/141,Q3,Q3,0.56,80.5,0.0,4307.0,INFECTIOUS DISEASES,INFECTIOUS DISEASES(JIF Q1/JCI Q3),LIPPINCOTT WILLIAMS & WILKINS,Wolters Kluwer/LWW,是,SCIE,混合为主,"订阅路线通常无APC；OA常见 USD 2,000-4,000；MEDICINE已拉黑",中,https://wkauthorservices.editage.com/open-access/,https://www.google.com/search?q=CURRENT+OPINION+IN+INFECTIOUS+DISEASES+aims+scope+instructions+for+authors+APC
1490,2-Q1且IF小于10,0,Current HIV/AIDS Reports,CURR HIV-AIDS REP,1548-3568,1548-3576,4.4,5.5,Q1,30/141,Q2,Q2,0.95,79.1,0.0,2911.0,INFECTIOUS DISEASES,INFECTIOUS DISEASES(JIF Q1/JCI Q2),SPRINGER,Springer,是,SCIE,混合为主,"订阅路线通常无APC；选OA约 USD 2,790-4,290",中,https://www.springer.com/gp/open-access,https://www.google.com/search?q=Current+HIV/AIDS+Reports+aims+scope+instructions+for+authors+APC
1491,2-Q1且IF小于10,0,Substance Abuse-Research and Treatment,SUBST ABUS-RES TREAT,1178-2218,1178-2218,4.3,3.5,Q1,4/61,Q2,Q2,0.78,94.3,0.0,1011.0,SUBSTANCE ABUSE,SUBSTANCE ABUSE(JIF Q1/JCI Q2),SAGE PUBLICATIONS LTD,SAGE,否,ESCI,混合为主,"订阅路线通常无APC；SAGE Choice常见 USD 2,000-4,000",中,https://us.sagepub.com/en-us/nam/sage-choice,https://www.google.com/search?q=Substance+Abuse-Research+and+Treatment+aims+scope+instructions+for+authors+APC
1492,2-Q1且IF小于10,0,Current Addiction Reports,CURR ADDICT REP,,2196-2952,4.2,6.1,Q1,5/61,Q1,Q1,1.03,92.6,0.0,3176.0,SUBSTANCE ABUSE,SUBSTANCE ABUSE(JIF Q1/JCI Q1),SPRINGERNATURE,Springer Nature,否,SSCI,混合/全OA,"全OA约 USD 2,090-3,490；Nature系更高；Scientific Reports已拉黑",中高,https://www.springernature.com/gp/open-research/journals-books/journals,https://www.google.com/search?q=Current+Addiction+Reports+aims+scope+instructions+for+authors+APC
1493,2-Q1且IF小于10,0,Current Epidemiology Reports,CURR EPIDEMIOL REP,,2196-2995,3.8,6.0,Q1,87/443,Q1,Q1,1.12,80.5,0.0,2164.0,"PUBLIC, ENVIRONMENTAL & OCCUPATIONAL HEALTH","PUBLIC, ENVIRONMENTAL & OCCUPATIONAL HEALTH(JIF Q1/JCI Q1)",SPRINGER HEIDELBERG,Springer,是,SCIE,混合为主,"订阅路线通常无APC；选OA约 USD 2,790-4,290",中,https://www.springer.com/gp/open-access,https://www.google.com/search?q=Current+Epidemiology+Reports+aims+scope+instructions+for+authors+APC
1494,2-Q1且IF小于10,0,Health Services Research and Managerial Epidemiology,HEALTH SERV RES MANA,2333-3928,2333-3928,3.3,2.5,Q1,28/125,Q3,Q3,0.72,78.0,0.0,457.0,HEALTH POLICY & SERVICES,HEALTH POLICY & SERVICES(JIF Q1/JCI Q3),SAGE PUBLICATIONS INC,SAGE,否,ESCI,混合为主,"订阅路线通常无APC；SAGE Choice常见 USD 2,000-4,000",中,https://us.sagepub.com/en-us/nam/sage-choice,https://www.google.com/search?q=Health+Services+Research+and+Managerial+Epidemiology+aims+scope+instructions+for+authors+APC
1495,2-Q1且IF小于10,0,SEMINARS IN PERINATOLOGY,SEMIN PERINATOL,0146-0005,1558-075X,3.2,3.6,Q1,29/190,Q2,Q2,0.74,85.0,0.0,4401.0,OBSTETRICS & GYNECOLOGY; PEDIATRICS,OBSTETRICS & GYNECOLOGY(JIF Q1/JCI Q2) | PEDIATRICS(JIF Q1/JCI Q2),W B SAUNDERS CO-ELSEVIER INC,Elsevier,是,SCIE,混合为主,"订阅路线通常无APC；Gold OA常见 USD 2,200-4,200",中,https://www.elsevier.com/open-access/agreements,https://www.google.com/search?q=SEMINARS+IN+PERINATOLOGY+aims+scope+instructions+for+authors+APC
1496,2-Q1且IF小于10,0,Current Developmental Disorders Reports,CURR DEV DISORD REP,,2196-2987,2.9,3.2,Q1,26/175,Q3,Q3,0.63,85.4,0.0,955.0,NEUROSCIENCES; REHABILITATION,NEUROSCIENCES(JIF Q3/JCI Q3) | REHABILITATION(JIF Q1/JCI Q3),SPRINGERNATURE,Springer Nature,否,ESCI,混合/全OA,"全OA约 USD 2,090-3,490；Nature系更高；Scientific Reports已拉黑",中高,https://www.springernature.com/gp/open-research/journals-books/journals,https://www.google.com/search?q=Current+Developmental+Disorders+Reports+aims+scope+instructions+for+authors+APC
1497,2-Q1且IF小于10,0,CURRENT OPINION IN PEDIATRICS,CURR OPIN PEDIATR,1040-8703,1531-698X,2.8,2.9,Q1,36/190,Q2,Q2,0.69,81.3,0.0,4325.0,PEDIATRICS,PEDIATRICS(JIF Q1/JCI Q2),LIPPINCOTT WILLIAMS & WILKINS,Wolters Kluwer/LWW,是,SCIE,混合为主,"订阅路线通常无APC；OA常见 USD 2,000-4,000；MEDICINE已拉黑",中,https://wkauthorservices.editage.com/open-access/,https://www.google.com/search?q=CURRENT+OPINION+IN+PEDIATRICS+aims+scope+instructions+for+authors+APC
1498,2-Q1且IF小于10,0,Korean Journal of Women Health Nursing,KOREAN J WOMEN HEALT,2287-1640,2093-7695,2.6,2.1,Q1,44/194,Q3,Q3,0.61,77.6,0.0,421.0,NURSING,NURSING(JIF Q1/JCI Q3),KOREAN SOC WOMEN HEALTH NURSING,其他,否,ESCI,需核实,请查期刊官网 Author / Open Access 页面,未知,,https://www.google.com/search?q=Korean+Journal+of+Women+Health+Nursing+aims+scope+instructions+for+authors+APC
1499,2-Q1且IF小于10,0,Research in Autism Spectrum Disorders,RES AUTISM SPECT DIS,1750-9467,1878-0237,2.4,3.2,Q1,8/62,Q1,Q1,1.09,76.9,0.0,6129.0,PSYCHIATRY; REHABILITATION,PSYCHIATRY(JIF Q3/JCI Q1) | REHABILITATION(JIF Q1/JCI Q1),ELSEVIER SCI LTD,Elsevier,否,SSCI,混合为主,"订阅路线通常无APC；Gold OA常见 USD 2,200-4,200",中,https://www.elsevier.com/open-access/agreements,https://www.google.com/search?q=Research+in+Autism+Spectrum+Disorders+aims+scope+instructions+for+authors+APC
